epoch,year,xfg_price,oracle_price,oracle_stale,redemption_price,heat_price,peg_deviation,swap_volume,total_fees,cd_pool,swf_balance,yem_reserve,treasury,heat_supply,pool_xfg,pool_heat,cd_locked,cd_apy_mean,cd_apy_min,bonds_outstanding,bond_migrations_remaining,xfg_burned,heat_burned_lifetime,lag_complete,organic_rate,rolling_avg_rate,payout_queue_len,solvent
0,0,3.561740006912659,3.5357741312747915,0,0.4468611232896671,1.5815884753925082,0.0010053641724735258,4683.381545191979,46.83381545191979,0.0,39.808743134131824,0.0,30237.64503692151,89242.69962089977,4959.437374394014,11168.661622786069,80851.48358192497,0.017971459026147742,0.01797145902614762,0.0,50000,176.9065466200133,0.0,0,0.0,0.0,0,1
1,0,4.030794414591396,4.039497161425636,0,0.39113779187367465,1.633176474077771,0.03365599625175375,3708.7895859370265,37.08789585937026,0.0,71.33345461459655,0.0,30571.30939608802,90295.40823258013,4737.911660653099,11693.499240106334,80947.53730309298,0.03216492039385709,0.032164920393857224,0.0,50000,457.60238977525137,0.0,0,0.0,0.0,0,1
2,0,3.852826603491332,3.826725863832435,0,0.4128855988700593,1.5661980878056043,0.008735387464807436,2758.6622197524143,27.586622197524143,0.0,94.78208348249207,0.0,30543.17603779583,90193.27027666534,4745.801690940887,11674.609458481658,81305.72275270613,0.04254984680024655,0.04254984680024648,0.0,50000,457.60238977525137,102.13795591477952,1,0.0,0.0,0,1
3,0,3.8317038863933344,3.79415462422969,0,0.4164300500327607,1.6178673813869113,0.02396669708032358,5333.401619046588,53.33401619046588,0.0,96.96154037055527,0.1066680323809318,30571.43071709422,90348.9217763957,4837.015098121415,11455.827444970702,81716.95083456783,3.8548887049587437,3.854888704958763,0.0,50000,484.26939787048434,110.1380583433494,1,0.0005221341779963192,0.0005221341779963192,0,1
4,0,3.9528463183853204,3.909534461943683,0,0.40414018993312045,1.633591642242716,0.033918760913111294,7648.894935884143,76.48894935884142,0.0,105.99350721260822,1.0752550907303429,30764.37336871748,91119.11665769112,4785.781475454003,11580.28616005511,82018.95891842405,4.676082108152957,4.676082108152934,0.0,50000,726.4161624578371,110.1380583433494,1,0.0007460611582248172,0.0006340976681105682,0,1
5,0,3.7489876728428952,3.729803404381438,0,0.42361482059455413,1.5943578285259028,0.009087233244242232,4934.345502747064,49.34345502747064,0.0,99.44513872080444,1.0752550907303429,30748.19529416697,91134.17232514443,4854.972886448933,11416.0279315164,82297.44944892805,4.29721897274248,4.297218972742459,0.0,50000,726.4161624578371,209.9077272883081,1,0.0004796596284125873,0.0005826183215445745,0,1
6,0,3.416133354345159,3.373142028828193,0,0.4684060103300428,1.5287999622797486,0.032405087164716136,3479.187933043069,34.79187933043069,0.0,85.49904266007087,1.0752550907303429,30715.117647612045,91058.15407665262,4980.618979272238,11129.290319319767,82568.80940869899,3.8406462085824145,3.840646208582399,0.0,50000,726.4161624578371,383.73334175741877,1,0.0003370946446202744,0.0005209384770858929,0,1
7,0,3.1587982007882163,3.13146494321687,0,0.5045561833360038,1.514485048820083,0.04146515897463109,4530.677229016364,45.30677229016364,0.0,88.4814758787592,1.0752550907303429,30688.41955443803,90933.02634894072,5155.482774355359,10752.915470849908,82753.037426133,3.092249916971311,3.0922499169713067,0.0,50000,726.4161624578371,582.2458482393771,1,0.00043799501455743295,0.0004182497625300982,0,1
8,0,3.3805936972984236,3.3586732618069037,0,0.4704238480018117,1.6199852693715469,0.025307132513637202,2034.494339035303,20.34494339035303,0.0,78.43834238569565,1.1646647507396,30723.85046097834,91065.83360777123,5154.231423045186,10755.876977772523,83074.99629771386,2.3972501139647933,2.3972501139648053,0.0,50000,748.7685774601514,582.2458482393771,1,0.00019591881357363745,0.0003236694909171149,0,1
9,0,3.3344467668470616,3.25518626824855,0,0.48537929009208974,1.6235011871204015,0.02753239691164646,4396.742189714662,43.96742189714662,0.0,83.8909439931245,1.2525995945338932,30717.453345686376,91096.24170688084,5195.537605779935,10670.915247283052,83398.04153860119,2.60552144128608,2.605521441286069,0.0,50000,770.7522884087247,656.1353443592911,1,0.0004217597544114615,0.00035189119418084394,0,1
10,0,3.567266020506964,3.5957469664026642,0,0.43940800472417507,1.6404941073465935,0.03828740971303382,4278.218582300581,42.78218582300581,0.0,89.17933321030463,2.0272010502592512,31044.46086929599,91879.74296067991,5049.654995774521,10980.510445627535,83238.51522825744,2.5426531725517183,2.5426531725517285,0.0,50000,964.4026523400642,656.1353443592911,1,0.0004111768279930328,0.00034295179865937727,0,1
11,0,3.744751374132059,3.7818586652881936,0,0.41778398925957677,1.6544419284210565,0.0471151445702889,2662.543528064656,26.625435280646563,0.0,81.11939708053389,2.7532020937941946,31284.70429648039,92687.63139533802,4949.992469922859,11204.074791176,83339.67137742815,2.6842628111946785,2.684262811194661,0.0,50000,1145.9029132238,656.1353443592911,1,0.0002555847398059968,0.00036284044073683035,0,1
12,0,2.683402059111979,2.6814904765997047,0,0.5892245427638205,1.273596996722494,0.1939259514414595,2253.0051887958716,22.530051887958717,0.0,75.31924438007452,2.7532020937941946,31262.51350299833,92514.04753243066,5130.849401651919,10810.43052458311,83379.67137742815,2.181434164408504,2.181434164408495,0.0,50000,1145.9029132238,882.3874262374896,1,0.00021616829633183576,0.00029430995471028845,0,1
13,0,2.49347180011677,2.480643165534876,0,0.6369315917548829,1.280817523904932,0.1893559975285241,2765.6693981042226,27.656693981042228,0.0,77.45141826663837,2.7532020937941946,31225.161318808536,92255.18865251204,5338.09700569146,10392.108244583467,83419.67137742815,1.8272127077228864,1.8272127077228961,0.0,50000,1145.9029132238,1181.9253682579501,1,0.00026522946949441596,0.0002456608352107495,0,1
14,0,2.3820940077966974,2.3529963413114072,0,0.671484257013086,1.2889510523039214,0.1842081947443536,2063.121417819587,20.63121417819587,0.0,75.7014451964792,2.7532020937941946,31181.81727776136,92051.45823337165,5479.057439706621,10125.776205520035,83459.67137742815,1.685723884158278,1.6857238841582745,0.0,50000,1145.9029132238,1421.317533005807,1,0.0001977598410125121,0.0002263858689462546,0,1
15,0,2.2047809256183384,2.2185155008810176,0,0.7121879470179722,1.286116412718289,0.18600227043146275,1745.7223908949368,17.45722390894937,0.0,72.67581533866105,2.7532020937941946,31146.15884559393,91890.32019593372,5689.170305389271,9752.90731684646,83108.65055633111,1.5674286193031643,1.567428619303164,0.0,50000,1145.9029132238,1613.0844740085117,1,0.00016804242438870406,0.00021034391163187737,0,1
16,0,1.9829272967796012,1.977882707194507,0,0.7988340229947828,1.2177765267453498,0.22925536281939893,1683.926600692261,16.83926600692261,0.0,71.99247670331754,2.7532020937941946,31129.56117755555,91740.15652373257,5837.687578356146,9505.611082955465,83148.65055633111,1.3159605520739155,1.3159605520739064,0.0,50000,1145.9029132238,1787.6570118643303,1,0.00016201601247168223,0.0001759394259576328,0,1
17,0,2.0331791856839097,2.0400168757074604,0,0.774503396915317,1.3622425100981277,0.13782119614042554,3666.2490909418393,36.662490909418395,0.0,79.84469834262644,2.7532020937941946,31111.953502141092,91506.1518632918,6097.937792587152,9101.316471610031,83188.65055633111,1.6961003097935334,1.6961003097935357,0.0,50000,1145.9029132238,2050.4693981542487,1,0.00035257204596285575,0.00022754349427441401,0,1
18,0,2.030677341177686,2.01776952531277,0,0.7830428501268437,1.4296462882787007,0.09516057703879709,3064.456542684662,30.644565426846622,0.0,82.36167129066239,2.7532020937941946,31094.230671116726,91374.57651278429,6251.121023732184,8879.12620340241,83342.25152978915,2.004015274061551,2.0040152740615644,0.0,50000,1145.9029132238,2214.5571847036567,1,0.0002941563479685287,0.0002695814688010222,0,1
19,0,2.126905447780057,2.105621837473355,0,0.7503721569946882,1.5553701837911518,0.015588491271422974,2905.8362600667156,29.058362600667156,0.0,80.88541749376516,2.7532020937941946,31085.46941788062,91360.60838319777,6371.170525883606,8712.31648996116,83533.79503278843,2.286222932936227,2.286222932936241,0.0,50000,1145.9029132238,2264.3595819403004,1,0.00027829084110699156,0.000308339745012792,0,1
20,0,2.0564419975128967,2.0577315388954585,0,0.767835828014818,1.5513181580689108,0.018153064513347625,2055.3914342508097,20.553914342508097,0.0,76.48489254829651,2.7532020937941946,31055.7219570389,91319.51052716094,6471.155475221447,8578.224797063052,83749.608964028,1.9040416130359583,1.9040416130359668,0.0,50000,1145.9029132238,2334.461358342213,1,0.00019633681491061178,0.000256261334662044,0,1
21,0,2.0470115144675614,2.0619728134469644,0,0.7662564655053533,1.5630594532586004,0.010721865026202319,2323.2310989010634,23.232310989010635,0.0,76.38023304190295,2.799666715772216,31058.44679633428,91344.27385614064,6510.718593153792,8526.557259136376,83867.47932574485,1.7274190927003827,1.7274190927003756,0.0,50000,1157.5190687183053,2350.0996561698125,1,0.0002216097221548806,0.00023207912605749465,0,1
22,0,2.029594274420542,2.0248051687336575,0,0.7803219906773327,1.5729545490321328,0.0044591461821944555,2734.7505566112204,27.347505566112204,0.0,79.24803750696977,2.799666715772216,31028.752192836157,91303.41863440022,6559.395213389904,8463.633597645483,83952.48132339997,1.6855842039264064,1.6855842039264217,0.0,50000,1157.5190687183053,2415.956379508232,1,0.00026059985491806703,0.0002261821306611865,0,1
23,0,2.1185795148604845,2.1115078734310315,0,0.7482804207746696,1.5914525582071546,0.0072484545614902,1998.54444192705,19.9854444192705,0.0,77.048498741169,2.9872537670034,31200.271487233993,91563.87450878613,6458.128940024434,8597.21491922882,83717.61222631135,1.671685984456647,1.671685984456658,0.0,50000,1204.4158315261013,2415.956379508232,1,0.00019097959330463885,0.00022439639012586214,0,1
24,0,2.037872017460769,2.055411712768399,0,0.7687024405791311,1.5679023119370508,0.007656764596803359,4297.7030410915695,42.977030410915695,0.0,85.12192055592153,2.9872537670034,31191.841196919286,91538.54125224781,6536.083092198009,8495.236428941209,84043.76479460268,2.131268547290719,2.1312685472907367,0.0,50000,1204.4158315261013,2473.166876332914,1,0.00040909191077718776,0.00028689045299996457,0,1
25,0,1.79643692883137,1.8250748123002012,0,0.8657179362465008,1.434045564347639,0.09237622509643101,1589.9561644521984,15.899561644521985,0.0,77.20018613312274,2.9872537670034,31162.97549484644,91465.55080010963,6657.887383582085,8340.372901127628,83824.48145692743,1.8630271081903778,1.8630271081903687,0.0,50000,1204.4158315261013,2573.016697867394,1,0.00015174146137907792,0.0002506043218203015,0,1
26,0,1.6230860370310265,1.6035068852341088,0,0.9853403278460655,1.3929849710954103,0.11836394234467706,2179.5523025415737,21.795523025415736,0.0,73.95116878804617,2.9872537670034,31131.347612920017,91340.33701525169,6903.779972338331,8044.185047470475,83295.44961961544,1.9064748645255054,1.9064748645254976,0.0,50000,1204.4158315261013,2723.6065684275172,1,0.0002093321844105449,0.0002567218521889369,0,1
27,0,1.6398894338779573,1.6118010046538136,0,0.9802698940117339,1.4494210933261062,0.08264487764170494,2184.6271170257037,21.846271170257037,0.0,75.80689838488051,2.9872537670034,31102.956038031938,91243.66975977179,7006.281653831397,7926.976713527138,83116.84277032867,1.4235605673859102,1.423560567385916,0.0,50000,1204.4158315261013,2838.5953067638184,1,0.00021027046208310301,0.00019044803595757529,0,1
28,0,1.5486121150665568,1.5439245089728466,0,1.0233660977706442,1.433818191048379,0.09252013224786147,2008.242771999908,20.08242771999908,0.0,75.48736201576102,2.9872537670034,31057.953088291863,91128.21778758251,7171.143441297499,7745.2773869143075,83294.73756386983,1.5234547787824115,1.523454778782416,0.0,50000,1204.4158315261013,2972.8182929222853,1,0.00019288063863194253,0.0002041610950418635,0,1
29,0,1.6899484995599392,1.7190034537399903,0,0.9191371876318433,1.5502243278404026,0.01884536212632748,2618.237453363808,26.182374533638082,0.0,78.23534151044845,2.9872537670034,31062.943623016006,91125.29491410714,7138.11162555563,7781.480921605689,83208.37557719383,1.6278583184783992,1.6278583184784159,0.0,50000,1204.4158315261013,2995.952566203832,1,0.000251728260305702,0.00021829312034024918,0,1
30,0,1.5878156652002107,1.6125766156746602,0,0.9797984074939404,1.4830102481344778,0.06138591890222929,2013.0837153123662,20.13083715312366,0.0,77.35343279961413,2.9872537670034,31035.97724832468,91056.85165582957,7202.955820138275,7711.993967234873,82513.10980865662,1.5910302009329969,1.5910302009329909,0.0,50000,1204.4158315261013,3083.6508369859716,1,0.00019517710288516305,0.00021326200060760252,0,1
31,0,1.5054462933136454,1.5285410875132461,0,1.033665377337335,1.452574723002303,0.08064890949221337,2049.5205352795656,20.495205352795658,0.0,76.69856852583084,2.9872537670034,31011.049252399065,90975.47251024074,7321.377865429096,7587.865185122961,82020.78630476967,1.6080308182717886,1.6080308182717735,0.0,50000,1204.4158315261013,3183.75372935786,1,0.00019990254935270058,0.0002156026375145219,0,1
32,0,1.6790490133455205,1.685002647061005,0,0.9376839868802869,1.5793279447474937,0.00042535142563693285,2098.852313122898,20.98852313122898,0.0,77.78927420103156,3.029230813265858,31072.240096600006,91053.56029090933,7228.904662881605,7685.34824078022,81525.38181627782,1.4973526639894776,1.4973526639894792,0.0,50000,1214.910093091716,3186.9020078275444,1,0.00020595817070593144,0.00020034594098126504,0,1
33,0,1.5409683292340086,1.5443682463245665,0,1.0230720579500605,1.5048737471138887,0.04754826132032368,3204.7003866677383,32.047003866677386,0.0,82.83272991432425,3.029230813265858,31042.419243275395,90955.02239410355,7366.120765543791,7542.798079098201,81010.06723741195,1.7950030664775665,1.7950030664775716,0.0,50000,1214.910093091716,3305.813602091361,1,0.00031647428483434206,0.00024077833496432467,0,1
34,0,1.5383043479696066,1.5438333004754745,0,1.0234265574614738,1.5563715971246723,0.014954685364131486,1702.8574899431712,17.028574899431714,0.0,78.36268245522369,3.029230813265858,30987.43552476983,90894.61125359619,7497.780135263623,7410.741627195258,80306.81407040468,1.7196475967766331,1.7196475967766311,0.0,50000,1214.910093091716,3384.940276584112,1,0.00016963516828848746,0.00023068920794292033,0,1
35,0,1.6299259313994714,1.6211338675330942,0,0.9746264831320265,1.6089168630110207,0.01830181203229151,1648.0109106323305,16.480109106323305,0.0,74.50221429175846,3.1429631722512097,31075.331196193136,91007.91363434665,7406.128027876706,7502.836474290832,80709.79664304089,1.6140483154367866,1.6140483154367995,0.0,50000,1243.343182838054,3384.940276584112,1,0.00016335175943223528,0.00021648707085168825,0,1
36,0,1.6298570150797176,1.6393823449508085,0,0.9637776110413155,1.5849581770274965,0.0031380867262635805,3003.2082938954036,30.032082938954037,0.0,80.08437692739487,3.302260579063118,31211.49134695955,91164.10232538765,7351.15656041368,7559.400785836425,79608.17910706418,1.5813640157917535,1.5813640157917526,0.0,50000,1283.167534541031,3384.940276584112,1,0.00030179896865686846,0.0002115952987925304,0,1
37,0,1.5832308750442647,1.564771510595235,0,1.0097320850371134,1.5673383985659735,0.00801367179368773,1638.7047837264624,16.387047837264625,0.0,76.93101648547099,3.302260579063118,31163.919213145087,91114.99329631942,7417.190239151728,7492.398963393143,79380.41772584898,1.5691043535196507,1.5691043535196503,0.0,50000,1283.167534541031,3451.292814566313,1,0.00016514952484991463,0.0002101000843130061,0,1
38,0,1.5092134502667798,1.564771510595235,1,1.0097320850371134,1.5174539013355433,0.03958613839522583,1671.4820216759751,16.71482021675975,0.0,74.04558745034429,3.302260579063118,31167.695528732347,91106.84413144948,7475.110844128044,7434.517660315075,78682.5991156803,1.5841274957311584,1.5841274957311615,0.0,50000,1283.167534541031,3476.430028160945,1,0.00016994680302500305,0.00021229843217726206,0,1
39,0,1.7555592037348908,1.7596259743820637,0,0.8979180933918961,1.6927118553929723,0.0713366173373242,1620.8703777801302,16.2087037778013,0.0,74.4228723960542,3.666411826003967,31381.426888408423,91356.51540180553,7320.403297770723,7592.19671293028,77919.49437351146,1.2552059999884513,1.2552059999884595,0.0,50000,1374.2053462762433,3476.430028160945,1,0.00016641487636050585,0.00016717040141180786,0,1
40,0,1.7320950730173774,1.7693123038172804,0,0.8930023244574515,1.569285306103583,0.006781451833175382,2062.978742499845,20.62978742499845,0.0,76.64312836173607,3.9514359952136626,31726.793965376324,91743.15592614202,7096.596988913328,7832.852720839393,77095.61781443916,1.3756686132152838,1.3756686132152889,0.0,50000,1445.4613885786673,3476.430028160945,1,0.0002140696242907308,0.00018347710122541326,0,1
41,0,1.7612970932979781,1.75808880148479,0,0.8987031819243798,1.6049749837092266,0.01580695171470036,3170.7541318845183,31.707541318845184,0.0,82.42246129738261,4.133654057144591,31810.247053098286,91864.51253161753,7117.40490285357,7810.629258687495,75138.03881967056,1.7873591022546047,1.7873591022546,0.0,50000,1491.0159040613994,3476.430028160945,1,0.0003375924292614823,0.00023935897663757299,0,1
42,0,1.778540609151006,1.7866804201135515,0,0.884321550856635,1.5815430569021596,0.0009766182925060132,2462.0087116393925,24.620087116393925,0.0,82.6201406209037,4.3304790235118675,32019.223265658413,92113.92636587628,7031.260804901748,7907.07709187786,74751.04048356482,2.023876378886037,2.0238763788860443,0.0,50000,1540.2221456532186,3476.430028160945,1,0.00026348890350824785,0.00027171698568682033,0,1
43,0,1.9907969485422783,1.9904573173853004,0,0.793787430757629,1.671312668578677,0.057792828214352485,2318.3350206596147,23.183350206596145,0.0,80.85827706289977,4.957540689528561,32393.04317457229,92605.99411279193,6832.368575482029,8138.4284144468975,74199.21644891996,2.110637845875014,2.1106378458750292,0.0,50000,1696.987562157392,3476.430028160945,1,0.0002499578978444439,0.000283679743538058,0,1
44,0,2.0842331813282557,2.083177435522877,0,0.7584567560388443,1.6506527269375595,0.044716915783265455,2341.115474713781,23.41115474713781,0.0,81.57506433417345,5.4309370274513045,32633.21649386662,92973.74219245427,6636.412071550467,8379.61251253311,73208.60967998543,1.9125770331622687,1.9125770331622554,0.0,50000,1815.3366466380778,3476.430028160945,1,0.0002558295244176802,0.0002564254419234573,0,1
45,0,2.2524588249452213,2.2488485482460225,0,0.702581772895428,1.6774818325587704,0.06169736237896854,2150.050587606354,21.50050587606354,0.0,81.4317627183244,5.936447180708953,32933.85419861588,93404.12067861752,6435.804615613681,8641.75374105242,72789.54984997383,1.8465874854495818,1.8465874854495783,0.0,50000,1941.7141849524899,3476.430028160945,1,0.00023630321572674234,0.0002473635459962888,0,1
46,0,2.3341279510041133,2.2648619111585013,0,0.6976142749435055,1.6382325973758494,0.03685607428851221,4415.471256763188,44.154712567631876,0.0,90.38658692968997,6.722856295933298,33307.87955379562,93951.24007491616,6248.159529894862,8902.279092981815,72455.05492608831,2.4293710431683246,2.42937104316834,0.0,50000,2138.316463758576,3476.430028160945,1,0.0004875266479355984,0.00032655312936000696,0,1
47,0,2.4872709447980617,2.480188028446879,0,0.6370484745019165,1.7042374123003938,0.07863127360784415,2336.4835616709433,23.364835616709435,0.0,86.20253391820162,7.235873334267372,33536.14643703651,94329.11542877098,6173.803073568522,9010.4353377998,71933.06265315611,2.4373636650369366,2.43736366503692,0.0,50000,2266.5707233420944,3476.430028160945,1,0.0002598508641776485,0.0003278935759466631,0,1
48,0,2.6413115110136616,2.665434008565706,0,0.5927740078810702,1.6421795752167576,0.03935416152959338,4552.639370745149,45.52639370745149,0.0,92.18041914653648,8.714228921412417,34113.872721156135,95412.57177910442,5881.627877004759,9460.11730354213,70924.29000596592,3.115625581436261,3.1156255814362868,0.0,50000,2636.1596201283555,3476.430028160945,1,0.0005135210371918784,0.00042029951643504177,0,1
49,0,2.611349161214455,2.6121825670471406,0,0.6048581825527077,1.6125735755725839,0.020616187071255555,6698.654195537974,66.98654195537975,0.0,105.75325168154801,9.163314616574484,34266.867562517036,95733.05308568027,5862.023787253116,9492.77052020848,70636.12429155,3.7826053287588794,3.782605328758895,0.0,50000,2748.431043918872,3476.430028160945,1,0.0007586661089036354,0.0005106793367577208,0,1
50,0,2.7570530433034866,2.733557270228666,0,0.5780014259104331,1.6284577994263159,0.0306694933077948,4755.978847961415,47.559788479614156,0.0,103.72562635187688,9.79930358670857,34473.77223899616,96221.56270943146,5733.371422463393,9706.858313590079,68928.96024054891,4.493747568556516,4.49374756855653,0.0,50000,2907.4282864523934,3476.430028160945,1,0.0005519861412519738,0.0006080577624491626,0,1
51,0,2.5424212991604054,2.5178022637744673,0,0.6275314081382242,1.5936917241189312,0.008665648176538707,5225.657359214965,52.25657359214966,0.0,104.09544823080856,9.79930358670857,34450.74742626874,96200.90041485228,5906.756770521232,9423.067206197285,67710.15066235783,4.7477441200492905,4.747744120049316,0.0,50000,2907.4282864523934,3567.678223117207,1,0.0006174149439156478,0.000642689064690419,0,1
52,0,2.8091995534022423,2.846733950022494,0,0.5550220103945841,1.7379953792948326,0.09999707550305856,5230.659614742562,52.306596147425616,0.0,107.7382913743688,11.149876571708376,34902.109124443356,97023.67701143143,5868.671556963773,9485.795942435789,65804.90343339561,4.452656233700514,4.452656233700533,0.0,50000,3245.0715327023445,3567.678223117207,1,0.0006358990703526245,0.0006017667185067488,0,1
53,0,2.4654110673271554,2.4860204268179324,0,0.6355539089525405,1.5704580887477047,0.006039184336895835,2920.3385929034785,29.203385929034784,0.0,97.04334296462771,11.149876571708376,34892.70003672009,97032.44046459216,5955.152031455783,9348.799456134699,65069.72136794065,3.977832789860712,3.9778327898607095,0.0,50000,3245.0715327023445,3614.8393217140097,1,0.0003590411677210355,0.0005374517273297693,0,1
54,0,2.132750880734844,2.101212617358395,0,0.7519467506274289,1.4319263313278803,0.09371751181779733,2278.650000054819,22.78650000054819,0.0,88.50336933684079,11.149876571708376,34863.60520352205,96930.31485448754,6114.133168658012,9106.55989424615,64349.147229996874,3.1605507507257697,3.1605507507257804,0.0,50000,3245.0715327023445,3758.5979599783604,1,0.0002832858054091021,0.00042607534782758736,0,1
55,0,2.2534977779740584,2.2445792332139973,0,0.7039181226574965,1.5474557488907164,0.02059762728435678,3532.528219661846,35.32528219661846,0.0,93.24888404834795,11.149876571708376,34845.06920465341,96877.70734971405,6183.617391287986,9004.954139139854,62694.16619430895,2.7141415544274152,2.71414155442741,0.0,50000,3245.0715327023445,3845.154883739398,1,0.00045076324437759387,0.00036436340583591043,0,1
56,0,2.3955846672302505,2.405573283866164,0,0.6568080925228237,1.6077768071314484,0.017580257678131875,2400.145253146029,24.00145253146029,0.0,91.73004620021185,11.425213709136873,35044.05116317709,97206.26892858594,6113.520056157827,9109.134330321838,61497.69029393559,2.6003787825596896,2.600378782559698,0.0,50000,3313.905817059469,3845.154883739398,1,0.00031222574268064334,0.0003487582641557797,0,1
57,0,2.294852190022135,2.2701381187601877,0,0.6959928944160018,1.598522734584145,0.011723249736800629,3259.8932969168186,32.59893296916819,0.0,94.36588582057887,11.490411575075209,35047.3950228319,97237.50699704305,6228.503751808913,8941.690453416175,59933.2739712344,2.972908158285811,2.9729081582858217,0.0,50000,3330.205283544053,3871.2298140678504,1,0.0004351363549378516,0.00039937511399869627,0,1
58,0,2.1801483712128684,2.183597539283582,0,0.7235765618779655,1.5512397985182433,0.018202659165668815,2738.43498966689,27.3843498966689,0.0,95.24163043916802,11.490411575075209,35021.620620800415,97190.23118271417,6295.250356747613,8847.490777860628,58685.54486965791,2.786187705955617,2.7861877059555997,0.0,50000,3330.205283544053,3950.0060891701382,1,0.00037330282893329516,0.0003735549755172634,0,1
59,0,2.2351795261381513,2.199060402768996,0,0.7184886772598459,1.6034695364383302,0.014854136986284912,2714.7624759793675,27.147624759793676,0.0,94.83752301736793,11.544706824594796,35012.481918531426,97204.67815955616,6321.180714719358,8811.501181334379,58472.772427389136,2.930196301027843,2.9301963010278333,0.0,50000,3343.77909592395,3986.259858520436,1,0.00037142243998784645,0.00039328720795299773,0,1
60,0,2.213167120689195,2.201346422285414,0,0.7177425524691662,1.5844742059770525,0.002831775934843286,1858.8190015303935,18.588190015303937,0.0,91.06693981874467,11.581883204625404,34995.966667915105,97203.72132664062,6314.954083646772,8820.622446151334,56939.89435367178,2.5060360276587192,2.5060360276587215,0.0,50000,3353.073190931602,4026.856830234955,1,0.00026116226910920183,0.00033529584601011444,0,1
61,0,2.051224756867106,2.055430039542547,0,0.7686955866187701,1.5074631992552223,0.04590936755998592,2445.960206211226,24.459602062112257,0.0,92.83147552730962,11.581883204625404,34966.16207388831,97126.33450859522,6398.337766956216,8706.301312604277,55396.90727472037,2.4599733630153997,2.4599733630154006,0.0,50000,3353.073190931602,4129.6393676449015,1,0.00035322696901924803,0.0003286038927054321,0,1
62,0,1.8941786345893845,1.919388933028957,0,0.8231786548371034,1.4769329593156133,0.06523230423062454,2800.378161177446,28.00378161177446,0.0,96.3058645180081,11.581883204625404,34930.30559456782,97008.99261528892,6590.886020490557,8452.865381792342,53746.99621979389,2.5746870287828965,2.574687028782891,0.0,50000,3353.073190931602,4271.276637669561,1,0.0004168237643980001,0.00034373766750881666,0,1
63,0,1.9126160559899663,1.937723973078634,0,0.8153896127371093,1.5550785563663543,0.015773065590915056,3169.863856959988,31.69863856959988,0.0,99.6771873809777,11.581883204625404,34910.58731673403,96968.32409984157,6730.537952011932,8277.996567933618,52356.94655246619,3.121855651293354,3.1218556512933695,0.0,50000,3353.073190931602,4339.48161959914,1,0.00048434663450566364,0.00041813245597430393,0,1
64,0,1.7229186901181317,1.7352533010266744,0,0.9105298915525372,1.442648696416987,0.08693120479937542,1236.7006847630514,12.367006847630515,0.0,91.00804218348162,11.581883204625404,34863.082639220025,96886.50539803291,6830.443026242648,8157.424590566414,51205.92572295992,2.727868735345053,2.727868735345045,0.0,50000,3353.073190931602,4444.203416557476,1,0.000193212120246237,0.00036479417304996687,0,1
65,0,1.5927550640740258,1.5677420676311609,0,1.0078188450906092,1.4108627462967893,0.10704889474886756,3794.0987962940626,37.940987962940625,0.0,98.0913814890709,11.581883204625404,34851.42532414269,96694.2930176519,7025.755489974441,7931.535271573954,49265.91914821036,3.2205794895924855,3.2205794895924713,0.0,50000,3353.073190931602,4660.9257619984555,1,0.0006161011688230138,0.00043121997452497145,0,1
66,0,1.5271147786670192,1.5259408931519556,0,1.035426737097517,1.4094222409255694,0.1079606070091333,1810.98418957103,18.1098418957103,0.0,95.6598364973346,11.581883204625404,34824.296338650835,96601.29189406968,7171.767380490761,7770.639371149152,46337.93327683144,2.8054778527185147,2.805477852718518,0.0,50000,3353.073190931602,4773.2302864459425,1,0.00031265687725032937,0.00037399005543986005,0,1
67,0,1.4920237501748155,1.483256319034378,0,1.0652238454838363,1.4211523318021648,0.1005364988593894,1609.8651889841474,16.098651889841474,0.0,90.93235374240312,11.581883204625404,34784.08153538498,96508.10688271961,7285.961508459234,7649.304983157853,44046.043755521845,3.0468304184615387,3.0468304184615365,0.0,50000,3353.073190931602,4885.735622484783,1,0.0002923967833151555,0.00040705160979616627,0,1
68,0,1.5509809817342997,1.527355751553009,0,1.034467574691399,1.5081063099170036,0.04550233549556741,2030.817030502021,20.30817030502021,0.0,92.97478863999939,11.581883204625404,34751.534378867684,96441.47296533847,7361.745413823857,7571.035976793223,42936.23166937191,2.4720779925389103,2.4720779925389023,0.0,50000,3353.073190931602,4967.302221487782,1,0.00037838756715125174,0.00032781374257224554,0,1
69,0,1.5405076470792562,1.534551419705313,0,1.0296168507037808,1.5206942468803217,0.03753528678460654,1506.4987957799158,15.064987957799158,0.0,91.907586970691,11.581883204625404,34710.31265590347,96382.88818157147,7417.664053796216,7514.3101394512505,41979.83054304342,2.410738078048597,2.4107380780485896,0.0,50000,3353.073190931602,5039.924286053827,1,0.0002870900194292588,0.0003192914566318887,0,1
70,0,1.6176358041310814,1.5983036021387482,0,0.9885481068088344,1.5928110634002994,0.008108267974873013,2525.2978725795033,25.252978725795032,0.0,95.59303538814356,11.632389162076993,34722.12308179402,96407.63721212046,7408.47183765748,7523.936500609112,40411.90200716038,2.9221201771522876,2.9221201771522862,0.0,50000,3365.6996802944996,5043.7122328626965,1,0.0004999117086114004,0.0003884630983973037,0,1
71,0,1.7031688253371466,1.7278439915454382,0,0.9144344094322996,1.5806918200548148,0.0004378607941865303,3167.8923261111195,31.678923261111194,0.0,100.85149618430512,12.022754147599644,34983.3611569208,96738.23509269429,7193.088955779543,7750.432254995669,39207.09222049598,3.581812089925778,3.5818120899257884,0.0,50000,3463.290926675162,5043.7122328626965,1,0.0006463916902167136,0.0004777978060857909,0,1
72,0,1.8204821924371248,1.8245022011248657,0,0.865989637626021,1.5911773783294612,0.007074290081937396,1988.4472790909056,19.884472790909054,0.0,97.23192788194454,12.347136942292163,35288.15797643713,97126.20578221319,6981.051259534762,7987.09161879648,38496.65502076362,3.8870285947762095,3.8870285947762033,0.0,50000,3544.386625348292,5043.7122328626965,1,0.000413219751797846,0.0005198410502086534,0,1
73,1,1.86812160374124,1.8694027673152376,0,0.8451897192113038,2.006651189543107,0.2700323984450045,2815.983812286102,28.15983812286102,0.0,101.5064175992832,24.989277538712763,33596.07894523176,97248.25332637838,8676.069661629032,8077.115372574303,37108.56366328748,4.155457841114828,4.15545784111482,0.0,50000,3581.2620821143464,5043.7122328626965,1,0.0006070800988876931,0.0005555638469674176,0,1
74,1,1.6309861844911042,1.6508970514265389,0,0.9570554376087372,1.6654872397014537,0.054105847912312446,1792.8254778958728,17.928254778958728,0.0,99.57900051495653,25.377180302688984,33867.67182415589,97555.39095247703,8459.791602534195,8284.54454558322,34911.94734288227,3.5865056337512415,3.5865056337512358,0.0,50000,3678.2377731084016,5043.7122328626965,1,0.00041082222318633007,0.000477040691290623,0,1
75,1,1.628853128919141,1.6243553475187082,0,0.9726935688139523,1.5983397517840594,0.011607437838012236,1487.733295579951,14.87733295579951,0.0,96.3465915094504,25.5450786966707,34088.8652796449,97800.31138456616,8293.263300222485,8451.587255112401,33625.7378920068,3.44275872967842,3.442758729678426,0.0,50000,3720.2123716038304,5043.7122328626965,1,0.00035395108362718815,0.0004572844685670704,0,1
76,1,1.6120969844579687,1.6310396225781527,0,0.9687073067559969,1.5562803289550964,0.015012450028420056,2660.7545278270422,26.607545278270422,0.0,100.95417720622997,25.59829378722724,34242.82168092113,97967.43424413432,8226.155145065324,8521.189695912326,32324.448995615607,3.577322538389226,3.577322538389215,0.0,50000,3733.5161442429658,5047.703364654437,1,0.0006585119587190338,0.000474428421844184,0,1
77,1,1.8595025852109734,1.8773530616607526,0,0.8416104739522428,1.7002308539238475,0.07609547716699207,2008.5303780811778,20.085303780811778,0.0,101.70430762910483,26.19045449228685,34615.58971957801,98418.66003241023,8006.337918833796,8756.3438951749,30983.36670064813,3.8454207738338897,3.8454207738338795,0.0,50000,3881.5563205078683,5047.703364654437,1,0.0005186086838107653,0.000510357242052329,0,1
78,1,1.8528091085600376,1.856882830218453,0,0.8508883674766495,1.6264469019145114,0.029396773363614737,1459.4151769313191,14.594151769313191,0.0,98.05676444850582,26.435528653620683,34843.107904865305,98720.87624336906,7845.235411880449,8937.10308822235,29687.598405145443,3.9418482322776063,3.941848232277604,0.0,50000,3942.824860841326,5047.703364654437,1,0.00039327268093962734,0.0005234644411564755,0,1
79,1,1.9749231368651594,2.0086832295257584,0,0.7865849511637688,1.6571075814278677,0.04880226672649852,2464.8953994001126,24.648953994001126,0.0,101.78020310473015,26.948902547854228,35183.54780402682,99141.63643207015,7670.488467498775,9141.606323753407,27957.62081675574,4.068077058581594,4.0680770585816,0.0,50000,4071.1683343997124,5047.703364654437,1,0.0007053233651192053,0.000539068243289866,0,1
80,1,2.20291069437786,2.1856055558724083,0,0.722911778730964,1.7010431493387337,0.0766095881890719,1479.4107484914766,14.794107484914766,0.0,99.87287713588948,27.455817665022376,35549.07065975612,99683.08876001928,7358.962010822153,9530.11457673044,27374.818511159618,3.858447493609905,3.858447493609913,0.0,50000,4197.89711369175,5047.703364654437,1,0.0004323420804819963,0.000510312708846943,0,1
81,1,2.1652385138203396,2.1738140157703527,0,0.7268331092437466,1.5953880856497773,0.009739294715048879,5204.232263017632,52.04232263017632,0.0,112.76297700816116,28.097690779113414,35781.56668697741,100108.26606694527,7188.967497415867,9756.766670140783,26625.29016994926,6.727896882152925,6.727896882152938,0.0,50000,4358.3653922145095,5047.703364654437,1,0.001563695938650512,0.0009004537947505712,0,1
82,1,2.0854695316302028,2.0576303394244384,0,0.767873592125376,1.5562896316996861,0.015006562215388557,1379.8320634102986,13.798320634102986,0.0,102.42938138500874,28.097690779113414,35759.194434995596,100091.7140457253,7234.949330780849,9695.024682361525,26776.07043114704,5.9998150147282985,5.999815014728313,0.0,50000,4358.3653922145095,5093.820743029699,1,0.00041225827126753316,0.000802765430133347,0,1
83,1,2.0028885732486,1.9740687516537347,0,0.8003773924674042,1.535005995910836,0.02847721777795196,2429.30244497096,24.293024449709602,0.0,98.78627392545789,28.097690779113414,35731.997217088065,100043.90270911236,7332.195577683564,9567.109691094243,26259.441851480842,6.746357899579039,6.746357899579045,0.0,50000,4358.3653922145095,5173.338672273712,1,0.0007400926367622594,0.0009053489488934349,0,1
84,1,2.1719760252541125,2.1884046376615394,0,0.7219871374831021,1.571323887446272,0.005491210477043052,2312.2424133744935,23.122424133744936,0.0,101.06423215316175,28.25257297404138,35891.357171204305,100303.57407227166,7124.174276061305,9847.451471309929,25936.1600478331,4.681760394729165,4.6817603947291575,0.0,50000,4397.085940946502,5173.338672273712,1,0.0007132104086680868,0.0006218537722326265,0,1
85,1,2.2623954896476928,2.2579696883181035,0,0.6997436715711168,1.5985308579288102,0.01172839109418364,2544.7510051210124,25.447510051210124,0.0,102.90258491645112,28.418630239721747,36007.98985125441,100502.32986020883,7040.789615595178,9964.80649145544,25012.732738540242,5.667036132300457,5.667036132300457,0.0,50000,4438.600257366594,5173.338672273712,1,0.0008139057916530638,0.0007557362790278034,0,1
86,1,2.3302912410922265,2.308916758291102,0,0.6843035784319073,1.6107304439131305,0.019449648046285063,2301.0756330000113,23.010756330000113,0.0,103.39049182964588,28.62143496004491,36117.95254421377,100714.46653542653,6964.122597954853,10075.201566614123,24388.652277468456,5.707401743636079,5.707401743636089,0.0,50000,4489.301437447384,5173.338672273712,1,0.0007548020634582973,0.000760639421259816,0,1
87,1,2.3687602609757965,2.338383938835821,0,0.6756803165465689,1.6255801694265688,0.028848208497828307,3036.6149019083637,30.366149019083636,0.0,106.75885724641189,28.896686972798094,36210.430537270484,100911.86545914058,6939.30057998414,10111.798705462277,24071.987967182537,6.434732312691724,6.434732312691731,0.0,50000,4558.114440635681,5173.338672273712,1,0.0010091779394533417,0.000859295264854901,0,1
88,1,2.1932732658738354,2.1844452829449366,0,0.7232957549158384,1.552739104648869,0.017253731234893085,2555.1668779356396,25.551668779356397,0.0,107.27704687609807,28.896686972798094,36166.45978839627,100839.00902015998,7048.417634079211,9956.02282267214,23549.192618945475,6.570824108877107,6.570824108877113,0.0,50000,4558.114440635681,5276.141776930569,1,0.000868027000086616,0.000877335667666085,0,1
89,1,2.1256802057691937,2.1000746038727063,0,0.7523542245053357,1.56469234253568,0.009688390800202567,3038.922450163272,30.38922450163272,0.0,109.63561510305723,28.896686972798094,36137.11729664557,100793.92163597785,7187.319712088404,9764.183558131444,22797.33856986042,7.338337446405595,7.338337446405588,0.0,50000,4558.114440635681,5352.362830212402,1,0.0010664130607529521,0.0009812060000976366,0,1
90,1,2.0404238605396237,2.081017442029147,0,0.7592439967535218,1.5443248039885165,0.02257923798195165,3493.213475162282,34.93213475162282,0.0,113.4048522871303,28.896686972798094,36085.12590224751,100688.03329794452,7288.2671712916035,9629.550856065638,22801.187245565943,7.871029722952481,7.8710297229525,0.0,50000,4558.114440635681,5490.732303799028,1,0.0012256251176891127,0.0010533550595095604,0,1
91,1,2.179662743449429,2.208113476609526,0,0.7155429359663299,1.5791780857370574,0.0005201989005966119,2637.4612461359047,26.37461246135905,0.0,111.20637773639957,29.069658408385084,36236.13723032673,100948.0017937031,7131.071194943249,9842.670908929556,22264.088877700626,8.065677312943297,8.06567731294328,0.0,50000,4601.357299532428,5490.732303799028,1,0.0009477005811911023,0.0010799129198777225,0,1
92,1,2.1245883739405143,2.1141620278772115,0,0.7473410169921777,1.573830185299623,0.003904946012896854,2468.479953968447,24.68479953968447,0.0,109.30577954826792,29.069658408385084,36167.04056825014,100851.66915987956,7210.89459449021,9734.330275440592,21724.11825685768,7.684046107205329,7.684046107205335,0.0,50000,4601.357299532428,5617.960726778887,1,0.0009090283618537084,0.0010274513535779746,0,1
93,1,2.187918255955487,2.1141620278772115,1,0.7473410169921777,1.6250062863877301,0.028484991384639287,3258.4471192645906,32.58447119264591,0.0,112.98961727546758,29.134827350770376,36154.1224175058,100853.46061974418,7220.535295191133,9721.772230947661,21649.933435010615,7.638383737907476,7.638383737907479,0.0,50000,4617.649535128751,5667.370648491018,1,0.001204048826864393,0.0010202592566364013,0,1
94,1,2.0452292095174793,2.0364411510282587,0,0.7758633237214893,1.560014205352908,0.012649237118412688,2070.6647164039055,20.706647164039055,0.0,109.88914935636635,29.134827350770376,36090.89151553302,100765.64099431428,7317.536811702742,9593.528044591249,20741.155261088577,7.278630474137616,7.278630474137617,0.0,50000,4617.649535128751,5782.325456102936,1,0.0007986690000006215,0.0009705820629062411,0,1
95,1,2.1456925044184345,2.165243786708933,0,0.7297099798639878,1.5861392582011697,0.0038856064564365017,2937.4473847983922,29.37447384798392,0.0,112.35866897128483,29.30840297092292,36233.64128903888,100991.65091871137,7203.983075555626,9745.381691584416,20135.043443223913,7.916899031394522,7.916899031394522,0.0,50000,4661.043440166887,5782.325456102936,1,0.0011670985038920044,0.001056605443585673,0,1
96,1,2.2627989276653,2.2609648770042114,0,0.6988166937354229,1.6125566133362652,0.020605451478648822,2530.6951828247074,25.306951828247076,0.0,113.81460554324337,29.643037065138834,36432.693986402744,101332.54014544107,7073.598639302248,9925.934558435318,19246.333912380163,7.558879693162062,7.5588796931620585,0.0,50000,4744.701963720866,5782.325456102936,1,0.001051917812232009,0.0010058951053748785,0,1
97,1,2.226527042445311,2.233074073027958,0,0.7075448231135405,1.571803441438152,0.005187695292308846,1890.7623433764948,18.907623433764947,0.0,110.05275525030821,29.680852312006365,36511.929455052836,101469.95061710199,7040.468931572101,9973.126444677113,19221.351270490686,7.523482327618227,7.523482327618218,0.0,50000,4754.155775437748,5785.161599618001,1,0.0007869425273047319,0.001001986281142915,0,1
98,1,2.2740882475599635,2.2645253923516155,0,0.6977179436081464,1.603812262157892,0.015071051998665826,2294.631136664021,22.946311366640213,0.0,110.92833745161741,29.815464583945417,36615.2982666731,101637.08514026513,7037.230407545287,9978.276973414771,19501.91455782188,6.972658673556174,6.97265867355618,0.0,50000,4787.808843422511,5785.161599618001,1,0.0009412947143668761,0.0009267183513012057,0,1
99,1,2.3196838967621063,2.3498470854895976,0,0.6723841775733259,1.5841432933158484,0.002622337541676129,3429.403111964315,34.29403111964315,0.0,116.54213508679975,29.982536470390695,36720.82962057916,101839.30941358334,6925.199205861915,10140.669185350456,19491.145658759335,7.848715469422435,7.848715469422437,0.0,50000,4829.576815033831,5785.161599618001,1,0.0014075737453321587,0.0010452703290012555,0,1
100,1,2.3586929271784167,2.36409154951255,0,0.6683328318337668,1.5928000047997557,0.008101268860604827,3369.069790068846,33.69069790068846,0.0,119.30231108211603,30.155921418279302,36818.704470141456,102037.79367737735,6886.767049686923,10198.247540352098,19904.69534252032,9.229278155674745,9.229278155674752,0.0,50000,4872.923052005983,5785.161599618001,1,0.001354080424580769,0.0012343162947599346,0,1
101,1,2.264327108616752,2.2593582138698074,0,0.6993136326504822,1.5771730009764278,0.0017892398883369034,3434.790880441665,34.347908804416655,0.0,120.75604052235806,30.155921418279302,36794.57285152473,102010.79520961476,6994.402836119502,10041.774707407629,19529.004419430243,10.369546806346952,10.369546806346937,0.0,50000,4872.923052005983,5852.027532411742,1,0.0014070521186524984,0.001389568762855142,0,1
102,1,1.9711343831854702,1.985295363145168,0,0.7958513525649472,1.410912389906002,0.10701747474303669,1254.5907252378524,12.545907252378525,0.0,109.3969400461987,30.155921418279302,36753.47964904337,101927.99983195575,7090.599743518784,9906.019007166771,19633.932175665763,8.166030273221057,8.166030273221066,0.0,50000,4872.923052005983,5965.593882618706,1,0.000511192852868378,0.0010907751320338819,0,1
103,1,1.7335472424090403,1.7470035406761808,0,0.9044057228346877,1.320969211327017,0.16394353713479937,2546.873853347369,25.46873853347369,0.0,111.08964215216939,30.155921418279302,36711.71857995304,101722.1412834502,7316.385153682224,9601.510163001372,19285.128151879962,7.44883183568989,7.448831835689897,0.0,50000,4872.923052005983,6197.266071329368,1,0.0010565131155113817,0.0009915860290107528,0,1
104,1,1.8500775432032823,1.8857932459773148,0,0.8378437049609662,1.4527499819108978,0.08053798613234323,2038.503896924742,20.38503896924742,0.0,112.19014845327436,30.155921418279302,36679.55955261591,101628.91832652397,7427.301650449091,9458.670907720807,19473.139601314575,6.062864086512658,6.06286408651265,0.0,50000,4872.923052005983,6311.067870526511,1,0.000837462859573863,0.0008017229426512075,0,1
105,1,2.4358034916579125,2.4754882805745404,0,0.6382579196187086,1.7347352193457715,0.09793368313023505,2218.348019451163,22.18348019451163,0.0,112.57599426272499,31.122192131125527,37057.28955223072,102373.851904828,7073.999084820436,9932.854004825504,18988.65854065516,7.09925972021786,7.099259720217871,0.0,50000,5114.490730217539,6311.067870526511,1,0.0009345991512572111,0.0009428583754474855,0,1
106,1,2.5685107506405807,2.5751038021140777,0,0.6135674991830895,1.8187398461203779,0.15110116843061885,2372.8543271748017,23.728543271748016,0.0,114.50016273729321,31.954889160991947,37327.37210665996,102827.01050804411,7053.948820451201,9961.921392136343,18380.01501043553,7.052538726128787,7.052538726128795,0.0,50000,5322.664987684144,6311.067870526511,1,0.001032797557924769,0.0009349531895852812,0,1
107,1,3.509424176933178,3.5325386774633327,0,0.4472704035995372,2.204277616139449,0.39511241527813223,3929.8975609452386,39.298975609452384,0.0,121.53043319575063,34.31282769755909,37970.68350307218,104496.97395549313,6644.363420275142,10578.472265341394,18199.0626218543,9.234696581743046,9.234696581743053,0.0,50000,5912.14962182593,6311.067870526511,1,0.0017275164738324625,0.0012316377276714808,0,1
108,1,3.4199379265084606,3.396888767091693,0,0.46513150954682136,1.9816792509493621,0.2542273740185836,6825.957901040779,68.25957901040779,0.0,136.79348155393143,38.40840243818356,39109.73740291387,107043.48609448063,6382.51514331112,11014.802518958224,17422.230819708846,14.630309237204278,14.630309237204262,0.0,50000,6936.0433069820465,6311.067870526511,1,0.003134366877205615,0.001964893636320949,0,1
109,1,3.269504511155563,3.3325194187657523,0,0.47411576691882457,1.7246008260492187,0.09151951015773331,4606.227999693256,46.06227999693256,0.0,134.92338091081297,40.46722112676673,39580.004870986486,108477.62139318278,6090.391651114094,11546.186617362446,17304.57868198677,17.296916916725326,17.296916916725312,0.0,50000,7450.747979127839,6311.067870526511,1,0.002129484032795605,0.0023304557946112275,0,1
110,1,3.1223371506079234,3.174489857059246,0,0.4977177660487678,1.5921095780934966,0.007664289932592755,2958.2044250564186,29.582044250564188,0.0,121.40099272912298,40.80648649338511,39849.53557574176,109067.90505266005,5988.533659515645,11744.30540463319,17152.785342981064,16.424298343882576,16.424298343882562,0.0,50000,7535.564320782434,6311.067870526511,1,0.0013796963541046908,0.00221451575470197,0,1
111,1,3.1052701737350317,3.0949337852903445,0,0.510511729688516,1.5879118803199297,0.005007519189828873,4896.799805909723,48.967998059097226,0.0,126.83697650369349,40.904422489503304,39871.00902625564,109167.0575231135,5997.156491939185,11727.849266980786,17540.60203823438,14.237437108910148,14.23743710891014,0.0,50000,7560.048319811983,6324.529685086298,1,0.0022333554094601097,0.001914178598786802,0,1
112,1,3.0216359026238604,3.0661844419194537,0,0.5152984205382337,1.5507430464410634,0.018517059214516865,3511.1107369424267,35.11110736942427,0.0,125.23243353721426,40.904422489503304,39850.32676501156,109127.45375375601,6008.24171226897,11707.109640826078,17804.665702983737,12.887349030928247,12.887349030928247,0.0,50000,7560.048319811983,6425.549701093515,1,0.0015776137763054002,0.0017302218466234002,0,1
113,1,3.3284637151061487,3.287923005200123,0,0.4805465327202306,1.6327709583549737,0.03339934073099594,3961.234328869782,39.61234328869782,0.0,124.90803888992724,41.432710794363,40005.14487919351,109605.56443402225,5874.3724949722155,11975.124617743073,17944.67118547957,13.824635488510692,13.824635488510681,0.0,50000,7692.120396026906,6425.549701093515,1,0.0017659768910450143,0.0018589820256035082,0,1
114,1,2.9874577875493116,2.998774393792452,0,0.5268819165825361,1.5514368931864653,0.01807791570476886,3511.5117155759176,35.11511715575918,0.0,124.61841908900396,41.432710794363,39983.338846280385,109561.72187523401,6044.484724251509,11639.302275518143,18070.500702770383,12.170601905511369,12.17060190551135,0.0,50000,7692.120396026906,6527.541010494819,1,0.0015545830293623548,0.001632724565570923,0,1
115,1,2.737384433716205,2.7239245418455202,0,0.5800454365485156,1.4866603507800258,0.059075727354414104,3089.5147916194323,30.895147916194325,0.0,122.04462696491584,41.432710794363,39959.620408328665,109473.13944387739,6181.5255191252545,11382.029340995527,18037.75237128796,11.66125046727939,11.661250467279395,0.0,50000,7692.120396026906,6669.305448284397,1,0.0013702437989057859,0.0015636012397710517,0,1
116,1,2.7367342980370015,2.7709109772746023,0,0.5702095855688759,1.5222310395649612,0.036562633186733466,2409.0742665431976,24.090742665431975,0.0,117.99226331206029,41.432710794363,39926.40860205302,109402.25285426766,6255.934366094842,11247.19553140441,17938.550294502867,9.971454386755571,9.971454386755576,0.0,50000,7692.120396026906,6784.333024917781,1,0.0010743674274643878,0.0013330647519108427,0,1
117,1,2.70570053995675,2.713476307080241,0,0.5822789002717014,1.5469264602163375,0.02093262011624213,3850.9833863226418,38.50983386322642,0.0,123.12768954901502,41.432710794363,39885.86316256952,109299.20888719926,6342.735248843132,11093.961237948915,17903.58101320812,10.386770591802103,10.3867705918021,0.0,50000,7692.120396026906,6931.950389579552,1,0.0017207656427981116,0.0013884589563894283,0,1
118,1,2.9489438348085657,2.9433166170027683,0,0.5368093907644031,1.5957544226461442,0.009971153573508942,3304.16917512157,33.0416917512157,0.0,125.09801576421175,41.71121795324299,40062.1787173342,109676.78728181736,6170.988747248805,11403.94722559873,17674.93740363373,10.698943454516902,10.69894345451691,0.0,50000,7761.7471857469045,6931.950389579552,1,0.0014955274124783164,0.0014302201609136054,0,1
119,1,2.9949125334058566,2.987875572916194,0,0.528803814429898,1.6056785294711609,0.016252233842506823,2333.3698048922097,23.3336980489221,0.0,118.7564301999595,41.75788534934084,40100.689879787715,109794.33176790421,6142.58464770576,11457.152481810523,18022.225205280083,10.587212010016739,10.58721201001673,0.0,50000,7773.414034771366,6935.450444286891,1,0.0010357743412100246,0.0014173557988288175,0,1
120,1,3.0508170847179836,3.079572374772783,0,0.5130582456652203,1.5776355487532259,0.001496488130869748,3923.1148643141582,39.23114864314158,0.0,123.68761334146416,42.02751407246369,40277.19658535115,110197.51140723003,6033.0227151286135,11666.603726286257,18216.294995497283,10.599732455566246,10.599732455566237,0.0,50000,7840.821215552078,6935.450444286891,1,0.001722903527982557,0.0014180684272236327,0,1
121,1,3.3124208926730376,3.3404421087125904,0,0.47299128336306767,1.6309072293985105,0.03221976544209522,5703.491768855203,57.034917688552035,0.0,134.2929651818534,43.100697967929875,40590.437380553,111047.7451174427,5887.311465623534,11957.303977122665,18338.40358761891,13.034470838511226,13.03447083851124,0.0,50000,8109.1171894186255,6935.450444286891,1,0.002488108298676943,0.001748928722623175,0,1
122,1,3.293790125331237,3.20307170696877,0,0.4932764997307021,1.6449862352838567,0.041130528660668735,4658.541014176153,46.585410141761535,0.0,135.20972686980278,43.49851367006421,40653.86067719693,111317.00931579595,5929.559272286925,11872.879760148724,18220.05074010058,15.494937805762701,15.494937805762726,0.0,50000,8208.57111495221,6935.450444286891,1,0.0020454568785247796,0.00208548956839476,0,1
123,1,2.9799382360567788,2.9424692947904667,0,0.5369639719936353,1.5241545599558448,0.03534521521781978,3394.5917282492187,33.94591728249219,0.0,127.02646792261889,43.49851367006421,40614.804027977414,111222.45818412349,6000.935829960875,11732.680268555958,18065.58934164392,14.946180924154767,14.946180924154776,0.0,50000,8208.57111495221,7102.645840880511,1,0.0015032298870756111,0.0020122650214257783,0,1
124,1,3.2803840633230363,3.269988147216792,0,0.48318217952710213,1.6195883455118947,0.025055914880945954,4788.996715100139,47.88996715100139,0.0,131.88377533634943,44.00912319493096,40836.82027600011,111746.8510823609,5896.131066657825,11942.278073268672,17575.1177227232,14.213453803454538,14.213453803454543,0.0,50000,8336.223496168897,7102.645840880511,1,0.002179898554606371,0.0019095284400689205,0,1
125,1,3.3687207061802935,3.3291429665617636,0,0.4745966201721206,1.6070388763618473,0.017113212887245068,3537.6997762121196,35.3769977621212,0.0,129.84073874807976,44.38282330578521,41006.91633930717,112214.50385492215,5796.075421905232,12149.898534227139,17928.79817137134,13.067764058276575,13.067764058276593,0.0,50000,8429.64852388246,7102.645840880511,1,0.0015785552349453563,0.0017538945588757794,0,1
126,1,3.5999259604340197,3.6184390165988507,0,0.43665237765568865,1.613525215175016,0.02121849061709863,3842.5084638718026,38.425084638718026,0.0,129.20027045688326,44.94629195002748,41315.460323770785,112965.28208064161,5618.526470215273,12535.45907388858,17876.73252320574,13.593623192685444,13.593623192685461,0.0,50000,8570.51568494303,7102.645840880511,1,0.0017195574007202276,0.0018260037300906517,0,1
127,1,3.394600488325854,3.4400146780215892,0,0.45930036580794037,1.5905283031104163,0.006663482981276071,3974.186384175269,39.74186384175269,0.0,132.06527847574904,45.02577567771098,41333.541640509,113065.30218946395,5744.841798577056,12260.984439363754,17352.226524740596,12.761660951817706,12.761660951817714,0.0,50000,8590.386616863905,7108.607120456774,1,0.001832242740035198,0.0017101184585669273,0,1
128,1,3.3336884702310705,3.2853757600266924,0,0.480919114100715,1.6121625896038827,0.020356069369545968,7758.56417619218,77.58564176192179,0.0,147.79753920017086,45.180946961234824,41363.24447073853,113193.8398069495,5836.767798036397,12069.480855842747,17690.456314815023,17.48522118536348,17.48522118536348,0.0,50000,8629.179437744866,7144.572257614347,1,0.0035085874725321606,0.0023534625377625287,0,1
129,1,3.506243411418849,3.464074733342576,0,0.45611025212363615,1.638186868335817,0.03682713185811195,4056.6575486309425,40.566575486309425,0.0,138.87315517393802,45.957378153249806,41744.702564897445,114097.21896082592,5737.59873970751,12280.294859707432,17884.34894173623,17.695015418106983,17.695015418106973,0.0,50000,8823.28723574861,7144.572257614347,1,0.001814617937436472,0.00238514938333461,0,1
130,1,3.662464741534836,3.6880208252900015,0,0.42841406674425686,1.626723903309664,0.029572090702319004,5633.351678735641,56.333516787356416,0.0,139.69604715203872,46.67224773303724,42023.63892736276,114858.62281916794,5594.575180624238,12595.827909834115,17656.58541042945,19.452775218451436,19.452775218451446,0.0,50000,9002.004630695468,7144.572257614347,1,0.002552408202509242,0.0026252045374926245,0,1
131,1,3.6365820950250525,3.625325854361508,0,0.4358228924716257,1.6188735590681838,0.02460351839758461,1967.1816794175431,19.67181679417543,0.0,124.29037617105433,46.71159136662559,42035.554437450584,114949.47914547256,5600.976045959737,12581.840681322486,17983.061068615367,13.00817543909944,13.008175439099453,0.0,50000,9011.840539092556,7147.523030133473,1,0.0008751265079561939,0.0017473842159673027,0,1
132,1,3.5939558062650376,3.605253443901084,0,0.4382493559982159,1.58601839377794,0.0038091099860379047,5926.74742165646,59.2674742165646,0.0,133.4198392544289,46.83012631505872,42116.47781887979,115215.21854204695,5576.952826503425,12637.509168058541,18114.683257901008,14.978255694084162,14.978255694084147,0.0,50000,9041.474276200839,7156.413151265958,1,0.0026174335315839055,0.002014989414016447,0,1
133,1,4.060263020646331,4.0352143164636525,0,0.3915529327782192,1.6648854915073268,0.053724994624890325,4221.58377485357,42.2158377485357,0.0,136.371222621247,47.83545862126689,42381.53293187026,116151.51875093156,5376.20738122768,13111.30172776122,17554.293366319725,13.463599632059728,13.463599632059713,0.0,50000,9292.807352752881,7156.413151265958,1,0.0019238980170871458,0.0018054860188757484,0,1
134,1,3.961747787456848,3.991705697864845,0,0.3958207642525196,1.6065808532501833,0.016823324841888115,13126.085502067015,131.26085502067016,0.0,168.27830087274998,49.11638115189748,42849.37898293686,117414.14108159057,5346.882309045522,13185.143539336426,17869.907907051613,25.693250411935356,25.69325041193532,0.0,50000,9613.037985410529,7156.413151265958,1,0.005876285684443782,0.0034725390777049447,0,1
135,1,4.4429966455973116,4.473270043031449,0,0.35320917020454784,1.6417158089838026,0.0390606385973434,6277.266030582227,62.77266030582228,0.0,158.03576176053224,50.74314582305394,43186.27529174327,118956.73256139357,5104.461562508174,13814.270092119204,17692.98315838816,26.213017656905496,26.21301765690548,0.0,50000,10019.729153199645,7156.413151265958,1,0.0028383075818873226,0.003546163761139417,0,1
136,1,5.339404453532419,5.349854984089887,0,0.29533510809149316,1.7550797726804939,0.11080998270917328,6430.196203775613,64.30196203775613,0.0,145.12278881393084,54.43679090712609,43961.319504914594,122557.35196979584,4815.286827672501,14649.342060072333,17080.382865717613,28.84418377705351,28.844183777053477,0.0,50000,10943.140424217681,7156.413151265958,1,0.0030117339894912038,0.00390877575194077,0,1
137,1,5.807540191698546,5.837901209225401,0,0.27064521021753324,1.5934197374576329,0.008493504720020764,9600.63575438991,96.0063575438991,0.0,160.164381488627,58.90011105409778,44509.774392979125,126583.37524865568,4400.30765294095,16037.810345607533,17120.382865717613,25.492932097768957,25.492932097768932,0.0,50000,12058.970460960603,7267.15407627555,1,0.004486178062578039,0.003445406544652188,0,1
138,1,5.820966433600017,5.837901209225401,1,0.27064521021753324,1.633514486423934,0.03386992811641384,8642.894983270826,86.42894983270826,0.0,165.37974429642517,59.599601624935886,44727.95885605608,127644.94144357058,4450.577321864464,15859.462169465656,17518.137690154028,28.19373463023227,28.193734630232292,0.0,50000,12233.84310367013,7267.15407627555,1,0.003946946935177256,0.0038149529957488327,0,1
139,1,6.1480848771288885,6.2238490389452865,0,0.25386219847449126,1.6534903266975067,0.046512864998421936,7538.194155756726,75.38194155756726,0.0,159.2611041055489,60.52720549215266,45055.63148983797,129127.03841250521,4357.307162776849,16201.54278493979,17518.66428128127,29.22883332463402,29.228833324634003,0.0,50000,12465.744070474324,7267.15407627555,1,0.003442360232366027,0.003958495076707107,0,1
140,1,6.480017060743955,6.2238490389452865,1,0.25386219847449126,1.7031821604388004,0.07796339268278504,4605.906404750737,46.05906404750737,0.0,142.20465758686257,61.62147767106784,45257.51610287433,130479.91604515535,4307.91387798021,16390.117319180597,17504.92134739361,23.399244462892725,23.399244462892707,0.0,50000,12739.312115203118,7267.15407627555,1,0.0021049652555846675,0.0031647574743759836,0,1
141,1,7.0025529749213815,6.988198841425088,0,0.22609545547473203,1.6335922001831453,0.03391911403996535,7723.2580506422155,77.23258050642215,0.0,151.0689523704478,64.89792128278229,45699.52584039966,134153.09944553545,4059.265182589727,17400.437806419293,17371.94003292055,22.470437958707787,22.470437958707766,0.0,50000,13558.42301813173,7267.15407627555,1,0.003556658858368758,0.0030346614487731503,0,1
142,1,6.807744562763023,6.759455521689638,0,0.23374663757015932,1.6119315449507718,0.02020983857643783,7390.441634585435,73.90441634585436,0.0,158.3627440988823,65.045730115474,45717.459119748484,134396.8473996745,4089.756576268121,17272.45687468937,17297.6423423236,22.427942425227933,22.427942425227958,0.0,50000,13595.375226304657,7400.228443168406,1,0.0034180110737994014,0.0030265450625842753,0,1
143,1,7.054202830417123,7.141007466246516,0,0.22125729562225002,1.635690899587137,0.03524740480198545,6641.649935078436,66.41649935078436,0.0,155.93052601689973,65.86913893595997,45983.88281620548,135889.46978309212,4047.5399811498737,17455.723449009056,17362.868171767033,24.74588761189987,24.745887611899843,0.0,50000,13801.227431426147,7400.228443168406,1,0.003060162581146873,0.003344944171105011,0,1
144,1,7.138064582478267,7.088801705670708,0,0.2228867537282182,1.6313177940791663,0.032479616505801424,5765.448103722851,57.65448103722851,0.0,150.92901205822648,66.33820550773243,46178.98235842982,136935.92495751556,4018.5168671432302,17583.59592934998,17523.100025801756,22.48285585694504,22.482855856945047,0.0,50000,13918.494074369262,7400.228443168406,1,0.002632158965129942,0.0030367775400254055,0,1
145,1,6.686790452399424,6.716556816991197,0,0.2352395793039371,1.6092088814576169,0.01848663383393468,10221.35841908189,102.21358419081889,0.0,168.01026036634627,66.33820550773243,46159.2784303356,136903.46160636935,4123.902555577593,17136.16706507602,17804.386667103765,25.371406601070493,25.37140660107053,0.0,50000,13918.494074369262,7692.7008789473575,1,0.0045927371092057264,0.003428352885160847,0,1
146,2,6.057087352976522,6.020919582248966,0,0.26241838616449853,2.432171684810227,0.5393491676014095,10549.388924988336,105.49388924988337,0.0,185.98088759177662,107.68713347675208,43851.51269132776,136841.02304667962,6620.0110102193485,16486.49444321347,17467.20653149989,29.72618253648675,29.726182536486768,0.0,50000,13918.494074369262,7933.561890454937,1,0.004831631849529621,0.00401884264128843,0,1
147,2,5.952730624782804,5.960804209986005,0,0.2650649047242754,2.1391351988138374,0.35388303722394765,5097.943872100881,50.97943872100881,0.0,159.77811961818014,110.74589980001261,44657.81318766419,140396.04524405432,6263.467764281568,17429.817619032852,17507.20653149989,28.934266814810375,28.934266814810393,0.0,50000,14683.185655184394,7933.561890454937,1,0.0023295293228778177,0.003917966093871055,0,1
148,2,5.774479869922597,5.761430526716147,0,0.27423744722312143,1.8767161081032178,0.18779500512861877,6117.115535812378,61.17115535812378,0.0,152.76098549095784,114.35651812236843,45720.881213455075,144421.5849175286,5957.200545456127,18329.74869363479,17547.20653149989,24.529507565721595,24.529507565721616,0.0,50000,15585.84023577335,7933.561890454937,1,0.002788872644694176,0.003316677939033872,0,1
149,2,9.676181618286552,9.796805677806733,0,0.16127705825371885,1.8272666409115348,0.1564978739946422,12563.765117955647,125.63765117955647,0.0,180.74509646383137,121.89477719314182,46377.8390572961,156639.09080172563,4542.929667146389,24056.813359478787,17607.73330583361,26.719636594797297,26.719636594797315,0.0,50000,17470.405003466698,7933.561890454937,1,0.005708294145410824,0.003608898704327606,0,1
150,2,9.324937625924347,9.361035824436579,0,0.1687847402394806,1.8856830067469867,0.19347025743480167,12359.687298982259,123.59687298982259,0.0,196.54888985687091,127.00474174617743,47724.74985857002,164647.91714367652,4701.655980832318,23250.27515385472,17280.03905198835,35.015292619380496,35.0152926193805,0.0,50000,18747.8961417256,7933.561890454937,1,0.005722064521635476,0.004739743770580159,0,1
151,2,9.538965354687893,9.609221394599283,0,0.1644253925596943,1.8494382945910854,0.17053056619688947,11758.251117229818,117.58251117229818,0.0,198.89513909562748,131.91089266860845,49069.816994987676,172961.02658789587,4604.15730285788,23747.154543052824,17120.56745587557,41.607435865161236,41.60743586516117,0.0,50000,19974.433872333353,7933.561890454937,1,0.005494327754046274,0.005641562140364192,0,1
152,2,9.627432841455233,9.611352111845248,0,0.16438894149479472,1.6839331218573765,0.06578045687175725,10613.621952672213,106.13621952672213,0.0,195.62703864972224,136.77792709567035,50038.37939145697,180984.57441989228,4373.948422519232,25006.86882585087,17160.56745587557,39.74923282143298,39.74923282143295,0.0,50000,21191.192479098823,7933.561890454937,1,0.004947911882267383,0.005388101385983044,0,1
153,2,9.86509125424124,10.03940059619511,0,0.1573799137568844,1.6619520277885733,0.05186837201808433,8873.418576612821,88.73418576612822,0.0,186.5440044136607,138.80120392648254,50558.307941105144,185182.17368840775,4293.148141825455,25483.466116310916,17192.956476070318,35.852373780005095,35.85237378000507,0.0,50000,21697.01168680187,7933.561890454937,1,0.0041288622298151535,0.0048570339553762705,0,1
154,2,10.31230765087977,10.494690211976593,0,0.15055232389774556,1.6268500664080414,0.02965194076458313,14649.02049989548,146.4902049989548,0.0,209.30228088855864,143.29981299481838,51371.21586976687,192869.91899255852,4155.27803351195,26339.554173623703,17000.254412877235,39.31050820537516,39.310508205375136,0.0,50000,22821.66395388583,7933.561890454937,1,0.006893553540610188,0.005323442550897575,0,1
155,2,10.282705489829267,10.257382675830678,0,0.15403539576649813,1.6514350704108258,0.04521206988026946,14261.022984909187,142.61022984909187,0.0,222.71347329739228,144.64895547295848,51808.33669432368,196206.42129981177,4192.960370786657,26107.582063519367,17557.536870473796,43.09591041185967,43.09591041185966,0.0,50000,23158.949573420854,7933.561890454937,1,0.006497960660480436,0.005840125476968592,0,1
156,2,11.050744724305645,11.109693952175974,0,0.14221813911359252,1.659878490285692,0.050556006509931604,9795.094994736683,97.95094994736682,0.0,199.2136900914311,146.4191108591035,52083.13538572121,199890.30203549794,4055.475366123923,26999.58055305113,17809.737056801903,43.70067658910239,43.700676589102414,0.0,50000,23601.48841995711,7933.561890454937,1,0.004399883036339713,0.005930465745810112,0,1
157,2,10.389172519821471,10.521496073179787,0,0.15016875822703182,1.651198173302482,0.04506213500157089,14375.19263857647,143.7519263857647,0.0,214.0760479840493,148.41352617977935,52488.4714633712,203818.19184475992,4172.281436679787,26251.574370518796,17300.05130367421,43.145254310483786,43.145254310483786,0.0,50000,24100.092250126072,7933.561890454937,1,0.006647468212084873,0.00584843730296834,0,1
158,2,9.261457579568127,9.393435010862296,0,0.16820257958594848,1.613715015621684,0.02133861748207841,11697.749126662178,116.97749126662178,0.0,216.2338287381323,148.41352617977935,52480.682368986636,204058.32019556622,4368.976323825402,25074.4948752045,17645.713368978457,40.23406671269318,40.234066712693135,0.0,50000,24100.092250126072,8262.704427993947,1,0.005303383946937311,0.005450245065120633,0,1
159,2,9.197007298927343,9.245973495953203,0,0.170885196749865,1.659022337971725,0.050014137956787955,10073.205835994922,100.73205835994922,0.0,201.26913946614485,149.7823943964969,52801.44251314416,206821.47000508825,4445.962254907206,24646.77320688007,18229.337169614442,40.24033347009346,40.24033347009349,0.0,50000,24442.309304305454,8262.704427993947,1,0.004420656984845478,0.005457169714622554,0,1
160,2,9.750752489544453,9.687903349070435,0,0.16308998377358944,1.7122886685409406,0.08372700540565858,12269.035713492493,122.69035713492492,0.0,210.68909535666995,153.1091930134675,53777.07410784344,213127.12956023173,4387.140975509683,24982.89369945142,18178.27872457678,37.22347891114582,37.22347891114585,0.0,50000,25274.008958548107,8262.704427993947,1,0.0053994268211565825,0.005041155917646457,0,1
161,2,9.785859056032786,9.691961812847339,0,0.16302169060402252,1.6575030446883356,0.04905255992932631,8549.006809342638,85.49006809342639,0.0,199.469376261639,155.74976006012912,54270.41124940715,217826.87388947423,4309.381584659362,25442.487687296674,18334.092256638898,33.369761329233825,33.369761329233825,0.0,50000,25934.150720213514,8262.704427993947,1,0.0037303212789264704,0.004516801694976177,0,1
162,2,9.6681409574744,9.723079074924716,0,0.16249996403657077,1.6521492327094638,0.04566407133510362,14751.331013497134,147.51331013497133,0.0,219.50129181611078,157.69548477265923,54912.57638892114,222058.0161688366,4329.050219754377,25332.98258289419,18580.728459448685,38.101590595837436,38.1015905958374,0.0,50000,26420.581898346045,8262.704427993947,1,0.006351239046710584,0.005160329048931212,0,1
163,2,9.995275442410883,9.98235572162508,0,0.1582792723542398,1.6583479417226847,0.0495873048877751,13972.857694555776,139.72857694555776,0.0,232.08710522347235,159.89557477156026,55581.551889755094,226786.62950899918,4266.127692773756,25713.0125041643,19061.680761244494,39.24593170915309,39.245931709153076,0.0,50000,26970.604398071304,8262.704427993947,1,0.005864270992499204,0.005315277106045419,0,1
164,2,10.008839995747959,9.977168571320046,0,0.15836156207100704,1.6078861893567702,0.017649486934664633,19868.34152650019,198.6834152650019,0.0,257.1294695406111,162.94637989412763,56065.53030793034,232035.60292761985,4198.699777411212,26136.249282110577,19542.546872664177,49.99584985892271,49.995849858922746,0.0,50000,27733.305678713143,8446.618879632906,1,0.008133368349973557,0.006782959463061115,0,1
165,2,10.733284813779402,10.649571417952728,0,0.14836277799278227,1.8331951738887935,0.16025011005619835,12612.487930114372,126.12487930114372,0.0,237.13831826039325,166.94054388627188,57138.35640252771,239739.51996399165,4329.865287169157,25351.189002913296,19770.50916545337,46.91737667047891,46.91737667047888,0.0,50000,28731.846676749206,8446.618879632906,1,0.005103556139931168,0.0063670651608013105,0,1
166,2,10.491288496777868,10.633977959091533,0,0.1485803342905349,1.6559287712720072,0.04805618434937161,7870.289042325042,78.70289042325042,0.0,194.02379103457992,169.65917438887138,57479.87219028748,244798.90827094569,4163.195881939028,26376.30906821497,19903.22889409334,40.26332486402544,40.26332486402545,0.0,50000,29411.50430239908,8446.618879632906,1,0.0031634220092442186,0.005466782166382981,0,1
167,2,11.186299660642794,11.088594827678264,0,0.14248874853431914,1.621633654383807,0.026350414166966422,14960.58995381408,149.60589953814082,0.0,215.83769936447652,173.46248485736265,58121.322991805915,251648.53759470826,3990.5380229349203,27527.397455685667,19920.07336106604,35.13186531547812,35.13186531547816,0.0,50000,30362.3319195219,8611.375481200257,1,0.006008246930678353,0.004758408359951247,0,1
168,2,12.838872171011152,12.815971026953292,0,0.12328367446189595,1.6864699844309865,0.06738606609556103,14954.80884364149,149.5480884364149,0.0,234.3952372994837,178.34356471678564,59096.566361472695,261840.60339039288,3799.2914363799737,28923.50148085066,19683.064070241035,37.54278132854444,37.542781328544436,0.0,50000,31582.601884377647,8611.375481200257,1,0.006078244236882518,0.005083304392268363,0,1
169,2,12.087092777790232,12.143948567012284,0,0.13010595287696608,1.6885623357904775,0.06871033910789713,18079.16251430417,180.79162514304173,0.0,253.09092573303874,178.70514796707172,59217.7971942741,263537.7663050659,3918.4240214028573,28048.92285320707,19636.3476196869,47.80384415751964,47.80384415751969,0.0,50000,31672.99769694917,8638.494224971713,1,0.007365590735897735,0.006484027301152869,0,1
170,2,10.663017539775495,10.60060134568071,0,0.14904814816413997,1.624364442504585,0.028078761078851152,13844.731578452385,138.44731578452385,0.0,242.0422388883022,178.70514796707172,59215.51802632945,263955.49166341446,4092.133331412353,26862.499785251664,20197.262487530887,46.49467053112525,46.4946705311252,0.0,50000,31672.99769694917,9090.628683761086,1,0.0054838051788452654,0.006309213383875173,0,1
171,2,10.03603532393391,10.019882828921451,0,0.15768647468007094,1.6818483975842446,0.06446101112926872,12387.98873760564,123.8798873760564,0.0,223.6294603367546,178.95290774182385,59287.64462495012,265067.91565146204,4292.337680688915,25613.517037280228,20880.7166378957,43.20684261122418,43.206842611224225,0.0,50000,31734.937640637196,9109.210666867495,1,0.004746192940571054,0.005865196285104685,0,1
172,2,10.024464729191378,10.088333418757486,0,0.15661655244881847,1.6733382338743232,0.05907483156602732,13150.322868261088,131.50322868261088,0.0,227.51600402788227,180.88412084185714,59845.915588292126,269251.4533252323,4284.399519457556,25666.545471280046,21018.37627775529,37.46757694675971,37.4675769467597,0.0,50000,32217.74091564552,9109.210666867495,1,0.005005266893876546,0.0050784216710976215,0,1
173,2,9.811179981670584,9.849848259766645,0,0.16040856248047747,1.6674791100922837,0.055366525374863036,17140.84065741263,171.4084065741263,0.0,249.03320164745455,182.60589495165516,60258.69605588944,272686.6880854121,4323.676346094172,25439.819040176208,21122.813526985123,39.95578178921397,39.955781789213965,0.0,50000,32648.184443095026,9109.210666867495,1,0.006491877849705814,0.0054144458947178046,0,1
174,2,10.430099191288537,10.452537676794673,0,0.15115946470183073,1.7358105778247233,0.09861428976248303,10616.605880883855,106.16605880883856,0.0,227.63294793848652,185.95360148943598,61109.47137308068,279321.8550844531,4279.146873054345,25712.44057976687,21411.94591909142,38.01650666139661,38.016506661396605,0.0,50000,33485.111077540234,9109.210666867495,1,0.00396661038506279,0.005154585042881716,0,1
175,2,10.509997566658578,10.563039108988207,0,0.1495781643613873,1.6738118583440886,0.059374593888663646,13437.709982654731,134.37709982654732,0.0,230.74235251594314,187.62588919302155,61541.75174300419,283053.7250643878,4186.501877362599,26287.377714853836,21257.033419138137,38.15111403729752,38.15111403729749,0.0,50000,33903.18300343663,9109.210666867495,1,0.005057228717740638,0.0051719056508364135,0,1
176,2,10.894856092739863,10.92462268567453,0,0.14462742059475023,1.6739198038254894,0.05944291381360086,12339.354118084799,123.39354118084799,0.0,237.36296306888028,190.33256019228864,62309.174293105396,289031.91194029176,4112.553514927817,26766.920742817838,21235.01048647089,33.67779745224305,33.67779745224303,0.0,50000,34579.850753253406,9109.210666867495,1,0.004648683032559412,0.00455750737845428,0,1
177,2,10.078381087297927,10.207194894719192,0,0.15479277277417627,1.6280745787397977,0.030426948569492143,12263.173378131154,122.63173378131154,0.0,236.56657402858116,190.33256019228864,62328.34265064278,289596.7611584292,4217.26239521735,26106.406990907413,21980.65349040771,34.87115054734796,34.87115054734796,0.0,50000,34579.850753253406,9209.163326972226,1,0.00446326070641449,0.004723057485571513,0,1
178,2,9.315014031887953,9.192430480837963,0,0.1718805492512107,1.6184672826438822,0.02434638142017855,11411.658271897506,114.11658271897507,0.0,232.46727359595303,190.33256019228864,62335.247968384436,289996.05800035334,4373.995098738832,25174.327684649514,22867.55065413583,32.25795420143771,32.25795420143767,0.0,50000,34579.850753253406,9403.713953590572,1,0.003992262553867734,0.004368068764280545,0,1
179,2,9.443310497198448,9.24529201983673,0,0.1708977928019955,1.6685121627673447,0.05602035618186369,11261.724023616103,112.61724023616104,0.0,232.14643237002974,191.66811655154476,62529.712183001415,292246.47760421445,4411.2785818012835,24966.598546395704,22999.312528701277,30.47547088947789,30.475470889477858,0.0,50000,34913.73984306743,9563.3654448065,1,0.003917238485998183,0.0041242539154268025,0,1
180,2,10.212511569844507,10.189923135161383,0,0.15505514409113125,1.6619794200720115,0.05188570890633634,18381.390098260137,183.81390098260138,0.0,262.69012718073435,197.32901528041543,63936.97336282913,302486.6865866709,4234.431000732245,26019.681750820106,23227.4052341632,35.06451657369284,35.06451657369287,0.0,50000,36328.9645252851,9563.3654448065,1,0.006330931901502118,0.004746810980456011,0,1
181,2,10.024521467588968,10.142603869757819,0,0.1557785377688941,1.67728609291923,0.061573476531158126,21595.5517077693,215.955517077693,0.0,294.27351800128554,197.7609263145708,64127.769768813625,304298.6004283573,4294.057183198404,25663.998883522552,23174.715579976306,43.54086860037871,43.540868600378666,0.0,50000,36436.94228382394,9595.758772368155,1,0.007454866622459366,0.005901012336653222,0,1
182,2,10.271897361809195,10.132814294170217,0,0.1559290394682386,1.7196571480541818,0.08839060003429222,12054.681444904836,120.54681444904837,0.0,259.4465809943598,200.43042751242768,64632.56206202838,309209.200735942,4295.945217813542,25660.643110905385,22554.60377469699,44.369586478502406,44.369586478502455,0.0,50000,37104.31758328816,9595.758772368155,1,0.004275732463428491,0.006020510329129991,0,1
183,2,10.886882219386903,10.859272208774827,0,0.1454977801112014,1.6889381313017235,0.06894818436817941,8765.366104055058,87.65366104055057,0.0,221.13549051353635,203.38818921543566,65084.247282039905,314782.6005761707,4136.091559332646,26661.21441662834,22536.763669707077,36.473897343014464,36.47389734301451,0.0,50000,37843.75800904015,9595.758772368155,1,0.0031114906230612256,0.004947363236316361,0,1
184,2,11.027866946173805,11.201836442658557,0,0.14104830115025452,1.64600856194529,0.041777570851449314,13697.850168099405,136.97850168099404,0.0,237.1431491686968,205.9435627411488,65660.77494878009,320112.7861130574,4057.522323040889,27184.43715550505,23006.23205909304,29.942212326401705,29.942212326401723,0.0,50000,38482.60139046844,9595.758772368155,1,0.004763178997035434,0.004050134027841716,0,1
185,2,10.502156339256153,10.336179672504072,0,0.1528611198780782,1.6686957933563167,0.056136578073618104,11613.442636576892,116.13442636576893,0.0,240.55349001081163,206.96649378015823,65862.91765896307,322314.0495672589,4186.856746622468,26350.533331577357,24046.72001390211,28.928317839714072,28.92831783971411,0.0,50000,38738.33415022079,9595.758772368155,1,0.003863626350658326,0.003912765323584995,0,1
186,2,9.930356720680068,9.749579508168885,0,0.162058271197867,1.6871637211431498,0.06782513996401883,16649.37020147485,166.4937020147485,0.0,257.7342665631959,207.29948118418773,65950.08863462364,323491.61705115077,4329.752719636433,25484.18299866726,25313.691979507617,34.16717542200393,34.1671754220039,0.0,50000,38821.581001228165,9620.732827670368,1,0.005261775394897951,0.004629526914197236,0,1
187,2,10.184016148756152,10.24086153927938,0,0.15428389437156478,1.510094304977678,0.04424411077362153,20437.433159781038,204.3743315978104,0.0,285.177602575523,211.52337809907746,66552.8382634044,330754.40170771035,4046.016229784227,27286.17311278525,25955.73819667783,37.93413944096073,37.93413944096072,0.0,50000,39877.5552299506,9797.625397192036,1,0.006299164525367852,0.005141522090308043,0,1
188,2,9.953748061750103,9.864568793962153,0,0.16016919066620297,1.6430767580294734,0.039921998752831214,17880.565599877824,178.80565599877824,0.0,289.9315988661191,211.52337809907746,66552.69351410144,331095.4894138015,4269.452242610692,25864.313262873446,25450.884000327474,42.22376413643025,42.22376413643021,0.0,50000,39877.5552299506,10377.545894425442,1,0.005620414787839276,0.005727118236035027,0,1
189,2,9.275228511521396,9.336447558354623,0,0.16922924807585446,1.651308242320631,0.045131798937108114,9925.771798151014,99.25771798151014,0.0,241.82286615804165,211.52337809907746,66558.53745083326,331723.400801743,4434.274782257188,24906.865256429992,26309.971105516834,36.68384016441177,36.683840164411755,0.0,50000,39877.5552299506,10514.363229880524,1,0.003018101922907766,0.0049792270787049646,0,1
190,2,7.863986222095318,7.856516720184975,0,0.2011069353344163,1.6344528889759382,0.034463853782239325,11377.24325002387,113.77243250023871,0.0,228.83452763007966,211.52337809907746,66535.81889354461,331914.7143960206,4791.658365590703,23054.525231132433,27128.974567011086,29.49212488279706,29.4921248827971,0.0,50000,39877.5552299506,10861.579487775833,1,0.0033550087112717143,0.003997841807339585,0,1
191,2,8.134373778222203,8.108065198414494,0,0.19486769794462977,1.6515739959306899,0.04529999742448722,8882.472468214333,88.82472468214334,0.0,220.57777804404375,213.1489959455347,66768.64489625291,334314.6701181097,4736.430547204139,23327.986841931877,27728.120636438074,22.03424531215571,22.034245312155733,0.0,50000,40283.95969156491,10861.579487775833,1,0.002562733359300724,0.002978614664493401,0,1
192,2,8.666781745198742,8.671558671461403,0,0.18220484458000274,1.6297571289475157,0.03149185376425038,12181.458707599331,121.81458707599332,0.0,231.6072223322188,215.36230321529757,67091.51996893575,337597.2324272912,4558.804822370517,24242.978117825536,28188.071573489175,23.112249859028843,23.112249859028832,0.0,50000,40837.28650900562,10946.493569140159,1,0.0034571953390542605,0.0031249791365422328,0,1
193,2,8.301156779566423,8.420496437419779,0,0.18763739308512148,1.6384787383636332,0.03701185972381845,13495.29797731594,134.9529797731594,0.0,245.94926144972305,216.11887935658115,67226.12650398334,339046.2906843539,4670.9614189979975,23664.867991593732,28966.70420210466,24.02773125394379,24.027731253943806,0.0,50000,41026.43054432652,10946.493569140159,1,0.0037271200432489383,0.003249016247201307,0,1
194,2,7.71621064242869,7.794735969314959,0,0.20270090048205422,1.6122691761320083,0.02042352919747354,16657.741997420842,166.57741997420842,0.0,264.4549493169907,216.11887935658115,67230.86183388087,339184.2016105607,4806.2729343243955,23002.495436416102,29484.453891180823,28.807236892784644,28.807236892784605,0.0,50000,41026.43054432652,11377.28062663174,1,0.004519735602741724,0.003901350328348308,0,1
195,2,6.673168504365996,6.676426314109934,0,0.23665355171535918,1.5845535715002732,0.0028820072786538828,14428.143410383942,144.28143410383942,0.0,264.9575791756149,216.11887935658115,67217.83946227322,339130.28042695596,5124.231675360172,21580.123285268302,29939.845607768264,29.771433850937854,29.771433850937818,0.0,50000,41026.43054432652,11956.544779093765,1,0.0038552352204890145,0.004034030288826558,0,1
196,2,6.256981316937652,6.262326536607963,0,0.2523023976414713,1.6294613051021443,0.03130462348236974,6058.19395454033,60.5819395454033,0.0,215.97189476161475,216.11887935658115,67197.76981076719,339364.59847527585,5366.743954405694,20607.802437750768,29726.150999069945,24.611591712749316,24.611591712749327,0.0,50000,41026.43054432652,12114.244100921436,1,0.0016304011790103268,0.003335124000747022,0,1
197,2,6.530356341913519,6.398634282727094,0,0.24692769272111065,1.6517723846478682,0.04542555990371403,10166.101996165724,101.66101996165725,0.0,218.6655376103486,218.33388276607874,67525.22420480956,341830.3305294207,5289.728103047399,20913.177739133796,30353.82225032255,20.13109972212412,20.13109972212411,0.0,50000,41580.18139670092,12114.244100921436,1,0.0026793599599622604,0.002721665453153867,0,1
198,2,7.101801162014268,7.180606561394023,0,0.22003712172377585,1.6185025222055722,0.02436868494023554,8166.54558089509,81.66545580895091,0.0,220.77221421305654,220.14307546496536,67884.6682028172,344457.57005892746,5021.6931264070845,22034.606428538635,30918.94919570745,15.889390846507943,15.889390846507952,0.0,50000,42032.47957142258,12114.244100921436,1,0.002113020214032079,0.002140927117668222,0,1
199,2,6.88794562444565,6.809699381222316,0,0.2320219897455144,1.633461138043022,0.03383616331836828,7206.273026044713,72.06273026044714,0.0,211.0985903042475,220.28720092548625,67925.6815029064,344896.6614046257,5122.782907915797,21601.64652453105,31667.98415636235,16.334544424769003,16.334544424769014,0.0,50000,42068.5109365528,12125.053510460504,1,0.0018204563929205874,0.002204278855638309,0,1
200,2,6.809358796442854,6.679718382997252,0,0.23653691808651361,1.668620258309272,0.05608877108181765,8875.453984244874,88.75453984244874,0.0,217.53153006284143,221.41396754625538,68135.05512747602,346306.99639326945,5207.79791002904,21252.14789414373,32744.100963624798,15.090481483552033,15.090481483552054,0.0,50000,42350.20259174508,12125.053510460504,1,0.0021684404147432985,0.002033972340565322,0,1
201,2,6.3003628970490855,6.354838795313498,0,0.2486294382739028,1.615669834081485,0.022575844355370214,10809.228230564566,108.09228230564565,0.0,230.924461222261,221.63015211086667,68234.72845326496,346912.5538267456,5327.849169676282,20776.140348492318,32505.735434557715,16.438923912649532,16.43892391264952,0.0,50000,42404.248732897904,12141.267352806351,1,0.0026602636331243836,0.0022163868135960897,0,1
202,2,6.284442716254113,6.239848282124325,0,0.25321128472407295,1.6412961158316555,0.03879501002003506,5471.9540239336675,54.71954023933667,0.0,207.70415242147848,222.3015022157297,68457.77223520799,348150.2629373007,5377.188674666263,20588.99297602222,33531.81591635817,15.152641845166505,15.152641845166517,0.0,50000,42572.086259113654,12141.267352806351,1,0.0013054954226357249,0.002044733156834469,0,1
203,2,6.490826419345429,6.528837400889231,0,0.24200326995198304,1.620790519144135,0.025816784268439807,10913.949407373144,109.13949407373144,0.0,220.51718615411943,224.10960555609446,69030.87790220267,350877.03116455395,5258.413763124066,21058.520872616253,33952.00680957986,16.14468406635898,16.144684066358966,0.0,50000,43024.112094204844,12141.267352806351,1,0.0025716181004755635,0.002179125718745224,0,1
204,2,6.214427071943069,6.259006868395247,0,0.25243621443813785,1.6113576089360517,0.019846587934209913,4572.695933299516,45.72695933299516,0.0,201.73883958007028,224.20105947476046,69055.84046735265,351180.27924312267,5358.585350016783,20666.137474256586,34307.78200075388,12.243544374038144,12.243544374038136,0.0,50000,43046.97557387134,12148.1263967063,1,0.0010662760846968271,0.0016477965359360386,0,1
205,2,6.929519216778917,6.914627863774389,0,0.22850108944800798,1.7073463673012286,0.08059896664634715,7400.501283785582,74.00501283785582,0.0,202.35436678597296,226.66264086070433,69858.41805890907,354875.75109759887,5224.225892995717,21203.297943305242,34245.252377868725,13.274691587443987,13.274691587444003,0.0,50000,43662.37092035731,12148.1263967063,1,0.0017288238853379202,0.0017889060235034369,0,1
206,2,7.443671200861006,7.538275482415286,0,0.20959700977839077,1.746002893508283,0.10506512247359677,9554.828803781387,95.54828803781388,0.0,218.20485541672267,230.22040398718514,70746.33145785167,359638.7847607931,5097.979457225854,21734.032062274524,33775.14722566974,12.544246318203827,12.544246318203847,0.0,50000,44551.81170197751,12148.1263967063,1,0.0022631620202725965,0.0016860873301024482,0,1
207,2,5.4681587310248245,5.431256874479736,0,0.29090872269806783,1.4526617397643915,0.08059383559215731,9305.371839380721,93.05371839380722,0.0,224.833349148149,230.22040398718514,70732.11693566992,359342.099114377,5425.892732956196,20424.329979345857,33984.09975864302,15.28558476026896,15.285584760268936,0.0,50000,44551.81170197751,12715.381664612943,1,0.002190523663823493,0.00206083652314467,0,1
208,2,5.6242655552015455,5.621965050579143,0,0.28104052333751833,1.6112363498795366,0.019769841695909174,10342.13746556424,103.4213746556424,0.0,231.90126208157062,230.22040398718514,70721.82010288736,359445.459273746,5634.914658252241,19669.526709273796,34250.264387163385,16.962549109905112,16.962549109905105,0.0,50000,44551.81170197751,12892.926158312988,1,0.0024156630964729973,0.0022897829268563627,0,1
209,2,5.41065941843201,5.362715472931171,0,0.2946268561095967,1.6390352441518032,0.03736407857709061,7074.39279195481,70.7439279195481,0.0,217.16750910485632,230.36189184302424,70757.44213943044,359798.5276050126,5794.752432034802,19129.199287045365,35706.66246750308,15.28721930579465,15.287219305794633,0.0,50000,44587.183665937286,12903.53774750092,1,0.0015850023055822193,0.0020637296886262366,0,1
210,2,4.956353904691446,4.94795371795148,0,0.3193239246090082,1.5946318380756208,0.009260657009886543,6257.630595309989,62.57630595309989,0.0,203.9435824171323,230.36189184302424,70732.12409788267,359835.5077302699,5972.201750235507,18562.494964421458,36462.90203127697,13.279902070371348,13.279902070371344,0.0,50000,44587.183665937286,13074.67670354617,1,0.0013729308961623185,0.0017911987660725118,0,1
211,2,5.525832670262614,5.513186332232183,0,0.28658563393054926,1.6218889159624008,0.026511972128101732,7546.943898136748,75.46943898136749,0.0,209.706581223245,232.65705308514313,71179.43844672483,362372.02403462166,5705.126115756406,19437.56564838996,36406.40437923362,11.443267699489258,11.443267699489244,0.0,50000,45160.97397646701,13074.67670354617,1,0.0016583772062789173,0.0015387701360078186,0,1
212,2,5.364074003687626,5.3134738635045,0,0.29735725451708755,1.6121903225538186,0.02037362186950537,7504.507214676836,75.04507214676836,0.0,214.0100990392496,232.80714322943666,71202.41191475143,362645.8589713962,5773.455672558941,19209.42152509568,37645.1050215379,11.464340300331731,11.464340300331717,0.0,50000,45198.49651254039,13118.852672993438,1,0.001594790549344098,0.0015420328839284448,0,1
213,2,5.3997053247206965,5.395462642863915,0,0.29283865065579157,1.6307173841186355,0.032099610201668016,7811.651618770092,78.11651618770092,0.0,216.57219533056974,233.6113492144776,71355.58298317433,363609.2269851693,5787.859729604548,19165.023507475235,38654.285615745626,12.05456591599329,12.054565915993283,0.0,50000,45399.54800880062,13118.852672993438,1,0.00161672145674591,0.001623296404122975,0,1
214,2,5.757430713158173,5.746419283132004,0,0.2749538316213577,1.6843931253940583,0.06607159835066975,10857.267763290381,108.57267763290382,0.0,230.98165743796997,236.27271405439396,72020.69120557368,366508.32731841475,5697.189475087974,19473.585570992676,39072.60206648293,13.439736961964597,13.439736961964579,0.0,50000,46064.88921877971,13118.852672993438,1,0.0022229935431106415,0.0018115018497335499,0,1
215,2,4.066361220435463,4.058669791290361,0,0.38929010765807465,1.3213421727296837,0.1637074856141243,5223.862889195094,52.23862889195094,0.0,211.4137165812971,236.27271405439396,71997.53261199834,366230.59828140645,6004.805588884667,18479.47419437285,38184.479656217,12.208549111742826,12.208549111742823,0.0,50000,46064.88921877971,13594.97131206903,1,0.0010944473642121918,0.0016447207880229142,0,1
216,2,4.109536972019985,4.108408465431882,0,0.3845771454552555,1.4232013455626444,0.09923965470718711,3967.671268897487,39.676712688974874,0.0,191.13901226876243,236.27271405439396,71945.92994732477,366027.30222976685,6199.508822353613,17901.26941157029,38299.82218510971,10.271246302586446,10.271246302586448,0.0,50000,46064.88921877971,13955.091957377244,1,0.0008287602484880564,0.0013820670519369633,0,1
217,2,4.4613518640256435,4.461386490277708,0,0.35414999427714894,1.561096571774103,0.011964195079681696,7139.627135773029,71.3962713577303,0.0,202.11875385001045,236.27271405439396,71930.12033730869,365977.2524117524,6231.907916644999,17809.74636871056,38614.531903678355,8.470141856307475,8.470141856307482,0.0,50000,46064.88921877971,14133.617837438698,1,0.001479158603518987,0.0011341220720730784,0,1
218,2,4.269729219877884,4.2273973339924575,0,0.37375242381293017,1.589588751739737,0.006068830215023312,10631.649406122135,106.31649406122135,0.0,222.61852527135085,236.4853470425164,71951.7014234348,366184.3692544313,6428.44669951077,17267.187303186634,39462.01927726312,11.066451463081432,11.06645146308145,0.0,50000,46118.04746581032,14223.120583391026,1,0.002155317867831013,0.0014877455732793521,0,1
219,3,4.006352114236092,4.035135471578505,0,0.3915605835612552,2.4339796899014647,0.5404934746211801,8533.510995334052,85.33510995334052,0.0,434.1494228230388,365.2835606082807,68350.67896901467,366154.9751147241,10221.710821260636,16825.026490473858,40424.62275494112,13.34524503114343,13.345245031143413,202.12311377470562,49797.87688622529,46118.04746581032,14374.721638327155,1,0.0016887748928795627,0.001774417121409854,1,1
220,3,4.005564496127697,4.035135471578505,1,0.3915605835612552,2.353762733905875,0.48972324930751565,8317.65232756829,83.17652327568291,0.0,428.84983835831235,370.2741520048217,69640.63699640219,369615.94220575003,10053.569900681934,17108.870861713618,40291.183130344536,13.761126342120187,13.761126342120205,202.12311377470562,49797.87688622529,47365.695314945566,14374.721638327155,1,0.0016515081824547387,0.001831866981055105,1,1
221,3,4.389400216173011,4.374165426838784,0,0.361211761746713,2.273128693902974,0.43868904677403414,10212.57888366809,102.1257888366809,0.0,439.1319514944291,376.40169933502256,71208.63015442397,374384.90283510514,9439.393468036416,18227.421896645898,39222.06555417806,13.60537736137766,13.605377361377649,202.12311377470562,49797.87688622529,48897.58214749578,14374.721638327155,1,0.0020830272428281563,0.0018077701060541526,1,1
222,3,4.1674926647023955,4.206404019558959,0,0.3756177468101751,1.9648766780637108,0.24359283421753844,3295.544866394661,32.95544866394661,0.0,407.2081836608523,378.37902625485935,71777.97240236259,376416.33639051626,9007.679855517465,19105.23960254332,39317.2446054918,11.097082394838472,11.097082394838464,202.12311377470562,49797.87688622529,49391.91387745498,14374.721638327155,1,0.0006705545924109529,0.001468363339231283,1,1
223,3,4.0278765192877275,4.088400434494162,0,0.3864592094916666,1.750414081993441,0.10785701391989935,6472.931822950629,64.72931822950629,0.0,407.64366780691876,380.6821083554557,72551.5345836289,378537.9912813716,8648.678596801363,19901.467773414013,38427.470491598004,10.366650326371666,10.366650326371682,202.12311377470562,49797.87688622529,49967.684402604056,14374.721638327155,1,0.0013475634466996015,0.0013670484273129036,1,1
224,3,4.156547743769829,4.170035981491436,0,0.3788936131517274,1.71247285619304,0.08384357986901261,6490.66039328553,64.90660393285529,0.0,414.96492075222613,382.5720213361021,73219.68680264604,380391.5724490191,8421.646107453684,20441.184804869456,38306.78685834635,8.604557357550801,8.604557357550812,202.12311377470562,49797.87688622529,50440.162647765676,14374.721638327155,1,0.0013555113180935107,0.0011245431190680217,1,1
225,3,4.387169150617516,4.301083178130867,0,0.3673493244756603,1.7047461775313828,0.07895327691859666,3845.3625434783667,38.45362543478367,0.0,401.01867778718685,383.7597343450845,73573.11759362636,381762.1002243104,8179.401415127456,21049.712873342887,38060.0865043049,8.92885789144327,8.928857891443268,202.12311377470562,49797.87688622529,50737.09090001127,14374.721638327155,1,0.0008082719503106596,0.0011704489050345906,1,1
226,3,4.080054549600119,4.02311118965827,0,0.3927308805338309,1.6159096228313468,0.022727609386928284,4371.428658249839,43.71428658249839,0.0,397.365229780174,383.84716291824947,73593.13719153848,381911.65951177577,8257.849278230877,20850.470250014994,37624.96958334863,7.9124100980557035,7.912410098055697,202.12311377470562,49797.87688622529,50758.948043302524,14381.27878131453,1,0.0009294739544846231,0.0010310857409629311,1,1
227,3,4.05553325467698,4.0662363678510545,0,0.3885657047612819,1.6043638756602818,0.015420174468532754,7213.070471259641,72.13070471259641,0.0,409.3697043122354,384.23984447727923,73766.06555263266,382459.4701233582,8253.485856896827,20863.27601079622,38788.671230216365,8.233716239047272,8.233716239047267,202.12311377470562,49797.87688622529,50857.118433059964,14381.27878131453,1,0.0014876653914642295,0.0010751370987531707,1,1
228,3,4.250277105062901,4.212197163370364,0,0.3751011499983473,1.605913253002227,0.01640079303938419,5017.877855599328,50.178778555993276,0.0,404.4921408071871,384.9619517661056,74189.14228101884,383693.5130218852,8066.643240024956,21349.51499633769,39826.985358075086,8.705050710490116,8.705050710490111,202.12311377470562,49797.87688622529,51037.64525526655,14381.27878131453,1,0.0010079352600724889,0.0011416915353404471,1,1
229,3,4.396497384829128,4.381890970348066,0,0.3605749231762597,1.5943358172152684,0.009073302034979957,4395.742216676345,43.95742216676346,0.0,395.2214421085757,385.3756608121002,74432.93945209341,384543.79730019806,7903.108851791902,21793.39949823858,39524.44660895539,8.60260753580384,8.602607535803852,202.12311377470562,49797.87688622529,51141.072516765205,14381.27878131453,1,0.0008897262517381563,0.0011284423010916248,1,1
230,3,4.55297732452432,4.614933213722861,0,0.34236681807263164,1.5947268207549867,0.009320772629738391,4447.13544021627,44.471354402162696,0.0,394.4837353343397,385.70050819757256,74639.45346611417,385250.3601609578,7767.38179744582,22176.032116868242,39035.57874680317,7.2042463830852785,7.204246383085287,202.12311377470562,49797.87688622529,51222.2843631333,14381.27878131453,1,0.0009114014615357472,0.0009363543244487975,1,1
231,3,4.637597810888939,4.5989825480832405,0,0.343554249984817,1.618851676945128,0.02458966895261261,4076.903100716403,40.76903100716403,0.0,392.90157782234087,385.8987736271695,74717.52297680479,385574.4483950177,7754.314925125336,22214.137609917438,38944.736388382735,6.788836169530099,6.788836169530094,202.12311377470562,49797.87688622529,51271.85072053253,14381.27878131453,1,0.0008374745300743745,0.0008795340811160926,1,1
232,3,4.676911997491561,4.72148328297323,0,0.3346406002744622,1.580073628973623,4.6600616217058406e-05,2328.3171568942817,23.283171568942816,0.0,381.21897931122186,386.07247352273714,74895.7710091764,386236.04145632527,7628.961188124236,22581.213593389664,39958.441918261466,5.7381151785576225,5.738115178557625,202.12311377470562,49797.87688622529,51315.27569442444,14381.27878131453,1,0.00046614773652227197,0.000738341242710798,1,1
233,3,4.675357076750641,4.617652009841555,0,0.34216523822768846,1.6034311452341008,0.014829838755759953,8904.101408710236,89.04101408710235,0.0,402.2296819024657,386.2505555509114,74914.98710868185,386381.49964266835,7686.800694574273,22413.52123648724,41336.58885358678,7.720528566974665,7.720528566974659,202.12311377470562,49797.87688622529,51359.79620146799,14487.004524053811,1,0.001723238739461227,0.0010089536686859579,1,1
234,3,4.22202579602264,4.249625041970989,0,0.37179750787311605,1.5092966915786237,0.044748929380617974,6873.590002389401,68.73590002389402,0.0,408.48004505525364,386.2505555509114,74895.49287360904,386267.60687434324,7848.311483807969,21954.446547683187,41027.293770214164,8.95229911067985,8.952299110679842,202.12311377470562,49797.87688622529,51359.79620146799,14742.085003609418,1,0.0013402960557695146,0.001176560843917671,1,1
235,3,3.6376727272500418,3.558794177296134,0,0.4439706038859592,1.4220767107150687,0.09995144891451353,7325.808260508979,73.2580826050898,0.0,408.18931920613636,386.2505555509114,74840.41416680456,385880.0904788543,8207.824730795688,20995.618554396115,40114.34048661426,11.381076897456035,11.381076897456028,202.12311377470562,49797.87688622529,51359.79620146799,15290.375481790483,1,0.001460985407540932,0.0015081734009238911,1,1
236,3,3.9058402379228645,3.977815039389947,0,0.3972029831337545,1.5631718375753216,0.010650735711821796,6366.649356433463,63.66649356433464,0.0,404.93227441252253,386.2505555509114,74795.11558216704,385793.8238121542,8305.006951368363,20751.41679701648,41058.67616895544,10.194969373875052,10.194969373875052,202.12311377470562,49797.87688622529,51359.79620146799,15520.563555088065,1,0.0012404977365046762,0.0013472597332717074,1,1
237,3,3.9061909195153084,3.931913268689447,0,0.40183999290671857,1.6036987874665651,0.014999232573775357,5216.431753992219,52.16431753992219,0.0,395.1848517286745,386.35488418599124,74826.70102797424,385979.85745549545,8411.766831620991,20488.864537127432,42353.29642691014,9.311785112179718,9.311785112179717,202.12311377470562,49797.87688622529,51385.87836023795,15528.388202719054,1,0.00098531773327147,0.0012289336257723593,1,1
238,3,3.688089741943624,3.685211065920443,0,0.42874070758423943,1.5640688577033521,0.010083001453574644,4329.727318542565,43.297273185425645,0.0,386.499728363204,386.35488418599124,74770.74075756887,385883.2852715162,8549.600636432184,20160.04234701069,43069.76644821708,7.700644408087499,7.700644408087505,202.12311377470562,49797.87688622529,51385.87836023795,15732.471304832967,1,0.0008042258271817118,0.0010100137656526194,1,1
239,3,3.945646628985065,3.9485413752018013,0,0.400147763405227,1.6012550635082061,0.01345257184063674,5315.515651567288,53.15515651567288,0.0,389.4218029360598,387.2034052680385,75146.773906583,387057.801450891,8364.244427927906,20610.303494532385,43524.676413663736,7.058522501968697,7.058522501968699,202.12311377470562,49797.87688622529,51598.00863074977,15732.471304832967,1,0.0009770118635319407,0.0009221851413283742,1,1
240,3,4.024906856860073,4.053749137952948,0,0.3897626484104205,1.5818987721408393,0.001201754519518495,3520.3075372403914,35.203075372403916,0.0,381.91141377591657,387.47768237121153,75403.53061894626,387790.85295566695,8231.685722453942,20944.30370091485,43940.693844294154,6.211157013246649,6.211157013246649,202.12311377470562,49797.87688622529,51666.57790654302,15732.471304832967,1,0.0006409197906095451,0.0008073858271077325,1,1
241,3,3.6822387984274596,3.747951633324705,0,0.4215636044903881,1.498911737226975,0.05132168529938302,3302.34882937332,33.0234882937332,0.0,376.2549099703654,387.47768237121153,75379.42139004474,387726.4779166346,8377.66319715437,20580.635736291104,42651.47846708281,5.76618915046299,5.766189150462988,202.12311377470562,49797.87688622529,51666.57790654302,15879.784392918818,1,0.0006194108993285152,0.000745780851156667,1,1
242,3,3.751128258709251,3.762684334158889,0,0.41991298224414925,1.5725261002964566,0.004730316268065511,4757.6674536395785,47.576674536395785,0.0,381.8027141197827,387.47768237121153,75363.36545888738,387718.0457285352,8502.065348664335,20280.95914004549,43320.631184876554,5.526411627822369,5.526411627822366,202.12311377470562,49797.87688622529,51666.57790654302,15966.476994511526,1,0.0008785961466416498,0.0007129756121932368,1,1
243,3,3.727324370306834,3.7228592130932285,0,0.42440498271950994,1.5847000259651878,0.0029746999779669014,5518.915662729003,55.18915662729003,0.0,387.664645839825,387.5880606844661,75341.72231988006,387745.9945557594,8562.307380974888,20139.140811667323,44740.67646163953,6.362692115279169,6.362692115279163,202.12311377470562,49797.87688622529,51694.17248485667,16092.124565882415,1,0.0009868273972050287,0.0008282781477250645,1,1
244,3,3.435240709837711,3.4064605407683572,0,0.46382454195216277,1.5087448738829976,0.04509818108671042,5506.732674112064,55.067326741120645,0.0,389.8222924719797,387.5880606844661,75292.65094001262,387575.09319786506,8702.806308231944,19815.30147169816,45050.68674353073,7.234522308175412,7.234522308175404,202.12311377470562,49797.87688622529,51694.17248485667,16364.905654429325,1,0.0009778732484965426,0.0009477655974477403,1,1
245,3,3.2766057720333164,3.2513361432816112,0,0.4859540602299237,1.5090679441216581,0.044893706252115154,4721.21644279259,47.2121644279259,0.0,386.1823297935291,387.5880606844661,75235.84476999324,387411.2589886542,8912.25822133588,19350.988697117482,44616.68624459563,7.156609194139832,7.156609194139826,202.12311377470562,49797.87688622529,51694.17248485667,16623.959887579767,1,0.0008465382510767646,0.0009370796322594452,1,1
246,3,2.8131113053909305,2.817789841777103,0,0.5607231513772288,1.3684131376555888,0.13391573566101977,4699.426575422792,46.99426575422792,0.0,385.1659440430679,387.5880606844661,75200.27954880692,387145.3327875296,9159.706196087287,18830.03922223215,43554.39641421245,6.86259475451995,6.8625947545199555,202.12311377470562,49797.87688622529,51694.17248485667,16974.217098817106,1,0.0008631829550762501,0.0008958648182165191,1,1
247,3,2.636644971625804,2.681213981187069,0,0.58928530549452,1.3498302628604286,0.14567704882251356,4974.1714721831495,49.7417147218315,0.0,387.38494344118203,387.5880606844661,75156.6218838412,386819.0038117088,9397.384737020455,18356.061421227776,43618.928544482704,6.704402626331462,6.704402626331471,202.12311377470562,49797.87688622529,51694.17248485667,17378.898019118253,1,0.0009122959482345792,0.0008740057181291979,1,1
248,3,2.853733118449081,2.873906616535913,0,0.5497743005666852,1.5267930034355433,0.033675314281301785,4089.804393231889,40.89804393231889,0.0,383.36455195161255,387.5880606844661,75095.31873380028,386682.16307192895,9607.135522682614,17956.724161570623,43814.26527830763,6.456797471265891,6.456797471265895,202.12311377470562,49797.87688622529,51694.17248485667,17588.305011622913,1,0.0007467530252539454,0.0008407439761882583,1,1
249,3,3.256621098262959,2.873906616535913,1,0.5497743005666852,1.754011443988048,0.11013382530889115,4399.743984053839,43.99743984053839,0.0,383.0237608374508,388.58115381010157,75188.378434446,387075.6947584594,9639.613055710064,17897.58405734232,43539.659080939244,6.325248312775804,6.325248312775811,202.12311377470562,49797.87688622529,51942.44576626554,17693.917572973936,1,0.0008084112879018763,0.0008224867537968004,1,1
250,3,3.405642691252386,3.4145179130510406,0,0.46273003692875403,1.7007003367755658,0.07639261821238334,4035.4325905802184,40.354325905802185,0.0,381.93053339726913,389.95211905841325,75632.54192204741,388366.6028504964,9282.857804970365,18588.869628479686,43805.101443246436,5.895788266740811,5.895788266740812,202.12311377470562,49797.87688622529,52285.187078343464,17693.917572973936,1,0.0007369794763851411,0.0007640479298469876,1,1
251,3,2.9518474505667163,3.4145179130510406,1,0.46273003692875403,1.3965791662077238,0.11608913531156724,3598.222083741451,35.98222083741451,0.0,378.65683685683,389.95211905841325,75952.10295161519,389010.89650563325,9036.1843369868,19099.123303131128,43376.75167298692,5.693891267529312,5.693891267529313,202.12311377470562,49797.87688622529,52285.187078343464,17766.2695279783,1,0.0006636222298743059,0.0007363376647204411,1,1
252,3,2.7100546823301483,2.7258257347269534,0,0.5796408698732419,1.3535611477954055,0.1433157292434143,3416.8969260525414,34.168969260525415,0.0,376.3689621908702,389.95211905841325,75898.685078828,388760.81992445746,9284.726460371747,18589.56757075034,43519.75343996179,5.252191371998259,5.252191371998251,202.12311377470562,49797.87688622529,52285.187078343464,18079.100557064452,1,0.0006281096111017934,0.0006762371057870802,1,1
253,3,2.9960722752509845,2.986617566882652,0,0.5290265541594467,1.536208808166236,0.027715944198584884,2596.9267499742523,25.969267499742525,0.0,370.42302739358723,389.95211905841325,75853.36192392795,388679.65682367055,9407.554332454554,18347.579159521618,44606.01597415953,4.579655991719157,4.579655991719154,202.12311377470562,49797.87688622529,52285.187078343464,18214.909592954813,1,0.0004657536331383936,0.0005858284913714977,1,1
254,3,2.93428913906167,2.902188753684458,0,0.5444166917103925,1.5358158012949064,0.027964682724742854,4647.242143637009,46.47242143637009,0.0,376.7396427074103,389.95211905841325,75809.52796906128,388562.9123363503,9505.081869447258,18160.158576240316,44612.252599350184,4.9978031267825385,4.997803126782539,202.12311377470562,49797.87688622529,52285.187078343464,18389.98277430355,1,0.0008333570932402908,0.0006424067791601592,1,1
255,3,3.229122258449947,3.2300856561840026,0,0.4891511149170575,1.6269917817190402,0.029741633999392513,5017.189295987499,50.17189295987499,0.0,383.0176964067175,390.87903806647586,76153.61218587066,389489.67126259446,9326.504772791974,18510.495562271335,42905.51127560619,5.763354893072971,5.763354893072969,202.12311377470562,49797.87688622529,52516.91683035912,18389.98277430355,1,0.0009354862155137647,0.000744865647297483,1,1
256,3,3.246833097869755,3.203743666376065,0,0.4931730389613933,1.60830776621203,0.01791630772913285,4450.58844623665,44.5058844623665,0.0,382.0436212523131,391.37053630965664,76488.16328678353,390215.579624266,9247.969871962361,18669.69450698479,42416.91620822884,6.675473137741335,6.675473137741335,202.12311377470562,49797.87688622529,52639.79139115432,18389.98277430355,1,0.0008393987765425041,0.0008694140284321865,1,1
257,3,3.61714730984022,3.5544161693482654,0,0.44451744666964743,1.689902890873452,0.06955879169205813,6516.071778909783,65.16071778909783,0.0,390.06209838307467,393.3257001847621,77088.85652671418,391859.05719637265,8982.021483452829,19225.539539142323,42073.38375901302,7.672157962699093,7.6721579626990986,202.12311377470562,49797.87688622529,53128.5823599307,18389.98277430355,1,0.001238991722887304,0.0010046255716478576,1,1
258,3,3.6268780828028317,3.6062058897189613,0,0.43813360865070644,1.611853014210203,0.0201601355760778,6586.752290706321,65.86752290706322,0.0,395.4421180205814,394.1971206541398,77386.53413013653,392794.4632351241,8761.039573524882,19713.473953054774,42847.8128133466,8.386775820015142,8.386775820015131,202.12311377470562,49797.87688622529,53346.43747727512,18389.98277430355,1,0.0012297948218546407,0.0011027284404281495,1,1
259,3,3.7583031109919185,3.742006344967331,0,0.42223338346952854,1.6080510366128165,0.017753820641023026,4693.920329310903,46.93920329310903,0.0,384.66548984500724,394.83988656516357,77656.17095634485,393697.1304129264,8596.870298417329,20092.424712708496,43951.411817268454,8.405830799634483,8.405830799634478,202.12311377470562,49797.87688622529,53507.12895503106,18389.98277430355,1,0.000854383535860237,0.0011077233602007272,1,1
260,3,3.3928368295630653,3.4512417934978328,0,0.4578062316516718,1.486787276401614,0.05899539468252289,6073.736832567544,60.73736832567545,0.0,387.2449644756696,394.83988656516357,77615.01747509332,393505.6417957008,8700.59195644776,19854.68217099688,44495.44107429601,8.04640884862765,8.04640884862764,202.12311377470562,49797.87688622529,53507.12895503106,18693.693764034288,1,0.0010920196201540662,0.001058732659289648,1,1
261,3,3.7629396251754037,3.7130967759192384,0,0.4255208240859397,1.616170368122065,0.02289263805193979,4083.6760980718973,40.83676098071897,0.0,380.2697639402377,395.12682131442233,77757.15826430602,393946.62062656926,8613.876714185557,20055.74328890086,44466.96000119267,6.836130553505956,6.836130553505962,202.12311377470562,49797.87688622529,53578.86264234575,18693.693764034288,1,0.0007346895039305348,0.000893697553314946,1,1
262,3,3.708144872169086,3.785760447953883,0,0.4173534014424906,1.575717583749376,0.002710390032040562,4232.566740588082,42.32566740588082,0.0,375.4200427272441,395.4111790761112,78000.90191004786,394626.2632085062,8568.568710944977,20164.459960975335,45373.009745680436,6.562920855595265,6.56292085559526,202.12311377470562,49797.87688622529,53649.952082767966,18693.693764034288,1,0.0007462703954288204,0.0008576598398378071,1,1
263,3,3.575513908786282,3.6073569413373194,0,0.43799380701546614,1.5527991215992012,0.01721574582329043,3806.3988183606934,38.06398818360694,0.0,373.73066398254656,395.4111790761112,77951.58969652231,394526.1812727291,8662.542724138855,19946.586499685345,44579.37514170214,5.571822880500612,5.571822880500607,202.12311377470562,49797.87688622529,53649.952082767966,18872.23891916519,1,0.0006830780030023287,0.0007213459674538946,1,1
264,3,3.673313200407454,3.6360240932646626,0,0.43454057494469783,1.6215996842872287,0.026328914105840887,3722.119141385652,37.221191413856516,0.0,371.7703451037154,395.4856214589389,77969.6375401133,394637.457897061,8733.95579719703,19784.50997030188,45744.03681370422,5.3586949753328845,5.358694975332883,202.12311377470562,49797.87688622529,53668.5626784749,18877.822097877266,1,0.0006509472098484429,0.0006934318694265307,1,1
265,3,3.590395844326429,3.5757582140034496,0,0.44186432791019686,1.5868598054391527,0.004341649012121933,6658.546498201958,66.58546498201957,0.0,382.79301354270206,395.61879238890293,78002.96979032864,394790.71089149924,8739.217230974333,19773.170333766648,46808.16610135215,6.313790396513984,6.313790396513993,202.12311377470562,49797.87688622529,53701.85541096591,18887.80991762457,1,0.001138014505209955,0.0008240132393535754,1,1
266,3,3.1956125546144563,3.16587646606625,0,0.49907190534292206,1.4570553629278984,0.07781306143803904,3583.9083615470386,35.839083615470386,0.0,374.35733200782215,395.61879238890293,77970.50032696477,394672.8612696715,8876.67346456225,19468.312521472682,45980.115574007905,6.167637397051366,6.167637397051368,202.12311377470562,49797.87688622529,53701.85541096591,19091.091013116267,1,0.0006235579561827784,0.0008041732237470588,1,1
267,3,2.917336800305707,2.9387084614542536,0,0.5376511555073139,1.3924344362301289,0.11871238213282988,3077.8720646215293,30.778720646215294,0.0,363.5335002457886,395.61879238890293,77912.80248790217,394469.61253000284,9082.350473799654,19028.741735392305,45808.96566274395,5.884103440199153,5.8841034401991505,202.12311377470562,49797.87688622529,53701.85541096591,19371.91327478721,1,0.0005375143525014777,0.0007663622712980704,1,1
268,3,2.3591915006062187,2.351432039510624,0,0.6719309652380288,1.1810699211394406,0.25248739168389833,2844.376830946639,28.443768309466392,0.0,360.5558478029687,395.61879238890293,77876.98542291536,394179.4403331835,9302.030978639477,18580.841007287898,45850.04408591385,4.319948976065382,4.319948976065388,202.12311377470562,49797.87688622529,53701.85541096591,19716.323001670993,1,0.0004962920996310222,0.0005524548027717594,1,1
269,3,2.256052755148866,2.216761745511337,0,0.712751383047502,1.2004522544887286,0.2402200920957414,2883.7319487298546,28.837319487298547,0.0,360.00559869677596,395.61879238890293,77806.84380026803,393823.6704903295,9590.498807871083,18023.76660783107,45159.41124026454,4.049646987655954,4.049646987655949,202.12311377470562,49797.87688622529,53701.85541096591,20119.17443467404,1,0.0005108537723642762,0.0005148867414989253,1,1
270,3,2.4741282629189847,2.5023697591508727,0,0.6314014922143801,1.3580120323151117,0.1404987137246129,2635.6222935575843,26.356222935575843,0.0,358.36582118588643,395.61879238890293,77755.01856626305,393623.45297323255,9740.832680750264,17746.58019688074,45299.16945584811,3.872097198817237,3.8720971988172335,202.12311377470562,49797.87688622529,53701.85541096591,20363.17115441949,1,0.0004654605945703186,0.000490868822188539,1,1
271,3,2.5715439385272796,2.5573718587378718,0,0.6178217667491541,1.4520924295710878,0.08095415849931159,2896.3693676487774,28.963693676487775,0.0,358.96989867088735,395.61879238890293,77724.77071545502,393510.9551708512,9880.274887946767,17497.2064323671,44531.78490788052,3.936045772068839,3.936045772068842,202.12311377470562,49797.87688622529,53701.85541096591,20518.173508999585,1,0.0005203239661092003,0.0004988794443479316,1,1
272,3,2.681124066324815,2.743946590022422,0,0.5758129570543461,1.5464508476549328,0.021233640724726124,4946.692889770726,49.466928897707255,0.0,367.1949412183216,395.61879238890293,77733.56595706756,393515.17968136363,9985.858043071577,17312.754791257674,45615.39999759564,4.803593357379839,4.803593357379839,202.12311377470562,49797.87688622529,53701.85541096591,20565.93909888565,1,0.000867547870242324,0.0006177774769739477,1,1
273,3,2.6167372837185474,2.6476122341199804,0,0.596764125667052,1.5573499918540945,0.014335448193611116,3080.347402158157,30.803474021581568,0.0,361.7260702037437,395.61879238890293,77675.64950023782,393426.9630779567,10143.81616262483,17044.14684609574,46676.97993498463,4.944674760442746,4.944674760442739,202.12311377470562,49797.87688622529,53701.85541096591,20707.345096970083,1,0.0005279428800147237,0.000638604905455416,1,1
274,3,2.7104651850417367,2.7150916188051046,0,0.5819324803099457,1.5736248565977713,0.004034900887486568,3865.490787716789,38.65490787716789,0.0,360.0617940899226,395.8053258456633,77888.0376754878,393848.9950521704,10019.233722967661,17257.47027510344,48143.66191977092,5.231667423708266,5.231667423708267,202.12311377470562,49797.87688622529,53748.488775155995,20707.345096970083,1,0.0006423260107066125,0.0006792722536545534,1,1
275,3,2.749511320136499,2.7507982692608706,0,0.5743787240438174,1.582048123709443,0.001296280828761368,3385.3879271419605,33.85387927141961,0.0,358.74737082296986,395.8730336042061,78021.1029766213,394116.865348953,9974.691900772892,17335.457679848594,49357.23889014679,4.4481590924817365,4.448159092481733,202.12311377470562,49797.87688622529,53765.41571479171,20712.423178860794,1,0.0005487159335921098,0.0005729949414378154,1,1
276,3,2.734800550365216,2.742182828930357,0,0.5761833176587684,1.5884144311419206,0.00532558933032945,3366.1360456020925,33.66136045602092,0.0,356.44545204468517,395.94035632511816,78042.21853410463,394192.7960670582,10021.718295102019,17254.565415492234,50717.5090175107,4.446734491928276,4.446734491928272,202.12311377470562,49797.87688622529,53782.24639501972,20717.472382929198,1,0.0005309623616475173,0.0005740014353154133,1,1
277,3,2.8201126917780885,2.838552180063979,0,0.5566217915939062,1.592716019593387,0.008048113666700546,4565.561977321085,45.655619773210844,0.0,361.04945297973825,396.1760958521345,78170.16747805636,394511.80852504325,9882.628369130816,17498.49021988686,51924.697066575405,4.5926514381019965,4.592651438101998,202.12311377470562,49797.87688622529,53841.1812767738,20717.472382929198,1,0.0007034127858606221,0.000594363693700083,1,1
278,3,2.624154623702423,2.631418954524582,0,0.6004365049067066,1.533444100278292,0.029465759317536803,3142.178176506022,31.42178176506022,0.0,355.8877315014292,396.1760958521345,78111.94904009055,394404.6317713931,10052.850589908201,17203.257916026876,52685.7451108345,4.411192715776588,4.411192715776586,202.12311377470562,49797.87688622529,53841.1812767738,20879.19739976418,1,0.000477120051337735,0.0005704983996152915,1,1
279,3,2.5034791126720344,2.4942016370471207,0,0.6334692338148564,1.5192992489218995,0.03841819688487378,4840.554940999702,48.40554940999702,0.0,360.41000832476294,396.1760958521345,78047.22004886204,394235.1316605478,10245.085897890236,16881.702910798642,52149.55502919438,4.931792916110227,4.931792916110233,202.12311377470562,49797.87688622529,53841.1812767738,21106.75983606885,1,0.0007425650996699567,0.0006410326456227712,1,1
280,3,2.722782863342083,2.6963835774116545,0,0.5859700427031577,1.6184699154681854,0.02434804776467427,2642.8180905548174,26.428180905548174,0.0,352.8937219056327,396.4294897478392,78202.24509561187,394584.1945890247,10139.713825800065,17058.234311445198,51957.83889735143,4.205971266931696,4.205971266931698,202.12311377470562,49797.87688622529,53904.529750699985,21106.75983606885,1,0.0004069173232206217,0.0005422008247427711,1,1
281,3,2.548030541607958,2.5426785899513287,0,0.6213919471553202,1.543705426427695,0.02297124909639559,2366.524093032103,23.66524093032103,0.0,344.9507555472388,396.4294897478392,78150.841691041,394507.5193651581,10236.927030995113,16897.00786214692,52138.175191275746,3.9221427735421646,3.922142773542169,202.12311377470562,49797.87688622529,53904.529750699985,21229.736082187017,1,0.00036311575299291906,0.0005041993919611658,1,1
282,3,2.601446499947657,2.5710195119924726,0,0.6145422050008253,1.5940699440869277,0.008905027903118755,1946.6368074120503,19.466368074120503,0.0,341.1577778004826,396.46842248398747,78126.70358596498,394499.09444490174,10295.363113066167,16801.54401977463,52278.55465464646,2.8367957496423353,2.836795749642337,202.12311377470562,49797.87688622529,53914.262934737046,21286.366051986493,1,0.0002978868593857019,0.00035597331186641425,1,1
283,3,3.505373081459009,3.5388581490259328,0,0.4464716960850475,1.9788310853216324,0.25242473754533695,4186.332317841675,41.86332317841675,0.0,348.6910207975959,398.98022187469246,79062.93897889159,396549.24518211477,9882.522092963374,17506.25769857824,52393.3916244132,3.4067801892793534,3.406780189279357,202.12311377470562,49797.87688622529,54542.2127824133,21286.366051986493,1,0.000639215319038978,0.0004334059771391997,1,1
284,3,3.2241901277823963,3.2205812215298404,0,0.49059467571802723,1.721474919165475,0.08954108807941452,3915.276899040543,39.15276899040543,0.0,352.409328176415,400.2013622326621,79423.10501276782,397532.3837569954,9611.643859158376,18001.8697324279,51842.111744010544,3.9985825494599174,3.9985825494599205,202.12311377470562,49797.87688622529,54847.4978719057,21286.366051986493,1,0.0006041847860478616,0.0005137623214908471,1,1
285,3,3.201488266816599,3.2121262886172333,0,0.4918860150670364,1.5894871488439344,0.006004524584768552,4393.3583657930985,43.93358365793099,0.0,354.9395973304283,401.00223250428803,79856.43459815772,398622.725427792,9269.377187451199,18670.04859265849,50914.17768723336,4.959829228031747,4.959829228031748,202.12311377470562,49797.87688622529,55047.71543981218,21286.366051986493,1,0.0006903159104768927,0.0006445720051879108,1,1
286,3,3.116385184791266,3.0683302600647417,0,0.5149380497152423,1.5773520613739183,0.001675910522836591,4576.963960722223,45.76963960722224,0.0,357.48892334997464,401.00223250428803,79804.93605777662,398540.83831078315,9359.361506493891,18491.35411947135,51424.2921341636,5.136300426805081,5.1363004268050805,202.12311377470562,49797.87688622529,55047.71543981218,21439.798287171358,1,0.000712031418735898,0.0006688440384202175,1,1
287,3,3.0363401589234287,3.0056091733776356,0,0.5256837828400795,1.582270194737163,0.001436832112128376,1862.6902441641214,18.626902441641214,0.0,342.98031928076205,401.00223250428803,79726.04350498269,398426.64260842453,9496.904573282809,18224.341732046716,50448.69126191626,4.379284688737465,4.379284688737458,202.12311377470562,49797.87688622529,55047.71543981218,21612.229958891585,1,0.0002953797527858198,0.0005659090273328702,1,1
288,3,2.842803658516217,2.8597148043209133,0,0.5525026473313647,1.5247218943604892,0.034986142809816996,3109.3806933811397,31.093806933811397,0.0,342.3307186813596,401.00223250428803,79650.74903719635,398264.8849460293,9635.021231523853,17964.24233702354,50818.31553509005,3.888336276001972,3.8883362760019664,202.12311377470562,49797.87688622529,55047.71543981218,21824.46673420176,1,0.0004894897692914064,0.0004989669802710414,1,1
289,3,2.5572072558686756,2.5224928565255516,0,0.6263645091848828,1.4106520348878953,0.10718225640006633,2187.399147052173,21.873991470521727,0.0,340.00732486424437,401.00223250428803,79601.97302514603,398117.48871425283,9771.663836971167,17713.91459255083,51089.12898644805,2.986235448861124,2.986235448861126,202.12311377470562,49797.87688622529,55047.71543981218,22009.747013738735,1,0.00034252283261785953,0.0003757974515650286,1,1
290,3,2.5546756872357386,2.5532336934981683,0,0.6188231042162273,1.4518684269411832,0.08109593231570686,3322.9360911426293,33.22936091142629,0.0,342.8327831006303,401.00223250428803,79564.65942870513,397975.1426003707,9918.57800007527,17452.511259665313,50746.82103813394,3.545839306359034,3.545839306359036,202.12311377470562,49797.87688622529,55047.71543981218,22195.432890676184,1,0.0005238453992845138,0.0004519526670645932,1,1
291,3,2.531191139294895,2.540491389382947,0,0.6219269258707316,1.4956873241690325,0.053362453057574415,3468.4524417048333,34.68452441704834,0.0,345.9023057325201,401.00223250428803,79488.4403645616,397787.932828763,10114.031419978612,17116.242344985487,50383.02452113317,3.698869933902194,3.6988699339021975,202.12311377470562,49797.87688622529,55047.71543981218,22425.813793331035,1,0.0005507335019556026,0.00047236724461932524,1,1
292,4,2.552558951132486,2.5468862309838296,0,0.6203653625272717,2.1531147673853033,0.36273086543373617,2261.464117288218,22.61464117288218,0.0,400.1269453183167,436.72090440029547,75447.39360960771,397664.1583432605,14236.010809366084,16877.064506874674,51022.0548998739,3.76387648474636,3.7638764847463575,255.11027449936952,49542.76661172592,55047.71543981218,22580.788648613652,1,0.0003545861289555873,0.0004763883433985679,4,1
293,4,2.45147447034718,2.4351942109334503,0,0.6488188879992286,1.9437012665356168,0.23019067502254223,2509.7316846141844,25.097316846141844,0.0,397.6259192576906,438.226743411064,75922.42651277444,398563.07681403356,13802.763629632846,17408.602464200463,50150.96761960177,3.466518383794321,3.466518383794316,255.11027449936952,49542.76661172592,55424.175192504306,22580.788648613652,1,0.00040034827701043084,0.00043522263597387364,4,1
294,4,2.735070924628212,2.7158963671777463,0,0.5817600476567059,1.9528390998957994,0.23597411385810083,7260.61754087189,72.6061754087189,0.0,415.82239407409617,442.5831139355871,76962.72640471024,400903.5171345648,13099.59586175112,18346.787386511918,49435.032644888925,5.003132987321631,5.003132987321625,255.11027449936952,49542.76661172592,56513.26782363509,22580.788648613652,1,0.0011749752598369228,0.0006433032219343137,4,1
295,4,2.817547792196267,2.792536888055291,0,0.5657937793975943,1.8876224010160922,0.19469772216208364,3217.149554723464,32.17149554723464,0.0,407.2543081228927,444.38148455892303,77626.50681709882,402215.59461415716,12689.906950695446,18941.510385160556,48080.86006261353,5.444988065039871,5.44498806503988,255.11027449936952,49542.76661172592,56962.86047946907,22580.788648613652,1,0.0005352898513934927,0.0007035377960802821,4,1
296,4,2.6201124427117914,2.792536888055291,1,0.5657937793975943,1.6601943070131793,0.05075589051467038,3667.5972427744105,36.67597242774411,0.0,398.87099876186943,445.17963458726047,78019.3318409464,403051.5456212099,12341.901387640353,19477.94258532035,48645.41624812986,5.928608799176455,5.928608799176451,255.11027449936952,49542.76661172592,57162.39798655343,22580.788648613652,1,0.0006031560670081279,0.0007711403927461811,4,1
297,4,2.3649757774617295,2.3659245130592423,0,0.6678150512743926,1.5391558027782701,0.025850757735272113,1854.0667085814523,18.540667085814523,0.0,388.87677004340486,445.17963458726047,77935.55823330737,402930.16974118986,12508.32735557599,19219.55604436018,49569.226049013356,3.784688561832981,3.784688561832984,255.11027449936952,49542.76661172592,57162.39798655343,22741.698971485464,1,0.0002992286717163068,0.0004792248633726424,4,1
298,4,2.4787083416829048,2.4632411853284575,0,0.6414313017380461,1.6068745434939187,0.017009204742986457,3361.880280788671,33.61880280788671,0.0,391.32058474981665,445.35770568425727,78025.99907077497,403131.70930339623,12484.09336350564,19257.52479168996,48889.729753338244,3.8265708096643967,3.826570809664403,255.11027449936952,49542.76661172592,57206.91576080263,22741.698971485464,1,0.0005501164024019369,0.00048416704704212386,4,1
299,4,2.519528236748611,2.501288184082092,0,0.631674514778,1.594432749627913,0.009134651663235984,4051.012314598566,40.51012314598566,0.0,396.6622131719819,445.6149641492242,78249.23717291643,403519.9011499399,12334.941987537339,19491.71869651384,49844.75172189746,3.939311494783253,3.93931149478325,255.11027449936952,49542.76661172592,57271.23037704436,22741.698971485464,1,0.0006501807592022014,0.0004998419444401484,4,1
300,4,2.625127523047301,2.6542348054143705,0,0.5952751417383872,1.5732311342707739,0.004284092233687463,1310.3006458462596,13.103006458462596,0.0,382.2512902825946,445.75558944730557,78645.90337364606,404212.99883821735,12004.291749497974,20030.621044697047,50156.97066015638,3.70744042248859,3.707440422488592,255.11027449936952,49542.76661172592,57306.386701564705,22741.698971485464,1,0.00020899199111913422,0.00046976305090775755,4,1
301,4,2.4718823206798475,2.4801969980655905,0,0.6370461706196355,1.5319618812318645,0.03040387263806049,2930.954942189959,29.309549421899593,0.0,382.7812829087827,445.75558944730557,78570.2234003552,404074.53781905083,12207.828341597104,19697.82369991035,51149.18050766675,3.4792866870701795,3.479286687070178,255.11027449936952,49542.76661172592,57306.386701564705,22919.463618923437,1,0.0004584167195798007,0.00043919648996704544,4,1
302,4,2.3966735134298833,2.4801969980655905,1,0.6370461706196355,1.500135577621883,0.050547102770960174,2547.8435409143303,25.478435409143305,0.0,384.38504949057057,445.75558944730557,78518.68747813399,403963.3563698284,12268.66809890925,19600.889623810646,49977.538490404215,2.897161297402042,2.8971612974020426,255.11027449936952,49542.76661172592,57306.386701564705,23062.28712585803,1,0.0004078381797700615,0.0003584156301563322,4,1
303,4,2.2782185387483427,2.2582242738181106,0,0.699664784547109,1.4787332528071881,0.06409287797013413,4724.853197070157,47.24853197070157,0.0,391.99123965525456,445.75558944730557,78441.4957907451,403735.3255091956,12493.921815104333,19248.829528116683,50305.77167730525,4.220662830756313,4.220662830756316,255.11027449936952,49542.76661172592,57306.386701564705,23335.057982039856,1,0.0007513814879737482,0.0005392121291078701,4,1
304,4,2.1901312505622896,2.176999781496892,0,0.7257694802861219,1.4505264026510398,0.08194531477782294,3438.6424323144593,34.386424323144595,0.0,390.96469571373655,445.75558944730557,78405.25567141052,403605.5048003538,12620.838054051177,19056.041847942175,49473.12193952565,4.462247397481607,4.462247397481608,255.11027449936952,49542.76661172592,57306.386701564705,23510.53273326539,1,0.0005560421170133949,0.0005717539282524015,4,1
305,4,2.2147574650119197,2.2112646806212766,0,0.7145232381480825,1.5190320508343336,0.0385873095985231,4800.45782924587,48.0045782924587,0.0,394.7734542352652,445.75558944730557,78313.11497836611,403406.7244951692,12843.857791894166,18726.418516663318,48847.36907026208,5.3894619782404725,5.38946197824047,255.11027449936952,49542.76661172592,57306.386701564705,23761.872898356203,1,0.0007861971558535142,0.0006978735869468858,4,1
306,4,2.137783221029919,2.144737017682273,0,0.7366870562561743,1.4857227414876104,0.05966915095720864,2908.821911589863,29.088219115898628,0.0,388.5615265368529,445.75558944730557,78237.53584711996,403258.5606274508,12929.285430654007,18603.746635717238,47381.081641543846,4.760542449370993,4.7605424493709885,255.11027449936952,49542.76661172592,57306.386701564705,23954.52431271595,1,0.0004911364301214096,0.0006111252343294397,4,1
307,4,2.0994701719736453,2.100569926635658,0,0.7521768163798194,1.496286372552718,0.05298330851093801,3023.966231071461,30.23966231071461,0.0,383.77251807443196,445.75558944730557,78141.85191324652,403083.3709752883,13093.33531560949,18371.527971529897,48096.54459945706,4.62334419391058,4.62334419391058,255.11027449936952,49542.76661172592,57306.386701564705,24172.47014807019,1,0.0005029826996936653,0.0005934387618895297,4,1
308,4,2.1133950711936156,2.118172771919332,0,0.7459259324574928,1.5302831308944491,0.03146637285161453,3253.911828757813,32.539118287578134,0.0,385.44121549530263,445.75558944730557,78060.99410675002,402945.0321343775,13197.847459914523,18226.86613283486,46345.44114084629,4.089336830192757,4.089336830192751,255.11027449936952,49542.76661172592,57306.386701564705,24346.626282057263,1,0.0005616797248935877,0.0005185996182362208,4,1
309,4,2.070431841896633,2.112370311968702,0,0.7479749128491872,1.5226054483609788,0.036325665594317276,1974.8772493904837,19.748772493904838,0.0,378.84591428872807,445.75558944730557,77993.73797374692,402847.604900676,13300.783969141516,18086.344483754987,45601.1450681926,3.7369689264161803,3.736968926416176,255.11027449936952,49542.76661172592,57306.386701564705,24475.808361201707,1,0.00034646099284344275,0.00047037447247689855,4,1
310,4,1.61941271937126,1.6160241985772499,0,0.977708131716737,1.2290575476410204,0.2221154761765694,1510.337196106339,15.10337196106339,0.0,372.48898522357393,445.75558944730557,77905.9784835241,402634.2144923104,13512.440228286474,17804.062647375973,43834.25509563869,3.190710400442774,3.190710400442772,255.11027449936952,49542.76661172592,57306.386701564705,24714.449929675186,1,0.0002756450986218056,0.000394595272119612,4,1
311,4,1.7481163625060134,1.7698795422098865,0,0.8927161212492455,1.3758560207652553,0.12920505014857267,3863.165871672868,38.63165871672868,0.0,380.1725295318411,445.75558944730557,77884.36728856218,402435.8932932591,13760.670284563897,17483.84461777972,44099.453354658755,3.5337543879422806,3.5337543879422806,255.11027449936952,49542.76661172592,57306.386701564705,24939.818625722954,1,0.0007008097521036061,0.00044097194785628485,4,1
312,4,1.8345618309487346,1.8545953378746345,0,0.8519378689966295,1.4745360176625495,0.06674935590977885,2387.1618339522747,23.871618339522747,0.0,378.3007200212135,445.75558944730557,77804.57480017636,402292.67830812436,13906.254684907966,17301.635057260854,42675.05961833079,3.7885293171158323,3.7885293171158354,255.11027449936952,49542.76661172592,57306.386701564705,25110.568745125867,1,0.00044750481528126745,0.00047465322200222635,4,1
313,4,1.8283959875689784,1.8021809074194541,0,0.8767155358794722,1.5016810687096527,0.049568943854650244,2569.27638650408,25.692763865040803,0.0,375.23848061998297,445.75558944730557,77757.1136275733,402206.77738084394,14057.60601867277,17116.064772297144,42196.864840481845,4.304094322313831,4.3040943223138335,255.11027449936952,49542.76661172592,57306.386701564705,25226.751077384095,1,0.0004871028018250736,0.0005451391230699824,4,1
314,4,1.6427547588876652,1.6369102773544684,0,0.965233111342886,1.3770781393133402,0.12843155739662016,1265.1479005670094,12.651479005670094,0.0,367.4920503165002,445.75558944730557,77690.70817552556,402088.5269475791,14202.31549532875,16942.33660466715,42521.92323754108,3.1688485499024357,3.1688485499024366,255.11027449936952,49542.76661172592,57306.386701564705,25367.03338903813,1,0.0002380227053229908,0.00039087677414311063,4,1
315,4,1.828092779708749,1.8336587709500938,0,0.8616652263939694,1.5634307874780293,0.010486843368335913,1781.3031617699746,17.813031617699746,0.0,365.714436980576,445.75558944730557,77583.74330130407,401962.4850829785,14345.455407173196,16773.89473299961,42723.5071789585,2.888551409267006,2.8885514092670093,255.11027449936952,49542.76661172592,57306.386701564705,25512.821928210058,1,0.00033354998770274624,0.0003528918316169369,4,1
316,4,1.9058810611309587,1.9145963203331362,0,0.8252392335764455,1.5842573883822282,0.0026945496090051333,2750.527203059742,27.50527203059742,0.0,369.80437700297676,445.9512747480089,77850.18095369899,402313.8170984312,14143.355068109986,17014.629543679875,43614.2382938285,2.9279729790792812,2.927972979079283,255.11027449936952,49542.76661172592,57355.308026740546,25512.821928210058,1,0.0005045191314871955,0.0003586972748376442,4,1
317,4,1.9732430034038058,1.9492139972973026,0,0.8105831387373377,1.6171046656279273,0.023483965587295725,2415.096556756403,24.150965567564032,0.0,369.4763112830645,446.18689845267323,78096.90974376765,402636.7196146871,14043.632003285236,17136.49040898654,44964.31995988256,3.384807583589529,3.384807583589532,255.11027449936952,49542.76661172592,57414.21395290662,25512.821928210058,1,0.00042969119673753187,0.00042258677197582454,4,1
318,4,1.9543668400745455,1.913633073798595,0,0.8256546260792162,1.6095005446909272,0.018671230817042476,1366.201652972135,13.66201652972135,0.0,361.1658554691944,446.21422248573265,78102.7304393628,402666.68378102116,14078.166944869035,17094.683650056868,46335.93087034064,3.1317138226240764,3.1317138226240724,255.11027449936952,49542.76661172592,57421.04496117148,25514.871230689518,1,0.00023587770912298782,0.00039002934578257175,4,1
319,4,1.8800270476896928,1.8626496410956002,0,0.8482539953518327,1.5712004921525964,0.005569308764179549,3551.657443429059,35.51657443429059,0.0,366.9555796593631,446.28525563460124,78039.02512150878,402611.7242505783,14182.263394839998,16969.851341651123,47046.84400670095,3.3738197966843875,3.3738197966843892,255.11027449936952,49542.76661172592,57438.80324838863,25615.67416092665,1,0.0006039355061390628,0.00042316813733319416,4,1
320,4,1.839699068072387,1.8441333316080548,0,0.8567710224196562,1.5656382386831087,0.009089722352462895,2499.0772613584973,24.990772613584973,0.0,366.5383657735035,446.28525563460124,77936.9881613213,402488.8936943392,14311.786698877793,16817.027076780174,46989.516525633706,3.3635708697065425,3.3635708697065434,255.11027449936952,49542.76661172592,57438.80324838863,25763.917610624434,1,0.0004254697551519095,0.0004217609901379867,4,1
321,4,1.7332104660414909,1.711191933480251,0,0.923333010801757,1.5121445299013618,0.04294650006242926,1844.7611874893735,18.447611874893735,0.0,359.04847305691914,446.28525563460124,77837.3145658375,402359.9964648016,14491.123989123496,16609.634374230158,47834.501713693455,3.529598814460343,3.529598814460343,255.11027449936952,49542.76661172592,57438.80324838863,25919.335294314897,1,0.00030852395177538203,0.00044597640435545147,4,1
322,4,1.577847575534138,1.5716665383862034,0,1.005302308988746,1.4417633250592137,0.08749156641821923,4907.986932958026,49.07986932958026,0.0,369.375420721047,446.28525563460124,77762.17697624184,402106.8013485052,14830.66316133325,16230.490473678858,45968.35452783395,4.157777503053914,4.157777503053908,255.11027449936952,49542.76661172592,57438.80324838863,26201.104758355923,1,0.0008541505535050167,0.0005293814201441028,4,1
323,4,1.5886331873953907,1.5658754630690614,0,1.009020217293178,1.4780247755004174,0.06454128132884976,1514.8404946237515,15.148404946237516,0.0,358.70280993306943,446.28525563460124,77705.06058930435,402029.93348356494,14965.148311439007,16085.069517049773,45563.524584678904,3.7637280450537394,3.763728045053742,255.11027449936952,49542.76661172592,57438.80324838863,26303.247494944277,1,0.00026597424293784837,0.0004762162494060824,4,1
324,4,1.670984062292711,1.6909375258719246,0,0.9343928890485058,1.5636794498285025,0.010329462133859229,1972.5488054298203,19.725488054298204,0.0,351.4227970050602,446.3247066107098,77713.83523700717,402062.6630006572,15008.716301255521,16038.661720355392,45498.775472034904,3.851510869155675,3.8515108691556774,255.11027449936952,49542.76661172592,57448.66599241578,26306.20631815242,1,0.0003468311021499409,0.0004889852995309354,4,1
325,4,1.7753638453921914,1.7968126652785947,0,0.8793348525039598,1.6151081486335659,0.02222034723643406,1715.0564521235387,17.15056452123539,0.0,350.434610253956,446.51010031587373,77965.36600054745,402372.7453085347,14798.799130063644,16267.178735346259,45191.90883206211,2.51296416716279,2.512964167162792,255.11027449936952,49542.76661172592,57495.01441870675,26306.20631815242,1,0.0003036041621515691,0.0003054698357464528,4,1
326,4,1.793365442049658,1.7833559502520508,0,0.8859700721982566,1.5949234324520323,0.009445210412678609,1049.3197375416544,10.493197375416544,0.0,344.73702831096773,446.59077643309917,78199.4990566435,402653.12775990047,14632.456120213646,16453.041321209872,46417.3052125713,2.2938756479837,2.293875647983704,255.11027449936952,49542.76661172592,57515.183448013115,26306.20631815242,1,0.00018084974691852038,0.0002770950037400101,4,1
327,4,1.7999636587979098,1.8191094989957735,0,0.8685568410654927,1.5596938048534568,0.012852022244647661,2814.4743755370596,28.144743755370598,0.0,349.514156287989,446.6470659206099,78429.3397446787,402925.88806731463,14443.827726535,16668.890342962764,47455.43724474743,2.6021879426036016,2.602187942603602,255.11027449936952,49542.76661172592,57529.2558198908,26310.428029715727,1,0.00047446185962154677,0.00031963858956387875,4,1
328,4,1.7727351180622042,1.7568259681454428,0,0.899349183498178,1.568896711505961,0.007027397781037319,2915.161817635439,29.15161817635439,0.0,352.84886304481574,446.6470659206099,78325.66707354413,402800.6375739605,14597.514220165393,16494.091615285586,48820.108578701766,3.0207962467250433,3.0207962467250478,255.11027449936952,49542.76661172592,57529.2558198908,26458.457873171857,1,0.00047769853898394746,0.00037767004850800483,4,1
329,4,1.8726234676552769,1.8713960067518662,0,0.8442895006185064,1.5773934481738006,0.0016497163456958926,3803.0352128275235,38.03035212827523,0.0,356.3915677841984,447.06542400569526,78838.5831342032,403432.0905579928,14242.09259871336,16907.688351151057,49698.94998776747,4.06828279118151,4.068282791181516,255.11027449936952,49542.76661172592,57633.84534116213,26458.457873171857,1,0.0006121715189175746,0.0005214439725076896,4,1
330,4,1.9078211993946899,1.8893529903787205,0,0.8362651172363981,1.589860973262371,0.006241122317956265,3030.701704457757,30.30701704457757,0.0,354.1247782469482,447.1995727288139,79004.31920034664,403663.50054394716,14166.1342942407,16999.25451001333,49977.55857711295,4.091127339560522,4.091127339560517,255.11027449936952,49542.76661172592,57667.382521941785,26458.457873171857,1,0.0004851300128687209,0.000525000023590081,4,1
331,4,1.8788976703142333,1.9067172721818062,0,0.8286493351959033,1.5676337244222458,0.007826756694781185,1958.7602181955217,19.587602181955216,0.0,345.52076651416456,447.2387479331778,79014.41516272243,403702.0212193115,14174.687547470052,16989.164621467437,49907.682669759706,3.6868184123807106,3.6868184123807066,255.11027449936952,49542.76661172592,57677.17632303276,26461.39601349915,1,0.0003139813533169526,0.00047042762836774937,4,1
332,4,1.9606341908613747,1.939320823550231,0,0.8147182151674947,1.6048408831694392,0.015722077955341206,2232.581730206169,22.32581730206169,0.0,343.2369864059537,447.38441696854886,79178.0899047398,403929.49042365263,14040.049767497385,17152.729534897026,50959.060858971425,3.043211274789504,3.0432112747895,255.11027449936952,49542.76661172592,57713.593581875524,26461.39601349915,1,0.0003504902472806258,0.0003832005378220998,4,1
333,4,2.1105936820809847,2.081706518491074,0,0.7589926754638131,1.625421899402096,0.028748037596263192,3090.7899312055984,30.907899312055985,0.0,346.73250590156545,447.9189391833084,79702.87447854278,404622.5106712323,13619.351292296247,17684.588107331176,51966.52572904123,3.018227488026779,3.0182274880267745,255.11027449936952,49542.76661172592,57847.224135565404,26461.39601349915,1,0.00047581244085029555,0.0003800946804826246,4,1
334,4,2.221888672645985,2.200303047831527,0,0.7180829029697265,1.5907042775961036,0.00677485923804018,2252.87717915895,22.528771791589502,0.0,343.81693966890066,448.2558667459242,80164.99941656314,405331.55181140156,13132.129771010928,18342.900561014852,51983.571859206015,3.0957305074209662,3.095730507420964,255.11027449936952,49542.76661172592,57931.45602621936,26461.39601349915,1,0.0003467060224735177,0.00039100290353481304,4,1
335,4,2.3162805649791003,2.3441711418122084,0,0.674012221982457,1.6163608836197239,0.023013217480837837,4270.875001403927,42.70875001403927,0.0,350.07347652621473,448.85459550534966,80545.40664937932,405967.55797954486,12965.786512964358,18580.25618783355,51718.252511872364,3.856075338017484,3.85607533801748,255.11027449936952,49542.76661172592,58081.13821607572,26461.39601349915,1,0.0006606371706659673,0.0004943852113299269,4,1
336,4,2.2557878788697616,2.2295084154318237,0,0.7086764010684288,1.6093081985113022,0.018549492728672262,3778.4202386908432,37.78420238690843,0.0,352.6059607350843,448.9301639101235,80568.07160855227,406028.05120724963,13110.014450469787,18376.474883141826,51580.15006763883,4.126717734286194,4.126717734286197,255.11027449936952,49542.76661172592,58100.03031726917,26467.063643857186,1,0.000586027025316688,0.0005311234061520577,4,1
337,4,2.3617568822377994,2.359911890841153,0,0.6695165214142101,1.598090753227739,0.01144984381502469,3287.288536011899,32.87288536011899,0.0,348.34616622490256,449.3417193935802,81006.71969348314,406715.8735648459,12768.39446704041,18869.919275080312,52133.677252580106,4.5049052828292115,4.504905282829208,255.11027449936952,49542.76661172592,58202.919188133346,26467.063643857186,1,0.0005044399258598949,0.0005837013739475168,4,1
338,4,2.741200105607013,2.701753549378845,0,0.5848053758875434,1.7247692124981981,0.09162608385961903,3632.999302154466,36.32999302154466,0.0,348.77665219165294,450.6695950634482,81647.14203526462,407951.25334955304,12313.528131208182,19570.064428952148,52301.98846262562,4.249063490210031,4.249063490210027,255.11027449936952,49542.76661172592,58534.888105600345,26467.063643857186,1,0.000555695782733089,0.0005487209113032239,4,1
339,4,2.502699263674893,2.542626189213196,0,0.6214047533620833,1.5618778582502868,0.011469709968172957,2393.9187957122213,23.939187957122215,0.0,342.473427353578,450.71747343936244,81794.58706424115,408221.889397077,12263.652954085,19650.85493467224,52402.39416053331,3.7075108681503997,3.707510868150401,255.11027449936952,49542.76661172592,58546.857699578904,26470.654522050754,1,0.000365467087382079,0.00047520093199168766,4,1
340,4,2.676187412940449,2.6785142084447653,0,0.5898792677741295,1.5902434434609654,0.0064831920639020785,2513.6662782250646,25.136662782250646,0.0,339.01530750367357,450.99898358081026,82178.38592220304,408892.9368918975,11967.2814187247,20139.487467532075,53418.96325576964,3.389155473070958,3.3891554730709608,255.11027449936952,49542.76661172592,58617.235234940854,26470.654522050754,1,0.00037644553544622684,0.0004325361351871316,4,1
341,4,2.8557106156073107,2.9135000498126122,0,0.5423030626347924,1.6410257655920133,0.03862390227342609,6979.767123783958,69.79767123783958,0.0,355.7402395946696,452.27882848330523,82611.24485063573,409884.9844584221,11769.345353861567,20480.9974166652,54404.591898121966,4.541437531453255,4.541437531453255,255.11027449936952,49542.76661172592,58937.19646056459,26470.654522050754,1,0.0010263497076650103,0.0005894207768311054,4,1
342,4,2.972016013356175,2.9425738409089934,0,0.536944894307876,1.6147266307762667,0.021978880238143407,4497.690725379036,44.97690725379036,0.0,354.373149901693,452.8801005415594,82909.83945680474,410615.3344622113,11444.54064079495,21064.468376047334,55204.7926302823,5.233775345810733,5.23377534581074,255.11027449936952,49542.76661172592,59087.514475128126,26470.654522050754,1,0.000651782645829464,0.000684859296313567,4,1
343,4,2.6699345061356086,2.666743213863841,0,0.592482992657827,1.4963378689836564,0.05295071583312891,2692.112213760887,26.92112213760887,0.0,337.05876368913715,452.8801005415594,82875.04749509602,410556.6675430867,11623.869890786304,20740.617449801422,55847.40327137907,5.242132291241113,5.242132291241117,255.11027449936952,49542.76661172592,59087.514475128126,26601.079037520896,1,0.00038563830095076994,0.000687923551481748,4,1
344,4,2.6941768478741723,2.7273895107947332,0,0.5793085269802934,1.5472899477090318,0.020702564741119138,3810.595543720671,38.10595543720671,0.0,337.9320423681418,452.8801005415594,82779.48680215314,410375.717193423,11767.097917242827,20489.141561505,56853.609173053555,4.0460905434174546,4.046090543417457,255.11027449936952,49542.76661172592,59087.514475128126,26836.88943839688,1,0.0005361975219018107,0.0005245394895606816,4,1
345,4,2.5901208282108725,2.5859918756996967,0,0.610984131407024,1.5327770094096287,0.029887968728083154,3734.839787972497,37.34839787972497,0.0,340.3616750719382,452.8801005415594,82723.52651482368,410260.8660323795,11945.055787011754,20185.02208615239,56245.78622268322,3.7566353450180756,3.756635345018072,255.11027449936952,49542.76661172592,59087.514475128126,27000.61863312236,1,0.0005312170086037532,0.0004843509438187779,4,1
346,4,2.522528015668578,2.565444782526294,0,0.6158776095130422,1.5186230898082536,0.03884614569097881,2512.1283153760955,25.121283153760956,0.0,332.89214990764617,452.8801005415594,82674.35686003815,410175.9032950881,12048.265819205832,20012.923728827438,57378.41595102215,3.6614222992404493,3.6614222992404426,255.11027449936952,49542.76661172592,59087.514475128126,27133.42837367362,1,0.00035025411890358667,0.00047255621646971683,4,1
347,4,2.2835630947409786,2.2956384655116553,0,0.6882616856865775,1.4213556144546824,0.1004078389527327,3171.43856437039,31.7143856437039,0.0,332.98243805254987,452.8801005415594,82599.71545753031,409961.77060762845,12251.10666249357,19682.741433387862,56964.023933393146,3.442068566893027,3.442068566893027,255.11027449936952,49542.76661172592,59087.514475128126,27390.69082569584,1,0.0004453952997532179,0.0004422888090868526,4,1
348,4,2.6327859407452094,2.67182422407614,0,0.5913562672882534,1.5807438102396467,0.00047076597445990334,3613.7443473888907,36.13744347388891,0.0,336.2255968476795,453.2817706049182,82981.63887651077,410681.40230888024,12033.153229690593,20041.65155716111,57332.58358268041,3.377141961676551,3.377141961676549,255.11027449936952,49542.76661172592,59187.93199096784,27390.69082569584,1,0.0005042499914105481,0.00043329980335578424,4,1
349,4,2.4221755854025804,2.444129215153704,0,0.6464470005120571,1.5012921674716975,0.049815083878672534,3595.8804106341067,35.95880410634107,0.0,337.2457644601302,453.2817706049182,82923.85850149526,410544.7950986281,12226.41043016092,19726.015683489895,57702.65150875158,3.737241904327561,3.7372419043275604,255.11027449936952,49542.76661172592,59187.93199096784,27574.937578371857,1,0.0004985393657466477,0.00048272821897013784,4,1
350,4,2.2765481407562262,2.2709226809860286,0,0.695752441608434,1.4613847320045228,0.07507295442751727,3516.041028420238,35.16041028420238,0.0,336.9420189801245,453.2817706049182,82864.59168780214,410379.44808678614,12443.04791048474,19383.805623245702,57197.35381452077,3.851794159449328,3.851794159449331,255.11027449936952,49542.76661172592,59187.93199096784,27787.287732440982,1,0.0004917767405564998,0.0004981886992378985,4,1
351,4,2.241548153182839,2.2522824014261005,0,0.7015106094153981,1.4842816956999438,0.06058120525320015,3349.701783456413,33.49701783456413,0.0,335.9593805725355,453.2817706049182,82807.72236381663,410242.29520553496,12638.030816422066,19085.834392816978,57040.82062852424,3.7679201545702785,3.767920154570284,255.11027449936952,49542.76661172592,59187.93199096784,27968.893588856037,1,0.0004697971377755863,0.0004867044146929112,4,1
352,4,2.3465972745221766,2.3625556691583087,0,0.6687673101742807,1.570888155670835,0.005766990081750075,2914.9331986011234,29.149331986011234,0.0,333.2472076629359,453.34006926889026,82826.75996799025,410299.65533875965,12707.326235381506,18982.240716988817,56247.98906825296,3.564896784627927,3.5648967846279236,255.11027449936952,49542.76661172592,59202.506656960846,27973.26598865394,1,0.00041458309843774976,0.000458718992256612,4,1
353,4,2.3430076100392645,2.3406888585231225,0,0.6750149616198517,1.5782537077230598,0.00110524827654445,3260.222409324674,32.60222409324674,0.0,334.2568267774727,453.40527371707674,82847.14710902589,410357.31188808114,12746.963714742116,18923.594376738733,55408.152545752615,3.517603891236909,3.517603891236905,255.11027449936952,49542.76661172592,59218.80776900747,27978.15632226793,1,0.00047072096932054684,0.00045170040184462764,4,1
354,4,2.405207473940517,2.402788417565008,0,0.657569342539605,1.5886331762753907,0.005464035617335835,3687.852844204529,36.878528442045294,0.0,336.88161932867916,453.4790307739608,82974.80911206837,410589.20330129354,12622.755318572506,19110.98539760699,56545.32198244117,3.6413015717744504,3.641301571774454,255.11027449936952,49542.76661172592,59237.247033228494,27983.688101534237,1,0.0005217553233280315,0.00046901979702877603,4,1
355,4,2.096103458744382,2.1265938198409504,0,0.7429721582272676,1.4292268581197773,0.09542603916469793,2021.2540394235111,20.212540394235113,0.0,328.4782911989914,453.4790307739608,82881.8601415792,410407.9295411469,12825.508478512958,18809.884889326233,55934.3802919485,3.3328249666302336,3.332824966630235,255.11027449936952,49542.76661172592,59237.247033228494,28202.44553308696,1,0.00028908932629607937,0.0004271885396482192,4,1
356,4,2.1841303003817223,2.178225819574607,0,0.7253609730457439,1.5418426740817543,0.02415020627737071,3425.092289025838,34.25092289025838,0.0,331.0339874388362,453.4790307739608,82761.45310277135,410208.2984198684,13050.3582085225,18486.764747930403,56278.183014164155,3.3724940702145436,3.372494070214545,255.11027449936952,49542.76661172592,59237.247033228494,28438.863925026046,1,0.00048688029436398927,0.0004325749813293667,4,1
357,4,2.2293984347178437,2.225236039609191,0,0.7100370351171775,1.5776102265847414,0.0015125148197839874,1792.253885067643,17.922538850676432,0.0,324.91759576168533,453.51487585166217,82773.18396247437,410247.7300730853,13066.250987244102,18464.560515466314,57650.0227758438,2.6990979082011757,2.699097908201176,255.11027449936952,49542.76661172592,59246.20830265383,28441.552305853646,1,0.0002487081598612827,0.00034155926017378374,4,1
358,4,2.1367165870789213,2.133907323753438,0,0.7404257825128309,1.5504429672415185,0.01870698275853262,2801.8446936875885,28.018446936875886,0.0,325.5621898848724,453.51487585166217,82669.60162505107,410092.8102915673,13231.515018011,18234.78722436871,57374.09519674017,2.947694766844791,2.947694766844792,255.11027449936952,49542.76661172592,59246.20830265383,28628.36497731571,1,0.00039067731652479723,0.0003754219235833564,4,1
359,4,2.2284200589607326,2.232911752180981,0,0.7075962578712508,1.5915554553407045,0.007313579329559783,3543.2687825874264,35.43268782587426,0.0,330.3446603915606,453.691307997948,82848.20331528467,410370.44415710674,13127.391271802913,18380.347309763947,57442.832120425584,2.966513779475691,2.966513779475693,255.11027449936952,49542.76661172592,59290.31633922529,28628.36497731571,1,0.0004934671431463083,0.00037761753984412943,4,1
360,4,2.1859688974447486,2.1451698288332177,0,0.7365384216966077,1.579036441365821,0.0006098472368221282,1455.2986028075018,14.552986028075019,0.0,320.57634917636034,453.72041397000413,82796.01193920229,410322.5566032378,13202.157168774456,18276.655429912396,56333.07318112359,2.862028263537657,2.862028263537655,255.11027449936952,49542.76661172592,59297.59283223933,28716.244900664016,1,0.00020667057848995914,0.0003636050127203549,4,1
361,4,2.0502503275798376,2.062236766381841,0,0.7661583896460554,1.5279764424701652,0.03292630223407272,2825.099724711099,28.25099724711099,0.0,322.39695271539176,453.72041397000413,82712.99262605043,410186.3038277745,13410.281551155434,17994.017040436887,54748.505246702436,2.9231129524900177,2.9231129524900203,255.11027449936952,49542.76661172592,59297.59283223933,28881.870821889224,1,0.0004128112301120781,0.0003709829839161152,4,1
362,4,2.151711748857592,2.1113297738773733,0,0.7483435413779027,1.6050853090619317,0.015876777887298497,2437.116887376546,24.37116887376546,0.0,323.3752443077764,453.76915630775164,82724.82187872201,410224.53576500656,13416.65520704006,17985.8194928165,56273.546051687146,2.560222602018059,2.5602226020180607,255.11027449936952,49542.76661172592,59309.778416676214,28885.52649722029,1,0.000346467149610662,0.00032198298607089975,4,1
363,4,1.9939192241934516,1.9925750036993162,0,0.7929438023997342,1.5192919506531828,0.03842281604228942,3526.4272677268273,35.26427267726827,0.0,326.77069405938465,453.76915630775164,82638.22051575019,410067.0555966547,13560.120514124372,17796.30634116658,57139.225854979435,3.2577280056276288,3.257728005627632,255.11027449936952,49542.76661172592,59309.778416676214,29076.42354965096,1,0.0004937311928834282,0.0004176698575353894,4,1
364,4,1.8816222542240242,1.8872829748554123,0,0.8371823521170938,1.459685973989705,0.07614811772803484,2182.3412446376883,21.823412446376885,0.0,321.8753469357714,453.76915630775164,82582.76133460064,409956.21130792855,13682.619328225823,17637.71214002708,57080.67102276016,2.994565362874965,2.9945653628749644,255.11027449936952,49542.76661172592,59309.778416676214,29217.451213010012,1,0.00030586062925118857,0.00038201965724842625,4,1
365,5,1.9485105898335007,1.9712739947026623,0,0.8015121207127373,2.0057658500447353,0.2694720569903387,4529.385149912854,45.29385149912854,0.0,361.9204513736096,470.8174082152078,78367.85027241957,409790.2220856572,17962.202554948624,17449.46544696189,56041.07840871468,3.7547415366202306,3.754741536620231,280.2053920435734,49262.56121968235,59309.778416676214,29411.381453093745,1,0.0006465807266419071,0.0004820575162588413,7,1
366,5,1.8360233910365866,1.8365591728580672,0,0.8603044341561792,1.7589681911013204,0.11327100702615212,2625.7190080057326,26.257190080057327,0.0,358.5006902339929,471.865449591668,79058.28062807219,410670.1757945902,17329.651217657265,18088.81204054226,53295.52951655279,3.522197486642151,3.5221974866421557,280.2053920435734,49262.56121968235,59571.788760791256,29411.381453093745,1,0.0003941372241647734,0.00044885952668595637,7,1
367,5,1.785536699450781,1.7814971839382643,0,0.8868944695759637,1.5993055829794343,0.012218723404705182,2604.8591248470034,26.048591248470036,0.0,353.3710270628345,472.32998926833255,79825.47821377295,411527.1753283495,16757.4963308511,18708.82275912821,53402.53558447082,3.7234800985603225,3.723480098560325,280.2053920435734,49262.56121968235,59687.9236799574,29411.381453093745,1,0.00039022253851249465,0.00047698016310639173,7,1
368,5,1.7117366232963438,1.713483103374853,0,0.9220983836304272,1.5712254081730639,0.005553539130972268,2764.400290854938,27.64400290854938,0.0,353.73866479752365,472.32998926833255,79718.96736672822,411410.7894616432,16964.323925060373,18481.405914732863,53486.67215484358,3.1561180431570213,3.156118043157019,280.2053920435734,49262.56121968235,59687.9236799574,29552.924233479345,1,0.00041347127117604424,0.0003992770112844374,7,1
369,5,1.709701302636992,1.7077812485072368,0,0.9251770397298075,1.5766444268873359,0.0021237804510532985,1608.4557508210842,16.084557508210843,0.0,346.5867073767953,472.36215838334897,79728.5750582528,411439.17590193835,17003.77137268777,18438.761187910673,55102.70699810716,2.7534684956887543,2.753468495688753,280.2053920435734,49262.56121968235,59695.9659587115,29555.33691710558,1,0.00023352112278278257,0.0003457383108237738,7,1
370,5,1.7232597977584005,1.7269184859779634,0,0.9149244812821825,1.593843271076553,0.00876156397250192,3083.1816046904173,30.831816046904173,0.0,349.6262957025433,472.4238220154428,79745.34271801398,411474.4861285993,17029.007278643985,18411.724773415874,56598.8007390328,2.8602522310538356,2.8602522310538383,280.2053920435734,49262.56121968235,59711.381866734955,29559.961689512613,1,0.00043579461959364547,0.0003609290045174908,7,1
371,5,1.8217418563005976,1.8430271755713632,0,0.8572852429645693,1.6003821453210993,0.012900091975379288,3731.822839095083,37.31822839095083,0.0,354.7553236241563,472.8583736727976,80171.09788015006,412016.5109391525,16597.086749779017,18892.742407256756,56955.48064208397,3.131503847736163,3.1315038477361647,280.2053920435734,49262.56121968235,59820.01978107366,29559.961689512613,1,0.0005241740105815443,0.0003978299176526574,7,1
372,5,1.8428864167535628,1.8649824726707747,0,0.8471929485414084,1.5825126850018667,0.0015903069632067293,1366.7253514529912,13.667253514529913,0.0,342.58501444048505,472.9263338898028,80397.77856255292,412306.4514479582,16409.604152679545,19109.506599146356,57394.62642324855,3.0173452963784935,3.017345296378492,280.2053920435734,49262.56121968235,59837.009835324956,29559.961689512613,1,0.0001905022036556898,0.0003834902779436265,7,1
373,5,1.8982061146876235,1.9082703628461033,0,0.8279749194676471,1.5841045472357842,0.0025978147061924864,1583.4684664571844,15.834684664571844,0.0,336.1191595402994,473.0166796724411,80638.62441761824,412619.63113526284,16177.305031629106,19384.995380380376,58708.560320889774,2.4730645125356907,2.473064512535692,280.2053920435734,49262.56121968235,59859.59628098454,29559.961689512613,1,0.0002157734351245881,0.0003101498831206074,7,1
374,5,1.8606379998682325,1.8700881870683768,0,0.8448799425212506,1.5676466157652686,0.007818597616918622,2851.571469023153,28.51571469023153,0.0,340.8091516918332,473.0737111018216,80652.53189562313,412651.9648136511,16254.907473685882,19292.931344171473,59666.23377397936,2.127441232488622,2.127441232488623,280.2053920435734,49262.56121968235,59873.854138329654,29564.239046716146,1,0.0003823363787062736,0.00026287067249551713,7,1
375,5,1.9153036507243406,1.8876502863725197,0,0.8370194476203914,1.6093197199752303,0.018556784794449492,3119.101361949541,31.19101361949541,0.0,344.24617335614874,473.13609312906055,80672.79550707802,412690.91676997894,16233.013327934601,19319.436220994394,59157.59200182991,2.694184773328314,2.6941847733283106,280.2053920435734,49262.56121968235,59889.4496451394,29568.91769875907,1,0.00042180234271240233,0.0003399707188477547,7,1
376,5,2.0420800017126983,2.0358664039354,0,0.776082358324596,1.6544443111446485,0.04711665262319522,2345.638667630913,23.45638667630913,0.0,340.7287310684698,473.5541437272697,81031.53479627756,413207.44336989993,15940.507390674851,19675.36238021164,57726.008485617785,2.963187962666552,2.963187962666551,280.2053920435734,49262.56121968235,59993.962294691686,29568.91769875907,1,0.00032507200538077317,0.0003764035755998163,7,1
377,5,2.1776823148019835,2.2337825315825945,0,0.7073204207038895,1.667151910276856,0.05515943688408599,3342.3965427924154,33.42396542792415,0.0,343.39136670270625,474.2896581109415,81583.44032903384,413990.38569270336,15496.229282242446,20241.625400802255,58088.96642540345,3.153260746745893,3.1532607467458917,280.2053920435734,49262.56121968235,60177.84089060963,29568.91769875907,1,0.00046031413515813146,0.00040239616108376895,7,1
378,5,2.0446579467280874,2.0823175760486072,0,0.7587699485292719,1.559260751821353,0.013126106442181663,4130.732496782895,41.307324967828954,0.0,348.24472393698846,474.37227276087714,81707.03413255666,414178.6645008912,15466.506697583663,20281.223515950336,59804.867440844915,3.4682123941377165,3.468212394137719,280.2053920435734,49262.56121968235,60198.494553093544,29575.113797504244,1,0.0005525613781679222,0.000445982506235609,7,1
379,5,1.9952770520644658,1.975946957208771,0,0.79961660622303,1.5540955554210412,0.016395218087948676,2078.2596912977574,20.782596912977574,0.0,338.13929979466064,474.37227276087714,81611.32795144696,414063.9730391201,15631.020581241522,20068.40348864453,60665.46027574305,3.3349921511162464,3.3349921511162472,280.2053920435734,49262.56121968235,60198.494553093544,29725.41580858533,1,0.0002740616728993971,0.00042897906207515026,7,1
380,5,1.8218747323279376,1.7842498932994884,0,0.8855261843834087,1.4584066301438612,0.07695782902287271,1992.2077622475724,19.922077622475726,0.0,331.6681677626506,474.37227276087714,81494.66301495025,413879.6995292464,15846.708050323125,19796.06811346814,59507.17296924219,2.8665989805712293,2.866598980571227,280.2053920435734,49262.56121968235,60198.494553093544,29938.88265286619,1,0.0002678275794788365,0.0003648168768487186,7,1
381,5,1.6977510466344585,1.6833932290776132,0,0.938580465163053,1.4124768699655241,0.10602729749017464,3617.107072220177,36.17107072220177,0.0,337.71169307800227,474.37227276087714,81368.0969304497,413587.365040624,16155.856270937515,19418.811363565568,58492.95460414405,2.7331178701563172,2.733117870156315,280.2053920435734,49262.56121968235,60198.494553093544,30257.471129781152,1,0.0004947067005521265,0.00034553198431012,7,1
382,5,1.6648873388376058,1.668888645787967,0,0.9467378209970395,1.4144699504772218,0.10476585412834068,1517.9344908519763,15.179344908519763,0.0,329.96662933894254,474.37227276087714,81261.72654870234,413422.9572147196,16326.330959183086,19216.740302221122,58649.14676415784,2.5646818687137527,2.564681868713753,280.2053920435734,49262.56121968235,60198.494553093544,30446.13966490547,1,0.00020705290011545458,0.00032319572671547255,7,1
383,5,1.6204627309947819,1.6026160407071437,0,0.9858880479586586,1.416741940257453,0.10332788591300444,2258.3094647235694,22.583094647235693,0.0,328.2221825543341,474.37227276087714,81142.45808359342,413213.9708965628,16562.36685075532,18943.956874626885,56696.50858722647,2.6943048375431236,2.6943048375431227,280.2053920435734,49262.56121968235,60198.494553093544,30679.03552011379,1,0.0003186523503469995,0.0003401373170048602,7,1
384,5,1.5545887605349964,1.5612792069405252,0,1.0119906759638206,1.3878247851453784,0.12162988281938078,1633.976807693653,16.33976807693653,0.0,326.56536878912584,474.37227276087714,81044.14524335734,413044.8216117625,16736.519749222283,18747.615528344566,54459.124843638354,2.0821617671934867,2.082161767193489,280.2053920435734,49262.56121968235,60198.494553093544,30865.562316039053,1,0.00024002982969485248,0.0002552450267191022,7,1
385,5,1.6875509503671717,1.6639263321509898,0,0.9495612693126284,1.525630832217095,0.034410865685382916,2327.5503119814716,23.275503119814715,0.0,328.0832834561003,474.37227276087714,80954.53127197376,412923.80788622214,16842.66580164094,18630.232216119304,54689.71692513835,2.406908909556406,2.406908909556406,280.2053920435734,49262.56121968235,60198.494553093544,31006.48128898858,1,0.0003404735577867442,0.0002997185792761987,7,1
386,5,1.4794188957161074,1.4711950683741493,0,1.0739568354766806,1.3730599867136193,0.13097469195340555,2229.964375521414,22.299643755214138,0.0,328.811175837868,474.37227276087714,80846.79161683939,412713.06006115617,17065.750378814544,18387.684314085567,54957.001336490735,2.420829796038061,2.42082979603806,280.2053920435734,49262.56121968235,60198.494553093544,31236.8298076834,1,0.0003246122344802312,0.0003017052073206093,7,1
387,5,1.3487999235472128,1.346410334947499,0,1.173490695213365,1.2884906262832019,0.1844996036182267,1639.0814324392686,16.390814324392686,0.0,324.7442817047143,474.37227276087714,80740.81901797214,412509.3793220771,17314.294529948886,18124.710154574324,54038.361872583904,2.428181955113034,2.4281819551130353,280.2053920435734,49262.56121968235,60198.494553093544,31459.3151248174,1,0.00024265449590111997,0.0003025800960560318,7,1
388,5,1.3905411232172498,1.3693674118476016,0,1.153817438862668,1.3649733659765324,0.13609280634396687,2611.3925569871926,26.113925569871927,0.0,327.40563046266476,474.37227276087714,80624.6161295977,412269.0203505707,17551.760963005472,17880.528669859716,53084.84921109093,2.5630860185571263,2.563086018557123,280.2053920435734,49262.56121968235,60198.494553093544,31718.617980093153,1,0.0003935424281384752,0.0003202697195066088,7,1
389,5,1.3993946632740186,1.4073312350952296,0,1.122692341787672,1.4053324156278244,0.11054910403302257,2274.733057370144,22.74733057370144,0.0,327.6758312785573,474.37227276087714,80546.08939933249,412111.9557349146,17753.297425134402,17678.286927687925,53551.156590171,2.5983205137874372,2.5983205137874363,280.2053920435734,49262.56121968235,60198.494553093544,31894.630467580246,1,0.00033982206207477624,0.0003253396620381238,7,1
390,5,1.5173151074053701,1.557874968735328,0,1.0142020583863884,1.5351232383527584,0.028403013700785844,1601.5712506422665,16.015712506422666,0.0,321.9778701500843,474.37227276087714,80549.27438336922,412115.57305747614,17819.510082961,17612.795624442224,54807.98641670316,2.5677901576913493,2.567790157691351,280.2053920435734,49262.56121968235,60198.494553093544,31910.063825347734,1,0.00023377195264435774,0.0003223788142858697,7,1
391,5,1.6824093532289899,1.695152533558752,0,0.9320695151149588,1.6169840735878496,0.02340764151129715,2093.6368689549267,20.93636868954927,0.0,322.1187393295911,474.7064334887455,81050.32216573786,412679.39511623967,17368.8126421125,18071.577401955416,54691.41332442811,2.35592294527331,2.3559229452733135,280.2053920435734,49262.56121968235,60282.03473506063,31910.063825347734,1,0.00030624725040993546,0.00029328042170968983,7,1
392,5,1.8496769425417723,1.8595106693871888,0,0.849685901786569,1.6665235916200276,0.0547617668481187,2926.8557450472454,29.268557450472453,0.0,326.10225960947855,475.3966636408446,81631.67204900102,413392.6075372981,16817.574967941502,18665.850759082197,54397.134786615345,2.58026888998151,2.5802688899815083,280.2053920435734,49262.56121968235,60454.592273085414,31910.063825347734,1,0.00043044263364656643,0.0003234872789002865,7,1
393,5,1.747256421643611,1.7335939164418457,0,0.9114014447183266,1.5835415936609474,0.002241514975283105,2020.5751421476684,20.205751421476684,0.0,322.5209611596506,475.4370751436876,81537.17533208433,413308.3660263844,16867.46783250618,18611.315045459854,55922.136330298636,2.706487686205235,2.7064876862052327,280.2053920435734,49262.56121968235,60464.695148796156,32027.697573016572,1,0.0002890555010578764,0.00034191512837145944,7,1
394,5,1.3940859257891707,1.3875337696741077,0,1.138711024216079,1.2903971695742669,0.18329293064919822,1505.839995578081,15.05839995578081,0.0,316.92673707877384,475.4370751436876,81430.0031846318,413110.70429898857,17046.745580734332,18416.52218010599,53211.76261785889,2.5190583841355645,2.5190583841355654,280.2053920435734,49262.56121968235,60464.695148796156,32245.19297296827,1,0.00022639204889975847,0.0003152967278680671,7,1
395,5,1.3873654450086592,1.3854001203820492,0,1.1404647485986117,1.324079253752493,0.16197515585285255,1770.5427618675078,17.705427618675078,0.0,316.50331630278725,475.4370751436876,81331.70252443144,412917.0548995014,17309.960187840363,18137.313571695333,53327.59955111767,2.117203544229039,2.1172035442290382,280.2053920435734,49262.56121968235,60464.695148796156,32455.02078548522,1,0.00026560996958737473,0.0002603525065150032,7,1
396,5,1.5073339253394498,1.5032900793220474,0,1.051028022956519,1.4797500796890302,0.06344931665251259,2555.7902315285464,25.557902315285464,0.0,319.8388999989029,475.4370751436876,81248.50773326216,412779.54217792396,17556.30676478899,17883.57179598475,52514.99315159323,2.3669058421982805,2.366905842198282,280.2053920435734,49262.56121968235,60464.695148796156,32609.83232197112,1,0.0003893425596230523,0.00029378152603672846,7,1
397,5,1.5181625758295505,1.503607802003068,0,1.050805933498858,1.519765736976189,0.03812295128089308,1727.2598872195201,17.2725988721952,0.0,316.64897676920566,475.4370751436876,81127.64645511202,412642.3586428674,17728.848046117953,17710.14634777677,53418.03902715352,2.439530976075202,2.4395309760752015,280.2053920435734,49262.56121968235,60464.695148796156,32764.833039319074,1,0.0002586781422420269,0.00030454355715081794,7,1
398,5,1.5957686023656443,1.5824910243255859,0,0.9984258840730883,1.601063188816195,0.013331132162148705,1747.5198150422518,17.475198150422518,0.0,313.4934219532435,475.47202553998846,81138.72542261574,412665.9654139757,17748.94991692393,17690.255575315136,54451.06932451273,2.4117448256129963,2.411744825612993,280.2053920435734,49262.56121968235,60473.43274787137,32767.454319041637,1,0.0002567471804276292,0.0003015892940975695,7,1
399,5,1.368402581629632,1.3645228573825372,0,1.1579139121427373,1.3994631784481835,0.11426381110874469,2035.3334566300193,20.353334566300195,0.0,314.52824428226216,475.47202553998846,81041.80577919485,412496.4709420656,17919.99577065575,17522.267718789688,53862.10135843836,2.202947352197984,2.202947352197987,280.2053920435734,49262.56121968235,60473.43274787137,32952.80881806102,1,0.000302302866809507,0.00027257606315972107,7,1
400,5,1.4272669212336082,1.4176504472478069,0,1.1145201576787669,1.4793005326114528,0.06373384011933372,1814.6367796636528,18.14636779663653,0.0,313.5403310156372,475.47202553998846,80969.45101643022,412394.8182037649,18040.36903818005,17405.808628748957,53641.619658403855,2.232236905439363,2.2322369054393616,280.2053920435734,49262.56121968235,60473.43274787137,33070.26345817463,1,0.0002706311690391861,0.0002765604054254408,7,1
401,5,1.5135870698910132,1.5096831417924994,0,1.0465772295264628,1.577015059884959,0.0018892026044563441,1492.342176904287,14.923421769042871,0.0,310.4403760225237,475.5018723835266,80978.84282506026,412414.47057605354,18087.800829005457,17360.304383867933,53586.5450865133,2.147724204627397,2.1477242046273988,280.2053920435734,49262.56121968235,60480.89445875589,33072.50197143999,1,0.00022279356498836959,0.00026524253361235423,7,1
402,5,1.5413880838410403,1.550436376799309,0,1.019067937029265,1.5763144596789536,0.0023326204563585504,1157.579195801793,11.57579195801793,0.0,307.4557960166605,475.5250239674426,81177.87110766958,412617.45917208685,17920.320217519456,17523.259951270098,49746.3681227698,1.879235885543479,1.8792358855434774,280.2053920435734,49262.56121968235,60486.6823547349,33074.23834023369,1,0.00018615697820512022,0.00022652723741089197,7,1
403,5,1.5302601079863218,1.5401035472039286,0,1.0259050457149481,1.5603188013183138,0.012456454861826755,2037.0780993499739,20.37078099349974,0.0,309.8842855986698,475.5657655294296,81189.81921539894,412637.4829794179,17894.025635269136,17549.306960732298,51146.4827472711,1.9915822277828596,1.991582227782861,280.2053920435734,49262.56121968235,60496.86774523165,33077.29395738272,1,0.0003186265001901679,0.0002425256811278859,7,1
404,5,1.385025654330149,1.3688421722103021,0,1.1542601711698701,1.4524789562180447,0.08070952138098442,2260.7144431167953,22.607144431167953,0.0,312.0867960565619,475.5657655294296,81080.73790267365,412472.4147459743,18147.599438205027,17304.82268181525,51795.366498549236,2.2978952380309905,2.29789523803099,280.2053920435734,49262.56121968235,60496.86774523165,33257.87136986929,1,0.000349176321504375,0.00028465326663322104,7,1
405,5,1.5597987158618456,1.5472266868891582,0,1.0211819724857096,1.5984715908169023,0.011690880263862148,1999.5530485810089,19.99553048581009,0.0,310.34937440142176,475.7160231355311,81332.12267461042,412746.97456096887,17939.96711810391,17505.933689519985,53171.600318749326,2.570085086666799,2.5700850866668,280.2053920435734,49262.56121968235,60534.432146757026,33257.87136986929,1,0.00030084526876666956,0.00032288269682040414,7,1
406,5,1.5115870490922643,1.5243181815502003,0,1.0365289997349323,1.5556987691659885,0.015380525844311132,2820.1631566874107,28.20163156687411,0.0,313.1852580726787,475.77242639866483,81325.76626178116,412755.9269538729,17978.50157855299,17468.722536043817,51255.54089494654,2.8758317394784845,2.8758317394784823,280.2053920435734,49262.56121968235,60548.53296254046,33281.418428224504,1,0.00044017300099790155,0.0003633981970896487,7,1
407,5,1.6383660144617194,1.6663728964440834,0,0.9481671259605838,1.5899857355943627,0.006320085819216877,1416.1181765096107,14.161181765096108,0.0,306.9199188264144,475.9626128047319,81910.92456787427,413361.37087078806,17459.023393281874,17990.268675305066,52454.42340125621,2.5422561466522047,2.542256146652205,280.2053920435734,49262.56121968235,60596.07956405723,33281.418428224504,1,0.00021597693154330955,0.00031899840043596024,7,1
408,5,1.6497452065698053,1.665482122635488,0,0.9486742478506948,1.5834641933427858,0.0021925274321428437,2613.539252312989,26.13539252312989,0.0,308.74749573175524,476.01488358977815,82044.93802413961,413514.6320461405,17363.28081692913,18090.07707183011,52715.37738384986,2.775531932019985,2.7755319320199834,280.2053920435734,49262.56121968235,60609.147260318794,33285.338737102975,1,0.0003966264694694093,0.00035092546733687344,7,1
409,5,1.6451388546914505,1.6507188343350312,0,0.9571587644945487,1.5743800851958616,0.0035569081038851146,2350.2857800410898,23.502857800410897,0.0,309.885743494521,476.061889305379,82056.56707539086,413542.41833477526,17337.80068895411,18117.028941423745,53976.876766324865,2.547844290928171,2.547844290928175,280.2053920435734,49262.56121968235,60620.898689219,33288.86416577303,1,0.00034833964776671004,0.000320314349593143,7,1
410,5,1.5441582974014283,1.5694520830215288,0,1.0067207639485012,1.4921898907946347,0.055576018484408456,1884.8575199201846,18.848575199201846,0.0,305.82138106989305,476.061889305379,81981.00641082948,413439.7655142583,17422.63576906643,18029.412845760566,54385.92487801452,2.6926545289256096,2.692654528925609,280.2053920435734,49262.56121968235,60620.898689219,33412.263721705945,1,0.00027725666508720344,0.0003407409274411076,7,1
411,5,1.512747025155259,1.4958784112800716,0,1.0562355790989342,1.487121078144233,0.0587841277568146,1541.0080458227724,15.410080458227725,0.0,302.1704743536033,476.061889305379,81872.21763111497,413305.9376227681,17572.940295053944,17875.755743941892,53263.55349245281,2.292558020890208,2.2925580208902065,280.2053920435734,49262.56121968235,60620.898689219,33563.094805990906,1,0.0002314540348557294,0.00028568344923654766,7,1
412,5,1.6135867995477218,1.6074737180888863,0,0.9829087606349487,1.5887638948073923,0.005546768865438138,1530.6629346183474,15.306629346183474,0.0,300.34747545518263,476.09250256407137,81878.66893550563,413326.0715807618,17586.967055919606,17861.746467339533,54474.1067307568,1.9861005436570842,1.9861005436570822,280.2053920435734,49262.56121968235,60628.552003892095,33565.39080039283,1,0.0002247912671146734,0.00024450065568586875,7,1
413,5,1.5348969692139436,1.6074737180888863,1,0.9829087606349487,1.5213656291993427,0.03711036126623884,1999.1896181417414,19.991896181417413,0.0,301.819022971958,476.09250256407137,81882.88453027453,413316.62155513716,17645.67375514141,17802.61802073074,55029.74866667256,2.0175961436559935,2.0175961436559935,280.2053920435734,49262.56121968235,60628.552003892095,33590.15017563543,1,0.0002906340176476223,0.0002489597732060084,7,1
414,5,1.5496655214168156,1.5555010620555296,0,1.0157498689921152,1.554055571239406,0.016420524532021585,1547.9712301482443,15.479712301482444,0.0,300.20703122347885,476.09250256407137,81780.5241739293,413211.2158812118,17749.30769881209,17699.167699602065,53133.940949087315,2.027556482664352,2.027556482664352,280.2053920435734,49262.56121968235,60628.552003892095,33710.25191870388,1,0.00023306703060200305,0.00024949743845476625,7,1
415,5,1.5662352904856116,1.5558231367825128,0,1.0155395961442544,1.5779771598733696,0.0012802785611585152,1312.3741951851537,13.123741951851537,0.0,297.044864870379,476.1187500479751,81788.06789309676,413229.56529846217,17790.638926910753,17658.25718912862,53351.23787437185,1.956416897649092,1.956416897649093,280.2053920435734,49262.56121968235,60635.113874868024,33712.22047999666,1,0.00019679006485666934,0.0002401637043687649,7,1
416,5,1.502701562516392,1.498746202457972,0,1.0542145143779316,1.5463995562082427,0.02126610366566925,2131.343596119129,21.31343596119129,0.0,299.35740030255425,476.1187500479751,81683.8407337925,413114.16824735136,17980.53733036733,17472.445224621362,54426.27692893409,2.00906268976847,2.00906268976847,280.2053920435734,49262.56121968235,60635.113874868024,33842.13551916693,1,0.00031328155683359843,0.0002477128840974236,7,1
417,5,1.4657489496430103,1.462419788581667,0,1.0804011353897014,1.527794299370697,0.033041582676774095,1904.758830926875,19.04758830926875,0.0,299.54891344946725,476.1187500479751,81596.82214897028,413014.428946466,18096.15940349651,17361.2551435576,55392.40413156678,2.1079508950434613,2.1079508950434627,280.2053920435734,49262.56121968235,60635.113874868024,33957.19151712794,1,0.00027509314474276803,0.00026172158881101196,7,1
418,5,1.5156621552616716,1.5197005535805248,0,1.0396785052669786,1.5825811626493775,0.0016336472464414343,1420.2072475229866,14.202072475229865,0.0,295.14026661519836,476.14715419292554,81604.02733625947,413034.53768480703,18112.03915613882,17346.176582577657,57065.135513822876,2.104965599847728,2.1049655998477266,280.2053920435734,49262.56121968235,60642.21491110564,33959.32182799922,1,0.00019909981598890202,0.0002624915058550895,7,1
419,5,1.5873988777320065,1.5984398777117497,0,0.9884638277805311,1.5800700355232908,4.432628056377715e-05,1965.8132586233687,19.658132586233688,0.0,296.2454563596581,476.3489105245426,82103.26776907918,413545.51191962464,17684.74437026849,17766.771557720498,55673.00898526981,2.0354599437282523,2.0354599437282492,280.2053920435734,49262.56121968235,60692.6539940099,33959.32182799922,1,0.0002824799010441116,0.00025222428725859387,7,1
420,5,1.6020324198934008,1.5810606397472318,0,0.9993291593500163,1.6034767917752017,0.014858728971646631,1766.5933024428277,17.665933024428277,0.0,295.95378128694796,476.38424239059145,82110.76872038413,413566.5202018312,17733.785350369693,17717.811199044678,56757.94837065944,1.9680671903423104,1.9680671903423104,280.2053920435734,49262.56121968235,60701.48696052212,33961.97171795289,1,0.0002490003043670343,0.00024352667380001598,7,1
421,5,1.6847731192773516,1.6577731490375902,0,0.9530857710641888,1.6119897085115473,0.020246650956675476,2649.608919225324,26.49608919225324,0.0,298.90767705822907,476.7744990745449,82620.44388193422,414130.73808458995,17339.559094418822,18122.462512104,56049.326126868895,2.4081647556561334,2.4081647556561334,280.2053920435734,49262.56121968235,60799.051131510474,33961.97171795289,1,0.0003781824478285966,0.0003032208844132475,7,1
422,5,1.719217583243512,1.6988846861829277,0,0.9300219213523909,1.6034979577376343,0.014872125150401386,2041.5856815631118,20.41585681563112,0.0,297.5150335852255,476.9427585902292,82881.45084533351,414435.7012781817,17120.154024599753,18355.664056134065,56453.645566509025,2.422493659994833,2.4224936599948332,280.2053920435734,49262.56121968235,60841.11601043154,33961.97171795289,1,0.0002893114392986911,0.0003054980638314407,7,1
423,5,2.4394649342414074,2.4238911220663253,0,0.6518444601806526,2.034877136049529,0.28789692155033464,2582.175987383964,25.821759873839643,0.0,298.82438949943946,478.49206418265953,83936.06083596947,415938.3279801108,16192.001515939126,19411.402886958276,55043.77655048585,2.7355950877485524,2.735595087748555,280.2053920435734,49262.56121968235,61228.44240853914,33961.97171795289,1,0.0003752905268068744,0.0003475948046447207,7,1
424,5,2.4491151573964083,2.486259162229593,0,0.6354928818374307,1.8228438117852999,0.15369861505398721,5853.061793679204,58.53061793679204,0.0,312.2440289452577,482.0039012588671,85047.58398712502,418082.1065647372,15296.695944480238,20552.1557324316,55156.59600412208,3.8895738450628192,3.8895738450628228,280.2053920435734,49262.56121968235,62106.40167759102,33961.97171795289,1,0.000848937348235454,0.0005045131047803398,7,1
425,5,2.3370581801562005,2.3504032720930175,0,0.6722250682509565,1.6891113853224302,0.06905783881166465,2944.4262565570893,29.444262565570895,0.0,305.6508458591642,482.58609406559793,85433.53780234892,418657.9362828549,15074.283855747273,20856.811872324128,54402.67002139913,4.237613681375273,4.23761368137527,280.2053920435734,49262.56121968235,62251.94987927373,33961.97171795289,1,0.0004329826099195364,0.0005524034949872883,7,1
426,5,1.6702107517156042,1.676828893690418,0,0.9422547559534749,1.23647332884293,0.21742194377029755,1676.2415075882232,16.76241507588223,0.0,290.6265978190202,482.58609406559793,85383.33138766947,418498.9745433516,15256.605039805283,20608.40713483616,54457.09426702822,3.913334390060363,3.9133343900603683,280.2053920435734,49262.56121968235,62251.94987927373,34160.43123015311,1,0.00024624766049673364,0.0005093892062172414,7,1
427,5,1.8843121751877168,1.8913810117995276,0,0.8353684372123052,1.43608557100012,0.09108508164549377,2313.6913371559485,23.136913371559487,0.0,290.21625760367095,482.58609406559793,85300.05373590907,418329.50256926386,15480.173431273226,20311.797471964936,54979.68659594121,2.664671951197125,2.6646719511971217,280.2053920435734,49262.56121968235,62251.94987927373,34356.201281542635,1,0.0003366612624273131,0.00033863051094786104,7,1
428,5,1.8404919050114883,1.831836687162258,0,0.8625223040202431,1.4389870860744274,0.08924867969972955,3161.805920583469,31.61805920583469,0.0,294.68428860975484,482.58609406559793,85181.1222921551,418079.23427387903,15679.707976637752,20054.645301002536,54513.31390248013,2.7447995850386264,2.7447995850386255,280.2053920435734,49262.56121968235,62251.94987927373,34632.622742186395,1,0.00046400494767053526,0.000348971290198194,7,1
429,5,1.8415464798051984,1.852357819212764,0,0.8529669503441221,1.4709617294606432,0.06901156363250435,2907.0196119952775,29.070196119952776,0.0,295.6479515505572,482.58609406559793,85085.53127702489,417899.0082172193,15848.73782525712,19841.568116227896,54379.449091467155,3.1873796248713213,3.187379624871325,280.2053920435734,49262.56121968235,62251.94987927373,34842.53250943249,1,0.00042766444464792153,0.0004094435515819233,7,1
430,5,1.7095654409170644,1.6777944377996856,0,0.9417125032742769,1.4154750680668073,0.10412970375518527,3347.777295448244,33.47777295448244,0.0,298.04972516663656,482.58609406559793,84992.89281165847,417671.6332568136,16136.43062471643,19489.063960304917,50988.83585563691,3.661209849983832,3.66120984998383,280.2053920435734,49262.56121968235,62251.94987927373,35100.74520117767,1,0.0005252565177093591,0.0004723086366759386,7,1
431,5,1.697223160767259,1.7088229974889222,0,0.9246130244746094,1.4214795619819645,0.10032939115065545,1396.378921361849,13.96378921361849,0.0,288.2826107145021,482.58609406559793,84955.38111103702,417600.5724840454,16229.48493854119,19377.73743761009,51690.28461602662,3.048218154508162,3.0482181545081595,280.2053920435734,49262.56121968235,62251.94987927373,35197.596283616185,1,0.00021611471969785217,0.00038967856068504426,7,1
432,5,1.849568291855779,1.8667014549666368,0,0.8464127971809178,1.5667034078668423,0.008415564641239123,3452.958142486789,34.52958142486789,0.0,292.3175247647207,482.65515322844766,84973.28905554081,417642.7964144236,16321.729639222713,19268.58233496276,53084.092088279576,3.271244692257547,3.2712446922575493,280.2053920435734,49262.56121968235,62269.21466998616,35202.775720829915,1,0.0005203755786941929,0.00042058227203380143,7,1
433,5,1.931513082046437,1.9363958670509602,0,0.8159488598817688,1.579269754966469,0.00046218040096907627,2593.577298956089,25.935772989560892,0.0,292.6604302264448,482.81062191439185,85265.33353440223,418024.9882691061,16036.166636475593,19612.903715038134,54250.099061152425,2.9196895035111363,2.9196895035111363,280.2053920435734,49262.56121968235,62308.08184147221,35202.775720829915,1,0.00038246231344684213,0.0003729842039462957,7,1
434,5,1.860628660649768,1.860391574394889,0,0.8492835711287883,1.55725275216466,0.014396992300848165,2467.3255026442403,24.673255026442405,0.0,289.17804336675704,482.81062191439185,85173.85753132668,417915.4784059777,16224.769685206744,19385.595207183906,54513.601953453115,3.271602486591824,3.271602486591822,280.2053920435734,49262.56121968235,62308.08184147221,35341.460684027275,1,0.00036208585222469603,0.0004216412481219104,7,1
435,5,1.7639957746175199,1.758025549127647,0,0.898735516548104,1.5119878359112324,0.04304567347390357,2316.2872502020778,23.16287250202078,0.0,288.06092450056053,482.81062191439185,85047.76334496881,417739.72943274304,16419.636690271145,19156.35103303408,53094.40341793462,2.8590121509127937,2.8590121509127915,280.2053920435734,49262.56121968235,62308.08184147221,35541.44083210828,1,0.0003490066147980735,0.00036451826015653725,7,1
436,5,1.8163331073914006,1.8050140996424868,0,0.875339422729687,1.5754839999619623,0.002858227872175797,2584.880463998894,25.84880463998894,0.0,288.8032172832689,482.86231952367183,84968.15464503056,417664.93386858323,16517.9057022116,19043.048988387367,54378.62316663917,2.8495207504724624,2.8495207504724607,280.2053920435734,49262.56121968235,62321.0062437922,35654.695704140024,1,0.0003802789130688689,0.00036379046003054617,7,1
437,5,1.9004266170894564,1.8839932921580662,0,0.838644174889896,1.5904133530208604,0.006590729760038182,2491.2958658596085,24.912958658596086,0.0,289.31927688400253,483.1115263456674,85397.7694956798,418189.01203249494,16225.360870195116,19388.109142212477,51692.73820963189,2.9170643428792262,2.9170643428792222,280.2053920435734,49262.56121968235,62383.30794929109,35654.695704140024,1,0.00038555448245075266,0.000371613336772565,7,1
438,6,1.7765052590030674,1.7917468098753695,0,0.8818210202980085,1.898172398168417,0.201374935549631,2222.388737439034,22.223887374390337,0.0,272.2279153238979,495.4056444761269,81073.57964105827,418090.17318078177,20593.41905751194,19273.44286105143,51348.29033686841,2.8995667010956683,2.8995667010956723,256.741451684342,49005.81976799801,62383.30794929109,35772.59674290525,1,0.00034624541114948774,0.0003706929355563698,10,1
439,6,1.564376090240777,1.5611893358914437,0,1.0120489319751953,1.5993500747098475,0.012246882727751518,2140.3186349673774,21.403186349673774,0.0,270.5428498566971,495.652950689005,81565.03050999988,418597.25618478586,20144.75792092329,19704.239949404535,52488.80428902266,2.7626307261104164,2.7626307261104173,256.741451684342,49005.81976799801,62445.13450251062,35772.59674290525,1,0.0003262133575277495,0.00035267108370933,10,1
440,6,1.5015145677378496,1.4975908111020757,0,1.0550278409075438,1.5600904754365879,0.012600964913552035,3963.029964863965,39.63029964863965,0.0,277.3323784779569,495.652950689005,81465.80879692928,418482.69204598095,20308.548086019233,19546.033567206377,52464.99475424462,3.2997038117393633,3.2997038117393642,256.741451684342,49005.81976799801,62445.13450251062,35909.92040198268,1,0.0006042932028759372,0.00042558399051772475,10,1
441,6,1.5316909540086758,1.5457094868027246,0,1.022184319556843,1.5842838719899832,0.002711311386065282,2114.592742188034,21.14592742188034,0.0,271.72220270135364,495.6952425438488,81608.56690656065,418639.7415949062,20263.148079750637,19590.479435044424,53368.83941346986,3.22138165225284,3.221381652252843,256.741451684342,49005.81976799801,62455.70746622156,35913.09229109596,1,0.0003169778867860227,0.00041582814906323645,10,1
442,6,1.415395477739549,1.5457094868027246,1,1.022184319556843,1.4638004310544384,0.07354403097820361,1533.1252572298315,15.331252572298315,0.0,263.0826230536413,495.6952425438488,81682.86754767453,418695.62703110505,20262.009175643743,19591.985047076985,52819.5229512352,2.988592486760297,2.988592486760299,256.741451684342,49005.81976799801,62455.70746622156,35946.21709213904,1,0.00023220584686389772,0.00038449231217528584,10,1
443,6,1.3526136967603357,1.3541323808428556,0,1.16679877266989,1.4310811703988784,0.09425242379817828,2460.317066982731,24.60317066982731,0.0,265.7138561593162,495.6952425438488,81569.59033242837,418511.5618805361,20494.379194525234,19370.653865418655,51704.02316595092,2.4502396695931488,2.4502396695931514,256.741451684342,49005.81976799801,62455.70746622156,36146.6431405931,1,0.0003806770794738378,0.0003099536043745861,10,1
444,6,1.325920580321603,1.3177527682795978,0,1.1990109510927314,1.4250977990992415,0.09803936765870795,1479.8106691071366,14.798106691071366,0.0,262.6116787581927,495.6952425438488,81454.34995307687,418362.487119568,20656.712983157402,19219.144737628998,50917.412036276466,2.245359818071535,2.2453598180715364,256.741451684342,49005.81976799801,62455.70746622156,36310.27448963772,1,0.0002325036736828392,0.00028179553334019156,10,1
445,6,1.2369972732480716,1.247658277600868,0,1.266372394080689,1.3561584811578722,0.14167184736843536,1475.7390989650546,14.757390989650546,0.0,259.43783780746895,495.6952425438488,81324.72941573568,418180.46710807,20863.009098605115,19029.844760245207,51203.0322181722,2.238068091544321,2.2380680915443225,256.741451684342,49005.81976799801,62455.70746622156,36506.59883509707,1,0.00023057057912930523,0.0002812504440953274,10,1
446,6,1.1842631158740102,1.200302741982719,0,1.3163345752173143,1.3223263914065833,0.16308456240089672,1142.815826415214,11.42815826415214,0.0,256.8828032813415,495.6952425438488,81214.99481816415,418026.1605191112,21055.137082598707,18856.783324175452,51318.42617144779,1.7430261524763173,1.7430261524763162,256.741451684342,49005.81976799801,62455.70746622156,36671.86682104222,1,0.0001781529032238399,0.0002137423853453281,10,1
447,6,1.1262671763460153,1.1203125165539023,0,1.4103207601929713,1.2821701046838974,0.1884999337443688,1811.2297022403338,18.11229702240334,0.0,258.71841489537724,495.6952425438488,81162.74436298163,417870.5179557647,21260.45254225338,18675.330024564482,50065.30339649098,1.8874308646221467,1.8874308646221467,256.741451684342,49005.81976799801,62455.70746622156,36838.848634993206,1,0.00028941875180842807,0.00023271407805385772,10,1
448,6,1.207407848901019,1.2105901243760564,0,1.3051485950410666,1.4066019211372942,0.10974561953335814,1437.9831958972518,14.379831958972519,0.0,257.9433472147338,495.6952425438488,81002.32741755802,417681.9307223412,21507.380416553166,18461.6411608837,50470.01378024848,1.878943774878948,1.8789437748789464,256.741451684342,49005.81976799801,62455.70746622156,37038.56636427347,1,0.00022793466269430804,0.000231835439242192,10,1
449,6,1.184979623553638,1.1884102218716956,0,1.3295072449911842,1.402971394832616,0.1120434209920153,1330.818440777908,13.30818440777908,0.0,255.63647775058288,495.6952425438488,80922.89853199909,417571.68449695775,21682.1900472926,18313.241092933735,50895.18890070068,1.9512442199662983,1.9512442199662978,256.741451684342,49005.81976799801,62455.70746622156,37160.288040932326,1,0.00020918573555145392,0.00024217971668473,10,1
450,6,1.0056995147086565,1.0062663609164495,0,1.5701608056946543,1.2245778186310294,0.22495074770188014,1760.4516043565718,17.60451604356572,0.0,256.92605856551893,495.6952425438488,80869.7858149267,417399.6704922371,21988.842873348593,18058.606215367578,50953.238837649755,1.9202867451781744,1.9202867451781749,256.741451684342,49005.81976799801,62455.70746622156,37343.28174559457,1,0.00027640270091027234,0.00023784103305201143,10,1
451,6,0.8508034545996193,0.8344268822871801,0,1.8935152180969885,1.063901027347312,0.3266449194004355,979.4875828029102,9.794875828029102,0.0,253.1080399740028,495.6952425438488,80729.46884386332,417200.5605512348,22283.842009650984,17820.42622031789,50935.8328597575,1.7373134380202802,1.7373134380202813,256.741451684342,49005.81976799801,62455.70746622156,37552.079139804555,1,0.00015383866764283606,0.00021314236803485413,10,1
452,6,0.855236296172091,0.8441800380970131,0,1.8716386655644024,1.0963485215954951,0.3061085306357626,701.7306529500395,7.017306529500395,0.0,248.89444271043354,495.6952425438488,80585.17576921773,417026.7869845319,22562.849213725305,17600.760353608974,49086.85259357922,1.5102831051092085,1.5102831051092067,256.741451684342,49005.81976799801,62455.70746622156,37733.772323634315,1,0.00011436555670172735,0.00018153564175161192,10,1
453,6,0.9264380088360948,0.9398753949498031,0,1.6810739045726213,1.2066015622120867,0.23632812518222365,978.373651128495,9.78373651128495,0.0,249.26140648115836,495.6952425438488,80510.40772030153,416896.0840040982,22742.791887330583,17462.091456971575,45785.60673137696,1.267315047830648,1.2673150478306463,256.741451684342,49005.81976799801,62455.70746622156,37870.562587975204,1,0.00017094868382871314,0.00014638430272442552,10,1
454,6,0.938138308648587,0.9390307847902558,0,1.6825859445629492,1.2507048616154712,0.20841464454717015,1246.5569101431797,12.465569101431797,0.0,250.50861903112587,495.6952425438488,80408.30705462472,416734.77726258343,23010.2641851375,17259.715690494304,45833.568592495605,1.42320358190347,1.4232035819034703,256.741451684342,49005.81976799801,62455.70746622156,38038.55203014164,1,0.00021757972567683159,0.0001676313220690907,10,1
455,6,0.9799887827775715,0.9717616918134451,0,1.6259130333194098,1.3283065913210468,0.15929962574617296,1278.2599483962815,12.782599483962816,0.0,251.0336119957177,495.6952425438488,80300.4221786558,416589.65649954556,23201.95152112789,17117.774147789904,43825.2481710389,1.7222815227660804,1.7222815227660786,256.741451684342,49005.81976799801,62455.70746622156,38191.282031086565,1,0.00023333763102174443,0.00020728868017576307,10,1
456,6,0.9205934452059852,0.9162405193696157,0,1.7244380341169137,1.2784376198287293,0.19086226593118405,1535.6412823736084,15.356412823736084,0.0,252.25128249204764,495.6952425438488,80178.0804736371,416404.26814699546,23485.553399772914,16911.772761945613,41125.029846887155,2.048015466160972,2.0480154661609706,256.741451684342,49005.81976799801,62455.70746622156,38384.95607560402,1,0.00029872635484345445,0.0002498812371806768,10,1
457,6,0.9565281568439389,0.955185391861943,0,1.6541291496513635,1.3513371509178416,0.14472332220389778,935.2322083132161,9.352322083132162,0.0,249.35310931641783,495.6952425438488,80097.69161085352,416307.4297403795,23688.28066799236,16767.47170812758,39976.958145061355,1.97776356851172,1.9777635685117219,256.741451684342,49005.81976799801,62455.70746622156,38489.45333401651,1,0.00018715425119032018,0.0002397394123518397,10,1
458,6,0.8652193154747297,0.8680025554127605,0,1.8202711387740835,1.247675521868832,0.21033194818428358,908.9335761837685,9.089335761837686,0.0,246.92225689564992,495.6952425438488,79985.76476064773,416170.2096646143,23932.880303860216,16596.61502601918,40034.07619566481,1.8494054055555436,1.849405405555542,256.741451684342,49005.81976799801,62455.70746622156,38633.69863800528,1,0.00018163198206275978,0.00022250419603217814,10,1
459,6,1.1945768902931015,1.1971178797373945,0,1.3198366065224891,1.6642320351455662,0.05331141464909246,2357.133180598401,23.57133180598401,0.0,251.8785939214959,496.13089463153227,80471.27284876569,416547.1761017349,23524.496220646546,16885.75808391633,40955.342140405315,2.2422372256233665,2.2422372256233647,256.741451684342,49005.81976799801,62564.62048814243,38633.69863800528,1,0.0004604299331730741,0.00027640538880871804,10,1
460,6,1.2243893532736654,1.2353012457846395,0,1.27904023847755,1.632072958981209,0.032957568975448735,1732.8241035929043,17.328241035929043,0.0,252.05212553961545,496.41226040930724,81031.8437537728,416990.6811884587,23011.588680895064,17263.409719372172,40514.24208732751,2.622032628695412,2.622032628695412,256.741451684342,49005.81976799801,62634.96193258617,38633.69863800528,1,0.00034216591782373066,0.0003280759443531882,10,1
461,6,1.2135392848540436,1.2314379085198386,0,1.2830529164877875,1.5690243600500708,0.006946607563246347,2037.0168151043745,20.370168151043746,0.0,251.49423149670412,496.5067777597841,81399.82886784275,417289.7829605878,22664.002740664055,17529.146377917194,41771.23123950254,3.122052602502836,3.1220526025028397,256.741451684342,49005.81976799801,62658.59127020538,38633.69863800528,1,0.00039012818241814103,0.00039757467780498194,10,1
462,6,1.1593565005155588,1.1808537083864925,0,1.3380150214872064,1.51440664320109,0.04151478278412024,1158.8671079644605,11.588671079644605,0.0,246.55277579360606,496.5067777597841,81317.10590719053,417217.33513140754,22780.670696282516,17439.779980107014,42774.39421206026,2.5197041409773724,2.5197041409773733,256.741451684342,49005.81976799801,62658.59127020538,38717.44373780445,1,0.00021674034277969364,0.0003163448143405218,10,1
463,6,1.1378519143052974,1.1355042950341832,0,1.3914522445310837,1.50633749257993,0.04662184013928486,1777.5688254062775,17.775688254062775,0.0,246.85813470210311,496.5067777597841,81198.53404238394,417101.9605160343,22933.95943782231,17323.773574958977,43633.42835648257,2.4762603953735556,2.4762603953735565,256.741451684342,49005.81976799801,62658.59127020538,38843.97458222509,1,0.00032590954089303163,0.0003109260220302888,10,1
464,6,1.1526773972454787,1.1480620286240741,0,1.3762322597617775,1.5427811407528975,0.023556240029811742,952.1995880309213,9.521995880309213,0.0,243.46438237936366,496.5067777597841,81117.09262731465,417038.7147534905,23060.175870015206,17229.23802977023,42632.89634328985,1.9636743916468937,1.9636743916468955,256.741451684342,49005.81976799801,62658.59127020538,38915.7816228128,1,0.00017867884562448527,0.00024044290976573684,10,1
465,6,1.1944624717390242,1.1970915451432782,0,1.3198656413623673,1.5927833598247474,0.008090734066295771,1837.8822295274983,18.378822295274983,0.0,245.53898744691256,496.5435354043746,81157.71173856778,417075.7724886041,23017.52229036985,17261.33463077386,39561.049341370875,2.358732323838541,2.3587323238385425,256.741451684342,49005.81976799801,62667.78068135302,38918.538446157094,1,0.00037165489998376505,0.0002920810955004273,10,1
466,6,1.278633314515317,1.2938640822955534,0,1.221148358332035,1.6507522006118924,0.04477987380499516,1585.604455349417,15.856044553494172,0.0,246.10889887620186,496.79134341447207,81560.21488584472,417405.51693551603,22648.918967336263,17543.312871949754,40599.667045554765,2.3206660143483626,2.320666014348363,256.741451684342,49005.81976799801,62729.73268387739,38918.538446157094,1,0.00031243693768627084,0.0002875902277648404,10,1
467,6,1.3048337646729076,1.2947869251509831,0,1.2202780004252505,1.6523400751148232,0.045784857667609556,1709.524396012301,17.09524396012301,0.0,245.7958647974016,497.02314169781465,81834.38119965492,417644.0254913126,22431.577052572095,17713.95584593812,39689.58954835378,2.729141677107473,2.7291416771074717,256.741451684342,49005.81976799801,62787.682254713036,38918.538446157094,1,0.0003445789015136253,0.0003428902463945538,10,1
468,6,1.2920776927391056,1.3009251613399353,0,1.2145202867570195,1.5791034930234062,0.0005674094788568513,1713.1966014879083,17.131966014879083,0.0,245.58571436773397,497.1558202932243,82299.6792584963,418033.61461890425,22037.53809233007,18031.884229114254,40960.35934436769,2.6317887014597536,2.631788701459752,256.741451684342,49005.81976799801,62820.85190356544,38918.538446157094,1,0.00033460577571294844,0.00033054053830428156,10,1
469,6,1.366663788575497,1.3758742327985036,0,1.1483607747972053,1.602917723899777,0.014504888544162571,1297.649266646809,12.976492666468092,0.0,242.35305199272943,497.30730523791283,82789.59494130952,418464.9580680983,21589.46456391678,18407.39483649492,42276.17637601407,2.4594442300641797,2.459444230064181,256.741451684342,49005.81976799801,62858.72313973757,38918.538446157094,1,0.00024555660003028036,0.0003082470924189514,10,1
470,6,1.406570015474608,1.4059487330457363,0,1.123796311247575,1.5912117120441756,0.007096020281123722,1410.4223171430767,14.104223171430768,0.0,240.98856422972534,497.4227910012268,83183.73885447982,418819.3553935796,21203.76443630335,18743.31306484448,43315.42503002401,2.2486659514596887,2.2486659514596923,256.741451684342,49005.81976799801,62887.594580566074,38918.538446157094,1,0.0002604933122397751,0.00028021856266100133,10,1
471,6,1.6204645967626874,1.6474173671109325,0,0.9590769355374942,1.7319113313717625,0.0961464122606091,1696.3481599317668,16.963481599317667,0.0,242.12858943972125,497.9719195220452,83922.51921631074,419524.15917219344,20610.76458062561,19284.482819718276,43582.19080639428,2.1918707601289347,2.1918707601289333,256.741451684342,49005.81976799801,63024.87671077067,38918.538446157094,1,0.00031138373331757933,0.00027247788186254493,10,1
472,6,1.7607359938710967,1.7789158055614245,0,0.8881814389756086,1.7397408119079933,0.10110177968860333,3957.127767652588,39.57127767652588,0.0,251.0854215286634,499.4452839936007,84987.97400710141,420655.0514238122,19818.602202889735,20057.772978591485,43297.93641721788,3.3823483836961263,3.382348383696127,256.741451684342,49005.81976799801,63393.217828659544,38918.538446157094,1,0.0007311439010897516,0.0004343403155490354,10,1
473,6,1.853398269574324,1.868936285499298,0,0.8454006764483645,1.6841638240921317,0.06592647094438712,2923.948734766792,29.239487347667918,0.0,251.73751682828674,500.4555038272274,86176.79638266627,421958.63352236693,19007.375233802682,20917.345369575283,43571.60858084252,4.054042723516083,4.054042723516077,256.741451684342,49005.81976799801,63645.77278706623,38918.538446157094,1,0.0005368539431986705,0.0005264605258686672,10,1
474,6,1.9623456553397522,1.981235639036383,0,0.7974821211920392,1.7440232851212762,0.1038122057729596,2279.5310053739145,22.795310053739144,0.0,245.4180446695563,501.0540578225226,86515.32224767507,422413.6325236654,18798.071881084874,21151.27418269884,43420.46012402103,4.313744786042031,4.313744786042027,256.741451684342,49005.81976799801,63795.41128589004,38918.538446157094,1,0.00041999204962138746,0.0005626632979699365,10,1
475,6,1.8302722069689499,1.8408556753700878,0,0.858296509139618,1.586977294330108,0.004416009069688514,2102.8355882646047,21.028355882646046,0.0,242.13036710718325,501.1792805744582,86788.33844614957,422754.25093573343,18567.92606341301,21414.521264001218,44903.37407189659,3.4367710816015085,3.4367710816015133,256.741451684342,49005.81976799801,63826.71697387393,38918.538446157094,1,0.00037464188502140983,0.0004438292926138226,10,1
476,6,1.9847600184062402,1.9925569093952917,0,0.7929510030805114,1.6128423128390297,0.020786273948752914,3002.982841255019,30.02982841255019,0.0,245.28159777223732,501.68125417587225,87385.59643570971,423551.4426434694,17976.394004273407,22121.70886811329,45485.788844743685,3.4156291422834477,3.4156291422834433,256.741451684342,49005.81976799801,63952.21037422745,38918.538446157094,1,0.0005281619455263408,0.0004409319600563793,10,1
477,6,1.9117157105327136,1.895872122105148,0,0.8333895422469696,1.5805651675747485,0.00035770099667623326,1670.4048633537668,16.704048633537667,0.0,240.17513751622133,501.7146622731393,87260.27463936353,423418.5480765827,18132.678110745856,21931.728175140954,45258.684656764875,3.108992495452136,3.108992495452138,256.741451684342,49005.81976799801,63960.562398544214,39084.25798970702,1,0.00029526352805378563,0.0003993557862005121,10,1
478,6,1.7793214743227441,1.7718588621887787,0,0.8917188799384533,1.507207297214619,0.0460713308768234,2649.2951220823807,26.49295122082381,0.0,241.91708180143357,501.7146622731393,87075.89552089923,423157.14300196787,18354.36224877048,21668.094997343702,44545.30826794311,3.3596569904907785,3.3596569904907816,256.741451684342,49005.81976799801,63960.562398544214,39369.817213498805,1,0.00047579333942810543,0.00043307293766941065,10,1
479,6,1.7869100992605864,1.7718588621887787,1,0.8917188799384533,1.540875827596327,0.02476213443270446,2095.0159698756515,20.950159698756515,0.0,241.19715710198346,501.7146622731393,86962.49455286143,423015.378281281,18519.140032855565,21476.122709999425,45623.20395285842,2.9631123689488184,2.963112368948816,256.741451684342,49005.81976799801,63960.562398544214,39533.024816777055,1,0.0003673597272195773,0.0003794721982338228,10,1
480,6,1.8708325443913167,1.8514846303256192,0,0.853369222796155,1.6097311419982445,0.01881717847990155,2284.3599881109303,22.843599881109302,0.0,240.77365495194243,501.7603494729015,86973.99457465758,423047.6811275179,18499.06868773849,21499.65223322323,44608.408216037395,3.2455530548896054,3.245553054889607,256.741451684342,49005.81976799801,63971.984198484766,39536.45135675922,1,0.00040967343681896603,0.000417608834488883,10,1
481,6,1.9342384795437633,1.9323678881268187,0,0.8176496875714522,1.5879962409520187,0.005060911994948528,1809.6679612844537,18.096679612844536,0.0,238.35854460646553,501.9555049909129,87443.88021400459,423645.6429651408,18070.886547473532,22011.011876601267,45415.49145921563,2.8580341284722435,2.8580341284722475,256.741451684342,49005.81976799801,64020.773077987615,39536.45135675922,1,0.0003187754491939537,0.0003652695377441657,10,1
482,6,2.071622639430441,2.0442184307991123,0,0.772911532444386,1.6083307327379017,0.017930843505001046,2058.7531094149663,20.587531094149664,0.0,238.31808986817302,502.253768276021,87952.72052752587,424335.37378561136,17573.6332920119,22635.852094180667,44695.96348815648,2.8638358186518826,2.8638358186518813,256.741451684342,49005.81976799801,64095.33889926463,39536.45135675922,1,0.0003684902078391029,0.0003656463646173409,10,1
483,6,2.192512742777036,2.1947074976930208,0,0.7199137022408799,1.6071033103413779,0.01715399388694798,2284.663487727122,22.84663487727122,0.0,239.9144344112339,502.5774937100221,88477.08108949938,425068.285490791,17076.547507080755,23296.91424999861,44659.07057827917,2.8643027072402876,2.8643027072402916,256.741451684342,49005.81976799801,64176.27025776491,39536.45135675922,1,0.000409263060452192,0.00036550957249508283,10,1
484,6,2.3170309009332115,2.1947074976930208,1,0.7199137022408799,1.6834859053670546,0.06549740846016107,3134.941725051769,31.349417250517693,0.0,243.81461644543728,503.01116079568476,88539.8667048977,425240.4680676089,17001.708200902023,23399.94837173913,44838.49131222555,3.4520434768325092,3.452043476832514,256.741451684342,49005.81976799801,64284.687029180575,39536.45135675922,1,0.0005593304561872275,0.0004456945748261741,10,1
485,6,2.3562105048918522,2.3241494750947993,0,0.6798185817784176,1.6416148078230433,0.03899671381205264,2718.077248879812,27.18077248879812,0.0,243.82188976887136,503.48910095640446,88999.33694714562,425967.0410944228,16649.527523710876,23897.074676657245,45289.304858496726,3.721723244043431,3.72172324404343,256.741451684342,49005.81976799801,64404.172069360495,39536.45135675922,1,0.0004801269981727041,0.00048290683827070785,10,1
486,6,2.4320870842656714,2.39722335960342,0,0.6590958634164922,1.642112455408142,0.039311680638064575,2092.417788989767,20.92417788989767,0.0,239.04371748185034,503.7957184690342,89354.92877658179,426523.481282384,16390.751323178058,24275.88589516167,45484.11913361697,3.6167039116595827,3.61670391165958,256.741451684342,49005.81976799801,64480.82644751793,39536.45135675922,1,0.0003680260853847385,0.00046916117991489006,10,1
487,6,2.2491095988046044,2.247224292183566,0,0.7030895872279654,1.541054214753559,0.024649231168633535,1886.5220706581597,18.865220706581596,0.0,236.14160052557895,503.7957184690342,89252.63476928705,426372.27603670926,16511.953277136967,24098.56334389947,44945.521235014516,3.0726930776105243,3.072693077610527,256.741451684342,49005.81976799801,64480.82644751793,39715.24396196519,1,0.00033578821983952907,0.00039464710113232385,10,1
488,6,2.3353100627137735,2.33540944505318,0,0.6765408966495045,1.5890031670279545,0.005698206979718006,1952.8213816516916,19.528213816516917,0.0,235.7153226698931,503.8347748966673,89327.25969956814,426504.2600188742,16454.709238644344,24182.990230226147,45319.39368233256,2.7412810907591134,2.741281090759111,256.741451684342,49005.81976799801,64490.59055442619,39718.17319403767,1,0.00034472153715736675,0.00034951194746054475,10,1
489,6,2.246950465297905,2.2228994223698972,0,0.7107833958207234,1.5421390420196823,0.023962631633112495,4230.936855825397,42.30936855825397,0.0,244.3537644209638,503.8347748966673,89263.16412479707,426382.4362154507,16526.180259376586,24079.222049116204,46307.43481183158,3.6271056578837113,3.6271056578837166,256.741451684342,49005.81976799801,64490.59055442619,39873.41968330812,1,0.000730930032815273,0.0004704799299373896,10,1
490,6,2.2608852353270277,2.2767408851383695,0,0.6939744484379369,1.5609214785584982,0.012075013570570826,3711.387072575276,37.11387072575276,0.0,247.46337199069774,503.8347748966673,89225.59062539661,426333.3266479523,16575.50157458598,24008.450964957934,45943.76330048134,4.386554438497827,4.386554438497831,256.741451684342,49005.81976799801,64490.59055442619,39962.45425707937,1,0.0006462486842102276,0.0005739667513942892,10,1
491,6,2.1995844500590347,2.191464554521673,0,0.7209790351114594,1.5402330900216656,0.02516893036603445,3486.5847493549986,34.865847493549985,0.0,245.49700109033628,503.8347748966673,89151.96310463901,426219.3462755128,16693.400523538425,23839.602231676487,45873.67279808625,5.026013277275579,5.026013277275576,256.741451684342,49005.81976799801,64490.59055442619,40121.51542305097,1,0.0006080323700613658,0.0006617370290289555,10,1
492,6,2.047782946989658,2.0166109447934266,0,0.7834927228176126,1.4647696651394058,0.07293059168392045,2896.277915362279,28.96277915362279,0.0,242.3265518255264,503.8347748966673,89076.29909354157,426061.8230365982,16872.254992242833,23587.81511705304,45039.37456454374,4.500278873117023,4.50027887311702,256.741451684342,49005.81976799801,64490.59055442619,40317.83543415161,1,0.0005144437183445813,0.0005895749242053916,10,1
493,6,2.1789724508397526,2.1651267119577655,0,0.7297494374226817,1.579872474679709,8.071222803229945e-05,3215.22412148573,32.1522412148573,0.0,242.4516896307756,503.899079379097,89027.11203359025,426020.9798231203,16987.274282049406,23428.981306195856,46532.836459914455,4.266600868411991,4.266600868411994,256.741451684342,49005.81976799801,64506.66667503362,40417.07458930316,1,0.0005527664962793271,0.0005584141948950914,10,1
494,6,2.2950184817612604,2.294201351750387,0,0.6886928206168657,1.5937323996359978,0.008691392174682091,2055.88960574366,20.558896057436602,0.0,236.2271244959905,504.1310540173427,89474.78831261562,426699.6832215658,16625.40297445678,23941.037467658647,47787.74442890538,3.614787870237165,3.614787870237163,256.741451684342,49005.81976799801,64564.66033459506,40417.07458930316,1,0.00034417018510714454,0.0004704601332436843,10,1
495,6,2.082219048937357,2.080061089662974,0,0.7595930753437644,1.47528400953336,0.06627594333331654,1961.576378799665,19.615763787996652,0.0,233.05647907788256,504.1310540173427,89373.20561921055,426527.0617558366,16793.444916779765,23702.30455765565,44909.975284733155,3.2222239627735045,3.222223962773503,256.741451684342,49005.81976799801,64564.66033459506,40617.65299430078,1,0.00034942372893560515,0.00041545347010735895,10,1
496,6,2.050669801602983,2.046732719586076,0,0.7719620568334559,1.4794385528778937,0.06364648552032047,1707.6320533054102,17.0763205330541,0.0,231.26224779824508,504.1310540173427,89264.34713467173,426350.47606238717,16946.247753858006,23489.423370588072,45787.02278410071,2.598111785586167,2.5981117855861675,256.741451684342,49005.81976799801,64564.66033459506,40816.79885030832,1,0.0002983608803494209,0.00033065159813072356,10,1
497,6,2.116438215637263,2.058373979726087,0,0.7675961781300086,1.5430191862938964,0.02340557829500229,3169.1612601588477,31.691612601588478,0.0,236.19085915897233,504.1310540173427,89182.1699347047,426218.9383512365,17035.80867301337,23366.68061558558,47073.86320359485,3.0699704179160565,3.0699704179160534,256.741451684342,49005.81976799801,64564.66033459506,40975.417155246236,1,0.0005385852860985213,0.00039545663179451577,10,1
498,6,2.0498452607547866,2.065988213556121,0,0.7647671896832341,1.5210856715206313,0.03728754967048654,2134.516470669994,21.34516470669994,0.0,234.02734670538035,504.1310540173427,89101.10941644246,426097.3424891489,17187.073798318386,23161.641997787934,48134.16376295913,3.077283434601469,3.077283434601469,256.741451684342,49005.81976799801,64564.66033459506,41124.32917907598,1,0.0003547611598583669,0.0003972357754354363,10,1
499,6,1.9273196043805,1.9493651210046188,0,0.810520298622013,1.464909137698957,0.07284231791205262,2530.277155688166,25.302771556881662,0.0,233.05499962276184,504.1310540173427,88960.36059462292,425857.71926003473,17394.95703638772,22885.81649934127,48880.817056787506,3.3555118932731323,3.3555118932731323,256.741451684342,49005.81976799801,64564.66033459506,41393.47744061658,1,0.000414113725267498,0.00043582005707479537,10,1
500,6,1.924266322044434,1.9331762626022109,0,0.8173077802399626,1.4924593443135614,0.055405478282556105,2340.071409026327,23.400714090263268,0.0,232.79438058336103,504.1310540173427,88860.22499259224,425695.25919300877,17572.06505618649,22656.116647482635,49708.64829327511,2.9582725756687003,2.958272575668698,256.741451684342,49005.81976799801,64564.66033459506,41581.870798224656,1,0.00037660592100113995,0.0003818269353756683,10,1
501,6,1.9268049672095788,1.9301952615291962,0,0.8185700335562144,1.519441829288294,0.03832795614664936,3366.7030396864634,33.66703039686463,0.0,236.85558768263667,504.1310540173427,88800.25855415608,425585.80534154124,17718.89240422431,22469.336594414435,48640.25440340028,3.449235105525731,3.4492351055257338,256.741451684342,49005.81976799801,64564.66033459506,41720.403903887935,1,0.0005537311563816341,0.00044815026755009067,10,1
502,6,1.9899984422961805,1.9960891216706278,0,0.7915478236150189,1.5732803657813847,0.004252933049756533,1732.7790948376976,17.327790948376975,0.0,230.6109374282255,504.16570959923945,88807.6933855429,425620.08463393804,17741.577369415565,22440.82624871456,48898.142802627815,3.125790223895773,3.125790223895777,256.741451684342,49005.81976799801,64573.324230069244,41723.00307253019,1,0.00028349200939297467,0.00040460969559191626,10,1
503,6,1.865599176832108,1.9960891216706278,1,0.7915478236150189,1.4834661385783363,0.06109738064662263,1673.6210088035461,16.736210088035463,0.0,225.35260061741525,504.16570959923945,88811.5105743028,425611.52325475833,17792.99298499204,22376.37395484625,49678.10682713514,2.858634889858563,2.858634889858562,256.741451684342,49005.81976799801,64573.324230069244,41756.02084373021,1,0.0002695144586934029,0.0003689125414893372,10,1
504,6,1.8393538200485393,1.8371607616875583,0,0.8600227225344512,1.4861894741510835,0.05937375053728897,2213.049996837685,22.13049996837685,0.0,227.38091275148142,504.16570959923945,88717.96953619225,425458.1733421556,17936.248093921786,22198.4525006396,49552.72491071198,2.382526661075859,2.382526661075859,256.741451684342,49005.81976799801,64573.324230069244,41929.338848863285,1,0.00035728408491364846,0.000303430184333342,10,1
505,6,1.8675410057667476,1.8821558867216537,0,0.8394628793218877,1.5195141419828193,0.03828218861846883,3130.903723372393,31.30903723372393,0.0,231.96845202281747,504.16570959923945,88646.1907034612,425336.0542703431,17999.159256947478,22121.655240281154,50334.87613891208,2.904275617590096,2.9042756175900957,256.741451684342,49005.81976799801,64573.324230069244,42076.004998462406,1,0.0004976118291789345,0.0003748034575953286,10,1
506,6,1.8694755647675905,1.8827081302383761,0,0.8392166446957187,1.548635595566025,0.01985088888226275,1592.6674348007891,15.926674348007891,0.0,225.60550616420923,504.16570959923945,88523.78190275273,425189.89068894857,18161.697165079448,21924.363072912005,50847.1793842584,2.8519419788622247,2.8519419788622256,256.741451684342,49005.81976799801,64573.324230069244,42246.146330419186,1,0.0002505810476156099,0.00036849232056939763,10,1
507,6,1.7349259640463475,1.751595897016716,0,0.9020345404388223,1.4663319064321216,0.07194183137207495,2733.5933876031568,27.335933876031568,0.0,227.46044141238775,504.16570959923945,88457.55241620187,425055.5330898417,18345.262104024503,21705.639358929806,50644.984818935765,3.0352591152822574,3.035259115282255,256.741451684342,49005.81976799801,64573.324230069244,42405.369679993826,1,0.00043180479131368405,0.0003933325560360762,10,1
508,6,1.6561877005525596,1.6663240389509957,0,0.9481949267170512,1.4410632667780632,0.08793464127970689,2562.700069127001,25.62700069127001,0.0,229.4420706761844,504.16570959923945,88322.47244901863,424826.77771591744,18614.26978935629,21393.040396363718,49928.75898717513,2.8273721025085874,2.827372102508589,256.741451684342,49005.81976799801,64573.324230069244,42656.302178465296,1,0.00041061706657443894,0.0003643343018345777,10,1
509,6,1.5949044465981075,1.59793476763032,0,0.9887762829912534,1.4134710648798288,0.10539806020264006,2113.4409287199387,21.134409287199386,0.0,226.83323317090625,504.16570959923945,88218.51442575778,424644.8311411791,18786.471845178505,21197.906505650844,49089.712611441995,3.0566430840081207,3.0566430840081202,256.741451684342,49005.81976799801,64573.324230069244,42861.418334760754,1,0.00034442099027116006,0.00039561428271976104,10,1
510,6,1.7247959608164583,1.7367674376891735,0,0.9097360796343823,1.56181024411281,0.011512503726069595,2693.459702796568,26.93459702796568,0.0,228.61968059210582,504.16570959923945,88138.60052076727,424554.16764387046,18989.84319908077,20971.564868252073,49632.025314013204,3.0618174107124814,3.0618174107124845,256.741451684342,49005.81976799801,64573.324230069244,42975.02500430669,1,0.0004341486668344508,0.0003963955745600166,10,1
511,7,1.7467631954102334,1.6943099509099557,0,0.9325330345557118,1.9734139457193,0.24899616817677214,3011.028579859203,30.11028579859203,0.0,229.20208310741597,513.0462158655464,83674.0935284767,424495.53202999174,23529.713572528286,20827.276383747245,49557.83383180337,3.246083127598925,3.2460831275989275,247.7891691590168,48758.03059883899,64588.37937296854,43068.45786166598,1,0.00048606298492843297,0.00042154421401134796,13,1
512,7,1.773696669880299,1.7801799032593402,0,0.8875507453528546,1.8557412663828845,0.17451978884992686,2015.2287706711863,20.152287706711864,0.0,224.87310478422108,514.1077072449974,84555.94548865127,425485.74811442953,22644.867445891767,21643.710093781992,48684.77040919158,3.213565557167956,3.2135655571679598,247.7891691590168,48758.03059883899,64853.752217831294,43068.45786166598,1,0.00033114729780723634,0.0004171196498567067,13,1
513,7,1.6371036200481641,1.632667413155678,0,0.9677414930124192,1.6747328232542205,0.05995748307229138,1443.7217801243542,14.437217801243541,0.0,218.7010696064134,514.3502718311328,84866.79374231418,425815.02302597783,22392.09124419266,21888.968274405153,49433.19125311541,2.718561408672259,2.7185614086722603,247.7891691590168,48758.03059883899,64914.39336436515,43068.45786166598,1,0.00023364411538506403,0.00035028479937357777,13,1
514,7,1.5674470717582598,1.549719539189806,0,1.019539316659855,1.605665058742949,0.016243708065157594,1782.2490698606907,17.82249069860691,0.0,218.85433052813602,514.38591681253,84877.03120144838,425835.2578744486,22407.513201406622,21874.17030823745,48576.68230152911,2.252990794123324,2.252990794123326,247.7891691590168,48758.03059883899,64923.30460971445,43071.13123527077,1,0.0002935151575478573,0.00028610219024671925,13,1
515,7,1.5884346746049118,1.592251801500782,0,0.9923053618220221,1.5787300050653363,0.0008037942624453999,2042.8521701913933,20.428521701913933,0.0,220.61197751515272,514.4998490886057,85223.9203962167,426198.68485204177,22072.106115802573,22207.786374750616,48763.99825281977,2.2633928400038323,2.263392840003834,247.7891691590168,48758.03059883899,64951.787678733366,43071.13123527077,1,0.0003351410455886095,0.00028743343950717693,13,1
516,7,1.0435256603307155,1.0544254716275858,0,1.4984463506568653,1.0643076518345507,0.32638756213003123,1165.1219208260818,11.651219208260818,0.0,216.2978612332039,514.4998490886057,85109.62583435685,425985.7866292237,22359.718394710715,21923.115804373178,47743.20882133091,2.170154413246038,2.170154413246038,247.7891691590168,48758.03059883899,64951.787678733366,43297.93651537375,1,0.00019523143912447273,0.00027462921408697984,13,1
517,7,1.039138386770032,1.0109536312823495,0,1.5628807801954683,1.0806614328474464,0.3160370678180719,826.3440906580189,8.26344090658019,0.0,211.58354405099172,514.4998490886057,85036.22839150175,425845.1934108361,22578.7173069357,21711.158707537477,47802.83360229231,1.788639008516295,1.7886390085162949,247.7891691590168,48758.03059883899,64951.787678733366,43449.78894044339,1,0.0001382920682121895,0.00022288818430842394,13,1
518,7,0.9771544120711231,0.9797551268925587,0,1.6126478511127658,1.0389919906686351,0.3424101324882056,1151.8889757619993,11.518889757619993,0.0,211.92301303418864,514.4998490886057,84949.99062601672,425659.61195309594,22830.963232066002,21472.135160243015,47844.47706726008,1.4419209957251649,1.4419209957251644,247.7891691590168,48758.03059883899,64951.787678733366,43644.236459559594,1,0.00019260554970934954,0.0001753763523486706,13,1
519,7,0.9698145254097706,0.9746462191286378,0,1.6211010405525055,1.0579098744443702,0.330436788326348,1294.466029373125,12.94466029373125,0.0,212.90489649769916,514.4998490886057,84854.55049322484,425453.89754628873,23125.41958666783,21199.69608292508,47898.95628343644,1.4935074988433281,1.4935074988433268,247.7891691590168,48758.03059883899,64951.787678733366,43858.90978627024,1,0.00021619945482123236,0.00018236569091425713,13,1
520,7,0.9799877257903744,0.970894661936118,0,1.6273650087324916,1.0907245270389336,0.30966802086143447,958.5119823445186,9.585119823445186,0.0,210.8957234891371,514.4998490886057,84750.7176886731,425275.57317298173,23359.58716158632,20987.98379461753,47946.37103792058,1.5444715044215243,1.5444715044215258,247.7891691590168,48758.03059883899,64951.787678733366,44046.33611531691,1,0.00015993068281834063,0.00018957856244964082,13,1
521,7,0.966891788477842,0.9600618640312363,0,1.6457272798709914,1.0987058567292751,0.30461654637387653,894.9254312167237,8.949254312167238,0.0,209.04901828640945,514.4998490886057,84620.30468646168,425081.0988378713,23603.59452986277,20771.821311141215,47938.628301789504,1.437824491430376,1.4378244914303746,247.7891691590168,48758.03059883899,64951.787678733366,44249.10822197452,1,0.0001493451878652635,0.0001751584418349455,13,1
522,7,0.9556659267932376,0.951627010048864,0,1.660314370352803,1.1157059971505014,0.29385696382879656,1065.1915429996973,10.651915429996974,0.0,209.3911687280702,514.4998490886057,84478.75246045635,424862.71539745154,23925.27819062829,20493.36762034859,46788.89573460305,1.3590935363204057,1.359093536320406,247.7891691590168,48758.03059883899,64951.787678733366,44474.93429217238,1,0.00018212723788852791,0.00016380103619071068,13,1
523,7,1.000234611394567,1.0118094465206318,0,1.5615588542222434,1.2024303221661754,0.23896815052773712,1617.8335217344575,16.178335217344575,0.0,211.6458182673436,514.4998490886057,84315.6096981584,424597.42703156616,24278.718799906066,20196.10984213513,46772.12935021603,1.6450929042726297,1.6450929042726283,247.7891691590168,48758.03059883899,64951.787678733366,44748.96207257713,1,0.00027671753143768043,0.0002027299857304906,13,1
524,7,1.0681564632632894,1.0810279114113828,0,1.4615718829471875,1.3255593842985516,0.16103836436800537,1821.565904098665,18.21565904098665,0.0,213.52276842119946,514.4998490886057,84143.0361308051,424359.5156713129,24668.302064954016,19878.103237415682,46041.43024072714,2.0559673997670123,2.055967399767011,247.7891691590168,48758.03059883899,64951.787678733366,44997.29275466054,1,0.00031650900409906937,0.0002584512578084259,13,1
525,7,1.0543158539942115,1.056999782463388,0,1.4947969017720468,1.3399282865722493,0.1519441224226271,1211.9437478566115,12.119437478566114,0.0,210.3843851380169,514.4998490886057,83967.35294762743,424163.7582104188,24964.350551371757,19643.074062054424,46208.71233922267,2.120263335607777,2.120263335607778,247.7891691590168,48758.03059883899,64951.787678733366,45203.599291403145,1,0.00020982082148658272,0.00026768245234111085,13,1
526,7,1.0192503520033211,1.015044323718047,0,1.5565822724002376,1.3201507417466263,0.1644615558565657,1070.1138179359011,10.701138179359011,0.0,207.62540414693513,514.4998490886057,83850.62993745827,424020.36580914474,25202.46830938341,19458.099657396364,45295.06404067385,1.907953837461492,1.9079538374614933,247.7891691590168,48758.03059883899,64951.787678733366,45356.121392722496,1,0.00018900316678655585,0.00023844433079073596,13,1
527,7,0.9615937815110338,1.015044323718047,1,1.5565822724002376,1.2695925263745476,0.1964604263452231,1006.6004785764472,10.066004785764473,0.0,206.51365997523675,514.4998490886057,83712.33834740965,423853.57869987446,25445.776211819328,19272.719130506528,44703.45528007537,1.5774248900061,1.5774248900061012,247.7891691590168,48758.03059883899,64951.787678733366,45530.211771183574,1,0.00018013828636196644,0.00019298742487836832,13,1
528,7,0.9980916993937027,1.0041550096445664,0,1.5734622491792989,1.3431521894901084,0.14990367753790612,1470.425924083558,14.70425924083558,0.0,208.01592247910747,514.4998490886057,83619.59248005533,423713.92532386613,25689.99069037779,19090.14232802723,44922.708735886365,1.7044483143853173,1.7044483143853175,247.7891691590168,48758.03059883899,64951.787678733366,45677.63630533818,1,0.0002618588175933234,0.0002103334235806152,13,1
529,7,1.0144396082840093,1.009436064467395,0,1.5652303851791243,1.3951677507481222,0.11698243623536576,1407.5831011457212,14.075831011457213,0.0,208.53028900804938,514.4998490886057,83450.49102022752,423536.7294166721,25971.361733416918,18884.021659275175,45155.97227713521,1.8508900935313617,1.8508900935313617,247.7891691590168,48758.03059883899,64951.787678733366,45863.13636533874,1,0.00024937265750930637,0.0002304565871548654,13,1
530,7,0.9900702353493366,0.9935245619204893,0,1.5902978754202615,1.3915459775182215,0.11927469777327757,1679.8845639945835,16.798845639945835,0.0,209.4533565905752,514.4998490886057,83309.00764918671,423370.3239660282,26255.3287058135,18680.38849661263,45619.20419167853,2.128422371852054,2.1284223718520545,247.7891691590168,48758.03059883899,64951.787678733366,46038.981397774936,1,0.0002945925241371946,0.0002686079997466081,13,1
531,7,0.9909701772486187,0.9840750825996664,0,1.6055685464833207,1.411858898030989,0.10641841896772855,623.0693463374882,6.230693463374883,0.0,203.6508614427161,514.4998490886057,83181.03127460658,423264.0124551104,26434.548692743832,18554.155404671765,46261.64777561179,1.7465116206634397,1.7465116206634386,247.7891691590168,48758.03059883899,64951.787678733366,46153.062790667216,1,0.00010774702178523922,0.00021723740114391342,13,1
532,7,1.0674875450053627,1.0695305742531975,0,1.4772836214647151,1.534282478747153,0.02893514003344754,1146.8421499254205,11.468421499254205,0.0,203.12282607608802,514.4998490886057,83079.88349259911,423185.48469457554,26551.03564825731,18473.064936941722,46205.94638091533,1.6226485180294183,1.6226485180294175,247.7891691590168,48758.03059883899,64951.787678733366,46238.72159409403,1,0.0001985618284661485,0.00020030045812952744,13,1
533,7,0.9605213334035281,0.9800408506301405,0,1.6121776954339215,1.4025603256175325,0.11230359138130858,1286.1949228984665,12.861949228984665,0.0,204.52187063284714,514.4998490886057,82922.7436254815,423029.9066748547,26762.362408140394,18327.782096629224,44866.135684568355,1.4697949407454778,1.4697949407454791,247.7891691590168,48758.03059883899,64951.787678733366,46400.46695506116,1,0.00022933910456493387,0.0001785493182721072,13,1
534,7,1.0620975035495601,1.046479125837728,0,1.509824669207021,1.5725828730038678,0.004694384174767268,1122.4830536277689,11.22483053627769,0.0,203.44474684268604,514.5222987496783,82788.8978440118,422943.5848846106,26949.22711515262,18201.080103918513,46269.0697735313,1.673975232067822,1.6739752320678238,247.7891691590168,48758.03059883899,64957.4000940015,46497.472832933294,1,0.0001940792082696933,0.0002073267137669252,13,1
535,7,1.141936857281556,1.149320325841381,0,1.3747255351490735,1.6235936528037793,0.027590919496062814,1749.464553889389,17.49464553889389,0.0,205.31967059077067,514.7725137543418,83365.83571576762,423369.6761873263,26409.125020566073,18574.569552832345,47059.096679926246,1.9132590095389648,1.9132590095389657,247.7891691590168,48758.03059883899,65019.9538451674,46497.472832933294,1,0.0002974072478761623,0.0002402751869035965,13,1
536,7,1.1047608174912082,1.105492405084653,0,1.4292273675810658,1.5683135361491298,0.007396496108145723,760.6920729054788,7.606920729054788,0.0,200.8853528983705,514.7877275958,83370.40733361222,423378.72180223936,26388.810701299863,18588.96413951286,47874.287906430596,1.6584210548965324,1.658421054896532,247.7891691590168,48758.03059883899,65023.75730553193,46498.61387104265,1,0.00012711492639092404,0.00020620046084559324,13,1
537,7,1.1918894354052614,1.1787983584922521,0,1.3403479811601595,1.6299496440353614,0.03161369875655777,1347.602269913529,13.47602269913529,0.0,201.060291947396,514.9733827202072,83874.30101941281,423755.06285527145,25901.207280284125,18940.07918255832,47193.84870884383,1.7443683780061139,1.7443683780061119,247.7891691590168,48758.03059883899,65070.17108663373,46498.61387104265,1,0.00022843693519931075,0.00021765303648879904,13,1
538,7,1.0753407968626911,1.0580400632924338,0,1.493327195081176,1.500800245767962,0.050126426729138085,1859.134567448049,18.59134567448049,0.0,204.01505941158572,514.9733827202072,83698.44543222818,423594.7371238731,26166.516975375664,18748.613144731582,46660.71558217098,1.8003890846597417,1.8003890846597432,247.7891691590168,48758.03059883899,65070.17108663373,46667.15676457192,1,0.00031874943095102,0.0002247670975137516,13,1
539,7,1.0129829793400151,0.9896112061168322,0,1.5965866091996006,1.4346491245958237,0.09199422493935211,2326.196830744409,23.26196830744409,0.0,206.84050824322657,514.9733827202072,83582.35035758498,423440.3771452836,26359.508553945543,18612.03067087007,47204.62065764736,2.4507199866458507,2.4507199866458507,247.7891691590168,48758.03059883899,65070.17108663373,46832.6735560401,1,0.00039423205581762125,0.000313806140655984,13,1
540,7,1.0318515549009346,1.035583509062312,0,1.5257098883610458,1.4822719036952385,0.06185322550934274,1672.1832278346194,16.721832278346195,0.0,204.3315940637974,514.9733827202072,83480.1702092758,423339.63690979173,26547.685299536548,18480.59744440764,47230.95992317584,2.582034120921452,2.5820341209214495,247.7891691590168,48758.03059883899,65070.17108663373,46945.02717112964,1,0.00028323510350914435,0.0003320721967592619,13,1
541,7,1.0957211226120376,1.0692794115396524,0,1.4776306201621918,1.59945977195388,0.012316311363215078,1686.667317774034,16.866673177740342,0.0,202.19535974485805,515.0071160665626,83308.23882626048,423229.7984455916,26761.67863814055,18333.27544371118,48486.124603686876,2.4778937138607637,2.477893713860762,247.7891691590168,48758.03059883899,65078.6044232226,47071.54556102792,1,0.0002782927827802976,0.00031858664736902106,13,1
542,7,0.9669788438373863,0.9852107247856334,0,1.603717824269304,1.4314588464686024,0.09401338831101115,1824.6758031863196,18.246758031863198,0.0,202.62934592469188,515.0071160665626,83198.20953509804,423100.7114523201,26950.375057034795,18205.512912876497,49121.78580093592,2.240056480906345,2.240056480906346,247.7891691590168,48758.03059883899,65078.6044232226,47210.79165893222,1,0.0002971676657816548,0.0002862318506903656,13,1
543,7,0.9207743139257982,0.9197197989945695,0,1.717914523235494,1.381203147446825,0.12582079275517413,1019.6556441768628,10.196556441768628,0.0,198.26549160283508,515.0071160665626,83076.74482868887,422982.1316218252,27129.501625191853,18085.78867798053,48462.842584847596,1.9591892428976339,1.9591892428976325,247.7891691590168,48758.03059883899,65078.6044232226,47338.03661315227,1,0.00016831957677953768,0.00024792667511383,13,1
544,7,0.9156829605165162,0.9080972111128989,0,1.7399018306241303,1.3906468127420233,0.11984378940378276,1080.406743143616,10.804067431436161,0.0,195.9989601271197,515.0071160665626,83000.27160985043,422893.529504379,27297.966533635616,17974.57311415653,48819.01141373591,1.7100402065775706,1.710040206577569,247.7891691590168,48758.03059883899,65078.6044232226,47434.15860710553,1,0.00017704688593339743,0.00021417804283152997,13,1
545,7,0.9331094497201103,0.9305296995049412,0,1.6979576265438803,1.440132898915477,0.08852348169906529,1698.0930230779406,16.980930230779407,0.0,198.41153030825006,515.0071160665626,82873.52367015589,422760.9016736937,27519.206957210015,17830.598884251423,47483.33058424613,1.6890733834694172,1.6890733834694158,247.7891691590168,48758.03059883899,65078.6044232226,47573.88149938499,1,0.00028609501518687974,0.00021048715929993826,13,1
546,7,0.9342201916855271,0.9433522961061729,0,1.6748779925820771,1.4540632419366895,0.0797068089008295,1059.509411462396,10.59509411462396,0.0,196.17466084881247,515.0071160665626,82805.32601329051,422693.70697429706,27635.81283926204,17755.716273862632,48080.08895293617,1.7048787978188924,1.7048787978188922,247.7891691590168,48758.03059883899,65078.6044232226,47648.28077478604,1,0.00017629075728200268,0.00021314421946742662,13,1
547,7,0.9534130966471809,0.9510315477536312,0,1.6613539306156706,1.50513019689801,0.047385951330373474,1207.7171286688883,12.077171286688884,0.0,194.96083350151568,515.0071160665626,82681.43160625703,422598.5751918788,27832.762988297192,17630.4487170671,47200.53103248846,1.773993641634288,1.7739936416342865,247.7891691590168,48758.03059883899,65078.6044232226,47750.66528567238,1,0.00020469551545301186,0.00022236042930729808,13,1
548,7,1.0782090238471493,1.084994112691653,0,1.4562290997877738,1.6586825473319666,0.049799080589852246,1160.5630371051543,11.605630371051543,0.0,195.17807192243325,515.1853489797209,83049.16296456908,422853.4767567077,27475.741573238967,17860.314831677973,43899.27500857505,1.6039865098651054,1.6039865098651043,247.7891691590168,48758.03059883899,65123.16265151216,47750.66528567238,1,0.0002114956179806534,0.00019749396357188933,13,1
549,7,1.0890403388248766,1.071284944901576,0,1.4748643743380172,1.622120092583144,0.02665828644502783,1089.3763309717924,10.893763309717924,0.0,194.44894379319794,515.3186553713705,83531.46644370322,423182.3417022843,27036.48858895433,18151.446880028427,44007.73420444,1.6558894408635039,1.655889440863503,247.7891691590168,48758.03059883899,65156.48924942457,47750.66528567238,1,0.0001980336139844953,0.00020474158247272019,13,1
550,7,1.048147008591155,1.058966907057193,0,1.4920201844557424,1.5583052658818228,0.013730844378593189,1951.6141538622796,19.516141538622797,0.0,197.51446882664632,515.3576876544478,83541.44085845067,423193.7655356879,27011.47313958193,18168.45222099136,43576.53623533524,2.033792658692602,2.0337926586926,247.7891691590168,48758.03059883899,65166.247320193885,47753.592706903175,1,0.00035828715588087694,0.00025593879594867523,13,1
551,7,1.0605775312795584,1.0600648255702407,0,1.4904748859581023,1.5773176152776949,0.0016977118495602518,888.0422546166496,8.880422546166496,0.0,193.2938866302184,515.3754484995401,83546.86329254665,423203.1566311948,27016.113449253582,18165.44913291505,45357.12139935396,1.8903980514246572,1.8903980514246583,247.7891691590168,48758.03059883899,65170.68753146697,47754.9247702851,1,0.0001566311489298875,0.00023765063959841988,13,1
552,7,0.9751918681779497,0.9696944261662007,0,1.6293792738880775,1.467236689699164,0.07136918373470638,1825.8536476170368,18.25853647617037,0.0,194.87503066585208,515.3754484995401,83470.76407118519,423111.9108713338,27173.441514272134,18060.698305302467,44588.56849024613,2.209630634215415,2.209630634215415,247.7891691590168,48758.03059883899,65170.68753146697,47855.116214784306,1,0.0003275913462916303,0.0002808365503674649,13,1
553,7,1.0520910044904201,1.036319768415093,0,1.5246259389767216,1.5910375494703302,0.0069857908040063844,562.1086110494504,5.621086110494503,0.0,190.08178508729733,515.3866906717611,83397.85361098713,423068.7536079418,27243.045192712412,18014.76199711351,43965.93789951802,1.584961527547962,1.584961527547964,247.7891691590168,48758.03059883899,65173.49807452221,47906.33700854833,1,0.00010228074512303078,0.0001955010801148495,13,1
554,7,1.0716584610696909,1.0758594640086039,0,1.4685932994565956,1.5900261577047823,0.0063456694334064635,1540.9108701806622,15.409108701806622,0.0,191.4206278503552,515.453357356657,83620.33739000578,423227.7436383711,26985.068450448176,18187.610805857486,44082.54002453415,1.8849767221407066,1.884976722140707,247.7891691590168,48758.03059883899,65190.16474574618,47906.33700854833,1,0.00027964103145110383,0.0002365043742885883,13,1
555,7,1.087886671734496,1.0945456580915158,0,1.4435213262413717,1.5735972746386082,0.004052357823665733,2298.6651190879757,22.98665119087976,0.0,195.89230841131936,515.4993306590387,83889.497761248,423416.07260601374,26644.875321118703,18420.599221315686,45240.55330687374,2.076486716146561,2.0764867161465608,247.7891691590168,48758.03059883899,65201.65807134162,47909.785006226964,1,0.0004064786924237237,0.0002628001563326194,13,1
556,7,1.3521239338373816,1.0945456580915158,1,1.4435213262413717,1.9486989975520908,0.23335379591904473,1046.6158219605288,10.466158219605289,0.0,191.1294182179717,515.9953988840745,83962.38261840312,423507.1437704807,26596.576183585254,18454.295538269045,43226.00296639828,2.302286982459179,2.3022869824591776,247.7891691590168,48758.03059883899,65325.675127600545,47909.785006226964,1,0.0001937011521095976,0.0002932736253281417,13,1
557,7,1.3963635237910381,1.413722449924247,0,1.1176168278891399,1.9033762836450832,0.20466853395258422,1910.7662556743942,19.107662556743943,0.0,192.42250375796385,517.0352616733315,84890.9366294378,424238.6672234687,25866.96184912071,18976.637624293144,43324.473900063895,2.481100244544478,2.4811002445444776,247.7891691590168,48758.03059883899,65585.64082491482,47909.785006226964,1,0.0003528289825435736,0.0003176696090256316,13,1
558,7,1.2200844726214028,1.2007719315036316,0,1.315820230758968,1.6077590668581494,0.017569029657056538,1375.345793081768,13.753457930817682,0.0,191.40155347358916,517.1829938642511,85374.04518322513,424613.23882034596,25433.740070610307,19300.971134612344,44342.93380293979,2.091218844532282,2.0912188445322837,247.7891691590168,48758.03059883899,65622.57387264472,47909.785006226964,1,0.0002481289666928781,0.00026488636711534977,13,1
559,7,1.198313988427628,1.1948721645700613,0,1.3223171874361266,1.5805471876273918,0.00034632128315930294,1576.2595062461398,15.762595062461399,0.0,190.62594945939665,517.2145190543761,85384.19784427015,424627.25644273224,25445.705370062533,19292.01793470421,44975.706183477996,2.299279859260098,2.2992798592601,247.7891691590168,48758.03059883899,65630.45517017595,47912.14939548633,1,0.0002803752763442207,0.00029377774186022413,13,1
560,7,1.0894746882234967,1.1948721645700613,1,1.3223171874361266,1.4435009359208586,0.08639181270831739,1451.6835911332757,14.516835911332757,0.0,190.38569034671409,517.2145190543761,85388.99104450223,424597.16500641406,25503.42399496963,19248.574222659558,44001.469468662566,2.086193865289598,2.0861938652895953,247.7891691590168,48758.03059883899,65630.45517017595,47951.71138364208,1,0.0002639336565188399,0.00026414596651864623,13,1
561,7,1.1046817368134585,1.1074511101089832,0,1.4266995496031547,1.484162796528233,0.060656457893523516,958.2504386684573,9.582504386684572,0.0,187.4755663069451,517.2145190543761,85271.91728107339,424495.06376199325,25681.787581673667,19115.28962763479,41588.11512323495,1.937564070238775,1.9375640702387744,247.7891691590168,48758.03059883899,65630.45517017595,48062.020044306424,1,0.0001843315929714911,0.0002428801752781839,13,1
562,7,1.089667084644238,1.0820963074860845,0,1.4601288157711585,1.4842831998891513,0.06058025323471444,1648.7690960765576,16.487690960765576,0.0,189.40065325224057,517.2145190543761,85171.35199295312,424389.7230476972,25859.501465568013,18984.41454733389,40271.45603777943,2.059434146208599,2.059434146208598,247.7891691590168,48758.03059883899,65630.45517017595,48175.67600118333,1,0.0003275310621060864,0.0002585987705321391,13,1
563,7,1.0147634822906741,1.0194922354359497,0,1.5497911068683805,1.4056142535621314,0.11037072559358774,1386.3839824490292,13.863839824490292,0.0,189.58653758295483,517.2145190543761,85056.2444046671,424258.5474144601,26077.487914618865,18826.276397361464,40738.777903034876,2.0778643377231307,2.077864337723132,247.7891691590168,48758.03059883899,65630.45517017595,48315.2035165006,1,0.000272248516781501,0.0002613703906196928,13,1
564,7,1.093736009917211,1.0940536019812341,0,1.4441705572183667,1.5279951409710408,0.03291446773984762,783.9696871038495,7.8396968710384956,0.0,184.82178266703875,517.2145190543761,84978.73059601657,424200.29713158344,26189.222595978477,18746.19562386556,41955.507192058474,1.9840019711528247,1.984001971152826,247.7891691590168,48758.03059883899,65630.45517017595,48381.61331510703,1,0.0001494859177394939,0.0002497551655423604,13,1
565,7,1.1642860837323226,1.166295371943853,0,1.354716856474042,1.5842432087019185,0.002685575127796462,1562.457443694114,15.624574436941142,0.0,186.39590651537637,517.3089078400113,85366.77314949916,424488.77434670436,25846.97031975246,18995.358594333313,43275.570600604966,1.8862735613953137,1.8862735613953148,247.7891691590168,48758.03059883899,65654.05236658477,48381.61331510703,1,0.000288838699896384,0.00023685771147245963,13,1
566,7,0.9989134078657518,0.9976920716974614,0,1.5836549621085059,1.378558433926236,0.12749466207200258,1140.8707702078111,11.408707702078111,0.0,185.7267439578922,517.3089078400113,85241.2056768766,424352.4544634327,26030.553726272887,18861.92742464127,43730.674142754106,1.729465052133339,1.72946505213334,247.7891691590168,48758.03059883899,65654.05236658477,48525.42533432777,1,0.00020870856305275527,0.00021567772689621106,13,1
567,7,1.084470597363881,1.081563615784991,0,1.4608479584007155,1.5234744101558786,0.03577568977476043,2294.6936374790716,22.946936374790717,0.0,189.196593206897,517.3089078400113,85100.7246310145,424222.90205960715,26263.29571962054,18695.27430715883,44818.80686974839,2.361458821817937,2.3614588218179406,247.7891691590168,48758.03059883899,65654.05236658477,48665.26470203473,1,0.0004095947746485745,0.0003023806791992379,13,1
568,7,1.0512981613554204,1.0466623817005003,0,1.5095603201416223,1.489922152942444,0.05701129560604814,1042.094573167712,10.42094573167712,0.0,185.53901738168506,517.3089078400113,85015.52348455883,424148.5741912163,26379.281545888807,18613.382002744936,42638.64723208629,2.139133344194988,2.1391333441949865,247.7891691590168,48758.03059883899,65654.05236658477,48748.40118507025,1,0.00019552113227147948,0.00027127482332426977,13,1
569,7,1.0537622169950407,1.0448116181801443,0,1.5122343324934004,1.5142213955542057,0.04163202813024963,1171.1688594019354,11.711688594019353,0.0,182.74560587126047,517.3089078400113,84887.00594677361,424046.53860103176,26562.68767709168,18485.24709671953,43105.49474132873,2.156096315745703,2.1560963157457063,247.7891691590168,48758.03059883899,65654.05236658477,48859.28611268688,1,0.00021735862055266767,0.00027415817582424057,13,1
570,7,1.0689116865885049,1.0603270640222553,0,1.4901062640110423,1.543872178600056,0.02286570974680005,1608.4796309957787,16.084796309957788,0.0,184.6198495914633,517.3089078400113,84802.05115688978,423977.53133026336,26631.060455160892,18438.217969948095,42705.91320232688,1.8956598438383725,1.895659843838371,247.7891691590168,48758.03059883899,65654.05236658477,48935.94798242199,1,0.00030131277106761674,0.00023806417463058797,13,1
571,7,1.097640634103945,1.1026166787491987,0,1.4329549248178814,1.5825926195921123,0.0016408984760203865,1047.8497418261832,10.478497418261831,0.0,182.20681639380115,517.3298648348479,84807.0492240531,423987.26383281546,26607.858697835327,18454.444012741245,43957.14478638544,1.8774426832041524,1.8774426832041546,247.7891691590168,48758.03059883899,65659.2916152939,48937.51975703473,1,0.00019070387704539477,0.00023645842288855972,13,1
572,7,1.116658510297444,1.1266966969375996,0,1.4023294860937239,1.578687996098922,0.0008303822158722196,1425.0795736794505,14.250795736794505,0.0,182.32636015081832,517.3583664263215,85047.53286801439,424161.9584517343,26348.17507834633,18636.940297732428,44381.56922001866,1.972257297428185,1.972257297428183,247.7891691590168,48758.03059883899,65666.4170131623,48939.65737639525,1,0.00025687772626780525,0.0002496314581269389,13,1
573,7,1.046228507594203,1.0324026348661572,0,1.5304106621200502,1.4933221936462402,0.0548593711099746,1681.2863760129515,16.812863760129513,0.0,183.96033992713862,517.3583664263215,84956.09491467525,424069.4132251367,26474.729167989608,18548.318979144653,45101.0360460012,1.9636759392802685,1.9636759392802707,247.7891691590168,48758.03059883899,65666.4170131623,49040.67797249139,1,0.00029822576568717555,0.00024860245633345854,13,1
574,7,0.9938334690856605,0.9921185532458606,0,1.5925516107231334,1.433355951508167,0.09281268891888164,1589.5679982134297,15.895679982134299,0.0,183.82537176868203,517.3583664263215,84868.62502353049,423963.4838272323,26613.00256251641,18452.424627435994,45849.13976234747,2.171993333098612,2.171993333098612,247.7891691590168,48758.03059883899,65666.4170131623,49156.04563750114,1,0.00027735621762200655,0.00027748656985899573,13,1
575,7,1.052880551827899,1.0692314146414446,0,1.477696949756977,1.539583863688585,0.02557983310849054,1233.9548066447796,12.339548066447797,0.0,181.32278473164584,517.3583664263215,84715.25688105273,423850.50134970824,26797.306544851923,18325.966884875095,45754.272637935566,2.0702310748147275,2.0702310748147252,247.7891691590168,48758.03059883899,65666.4170131623,49277.89009719387,1,0.00021575336868044783,0.00026377845066321,13,1
576,7,0.9791300875713816,0.9789844766565479,0,1.6139173170508845,1.4413794307702306,0.08773453748719588,1622.887808999249,16.22887808999249,0.0,182.31051489371717,517.3583664263215,84661.98049724955,423771.1590875986,26887.698311017542,18264.83286763109,45330.20822855543,2.0436320498040708,2.043632049804068,247.7891691590168,48758.03059883899,65666.4170131623,49365.83040274265,1,0.00028641171041026423,0.0002598404322375729,13,1
577,7,1.0095607068887922,0.9789844766565479,1,1.6139173170508845,1.5023629413331652,0.04913737890306006,1036.6487618046865,10.366487618046865,0.0,179.66015665576094,517.3583664263215,84578.56244880907,423702.6866478555,27033.943903058964,18166.321043931937,46498.64442707175,1.7969559095969307,1.7969559095969287,247.7891691590168,48758.03059883899,65666.4170131623,49441.98516415638,1,0.00017835337345036996,0.00022683948418036068,13,1
578,7,1.0268794158508083,1.0384451195533624,0,1.5215055377019457,1.5469764796224124,0.020900962264296018,1461.0234901553638,14.610234901553639,0.0,179.96642518707552,517.3583664263215,84420.88408556716,423588.1132370387,27200.470537462526,18055.60954824227,47213.62731358373,1.8724522439479332,1.8724522439479345,247.7891691590168,48758.03059883899,65666.4170131623,49564.57822935685,1,0.0002475596260294139,0.00023744156996334935,13,1
579,7,1.0379471585304325,1.0364564808652101,0,1.5244248351663083,1.5684636115073667,0.007301511704198346,1388.0211772696412,13.880211772696413,0.0,180.23891318952326,517.3861268498669,84429.66443237133,423597.96376492246,27242.371373002574,18027.923472871727,48749.39267784735,1.7256043908736414,1.7256043908736414,247.7891691590168,48758.03059883899,65673.35711904864,49566.66026112275,1,0.0002277806718852331,0.00021789789045500565,13,1
580,7,0.9487174154283218,0.9380943105296995,0,1.6842656247513594,1.4516325581837923,0.08124521633937198,1161.6064242725545,11.616064242725544,0.0,178.56131011876252,517.3861268498669,84331.99970469093,423506.4997585017,27413.224901996382,17915.968976416756,47647.18242990999,1.7680321252418416,1.7680321252418412,247.7891691590168,48758.03059883899,65673.35711904864,49665.65414038769,1,0.00019503464675692874,0.00022345831489052525,13,1
581,7,1.0117895166019926,0.9971042094344816,0,1.5845886368247448,1.5584870878453294,0.013615767186500417,1104.3069230341546,11.043069230341546,0.0,177.39411445031752,517.3861268498669,84198.294978483,423416.51673313166,27505.0292496173,17856.61265058607,47633.69565087481,1.616083229713881,1.6160832297138823,247.7891691590168,48758.03059883899,65673.35711904864,49762.47089619124,1,0.00018546651196296564,0.00020276061020170914,13,1
582,7,0.9785875636010067,0.9719858938626476,0,1.6255379938911663,1.5238125960673505,0.03556164805863895,1390.9487206023737,13.909487206023737,0.0,178.2881176262332,517.3861268498669,84111.61197827542,423346.79055698833,27655.154352013313,17760.051457896163,48859.75034071314,1.613254613705179,1.6132546137051773,247.7891691590168,48758.03059883899,65673.35711904864,49839.112582871414,1,0.00022774553056909003,0.00020274889642966148,13,1
583,7,0.9343737768183262,0.9329510061733811,0,1.6935508826777237,1.470581946296544,0.06925193272370642,1809.0356062070134,18.090356062070136,0.0,180.43751865762945,517.3861268498669,83998.41791839596,423233.4403232737,27803.570913307827,17665.746290934625,48479.380958153735,1.8677432874177666,1.8677432874177664,247.7891691590168,48758.03059883899,65673.35711904864,49960.31976063657,1,0.00029852453896117706,0.00023724552716441092,13,1
584,8,0.9853378004914648,0.9825562437721566,0,1.6080504398752606,1.7961294642428356,0.13679080015369335,875.7298500902089,8.757298500902088,0.0,182.87569702589437,521.7610670281908,79717.55847846139,423183.00577779475,32094.43386855066,17606.6700678437,49720.84012428596,1.7577044041371905,1.7577044041371916,248.60420062142975,48509.42639821756,65677.73576829908,50019.90514718761,1,0.00014090346790620085,0.0002223911791454893,16,1
585,8,1.0586880550426403,1.0586383682289018,0,1.4924832194050688,1.8234879428134514,0.15410629291990588,894.5838376580891,8.945838376580891,0.0,179.88025218810955,522.1562155119587,80619.78815654496,423734.4132571518,31198.963178218113,18113.621083522434,49818.64263560048,1.5506246349573163,1.550624634957317,248.60420062142975,48509.42639821756,65776.52288924105,50019.90514718761,1,0.00014365446994636793,0.00019436082560458194,16,1
586,8,1.1291138509074068,1.1538972267830043,0,1.3692727249245105,1.8391656501614997,0.16402889250727823,2224.7858652475397,22.247858652475397,0.0,184.7280872677188,523.1913324640321,81574.47844113775,424396.6856481114,30341.277779239714,18627.33625530706,49917.68474081959,1.695109842396949,1.6951098423969504,248.60420062142975,48509.42639821756,66035.3021272594,50019.90514718761,1,0.00035655273305225995,0.00021370355696827625,16,1
587,8,1.1502310418025892,1.1431228806543274,0,1.3821786150370838,1.819638057201278,0.15166965645650501,1733.2590445742026,17.332590445742024,0.0,185.68160728617192,523.837138619394,82019.77370888322,424748.3789577408,29902.249821081503,18901.833706888305,49007.234069306425,2.0439499168884088,2.04394991688841,248.60420062142975,48509.42639821756,66196.75366609984,50019.90514718761,1,0.0002829392970226418,0.00026104883334042325,16,1
588,8,1.075627006263268,1.074511851855187,0,1.4704351536672842,1.6204341695199087,0.025591246531587744,1066.3162610361148,10.663162610361148,0.0,180.3043736774025,523.9977563960857,82735.81451147018,425235.19568786625,29181.375783330215,19370.28758272014,50038.17468912287,2.102454789696636,2.1024547896966346,248.60420062142975,48509.42639821756,66236.90811027278,50019.90514718761,1,0.00017048044100903737,0.0002699908236946464,16,1
589,8,1.0872812613367036,1.0862171364746573,0,1.4545894618528357,1.5900023479906993,0.006330599994113425,1867.4328919033226,18.674328919033226,0.0,182.08239260451745,524.129827796409,83167.86854353307,425543.7912484445,28751.520025528043,19660.970311275592,50590.74537064747,1.9532535120721095,1.953253512072111,248.60420062142975,48509.42639821756,66269.9259603536,50019.90514718761,1,0.00029530031680249555,0.0002495733516113916,16,1
590,8,1.1427319602389374,1.135993915518062,0,1.3908525199093624,1.6042237175291376,0.015331466790593383,1709.298375085155,17.09298375085155,0.0,183.25908263960724,524.3292259317589,83792.46655097515,425998.60757788544,28171.411026559654,20067.258321464516,49367.67728401853,1.9429031550123321,1.9429031550123348,248.60420062142975,48509.42639821756,66319.77549419107,50019.90514718761,1,0.0002769906901232309,0.00024759048264492127,16,1
591,8,1.1952344643515673,1.186272194279124,0,1.3319034262285288,1.6191636158359743,0.024787098630363463,1441.2094798863232,14.412094798863231,0.0,181.40193653427485,524.5097477269852,84354.54833133768,426417.46738686267,27674.56071057238,20428.811778844196,48983.66139615521,2.1004989001923806,2.1004989001923824,248.60420062142975,48509.42639821756,66364.90594299768,50019.90514718761,1,0.00023537799156833888,0.0002692229994980218,16,1
592,8,1.2751957049953864,1.2586447078549414,0,1.2553185105689848,1.6506828943771703,0.04473600909947483,1506.8849427885493,15.068849427885494,0.0,180.74783470373302,524.7813830889448,84989.20530515516,426919.08467057836,27053.33259063239,20899.406932064263,49964.9221744406,1.9658947601886032,1.9658947601886012,248.60420062142975,48509.42639821756,66432.81478348757,50019.90514718761,1,0.0002412708559861449,0.00025121317922590486,16,1
593,8,1.2787506228384014,1.2684740033314474,0,1.2455911558694768,1.6091797100254819,0.018468170902203675,1451.8218580190273,14.518218580190274,0.0,180.2150160247076,524.9155216024755,85375.05285754793,427239.4502189213,26674.51462761737,21197.167713131068,50945.74862082771,1.8437098591946575,1.843709859194656,248.60420062142975,48509.42639821756,66466.34941187021,50019.90514718761,1,0.00022797927557401587,0.00023487604104283324,16,1
594,8,1.1973535950559127,1.2103019960495218,0,1.305459302849362,1.5270593391753244,0.03350674735738964,1449.3992131072766,14.493992131072767,0.0,179.87754073268886,524.9155216024755,85247.04482360315,427126.1411710295,26854.01224653611,21055.991263856107,50426.87210825192,1.8315635604559222,1.8315635604559228,248.60420062142975,48509.42639821756,66466.34941187021,50143.11361720692,1,0.00022994076808822655,0.0002330636332161291,16,1
595,8,1.133640583508301,1.1204310912286202,0,1.410171506636285,1.4643210077971112,0.07321455202714487,1245.4812224290026,12.454812224290027,0.0,178.6417590544611,524.9155216024755,85127.20283542915,427007.1574083836,27025.801398681884,20922.697348630933,49781.097207979394,1.7322936792440762,1.7322936792440753,248.60420062142975,48509.42639821756,66466.34941187021,50271.226499437864,1,0.0002001532778155585,0.00021935777382593364,16,1
596,8,1.2155894017985325,1.2335780030917216,0,1.2808269894891442,1.570251638551646,0.006169849017945572,2220.792944088689,22.207929440886893,0.0,182.07201350551034,524.9599374613572,85137.41445368425,427022.7957938154,27026.654792223544,20922.325011421348,49377.839753326465,2.0566724772444505,2.0566724772444513,248.60420062142975,48509.42639821756,66477.45337659065,50274.557688853994,1,0.0003598039857851951,0.00026329934389632666,16,1
597,8,1.1441830526405798,1.1280079042013558,0,1.4006994047782497,1.4920248420764863,0.05568047969842641,934.3026731433605,9.343026731433605,0.0,177.28474532415458,524.9599374613572,85043.59236269789,426940.22317132214,27154.738864307084,20824.04470168193,49957.40866286903,1.8561561690640462,1.8561561690640445,248.60420062142975,48509.42639821756,66477.45337659065,50366.86690616406,1,0.00014961587450596227,0.00023652437936890524,16,1
598,8,1.1050079644190154,1.1024456319193563,0,1.4331772508810456,1.4642527159434577,0.07325777471933059,1366.060852437487,13.66060852437487,0.0,175.75746478737332,524.9599374613572,84904.4835074119,426805.61464167794,27373.851439359467,20657.85743673716,50681.946080758884,1.890861635608776,1.8908616356087786,248.60420062142975,48509.42639821756,66477.45337659065,50511.3657174245,1,0.0002156287921952712,0.00024168288416214284,16,1
599,8,1.254803443121452,1.2412778148226475,0,1.272881848956391,1.6222031084577289,0.02671082813780303,1550.4414679870672,15.504414679870672,0.0,177.22724608073884,525.1211348651382,85276.73560059606,427101.72099238064,27038.629123130457,20914.868640120203,51160.96718640895,1.6051425706233524,1.6051425706233513,248.60420062142975,48509.42639821756,66517.75272753589,50511.3657174245,1,0.00024244130684049247,0.0002025619911805753,16,1
600,8,1.2495740016386068,1.2680855270614484,0,1.245972741019571,1.5729695314238596,0.0044496636557850786,1427.8866196757494,14.278866196757495,0.0,176.60976751168906,525.1833866790862,85653.67290651544,427407.31867589697,26681.468565905092,21195.877465797297,52767.761444147545,1.7635647004821955,1.7635647004821964,248.60420062142975,48509.42639821756,66533.3156810229,50511.3657174245,1,0.00021647863477204467,0.00022484957793593612,16,1
601,8,1.189725606261654,1.1893694366295786,0,1.3284350104685605,1.5174243782520669,0.03960482389109695,1666.341476940865,16.66341476940865,0.0,177.2236171612763,525.1833866790862,85524.22998482868,427286.5744605267,26857.525303932085,21057.448419087166,53730.03129327798,1.8408212056043132,1.8408212056043112,248.60420062142975,48509.42639821756,66533.3156810229,50642.70722879253,1,0.0002481057891584495,0.0002356752435903289,16,1
602,8,1.2207574321025285,1.2037031055129461,0,1.3126160369310493,1.5722199938973456,0.00492405449535095,1347.5854874178387,13.475854874178388,0.0,175.96120324673305,525.2103383888345,85398.41070604202,427195.021122662,26988.694815674466,20955.49599093367,53169.080478175216,1.7446724429528802,1.744672442952882,248.60420062142975,48509.42639821756,66540.05360845999,50748.986218199265,1,0.0002027622784217221,0.0002224489007840721,16,1
603,8,1.1805658505686927,1.1598685402052562,0,1.3622233427595125,1.5332609018225303,0.029581707707259364,2059.979617859578,20.59979617859578,0.0,178.20405473531372,525.2103383888345,85347.89087914096,427141.012232214,27102.34384601417,20868.008554149077,53764.059454828144,1.9639624767161903,1.9639624767161887,248.60420062142975,48509.42639821756,66540.05360845999,50814.10017915179,1,0.0003065214403447859,0.0002524631693083192,16,1
604,8,1.1646872367036578,1.138199009385627,0,1.3881579468715641,1.5314924356976682,0.03070099006476698,1391.9590008779512,13.919590008779512,0.0,176.27900405945533,525.2103383888345,85233.16396126649,427044.0898980446,27270.979535553677,20739.35271054527,53901.06343059512,1.8613409820011098,1.861340982001109,248.60420062142975,48509.42639821756,66540.05360845999,50921.45824938862,1,0.0002065946624849487,0.0002386261270838189,16,1
605,8,1.041883355182158,1.0613427035334686,0,1.4886803242155384,1.3949449486981194,0.11712345019106374,1379.0289566456252,13.790289566456252,0.0,174.15579654102493,525.2103383888345,85096.78243928021,426892.99902399204,27518.377886160477,20553.456183314996,54272.51525521438,1.8603430634591962,1.8603430634591938,248.60420062142975,48509.42639821756,66540.05360845999,51082.86407639658,1,0.0002032747441552389,0.00023879694899499117,16,1
606,8,1.0599854348327142,1.0691740671560415,0,1.47777620925911,1.4337807533185658,0.09254382701356599,1110.2173429030406,11.102173429030406,0.0,172.47551397956113,525.2103383888345,84985.90813083533,426781.3116622741,27659.906987851387,20448.801860458363,53307.19310355345,1.5208727439151786,1.5208727439151806,248.60420062142975,48509.42639821756,66540.05360845999,51202.748903296175,1,0.00016661426396942047,0.000192161223536536,16,1
607,8,1.0794160796178502,1.0663825952063484,0,1.4816445871326933,1.477392232971639,0.06494162470149441,718.5674195188611,7.185674195188612,0.0,169.30584467088903,525.2103383888345,84851.65366432133,426671.6114474805,27823.86881807464,20328.745968156192,52695.30960403012,1.282787558460593,1.2827875584605937,248.60420062142975,48509.42639821756,66540.05360845999,51319.20938230317,1,0.00010909015241294347,0.00015965972017920095,16,1
608,8,1.1705563161916197,1.1460043274075618,0,1.3787033453653734,1.607252292332727,0.017248286286536057,1120.2018048585467,11.202018048585467,0.0,170.00063924910668,525.2327424249318,84858.96946626995,426680.1366561754,27868.331462484024,20296.409948052606,53324.39540905172,1.1961866267433106,1.1961866267433088,248.60420062142975,48509.42639821756,66545.65461748428,51320.88968501046,1,0.00016805843498315885,0.00014792095045517426,16,1
609,8,1.1258602952564365,1.1073440042115916,0,1.4268375446028903,1.5581769291702745,0.013812070145395927,1689.8283904752386,16.898283904752386,0.0,172.70503831893643,525.2327424249318,84748.77830450771,426593.4344747337,27979.24434388429,20216.3950115932,54761.76774188887,1.3902056069415631,1.3902056069415625,248.60420062142975,48509.42639821756,66545.65461748428,51415.10067333971,1,0.0002468625042843735,0.00017467036389349195,16,1
610,8,1.000253404228734,0.9922283675934609,0,1.5923753559194378,1.4000321774169868,0.1139036851791223,1327.854420799726,13.27854420799726,0.0,172.39566710598007,525.2327424249318,84660.03450668593,426484.03768694383,28137.74058358227,20103.01710204942,51973.832793286565,1.6280548638637529,1.6280548638637542,248.60420062142975,48509.42639821756,66545.65461748428,51532.760873289764,1,0.00020438814679393734,0.00020643636202048992,16,1
611,8,0.9960804336930571,1.0057240391261657,0,1.5710074916502943,1.421684202557406,0.10019987179911023,1824.7736582032526,18.247736582032527,0.0,173.98656226697938,525.2327424249318,84518.14838709505,426324.5225112601,28414.234498596623,19907.981654087143,51422.01126422388,1.9123398729610708,1.9123398729610726,248.60420062142975,48509.42639821756,66545.65461748428,51701.68788190425,1,0.0002838898928051556,0.0002450468479611555,16,1
612,8,0.9915884748159574,0.9875918615828695,0,1.5998511748240254,1.4474807251251263,0.0838729587815657,2035.6020900627566,20.356020900627566,0.0,175.89563222746193,525.2327424249318,84326.76861621159,426134.07077775913,28736.3048158417,19685.64290327509,52200.22476332419,2.0702577826130555,2.070257782613057,248.60420062142975,48509.42639821756,66545.65461748428,51902.25263261168,1,0.0003119683256985465,0.0002667487884325465,16,1
613,8,0.9829508072623805,0.9849604831140045,0,1.6041252690714523,1.4487248817218212,0.08308551789758153,1819.1175170749855,18.191175170749855,0.0,175.0846228183195,525.2327424249318,84229.71432163722,426022.1836871728,28875.13785485532,19591.601153774154,53058.77460386654,2.237778968126971,2.2377789681269693,248.60420062142975,48509.42639821756,66545.65461748428,52025.15428038919,1,0.00027427961247222945,0.00029004594365864385,16,1
614,8,1.000824714749149,1.000715669783348,0,1.5788700504130864,1.4870042025761832,0.05885809963532716,917.150905862503,9.17150905862503,0.0,169.15402717374945,525.2327424249318,84130.64991402108,425943.9485271828,28991.98374581698,19512.987126835425,53234.779655879756,1.8778955753229818,1.877895575322984,248.60420062142975,48509.42639821756,66545.65461748428,52112.60459478319,1,0.0001378273244358143,0.0002413584208688634,16,1
615,8,1.0311437437407174,1.0416065358853719,0,1.5168875631689374,1.55160223033937,0.01797327193710767,1602.2546896007113,16.022546896007114,0.0,170.07763921468876,525.2327424249318,83990.97408799556,425842.580426023,29176.73161772916,19389.894962862392,54535.17575743499,1.6885599581449116,1.6885599581449136,248.60420062142975,48509.42639821756,66545.65461748428,52222.33394250563,1,0.0002350416467679241,0.0002157161945586559,16,1
616,8,1.0081230652447135,1.0248669398348562,0,1.541663545371652,1.5311019836478075,0.030948111615311767,1159.172185908879,11.591721859088791,0.0,169.163875609495,525.2327424249318,83866.53971466227,425751.2631306227,29312.706158980614,19300.357193193064,54890.45018494875,1.4308973769560107,1.4308973769560096,248.60420062142975,48509.42639821756,66545.65461748428,52320.72170079873,1,0.00016894336730752195,0.00018060411283708677,16,1
617,8,0.9771838025080827,0.9865996180167922,0,1.601460178117673,1.4989134004400384,0.05132063263288713,1342.1755897681235,13.421755897681235,0.0,168.5963690171893,525.2327424249318,83766.95968927458,425666.82841959555,29458.79060125927,19205.014117945007,56049.27746791334,1.5589778980439772,1.558977898043977,248.60420062142975,48509.42639821756,66545.65461748428,52412.94364576942,1,0.00019157079632813918,0.0001985186034678617,16,1
618,8,1.063368155351073,1.059868807565686,0,1.4907505426345693,1.5975096219263651,0.011082039193901943,979.3565317161152,9.793565317161152,0.0,166.74952200847937,525.2987920644572,84103.47238581993,425899.74449846655,29154.31122008124,19406.309493926703,55872.94939755181,1.327400353547388,1.327400353547386,248.60420062142975,48509.42639821756,66562.16702736565,52412.94364576942,1,0.00014022621569485683,0.0001669134597768393,16,1
619,8,0.9490728593518577,0.936444204264296,0,1.687233465491203,1.4397070777168612,0.08879298878679673,1061.827138523874,10.61827138523874,0.0,165.856911599254,525.2987920644572,84009.99631891536,425810.38123304007,29296.385278886624,19312.54251343948,56512.26183097217,1.2802614682798668,1.2802614682798676,248.60420062142975,48509.42639821756,66562.16702736565,52508.82766656496,1,0.00015031458364909086,0.00016070386522402895,16,1
620,8,0.9585154302661691,0.963932756909427,0,1.639118484847237,1.4734831643674609,0.06741571875477166,1139.386902379778,11.393869023797778,0.0,166.10955186301942,525.2987920644572,83881.19307098365,425702.96833051316,29491.99238534989,19184.83390530315,57427.221795590965,1.1987888108339948,1.1987888108339957,248.60420062142975,48509.42639821756,66562.16702736565,52622.35982523841,1,0.0001587242937066136,0.00014975503101685378,16,1
621,8,0.8952558113660923,0.8849780684539773,0,1.7853549780732978,1.3934873629215503,0.11804597283446189,1200.0016628603794,12.000016628603793,0.0,166.49244446252234,525.2987920644572,83784.97197347457,425596.97761668894,29676.583099514995,19065.93069177713,56144.09474818389,1.2763063163640662,1.2763063163640658,248.60420062142975,48509.42639821756,66562.16702736565,52734.64077781792,1,0.00017098883410518557,0.00016000923715363,16,1
622,8,0.9075946028791754,0.9123850587739342,0,1.7317249825673482,1.4316127238098122,0.0939159975887265,1726.1300702560548,17.261300702560547,0.0,168.6268501344431,525.2987920644572,83712.17714499286,425499.27838624595,29874.944787884626,18939.716167540533,56870.7877120732,1.5013757629107958,1.5013757629107936,248.60420062142975,48509.42639821756,66562.16702736565,52839.73182482377,1,0.00024281430093708533,0.00019084247624962815,16,1
623,8,0.8781768513900586,0.8817644506810433,0,1.7918617594298167,1.4096147434443533,0.1078387699719283,1395.5372013951383,13.955372013951383,0.0,168.11883570721602,525.2987920644572,83562.32580889415,425357.66651967796,30137.426605389745,18775.335976304603,56563.31004519331,1.5956912265688137,1.5956912265688128,248.60420062142975,48509.42639821756,66562.16702736565,52989.03017199974,1,0.0001973770205852696,0.0002037267185425135,16,1
624,8,0.8719595095553689,0.8661435824876662,0,1.824177921473544,1.4184442531023047,0.10225047272006035,1102.7946711515433,11.027946711515433,0.0,165.33778075414327,525.2987920644572,83425.83045512046,425239.7318382662,30339.612843397714,18650.65467124903,57047.962740112984,1.5532277006544892,1.5532277006544901,248.60420062142975,48509.42639821756,66562.16702736565,53114.41734322454,1,0.0001546480705963747,0.00019827979737290988,16,1
625,8,0.841246353385582,0.845056291488518,0,1.8696979312667101,1.3919926524346244,0.11899199212998457,1311.369299032953,13.11369299032953,0.0,165.45960811444667,525.2987920644572,83282.08097732949,425102.54623638134,30599.575353609078,18492.756507261765,57079.96155519272,1.4096302325978625,1.4096302325978625,248.60420062142975,48509.42639821756,66562.16702736565,53258.24816094634,1,0.00018379399891710744,0.00017860636336625057,16,1
626,8,0.8694665473598467,0.8681618685838969,0,1.8199371075548603,1.4495643612313525,0.08255420175230861,1015.2882258194459,10.15288225819446,0.0,164.02658421266915,525.2987920644572,83188.74968260329,425022.12788743665,30715.347847589528,18423.44373127014,57844.77946818192,1.2687207936008211,1.2687207936008222,248.60420062142975,48509.42639821756,66562.16702736565,53344.68626996914,1,0.00014041553760306617,0.00015961920237218276,16,1
627,8,0.8726413450113117,0.8762745361747767,0,1.803087884873631,1.4691152954493503,0.07018019275357583,1011.7409447261971,10.117409447261972,0.0,163.14705742036267,525.2987920644572,83053.6129736269,424920.2960390923,30865.868156878507,18334.049605767577,55137.36665867639,1.2541132882169692,1.2541132882169677,248.60420062142975,48509.42639821756,66562.16702736565,53452.1335851535,1,0.00014679568590778756,0.0001570017408093204,16,1
628,8,0.9605387082394982,0.9728987833647582,0,1.6240127205582373,1.5855325754352718,0.0035016300223238905,1460.7384616016611,14.607384616016612,0.0,164.83121917215414,525.3702046798069,83389.4202400308,425130.17307130824,30563.709607958837,18515.940070027544,56211.90976993859,1.3117765294630463,1.3117765294630477,248.60420062142975,48509.42639821756,66580.02018120307,53452.1335851535,1,0.00020789024497905895,0.0001650338228299709,16,1
629,8,1.0002397664689857,1.0035276431679199,0,1.5744459166189797,1.598163935146615,0.011496161485199342,2515.6142582267676,25.156142582267677,0.0,169.91482346855196,525.6081876474805,83956.45924021327,425497.11609870713,30071.073528833567,18820.52454224154,52523.95225856971,1.9134949120669762,1.913494912066974,248.60420062142975,48509.42639821756,66639.51592312146,53452.1335851535,1,0.00038315688748518723,0.0002459476061240113,16,1
630,8,1.1198844199682125,1.1136248237885737,0,1.4187902121513498,1.731960698392682,0.09617765721055822,1303.6991082831498,13.036991082831499,0.0,166.38590602256824,525.9572198463849,84506.38198542806,425877.4859876578,29585.96147981386,19130.25933081024,52183.63298536345,2.040927833809845,2.0409278338098424,248.60420062142975,48509.42639821756,66726.77397284756,53452.1335851535,1,0.00019986329562739544,0.0002636368093638806,16,1
631,8,1.04096582680134,1.047751158027208,0,1.507991652306979,1.5735625333752892,0.0040743459650068965,1307.198506260923,13.071985062609231,0.0,163.17052023717991,525.9833638165101,84854.22634270956,426113.7873494639,29250.66938249092,19350.32551450266,51484.56178025538,2.0286229887455955,2.0286229887455955,248.60420062142975,48509.42639821756,66733.30996537887,53454.09438291289,1,0.0002031208519307613,0.0002620470116811147,16,1
632,8,1.030295511682558,1.034477906424962,0,1.5273404972565343,1.56192944804626,0.01143705819856967,1454.425534947671,14.54425534947671,0.0,163.82989312226897,526.012452327209,84862.15322997163,426123.8286746784,29292.93315271345,19322.497305501864,52150.59286721515,1.6381636627635074,1.638163662763508,248.60420062142975,48509.42639821756,66740.5820930536,53456.27602121531,1,0.00022311163957823481,0.00020869859571213053,16,1
633,8,0.9631339507341689,0.9633953447937371,0,1.6400328365072991,1.4741103917431009,0.06701873940310075,524.1357093047686,5.241357093047687,0.0,158.55811941656358,526.012452327209,84728.51166756563,426029.31701971847,29433.295208226693,19230.721156170246,52849.83445430342,1.3397314169125376,1.3397314169125385,248.60420062142975,48509.42639821756,66740.5820930536,53557.12595085694,1,7.933961795213756e-05,0.00016852403648704456,16,1
634,8,0.9275384613223503,0.9314776496506824,0,1.6962296417874578,1.435563796720593,0.09141531853127031,1195.5500646316093,11.955500646316093,0.0,159.402248385117,526.012452327209,84630.13500729299,425931.8747501319,29598.31324038673,19123.89681562066,51279.97503738946,1.3032730499616239,1.3032730499616239,248.60420062142975,48509.42639821756,66740.5820930536,53660.46671041766,1,0.00018651336140626513,0.0001629882063122125,16,1
635,8,0.8082885976566616,0.8148731554377852,0,1.9389520804022016,1.2741580896739744,0.19357082932026942,829.1003467352632,8.291003467352633,0.0,158.89104597480704,526.012452327209,84469.897248721,425778.9660876021,29871.4738722417,18949.588690607383,51327.6599470556,1.0743459607892145,1.0743459607892132,248.60420062142975,48509.42639821756,66740.5820930536,53818.15712440439,1,0.00012922472562988126,0.00013169256832942797,16,1
636,8,0.7105612737573634,0.6903333527041221,0,2.2887493322044232,1.1326786010562848,0.2831148094580476,508.996794392524,5.08996794392524,0.0,155.79142982796708,526.012452327209,84404.47052166681,425694.3953333548,30038.952763627374,18844.283381142195,50101.99854348901,1.0795582083653132,1.0795582083653132,248.60420062142975,48509.42639821756,66740.5820930536,53907.37364665307,1,8.127369114039792e-05,0.00013233725939218143,16,1
637,8,0.723737957478462,0.7190032024123696,0,2.1974867353842793,1.1696561938497902,0.25971126971532266,687.3669254400406,6.873669254400406,0.0,155.50066585266737,526.012452327209,84315.6431907634,425583.00511821505,30246.532881814474,18715.383241497013,50162.783092392194,0.8921063516218974,0.8921063516218967,248.60420062142975,48509.42639821756,66740.5820930536,54022.54834369487,1,0.00010962181650472074,0.00010670674442499997,16,1
638,8,0.672327172566675,0.6758056832932642,0,2.3379501520326267,1.1082404896350542,0.2985819685854088,1156.8100843147192,11.568100843147192,0.0,157.39557278106332,526.012452327209,84241.4566124629,425429.70299010404,30547.232387641045,18531.83904847492,50212.10804100961,1.0274080025636554,1.0274080025636563,248.60420062142975,48509.42639821756,66740.5820930536,54180.12183028428,1,0.00018430775037286555,0.0001250677526726614,16,1
639,8,0.6644325310863899,0.6554521084441107,0,2.41054987793166,1.1215598918328629,0.2901519671943906,1012.6920115797044,10.126920115797045,0.0,157.58858962075078,526.012452327209,84135.87996556195,425273.4835726676,30912.82671260611,18313.322226712327,50265.548507860105,1.2218523759794537,1.2218523759794546,248.60420062142975,48509.42639821756,66740.5820930536,54341.31276529306,1,0.00016117472768392818,0.0001517014315205048,16,1
640,8,0.724628129334474,0.7390410348360784,0,2.137905644644548,1.2426933729741463,0.21348520697838846,994.3843724901158,9.943843724901157,0.0,156.8614083694526,526.012452327209,84005.44093184109,425129.51408936427,31159.078317313364,18169.200161439094,49820.13456131677,1.3441409664319504,1.3441409664319492,248.60420062142975,48509.42639821756,66740.5820930536,54490.62040030794,1,0.00015967590312567534,0.00016838612706082301,16,1
641,8,0.7580756672166752,0.7674876582062267,0,2.058665026213944,1.3134597445874814,0.1686963641851384,871.3610237598793,8.713610237598793,0.0,155.81767649834686,526.012452327209,83944.01249131025,425049.0224066569,31319.605225290426,18076.405254111356,49931.51222882245,1.2343546766407827,1.2343546766407827,248.60420062142975,48509.42639821756,66740.5820930536,54575.975934408496,1,0.0001396089939782589,0.00015348654159595413,16,1
642,8,0.7940182735195263,0.7939945823949015,0,1.9899380109550553,1.39220209689574,0.11885943234446837,799.2459895008019,7.992459895008019,0.0,154.84412416409143,526.012452327209,83808.32190875181,424942.1783542575,31506.858181156622,17969.38906557331,48663.33873698936,1.164121210327485,1.1641212103274847,248.60420062142975,48509.42639821756,66740.5820930536,54687.2376414721,1,0.00013139188723905443,0.00014355892811432957,16,1
643,8,0.7993087626446277,0.7998309172009691,0,1.9754175114026034,1.4207067241700901,0.1008185290062721,1470.3122789330218,14.70312278933022,0.0,157.16555919759546,526.012452327209,83705.79306690271,424835.79250192124,31722.663443134137,17847.598264402815,48929.408379134744,1.3616434764334586,1.3616434764334604,248.60420062142975,48509.42639821756,66740.5820930536,54798.73987724178,1,0.00024039731157837028,0.00017046606426522788,16,1
644,8,0.7615689498211601,0.7526750401970164,0,2.099179480677913,1.372116740556153,0.1315716831923083,809.7721533728526,8.097721533728526,0.0,154.9976466462474,526.012452327209,83596.50323796856,424742.9003266508,31938.907214664585,17727.121393511014,49251.548235393944,1.3396171075955876,1.339617107595589,248.60420062142975,48509.42639821756,66740.5820930536,54896.64198438513,1,0.00013153245855380784,0.00016777388579041085,16,1
645,8,0.7773395245616056,0.781486015998051,0,2.0217892165122766,1.4132145462825763,0.10556041374520495,698.8621227217646,6.988621227217647,0.0,152.2747340042595,526.012452327209,83504.37168655102,424671.1640689277,32083.464818560533,17647.52942428465,48580.72775825159,1.2994765490210702,1.2994765490210705,248.60420062142975,48509.42639821756,66740.5820930536,54973.13045047799,1,0.00011508466916336976,0.0001623381464318493,16,1
646,8,0.7833415627267794,0.7877961394669105,0,2.0055950021145845,1.4389341791218069,0.0892821651127805,1104.68466287312,11.0468466287312,0.0,153.47923843238212,526.012452327209,83414.65338744705,424591.16642780084,32250.143867719144,17556.659965447976,49152.05237247522,1.1515846572665693,1.15158465726657,248.60420062142975,48509.42639821756,66740.5820930536,55057.33576258888,1,0.00017979874443521473,0.00014213862405079743,16,1
647,8,0.7785585736267026,0.771912393245913,0,2.046864403039387,1.4445036514072964,0.0857571826536099,1197.4313002167273,11.974313002167273,0.0,154.5098273726511,526.012452327209,83302.70690967528,424497.92164494994,32411.974197718966,17469.405754161253,49810.75355232396,1.2987415032011413,1.2987415032011391,248.60420062142975,48509.42639821756,66740.5820930536,55155.342701985835,1,0.0001923169138903116,0.00016240010916296536,16,1
648,8,0.7169326680666696,0.7160384148099967,0,2.2065855229558577,1.3435080200843528,0.1496784683010426,788.6749173046434,7.886749173046434,0.0,152.31252663123527,526.012452327209,83234.0520965606,424425.79833486443,32574.41286470122,17382.598672041586,48560.576262559225,1.3361245732747122,1.3361245732747127,248.60420062142975,48509.42639821756,66740.5820930536,55232.20289428657,1,0.0001299284280384821,0.0001673480287880028,16,1
649,8,0.7221942976010294,0.7163293968291756,0,2.2056891801367544,1.3655906721275037,0.1357021062484154,673.4091049141394,6.734091049141394,0.0,150.35741230551469,526.012452327209,83135.04406217646,424345.9686849319,32721.472053447345,17304.790526501703,47666.36424739357,1.1742812574946844,1.1742812574946855,248.60420062142975,48509.42639821756,66740.5820930536,55316.08240840146,1,0.00011302042696926893,0.00014508858963268754,16,1
650,8,0.7121686761557814,0.7150760852230515,0,2.209555084627331,1.3662350732982962,0.1352942574061417,1324.5971499769407,13.245971499769407,0.0,152.51138614505953,526.012452327209,83049.82223297596,424242.92648539913,32959.117888612076,17180.38997295625,47211.09886801348,1.2552600004655212,1.255260000465521,248.60420062142975,48509.42639821756,66740.5820930536,55423.340749998606,1,0.00022445521188652247,0.0001558013556314245,16,1
651,8,0.7315938649519814,0.72413240676341,0,2.1819214072492423,1.4118424239302065,0.10642884561379337,1051.4233100908928,10.514233100908928,0.0,152.5048846568753,526.012452327209,82991.23464610046,424178.2673678794,33057.2487363064,17129.730597236216,47777.83658343316,1.3660905587715262,1.3660905587715249,248.60420062142975,48509.42639821756,66740.5820930536,55492.621643041675,1,0.000176052058490312,0.00017117589911536777,16,1
652,8,0.7190318486646687,0.7140213206523452,0,2.212819077386202,1.3991729676378617,0.11444748883679644,1026.5477716386001,10.265477716386002,0.0,151.5503865654232,526.012452327209,82900.37699139159,424095.2409918652,33195.201170416825,17058.93939950538,46273.33701696341,1.5259662728607473,1.5259662728607486,248.60420062142975,48509.42639821756,66740.5820930536,55580.60915145625,1,0.00017747546865051495,0.00019266091300911646,16,1
653,8,0.8096987309779482,0.8135020050076882,0,1.9422201669743493,1.5781522586081926,0.0011694565770933125,824.4728780908264,8.244728780908265,0.0,150.06882416578944,526.0289417847707,82905.48245204601,424100.3644304546,33222.088362387665,17045.17586356728,46937.00474931797,1.318891656505835,1.3188916565058353,248.60420062142975,48509.42639821756,66744.70445744405,55581.845860773385,1,0.00014052415700476612,0.00016468389471519768,16,1
654,8,0.7886217264627353,0.7866535718634741,0,2.0085080097674983,1.556566253213754,0.014831485307750625,1444.8280554498715,14.448280554498716,0.0,151.97817039549932,526.0289417847707,82757.98142883684,424017.61170725717,33432.41535777283,16938.26335039107,46920.55619129839,1.4914629895018072,1.491462989501806,248.60420062142975,48509.42639821756,66744.70445744405,55669.43924400974,1,0.00024634457435827596,0.00018811473333785233,16,1
655,8,0.830021826252183,0.8261679603053258,0,1.9124440500162723,1.596679577019085,0.010556694315876485,1201.374825334128,12.01374825334128,0.0,152.0480595017794,526.1229376644634,83249.5349466768,424276.01789534313,33005.97942053115,17157.909270072523,47886.29257297033,1.5456561642388114,1.5456561642388136,248.60420062142975,48509.42639821756,66768.20342736722,55669.43924400974,1,0.0002007045876025492,0.0001958577729885304,16,1
656,8,0.8191100667867682,0.8175509377430251,0,1.9326012937638266,1.5724677707776629,0.0047672336850235475,1209.9447604295972,12.099447604295973,0.0,151.2466588765154,526.1471365596719,83255.84088572014,424282.9361688249,32972.317837496106,17175.523700959046,47619.907420708885,1.6983645856315224,1.6983645856315204,248.60420062142975,48509.42639821756,66774.25315116937,55671.25416115039,1,0.00020326704959588697,0.00021677207051890403,16,1
657,9,0.7616033570862467,0.7569391412409923,0,2.087354073683665,1.6623812864011411,0.052140054684266496,1205.6807866998086,12.056807866998085,0.0,144.04572219027946,530.533206091153,78999.86906354009,424206.5563703518,37299.770793190415,17088.516868558185,47090.217607137565,1.593066074508367,1.593066074508366,235.45108803568775,48273.97531018187,66774.25315116937,55752.330614794475,1,0.00020482908730785917,0.0002029335748354318,19,1
658,9,0.7590593628300887,0.7600328096193139,0,2.078857622990503,1.6307870930262618,0.03214372976345679,958.2747349545962,9.582747349545961,0.0,142.70313805202943,530.6284621507061,79324.91399261798,424365.9452844081,37006.00393010147,17224.660339900194,45650.24193670117,1.5157711272186742,1.5157711272186751,235.45108803568775,48273.97531018187,66798.06716605763,55752.330614794475,1,0.00016793334612041604,0.0001920098276747207,19,1
659,9,0.5405287144166658,0.5394166177106461,0,2.929090332266226,1.1777975671859149,0.25455850178106654,580.1780925950769,5.801780925950769,0.0,139.7484028518381,530.6284621507061,79205.42741695972,424265.0383837207,37268.54251972279,17103.717937285204,45263.2086858595,1.2692688651538806,1.2692688651538802,235.45108803568775,48273.97531018187,66798.06716605763,55856.846671604944,1,0.00010254298967122551,0.0001584351410331669,19,1
660,9,0.5243903436814847,0.5394166177106461,1,2.929090332266226,1.1586156346676486,0.2666989654002224,854.4942167249626,8.544942167249626,0.0,140.11940853704797,530.6284621507061,79143.24185291812,424163.58423896786,37528.74049805157,16985.53734202947,43397.50075842652,1.1593057423713016,1.1593057423713002,235.45108803568775,48273.97531018187,66798.06716605763,55961.411442314995,1,0.00015751952564854464,0.00014266528714672872,19,1
661,9,0.5416913039011303,0.5517992492380411,0,2.863360184309353,1.2157060339815082,0.23056580127752646,970.2215287670407,9.702215287670407,0.0,141.05317274854247,530.6284621507061,79047.42924421132,424048.1159931369,37823.85854952474,16853.46184320709,42955.86167602907,1.192356390782081,1.1923563907820822,235.45108803568775,48273.97531018187,66798.06716605763,56079.99617841037,1,0.00018069180613056304,0.00014691810715011108,19,1
662,9,0.5228427695795596,0.5245396256381387,0,3.0121651878593934,1.1878257130101555,0.2482115740442054,852.075052787479,8.52075052787479,0.0,140.71826047902775,530.6284621507061,78985.31029047063,423953.0080169177,38056.03843585425,16751.047158766203,40784.74250298041,1.3556133625541364,1.3556133625541353,235.45108803568775,48273.97531018187,66798.06716605763,56178.4302052085,1,0.00016713604166562285,0.00016844912448157686,19,1
663,9,0.5513465500384537,0.545770703754359,0,2.894988663061563,1.2723337710781475,0.19472546134294466,1180.9335127353677,11.809335127353677,0.0,141.90126093892212,530.6284621507061,78880.0241474746,423831.75499999046,38355.5218356511,16620.7838852624,39711.129701423866,1.5557095713178435,1.5557095713178426,235.45108803568775,48273.97531018187,66798.06716605763,56303.3390051274,1,0.0002379047932636426,0.00019524421368660952,19,1
664,9,0.557797342056445,0.560915215593433,0,2.8168249961420693,1.3036934914441143,0.1748775370606872,656.4413227184474,6.564413227184474,0.0,139.7768107232582,530.6284621507061,78759.30778110946,423744.3591105975,38600.53934199608,16515.59848094374,38829.743112955235,1.4460860067673311,1.4460860067673311,235.45108803568775,48273.97531018187,66798.06716605763,56394.02197563145,1,0.00013524505084854522,0.0001800952952592702,19,1
665,9,0.5883304680212538,0.5872866535568522,0,2.690338679469154,1.3874351166845174,0.1218765084275207,985.9602707870683,9.859602707870684,0.0,140.20442147459104,530.6284621507061,78704.63828519666,423683.4756342698,38774.232900744,16441.89505897229,37163.15534015348,1.56216257214207,1.5621625721420678,235.45108803568775,48273.97531018187,66798.06716605763,56458.268450673,1,0.00021224468412600543,0.00019513150941273107,19,1
666,9,0.6009914196413964,0.6029500378415876,0,2.620449292375883,1.4301210349176272,0.09486010448251446,541.4366000839676,5.414366000839676,0.0,138.41000225386742,530.6284621507061,78565.92905380299,423609.7020638597,38949.65367713296,16368.130449398755,36695.38919748128,1.2704599909294465,1.2704599909294467,235.45108803568775,48273.97531018187,66798.06716605763,56534.72250506971,1,0.00011803915683687717,0.00015517629727047596,19,1
667,9,0.5376417617766271,0.5325800410271476,0,2.966690221722863,1.2882601733635133,0.18464545989651063,675.0984603537021,6.750984603537021,0.0,137.60638802405433,530.6284621507061,78512.20142989964,423548.31736679195,39085.03435160995,16311.725816249414,36767.92796754798,1.2977231384484527,1.2977231384484529,235.45108803568775,48273.97531018187,66798.06716605763,56598.82968131385,1,0.00014688855155494342,0.00015905746417260868,19,1
668,9,0.5131936941934723,0.5325800410271476,1,2.966690221722863,1.2436881460151379,0.21285560378788745,588.0825538271994,5.880825538271994,0.0,137.14584505247188,530.6284621507061,78398.46236401277,423461.63327641744,39307.41271752716,16219.754450767034,36253.53959957931,1.0985118769732838,1.0985118769732838,235.45108803568775,48273.97531018187,66798.06716605763,56687.76002047645,1,0.00012977106463480848,0.00013156625767554305,19,1
669,9,0.5461965834715968,0.538664686946887,0,2.933179096917096,1.3349440931613221,0.15509867521435314,746.0836837386585,7.4608368373865845,0.0,137.55625662022857,530.6284621507061,78334.36454620192,423398.78736416606,39474.78562095851,16151.232961660591,35016.700812315656,1.2313548999987853,1.2313548999987858,235.45108803568775,48273.97531018187,66798.06716605763,56753.0156601232,1,0.00017045207947774562,0.00014903723188916583,19,1
670,9,0.5543002338759632,0.5616001163452594,0,2.8133897305474393,1.3663131874645629,0.13524481806040328,547.8059457988594,5.478059457988594,0.0,136.52766950644775,530.6284621507061,78225.31098687675,423331.63840086403,39643.185319943346,16082.862330568463,35323.435940533964,1.173512793292232,1.1735127932922311,235.45108803568775,48273.97531018187,66798.06716605763,56822.46435924466,1,0.00012406628771245826,0.00014142981060833747,19,1
671,9,0.5747841363215516,0.5616001163452594,1,2.8133897305474393,1.4297662245336609,0.09508466801667038,532.2873976104931,5.3228739761049315,0.0,135.60036912214568,530.6284621507061,78094.34737992674,423263.3741152636,39824.42134093503,16009.92192441877,34106.61110491555,1.1655853170464423,1.1655853170464419,235.45108803568775,48273.97531018187,66798.06716605763,56892.91403886549,1,0.0001248526031444451,0.00013979032344488298,19,1
672,9,0.5530080145526702,0.5553543548871863,0,2.8450303596177946,1.3886623284903246,0.12109979209473133,887.9819307578722,8.879819307578723,0.0,136.76029056423465,530.6284621507061,77985.18203033753,423184.9702242906,40013.494741221846,15934.603271201922,34498.760129055416,1.251459142024615,1.2514591420246155,235.45108803568775,48273.97531018187,66798.06716605763,56973.66501283432,1,0.00020591625378675555,0.00015161171488121963,19,1
673,9,0.5175325661143939,0.5225716288940141,0,3.023508955784604,1.3132116320877625,0.16885339741280858,702.8994248100461,7.028994248100461,0.0,136.35585521549132,530.6284621507061,77868.64034682106,423101.2003110329,40223.22959846447,15851.84803641045,34638.5992398287,1.3435790872583706,1.3435790872583695,235.45108803568775,48273.97531018187,66798.06716605763,57059.94175723656,1,0.0001623389952794228,0.00016436928407020782,19,1
674,9,0.9775469575591782,0.9646723260048278,0,1.6378618494671038,2.3950029357163056,0.5158246428584212,1079.9556389794263,10.799556389794263,0.0,137.43668539051467,531.2764355340938,78680.35985708682,423472.99824641924,39525.25226896234,16132.669203066012,34002.47785260389,1.6619018280571776,1.6619018280571767,235.45108803568775,48273.97531018187,66960.06051190455,57059.94175723656,1,0.0002540886916914437,0.00020744798025254066,19,1
675,9,0.9202776953758008,0.9208787486986268,0,1.7157524834109097,2.156223775299002,0.3646985919613937,685.8568107290102,6.858568107290103,0.0,136.1458962413992,531.6879496205312,79521.19940230789,423864.9219263744,38653.84350463028,16497.48529135165,33158.61999620571,1.5658234633854045,1.5658234633854062,235.45108803568775,48273.97531018187,67062.9390335139,57059.94175723656,1,0.00016547294448502188,0.00019396687715196278,19,1
676,9,0.9866702879234405,0.9739739840111861,0,1.6222199216173867,2.1932227980688417,0.3881156949802795,1798.8565252998956,17.988565252998956,0.0,139.65067359943913,532.7672635357111,80420.61836228601,424380.5867301196,37651.13319433334,16938.203661847325,32651.410136378185,2.2495170045887507,2.2495170045887485,235.45108803568775,48273.97531018187,67332.76751230888,57059.94175723656,1,0.00044074213463649975,0.00028676792360432177,19,1
677,9,1.136034565253995,1.1363906064167233,0,1.3903670015207796,2.4420131144924264,0.5455779205648268,1535.7547941748803,15.357547941748804,0.0,140.93995300558987,533.688716412216,81159.42935486393,424786.2458818165,37026.50928189498,17224.884717162327,32758.651311200214,2.5447746892143264,2.544774689214328,235.45108803568775,48273.97531018187,67563.13073143511,57059.94175723656,1,0.00037504713599727577,0.00032708740503959913,19,1
678,9,1.1377316738961671,1.1360273563113563,0,1.3908115779273207,2.339071432148564,0.4804249570560532,1261.6990419655103,12.616990419655103,0.0,139.06717229792272,534.4457358373953,81876.93570491349,425236.21386770025,36211.937803046116,17613.6000147031,31349.41122678746,2.9304646760984356,2.930464676098432,235.45108803568775,48273.97531018187,67752.38558772994,57059.94175723656,1,0.00032197071462379827,0.0003792533284191913,19,1
679,9,1.238191643540376,1.2514798798538769,0,1.26250531505507,2.4298937575789914,0.5379074415056907,1648.1236125696128,16.481236125696128,0.0,140.46966079809795,535.4346100049371,82850.21675298542,425816.2676292446,35380.65191296817,18028.783112433626,30672.78090661301,2.9092245350823958,2.909224535082396,235.45108803568775,48273.97531018187,67999.60412961537,57059.94175723656,1,0.00042985958595342873,0.00037562581219150094,19,1
680,9,1.1796100596508912,1.1814662393775215,0,1.3373213278040461,2.2194032651576743,0.40468561085928745,1880.312860819319,18.80312860819319,0.0,142.37589684461682,536.5627977214286,83858.38759794057,426408.74619038554,34644.20524546113,18413.35175888047,30769.523942270513,3.1879454651041232,3.1879454651041264,235.45108803568775,48273.97531018187,68281.65105873827,57059.94175723656,1,0.0004888766857354425,0.00041356899543755645,19,1
681,9,1.07406567995453,1.068029923566322,0,1.4793592999006324,1.9397327548011067,0.22767895873487762,1503.8621246840592,15.038621246840592,0.0,141.23878907875954,537.3832073841319,84636.4064016288,426876.1893110483,33943.07057735136,18794.902075644783,30021.665532194253,3.3824433058612087,3.3824433058612082,235.45108803568775,48273.97531018187,68486.75347441409,57059.94175723656,1,0.00040074049138183004,0.00043982558769023374,19,1
682,9,1.0959345054469047,1.1190487039000288,0,1.4119135248479326,1.8709035204905218,0.18411615220919095,1896.4119730752668,18.964119730752667,0.0,142.706719521902,538.3277634824798,85519.98513386332,427488.7324298057,33002.63418436363,19332.223803717465,28788.97240180472,3.6279903808476495,3.627990380847651,235.45108803568775,48273.97531018187,68722.89249900106,57059.94175723656,1,0.0005269828868101967,0.0004722000213091564,19,1
683,9,1.0707971105269998,1.0511001562942879,0,1.503186913766979,1.779402365862659,0.12620402902699931,1004.4862777906184,10.044862777906184,0.0,138.8555690525353,538.6406741905411,85987.6388772685,427791.38280025584,32561.767229604713,19594.807184720044,29086.06968826271,3.1039901253147075,3.103990125314705,235.45108803568775,48273.97531018187,68801.12017601638,57059.94175723656,1,0.0002762796867521679,0.0004013343549813982,19,1
684,9,1.0075787880677771,1.0241519974893734,0,1.5427397533503264,1.6170457151085365,0.02344665513198505,2343.4001376073224,23.434001376073226,0.0,142.22729693792618,538.9276850675926,86659.06201184538,428212.0789647065,32000.66487274344,19939.566846245747,30368.468399787653,3.6277056353138937,3.627705635313889,235.45108803568775,48273.97531018187,68872.87289527927,57059.94175723656,1,0.0006173245503875879,0.0004735290413166509,19,1
685,9,1.0194151757553076,1.015294484418142,0,1.556198742580077,1.5889831138798987,0.005685515113859864,945.7518547000502,9.457518547000502,0.0,137.82363951151459,538.9959317857473,87157.46979720093,428536.38200104696,31537.833454793297,20233.1577682768,30909.79876272296,2.93281134003553,2.932811340035534,235.45108803568775,48273.97531018187,68889.93457481795,57059.94175723656,1,0.0002447772273019446,0.00037946048814723344,19,1
686,9,0.9250527100291791,0.924283672359888,0,1.709431906295534,1.458042881478163,0.07718804969736526,1606.9541707576407,16.069541707576406,0.0,137.386779490032,538.9959317857473,87061.1416634871,428437.90006959805,31714.24184695101,20121.044270865783,31728.123072730126,3.2417710909705946,3.241771090970595,235.45108803568775,48273.97531018187,68889.93457481795,57167.34398735189,1,0.0004051810230498747,0.000422427600246469,19,1
687,9,0.9586177635645717,0.955797390360535,0,1.6530700082828333,1.5291800576075443,0.0321645205015543,1381.1850272353856,13.811850272353857,0.0,138.11747458307485,538.9959317857473,86926.30973749472,428340.0831306064,31905.30587748681,20000.910170102063,30505.47777161574,2.628208455497656,2.6282084554976546,235.45108803568775,48273.97531018187,68889.93457481795,57272.027473020964,1,0.0003622129868152478,0.00033739041238902237,19,1
688,9,0.9402207286544343,0.9401775929842655,0,1.6805335627972602,1.5132476853246484,0.04224830042743778,1593.2559641699552,15.932559641699552,0.0,138.97978538058032,538.9959317857473,86806.35801650154,428245.21285670303,32048.035311494998,19912.290238231803,30075.77530504292,3.067232810250146,3.067232810250143,235.45108803568775,48273.97531018187,68889.93457481795,57374.72871879794,1,0.0004237978101672566,0.000397063940010793,19,1
689,9,0.8506627375711786,0.8484843581397774,0,1.8621439332882956,1.3903551515531343,0.12002838509295304,920.7571003859482,9.207571003859483,0.0,136.05555937839793,538.9959317857473,86651.49635431262,428117.1549992428,32296.17618537536,19759.81001418441,29000.014874919005,2.7019396426753164,2.7019396426753195,235.45108803568775,48273.97531018187,68889.93457481795,57509.34661780615,1,0.000254001828442447,0.00034667087514165043,19,1
690,9,0.8208233112038108,0.8212636517745322,0,1.9238645185209897,1.3642187015839595,0.1365704420354687,953.195278913965,9.53195278913965,0.0,134.3010194505279,538.9959317857473,86486.72779205116,427977.33929858555,32567.931484007604,19595.4778575631,29354.62587461414,2.4484206447001666,2.4484206447001675,235.45108803568775,48273.97531018187,68889.93457481795,57655.076897372004,1,0.00025977378365793795,0.00031252447408921386,19,1
691,9,0.8164342736182856,0.8107031430998457,0,1.9489254648238217,1.3744348454533115,0.13010452819410667,846.53083958428,8.4653083958428,0.0,133.4673764526388,538.9959317857473,86350.66497479808,427862.35779980646,32777.7564917603,19470.463733303546,29768.54886282335,1.9674104906299625,1.9674104906299648,235.45108803568775,48273.97531018187,68889.93457481795,57774.81468777755,1,0.00022749670290888132,0.00024709077166975543,19,1
692,9,0.8418611520182012,0.8365310386601837,0,1.8887523916991547,1.4290922304446005,0.09551124655405033,523.9978295265465,5.239978295265465,0.0,131.0229009824351,538.9959317857473,86225.94190853063,427775.0445280128,32914.815196844145,19389.7242247694,29752.36177130241,1.6892759749928805,1.689275974992879,235.45108803568775,48273.97531018187,68889.93457481795,57866.18041608906,1,0.0001408957940359458,0.00020938876020092168,19,1
693,9,0.8078924978979432,0.807893321417814,0,1.9557037521082312,1.3943954648755508,0.11747122476230967,1358.032634591886,13.580326345918861,0.0,133.51324168103685,538.9959317857473,86092.15439785752,427644.5299933931,33189.685168790274,19229.621962269794,29035.258796400154,1.974752132556798,1.9747521325567956,235.45108803568775,48273.97531018187,68889.93457481795,58001.227889139496,1,0.00037417476292934097,0.00024752241995805603,19,1
694,9,0.6583964263204294,0.6625921176318786,0,2.3845740961226056,1.150392007751534,0.27190379256232033,568.7662409116421,5.68766240911642,0.0,131.1660797321698,538.9959317857473,86000.34629997669,427544.3198015388,33394.15945179634,19112.263554412704,29098.791394404197,1.7983625289100433,1.7983625289100418,235.45108803568775,48273.97531018187,68889.93457481795,58105.53687340379,1,0.0001563683475928881,0.00022381296818605825,19,1
695,9,0.6895769727419159,0.689805168723045,0,2.2905018281102008,1.2277002119335498,0.2229745494091457,1209.3600811159426,12.093600811159426,0.0,132.15308886689974,538.9959317857473,85872.84731531458,427384.5675675297,33709.55708504609,18934.04766182044,29142.880425277974,2.264323640641638,2.2643236406416416,235.45108803568775,48273.97531018187,68889.93457481795,58270.351528804335,1,0.0003319809335159518,0.0002875080146793936,19,1
696,9,0.654383388037916,0.6557659628563396,0,2.4093961710332548,1.180890839444987,0.25260073452848925,640.3917658574184,6.4039176585741835,0.0,130.4733562335759,538.9959317857473,85757.59678321803,427270.0657523074,33938.4718786893,18806.79523540402,29198.27075173035,1.778371066745319,1.7783710667453174,235.45108803568775,48273.97531018187,68889.93457481795,58388.7895298635,1,0.00017546018976331807,0.00022126982362405268,19,1
697,9,0.6549094335114233,0.6635526914822673,0,2.3811221328490744,1.2035683664900922,0.23824786931006822,952.1646500966893,9.521646500966893,0.0,130.92745385694568,538.9959317857473,85619.60516469085,427121.4551712232,34249.55180963544,18636.54379607952,26281.565124282763,2.1218714023528222,2.121871402352821,235.45108803568775,48273.97531018187,68889.93457481795,58541.54541310894,1,0.0002898349913618927,0.00026575870488038756,19,1
698,9,0.6839537666815043,0.667454524382769,0,2.3672024719004052,1.2792525216119015,0.19034650530892314,847.6202453506444,8.476202453506444,0.0,131.13182458098018,538.9959317857473,85441.00993667378,426973.3714758239,34552.63933115409,18473.60659453905,26327.315774503888,1.9407569247901373,1.9407569247901397,235.45108803568775,48273.97531018187,68889.93457481795,58693.3614086413,1,0.00025756374181419697,0.0002409529743131359,19,1
699,9,0.6471226365572567,0.6522810468705829,0,2.422268756052762,1.2285704945513636,0.2224237376257193,803.0062692437228,8.030062692437228,0.0,130.94686461552573,538.9959317857473,85334.27418186466,426860.29412895325,34811.92733816397,18336.42131454467,23080.962608530786,2.2163434740079015,2.2163434740079033,235.45108803568775,48273.97531018187,68889.93457481795,58810.12105368057,1,0.00027832678657758564,0.00027524183991789176,19,1
700,9,0.6429535399362648,0.6417151596703955,0,2.462151588894263,1.2388792128245705,0.2158992323895124,568.4790447522624,5.684790447522625,0.0,129.47422221392077,538.9959317857473,85178.20759744859,426740.6925651546,35071.25000535605,18201.277499460684,23135.030886097262,1.986610188447511,1.9866101884475085,235.45108803568775,48273.97531018187,68889.93457481795,58932.98540861413,1,0.0001965777517397251,0.0002441560933771692,19,1
701,9,0.677830452545725,0.6788916264138187,0,2.327322857620445,1.3228142410504233,0.16277579680352958,685.8625838669294,6.858625838669294,0.0,129.13235726581684,538.9959317857473,85064.26793344827,426647.30309957545,35295.52130349307,18085.97037705465,23332.968766012007,1.929818397259879,1.929818397259879,235.45108803568775,48273.97531018187,68889.93457481795,59029.52841103554,1,0.00023515656005711262,0.00023668703279147444,19,1
702,9,0.6806514364198171,0.6793531679343926,0,2.3257417122291035,1.345882668054152,0.1481755265480051,1010.3430760895656,10.103430760895655,0.0,130.45112895734258,538.9959317857473,84933.31352932708,426532.1989506011,35528.564557435224,17967.81329751064,23516.605561681557,2.089371701753691,2.0893717017536897,235.45108803568775,48273.97531018187,68889.93457481795,59148.024903970465,1,0.0003437037112995047,0.0002584793410321141,19,1
703,9,0.7534585016856499,0.744137699548255,0,2.123262940392851,1.5072063318029028,0.046071941896897034,1042.917395327091,10.429173953270912,0.0,131.12180785502994,538.9959317857473,84784.24724263091,426442.18455261266,35735.256760565695,17864.19844983029,24143.97601952364,2.447662718973552,2.4476627189735525,235.45108803568775,48273.97531018187,68889.93457481795,59242.07461887643,1,0.0003455660805772016,0.00030814211731127296,19,1
704,9,0.7153347090233022,0.7095579069880404,0,2.2267386275869248,1.4460711795514132,0.08476507623328285,839.8946490942068,8.398946490942068,0.0,129.6670798584729,538.9959317857473,84666.51923938395,426362.5451922991,35923.92952578129,17770.656132065407,24793.21482317742,2.5275686170136678,2.527568617013669,235.45108803568775,48273.97531018187,68889.93457481795,59325.95339072254,1,0.0002710079044074749,0.0003200925654280604,19,1
705,9,0.7560990102044892,0.7516765440866094,0,2.1019679440974413,1.5385434971278225,0.026238292957074437,684.6049879271648,6.846049879271647,0.0,127.6735846553896,538.9959317857473,84537.32966129977,426294.8666408064,36042.329211068216,17712.576532822564,25967.576564370604,2.193003945758334,2.1930039457583312,235.45108803568775,48273.97531018187,68889.93457481795,59397.46068223228,1,0.00021091070588897151,0.000275828230291216,19,1
706,9,0.7915975176033686,0.7784714448794154,0,2.0296184405899957,1.6099634649802952,0.018964218341958935,875.0219887844659,8.75021988784466,0.0,127.99978815209919,539.013432225523,84542.1864800171,426299.0887776155,36033.26424032813,17717.074420778295,25756.647727750442,2.0153929464393205,2.0153929464393205,235.45108803568775,48273.97531018187,68894.30968476187,59398.77321521546,1,0.00027178132745643276,0.00025123331258429304,19,1
707,9,0.7724378047343355,0.7772685520364948,0,2.0327594572819083,1.5690283116518293,0.0069441065494751575,772.617519454896,7.72617519454896,0.0,127.5516215427616,539.0288845759121,84546.86551667373,426303.1792680431,36010.751206462846,17728.211404592505,26806.978509911914,1.9092817551386796,1.9092817551386823,235.45108803568775,48273.97531018187,68898.17277235915,59399.93214149464,1,0.00023057205620371417,0.00023775469651637283,19,1
708,9,0.7861547460547693,0.7978080355635144,0,1.9804262799684655,1.5699129322678613,0.006384220083632116,1413.8669661678664,14.138669661678664,0.0,129.73600835183018,539.0571619152355,84883.9213487076,426473.07350320293,35705.80609876016,17880.156503776238,26496.739021429275,2.4398502655554757,2.4398502655554775,235.45108803568775,48273.97531018187,68905.24210718999,59402.05294194389,1,0.00042688029346536554,0.0003097445590418375,19,1
709,9,0.8002565159105866,0.7934146663150271,0,1.9913924799729597,1.6002576884559985,0.012821321807593924,1343.7178060755778,13.437178060755778,0.0,130.83319061694584,539.084036271357,84890.00283119353,426479.27063005214,35730.24388761702,17867.972572422448,26491.27360600846,2.767472704255093,2.7674727042550935,235.45108803568775,48273.97531018187,68911.96069622037,59404.068518653,1,0.00040578428234445035,0.00035441221067117665,19,1
710,9,0.7613930934541486,0.7581211538363006,0,2.0840996086242516,1.5321299754705022,0.030297483879429016,1181.971393348861,11.819713933488611,0.0,129.77194448593337,539.084036271357,84760.67346783352,426404.792149015,35842.93756956112,17812.173608959904,26297.354022346906,3.081226924317976,3.081226924317978,235.45108803568775,48273.97531018187,68911.96069622037,59484.052275496164,1,0.00035957120015784043,0.0003974119253225521,19,1
711,9,0.6799837430885268,0.6832095380454659,0,2.3126140839896396,1.3787213509332628,0.1273915500422388,526.4891758529099,5.264891758529099,0.0,125.37773863474342,539.084036271357,84677.75866341591,426345.4650695531,35979.24944732746,17744.923364063998,26713.926746878213,2.417329348328704,2.417329348328703,235.45108803568775,48273.97531018187,68911.96069622037,59547.74166702772,1,0.00015766732636247432,0.00030767426962158837,19,1
712,9,0.6453301263146541,0.6446360507409667,0,2.450995407693836,1.3223142994968957,0.1630922155082939,932.621875579372,9.32621875579372,0.0,125.5623665381425,539.084036271357,84595.91656048773,426257.39232387755,36169.64884273347,17651.903231568034,26833.535510639507,2.105988688360679,2.1059886883606778,235.45108803568775,48273.97531018187,68911.96069622037,59639.582539079565,1,0.0002780466629779999,0.0002650950631661049,19,1
713,9,0.6242385596249893,0.6274471391660281,0,2.5181404159401515,1.2920448451092184,0.18225009803214032,485.44236197968377,4.854423619796838,0.0,123.87528703195632,539.084036271357,84469.85552926609,426169.31981544115,36352.59458411404,17563.392917604415,26782.255844205374,1.5819033869801147,1.581903386980113,235.45108803568775,48273.97531018187,68911.96069622037,59730.45572636215,1,0.00014500417434693856,0.00019357272122913762,19,1
714,9,0.5406134535750979,0.5415378480816272,0,2.917616941451234,1.1423477103554864,0.27699512002817317,1151.497450944157,11.51497450944157,0.0,125.64868031339648,539.084036271357,84382.53485491054,426022.63541710586,36731.209630416786,17382.961345553103,24982.744309726408,2.1102494750064165,2.110249475006419,235.45108803568775,48273.97531018187,68911.96069622037,59880.54545972871,1,0.0003687336944791451,0.00026392817726802786,19,1
715,9,0.45399369774878495,0.45808726471290934,0,3.449124482843267,0.9758449232589853,0.3823766308487435,642.4890902875015,6.424890902875015,0.0,124.65390938243132,539.084036271357,84273.0925476167,425911.7693830292,37046.82843796396,17235.347780717406,24016.767594419834,1.9603071520101591,1.960307152010159,235.45108803568775,48273.97531018187,68911.96069622037,59994.40650572684,1,0.00021401350960710647,0.0002425837928110634,19,1
716,9,0.47077557863274816,0.4771627232874405,0,3.3112393799635007,1.028717623567798,0.34891289647607726,739.7410156144591,7.397410156144591,0.0,123.66982870520445,539.084036271357,84179.2970245162,425800.0244206203,37353.61080008403,17094.261180675763,24062.49744015004,2.204064639437063,2.2040646394370604,235.45108803568775,48273.97531018187,68911.96069622037,60109.469985708456,1,0.0002459398962902818,0.0002762290334588445,19,1
717,9,0.488594344816247,0.48715579588215935,0,3.2433156155699203,1.0877653300383792,0.31154093035545627,751.7607221964787,7.517607221964787,0.0,123.73663296034609,539.084036271357,84061.61173184749,425676.8571112292,37704.35363668551,16935.761283351858,24121.387285680834,1.913148689390876,1.9131486893908736,235.45108803568775,48273.97531018187,68911.96069622037,60235.46944033868,1,0.00024932586614294643,0.0002364264240134449,19,1
718,9,0.5002797562325578,0.5004473525298216,0,3.157175259321305,1.130216604278939,0.28467303526649435,579.4283640256165,5.794283640256165,0.0,122.50489233710017,539.084036271357,83958.65613618147,425578.768034689,37981.95031185327,16812.353288132595,24178.580352937315,1.856589707990822,1.8565897079908233,235.45108803568775,48273.97531018187,68911.96069622037,60336.276067356506,1,0.0001917162564774735,0.00022899400630356723,19,1
719,9,0.5135341373767226,0.5131077671264587,0,3.079275156656514,1.179336067414488,0.2535847674591849,893.4337331574046,8.934337331574046,0.0,123.30690140322022,539.084036271357,83879.1775354137,425470.5097922903,38295.08566043423,16675.343291681984,24202.23386223611,1.977783401856872,1.977783401856874,235.45108803568775,48273.97531018187,68911.96069622037,60447.38070293324,1,0.0002953227336759097,0.00024545495209877654,19,1
720,9,0.5129692255078309,0.5131077671264587,1,3.079275156656514,1.201374467677649,0.23963641286224752,1120.8665754368294,11.208665754368294,0.0,124.72076416659544,539.084036271357,83759.89171990223,425330.6493016487,38673.165069653856,16512.872603381962,24245.91880133075,2.2728099800665413,2.272809980066544,235.45108803568775,48273.97531018187,68911.96069622037,60590.45356795611,1,0.00036983265831124043,0.00028562388282154117,19,1
721,9,0.5736765699793287,0.5879867768994033,0,2.6871352589453164,1.3516310238751577,0.14453732666129265,1129.8585446238017,11.298585446238016,0.0,125.35054431735942,539.084036271357,83689.1940946356,425248.44390910777,38789.77003938868,16463.65156866863,23865.396133544935,2.7318669540241163,2.7318669540241136,235.45108803568775,48273.97531018187,68911.96069622037,60676.43897690841,1,0.00037874369679057957,0.00034796636292590993,19,1
722,9,0.578205108887823,0.5886904650080248,0,2.683923205684098,1.375305096004874,0.12955373670577597,510.0273892474025,5.100273892474025,0.0,121.77010244258999,539.084036271357,83562.69003844568,425175.8943339712,38974.78701222196,16385.761263987668,23755.387736684854,2.4265834638984374,2.426583463898436,235.45108803568775,48273.97531018187,68911.96069622037,60752.30714648431,1,0.00017175973548426825,0.00030677869686202946,19,1
723,9,0.4973999727772955,0.48682508905930155,0,3.24551884343729,1.204534286417292,0.23763652758399237,935.5222573860354,9.355222573860354,0.0,122.3233242244926,539.084036271357,83426.85033257326,425046.69283995515,39326.788252554055,16239.590376809083,23083.3890463645,2.321922823239473,2.3219228232394706,235.45108803568775,48273.97531018187,68911.96069622037,60884.53180687586,1,0.00032422353771605295,0.0002915756566636336,19,1
724,9,0.4561742878458798,0.4581651099652191,0,3.4485384540083013,1.1265266552995676,0.2870084460129319,1003.6719863943246,10.036719863943246,0.0,123.37300894185675,539.084036271357,83369.81965057044,424929.2486495441,39713.98558671088,16081.731406277113,23140.156893100113,2.2458338512241456,2.2458338512241443,235.45108803568775,48273.97531018187,68911.96069622037,61004.84953062595,1,0.0003469888267502966,0.00028099069998353924,19,1
725,9,0.4396874809831166,0.43020643357658583,0,3.6726554432587926,1.106175946499969,0.29988864145571587,816.7631601231374,8.167631601231374,0.0,122.81751041934875,539.084036271357,83245.13393497838,424803.2517578721,40085.33929458822,15933.289739808612,21011.427617342582,2.6033505515377886,2.6033505515377886,235.45108803568775,48273.97531018187,68911.96069622037,61133.8183680657,1,0.0003109786445730097,0.00032739700301311975,19,1
726,9,0.461436715320106,0.4562987535760075,0,3.4626436903838993,1.1787988100511315,0.2539248037651067,921.7179014824127,9.217179014824127,0.0,123.30652930939135,539.084036271357,83177.03773313145,424700.3649248039,40393.82818373556,15812.024271978325,19389.273395236814,2.7585737536025072,2.7585737536025063,235.45108803568775,48273.97531018187,68911.96069622037,61239.56517013874,1,0.0003803001309822545,0.00034608920076852024,19,1
727,9,0.4745452913955363,0.46805017054342396,0,3.3757064935273076,1.2253450532001589,0.22446515620243115,833.775944124873,8.33775944124873,0.0,123.34397130522521,539.084036271357,83131.40610951386,424622.59416884836,40611.26065914999,15727.718876495412,18260.21891865919,2.8175248727525313,2.8175248727525326,235.45108803568775,48273.97531018187,68911.96069622037,61320.05836155707,1,0.00036528628614539984,0.0003521883539002214,19,1
728,9,0.46553932814917026,0.4667532305872879,0,3.385086372111404,1.218125095081691,0.2290347499482968,921.6062548319675,9.216062548319675,0.0,123.5719632120919,539.084036271357,83079.82497563846,424534.7094470785,40881.69919921708,15624.04292928851,18223.32302513412,3.0462517459676035,3.0462517459676026,235.45108803568775,48273.97531018187,68911.96069622037,61410.84161083488,1,0.00040458318323649854,0.00038338986678805093,19,1
729,9,0.41923846618395877,0.42443113754499373,0,3.7226297984146015,1.1106201602985437,0.2970758479123141,672.1210610091944,6.721210610091944,0.0,122.196055527546,539.084036271357,83030.81188782974,424453.7817280192,41135.666631995264,15527.949519317726,18225.454863698873,2.835964944606391,2.835964944606393,235.45108803568775,48273.97531018187,68911.96069622037,61494.437703746866,1,0.0002950252011972169,0.0003549648901930384,19,1
730,10,0.4428031147468276,0.4482581225680345,0,3.524754868798156,1.3038021382210039,0.1748087732778457,512.0350582996276,5.120350582996276,0.0,0.0,529.6744870117838,78826.8376951347,424391.9744236249,45492.265482842275,15450.286713119025,18283.14174895116,2.2475610903447283,2.2475610903447256,91.41570874475573,48182.55960143712,68911.96069622037,61558.151291030204,1,0.00022404685817370591,0.00030788508086914047,23,1
731,10,0.39255744406876264,0.39729451900847407,0,3.9768985586390624,1.1703393918661253,0.25927886590751564,952.0489792494395,9.520489792494395,0.0,1.7486845885886737,529.6744870117838,78773.25998310486,424292.7851240414,45777.050932001,15354.62468046831,17073.434498800245,2.3523141334299176,2.3523141334299202,91.41570874475573,48182.55960143712,68911.96069622037,61659.1785226108,1,0.0004460960584427651,0.000321722705937896,23,1
732,10,0.38076467928137114,0.37997487980262334,0,4.158169615898624,1.150746999062038,0.2716791145176975,888.0418449673182,8.880418449673183,0.0,2.7462904306236124,529.6744870117838,78711.40429439307,424193.15232111624,46090.53966732164,15250.658544960428,17023.017114994476,2.6520895856947795,2.6520895856947795,91.41570874475573,48182.55960143712,68911.96069622037,61760.850891065056,1,0.000417336992129368,0.0003624933029152797,23,1
733,10,0.3132931759703963,0.31704671550490926,0,4.983492724357004,0.9617999280271621,0.3912658683372392,568.9848878556272,5.689848878556273,0.0,1.4507822645711244,529.6744870117838,78598.72045732771,424102.79661050666,46453.95447155242,15131.74050930667,15980.739077997365,2.7974333141394703,2.7974333141394694,91.41570874475573,48182.55960143712,68911.96069622037,61853.19824841823,1,0.0002848353308710325,0.0003827561271477219,23,1
734,10,0.28359389770237203,0.2814509817847301,0,5.613766169799596,0.8866137536612962,0.43885205464474925,758.3168366063502,7.583168366063502,0.0,2.009737068631012,529.6744870117838,78547.79176908205,424013.6341857861,46879.30323310312,14994.899718785497,15959.954529094184,2.638149316513563,2.6381493165135645,91.41570874475573,48182.55960143712,68911.96069622037,61944.19996847839,1,0.00038010977298160955,0.00036076069866067,23,1
735,10,0.2638703037185446,0.26605851410690573,0,5.938543276104804,0.8396913485069194,0.4685497794260004,623.6000987903903,6.236000987903903,0.0,2.0880819569347673,529.6744870117838,78450.15659950202,423922.9467541873,47296.9615370588,14862.917937572609,16006.049139221435,2.381221436997297,2.3812214369973,91.41570874475573,48182.55960143712,68911.96069622037,62036.52373464535,1,0.0003116822113271225,0.00032554243839325487,23,1
736,10,0.2703761884454504,0.2722328392206566,0,5.803855275223945,0.8873861113969895,0.43836322063481675,1207.1155009606753,12.071155009606754,0.0,4.325166097445299,529.6744870117838,78364.24355181307,423780.08741786616,48034.22392315809,14635.467258816074,16053.729620336557,3.1569360571787213,3.1569360571787235,91.41570874475573,48182.55960143712,68911.96069622037,62181.489861274546,1,0.0006015377258784899,0.00043110990339574064,23,1
737,10,0.29606228991555394,0.2939238282146838,0,5.375542396807509,0.9909670371689998,0.37280567267784825,971.3839986381887,9.713839986381887,0.0,4.965144507673709,529.6744870117838,78304.62328097584,423669.657645983,48509.2825298716,14492.681117813105,16095.30021561876,3.408280983072622,3.4082809830726224,91.41570874475573,48182.55960143712,68911.96069622037,62294.15811382075,1,0.00048281621870988897,0.00046534538530516715,23,1
738,10,0.3225899820854568,0.3255463070221443,0,4.8533801978977,1.1024430029245658,0.30225126397179386,995.2577074983848,9.952577074983848,0.0,4.910386645434535,529.6744870117838,78238.27355155522,423556.3784858123,49017.03991236089,14343.059899934417,16138.034960679312,3.8502402046395914,3.850240204639594,91.41570874475573,48182.55960143712,68911.96069622037,62409.92167588251,1,0.0004933724384280256,0.0005259087943388015,23,1
739,10,0.3399055586043135,0.3255463070221443,1,4.8533801978977,1.1854210834817387,0.24973349146725402,1118.084291492664,11.180842914926641,0.0,5.974256022708323,529.6744870117838,78189.36172388829,423449.33463896887,49517.445347633184,14198.545273136358,15655.960518109465,3.779549909980012,3.779549909980013,91.41570874475573,48182.55960143712,68911.96069622037,62519.28245605272,1,0.0005713270879544493,0.0005158385816974547,23,1
740,10,0.3035850236022988,0.29516694635957047,0,5.352902889320318,1.0767282082292309,0.31852645048782857,652.1126573058566,6.521126573058567,0.0,4.170416235750005,529.6744870117838,78082.94949551318,423358.0107321315,49936.71761919474,14079.727345470506,15712.401258688355,3.4083828907303912,3.408382890730388,91.41570874475573,48182.55960143712,68911.96069622037,62612.6718922464,1,0.00033202444187594224,0.0004655746560861391,23,1
741,10,0.3004016375595088,0.2990788693669222,0,5.282887431480796,1.0835755464204895,0.31419269213893075,722.3817272268309,7.223817272268309,0.0,3.6129987804986827,529.6744870117838,78006.35580217396,423268.5747821577,50360.696653437764,13961.588366686598,15770.116079183132,3.0982273148018256,3.0982273148018264,91.41570874475573,48182.55960143712,68911.96069622037,62703.95932320749,1,0.0003664560101395267,0.0004232691799899728,23,1
742,10,0.2797821090353913,0.28258915132699175,0,5.591155897459553,1.0233307945668972,0.35232228191968534,725.0567098208809,7.250567098208809,0.0,4.073439927352531,529.6744870117838,77947.69139379247,423183.5590225118,50712.833861766536,13865.060729469638,15822.505065812578,2.6010807515803074,2.601080751580308,91.41570874475573,48182.55960143712,68911.96069622037,62790.511877496145,1,0.00036659515382933837,0.00035502520194826917,23,1
743,10,0.24562475213452253,0.24681661956305037,0,6.401513815387064,0.9140441555052682,0.42149104081945055,604.3317047015407,6.043317047015408,0.0,3.700068642877879,529.6744870117838,77873.98679270988,423105.94220056204,51153.219183379755,13746.050130209644,15865.583700920568,2.5337697185114414,2.533769718511441,91.41570874475573,48182.55960143712,68911.96069622037,62869.605131724675,1,0.0003047258599966799,0.0003459256746551817,23,1
744,10,0.2619699851207787,0.24681661956305037,1,6.401513815387064,0.9967811066070776,0.3691258818942547,1001.9017899278625,10.019017899278625,0.0,5.290005029760359,529.6744870117838,77831.93862680401,422998.3906469311,51725.97544831768,13594.411981461337,15674.298389998497,2.890176509982674,2.890176509982675,91.41570874475573,48182.55960143712,68911.96069622037,62978.781513197944,1,0.0005113603250361287,0.000394227112954049,23,1
745,10,0.27896825494250077,0.2820311506545924,0,5.602218039861309,1.0787593972616765,0.31724088780906556,697.1159760351285,6.971159760351285,0.0,5.049214538261033,529.6744870117838,77750.6239962702,422911.4190444026,52146.52701757856,13485.143842392054,15730.3515796311,2.8602225102000784,2.860222510200076,91.41570874475573,48182.55960143712,68911.96069622037,63067.343125119594,1,0.0003545329409866766,0.0003902063753398284,23,1
746,10,0.2752802834910504,0.2779817033889204,0,5.683827319344984,1.0795251638701724,0.3167562253986251,791.5983490215885,7.915983490215885,0.0,5.386885164322761,529.6744870117838,77704.14198254199,422824.50686481025,52514.128820026555,13391.16933322454,14734.245575787747,3.166199453820773,3.1661994538207714,91.41570874475573,48182.55960143712,68911.96069622037,63155.88030490116,1,0.0004298005459186284,0.00043189793731381124,23,1
747,10,0.26715985407269655,0.2729043404936234,0,5.7895744609343,1.0642845936715526,0.32640215590408067,657.3906358555874,6.573906358555875,0.0,5.346499800867638,529.6744870117838,77618.97587523244,422740.84676010907,52929.327804036184,13286.475794514916,14712.821399652306,2.7916080503880463,2.7916080503880436,91.41570874475573,48182.55960143712,68911.96069622037,63240.94912976389,1,0.00035745184040424663,0.00038059510910318386,23,1
748,10,0.2794938011222829,0.28091124974775583,0,5.624552243524461,1.1339452778425376,0.2823131152895332,981.8200978027518,9.818200978027518,0.0,6.644360316865096,529.6744870117838,77564.51814987216,422635.1043927706,53415.94367712835,13165.913232831957,14718.034880449226,3.2307200275237467,3.2307200275237493,91.41570874475573,48182.55960143712,68911.96069622037,63348.291369572544,1,0.0005336691240524005,0.00044030717012509183,23,1
749,10,0.25948002188698654,0.2599873312022341,0,6.077219196388377,1.0717452397153695,0.3216802280282472,766.2217723114293,7.662217723114293,0.0,6.834917895183777,529.6744870117838,77518.17815845103,422551.12471188535,53896.50233612172,13048.87121264284,14287.393878351448,3.229837635006533,3.2298376350065343,91.41570874475573,48182.55960143712,68911.96069622037,63433.79733482737,1,0.00042903375035942655,0.00044005157160535794,23,1
750,10,0.19241858358673936,0.19179315497482233,0,8.238041655904846,0.8084593630641522,0.48831685882015685,581.4483683289725,5.814483683289725,0.0,5.592261533228814,529.6744870117838,77426.87494448505,422473.21214516956,54360.02551580432,12938.039425811035,14330.933528021955,3.1466403928938282,3.1466403928938265,91.41570874475573,48182.55960143712,68911.96069622037,63513.177714827485,1,0.00032458366634220383,0.00042909551358467695,23,1
751,10,0.2212225797034126,0.22008559177479128,0,7.179025156797993,0.9714811367343749,0.38513852105419316,1795.629865464521,17.95629865464521,0.0,10.050130829145505,529.6744870117838,77399.70961741828,422293.5334715123,55576.45067919109,12655.691732048319,14373.944450396571,4.291148584034283,4.2911485840342785,91.41570874475573,48182.55960143712,68911.96069622037,63694.770939301605,1,0.0009993804396064604,0.0005843326187693637,23,1
752,10,0.23218732767109299,0.23460077585489317,0,6.734845587114648,1.0440940253438082,0.3391809966178429,1024.4246338208973,10.244246338208972,0.0,10.021242596481255,529.6744870117838,77332.50030709348,422181.10084677703,56240.30247101321,12506.809943537966,13486.514145240557,4.727439705350087,4.727439705350085,91.41570874475573,48182.55960143712,68911.96069622037,63809.140873024706,1,0.00060767348644048,0.0006438791974630481,23,1
753,10,0.2271727372595878,0.2287667040165658,0,6.906599484361967,1.041721623221431,0.3406825169484614,841.8540355490454,8.418540355490455,0.0,7.630966395996817,529.6744870117838,77283.64415644995,422090.79640568816,56793.9486893238,12385.301884812443,13531.99250310185,5.142143718741914,5.142143718741909,91.41570874475573,48182.55960143712,68911.96069622037,63901.52116301578,1,0.0004976970156352498,0.0007015836472273967,23,1
754,10,0.24307945442070722,0.24231227572189407,0,6.5205115807396945,1.1295487911645956,0.2850957017945598,584.6995928912044,5.846995928912044,0.0,6.012768358468516,529.6744870117838,77223.39723127615,422023.6693137704,57172.55930831455,12303.562832528864,13541.149521528248,3.546502484192018,3.5465024841920156,91.41570874475573,48182.55960143712,68911.96069622037,63970.061936467406,1,0.00034543572063014367,0.00048360207423529117,23,1
755,10,0.25038378837053593,0.2495034340614322,0,6.332578170491137,1.182959799682765,0.2512912660235665,879.9017744339852,8.799017744339853,0.0,6.957883272393468,529.6744870117838,77163.81797932055,421937.6292580194,57649.756831029474,12202.075267362648,13587.205164706833,3.330967571354025,3.3309675713540288,91.41570874475573,48182.55960143712,68911.96069622037,64057.40990497406,1,0.0005180766839199903,0.00045373647339512794,23,1
756,10,0.23892753818273466,0.23952621439864602,0,6.596355242229936,1.146079664928055,0.2746331234632564,681.7654718236996,6.817654718236996,0.0,6.973331674027244,529.6744870117838,77091.9725555012,421861.1069591764,58089.2205859372,12110.078290607371,13636.247724806219,3.0931453206737567,3.093145320673759,91.41570874475573,48182.55960143712,68911.96069622037,64135.13359490613,1,0.0003999724766416345,0.00042116162706392284,23,1
757,10,0.2132050231015333,0.2090890085507399,0,7.556590425060912,1.0376172868069726,0.3432801982234351,579.0984602221697,5.790984602221697,0.0,6.1269973608158015,529.6744870117838,77047.57541076727,421796.8453742808,58512.20545256245,12022.829875574322,13685.849646955496,3.0739662702093447,3.07396627020934,91.41570874475573,48182.55960143712,68911.96069622037,64200.57706147649,1,0.00033850932176563483,0.0004188528274424199,23,1
758,10,0.21416433204334082,0.2145042304087702,0,7.365822095858303,1.0596096593884279,0.3293609750706153,656.7111671299624,6.5671116712996245,0.0,6.510204593973206,529.6744870117838,77010.65464317685,421726.74267932,58997.190254785775,11924.290922982576,13725.849646955496,2.745664092076882,2.745664092076885,91.41570874475573,48182.55960143712,68911.96069622037,64271.720095975266,1,0.0003827587706532259,0.0003737468563534984,23,1
759,10,0.12728873571950755,0.12544600075203285,0,12.595060747477804,0.6379681149253883,0.5962227120725391,310.6699649593564,3.1066996495935637,0.0,5.272228401333727,529.6744870117838,76959.77260586798,421685.81927287707,59380.15522426396,11847.653054273165,12548.27430492282,2.2523767800498407,2.2523767800498384,91.41570874475573,48182.55960143712,68911.96069622037,64313.41511172566,1,0.00019806386593731207,0.00030644398611872427,23,1
760,10,0.13420181711623236,0.13322670414251117,0,11.85948425407185,0.7084836828700997,0.551592605778418,1454.8358293376407,14.548358293376408,0.0,9.182242214684631,529.6744870117838,76970.64473392243,421543.04133272386,60945.172303309824,11544.306616113929,12524.303673756258,3.701362962540748,3.70136296254075,91.41570874475573,48182.55960143712,68911.96069622037,64457.38943862844,1,0.0009292881215495536,0.0005033702527133639,23,1
761,10,0.14577645925188573,0.14579641250328232,0,10.837029340241342,0.7859294055678339,0.5025763255899786,634.2488572252629,6.342488572252629,0.0,8.59728435738813,529.6744870117838,76970.62071519216,421481.1597932354,61589.75484691523,11423.845862196904,11275.749024951367,3.866032123382069,3.8660321233820683,91.41570874475573,48182.55960143712,68911.96069622037,64520.37621931171,1,0.0004499914681121583,0.0005257811518663413,23,1
762,10,0.1295339852348534,0.12975335100088373,0,12.176949480011803,0.714396732643477,0.5478501692129892,629.5015476522473,6.295015476522472,0.0,7.496856460111132,529.6744870117838,76936.11462493692,421413.00989275146,62294.02003639967,11295.114189221278,10283.542477602914,4.574497626951391,4.574497626951389,91.41570874475573,48182.55960143712,68911.96069622037,64589.69245747938,1,0.0004897157173402243,0.0006229984356673121,23,1
763,10,0.13334038903575254,0.13307191292516235,0,11.873279381566931,0.7523053061149343,0.5238574011930796,666.567452948236,6.66567452948236,0.0,7.999444206354552,529.6744870117838,76874.22599003262,421336.4747965293,63007.69798188251,11167.634858962261,10323.542477602914,3.5718217225372735,3.571821722537277,91.41570874475573,48182.55960143712,68911.96069622037,64667.120078800945,1,0.0005165416459664806,0.0004854162771396211,23,1
764,10,0.1387250017637965,0.14011461214073198,0,11.276482701269146,0.8026047272609478,0.4920223245183875,757.3951794607018,7.5739517946070185,0.0,8.690548608706457,529.6744870117838,76816.49800980122,421252.46846048196,63805.76713259848,11028.411442600778,10365.754390154763,3.9015328989479556,3.9015328989479605,91.41570874475573,48182.55960143712,68911.96069622037,64752.08091662877,1,0.0005845364657144988,0.0005302646096737346,23,1
765,10,0.14188213534161456,0.14288075645098183,0,11.058172137701773,0.8388140297493796,0.469105044462418,741.8864584599862,7.418864584599862,0.0,9.116834350589036,529.6744870117838,76824.2716287443,421181.57831731735,64500.535939909016,10910.01514670316,10405.754390154763,4.0991602984779325,4.099160298477936,91.41570874475573,48182.55960143712,68911.96069622037,64823.95648025697,1,0.000570366303599793,0.000557148138426924,23,1
766,10,0.1519410467186327,0.15175317008624795,0,10.411644113279591,0.9207234161850372,0.4172636606423816,819.2455175538616,8.192455175538617,0.0,9.706697259656863,529.6744870117838,76773.66694501168,421094.0085593647,65302.58329711732,10776.464120687315,10445.754390154763,4.370923674514528,4.370923674514528,91.41570874475573,48182.55960143712,68911.96069622037,64912.55522610583,1,0.0006274285126412772,0.000594110427318523,23,1
767,10,0.14509422508161152,0.14303590015333897,0,11.046177905729893,0.8974201166137465,0.43201258442167945,745.2544810935422,7.4525448109354215,0.0,9.983097257411561,529.6744870117838,76721.03455772322,421013.2538003778,65975.9271935424,10666.939433349027,10069.807779116452,4.39152456967384,4.391524569673846,91.41570874475573,48182.55960143712,68911.96069622037,64994.28663181245,1,0.0005920704723989737,0.0005966217628800147,23,1
768,10,0.1266968696026988,0.12803874956151348,0,12.340014295757573,0.8071035945251476,0.48917494017395724,819.1954198881073,8.191954198881072,0.0,10.527301220729385,529.6744870117838,76680.66940641502,420926.8673829292,66958.22570750001,10510.915387859643,10068.23718383425,4.5895041395983815,4.589504139598388,91.41570874475573,48182.55960143712,68911.96069622037,65081.66370550126,1,0.0006509146774598618,0.0006234712208333708,23,1
769,10,0.13637976656561,0.13626155409055546,0,11.595346982098693,0.8871616367466638,0.43850529319831405,694.7131143403033,6.947131143403033,0.0,10.337291528572646,529.6744870117838,76677.03567381165,420859.00012131635,67663.7865642534,10401.679958139644,10108.23718383425,4.399818170134104,4.399818170134111,91.41570874475573,48182.55960143712,68911.96069622037,65150.46521097075,1,0.0005498194011128538,0.000597601516990563,23,1
770,10,0.14280621603895774,0.14327084866061646,0,11.02806338324095,0.9492770522579752,0.39919173907723093,721.4605186700618,7.214605186700618,0.0,10.430543037185549,529.6744870117838,76670.63584213823,420788.4771024103,68400.59046434755,10289.966955178574,10148.23718383425,4.343229804129232,4.343229804129228,91.41570874475573,48182.55960143712,68911.96069622037,65221.89409674979,1,0.0005687376087892945,0.0005898238957873367,23,1
771,10,0.1380793796359861,0.14327084866061646,1,11.02806338324095,0.9427714980352916,0.40330917845867625,964.6633914488597,9.646633914488596,0.0,12.085824854037533,529.6744870117838,76666.97102906423,420694.75481836614,69324.32107568666,10153.318452843601,8409.20083042794,5.007403491576019,5.00740349157602,91.41570874475573,48182.55960143712,68911.96069622037,65316.45788503674,1,0.0009177218248452924,0.0006787596115824801,23,1
772,10,0.14435376487382542,0.14279905190626294,0,11.06449923096936,1.0076865878558297,0.36222367857225973,801.5209637081432,8.015209637081432,0.0,12.847948307414017,529.6744870117838,76644.25298858043,420614.32184203,70097.69105960845,10041.679362774732,7285.918160039068,5.822935459461524,5.822935459461533,91.41570874475573,48182.55960143712,68911.96069622037,65397.72071626275,1,0.0008800768233760619,0.0007888454190035496,23,1
773,10,0.14649980267471444,0.14767556321693392,0,10.699129670350374,1.0454769329629223,0.33830573863106184,901.4031487291898,9.014031487291899,0.0,13.652668766164497,529.6744870117838,76633.99040884216,420526.42747810174,70876.6573366024,9931.750750950187,6926.735773125034,6.97985853634253,6.979858536342524,91.41570874475573,48182.55960143712,68911.96069622037,65486.54019282096,1,0.0010410712095894105,0.0009462899526035884,23,1
774,10,0.14862913440304928,0.14724313830850716,0,10.730550965910195,1.0835057456786779,0.31423686982362165,883.6331507334212,8.836331507334211,0.0,14.272251554851664,529.6744870117838,76618.40424318792,420439.6702012989,71636.99771954288,9826.754500152349,6786.505694141666,7.286200651129902,7.2862006511299064,91.41570874475573,48182.55960143712,68911.96069622037,65574.2238224762,1,0.0010416354932067055,0.0009875945087240592,23,1
775,10,0.15992695628975878,0.16201038725483816,0,9.75246110309397,1.1814666927279625,0.25223627042534025,648.5410165672043,6.485410165672043,0.0,13.231486896930544,529.6744870117838,76605.70641687133,420384.17955442896,72115.53470896662,9761.780030026675,6843.409066484099,6.983321884308281,6.983321884308277,91.41570874475573,48182.55960143712,68911.96069622037,65630.59897183548,1,0.0007581496418134206,0.0009469521148698454,23,1
776,10,0.1560658703964068,0.15614557412057842,0,10.11876262839122,1.1709113888272675,0.2589168425143877,652.8902398900428,6.528902398900429,0.0,12.835044090109283,529.6744870117838,76553.94432482532,420321.2992628992,72676.30986069172,9686.72067231983,6896.122429718455,6.290417101457369,6.290417101457379,91.41570874475573,48182.55960143712,68911.96069622037,65694.26946918564,1,0.0007573998246625655,0.0008523949865608971,23,1
777,10,0.15969209272743515,0.15867254820026636,0,9.957614079568604,1.2161258803183663,0.23030007574786945,691.4890378088352,6.9148903780883515,0.0,13.668390701248214,529.6744870117838,76527.24757807048,420264.9365452303,73221.2661191931,9614.841200209758,5561.0869200005145,6.198116601675452,6.198116601675455,91.41570874475573,48182.55960143712,68911.96069622037,65751.25006138545,1,0.000994753792208335,0.0008367677528947737,23,1
778,10,0.14308185005392332,0.1410390135506668,0,11.202574097927886,1.1054111811605523,0.3003726701515492,746.564220426088,7.46564220426088,0.0,14.434126542903684,529.6744870117838,76530.60865937793,420193.8616996241,73751.01930233969,9546.160256912322,5577.212912920711,6.96384052535512,6.963840525355111,91.41570874475573,48182.55960143712,68911.96069622037,65823.01129572539,1,0.001070877848247859,0.0009410104883729198,23,1
779,10,0.09281813520026871,0.0937432352974974,0,16.854549504140916,0.7336962056830696,0.5356353128588167,544.7527550276909,5.447527550276909,0.0,13.715148050078277,529.6744870117838,76518.08875732246,420138.60925878905,74601.49384293037,9437.654833186101,5552.544278960239,7.026376564372298,7.026376564372294,91.41570874475573,48182.55960143712,68911.96069622037,65878.93849148908,1,0.0007848693898281895,0.0009501670100947945,23,1
780,10,0.09267249670386178,0.09276704584979194,0,17.031910260011195,0.7558411591127011,0.5216195195489234,865.1222196363091,8.651222196363092,0.0,14.814266433893646,529.6744870117838,76544.73289554965,420056.4481362542,75780.61949024725,9291.342665396443,5548.68319107484,7.648244698590175,7.648244698590167,91.41570874475573,48182.55960143712,68911.96069622037,65961.80989237085,1,0.0012473189617715056,0.0010343553999491847,23,1
781,10,0.08111171405234012,0.08092045707968556,0,19.525346952058264,0.6817936082960745,0.5684850580404592,683.7234725121904,6.8372347251219034,0.0,15.171250789927504,529.6744870117838,76565.05813499835,419990.7192314244,76933.183774622,9152.597395359302,5234.072191379705,7.593707049327747,7.593707049327747,91.41570874475573,48182.55960143712,68911.96069622037,66028.18463164552,1,0.0010450348371400058,0.0010257410629132336,23,1
782,10,0.07484845358476272,0.07527394357652521,0,20.98999899472167,0.6528591080447192,0.5867980328830891,762.7671239064744,7.627671239064743,0.0,15.86315802897107,529.6744870117838,76581.83251499914,419916.25437594176,78371.7091188359,8985.095191377659,4544.8333877259265,8.972583283078226,8.972583283078224,91.41570874475573,48182.55960143712,68911.96069622037,66103.28787018322,1,0.0013426536180031648,0.0012116691389715587,23,1
783,10,0.0761504728946205,0.07734038742407423,0,20.429171001387868,0.6890316102905373,0.5639040441199131,786.2527998851192,7.862527998851192,0.0,16.53409378553357,529.6744870117838,76589.54743324511,419838.8824164934,79824.4874755189,8822.051672300404,4584.8333877259265,9.280007825329978,9.280007825329987,91.41570874475573,48182.55960143712,68911.96069622037,66181.3019343269,1,0.0013719195153132488,0.0012532026568188065,23,1
784,10,0.07902521722368727,0.07801155902692664,0,20.253408850022392,0.7378979813049491,0.5329759611993993,733.630343324239,7.33630343324239,0.0,16.58599248675773,529.6744870117838,76600.19095839708,419767.39046580426,81092.2676938533,8684.580026001995,4578.7387775986745,9.856733486078031,9.856733486078017,91.41570874475573,48182.55960143712,68911.96069622037,66253.45421994604,1,0.001281803359324189,0.0013321254975468676,23,1
785,10,0.08331812533747966,0.08209465084885544,0,19.24607734685345,0.8062673727742928,0.48970419444665014,913.69479698097,9.1369479698097,0.0,17.554266696261465,529.6744870117838,76642.31132420481,419681.8662894019,82555.65754098819,8531.143457597958,4448.972502437052,10.59932010424071,10.599320104240714,91.41570874475573,48182.55960143712,68911.96069622037,66339.64371921438,1,0.0016429767484163458,0.0014322332076845943,23,1
786,10,0.08081221842731812,0.07953418988771851,0,19.865670376859903,0.7949073153777889,0.49689410419127283,382.4877256126111,3.824877256126111,0.0,15.320298383098862,529.6744870117838,76628.10167983182,419643.0307255156,83234.36529577954,8461.808790556854,4488.972502437052,8.900213087568599,8.900213087568599,91.41570874475573,48182.55960143712,68911.96069622037,66379.03527692922,1,0.0006816485962521882,0.0012021429013309077,23,1
787,10,0.07865919080410308,0.07956597458950668,0,19.857734517191144,0.804506290258661,0.49081880363375885,983.1294560088601,9.831294560088601,0.0,16.823077536478078,529.6744870117838,76664.27793951295,419549.9663906336,84876.41623200529,8298.642658238557,4489.67884073771,10.05607802182225,10.056078021822241,91.41570874475573,48182.55960143712,68911.96069622037,66472.7020502511,1,0.0017518036204965072,0.0013588096550550138,23,1
788,10,0.05386013174185086,0.05447071228204752,0,29.006413424866064,0.580901158183508,0.632341039124362,943.0253093924391,9.43025309392439,0.0,18.055836007425942,529.6744870117838,76751.00133475011,419462.1795643716,87163.17114547062,8081.615632533308,4529.67884073771,10.119622395926218,10.119622395926218,91.41570874475573,48182.55960143712,68911.96069622037,66561.06902227463,1,0.0016655049376328088,0.0013663190514605014,23,1
789,10,0.05206499487283001,0.051813050254947805,0,30.494247920660115,0.5946068160593869,0.6236665721143121,1023.4071074272293,10.234071074272293,0.0,18.69479376278725,529.6744870117838,76825.76352463875,419364.89646787907,89697.28525926961,7854.078646592935,4523.948995007505,12.870030246358318,12.870030246358338,91.41570874475573,48182.55960143712,68911.96069622037,66659.04840768126,1,0.0018097588784606207,0.0017423558121966458,23,1
790,10,0.04973974462669898,0.049582073393558176,0,31.866355960121616,0.6097045786357592,0.6141110261798992,1195.6160743018559,11.95616074301856,0.0,19.88851007213509,529.6744870117838,76929.29095715893,419252.31262689136,92932.98356633165,7581.47967386027,4563.948995007505,13.715208506472434,13.715208506472434,91.41570874475573,48182.55960143712,68911.96069622037,66772.32949897631,1,0.0020957571184248344,0.0018570069781727548,23,1
791,10,0.052478825916343244,0.05341646257191235,0,29.57889616656873,0.655114410438881,0.5853706263045058,364.7854734966519,3.647854734966519,0.0,15.97454555049731,529.6744870117838,76925.41196283408,419215.80780742865,93785.6176430311,7512.823750050198,4563.948995007505,11.187101927375311,11.187101927375297,91.41570874475573,48182.55960143712,68911.96069622037,66809.394591901,1,0.000639420771609306,0.0015149789228315871,23,1
792,10,0.05185105924834468,0.05121885488254706,0,30.84801492776811,0.6856835776688285,0.5660230521083365,1019.9383397048235,10.199383397048235,0.0,17.878293517161406,529.6744870117838,77028.2674795796,419121.4166100555,96532.00454082404,7299.703317709032,3328.0657040918813,12.817544402600218,12.817544402600214,91.41570874475573,48182.55960143712,68911.96069622037,66904.22584828838,1,0.0024517264510752943,0.001728968113703145,23,1
793,10,0.04771108680594603,0.04771217105846595,0,33.115240093851234,0.6574842245515959,0.5838707439546861,761.2019046686264,7.612019046686264,0.0,18.583346752353396,529.6744870117838,77097.2943987569,419050.01268525945,98545.60992025938,7151.073704402508,3326.6243574242026,12.180074036846193,12.180074036846179,91.41570874475573,48182.55960143712,68911.96069622037,66976.03124712146,1,0.0018305689440884713,0.0016405720555910238,23,1
794,10,0.04236038560233439,0.04771217105846595,1,33.115240093851234,0.6112518217076714,0.6131317584128662,794.2123435974642,7.942123435974642,0.0,18.395735269652363,529.6744870117838,77190.1545322514,418977.16861106316,100843.81168849123,6988.580805860806,3310.5711677915997,15.293160902903345,15.293160902903367,91.41570874475573,48182.55960143712,68911.96069622037,67049.35475124337,1,0.0019192152733626653,0.0020671702228421437,23,1
795,10,0.04402666770125734,0.04448893851640891,0,35.51444589798983,0.6673567901933929,0.577622284687726,891.5369267438233,8.915369267438233,0.0,19.125113610518977,529.6744870117838,77291.85359156172,418894.5965178273,103361.64401404714,6818.94426030096,3350.5711677915997,14.512606658513077,14.512606658513082,91.41570874475573,48182.55960143712,68911.96069622037,67132.3649006664,1,0.0021286804717094146,0.0019594882297201835,23,1
796,10,0.04608454454544312,0.04565876345764802,0,34.60452890857569,0.7264190072929352,0.5402411346247246,671.8677551372652,6.718677551372653,0.0,18.372144076889846,529.6744870117838,77353.78530849388,418831.7717856147,105406.37266573621,6687.056131130149,3390.5711677915997,13.905128220021423,13.905128220021421,91.41570874475573,48182.55960143712,68911.96069622037,67195.59849874569,1,0.0015852615312006606,0.0018777190920909136,23,1
797,10,0.046509260428853005,0.046484711923821934,0,33.98966960555263,0.7579808967486131,0.5202652552223967,626.8185111931961,6.2681851119319605,0.0,17.741298577554097,529.6744870117838,77404.00449057062,418772.8706435022,107182.11895372366,6576.631555119937,3387.661178888112,12.830325457871938,12.830325457871947,91.41570874475573,48182.55960143712,68911.96069622037,67254.86419286503,1,0.001480238968641908,0.0017313936571839944,23,1
798,10,0.05191143223626372,0.05240923753125046,0,30.147357115391756,0.8783386543732455,0.44408945925743953,757.8525871673395,7.578525871673395,0.0,18.46487318416156,529.6744870117838,77451.10722283287,418701.63558546465,109213.05119168198,6454.692478834496,3304.7120550171976,12.127516390228719,12.127516390228719,91.41570874475573,48182.55960143712,68911.96069622037,67326.42266898397,1,0.0018345987778675516,0.0016333664259033734,23,1
799,10,0.053257201908259805,0.05248185811724039,0,30.105641390790755,0.9269079206454168,0.4133494173130274,623.7921818093165,6.237921818093165,0.0,18.307648434590902,529.6744870117838,77487.5307658257,418642.9974072534,110768.06515551124,6364.383213886725,3350.5066433322954,11.889820520646717,11.889820520646731,91.41570874475573,48182.55960143712,68911.96069622037,67385.37360479287,1,0.0014894277151802089,0.0016014218205632228,23,1
800,10,0.053063715865723296,0.05216264183167764,0,30.289876902678046,0.9445598762279453,0.4021772935266169,536.0202302810347,5.360202302810348,0.0,18.136430833590143,529.6744870117838,77518.06663827403,418592.5923284661,112023.9407424751,6293.308355904365,2892.688122307278,11.924518131975564,11.924518131975574,91.41570874475573,48182.55960143712,68911.96069622037,67436.04347447235,1,0.0014824141632067602,0.0016021468854181735,23,1
801,10,0.05000194149917385,0.05025451645239721,0,31.439960257037395,0.9352745447223436,0.4080540856187699,1092.1759695591766,10.921759695591765,0.0,20.5911828435324,529.6744870117838,77629.00608238475,418492.1811895456,114838.96201224334,6139.556660410048,2574.5843547403783,15.78144596876404,15.781445968764018,91.41570874475573,48182.55960143712,68911.96069622037,67536.75078927673,1,0.003393715859566192,0.0021218525793177206,23,1
802,10,0.04570290357558108,0.04561806979097993,0,34.635397929800476,0.8820472775869612,0.441742229375341,632.4813660483918,6.324813660483918,0.0,19.914365262460485,529.6744870117838,77674.97092061776,418432.802049048,116653.73252823613,6044.3634087901555,2622.0107413979367,16.838218769061175,16.83821876906116,91.41570874475573,48182.55960143712,68911.96069622037,67596.44263402189,1,0.0019297598017044939,0.002268629941492482,23,1
803,11,0.03961021501889092,0.03972427536740791,0,39.77416794608979,0.8232075462388416,0.47898256567161923,711.4137504337024,7.114137504337024,0.0,0.0,481.36047627137765,73877.06891324985,418367.025053517,123016.56292921888,5919.178621204645,2662.0107413979367,18.15619440486777,18.156194404867783,13.310053706989635,48169.24954773013,68911.96069622037,67662.53726441147,1,0.002137974094154431,0.0024871499184750388,27,1
804,11,0.03920015930940205,0.03900414252750486,0,40.508517752590485,0.848718945377177,0.4628361105207741,818.7616038819087,8.187616038819087,0.0,0.8299776560052667,481.36047627137765,73982.7236255964,418291.5408373343,125564.63243132786,5799.509509885068,2702.0107413979367,15.80814134932993,15.808141349329913,13.310053706989635,48169.24954773013,68911.96069622037,67738.29083757036,1,0.0024241549934277667,0.002163962963095564,27,1
805,11,0.03797001562490424,0.03807851710053575,0,41.49321245437286,0.8655077718063798,0.4522102710086204,1027.8052216065894,10.278052216065895,0.0,2.1699964179709665,481.36047627137765,74127.97038374149,418197.22831612825,128844.394291081,5652.431813758563,2694.826110763598,18.5551483795106,18.55514837951061,13.310053706989635,48169.24954773013,68911.96069622037,67832.90279089544,1,0.0030511956745598065,0.0025377749207140016,27,1
806,11,0.03932489850059802,0.0393340917741931,0,40.1687169763668,0.923444222744935,0.4155416311740918,685.3509196399848,6.853509196399848,0.0,1.1639360990152543,481.36047627137765,74220.66518539503,418134.4684834074,130778.47870592916,5569.205236766956,2734.826110763598,18.217259166872633,18.217259166872633,13.310053706989635,48169.24954773013,68911.96069622037,67895.95268746305,1,0.0020048102274367306,0.0024933869651414344,27,1
807,11,0.032312553820002886,0.03215238073632837,0,49.14099559087355,0.7974074862276388,0.4953117175774438,768.7260935336093,7.687260935336093,0.0,0.9639177512205639,481.36047627137765,74358.79943165391,418064.22110457957,134071.13042332258,5432.831635437536,2774.826110763598,17.708590073861014,17.708590073861014,13.310053706989635,48169.24954773013,68911.96069622037,67966.4721442259,1,0.0022162861753439833,0.002424097359113507,27,1
808,11,0.03204551901113819,0.03157182368192571,0,50.04462256972888,0.8254002038212312,0.4775948077080815,707.5719795308479,7.075719795308479,0.0,1.1819924443181717,481.36047627137765,74480.76773847782,417999.27557371,136976.12807522548,5317.991316194814,2773.8101405759135,15.252645445719857,15.252645445719876,13.310053706989635,48169.24954773013,68911.96069622037,68031.64204580721,1,0.002040722165314279,0.0020872728560316646,27,1
809,11,0.029951319726368462,0.029876423820005667,0,52.88450885283031,0.8075869353781951,0.4888690282416487,736.1624218338872,7.361624218338871,0.0,1.5461363179628504,481.36047627137765,74626.89959922538,417932.1231721158,140152.05179491642,5197.87867995943,2764.1852481102524,15.563531537470539,15.563531537470515,13.310053706989635,48169.24954773013,68911.96069622037,68099.01236584304,1,0.0021305733321228537,0.002129193890927039,27,1
810,11,0.028651195492388835,0.028558923387699418,0,55.324214381292826,0.7934377648550058,0.4978241994588571,472.2114231915591,4.722114231915591,0.0,0.39276330995834763,481.36047627137765,74721.16210585421,417888.9456701801,142039.79405199393,5129.085212910195,2804.1852481102524,13.433358519943788,13.433358519943777,13.310053706989635,48169.24954773013,68911.96069622037,68142.37590232397,1,0.001347161849623975,0.0018394857823537027,27,1
811,11,0.028567537365819337,0.028715498103240592,0,55.02255243212008,0.825138804416339,0.4777602503694057,676.2368015562429,6.762368015562429,0.0,0.9422040918864417,481.36047627137765,74869.49316623027,417827.56428596,145066.5787503825,5022.421545081153,2804.1852481102524,13.169191847087772,13.169191847087783,13.310053706989635,48169.24954773013,68911.96069622037,68203.93187211093,1,0.0019292214792498768,0.0018023188869989019,27,1
812,11,0.026265216781260817,0.025997181039274894,0,60.775820178850786,0.8059014569762427,0.48993578672389704,1020.9323605667594,10.209323605667594,0.0,2.8515675889393597,481.36047627137765,75124.67079878127,417735.03895700304,149526.4260395022,4873.231038928947,2844.1852481102524,14.996770088541242,14.996770088541261,13.310053706989635,48169.24954773013,68911.96069622037,68296.6468383464,1,0.002871633938035766,0.0020493390889698726,27,1
813,11,0.026385157127273934,0.026260249317137323,0,60.166983980951734,0.8552907946361318,0.4586767122556128,909.8655165717487,9.098655165717487,0.0,3.4388392246439423,481.36047627137765,75343.32004633092,417652.4740293288,153697.56837661366,4741.4686526845535,2884.1852481102524,17.866693397029074,17.866693397029078,13.310053706989635,48169.24954773013,68911.96069622037,68379.42886848561,1,0.0025237366904026764,0.002441530702562773,27,1
814,11,0.028193375659498685,0.028037775892735543,0,56.35254401221499,0.9538650756406875,0.3962879268096915,682.8674947177038,6.8286749471770385,0.0,2.144310512381302,481.36047627137765,75492.39166600979,417590.48476829485,157026.76748509458,4641.237799099042,2924.1852481102524,17.701434972501907,17.701434972501907,13.310053706989635,48169.24954773013,68911.96069622037,68441.6273316625,1,0.0018681921609692968,0.002421187596469246,27,1
815,11,0.031283811137849615,0.03136239576771797,0,50.37880433950554,1.1062491735336961,0.2998422952318379,807.3324572012529,8.07332457201253,0.0,2.5523122444409214,481.36047627137765,75654.89340983516,417517.39380526723,160540.5214491902,4539.953089361908,2927.511483432454,16.087255468522162,16.087255468522184,13.310053706989635,48169.24954773013,68911.96069622037,68514.90019588571,1,0.0022061944740989926,0.002199374441823655,27,1
816,11,0.031003139174756687,0.03009589640300323,0,52.498851632222326,1.1299203215176032,0.28486055600151694,581.966746963286,5.8196674696328605,0.0,1.892198579475178,481.36047627137765,75772.23987082901,417464.59523477464,162986.08303729922,4472.067737632166,2975.198653988865,13.745351526893492,13.74535152689348,13.310053706989635,48169.24954773013,68911.96069622037,68567.85215227012,1,0.0015648481050044578,0.0018797449133575823,27,1
817,11,0.029494698072074926,0.02971455182919989,0,53.17260072041086,1.1030688042954935,0.301855187154751,456.66662445495484,4.566666244549548,0.0,0.9302651006802121,481.36047627137765,75850.7479789383,417422.7858369625,165107.6305490057,4414.774213063577,2876.037106043267,12.278990987478776,12.278990987478771,13.310053706989635,48169.24954773013,68911.96069622037,68609.79067721359,1,0.0012702662938399091,0.0016804362909811198,27,1
818,11,0.03092202404630963,0.0313253192244799,0,50.43843252410569,1.2030161076905894,0.2385974001958295,922.7156290570883,9.227156290570884,0.0,2.708851094027348,481.36047627137765,76018.11499143156,417347.32121660747,168405.01947431875,4328.6403468867375,2876.9332307777545,13.176668469148044,13.176668469148062,13.310053706989635,48169.24954773013,68911.96069622037,68685.38821023959,1,0.0025658311960410425,0.0018003151982951364,27,1
819,11,0.030289831094471545,0.030171289295623786,0,52.36766597936443,1.2355921573886113,0.21797964722239796,1156.1185683961664,11.561185683961664,0.0,4.754155305054521,481.36047627137765,76233.24938128656,417257.48379094806,172449.17457845065,4227.492331613638,2896.7899887403732,17.1636187242888,17.163618724288803,13.310053706989635,48169.24954773013,68911.96069622037,68775.39192698327,1,0.0031928267437816927,0.0023429747445542146,27,1
820,11,0.029668629656391176,0.029784874889632915,0,53.04705847698368,1.2284004487203217,0.22253136156941666,355.89210767558285,3.5589210767558286,0.0,1.3119466722527706,481.36047627137765,76278.91992391738,417232.14859466674,173739.29382701957,4196.194140670131,2861.909221656475,16.45023968559335,16.45023968559334,13.310053706989635,48169.24954773013,68911.96069622037,68800.88286007837,1,0.0009948382848274755,0.002251165408216737,27,1
821,11,0.03207360962735853,0.03266082046358812,0,48.376004569801346,1.3594595736026114,0.13958254835277764,909.4801168074125,9.094801168074126,0.0,2.0872662974624965,481.36047627137765,76349.8381706415,417187.97120410035,175789.7881434901,4147.392942659498,3085.7968929334115,15.952104741239967,15.952104741239978,13.310053706989635,48169.24954773013,68911.96069622037,68845.21883216535,1,0.0023578482923232065,0.0021818377736441247,27,1
822,11,0.03511803825724918,0.03496713946644946,0,45.18528035488836,1.4895749264938636,0.05723105918109904,1053.365474002014,10.53365474002014,0.0,3.336915113876848,481.36047627137765,76377.88437194974,417166.3714736614,175856.0404766554,4145.96073509632,3937.0837827215214,13.39744022608139,13.3974402260814,13.310053706989635,48169.24954773013,68911.96069622037,68866.98832331687,1,0.002140397374574278,0.00183102798390832,27,1
823,11,0.031212790894894846,0.03128915396970851,0,50.496731280418174,1.3411030013906287,0.15120063203124773,705.330094760088,7.05330094760088,0.0,1.3521675533076483,481.36047627137765,76450.55466297304,417130.661329326,176996.46846305893,4119.410480435685,4055.3978124924656,14.3436172482611,14.34361724826109,13.310053706989635,48169.24954773013,68911.96069622037,68902.88364634059,1,0.0013913901962216407,0.001963211954373042,27,1
824,11,0.03156538217190898,0.03120644402203881,0,50.63056844554806,1.3746529357317865,0.12996649637228708,700.7888285361604,7.007888285361604,0.0,0.4513901518216772,481.36047627137765,76504.08009391934,417099.8900780332,178195.78576530737,4091.8096000073033,4230.321890781125,11.822730128227962,11.822730128227967,13.310053706989635,48169.24954773013,68911.96069622037,68933.81189579384,1,0.0013252680937842494,0.001619018554860056,27,1
825,11,0.033610768053329396,0.03443819162629645,0,45.879296367975876,1.4701628894194942,0.06951715859525685,635.0626817898454,6.350626817898455,0.0,0.0,480.91268347414535,76523.16130181905,417085.1455170273,178588.45458598842,4082.877596279376,5079.627425672019,9.04428719840434,9.044287198404339,13.310053706989635,48169.24954773013,68911.96069622037,68948.69999649694,1,0.001000172065502743,0.001238943451836211,28,1
826,11,0.032494445306456385,0.0324820895820959,0,48.64219082970865,1.4473053307822479,0.08398396785933683,1139.0083059359188,11.390083059359188,0.0,1.556324656018754,480.91268347414535,76584.26150881601,417050.5008961627,180215.13775870233,4046.1337443776124,5711.386622607451,9.55070834789046,9.550708347890453,13.310053706989635,48169.24954773013,68911.96069622037,68983.51177627343,1,0.0015954210508913804,0.0013069537367261241,28,1
827,11,0.032925336100662825,0.03272849617992018,0,48.27597306378449,1.4779155954813525,0.06461038260673894,658.5666009877511,6.585666009877512,0.0,0.0,480.70522418995324,76588.38289575235,417035.80823469535,180916.41971400418,4030.496696445022,6467.879388543225,8.298060684230565,8.298060684230567,13.310053706989635,48169.24954773013,68911.96069622037,68998.36795576623,1,0.000814568808632137,0.0011367206416754202,29,1
828,11,0.0338221472402074,0.03358714436567926,0,47.041808103653786,1.5316576460557891,0.030596426546968945,1412.5649287682918,14.125649287682918,0.0,1.4780512460754762,480.70522418995324,76599.86213100658,417018.92629630264,181719.45287976917,4012.7388176702357,7772.481133415792,9.409107160853512,9.409107160853504,13.310053706989635,48169.24954773013,68911.96069622037,69015.47037785425,1,0.00145391403802354,0.0012879679658490191,29,1
829,11,0.034343895323037034,0.03420753807547428,0,46.18864989681353,1.550960012374714,0.01837973900334559,751.0807821787824,7.510807821787824,0.0,0.0,479.8725363269469,76578.31818256063,417017.438310209,181467.2305849915,4018.3444589457563,8857.634527574195,7.170645789483275,7.170645789483281,13.310053706989635,48169.24954773013,68915.71610013126,69017.22790496479,1,0.000678357888748411,0.000982280245134696,30,1
830,11,0.03408417937057757,0.03441738908550738,0,45.90702670892933,1.5450772779705042,0.022102988626263205,863.2128175713568,8.632128175713568,0.0,0.0,477.8639812073381,76565.98035995403,417010.374860541,181812.02522903832,4010.7467555113553,9907.467853865566,6.884610182501147,6.884610182501142,13.310053706989635,48169.24954773013,68915.71610013126,69024.49691509237,1,0.0006970199290504362,0.000943097285274129,31,1
831,11,0.035560379473803555,0.03537191525387655,0,44.6682060798741,1.605922554522631,0.01640668007761451,684.5121357655253,6.845121357655253,0.0,0.0,476.7869334892807,76674.93297918921,417011.8645259754,181469.97021205878,4018.338858039682,11084.984954604013,4.54884449531619,4.548844495316192,13.310053706989635,48169.24954773013,68919.13866081009,69025.52368329602,1,0.0004940103309612316,0.0006231293829200264,32,1
832,11,0.03818311174310185,0.038134099986760164,0,41.43273344719195,1.7153320958987714,0.08565322525238694,962.1819636368458,9.621819636368459,0.0,0.7619525901113643,476.9527579553393,76766.92199087693,417014.08485159173,180994.70674374216,4028.9231041789467,11740.58080762819,4.495904369844658,4.4959043698446655,13.310053706989635,48169.24954773013,68960.59477732472,69025.52368329602,1,0.0006556281869882886,0.0006155528156666521,32,1
833,11,0.04222196571894397,0.04198498673743488,0,37.63249968092123,1.894532919271776,0.199071467893529,726.0720619163692,7.260720619163692,0.0,0.4930884983834245,477.2440368274961,76899.01854879574,417018.0614527199,180888.00288948868,4031.3087090109393,11739.323551437143,4.002991718487345,4.002991718487341,13.310053706989635,48169.24954773013,69033.41449536392,69025.52368329602,1,0.0004947965246787887,0.0005481450142094364,32,1
834,11,0.04254016321187548,0.04201867885473139,0,37.60232456290303,1.900091305467086,0.20258943383992783,597.8824223272918,5.978824223272918,0.0,0.0,476.9340003175023,77095.7247488456,417023.02672481915,180475.04129985961,4040.5625195357156,11816.904804085318,3.7842928864193714,3.7842928864193754,13.310053706989635,48169.24954773013,69094.5830230157,69025.52368329602,1,0.000404764145765543,0.0005183962858108734,33,1
835,11,0.04385672467518734,0.04442818138246284,0,35.56301317847041,1.9458687167950175,0.23156247898418822,552.6667125201786,5.5266671252017865,0.0,0.0,476.86250788249237,77231.10770809751,417027.06979559874,179874.8534852518,4054.0874403313446,11845.045263738888,3.0972076687067798,3.09720766870678,13.310053706989635,48169.24954773013,69159.02778010766,69025.52368329602,1,0.00037326439888722175,0.00042427502311051784,34,1
836,11,0.04214329814024833,0.042437834225393885,0,37.23092916590362,1.8520357730600738,0.17217453991143908,823.4197162600453,8.234197162600454,0.0,1.1631334874539778,477.1492530564479,77395.71977313972,417031.8160510211,179017.4988398357,4073.5648499182853,12096.499197043235,3.2218261609227743,3.2218261609227756,13.310053706989635,48169.24954773013,69230.71407359654,69025.52368329602,1,0.0005445672853589343,0.00044086527667056637,34,1
837,11,0.042777187987867345,0.043337584161056514,0,36.45796208040134,1.8670382388220894,0.18166977140638566,1101.2428498984173,11.012428498984173,0.0,3.0059247817341124,477.55384723862977,77566.46450656629,417037.21590733633,178405.3997892683,4087.587048913884,12130.034426930919,4.009745137198626,4.00974513719863,13.310053706989635,48169.24954773013,69331.862619142,69025.52368329602,1,0.0007262916566524853,0.0005480411136328805,34,1
838,11,0.041403946667340465,0.0411626586390673,0,38.38430393561676,1.7887182328535964,0.1321001473756939,932.1915196353439,9.321915196353439,0.0,3.0267540655530736,477.8027562589423,77720.46622183459,417041.3561354975,177497.01752601698,4108.571664490162,12746.326833409215,4.5247684724317105,4.5247684724317105,13.310053706989635,48169.24954773013,69394.08987422014,69025.52368329602,1,0.000585073037475857,0.0006186439931624256,34,1
839,11,0.04197645243673051,0.04188326176829283,0,37.72390051044492,1.8021067819758785,0.140573912642961,540.8588865942742,5.4085888659427415,0.0,0.37555898725098524,477.9560823550755,77823.59620122441,417044.3785494941,176941.80658362547,4121.503454963492,13245.101134294582,3.9869366156073336,3.9869366156073305,13.310053706989635,48169.24954773013,69432.42139825346,69025.52368329602,1,0.0003266770898072601,0.0005460139279785341,34,1
840,11,0.03942939408105845,0.03891646676776234,0,40.59978027884181,1.6839824521237836,0.06581167855935667,410.04421991055534,4.1004421991055535,0.0,0.0,476.4993690157758,77948.63931595904,417047.5058686979,176483.27593020504,4132.245336994003,14070.894871739327,2.7858760205348263,2.7858760205348223,13.310053706989635,48169.24954773013,69446.19290480904,69025.52368329602,1,0.0002331304291010564,0.0003816268521280579,35,1
841,11,0.04092985429142073,0.04105265372684869,0,38.487158723351186,1.7455951792547684,0.10480707547770145,1351.0341039214527,13.510341039214527,0.0,3.3277235831466445,476.78770335799123,78144.95161104162,417052.72532909387,176358.8275728956,4135.174753774281,14907.588714257538,3.1345568560403394,3.134556856040337,13.310053706989635,48169.24954773013,69518.27649036288,69025.52368329602,1,0.0007250181795688158,0.0004282752328257108,35,1
842,11,0.03936263377784824,0.03923982693485053,0,40.26521326465729,1.6657588303537145,0.05427774073019902,625.7925794070574,6.257925794070574,0.0,1.8820428378811438,476.85802409914135,78315.54854303277,417057.0583549137,175675.88613980857,4151.3005626702125,15899.207011817432,3.102023320673255,3.102023320673257,13.310053706989635,48169.24954773013,69535.85667565042,69025.52368329602,1,0.00031487989504982154,0.0004243428345732312,35,1
843,11,0.036128376482876624,0.03620958204617126,0,43.63485880575268,1.5256892944143619,0.034373864294707734,569.6156544135363,5.696156544135363,0.0,0.0,476.27866041890775,78312.99979220972,417050.400091826,175493.0318619749,4155.681204844934,16655.46957855127,3.196177005893352,3.1961770058933476,13.310053706989635,48169.24954773013,69535.85667565042,69032.35437334726,1,0.0002735993250635604,0.0004378324665607325,36,1
844,11,0.03273669676921347,0.032928000558447676,0,47.983478292144625,1.4070581473541368,0.1094568687632046,886.611251302723,8.86611251302723,0.0,1.2547800056678087,476.27866041890775,78374.48336099199,417016.8727131982,177049.77317184888,4119.250329692356,17199.85717495059,2.438088710516854,2.4380887105168525,13.310053706989635,48169.24954773013,69535.85667565042,69066.01491286243,1,0.00041238075050714255,0.0003336199902068415,36,1
845,11,0.03349152280722486,0.033426025502528066,0,47.2685572468226,1.4402114410230722,0.08847377150438474,613.5015975103328,6.135015975103328,0.0,0.7542277203719716,476.27866041890775,78399.23872138627,416998.7390058876,177095.8652163111,4118.291273081398,17805.92802216598,2.3414864529221027,2.3414864529221044,13.310053706989635,48169.24954773013,69535.85667565042,69084.2811330398,1,0.0002756392575535995,0.00032053977770810083,36,1
846,11,0.03715784889284229,0.037669346626337696,0,41.94391837142442,1.5866104363962905,0.004183820503981292,649.20785608184,6.4920785608184,0.0,0.0910045385214231,476.2916445760294,78525.94309577455,417000.8121526952,176471.79247971257,4132.906256247738,19381.15810010038,2.326425530146337,2.326425530146335,13.310053706989635,48169.24954773013,69539.10271493082,69085.25494482392,1,0.0002679748455603291,0.0003186649512070237,36,1
847,11,0.035400341141246655,0.03510785855673602,0,45.0041690081052,1.509382090391488,0.044694879499058225,1086.8900586185357,10.868900586185358,0.0,1.89001617911621,476.2916445760294,78529.51337574275,416982.7635945129,176346.82778152046,4135.955966605726,20424.214666896783,2.3621053712053035,2.3621053712053053,13.310053706989635,48169.24954773013,69539.10271493082,69103.4578963969,1,0.0004257260614794257,0.0003231133881977847,36,1
848,11,0.036321068578178274,0.03616780167109729,0,43.6852649870236,1.5481008773980538,0.02018931810249764,509.6475358666572,5.096475358666573,0.0,0.0,476.09856580208657,78503.75141057452,416978.7253908543,176316.75696875167,4136.689743440664,21819.12115731218,2.1427048212765265,2.142704821276527,13.310053706989635,48169.24954773013,69539.10271493082,69107.64616307597,1,0.00018686271814237967,0.0002935212083940448,37,1
849,11,0.03355439842240894,0.033470379833432824,0,47.20591782534159,1.4434050403037677,0.08645250613685593,868.6530436731844,8.686530436731843,0.0,0.4483821441012781,476.09856580208657,78548.43165297178,416952.81296375144,177132.54830285066,4117.746532241295,22562.698092761333,2.2408153715472534,2.2408153715472507,13.310053706989635,48169.24954773013,69539.10271493082,69133.71911537864,1,0.00030799615900613215,0.0003068616462093125,37,1
850,11,0.037092286549898996,0.03695558653929871,0,42.75402308443467,1.5921946590686906,0.007718138651069968,540.1008715237866,5.401008715237866,0.0,0.0,475.7531631903683,78552.9402540403,416952.1881387734,176944.18126288505,4122.149410160186,23955.817769761048,1.6430463827995434,1.643046382799545,13.310053706989635,48169.24954773013,69541.80321928844,69134.52926668593,1,0.00018036566372801356,0.00022507484695884176,38,1
851,11,0.03827360480825985,0.03849547522113299,0,41.04378478051941,1.640648769745339,0.03838529730717648,534.3997201913388,5.343997201913388,0.0,0.0,474.8250605842036,78693.05281493915,416955.61130708933,176822.96133134866,4124.985352027981,25104.64305274295,1.6027318513679925,1.6027318513679938,13.310053706989635,48169.24954773013,69552.45774565398,69134.52926668593,1,0.00017029510248557785,0.0002195523084065745,39,1
852,11,0.03800707988563525,0.03840625713623584,0,41.13912986614072,1.619795308631762,0.02518690419731769,952.2340636092267,9.522340636092267,0.0,1.7022538448291122,474.8753711110524,78812.87063862945,416958.5838364267,176311.35553970185,4136.991716812958,25945.073055610563,1.5701333863789853,1.570133386378987,13.310053706989635,48169.24954773013,69565.03537736619,69134.52926668593,1,0.00029361538094518745,0.00021475871571959297,39,1
853,11,0.039344785228873025,0.03898125324875392,0,40.53230382095287,1.653559496713823,0.046556643489761323,929.8855799915123,9.298855799915122,0.0,2.776178742970945,474.96300624554937,78883.28256110355,416960.450901357,175086.79313688658,4166.014156777051,25437.5600705142,1.8444482596842808,1.8444482596842793,13.310053706989635,48169.24954773013,69586.94416099043,69134.52926668593,1,0.0002924448972036068,0.0002521184602114574,39,1
854,11,0.03269944562017719,0.032620054902019496,0,48.43646047641026,1.388763358362027,0.12103584913795769,840.0701794654747,8.400701794654747,0.0,2.6279229528676558,474.96300624554937,78948.28126982911,416925.6050234937,176010.92732920713,4144.30558820808,25761.944404687707,2.064591028183199,2.0645910281831967,13.310053706989635,48169.24954773013,69586.94416099043,69169.54625811223,1,0.00026087166908492004,0.0002823106490779048,39,1
855,11,0.03209592894556438,0.03248205537062339,0,48.642242061718306,1.3729679490458426,0.1310329436418718,534.5057314890481,5.345057314890481,0.0,1.1198017667435947,474.96300624554937,78972.5567603242,416902.2856191046,176647.14191357215,4129.487596003402,25003.38335241012,1.7641838115662805,1.7641838115662791,13.310053706989635,48169.24954773013,69586.94416099043,69193.00670723544,1,0.00017101868941669484,0.00024144508523507393,39,1
856,11,0.03380047501941927,0.03393868147205047,0,46.55454871755043,1.4558717244783097,0.07856219969727238,499.28717814010497,4.99287178140105,0.0,0.3386991782608524,474.96300624554937,78969.49310688113,416888.93031067273,177257.16001234626,4115.31875252089,25609.026654206857,1.4309484135749815,1.4309484135749821,13.310053706989635,48169.24954773013,69586.94416099043,69206.47833368632,1,0.00015597224678059706,0.0001959542017607373,39,1
857,11,0.03378125826890545,0.033881131091733824,0,46.633626124290814,1.4705087092167912,0.06929828530582838,1281.4019167621038,12.814019167621039,0.0,3.3605362473826075,474.96300624554937,79016.89563570512,416855.8350129585,178199.71190799418,4093.6925117667024,26245.55656570988,1.750783754368469,1.7507837543684674,13.310053706989635,48169.24954773013,69586.94416099043,69239.71753177144,1,0.0003905886052913872,0.00023919318049622635,39,1
858,11,0.0315331652212452,0.033881131091733824,1,46.633626124290814,1.4039329888223047,0.11143481720107304,1412.7446656130087,14.127446656130088,0.0,5.675924965221078,474.96300624554937,79126.7338539003,416797.3809500438,180223.85866634842,4047.934450848357,26525.55345115709,2.3745650271895324,2.3745650271895324,13.310053706989635,48169.24954773013,69586.94416099043,69298.36463928387,1,0.00042607809656884123,0.00032421298288027515,39,1
859,11,0.03152041161295787,0.033881131091733824,1,46.633626124290814,1.426973836430547,0.09685200225914745,1285.3187908499865,12.853187908499866,0.0,5.800178445543568,474.96300624554937,79199.71937056207,416751.74256345513,181737.46805488964,4014.397217622508,26970.047368561816,2.9228001594788986,2.922800159478902,13.310053706989635,48169.24954773013,69586.94416099043,69344.24090648408,1,0.0003812581485780391,0.0003993082834794225,39,1
860,11,0.029091624110690495,0.0289319643042882,0,54.61087893592547,1.3454129373987864,0.14847282443114787,1047.0927856441483,10.470927856441483,0.0,4.570850805736045,474.96300624554937,79319.8306240512,416696.288001291,183691.8455555788,3971.9360313524,27147.61157741919,2.72149979039323,2.7214997903932283,13.310053706989635,48169.24954773013,69586.94416099043,69399.9138544862,1,0.00030856277213428177,0.00037196633909372065,39,1
861,11,0.026620404741009053,0.02729736435959398,0,57.88104592026997,1.2606453512949651,0.2021231953829335,590.6888877528936,5.906888877528936,0.0,1.75982972092757,474.96300624554937,79411.6013137329,416656.8725466166,185884.3740852276,3925.22549509651,27104.31838171829,2.10517439541508,2.1051743954150828,13.310053706989635,48169.24954773013,69586.94416099043,69439.49420170598,1,0.00017434532148982132,0.00028805541406738076,39,1
862,11,0.028576538719971324,0.028817311888598315,0,54.82815351091555,1.389744358119942,0.12041496321522661,1090.542991270672,10.90542991270672,0.0,3.13139399733316,474.96300624554937,79521.35456382715,416609.72489737405,188375.75800634548,3873.465728513279,27505.53907379778,1.9510485288078632,1.9510485288078656,13.310053706989635,48169.24954773013,69586.94416099043,69486.79247975389,1,0.0003171849825141703,0.00026669769204609115,39,1
863,11,0.029184376327935694,0.02889657487170191,0,54.67776049635821,1.4290159092399763,0.09555955111393906,824.8407877696699,8.2484078776967,0.0,3.320965890210714,474.96300624554937,79572.18310831631,416582.3423943749,189022.46806111286,3860.3508936892663,28101.707624024853,1.7717557508942565,1.7717557508942545,13.310053706989635,48169.24954773013,69586.94416099043,69514.31388485906,1,0.00023481584786384807,0.0002421153839559466,39,1
864,11,0.0334051085000282,0.033438696413962125,0,47.25064579192988,1.6251621984224354,0.028583669887617274,537.0968498965141,5.370968498965141,0.0,1.0569063181918192,474.9948363664674,79681.28296622203,416584.73355860874,188414.46611833968,3872.8477008434556,29234.613403510662,1.7021622120698687,1.7021622120698698,13.310053706989635,48169.24954773013,69594.90169121993,69514.31388485906,1,0.00014697559840678895,0.00023299214292826914,39,1
865,11,0.032014982383408046,0.03206061510049607,0,49.281649620488814,1.556535042045478,0.014851239211722836,249.99367207658096,2.4999367207658096,0.0,0.0,473.62816942593923,79649.08262314841,416583.7708490376,188354.40578305625,3874.0939459078686,30495.3927706856,1.0886087613835629,1.0886087613835633,13.310053706989635,48169.24954773013,69596.15165958031,69515.39406857816,1,6.558201731164929e-05,0.00014912448786076211,40,1
866,11,0.029429111118270287,0.029587799015719708,0,53.40038977419583,1.4363903118410046,0.09089220769556673,605.65938664348,6.056593866434801,0.0,0.9263338459181616,473.62816942593923,79670.14047787803,416565.08964691963,188723.48774923696,3866.612330795635,30902.148369101855,0.8998500220596155,0.8998500220596151,13.310053706989635,48169.24954773013,69596.15165958031,69534.15301864868,1,0.00015679411784821044,0.00012311724452221623,40,1
867,11,0.02711102861953262,0.027362676041933924,0,57.742890263313946,1.3441049792251085,0.14930064606005794,651.1081052201291,6.511081052201291,0.0,1.9766128063320052,473.62816942593923,79738.6754671343,416532.36334060365,190208.1643866434,3836.5596944131335,30467.868421018404,0.9594921122064458,0.9594921122064445,13.310053706989635,48169.24954773013,69596.15165958031,69566.95978580508,1,0.00017096256192860782,0.0001311128990294892,40,1
868,11,0.02699784409501384,0.027010509638506583,0,58.49574928965904,1.3548490895533154,0.1425005762320789,682.4006947320896,6.824006947320896,0.0,2.484946900491252,473.62816942593923,79818.49158158265,416499.63767948566,191370.51870678374,3813.4073147076974,30656.812826161007,1.2338151582362162,1.2338151582362167,13.310053706989635,48169.24954773013,69596.15165958031,69599.78837391292,1,0.0001780747916886553,0.0001686104904884912,40,1
869,11,0.02745060296275611,0.027978062999946065,0,56.47281586302261,1.393268181078652,0.11818469551984052,649.9960833193696,6.499960833193697,0.0,2.640967168914561,473.62816942593923,79859.57826322093,416473.56479554396,192460.4193265433,3791.9150302336884,31127.67549401158,1.2589164047695234,1.258916404769525,13.310053706989635,48169.24954773013,69596.15165958031,69625.96672410709,1,0.0001670529065864665,0.00017203008673457654,40,1
870,11,0.02933021031573078,0.029359288439371908,0,53.8160181662019,1.4837985801717617,0.06088697457483441,818.8964445440657,8.188964445440657,0.0,3.5709643863663145,473.62816942593923,79874.1125396228,416455.8823669189,192148.60375504667,3798.1967602079467,30289.779574878474,1.3704030492880863,1.3704030492880863,13.310053706989635,48169.24954773013,69596.15165958031,69643.76116638607,1,0.0002162832364018222,0.000187136978225648,40,1
871,11,0.03003632571097285,0.029766808766129454,0,53.079253890253206,1.5169057527572185,0.0399330678751782,641.3395412144984,6.413395412144983,0.0,3.2677100811269053,473.62816942593923,79868.01860193854,416446.82494209893,191984.89920478396,3801.502468839353,31499.3266235952,1.3329206123532908,1.33292061235329,13.310053706989635,48169.24954773013,69596.15165958031,69652.93220068641,1,0.00016288336544542897,0.0001820731694779059,40,1
872,11,0.024738834010487733,0.02544549360773195,0,62.09350953678871,1.283640557383255,0.18756926747895256,694.0893268121347,6.940893268121347,0.0,3.337202550425941,473.62816942593923,79979.89922972849,416402.93158142525,194604.12681589095,3750.4885330737006,31342.06555179317,1.3576264454366984,1.3576264454366989,13.310053706989635,48169.24954773013,69596.15165958031,69696.93759085964,1,0.00017716492250075685,0.000185443841449336,40,1
873,11,0.023812822750388953,0.023593260079053817,0,66.96827800422248,1.258639611138192,0.20339265117835958,552.7468634899868,5.5274686348998685,0.0,2.988491851208918,473.62816942593923,80086.09665284632,416365.7925286731,196415.16555841858,3716.075262164454,31363.18854421353,1.1740105876400488,1.1740105876400482,13.310053706989635,48169.24954773013,69596.15165958031,69734.17184739067,1,0.000140992517444013,0.00016034693513006628,40,1
874,11,0.024147566771766892,0.024338946947859423,0,64.91653083367926,1.3004178887083682,0.1769507033491341,509.78551893646465,5.097855189364647,0.0,2.61693043352633,473.62816942593923,80161.69839743932,416336.11896079895,198262.51460234864,3681.5529463792855,31390.999585014986,1.0933619405356076,1.0933619405356074,13.310053706989635,48169.24954773013,69596.15165958031,69763.93251791684,1,0.00012991890049396688,0.00014935878014624558,40,1
875,11,0.023460092847363376,0.02351939373815354,0,67.17860237344887,1.2793535009731742,0.19028259432077582,517.9511121023327,5.179511121023327,0.0,2.7829613242821494,473.62816942593923,80249.68087571008,416303.64435052755,199515.11073099554,3658.600237260995,31460.14761781222,0.982940350401933,0.9829403504019337,13.310053706989635,48169.24954773013,69596.15165958031,69796.48458439889,1,0.00013170977285791938,0.0001342070635986331,40,1
