epoch,year,xfg_price,oracle_price,oracle_stale,redemption_price,heat_price,peg_deviation,swap_volume,total_fees,cd_pool,swf_balance,yem_reserve,treasury,heat_supply,pool_xfg,pool_heat,cd_locked,cd_apy_mean,cd_apy_min,bonds_outstanding,bond_migrations_remaining,xfg_burned,heat_burned_lifetime,lag_complete,organic_rate,rolling_avg_rate,payout_queue_len,solvent
0,0,3.480682844783805,3.501316653398494,0,0.45125881387117606,1.5579398381025338,0.013962127783206513,7516.391864870644,75.16391864870644,0.0,63.88933085140048,0.0,29998.11660909467,88502.55712749054,4978.899236475059,11123.644658456556,80284.1204974549,0.02904634891217435,0.029046348912174277,0.0,50000,0.0,105.03780921833155,0,0.0,0.0,0,1
1,0,3.608468762021381,3.5249897980211813,0,0.4482282476071172,1.6040620476735696,0.015229144097195927,4888.325161279839,48.8832516127984,0.0,105.44009472227913,0.0,30026.988352560627,88547.02758755487,4961.980721722725,11162.381441576566,80708.29779731185,0.04768485474725672,0.04768485474725713,0.0,50000,24.441625806399202,112.37029696025131,0,0.0,0.0,0,1
2,0,3.8214636296567086,3.7668089981309287,0,0.4194531766234996,1.6499816639829579,0.044292192394277084,3587.406995079453,35.87406995079453,0.0,135.93305418045446,0.0,30364.429422255023,89300.28502717086,4890.561919546712,11326.855874881341,80898.38708773938,0.06133072186229755,0.06133072186229707,0.0,50000,215.33529533082597,112.37029696025131,1,0.0,0.0,0,1
3,0,3.845094718175582,3.769256458578523,0,0.41918081652524536,1.6497788123182975,0.0441638052647452,8203.720565285797,82.03720565285798,0.0,139.33473989078192,1.6220081538511966,30590.226765575506,90375.53973335607,4875.863372717916,11364.0424770871,81127.12652898817,5.968201016532933,5.968201016532946,0.0,50000,620.8373337936251,112.37029696025131,1,0.0008089743508767772,0.0008089743508767772,0,1
4,0,3.9005155199810955,3.916184385310617,0,0.4034539348878693,1.6299147416195219,0.03159160861995051,5858.483947889189,58.584839478891894,0.0,132.11039680207236,2.818973519804861,31080.534324605636,91690.42324741805,4812.419482270963,11516.502305271533,81278.72264245618,5.1167884304579285,5.1167884304579125,0.0,50000,920.0786752820412,112.37029696025131,1,0.0005766314978802576,0.0006928029243785175,0,1
5,0,3.785321494075841,3.81117291832985,0,0.4145705361205167,1.6133250195539628,0.021091784527824505,5087.749558388982,50.877495583889825,0.0,123.39352467813654,3.1486780251457547,31177.578633547415,92104.16671188115,4860.5446353886,11404.226586864808,81672.8795359895,4.6394471640226005,4.639447164022576,0.0,50000,1002.5048016172645,112.37029696025131,1,0.000498353880729482,0.0006279865764955056,0,1
6,0,2.645405055212991,2.6364777044386387,0,0.5992844154684082,1.214016928077579,0.23163485564710193,2881.657822536677,28.816578225366772,0.0,110.29897329322424,3.1486780251457547,31163.78414139965,91875.65670559512,5043.964876201637,10991.057763049497,81712.8795359895,3.351571419005348,3.3515714190053574,0.0,50000,1002.5048016172645,423.1552879972993,1,0.0002821252012069881,0.00045237019327224256,0,1
7,0,2.5767100832093757,2.6364777044386387,1,0.5992844154684082,1.292750920782159,0.1818032146948361,3463.3063552056565,34.63306355205656,0.0,108.67263644426582,3.1486780251457547,31141.564877260866,91611.08140406542,5274.281883022985,10512.694356814893,81752.8795359895,2.772353132860165,2.77235313286014,0.0,50000,1002.5048016172645,749.8281971292633,1,0.00033890489238912045,0.0003731279914418635,0,1
8,0,2.3357764463547017,2.3134296261817724,0,0.6829686894810498,1.286440313105006,0.18579727018670514,3693.6274455498824,36.936274455498825,0.0,111.84833171555313,3.1486780251457547,31117.63114999547,91302.2677862406,5526.58727388099,10034.567676052895,81792.8795359895,2.440167032737599,2.44016703273761,0.0,50000,1002.5048016172645,1108.3693299844617,1,0.0003612664052424913,0.0003274321662795333,0,1
9,0,2.172613733273255,2.1935791440787753,0,0.7202840181376466,1.291861355496162,0.1823662306986317,3156.7794555417727,31.567794555417727,0.0,110.59673378111518,3.1486780251457547,31085.72774282906,91038.35397834097,5742.795463052776,9658.061399023612,81832.8795359895,2.5040245039645033,2.5040245039645113,0.0,50000,1002.5048016172645,1419.6040652650947,1,0.00030860744223509275,0.00033625957995556816,0,1
10,0,2.1968701879613897,2.1716597602954613,0,0.7275541173102715,1.399619166877093,0.11416508425500449,3675.6014715673723,36.75601471567372,0.0,112.94325349112455,3.1486780251457547,31051.321733855028,90815.18137573997,5944.860213969295,9331.171281976149,81477.29734742694,2.5588021054096295,2.558802105409615,0.0,50000,1002.5048016172645,1687.6814573508711,1,0.0003608957676535841,0.0003435898717103894,0,1
11,0,2.2079558389303435,2.1779923553509453,0,0.7254387262279489,1.4919552141874037,0.05572454798265591,2367.8888426139492,23.678888426139494,0.0,107.95627151243707,3.1486780251457547,30998.73795224377,90696.5530308212,6122.668744848924,9060.983919941875,81683.09263552807,2.24167849682238,2.24167849682239,0.0,50000,1002.5048016172645,1843.5173754549448,1,0.00023190981303115215,0.000300471007639943,0,1
12,0,2.3208168478767046,2.2941520907408215,0,0.6887076085220621,1.5881496533150767,0.005158008427263713,2933.230491233591,29.332304912335907,0.0,108.29595215433355,3.2073426349704266,30979.464297393984,90696.93335513958,6161.58502682194,9004.132771759767,82103.05360706734,2.186108095822558,2.1861080958225676,0.0,50000,1017.1709540734325,1899.341500453373,1,0.00028580963677883,0.0002928717391545221,0,1
13,0,2.2711651510915947,2.2508179080996364,0,0.7019670468740817,1.5747431610973281,0.0033271132295391915,2098.585802637501,20.98585802637501,0.0,105.78881136127235,3.2073426349704266,30957.166577315056,90675.4646535219,6202.33172118384,8945.280734444834,82296.49333271706,1.8031092335032397,1.803109233503228,0.0,50000,1017.1709540734325,1950.1610959317063,1,0.00020400245188121092,0.0002405739672303977,0,1
14,0,2.254859978608789,2.252292472029539,0,0.701507472773402,1.5785832170776748,0.0008966980521046057,2041.1490990202967,20.411490990202967,0.0,103.67587398149145,3.2481656169508324,30966.604380557426,90714.02791730445,6232.44342510982,8902.46842623826,82596.53348738719,1.7187570142137925,1.7187570142137887,0.0,50000,1027.376699568534,1953.2228195802368,1,0.00019769828227301942,0.00022917012364435347,0,1
15,0,2.276479083011911,2.303054420715103,0,0.6860454472063264,1.5651068213869657,0.009426062413312916,2748.648922397613,27.486489223976132,0.0,106.88610397914911,3.3031385953987846,31031.195892048283,90832.96949265638,6176.39405202244,8983.688318097162,82706.1025152905,1.6715968075144132,1.6715968075144056,0.0,50000,1041.119944180522,1957.3457929638332,1,0.00026587144975324646,0.00022252406130249228,0,1
16,0,2.2736414273409644,2.259066556453603,0,0.6994039177315625,1.5826630006380573,0.0016854434418083826,3071.9489031822054,30.719489031822054,0.0,110.23153035626758,3.364577573462429,31007.724346127463,90823.22988888691,6214.947688278158,8928.345786266174,83002.81271305533,1.896958155601253,1.8969581556012451,0.0,50000,1056.479688696433,2018.9358044581513,1,0.0002960814269079848,0.00025321705297808353,0,1
17,0,2.5253463475353404,2.497108344802258,0,0.632731856945165,1.6180968011118586,0.024111899437885147,3114.8942758984967,31.14894275898497,0.0,112.09437536414876,3.876719029496285,31244.513020050254,91280.72344520834,5963.184996220348,9306.67895736206,82986.46797463828,2.147401895752635,2.1474018957526293,0.0,50000,1184.515052704897,2018.9358044581513,1,0.00030027973012182647,0.0002874108689276859,0,1
18,0,2.8561256902147707,2.839563125555869,0,0.5564236222748883,1.7624346120887235,0.11546494435995155,4686.290677571513,46.86290677571513,0.0,119.1875862079638,5.703377611776231,31884.954552143907,92434.1002543491,5852.526747083567,9484.35299690595,83026.46797463828,2.6023061631693847,2.60230616316939,0.0,50000,1641.1796982748835,2018.9358044581513,1,0.00045154667342978035,0.0003493026101531972,0,1
19,0,2.778446747181047,2.7438740837342555,0,0.5758281727890773,1.6274203589112715,0.030012885386880624,4049.867564831157,40.49867564831157,0.0,121.33429393738975,6.6374797950275575,32152.132170877907,93119.97631322732,5702.515024586883,9735.735597786208,82959.07566926765,2.8331454469220363,2.8331454469220354,0.0,50000,1874.705244087715,2018.9358044581513,1,0.00039054124286309406,0.00038078921547156694,0,1
20,0,2.930144969411802,2.9235076095725847,0,0.5404466863115144,1.6524586279208298,0.045859891089132715,2609.4057926276655,26.094057926276655,0.0,112.64958504874821,7.139522272464217,32361.5449900132,93609.83441181011,5595.820576996352,9922.527097726817,82983.19181687379,2.7107584784866963,2.710758478486701,0.0,50000,2000.21586344688,2018.9358044581513,1,0.000251559935017787,0.00036454928377022047,0,1
21,0,2.945032624316228,2.987456353447085,0,0.5288780196493624,1.6168381852662053,0.023315307130509614,6510.887928340932,65.10887928340932,0.0,125.73865029526718,8.938289432599193,32753.595154109866,94726.05360246451,5522.0422588215315,10058.269747262755,82958.14871780301,3.145590806407902,3.1455908064079274,0.0,50000,2449.907653480624,2018.9358044581513,1,0.0006278720563535123,0.00042332441141146445,0,1
22,0,2.9964090045324436,2.964728980305691,0,0.5329323558732466,1.6323991783863387,0.033164036953378905,3724.3557697104957,37.243557697104954,0.0,122.50993870779286,9.349738772029157,32890.68350378768,95085.955869046,5501.025206371351,10097.604606016264,82949.39122683753,3.0678953620942986,3.0678953620942773,0.0,50000,2552.769988338115,2018.9358044581513,1,0.0003591930660009969,0.0004128750191240988,0,1
23,0,2.8024590092858284,2.80397411010646,0,0.5634859445760044,1.5675212453123255,0.007897946004857319,5382.3552967643545,53.82355296764354,0.0,125.66818577564356,9.349738772029157,32878.72595070183,95050.95984525615,5574.213035457506,9965.736405559108,82977.62634969104,3.719845131833323,3.7198451318333166,0.0,50000,2552.769988338115,2129.8711457665577,1,0.0005189211148635751,0.0005019954124060281,0,1
24,0,2.777757972585775,2.776459718321731,0,0.5690700245257124,1.5638789614026203,0.01020318898568341,2849.363096284741,28.493630962847412,0.0,117.37542648778334,9.349738772029157,32866.041858165845,95048.49579386335,5592.604152338834,9933.569767920197,82945.63580216233,2.8571176053261915,2.857117605326208,0.0,50000,2552.769988338115,2190.2469679773635,1,0.00027481740961811624,0.00038431053016089604,0,1
25,0,2.7716566666092266,2.7852788936037856,0,0.5672681481299301,1.6055678219669602,0.016182165801873524,4845.572591815662,48.455725918156624,0.0,121.76219775797684,9.44665022386547,32890.30914220116,95143.27022845125,5673.033010527111,9793.23299109145,83040.2725493354,3.1208709501663807,3.120870950166394,0.0,50000,2576.9978512971934,2197.515326865087,1,0.0004668166366083965,0.00042018505369669596,0,1
26,0,2.6990677383930506,2.6907109624952956,0,0.587205397392349,1.5893361417869911,0.0059089504980956,2683.119100627046,26.831191006270462,0.0,116.29958940885368,9.500312605878012,32901.78138208374,95209.05108026741,5719.862231004853,9713.67554657119,82919.40379707985,2.4857418116341687,2.4857418116341603,0.0,50000,2590.4134468003285,2201.5400055160276,1,0.00025886525737142717,0.00033349976786597996,0,1
27,0,2.6866717288625948,2.740727631597022,0,0.5764892438725603,1.5789759295125443,0.0006481458781365734,2973.8054778559535,29.738054778559537,0.0,112.97953744740512,9.632283459747562,33025.35594566968,95464.44828478649,5714.597101760206,9723.546881350538,83004.62622026351,2.5129389152293977,2.5129389152294226,0.0,50000,2623.406160267716,2201.5400055160276,1,0.0002866158780080114,0.0003374325906626117,0,1
28,0,2.577170714376338,2.6013140919877884,0,0.6073853230052072,1.5440399994617593,0.022759494011544795,2131.932968031812,21.31932968031812,0.0,109.79284504264811,9.632283459747562,32999.74525827081,95420.86005424512,5769.948836499542,9630.672242985975,82786.03725579647,1.8770565462810607,1.8770565462810511,0.0,50000,2623.406160267716,2280.718547009154,1,0.00020601860301098439,0.00025049991279680765,0,1
29,0,2.8831358467044534,2.930895882463568,0,0.5390843152954069,1.63816179260602,0.03681126114305053,3158.483090285214,31.58483090285214,0.0,113.05136540569188,10.206541123279603,33213.184011789635,95915.70119691508,5619.3964792230045,9890.038639174341,82147.62793812719,1.9974463615102716,1.997446361510283,0.0,50000,2766.970576150726,2280.718547009154,1,0.0003075909232742938,0.0002667418014310965,0,1
30,0,2.5675267792149468,2.5478180820275367,0,0.6201384671634981,1.527335454834261,0.03333199061122724,3300.7500855962357,33.007500855962356,0.0,116.46990578284016,10.206541123279603,33184.41020064657,95829.21929280688,5750.008552295691,9666.05004290704,82262.19808780181,2.0825563719568843,2.0825563719568745,0.0,50000,2766.970576150726,2406.679052321516,1,0.00032099799541687035,0.0002782025072340495,0,1
31,0,2.4663277721507453,2.4692243846308837,0,0.6398770439148199,1.539266105733249,0.025780945738450002,3392.748736106703,33.92748736106703,0.0,118.37225538071311,10.206541123279603,33160.630409962345,95765.51717692868,5889.933552651761,9437.293943471623,81900.28156006943,2.3887343070759033,2.388734307075917,0.0,50000,2766.970576150726,2513.3869106033776,1,0.00033140288863288517,0.00031999726910801645,0,1
32,0,2.538682672886215,2.5375362870262106,0,0.6226511944196209,1.596751164089314,0.010602002588173337,4105.048916107943,41.05048916107943,0.0,122.55845122521151,10.288642101601761,33208.70404487899,95886.74983591882,5913.112548631682,9401.287256050893,81554.23349160528,2.6222190806716057,2.6222190806716132,0.0,50000,2787.4958207312657,2519.5444839775396,1,0.00040268162574593933,0.0003516941699318983,0,1
33,0,2.426289836661239,2.4373094961432273,0,0.6482557929143489,1.5740180909758734,0.003786018369700413,4181.369201150178,41.81369201150178,0.0,125.8757091875328,10.372269485624765,33236.078007656055,95959.63686047189,6005.527014214385,9257.294590145995,80235.04408361643,2.8580207646090128,2.8580207646090168,0.0,50000,2808.4026667370167,2525.8165377792648,1,0.00041691201134432893,0.0003836655085743845,0,1
34,0,2.394373623884194,2.4429519990043813,0,0.6467585120968095,1.5724231771733068,0.0047954574852488935,1732.7909257308415,17.327909257308416,0.0,113.61643225592175,10.406925304139381,33243.544918550855,96010.91976967642,6042.491606453095,9201.074325959464,79552.27746379637,2.4704925838157354,2.4704925838157448,0.0,50000,2817.066621365671,2528.415724167861,1,0.00017425431235649252,0.00033128264981558694,0,1
35,0,1.9790802254718023,1.9860805714472942,0,0.7955367081853202,1.3551521545964682,0.14230876291362776,2361.123254499617,23.61123254499617,0.0,111.2036270491748,10.406925304139381,33228.67530230689,95880.49360147362,6170.3032235748315,9011.183765248978,79226.63350059086,2.069884971955694,2.0698849719556773,0.0,50000,2817.066621365671,2691.696596434931,1,0.00023841712314907415,0.00027652781561663184,0,1
36,0,1.9000673440494815,1.898050329232521,0,0.8324331424019061,1.3663535910452826,0.1352192461738718,2082.309507872528,20.823095078725277,0.0,112.0439730989138,10.406925304139381,33192.875339685284,95733.7140737971,6323.538258489302,8793.586537589636,78114.70273442457,1.575445402398717,1.5754454023987279,0.0,50000,2817.066621365671,2861.912994679816,1,0.00021325660189242397,0.00020864267913266353,0,1
37,0,1.7890304684754081,1.789299697331554,0,0.8830270313890457,1.3932602743976878,0.11818969974829888,3337.1368986469206,33.37136898646921,0.0,117.07970227235386,10.406925304139381,33158.716384196014,95525.04593700092,6581.139500247561,8450.5812012187,77163.44055953677,1.9963414408036528,1.9963414408036422,0.0,50000,2817.066621365671,3097.6612907890094,1,0.0003459811407524885,0.0002658849552646622,0,1
38,0,1.8248587276002333,1.7929712994048077,0,0.8812187905765668,1.4590968614187194,0.07652097378562066,1637.3186538119555,16.373186538119555,0.0,111.71515637055495,10.406925304139381,33114.172503761525,95434.05592416314,6668.60329717505,8340.268044933688,76851.46306444134,1.828606964105266,1.8286069641052667,0.0,50000,2817.066621365671,3212.7639224157356,1,0.00017043981608407734,0.00024322585290966327,0,1
39,0,1.778592540565364,1.7862405899753286,0,0.8845392993906956,1.4472365356344163,0.0840275090921416,1336.893234142544,13.368932341425442,0.0,105.83829637107678,10.406925304139381,33090.83750647149,95379.20095035537,6727.424642426714,8267.720577542348,76179.04934010055,1.6489625503518368,1.6489625503518492,0.0,50000,2817.066621365671,3288.7973947656,1,0.00014039484564045936,0.00021893860082567506,0,1
40,0,1.857279417666179,1.8340893283489896,0,0.8614629481663711,1.5687853703671075,0.007097866856261106,2134.5161484645237,21.34516148464524,0.0,108.68077072230425,10.406925304139381,33041.1123109402,95311.56800127779,6854.450267122765,8114.959280608597,76158.15283417616,1.354051666477918,1.3540516664779263,0.0,50000,2817.066621365671,3373.1281755025884,1,0.000224219319301206,0.0001783513270085809,0,1
41,0,1.845504089388211,1.8396370045713166,0,0.8588650891854511,1.590772067609691,0.006817764309930988,2389.291558997523,23.89291558997523,0.0,111.68604081114825,10.454711135319332,33056.31788184057,95339.8597236873,6924.469274725702,8033.291898663617,75497.37447559458,1.557291935236587,1.5572919352365786,0.0,50000,2829.0130791606584,3376.7121128410845,1,0.0002531787708479733,0.00020593097859654622,0,1
42,0,1.8667184132436427,1.8676414154227783,0,0.8459868082558746,1.5849368829936605,0.0031246094896585207,2119.0274342687185,21.190274342687186,0.0,111.66824833276077,10.497091684004706,33069.76668963863,95369.80590817468,6872.51069960525,8094.35530576796,74246.57732892226,1.7721519354295168,1.772151935429508,0.0,50000,2839.608216332002,3379.8906539924874,1,0.00022832324511134236,0.00023524044508684057,0,1
43,0,1.6118276063185732,1.598327416909209,0,0.9885333776325693,1.426133563136634,0.09738382079959872,1474.8784360239997,14.748784360239997,0.0,108.06148374126018,10.497091684004706,33029.524728997654,95280.58721699195,7015.894892107717,7929.420751627916,72574.11170343429,1.6216116501034294,1.6216116501034237,0.0,50000,2839.608216332002,3487.341771126157,1,0.00016257901352492412,0.0002146936764947466,0,1
44,0,1.5704158095814977,1.5852579807408471,0,0.9966832018480741,1.46153126205039,0.0749802138921583,2856.5259673470146,28.565259673470145,0.0,112.79779139213083,10.497091684004706,32979.261262634056,95132.51284646754,7195.894807749203,7731.991277642028,70405.95272257445,1.7994782889794572,1.799478288979453,0.0,50000,2839.608216332002,3654.0356606124865,1,0.0003245777786549141,0.00023849334576372686,0,1
45,0,1.5825604820935282,1.6051262729987048,0,0.9843462328033771,1.5495134486457351,0.01929528566725628,2723.5673264716315,27.235673264716315,0.0,115.82069693377619,10.497091684004706,32914.790447686566,95034.9888450764,7381.117610048424,7538.53737349388,68887.62456847627,2.0164238133819374,2.016423813381923,0.0,50000,2839.608216332002,3770.977069331973,1,0.0003162910428144408,0.000267815944998093,0,1
46,0,1.6113769143787324,1.6192024786248016,0,0.975789020124218,1.5698378882677364,0.006431716286242828,2149.7280118927706,21.497280118927705,0.0,113.27446462990756,10.540086244242563,32927.84332429899,95063.59492733132,7362.801566136514,7557.6265278676365,67885.19311313372,2.2368051408179803,2.2368051408179865,0.0,50000,2850.356856391466,3774.201661349812,1,0.0002533368958158699,0.0002980685724284083,0,1
47,0,1.6231960325972514,1.6298404996687876,0,0.9694200139958996,1.570271697009467,0.006157153791476624,3140.0729196579246,31.400729196579245,0.0,116.89044358051962,10.602887702635721,32930.75247282996,95083.69834001221,7337.209605249826,7584.502442639493,67217.18537249415,2.3589597544989522,2.3589597544989442,0.0,50000,2866.0572209897555,3791.9255852530496,1,0.0003737226308726542,0.00031445018983432163,0,1
48,0,1.6175472827309334,1.6296870424956178,0,0.9695112980590865,1.5715334337670857,0.005358586223363556,1521.0133534361946,15.210133534361946,0.0,111.32938304809585,10.633307969704445,33002.052723923916,95173.08858827026,7353.181897838003,7568.480022574536,66239.56619859829,2.034190303425134,2.034190303425133,0.0,50000,2873.6622877569366,3794.207105283204,1,0.00018369846793693298,0.00027025266487515234,0,1
49,0,1.7096549249219852,1.7276896215393978,0,0.914516114643437,1.5793701764234587,0.0003986225167983541,1953.6812990737787,19.536812990737786,0.0,109.86761154384752,10.87737955037175,33289.065167647874,95500.59398758029,7170.612911391018,7762.128132893076,66180.02793552881,1.991655962631694,1.9916559626316883,0.0,50000,2934.680182923763,3794.207105283204,1,0.00023616566629159044,0.00026452892170039253,0,1
50,0,1.6797753233934973,1.7022903092123642,0,0.9281613080033647,1.5502146163734223,0.01885150862441632,1610.523069161117,16.105230691611172,0.0,109.737850165372,10.87737955037175,33292.054948093864,95503.18361739343,7167.151994628795,7766.153752151102,64100.12800693605,1.573258732916717,1.5732587329167262,0.0,50000,2934.680182923763,3806.5755554071243,1,0.00020100091768763374,0.0002069550173053857,0,1
51,0,1.70521504491669,1.7020597748360082,0,0.9282870222065095,1.5887630106263237,0.005546209257166883,1946.6562647540745,19.466562647540744,0.0,111.15507985294083,10.91631267566683,33302.265162805226,95526.13024294956,7201.448445718322,7729.295151446001,62370.56029638319,1.736398158024076,1.736398158024073,0.0,50000,2944.4134642475333,3809.4955398042553,1,0.00024968911685303033,0.00022895190027741818,0,1
52,0,1.7028578341203475,1.6614958716548625,0,0.9509503014451117,1.6000645050634799,0.012699053837645434,1624.2239302846003,16.242239302846002,0.0,110.7793641473339,10.948797154272523,33298.00939597918,95531.92966547514,7232.11101076204,7696.725258845472,61841.96650351144,1.6733372120246495,1.6733372120246552,0.0,50000,2952.5345838989565,3826.886100365393,1,0.00021011284370362,0.000220267626081428,0,1
53,0,1.5930349571419193,1.5944934850666928,0,0.9909102889397592,1.5209435846727606,0.037377478055214866,3783.98432761948,37.839843276194806,0.0,118.88757454759367,10.948797154272523,33274.97134060866,95437.74858759869,7290.332411449052,7635.887680292791,60401.19463904019,2.410232485606682,2.410232485606674,0.0,50000,2952.5345838989565,3941.916856220505,1,0.000501180064431866,0.0003203273416628388,0,1
54,0,1.566370852955461,1.5602043269669437,0,1.012687872152963,1.5297726397962246,0.03178946848340221,1397.3792595228829,13.97379259522883,0.0,112.21243089468321,10.948797154272523,33223.252053230986,95375.9865898773,7373.596094859072,7550.001682597725,60011.52766954181,2.252347041540589,2.2523470415405926,0.0,50000,2952.5345838989565,4022.666363996879,1,0.00018628144475410282,0.0002991914509631963,0,1
55,0,1.5980918961430646,1.5688948040650061,0,1.0070783559906122,1.5997790127280425,0.012518362486102778,1560.5289323940956,15.605289323940957,0.0,107.2338475508513,10.980007732920404,33192.05895085108,95358.20163171833,7465.355459163818,7457.482543650048,58985.28917785543,2.254193928235896,2.2541939282359045,0.0,50000,2960.337228560927,4066.0254124173935,1,0.0002116499153120989,0.00029970380816602256,0,1
56,0,2.0023110609045416,2.0353691859035057,0,0.7762719466044358,1.8243251927469504,0.15463619794110778,1325.0894210726224,13.250894210726225,0.0,106.6435028256656,11.680009404289118,33554.752343194814,95866.03545915606,7122.614851674662,7817.515515749036,58657.485945626235,1.4744168321018365,1.4744168321018314,0.0,50000,3135.3376464031053,4066.0254124173935,1,0.00018072229311715698,0.00019288455106111955,0,1
57,0,1.8602217683346554,1.842603804548718,0,0.8574822195089119,1.6476501154388201,0.042816528758746863,2536.3671865573688,25.36367186557369,0.0,111.1951302612692,12.12646587909052,33810.50581310782,96176.37586434081,7023.044241983696,7929.122607099124,57460.696738092796,1.8846816832124633,1.8846816832124498,0.0,50000,3246.951765103456,4066.0254124173935,1,0.0003531272442613343,0.00024849981756353007,0,1
58,0,1.9390243372466058,1.9372740161006823,0,0.8155789975339688,1.652161006800718,0.04567152329159361,3840.046444348901,38.40046444348901,0.0,119.15030980334926,12.714417453520086,34070.98244051418,96505.29895753316,6888.526522329416,8084.575607089469,55386.83119030106,2.7272053136808756,2.727205313680869,0.0,50000,3393.9396587108477,4066.0254124173935,1,0.0005546511850306167,0.00036283357413636927,0,1
59,0,2.091827862847745,2.089471917295209,0,0.7561719240741397,1.6972437578111652,0.07420491000706654,1724.0197638673474,17.240197638673475,0.0,112.31014835424213,13.17548966918523,34354.244785807634,96900.73794924864,6722.398370842663,8285.25670079708,53857.46548070597,2.9081850450051006,2.908185045005109,0.0,50000,3509.207712627134,4066.0254124173935,1,0.0002560862823349851,0.00038795490387564537,0,1
60,0,2.0455480307526264,2.0291814577574563,0,0.7786390881701296,1.6132034268779831,0.02101482713796396,2280.048396527644,22.800483965276438,0.0,110.82909062344395,13.411690836703759,34492.13494202125,97122.35469943294,6627.848664773707,8404.137109101075,52596.88772236215,2.89357529579169,2.8935752957916914,0.0,50000,3568.2580045067657,4066.0254124173935,1,0.00034679594101660215,0.0003858444694607346,0,1
61,0,2.0334536217416095,2.0427766107122927,0,0.7734570641324664,1.5888013788331632,0.005570492932381721,3380.4410127922583,33.80441012792259,0.0,116.7426320913865,13.653454509362067,34671.007453990234,97369.07114826421,6597.367553566595,8443.749561454342,51888.51241306745,2.817351301824332,2.8173513018243233,0.0,50000,3628.698922671343,4066.0254124173935,1,0.0005211852651903643,0.00037468916284731716,0,1
62,0,2.024684821783382,2.0537714040054817,0,0.7693163888242466,1.5655382706679823,0.009152993248112484,3047.4160397763485,30.474160397763484,0.0,119.01923924694358,13.714402830157594,34782.38348751214,97534.88343979738,6563.367896059296,8488.295436726408,49793.89593615496,3.3907028472036993,3.390702847203707,0.0,50000,3643.936002870225,4070.596536477058,1,0.0004896047569659869,0.0004525286543909845,0,1
63,0,2.20606288637438,2.2435077060929376,0,0.7042543226880935,1.6401647045353172,0.03807892692108676,2718.4761012785693,27.184761012785692,0.0,118.00116961523284,14.168523052466956,35053.57109971029,97930.60298801119,6436.307406718679,8656.995761460046,48300.697907454894,3.644389963115827,3.6443899631158247,0.0,50000,3757.4660584475655,4070.596536477058,1,0.0004502586867771102,0.0004870162363111538,0,1
64,0,1.7941916305733776,1.7776691867191843,0,0.8888042903618097,1.3796039212246938,0.12683296125019386,2015.434980420782,20.154349804207822,0.0,114.90558233999157,14.168523052466956,35025.48109628239,97811.46025782549,6545.78528872946,8512.873151406437,45508.462916871635,3.2412818971687654,3.241281897168767,0.0,50000,3757.4660584475655,4216.046821391221,1,0.00035429629589595963,0.0004313865798796855,0,1
65,0,2.015209253210013,2.002530007948841,0,0.7890019094487221,1.5836841741349899,0.002331755781639102,2311.8989459982777,23.118989459982778,0.0,115.80741160719428,14.21476103138692,35039.73304707769,97845.76481938195,6617.6531792461365,8420.843081693098,44759.92511601952,3.057661517671295,3.0576615176713022,0.0,50000,3769.025553177557,4219.514669810218,1,0.00041320872454647645,0.00040592123573984876,0,1
66,0,2.1363706870078594,2.147700110068046,0,0.7356706798091752,1.6444795950649218,0.04080987029425426,3195.7191226958325,31.957191226958326,0.0,120.5776682748254,14.680489043510436,35260.30902190428,98163.9887382293,6549.720545379924,8508.85047356905,43658.92140337145,3.3933108370819856,3.393310837081978,0.0,50000,3885.457556208436,4219.514669810218,1,0.0005855791247191097,0.0004510280483871819,0,1
67,0,2.336647297144971,2.3013169251102163,0,0.6865634119143887,1.7942951772835933,0.1356298590402489,3442.6108047865328,34.42610804786533,0.0,124.72206678207687,15.965814661606197,35715.213728534116,98830.2781039126,6542.28829123536,8519.791195115127,41181.74122500571,4.168253762046446,4.16825376204644,0.0,50000,4206.788960732376,4219.514669810218,1,0.0006687644965718285,0.0005558507819458049,0,1
68,0,2.192843593214788,2.18237921421215,0,0.7239805024308702,1.634931587269499,0.03476682738575878,2273.8667666678766,22.738667666678765,0.0,120.9623431240532,16.33229688803368,35967.44020365582,99193.76307243593,6446.864158682884,8646.82343700018,39210.90963707289,4.293720527057728,4.293720527057719,0.0,50000,4298.409517339247,4219.514669810218,1,0.0004639253284790915,0.00057275631659001,0,1
69,0,2.07827006850168,2.1165221311337685,0,0.7465076678190146,1.5463399606190316,0.021303822393018042,2096.3596864288984,20.963596864288984,0.0,118.42012982529135,16.33229688803368,35953.4786228922,99172.88409922327,6440.446031095064,8655.914323566358,37506.09886724512,3.959522071326012,3.959522071326018,0.0,50000,4298.409517339247,4267.76348071748,1,0.0004471506767684004,0.0005266135006064401,0,1
70,0,2.0400834154097574,2.017777984713408,0,0.7830395672715267,1.5791334570001516,0.0005484449366129442,3820.988378819232,38.20988378819232,0.0,125.64771015256177,16.33229688803368,35901.61306875833,99085.20531052862,6569.378217841262,8486.98347334856,35941.48437998664,4.414079802950747,4.414079802950754,0.0,50000,4298.409517339247,4383.492945067449,1,0.0008504909454317095,0.0005871889835597338,0,1
71,0,1.925006582216959,1.933996612580401,0,0.816961099994851,1.5204621390461026,0.03768219047715029,2089.4633525173613,20.894633525173614,0.0,122.26353846873732,16.33229688803368,35864.80694917608,99018.19173583172,6636.310238112308,8402.011837015978,34537.83874249344,4.46449473844078,4.464494738440778,0.0,50000,4298.409517339247,4477.282008571506,1,0.0004839824212733037,0.0005938746811578045,0,1
72,0,1.8332630385235904,1.8136661036051236,0,0.8711636595398389,1.4999995674835842,0.05063318513697206,2353.5330388301004,23.535330388301006,0.0,120.76536330364,16.33229688803368,35831.212319984705,98938.57147737559,6754.713381205153,8255.446632133535,32844.22918699226,4.776357134155659,4.776357134155656,0.0,50000,4298.409517339247,4583.187799366406,1,0.0005732594363364634,0.0006359109343471588,0,1
73,1,1.7759648400533854,1.763561545790056,0,0.8959142955751951,1.9307367882580646,0.22198530902409147,3139.648631742375,31.39648631742375,0.0,127.44595527651347,32.66459377606736,33997.56361320719,98838.01196621689,8734.670599777015,8034.4809137073225,31930.76779155203,4.632399155507881,4.632399155507896,0.0,50000,4298.409517339247,4702.359335275025,1,0.0007866140024539057,0.0006146186200212243,0,1
74,1,1.7375452801338696,1.7540531081731237,0,0.9007709017691016,1.7536759033713,0.10992145782993672,2106.728404327649,21.06728404327649,0.0,125.59681176967939,33.484203233892885,34421.443033546086,99339.48576445894,8416.70792277338,8339.289544530995,29773.12935832509,4.840448641544756,4.840448641544764,0.0,50000,4503.311881795627,4702.359335275025,1,0.0005660751018739844,0.0006419828468881178,0,1
75,1,1.62304302287961,1.6236427107103506,0,0.973120496016481,1.5977384344520171,0.011226857248112062,1836.8222650029427,18.368222650029427,0.0,122.41627009944395,33.63593307533586,34566.29732343718,99519.35711955716,8312.609256215714,8444.262317475444,29414.21364112698,4.6590796419333165,4.65907964193331,0.0,50000,4541.244342156371,4702.359335275025,1,0.0004995740596470535,0.0006174210546583145,0,1
76,1,1.3915517122132792,1.3837584706214772,0,1.1418177619468421,1.4141761060337255,0.10495183162422443,1606.3356610169453,16.063356610169453,0.0,121.11803061129515,33.63593307533586,34523.433468695155,99421.52491548742,8446.260132120973,8311.134446766986,28299.46482597444,3.854262804374468,3.8542628043744718,0.0,50000,4541.244342156371,4814.886299016575,1,0.0004540964066691701,0.0005065818560634027,0,1
77,1,1.3954430470312813,1.3855898002663527,0,1.1403086250319365,1.4554074620741675,0.07885603666191936,1942.4317205423515,19.424317205423517,0.0,122.68467057581567,33.63593307533586,34481.440541919226,99326.56262683726,8556.834472960467,8204.283323429718,27546.67281648479,3.855834770514135,3.855834770514124,0.0,50000,4541.244342156371,4923.77814978344,1,0.000564113636077295,0.0005059280341311728,0,1
78,1,1.370092839661204,1.368399401068217,0,1.1546336535711728,1.474196029518462,0.0669645382794545,1539.5314527349558,15.395314527349559,0.0,121.8422040068613,33.63593307533586,34427.75124660621,99242.13116243834,8691.398457379282,8077.638627874666,27123.464143703208,3.7465378897917434,3.746537889791752,0.0,50000,4541.244342156371,5021.136392642114,1,0.0004540810700516255,0.0004907637042660301,0,1
79,1,1.3272451829316145,1.324869836577631,0,1.192569984143812,1.4768256467324463,0.06530022358705934,2009.4453824870334,20.094453824870335,0.0,123.70823378234928,33.63593307533586,34365.91314989606,99135.21739058888,8838.737532233072,7943.504934931919,25537.244145528333,4.186192184441168,4.186192184441175,0.0,50000,4541.244342156371,5141.18968835407,1,0.0006294948259995063,0.0005492298440428089,0,1
80,1,1.3228833150001795,1.3141463407539111,0,1.202301411191064,1.5029131196833867,0.048789164757350234,2204.5791925824324,22.045791925824325,0.0,126.05128745453669,33.63593307533586,34326.22996869395,99059.64212068642,8931.36319100695,7861.499903653054,25099.56981349752,4.529828624833218,4.529828624833225,0.0,50000,4541.244342156371,5230.451467289805,1,0.0007026667656740157,0.0005954142205750492,0,1
81,1,1.0639818411342918,1.0573071222950172,0,1.4943623916676287,1.284831288083994,0.18681564045316837,1956.0074815319786,19.560074815319787,0.0,126.4336522569954,33.63593307533586,34290.95497493902,98896.89015781073,9208.465783301597,7625.624055863478,23403.76523867304,5.065734472244462,5.065734472244472,0.0,50000,4541.244342156371,5406.638346565161,1,0.000668612921582316,0.000666924837751946,0,1
82,1,1.019116846780668,1.0193802018380196,0,1.5499614345571364,1.2700759250854126,0.19615447779404271,767.8992708653942,7.678992708653943,0.0,120.03809886365096,33.63593307533586,34234.46841251917,98806.44405559746,9355.070549618209,7506.566978896513,22404.352428833525,4.19955175972746,4.199551759727468,0.0,50000,4541.244342156371,5507.4368943080035,1,0.0002741964618900167,0.0005484920497154495,0,1
83,1,1.1316482249969737,1.1267081048486098,0,1.4023152875183202,1.4424159217216619,0.08707853055591024,1381.0793390457052,13.810793390457052,0.0,120.67465602961988,33.63593307533586,34170.537075719265,98712.91842900148,9461.243992031561,7422.824310664988,21688.67611614689,3.736841053866593,3.736841053866585,0.0,50000,4541.244342156371,5609.6571568244935,1,0.0005094195078204936,0.0004840762970976088,0,1
84,1,1.181392738562658,1.1647659706581899,0,1.3564956736392018,1.545509446361922,0.02182946432789758,2131.0356655028813,21.310356655028812,0.0,124.81022111281221,33.63593307533586,34137.48925963862,98668.42498134989,9585.303595674324,7327.039049489164,21592.50505596132,4.039007878750095,4.039007878750088,0.0,50000,4541.244342156371,5663.255086129175,1,0.0007895464319604878,0.000524387467223666,0,1
85,1,1.1642802055558255,1.1628319722733214,0,1.3587517695365054,1.5405799621424112,0.024949391049106866,921.3830753891209,9.213830753891209,0.0,120.46179075293789,33.63593307533586,34115.60019635955,98649.90110589539,9640.196993561829,7285.496899267913,21009.350879343707,4.223825334506894,4.223825334506887,0.0,50000,4541.244342156371,5690.96802892986,1,0.0003508468512637467,0.0005499375970149093,0,1
86,1,1.1948024746851136,1.2002764436553695,0,1.3163634164044788,1.5822969454343347,0.0014537629331232112,1592.9191562109847,15.929191562109848,0.0,121.27055071431909,33.66779145846008,34124.71627313541,98662.8505959354,9644.38710385981,7282.537965937764,20700.166491063123,4.486788696294865,4.486788696294865,0.0,50000,4549.2089379374265,5693.357407664177,1,0.0006156159785086541,0.0005853364205776296,0,1
87,1,1.1827161837757425,1.1749428560750643,0,1.3447462502798158,1.580625590369832,0.0003959432720455744,1296.5583625944714,12.965583625944715,0.0,121.69521904174545,33.69372262571197,34079.744706597354,98635.18203443965,9688.545427004325,7249.534325888882,20266.67069989928,3.816275843125673,3.8162758431256756,0.0,50000,4555.691729750399,5733.519228601411,1,0.0005117992518034706,0.0004927540271919571,0,1
88,1,1.1333912868663678,1.1393730987018105,0,1.3867274923378787,1.5489195255817463,0.019671186340666953,1488.899019772857,14.88899019772857,0.0,122.39065894333322,33.69372262571197,34036.689555318066,98594.00748764935,9797.519094167654,7169.141192190644,19631.469859476594,4.447333015284475,4.447333015284482,0.0,50000,4555.691729750399,5783.429826440571,1,0.0006067397012777945,0.0005780516438633064,0,1
89,1,1.1315743396091886,1.1130800476489258,0,1.4194846123936133,1.563864169347511,0.010212551045879129,1602.3240668384578,16.023240668384577,0.0,123.59512139781191,33.69372262571197,33986.70764392497,98551.1677551143,9852.786197776357,7129.238110053419,19465.39777581183,4.555962595810852,4.555962595810847,0.0,50000,4555.691729750399,5835.04286791893,1,0.0006585322674801104,0.0005923570735204584,0,1
90,1,1.2854594457664514,1.270295195531633,0,1.2438053812671093,1.6958621564485743,0.0733304787649204,1746.3011072704187,17.463011072704187,0.0,124.98143225391169,34.09003049782282,34243.26081650806,98766.32504264508,9626.847219410776,7297.127094962297,18579.39850497887,5.154056232946347,5.154056232946353,0.0,50000,4654.768697778112,5835.04286791893,1,0.0007519300936690489,0.0006724006874756512,0,1
91,1,1.2360669170096747,1.2213896926882883,0,1.293608427726623,1.6091664916638184,0.018459804850517944,2047.1764619403095,20.471764619403096,0.0,126.9326166663829,34.13097402706163,34254.645511249044,98782.14739080919,9563.224673340947,7345.905908359517,18594.446685481675,5.824492168455053,5.824492168455061,0.0,50000,4665.004580087814,5838.11363261184,1,0.0008807689721851078,0.0007637437777780891,0,1
92,1,1.1784058368332198,1.1839728740727398,0,1.334490033175312,1.5511638828074872,0.018250707083868917,1795.0631849637384,17.950631849637386,0.0,126.89263190287397,34.13097402706163,34215.84175806272,98742.34900572184,9616.481980634873,7305.558504412412,18139.354901887917,6.154647762142987,6.15464776214299,0.0,50000,4665.004580087814,5889.517389726246,1,0.0007916767469065446,0.0008081252709202339,0,1
93,1,1.1753887060400534,1.1883225773183606,0,1.329605302598493,1.5522550118816802,0.017560119062227736,1408.4617905194532,14.084617905194532,0.0,124.40835419341003,34.13097402706163,34211.93972246698,98737.83725850834,9632.281666255076,7293.695299581273,18049.59119205718,5.840237581842571,5.840237581842564,0.0,50000,4665.004580087814,5904.9591358604985,1,0.0006242631317386311,0.0007655696169434279,0,1
94,1,1.2308362433804716,1.231596180441666,0,1.2828880318818399,1.5933470685193474,0.008447511721105888,1866.0315643375393,18.660315643375395,0.0,125.83646537322308,34.21886089052199,34320.684743858925,98830.0983045673,9536.782383687909,7367.018545421795,18009.88013413816,5.717453581093236,5.717453581093231,0.0,50000,4686.9762959529035,5904.9591358604985,1,0.0008288923859300683,0.0007482774215250813,0,1
95,1,1.2317759698700794,1.2469271088053262,0,1.2671149651352027,1.5714478531913303,0.005412751144727709,1216.5730249213243,12.165730249213244,0.0,123.8209163467916,34.24319235102041,34391.2272476736,98893.63286897812,9467.551801419568,7421.11981559271,17506.731679996625,5.146939802310727,5.146939802310729,0.0,50000,4693.05916107751,5906.78399539788,1,0.0005559338189029965,0.0006696964455238986,0,1
96,1,1.328519608259682,1.3191189202915912,0,1.1977691894910742,1.624618766012058,0.028239725324087233,1833.042921836612,18.33042921836612,0.0,125.48059477531501,34.45216942812526,34570.185473380174,99053.84630345473,9269.599756710963,7580.1445207597035,17144.274322211277,5.718240790845528,5.718240790845528,0.0,50000,4745.3034303537215,5906.78399539788,1,0.0008553493194923099,0.000746725174775125,0,1
97,1,1.2471379342802498,1.2538817185886653,0,1.260086957626597,1.5635198683087814,0.010430463095708003,2613.7110175069665,26.137110175069665,0.0,130.03734378619777,34.45216942812526,34549.22399455756,99026.63841232141,9385.810874830704,7486.569901182576,16770.62268462734,6.751029805019926,6.7510298050199316,0.0,50000,4745.3034303537215,5946.333297818371,1,0.001246804518428671,0.0008860292189413259,0,1
98,1,1.2061823847111957,1.21687481778559,0,1.2984080013055146,1.558742354110897,0.013454206258926057,2860.440515874352,28.60440515874352,0.0,133.13734064160994,34.45216942812526,34516.32929413309,98983.73163767498,9529.560566932512,7374.142403687237,16861.825793401007,8.705762916910267,8.705762916910269,0.0,50000,4745.3034303537215,6004.780359885963,1,0.0013571201842181553,0.0011530913407130454,0,1
99,1,1.2371946724559755,1.2593120018965616,0,1.2546533326296205,1.556647310003755,0.014780183541927257,1298.4103737563623,12.984103737563624,0.0,125.24991047096523,34.47813763560038,34633.77898688647,99089.94185880617,9403.292084859544,7473.563726460046,17042.61026447294,8.08755317453142,8.087553174531415,0.0,50000,4751.795482222504,6006.727975446597,1,0.0006094889708124259,0.001071137891153084,0,1
100,1,1.1616055401787284,1.167918675173631,0,1.3528339203627395,1.4998473244893844,0.05072954146241498,1941.8376243003906,19.418376243003905,0.0,124.82897838540174,34.47813763560038,34585.902365044785,99016.87944719846,9525.983502164461,7377.707738040987,16958.958091589997,7.283055102066511,7.283055102066519,0.0,50000,4751.795482222504,6092.883642890855,1,0.0009160174174913984,0.0009608755241739932,0,1
101,1,1.198829968953734,1.1789616712756612,0,1.3401623127327007,1.5725091991163815,0.004741013217480083,1706.816139950485,17.06816139950485,0.0,125.30709487279393,34.51227395839939,34548.92629225364,98996.81362645308,9601.49946154743,7319.871519902188,17403.85841297359,5.8839821925271805,5.8839821925271725,0.0,50000,4760.329562922257,6129.678409059763,1,0.0007845690763276493,0.0007700251548771578,0,1
102,1,1.0689748292982082,1.0668595087200097,0,1.480982254069838,1.433794390125116,0.09253519612334435,1283.154456042308,12.831544560423081,0.0,122.42777121551437,34.51227395839939,34513.89805498016,98933.09559949696,9709.408583294491,7238.913371678126,17172.865936082453,5.852854391768569,5.852854391768563,0.0,50000,4760.329562922257,6203.658516526875,1,0.0005977590279074999,0.0007661151739088492,0,1
103,1,1.1862741316085212,1.1690196733433076,0,1.3515598035072582,1.6004284446883876,0.01292939537239719,1029.6013759281607,10.296013759281607,0.0,119.94771877683446,34.53286598591795,34518.80274431551,98943.47946321951,9737.841165904023,7217.910373414848,17082.805987870954,4.793231047505946,4.793231047505948,0.0,50000,4765.4775698018975,6205.202918590768,1,0.00048216967477553423,0.0006214992596702278,0,1
104,1,1.1092556331359147,1.104166687487138,0,1.430943369244152,1.516945650158404,0.03990781635544056,961.2784165229367,9.612784165229368,0.0,118.76033148694296,34.53286598591795,34470.1018684951,98896.49338441853,9804.245078547852,7169.283936368208,17203.08826211687,3.967564948473688,3.9675649484736835,0.0,50000,4765.4775698018975,6259.018142446601,1,0.0004470259766740973,0.0005089848931190438,0,1
105,1,1.0366825779068884,1.0325925054673628,0,1.5301292539256564,1.453822049057609,0.07985946262176648,1405.1548782645552,14.051548782645552,0.0,120.40935148211634,34.53286598591795,34436.21870974653,98833.10319184973,9928.551386335115,7079.790991434495,17174.339562652898,4.109650836235323,4.109650836235326,0.0,50000,4765.4775698018975,6329.2853840971475,1,0.0006545369028665008,0.0005279108514387108,0,1
106,1,1.0103031579443225,1.0032723943548132,0,1.574846481265011,1.4416362193437904,0.08757201307355043,1253.7083346213572,12.537083346213572,0.0,120.98990859409496,34.53286598591795,34406.99251514429,98776.05117243617,10015.28016993535,7018.739573558022,16687.818531850906,4.407577015707999,4.407577015707998,0.0,50000,4765.4775698018975,6393.384576385979,1,0.0006010172424770748,0.0005675267073392242,0,1
107,1,1.0090427828173765,1.0059171825315478,0,1.5707058468011086,1.4586234030010925,0.07682063101196682,1211.093994809916,12.11093994809916,0.0,120.42040340547538,34.53286598591795,34400.46877506686,98743.44085187282,10080.553510235752,6973.49963354464,16788.386800628028,4.721292271341017,4.721292271341015,0.0,50000,4765.4775698018975,6433.495769391539,1,0.0005771103604854332,0.0006108881686096696,0,1
108,1,1.084442022145829,1.0921308983533926,0,1.4467130289804715,1.5745673555200963,0.0034383825822175756,1615.5970395000431,16.15597039500043,0.0,121.97378616152008,34.56517792670795,34409.55686756733,98754.35286802585,10102.984768649969,6958.166123420212,17233.454483703503,4.950070001181588,4.950070001181592,0.0,50000,4773.555554999398,6435.919164950789,1,0.0007499817478975223,0.0006427031169533434,0,1
109,1,1.0577395047278935,1.0619256709029963,0,1.487863080526592,1.5648134150003956,0.009611762657977505,715.903429150562,7.159034291505621,0.0,117.96273679661273,34.56517792670795,34361.403777755164,98722.6914777419,10198.12348166836,6893.446833500634,17125.022365182722,4.294476120085962,4.294476120085966,0.0,50000,4773.555554999398,6474.391394988441,1,0.0003344362016629336,0.0005538427700152963,0,1
110,1,1.0916714359445818,1.0908932270634493,0,1.4483543950980118,1.5942398041945292,0.009012534300334862,1096.376907278889,10.963769072788889,0.0,117.46023722123009,34.62340272874495,34461.79113775899,98800.85787835473,10132.519974015097,6938.34302760923,17443.85615568442,4.108041435582323,4.108041435582323,0.0,50000,4788.111755508648,6474.391394988441,1,0.0005028140096977871,0.0005290773197527477,0,1
111,1,0.7891261346315427,0.7733696249989178,0,2.043007572222934,1.1927924652207076,0.24506805998689396,899.8302543138008,8.998302543138008,0.0,117.29849131659745,34.62340272874495,34419.80922623081,98698.15295708147,10308.854023075592,6820.1186416827495,17275.140313977427,3.299127284669064,3.299127284669068,0.0,50000,4788.111755508648,6582.25185131256,1,0.0004167052714869088,0.0004179851609492099,0,1
112,1,0.7825846535293329,0.7761468815081491,0,2.035697156870443,1.2242190002408257,0.2251778479488445,1260.6169096786527,12.606169096786529,0.0,118.42466640807004,34.62340272874495,34395.17770227257,98582.50791441955,10487.774580479145,6704.3326682100505,17315.140313977427,3.9043912640926863,3.9043912640926908,0.0,50000,4788.111755508648,6703.802862562741,1,0.0005824345107552081,0.000500651263979968,0,1
113,1,0.7281790602858738,0.7337205800356319,0,2.153408317813942,1.1848279415872756,0.25010889772957245,840.526851360738,8.40526851360738,0.0,117.00718438824336,34.62340272874495,34351.2021849227,98484.95740822655,10696.517544564245,6573.933497464206,17193.78240773915,3.631268017839113,3.631268017839109,0.0,50000,4788.111755508648,6806.603849038789,1,0.00039108409373956286,0.00046340795866055994,0,1
114,1,0.6995972562764016,0.7051161298547499,0,2.240765645689415,1.181446636905212,0.2522489639840431,896.6390358075146,8.966390358075145,0.0,116.21261725919254,34.62340272874495,34318.137358625805,98388.87598903528,10897.640292795633,6453.07118457578,16756.795278358215,3.663673502689507,3.6636735026895093,0.0,50000,4788.111755508648,6907.657717288381,1,0.0004280718459170027,0.0004671968168039246,0,1
115,1,0.6812982020779644,0.6894560914853917,0,2.2916615278515926,1.2045926067395254,0.23759961598764218,1057.4878680238303,10.574878680238303,0.0,117.02325936340863,34.62340272874495,34291.00832615945,98286.23888005453,11151.051433194472,6306.855322047546,16796.795278358215,3.473151797006914,3.4731517970069112,0.0,50000,4788.111755508648,7014.80355631737,1,0.0005036617285614466,0.0004409392227393374,0,1
116,1,0.7178425310543867,0.7141452119287786,0,2.2124351933029174,1.3123043254005817,0.16942764215153058,1507.212333086099,15.072123330860991,0.0,119.10913290974406,34.62340272874495,34256.71387431671,98172.78567521207,11339.323071449535,6202.713971523368,16836.795278358215,4.268067271872836,4.268067271872831,0.0,50000,4788.111755508648,7133.626344104346,1,0.0007161516467559354,0.0005492950737447949,0,1
117,1,0.7136164309333165,0.7071941768178743,0,2.234181292483835,1.3354666840881542,0.1547679214631936,1214.7822474850059,12.14782247485006,0.0,118.75086404056525,34.62340272874495,34229.79600299382,98092.73699860887,11473.178795195832,6130.777353594397,16836.795278358215,4.630177734115113,4.630177734115114,0.0,50000,4788.111755508648,7219.372228940798,1,0.0005772035484907133,0.0005990056412693651,0,1
118,1,0.7520363277878541,0.7524163667781996,0,2.099901158138628,1.4557155941545277,0.07866101635789392,1906.4286623770315,19.064286623770315,0.0,121.12526582174806,34.62340272874495,34196.563264755954,98016.57547109433,11668.888517500249,6028.257240153746,16701.800288021786,5.633895246448218,5.633895246448217,0.0,50000,4788.111755508648,7302.17649091947,1,0.0009131607991956583,0.0007355053314807691,0,1
119,1,0.7894761691869694,0.7873643939234463,0,2.006694755558911,1.5446251693487891,0.02238913332355123,784.3879310218855,7.843879310218855,0.0,116.6217881661773,34.62340272874495,34162.15866472053,97995.95755751035,11731.61652553736,5996.167780210748,17052.514643308357,4.771610973126203,4.771610973126206,0.0,50000,4788.111755508648,7328.492216467883,1,0.0003679869848777712,0.0006194504441880476,0,1
120,1,0.5709565806548275,0.5710345801593439,0,2.7669077406119786,1.1691452273784653,0.2600346662161613,973.5808734070048,9.735808734070048,0.0,114.54966742681131,34.62340272874495,34131.67984683059,97893.64804865557,12002.324392222234,5861.3814044804785,16779.796281835766,4.496107882788691,4.49610788278869,0.0,50000,4788.111755508648,7435.84418269912,1,0.00046416814938851777,0.0005817719778206491,0,1
121,1,0.5723750233759524,0.5707852445916386,0,2.7681164062508166,1.2203385480908502,0.22763383032224677,1029.2594576713577,10.292594576713578,0.0,115.21339856207987,34.62340272874495,34097.95263866541,97795.04199092643,12247.511446108158,5744.446621988964,16819.796281835766,3.4661613280478543,3.4661613280478516,0.0,50000,4788.111755508648,7538.186911443449,1,0.0004895466938718576,0.00044056727604604887,0,1
122,1,0.4770772530730821,0.5707852445916386,1,2.7681164062508166,1.040212521170879,0.34163764482855763,494.424085421499,4.94424085421499,0.0,112.64496022111236,34.62340272874495,34069.3645166286,97737.3498017206,12385.804796039505,5680.556241086859,15335.639853005818,3.216418983704474,3.216418983704477,0.0,50000,4788.111755508648,7598.976911176786,1,0.00025792159448741403,0.0004038788125825965,0,1
123,1,0.47308939020838686,0.47364806173559665,0,3.3358101249488477,1.0806941058636172,0.3160163886939132,842.414280189401,8.42414280189401,0.0,113.12413391505856,34.62340272874495,34036.39573031196,97643.87590270897,12678.104847551636,5550.022766648757,15375.639853005818,3.153940289143151,3.1539402891431525,0.0,50000,4788.111755508648,7695.351545144422,1,0.0004383111406058152,0.00039525980965502897,0,1
124,1,0.47781062586179684,0.47600185162867453,0,3.3193148190367676,1.1676877732179949,0.2609571055582311,1183.7488194233101,11.837488194233101,0.0,115.10808906027651,34.62340272874495,34010.5088453216,97521.67377582946,13113.898314393886,5366.126206683091,14756.32613998581,3.5404991204148377,3.540499120414841,0.0,50000,4788.111755508648,7820.4721631102475,1,0.0006417580138544964,0.00044599691631590856,0,1
125,1,0.504506336997731,0.4951924333716055,0,3.190678801859491,1.2677186039047388,0.19764645322484892,1176.3788006663306,11.763788006663306,0.0,115.97638705256904,34.62340272874495,33985.74041347708,97427.1377534378,13298.259248072753,5292.228134087972,14523.212341707387,4.496440354737962,4.49644035473797,0.0,50000,4788.111755508648,7918.559358109244,1,0.0006479992293650001,0.0005760227946084372,0,1
126,1,0.4858745131724963,0.48055106503920764,0,3.287891995143304,1.2664461062806756,0.1984518314679269,1243.4734411904117,12.434734411904117,0.0,116.52130374599855,34.62340272874495,33960.89137020366,97326.86243929814,13544.685868273324,5196.445091255368,14248.466818510387,5.135768792876264,5.135768792876264,0.0,50000,4788.111755508648,8022.671934575682,1,0.0006981654697472419,0.000662640904322246,0,1
127,1,0.46127180800842893,0.46195728849616086,0,3.4202296172087148,1.2319944451459444,0.22025668028737702,592.8642621487867,5.9286426214878665,0.0,113.1347805383554,34.62340272874495,33934.84706042907,97274.35109598885,13711.120990462712,5133.5893550590135,13952.548439848266,4.398796340099429,4.398796340099425,0.0,50000,4788.111755508648,8078.330482752442,1,0.00033993174204968913,0.000562032147053977,0,1
128,1,0.4505543663483234,0.4510614275032924,0,3.502848844215275,1.263208670639663,0.20050084136730192,1314.1689116307095,13.141689116307095,0.0,114.8331926654649,34.62340272874495,33918.9376141603,97170.22007040227,14048.500976474183,5010.742565908719,13595.245314529355,4.716059530261114,4.7160595302611155,0.0,50000,4788.111755508648,8185.5848870211,1,0.0007733108928759063,0.0006038027015576124,0,1
129,1,0.4465904921432944,0.4479469647738618,0,3.5272032723731823,1.2837824219710625,0.18747947976515034,832.9526581143228,8.329526581143229,0.0,114.05605601889138,34.62340272874495,33899.56111287183,97109.58573210314,14225.562254961222,4948.658541923396,13635.245314529355,4.203389213782451,4.203389213782445,0.0,50000,4788.111755508648,8248.945834219201,1,0.0004887056383073656,0.0005339827577443204,0,1
130,1,0.4467883499658935,0.44850545772798833,0,3.5228110890865585,1.3082152893818928,0.17201563963171346,523.712364838366,5.237123648383661,0.0,110.82381124331245,34.62340272874495,33870.66443550373,97070.7065041692,14357.35773907419,4903.397954584245,13586.931394877702,4.1189730623118255,4.118973062311829,0.0,50000,4788.111755508648,8290.442800965338,1,0.0003083624106828458,0.0005234596472887058,0,1
131,1,0.45286352693047544,0.452930444895357,0,3.4883943391463474,1.353927436024106,0.14308390125056583,1085.2895078954475,10.852895078954475,0.0,112.3782409453159,34.62340272874495,33856.35420637976,97009.77848488148,14508.160506446353,4852.709651498449,13342.914145866596,3.830331714019622,3.830331714019623,0.0,50000,4788.111755508648,8353.704960099,1,0.0006507061327268761,0.00048259139390569576,0,1
132,1,0.54374013843651,0.5497955218027811,0,2.8737956882936686,1.5974503746612165,0.011044540924820545,702.9224199100973,7.029224199100973,0.0,111.59102459504054,34.66539545798203,34001.03892874727,97061.74263539317,14382.131628971876,4895.389782989506,13525.462758694766,3.646563127740486,3.6465631277404915,0.0,50000,4798.609937817917,8353.704960099,1,0.0004157624370867327,0.0004582769934988182,0,1
133,1,0.5594394173128419,0.5619078930195014,0,2.8118487382507102,1.6122476087339208,0.020409878945519454,1118.1905877636545,11.181905877636545,0.0,112.6316820366585,34.74144775353388,34113.674415439906,97104.64213527243,14244.711215256397,4942.821995134324,12940.828504318857,4.594829549990264,4.5948295499902585,0.0,50000,4817.62301170588,8353.704960099,1,0.000691263677524493,0.0005859107491127006,0,1
134,1,0.48835104216826725,0.4858180506840561,0,3.252246386842319,1.4220087453069237,0.09999446499561797,455.3464136164492,4.553464136164492,0.0,109.8886555312946,34.74144775353388,34087.45745063715,97081.7575602329,14318.71198930912,4917.380392746538,13102.44738970913,3.6764053677785857,3.6764053677785875,0.0,50000,4817.62301170588,8378.854988372195,1,0.0002780222045991716,0.0004616827730701324,0,1
135,1,0.52000268617343,0.5116544434414609,0,3.088021652607362,1.5233753345675836,0.03583839584330159,1030.8000391404998,10.308000391404999,0.0,110.80717576055343,34.74144775353388,34066.72272243566,97061.86869132062,14362.308326713963,4902.5599535929405,13227.406878610123,4.181379424036663,4.181379424036663,0.0,50000,4817.62301170588,8401.323020390577,1,0.0006234328760582054,0.00053090625272729,0,1
136,1,0.49921745404715573,0.49985933962054635,0,3.160889223755249,1.4806007808852608,0.06291089817388561,835.3857895332035,8.353857895332036,0.0,111.06435760100513,34.74144775353388,34037.95827410037,97034.150022651,14451.20011769349,4872.543243133662,13510.748374466604,3.697234288380258,3.697234288380258,0.0,50000,4817.62301170588,8431.343327551853,1,0.0004946496027485578,0.00046536822780197826,0,1
137,1,0.5188393403910592,0.5204201620696282,0,3.0360084315653557,1.553054605346962,0.017054047248758242,878.9601042117253,8.789601042117253,0.0,110.7477810856987,34.74144775353388,34001.32472794785,97016.84308689246,14518.176699760432,4850.184402178002,13110.816136276675,4.334046513408076,4.334046513408072,0.0,50000,4817.62301170588,8451.245551877868,1,0.0005363267061794614,0.0005514697283287416,0,1
138,1,0.5669834941061369,0.5728684401375195,0,2.7580503468138593,1.6509622287575185,0.044912803011087625,674.2751092057617,6.742751092057618,0.0,109.81712118982448,34.83477687099051,34182.368262223215,97083.16510023217,14319.528864721544,4917.69973186101,12537.16521629744,3.8753826978365358,3.87538269783654,0.0,50000,4840.955291070037,8451.245551877868,1,0.00043025682286088166,0.0004870777105963003,0,1
139,1,0.5596725423974303,0.5595614522570973,0,2.8236398229841786,1.598185643668039,0.011509901055720877,801.3861062895037,8.013861062895037,0.0,109.80544884636883,34.88163909068997,34324.277554602806,97134.66581403474,14180.76610690691,4965.997192904591,12834.90386920406,3.8797458222491836,3.8797458222491774,0.0,50000,4852.670845994903,8451.245551877868,1,0.0004995042359217612,0.0004886959216540348,0,1
140,1,0.3870228509446921,0.3811706333558236,0,4.145125205710868,1.1370949247219289,0.2803196678975134,544.408495821793,5.444084958217931,0.0,108.5150924053499,34.88163909068997,34325.79010449929,97084.46348040029,14384.467736187291,4895.912901856068,12634.48613228086,3.414710758184695,3.4147107581846923,0.0,50000,4852.670845994903,8503.456867943116,1,0.00034471271098606234,0.0004248245899229018,0,1
141,1,0.38046021550820464,0.38012521234042007,0,4.1565251362096856,1.1675771173663287,0.2610271409073869,778.1579287735731,7.781579287735731,0.0,108.96068979568224,34.88163909068997,34306.792490277745,97007.16073532517,14701.647299403323,4790.597397517914,12478.276109818105,3.5869413947895272,3.5869413947895237,0.0,50000,4852.670845994903,8582.752285763316,1,0.0004988880976347726,0.00044770168151419875,0,1
142,1,0.404727413834721,0.3980706031841126,0,3.969145139987216,1.2813777647190263,0.1890014147347935,744.4689728814197,7.444689728814198,0.0,109.27787836638991,34.88163909068997,34285.71910792085,96951.65851992158,14932.937205541491,4716.617708346405,12371.547469391959,3.546590605076395,3.5465906050763905,0.0,50000,4852.670845994903,8640.14809816007,1,0.0004814071802889888,0.00044166932963660794,0,1
143,1,0.3909189010814328,0.3924510436307432,0,4.02597986587754,1.2870435736056844,0.18541545974323773,935.4853202801297,9.354853202801298,0.0,110.08038389735458,34.88163909068997,34251.655667280385,96878.73564490546,15228.3880302486,4625.379308136996,11881.895911638923,4.2561905661796136,4.256190566179619,0.0,50000,4852.670845994903,8715.16926140769,1,0.0006298559268567733,0.0005367170682601782,0,1
144,1,0.3791150762410483,0.38171451309665094,0,4.139219091205843,1.2968392411076006,0.17921567018506293,1135.8529573185172,11.358529573185171,0.0,111.30142228953784,34.88163909068997,34240.934378016726,96800.57227385933,15522.931709092221,4537.93905353362,11921.895911638923,4.899510679953606,4.899510679953602,0.0,50000,4852.670845994903,8795.665025819431,1,0.0007621961914360446,0.0006244864328606022,0,1
145,1,0.3828923317277763,0.3798236087050159,0,4.159825676415713,1.3367865784928,0.1539325452577216,663.1653530511555,6.631653530511556,0.0,109.04898350390803,34.88163909068997,34211.13660512628,96757.43795046667,15682.577631411867,4491.920261170919,11988.21131873995,4.796203118197701,4.796203118197707,0.0,50000,4852.670845994903,8841.053428520361,1,0.00044254498718386575,0.0006115323684922279,0,1
146,2,0.3949980028540826,0.3987430139766591,0,3.962451866535992,1.538313717866138,0.026383722869533013,855.6703509288994,8.556703509288994,0.0,110.77450757440702,37.098684405312596,32486.465594815276,96716.52455838177,17441.18510522368,4478.431937490672,11639.235053456689,4.710031668490442,4.71003166849044,0.0,50000,4852.670845994903,8883.891022789683,1,0.0005881282383242376,0.0005976231389813826,0,1
147,2,0.3595683116737503,0.35458965068581794,0,4.455854808351273,1.4106445882440828,0.10718696946577043,449.2637552788876,4.492637552788876,0.0,108.80061494629663,37.098684405312596,32464.233863467973,96695.4634092812,17505.48234695512,4462.085478500538,11758.14623879144,3.5895102168876765,3.5895102168876787,0.0,50000,4852.670845994903,8906.424751646276,1,0.0003056697858012456,0.00044544767043644965,0,1
148,2,0.35659224408989987,0.35972508375349166,0,4.392243052705005,1.4120265826439817,0.10631228946583439,453.78243511709314,4.537824351170932,0.0,107.345855417299,37.098684405312596,32448.91558154706,96676.17783217957,17587.164424650047,4441.450682621639,11937.885653220346,3.2430838703841487,3.2430838703841522,0.0,50000,4852.670845994903,8927.048174661739,1,0.000304095682132577,0.00039929790208602004,0,1
149,2,0.3844782880221711,0.37987204330948626,0,4.159295288578937,1.5320780844123487,0.030330326321298322,547.7430899807874,5.4774308998078745,0.0,107.52245990740784,37.098684405312596,32428.567210377067,96665.79892586498,17642.77640693115,4427.492657136115,12203.699768565262,2.6790806335818536,2.679080633581853,0.0,50000,4852.670845994903,8938.548061192954,1,0.0003590669061798352,0.0003229441247045526,0,1
150,2,0.40067908127084273,0.4041630449208716,0,3.9093133819529142,1.5823512864249625,0.00148815596516608,648.0322115547151,6.4803221155471515,0.0,107.92145180756654,37.11164504954369,32507.0919947146,96685.73883410564,17563.86281371951,4447.477924872265,12630.295225316835,2.924366502451058,2.9243665024510586,0.0,50000,4855.911007052677,8939.520109510286,1,0.0004104621150934081,0.00035787490113527344,0,1
151,2,0.38927063421762853,0.39310335528142404,0,4.01929919643874,1.5490335553996804,0.019599015569822607,900.7313327322516,9.007313327322517,0.0,108.94132239301534,37.11164504954369,32484.961180773058,96674.02239801922,17630.88002327149,4430.623096930251,12915.17173679768,3.538049758596116,3.5380497585961157,0.0,50000,4855.911007052677,8952.80468176807,1,0.0005579368829705324,0.0004424886347479252,0,1
152,2,0.42286860497126066,0.4166255568042188,0,3.792374169553107,1.6540759764738562,0.046883529413832975,578.6094758579211,5.786094758579211,0.0,107.69274780437924,37.18769464463932,32658.055729825308,96720.49460761948,17480.38075170397,4468.9024736321535,12632.11776438678,3.559274914722956,3.5592749147229616,0.0,50000,4874.923405826585,8952.80468176807,1,0.00036643703717783346,0.0004449453450805913,0,1
153,2,0.4236305631621045,0.4260920435855943,0,3.7081189939717945,1.624528773893177,0.028182768286820883,664.0732762641082,6.640732762641083,0.0,107.1554961618723,37.250451898460035,32826.75670441976,96767.3211462305,17308.277898190623,4513.503011587067,12562.735969055964,3.589660315342457,3.589660315342459,0.0,50000,4890.612719281762,8952.80468176807,1,0.00042288449133999305,0.00044908613716278635,0,1
154,2,0.4503829720995654,0.4520803992338935,0,3.4949535584323206,1.6983589627335285,0.07491073590729647,829.0380953952913,8.290380953952914,0.0,107.92493994092888,37.3950727051215,32949.58901012387,96803.80396482431,17163.851328635166,4551.632807721498,12512.563365568381,3.5252991203194535,3.525299120319452,0.0,50000,4926.767920947129,8952.80468176807,1,0.0005300516424486502,0.00043979105698882553,0,1
155,2,0.49888679138504677,0.5102542312381104,0,3.09649563545254,1.8325152690476287,0.15981979053647383,1274.0418863495029,12.740418863495028,0.0,110.0013750363182,37.835140534648296,33162.42626298505,96867.165323508,16940.409590110492,4611.883310282552,12130.057406157324,4.69443059397105,4.69443059397105,0.0,50000,5036.784878328828,8952.80468176807,1,0.0008402544810399911,0.0005977302049428781,0,1
156,2,0.5201374437031775,0.5288100790639793,0,2.987840176565243,1.8733692444257044,0.18567673697829387,714.8432496052018,7.148432496052018,0.0,108.06059861342109,38.12892585900265,33365.65763297672,96930.90049611547,16774.932202892855,4657.528343795138,12170.057406157324,4.8019335773094936,4.8019335773094936,0.0,50000,5110.231209417417,8952.80468176807,1,0.000469902959861822,0.0006134030277834879,0,1
157,2,0.5759221953506102,0.5710730097591998,0,2.7667215452297897,2.0174097435197296,0.2768416098226136,587.1171281513498,5.871171281513498,0.0,105.61131188691144,38.48119613589346,33638.85730224389,97020.15032673553,16543.710898628517,4722.83349011731,12210.057406157324,4.439806894345021,4.439806894345023,0.0,50000,5198.298778640119,8952.80468176807,1,0.00038467771845546064,0.0005649450531190912,0,1
158,2,0.5584448953958628,0.5545456511628982,0,2.8491793176750995,1.9182193384410733,0.21406287243105898,587.7372996483163,5.877372996483163,0.0,105.26306155604237,38.762102004277914,33808.319295705965,97084.33258000942,16382.645249825015,4769.425700963501,11399.24675992388,3.420216294711347,3.420216294711352,0.0,50000,5268.525245736233,8952.80468176807,1,0.0004124744815347719,0.00042235171995068485,0,1
159,2,0.5613315973765775,0.5573708334799848,0,2.834737494488466,1.9028735964478076,0.20435037749861237,593.4412147276649,5.93441214727665,0.0,105.15739615750195,39.02106977491218,33953.8659238014,97133.77480495891,16275.167454462608,4801.036580590002,11439.24675992388,3.285154912964884,3.285154912964882,0.0,50000,5333.267188394799,8952.80468176807,1,0.0004150211825531868,0.0004040577941811397,0,1
160,2,0.5447103440816926,0.54113824323658,0,2.9197714627410662,1.8163752666477984,0.14960459914417612,476.3224357511201,4.763224357511201,0.0,104.23431391619869,39.18086849417885,34111.24216223532,97185.34304059169,16141.97789089992,4840.796113315557,11509.372679820473,3.149773938346099,3.149773938346097,0.0,50000,5373.216868211466,8952.80468176807,1,0.0003310848985444791,0.0003861935208774793,0,1
161,2,0.6081256274855481,0.6113510415430482,0,2.58443985964608,1.9804914044057162,0.2534755724086811,726.5759636333393,7.265759636333392,0.0,104.89140958674133,39.59218495081473,34315.97511138997,97269.50063675964,15952.784056525194,4898.429143865377,11509.372679820473,3.377082411462873,3.3770824114628692,0.0,50000,5476.045982370436,8952.80468176807,1,0.0005050325391980774,0.0004170462067652478,0,1
162,2,0.5967328845836387,0.5987552036464375,0,2.638807964219353,1.9066847711858357,0.2067625134087567,885.6804423050157,8.856804423050157,0.0,105.95868110134019,40.002001344465995,34548.97212427238,97354.21206866339,15801.690637122447,4945.436486244068,11324.6255072672,3.8985202769747715,3.898520276974767,0.0,50000,5578.500080783251,8952.80468176807,1,0.0006256669179826988,0.0004872614519084185,0,1
163,2,0.5939603987191323,0.5862627772260721,0,2.6950372109173277,1.864591678107177,0.1801213152577069,489.9426408740704,4.899426408740704,0.0,104.2395297263495,40.195193536288656,34673.798492887414,97403.95291678832,15662.961121522381,4989.391909281574,10735.297940450924,3.9942119597552836,3.9942119597552783,0.0,50000,5626.798128738917,8952.80468176807,1,0.0003651078105828451,0.0004986024225878738,0,1
164,2,0.5137866075679577,0.5034678787704048,0,3.1382339700772124,1.615683204731084,0.022584306791825312,422.3341503449864,4.2233415034498645,0.0,102.57637114609359,40.213713887397226,34678.86267499155,97407.02052625203,15676.461396488949,4985.1084024313295,10914.249837032361,3.507201992799511,3.5072019927995144,0.0,50000,5631.428216516059,8952.80468176807,1,0.00030956531628000277,0.0004334466816151822,0,1
165,2,0.5566561232193767,0.5630396328671646,0,2.806196771538394,1.716199886216285,0.08620245963056011,1055.9983350138307,10.559983350138307,0.0,104.6835576296995,40.421941487127725,34794.023014337756,97451.70654119845,15522.393761583302,5034.7489262790095,11047.52943055592,3.8483262425218943,3.8483262425218983,0.0,50000,5683.4851164486845,8952.80468176807,1,0.0007646946526111708,0.0004797892598246729,0,1
166,2,0.5326873486563897,0.5277306717442556,0,2.9939514312817628,1.6116996256907938,0.020063054234679596,711.9923769848242,7.119923769848242,0.0,104.25337680829446,40.46151298002217,34867.83100630632,97478.02138927348,15377.325174192689,5082.402729328032,11333.21179857736,4.172758117274443,4.172758117274446,0.0,50000,5693.377989672295,8952.80468176807,1,0.000502588243925133,0.0005256160709387689,0,1
167,2,0.48402233961731617,0.48612425575490714,0,3.250197827603567,1.4824383248355733,0.06174789567368786,750.0178060582094,7.500178060582094,0.0,103.29936364918485,40.46151298002217,34828.488855864125,97449.63853451276,15471.643479132696,5051.556580153452,11377.037705696473,4.698445500921538,4.698445500921538,0.0,50000,5693.377989672295,8983.574491255114,1,0.0005273905742143589,0.0005982244902502208,0,1
168,2,0.49853853866532716,0.49601688473413486,0,3.185375435045685,1.5286963261780635,0.032470679634137065,896.8932542792768,8.968932542792768,0.0,104.04502352503452,40.46151298002217,34790.978334255,97427.04900941257,15481.013101704291,5048.668932225495,10978.874974535724,4.442469735800821,4.442469735800823,0.0,50000,5693.377989672295,9008.336832369114,1,0.0006535411006023992,0.000561173306247297,0,1
169,2,0.5217265561106781,0.5213408389159414,0,3.0306469051712868,1.594489909191906,0.009170828602472125,510.83508822882544,5.108350882288255,0.0,102.04292138865618,40.47172968178675,34828.13078601371,97440.2263626187,15455.414036062843,5057.103147417419,11331.234585759355,4.079896413928564,4.07989641392856,0.0,50000,5695.93216511344,9009.103085001458,1,0.00036065626167219075,0.0005138626454963164,0,1
170,2,0.5143844776621278,0.5173366278464556,0,3.0541042620105,1.5710867176687413,0.0056413179311764336,580.7509322273928,5.807509322273928,0.0,101.05400775927427,40.483344700431296,34830.761787974865,97442.19337342594,15450.722116295146,5058.671514380973,11432.570405526669,3.779375000946858,3.7793750009468607,0.0,50000,5698.835919774577,9009.974211399798,1,0.00040638345472801074,0.00047352693900086696,0,1
171,2,0.5030955773070004,0.5049710069557244,0,3.1288925071663245,1.54541713051474,0.02188789207927856,509.18299995933893,5.091829999593389,0.0,100.54354800539748,40.483344700431296,34800.16257110451,97429.04070875865,15495.065504424396,5044.268483526964,11632.321744568984,3.0340664361772864,3.034066436177291,0.0,50000,5698.835919774577,9024.697772975653,1,0.0003501849492408144,0.0003724082218803386,0,1
172,2,0.530781053241126,0.5360681053726399,0,2.9473866924085814,1.6075135137179282,0.01741361627716968,843.0715364619169,8.43071536461917,0.0,101.57392984930323,40.5447670687302,34961.98553310632,97484.1031256537,15385.915695399108,5080.238808689793,11803.873782681032,3.5454439896247147,3.545443989624712,0.0,50000,5714.191511849303,9024.697772975653,1,0.0005713863445059162,0.00044265158282491383,0,1
173,2,0.4843720699022752,0.4898682169889747,0,3.2253572393645626,1.473826891669585,0.06719816982937668,668.5056000497202,6.685056000497203,0.0,101.39115163242897,40.5447670687302,34929.44899915402,97458.52502799613,15422.120165124445,5068.467883769381,11630.744126345131,3.6795738406119574,3.6795738406119542,0.0,50000,5714.191511849303,9052.198371746419,1,0.0004598196591982239,0.0004604636509816515,0,1
174,2,0.5182871357390788,0.5184595824336141,0,3.047489242234828,1.5876911379770384,0.004867808846226806,1043.5818002264978,10.435818002264979,0.0,102.45284593750027,40.56563870473473,34934.90897728239,97461.01171451615,15474.282359771894,5051.436825479035,12091.762068933022,4.498604796975284,4.4986047969752825,0.0,50000,5719.409420850436,9053.763744446758,1,0.0006904415050691342,0.0005738825029244247,0,1
175,2,0.5124079248852499,0.5031697664581813,0,3.140093275320656,1.574591859778329,0.003422873558019633,879.2748278085155,8.792748278085154,0.0,102.40098508208145,40.5832242012909,34897.18878024794,97449.90296950401,15498.592346015575,5043.593673716995,12170.71847466164,4.512440883221782,4.51244088322178,0.0,50000,5723.805794989478,9068.645434794405,1,0.00057796083584652,0.0005760740000379594,0,1
176,2,0.4901714644429043,0.49861801486177265,0,3.1687583539034567,1.5021630150553966,0.04926391452190092,1188.1052042098365,11.881052042098366,0.0,103.42811060310675,40.5832242012909,34887.868224552025,97426.65816209055,15477.790663499733,5050.564579097024,12061.940138369933,5.316897323716772,5.316897323716768,0.0,50000,5723.805794989478,9094.749268562802,1,0.0007880027196821415,0.0006854683535325985,0,1
177,2,0.5143200353699847,0.5126830945433367,0,3.081825823430665,1.576327083949957,0.0023246304114196525,357.1906332377615,3.5719063323776155,0.0,99.34828885002689,40.59036801395566,34889.7389436604,97428.98878301399,15478.60775560413,5050.321198816101,12398.720803023138,4.17712005856398,4.177120058563978,0.0,50000,5725.591748155667,9095.285054512658,1,0.00023046934528966504,0.0005321443002727755,0,1
178,2,0.5544154380406545,0.5440261597858344,0,2.9042721045289355,1.6701779722862133,0.05707466600393245,531.711217488892,5.31711217488892,0.0,97.65977389537764,40.667374706816545,35022.85910725337,97475.38182522701,15346.035717152872,5094.115271240588,12642.741461424725,3.578931502049613,3.578931502049613,0.0,50000,5744.843421370889,9095.285054512658,1,0.0003364531144522656,0.0004516417264746907,0,1
179,2,0.5985725099182463,0.6001373229788732,0,2.63273077594546,1.7621390819082525,0.11527789994193192,776.5976133421879,7.765976133421879,0.0,98.7934759490929,40.883188764041144,35190.12782301638,97543.32650219122,15170.600919204735,5153.228120531083,12749.229393758236,2.848127826175993,2.848127826175997,0.0,50000,5798.796935677038,9095.285054512658,1,0.0004873063865161258,0.00035140961541935215,0,1
180,2,0.5888018922124385,0.5842415373095011,0,2.7043609519379266,1.681165267068898,0.06402865004360622,1113.0959554648641,11.13095955464864,0.0,100.53461080870562,41.08879099445523,35422.227716843736,97630.32090756366,14940.744863206597,5232.762666966751,12620.613791904556,4.012131923668675,4.012131923668673,0.0,50000,5850.197493280559,9095.285054512658,1,0.0007055732621681873,0.0005097775877121929,0,1
181,2,0.5845892666261457,0.5815664490975648,0,2.716800466140604,1.6294072374058004,0.03127040342139261,422.4467079313332,4.2244670793133325,0.0,97.38599917137643,41.135522075423715,35609.520099935835,97699.54989520606,14762.15823869638,5296.281408641737,12849.129252269006,3.8193287839947896,3.819328783994785,0.0,50000,5861.88026352268,9095.285054512658,1,0.0002630196643756131,0.00048529977101997537,0,1
182,2,0.5777252675851708,0.571146427978901,0,2.766365896029674,1.6123336881405927,0.02046435958265359,703.9346522710053,7.039346522710054,0.0,97.00449942470556,41.149600768469135,35613.02774450442,97701.97748793259,14771.666402291541,5292.927256754441,12386.303707690897,3.749086319199675,3.7490863191996717,0.0,50000,5865.399936784035,9096.340956491065,1,0.0004546535714824553,0.0004744154993420852,0,1
183,2,0.5768430181740227,0.5850484969136475,0,2.7006308166504125,1.5852528713511609,0.0033246021209878576,864.8858832708559,8.648858832708559,0.0,98.07868818784897,41.16689848613455,35690.702265411186,97730.90446572733,14658.481996974491,5333.939556139918,12774.463963864311,3.34455143725382,3.344551437253821,0.0,50000,5869.724366200389,9097.638285315972,1,0.0005416342388799384,0.00041976915824600225,0,1
184,2,0.6399087795792892,0.6430265270888417,0,2.457130356896932,1.7270818274686044,0.09308976422063564,844.7369435835789,8.447369435835789,0.0,98.37184101217588,41.35030346426627,35811.16816655453,97784.9044165051,14526.934349649064,5382.439142641822,12472.221441028705,4.030652887164906,4.030652887164907,0.0,50000,5915.575610733319,9097.638285315972,1,0.0005418357572162576,0.0005127078558595505,0,1
185,2,0.6493981414226908,0.6482342179926458,0,2.437390616145976,1.6934219179657197,0.07178602402893648,1273.4323497250357,12.734323497250358,0.0,100.03933754858528,41.615373134741276,36047.23910633387,97887.96315225054,14279.58532803582,5475.97505024197,12677.681412085132,4.879828545200575,4.879828545200574,0.0,50000,5981.843028352071,9097.638285315972,1,0.0008035742867058471,0.0006290147609340144,0,1
186,2,0.6390478305399842,0.6357775693316609,0,2.4851458689568435,1.6310424600056208,0.03230535443393717,865.7732335959483,8.657732335959484,0.0,99.13559404347409,41.712306781139404,36233.048784676896,97964.49967820304,14127.425372249414,5535.171987625879,12156.27816565416,4.957913015085049,4.957913015085053,0.0,50000,6006.076439951603,9097.638285315972,1,0.0005697620418341975,0.0006383906952521008,0,1
187,2,0.6107548479498229,0.6101865490733597,0,2.5893720574460657,1.5654411956528058,0.009214433131135603,817.3255257542418,8.173255257542419,0.0,97.78779717190807,41.72865329165449,36197.59004418046,97952.29745278093,14157.460433832804,5523.514788439821,12271.883524131737,4.9291418990309825,4.929141899030986,0.0,50000,6010.163067580374,9114.568321398274,1,0.0005328117882781613,0.0006353827056060687,0,1
188,2,0.6891856033247408,0.6930887170084299,0,2.2796504418939816,1.7079694058853099,0.08099329486412013,1047.7610208582244,10.477610208582243,0.0,98.71197945373177,41.96520492442351,36455.36987762224,98061.56831123064,13921.49914793471,5617.48750088473,12051.793674596467,4.674284835533292,4.674284835533297,0.0,50000,6069.300975772629,9114.568321398274,1,0.0006955054486647984,0.0005993597595923857,0,1
189,2,0.7092147846744162,0.7076290135028555,0,2.232808392322405,1.7168735722799315,0.0866288432151465,948.8748780674581,9.488748780674582,0.0,98.75934427219573,42.1842803347232,36644.992929102875,98154.2597181888,13759.55845291628,5683.867725007401,12191.817559011242,4.799639969628465,4.799639969628468,0.0,50000,6124.069828347551,9114.568321398274,1,0.0006226306281075368,0.0006169826216834988,0,1
190,2,0.6516466409444276,0.6514000591707703,0,2.4255447597154562,1.5789310988126277,0.00067651973884326,771.0926260806077,7.710926260806077,0.0,97.46840686165754,42.19970218724481,36649.07500089304,98157.84308737045,13765.814098122388,5681.341335066974,12047.132393288983,4.748760702687171,4.748760702687169,0.0,50000,6127.9252914779545,9115.724960337395,1,0.0005120505699830477,0.0006100622155851276,0,1
191,2,0.5138976778091593,0.5175151289004236,0,3.053050841928163,1.2770308518026252,0.19175262544137647,751.9205423382618,7.519205423382618,0.0,96.88630144193331,42.19970218724481,36641.69447189456,98106.89521768664,13941.097636488335,5610.121079995185,11842.322112776628,4.295700567329961,4.295700567329964,0.0,50000,6127.9252914779545,9169.472031526124,1,0.0005079547981739279,0.0005475453320881708,0,1
192,2,0.4924896330617139,0.49169115610715924,0,3.2133992657286163,1.2498669012089005,0.2089449992348731,634.5177751225799,6.345177751225799,0.0,96.17645829443306,42.19970218724481,36624.22827126741,98056.05943944643,14088.872816887044,5551.490160376802,11544.58345987001,3.8560242431934193,3.8560242431934224,0.0,50000,6127.9252914779545,9222.706517907345,1,0.00043969903449749903,0.00048656813421815823,0,1
193,2,0.496040576228363,0.4980306026733934,0,3.172495809531926,1.2932944439937044,0.18145921266221243,860.6458477002762,8.606458477002763,0.0,96.95654214569176,42.19970218724481,36586.93374920702,97987.30757533251,14280.512354304896,5477.262822834906,11156.423203696595,4.1248936440036355,4.1248936440036355,0.0,50000,6127.9252914779545,9293.869403245146,1,0.0006171482253667881,0.0005216006860127384,0,1
194,2,0.5650256844947228,0.5701005001899688,0,2.771441174799027,1.481079592154142,0.06260785306699879,642.1430635366436,6.421430635366436,0.0,96.2456339075614,42.19970218724481,36566.631133762785,97967.11762527117,14319.02962587129,5462.65005507963,11270.374228580691,3.992497414601471,3.9924974146014662,0.0,50000,6127.9252914779545,9316.406799351436,1,0.0004558095768697544,0.0005042189455780139,0,1
195,2,0.5676015527807514,0.5751268293030425,0,2.747220125193422,1.5035070063562892,0.0484132871162727,585.6069875981156,5.856069875981156,0.0,95.04586197687169,42.19970218724481,36517.61749475513,97939.57128321944,14394.422201072593,5434.1591746293425,11556.243393887293,3.8975269156522647,3.897526915652267,0.0,50000,6127.9252914779545,9346.279237338564,1,0.0004053960911954305,0.000492784631143991,0,1
196,2,0.5669727035058221,0.5708390744108579,0,2.767855374355128,1.5137174346567048,0.04195099072360458,573.5284198464286,5.735284198464286,0.0,94.50936248779092,42.19970218724481,36476.33659464266,97916.48197776415,14451.354984156387,5412.848935407611,11862.737091251618,3.327548717728715,3.327548717728711,0.0,50000,6127.9252914779545,9371.390128221894,1,0.0003867764516297927,0.00041599403989832584,0,1
197,2,0.5789272589815868,0.5798395135032439,0,2.72489191096005,1.5559613372398349,0.015214343519091896,637.2255086300555,6.372255086300555,0.0,94.70169937965996,42.19970218724481,36435.70212100493,97898.27912827379,14499.677507233891,5394.901759108427,11553.058963830532,3.3005262545833314,3.3005262545833287,0.0,50000,6127.9252914779545,9391.531570840942,1,0.00044125145426854263,0.0004111413323645886,0,1
198,2,0.5597780559476666,0.5628577209083605,0,2.8071037161045567,1.5139625152122538,0.04179587644794069,1105.6119127637735,11.056119127637736,0.0,96.61090190479264,42.19970218724481,36410.18452814482,97872.28843509429,14545.47610024792,5378.097708772206,11447.669955207713,4.20298798346076,4.202987983460763,0.0,50000,6127.9252914779545,9419.950538750918,1,0.0007726371686743568,0.000533555024857564,0,1
199,2,0.3891246590382555,0.3933921928833103,0,4.016348134465054,1.0947511188501906,0.30711954503152494,702.5563345764623,7.025563345764623,0.0,95.5760856685451,42.19970218724481,36384.16149037132,97797.39601815639,14835.634161449341,5273.263470836658,11487.669955207713,4.448002670566266,4.448002670566264,0.0,50000,6127.9252914779545,9497.32710439806,1,0.0004892594145311231,0.0005677160124913408,0,1
200,2,0.39153270378404575,0.389526510113834,0,4.0562065969226735,1.1536452926641376,0.26984475147839393,928.3477771534077,9.283477771534077,0.0,95.66233729455541,42.19970218724481,36367.992232557255,97704.7722906254,15183.159125260721,5152.973259717038,11527.669955207713,4.941202234383726,4.941202234383726,0.0,50000,6127.9252914779545,9592.593062223777,1,0.0006442570134368009,0.0006353845322140936,0,1
201,2,0.3849301518625234,0.3813045607824401,0,4.143669293537499,1.1682000798838956,0.2606328608329775,542.4930499037257,5.4249304990372575,0.0,94.10409758290047,42.19970218724481,36339.24668778542,97648.005158805,15409.502893961653,5077.539705089026,11229.959652025225,4.004472748560716,4.004472748560717,0.0,50000,6127.9252914779545,9651.387778040764,1,0.0003864612637719616,0.0005066592305799618,0,1
202,2,0.41944886517054575,0.41601219008362283,0,3.7979656309648124,1.2972519553474804,0.17895445864083523,580.6611481668007,5.806611481668007,0.0,93.38487096185088,42.19970218724481,36311.39054484946,97604.27027246518,15556.119399781068,5029.860700381756,10578.383807493863,3.8988498139547976,3.8988498139548007,0.0,50000,6127.9252914779545,9696.946260081539,1,0.00043913033123676445,0.0004899495361485089,0,1
203,2,0.399132211960205,0.39497341666323255,0,4.00026921646517,1.29642846451294,0.179475655371557,1294.8438135390022,12.948438135390022,0.0,96.25179999745687,42.19970218724481,36284.27461203791,97507.69917326556,15942.644267876954,4908.271489953003,9943.755519126466,4.897132398958512,4.897132398958508,0.0,50000,6127.9252914779545,9795.56234908553,1,0.0010417342309339088,0.0006224419419808782,0,1
204,2,0.40098140100692714,0.397693930736582,0,3.9729044822827198,1.3298043607331433,0.15835167042206122,693.8388766669382,6.938388766669382,0.0,94.88794669897767,42.19970218724481,36263.07105251765,97464.22449568592,16109.602598707106,4857.595004526152,9983.870114293655,5.303192806503605,5.303192806503607,0.0,50000,6127.9252914779545,9841.221027544134,1,0.0005559678711553642,0.0006789441444420125,0,1
205,2,0.40399240860599417,0.3974821184650091,0,3.9750215836164458,1.3628909616178413,0.13741078378617644,670.5726879257472,6.7057268792574725,0.0,92.94732441686902,42.19970218724481,36246.71924740362,97428.75899588526,16248.167054753934,4816.332581801366,10094.83580718315,5.516930472579417,5.516930472579416,0.0,50000,6127.9252914779545,9878.945613217475,1,0.0005314184010391452,0.0007097068343761394,0,1
206,2,0.4143505809757419,0.4114732574994928,0,3.839860722909672,1.418294812194368,0.10234505557318489,595.5166798640532,5.9551667986405326,0.0,92.31467483563061,42.19970218724481,36219.25324303127,97400.50525094476,16366.82489752336,4781.518868086833,10043.178472305373,4.135761617103674,4.135761617103678,0.0,50000,6127.9252914779545,9908.858587728104,1,0.00047436510782416055,0.0005205837933395566,0,1
207,2,0.4125594457894836,0.40828560814161474,0,3.869840054347381,1.4261416524400605,0.0973787009873035,1006.6330012368438,10.066330012368438,0.0,93.7020530390775,42.19970218724481,36189.60572728787,97356.29860298838,16448.05742934711,4758.153894288733,10234.359128871543,4.696293228338696,4.696293228338693,0.0,50000,6127.9252914779545,9954.963663645405,1,0.0007868654899139439,0.0005975496662590832,0,1
208,2,0.40333084305343747,0.3981902739445487,0,3.96795226650872,1.414676760548754,0.10463496167800382,727.3776965054072,7.273776965054073,0.0,93.11522137245791,42.19970218724481,36162.796428553636,97322.7242657955,16568.422701157597,4723.733422701761,10369.72825100251,4.7622234681913636,4.762223468191359,0.0,50000,6127.9252914779545,9990.46302483012,1,0.0005611546832464674,0.0006074617603281907,0,1
209,2,0.40521860973565893,0.40400891797260635,0,3.910804761263045,1.4462221473299788,0.08466952700634259,910.9360448058044,9.109360448058045,0.0,93.30435539908343,42.19970218724481,36142.26029798502,97290.03346413326,16713.282145976442,4682.913318549202,10363.656747471985,5.319857974689968,5.3198579746899695,0.0,50000,6127.9252914779545,10025.264945082314,1,0.0007031773182013269,0.0006837324971205794,0,1
210,2,0.38138577543324775,0.379371070327423,0,4.164787785838158,1.3929752536225901,0.11837009264393035,1277.9950194325465,12.779950194325465,0.0,95.11849834628615,42.19970218724481,36124.59324898077,97228.08423513848,16908.02792277216,4629.28635925402,10411.06514331973,5.799617838269019,5.799617838269019,0.0,50000,6127.9252914779545,10089.471486438628,1,0.000982028256928215,0.0007487867527920032,0,1
211,2,0.41128214133327456,0.4168788041449034,0,3.790070361674723,1.5072734062100441,0.04602948974047844,598.3079943875686,5.983079943875686,0.0,92.10071711868989,42.19970218724481,36109.13145122073,97215.86161663852,16936.905393500132,4621.488503079915,10736.060375321542,5.498641383686226,5.498641383686231,0.0,50000,6127.9252914779545,10103.899660704416,1,0.0004458305735782709,0.0007103453829026043,0,1
212,2,0.38379165454179026,0.38725146780484276,0,4.0800361815445685,1.4197484724592082,0.10142501743088092,521.1308665917511,5.211308665917511,0.0,89.4907790445557,42.19970218724481,36089.641602260606,97193.8429783072,17016.507354974197,4599.965162121864,10900.366910892533,4.704790696901206,4.704790696901212,0.0,50000,6127.9252914779545,10127.816332653976,1,0.00038246849549329923,0.0006034424419999285,0,1
213,2,0.39818925554489204,0.4011253297740037,0,3.938918544212057,1.4843525209508168,0.060536379145052686,1178.8319892278114,11.788319892278114,0.0,91.74489165604557,42.19970218724481,36073.16452134439,97162.94502001627,17082.262729812737,4582.451529134951,11090.952725535348,4.386524941788936,4.386524941788942,0.0,50000,6127.9252914779545,10160.495195942287,1,0.0008503016960941274,0.0005595335883885658,0,1
214,2,0.4121973035666345,0.41437381475311547,0,3.812982248748914,1.5437224088989832,0.02296050069684615,834.6348775768553,8.346348775768552,0.0,91.60327389366373,42.19970218724481,36047.883236510395,97149.87960861511,17122.120645357,4571.8659784128295,11071.43131903851,4.769257123366651,4.769257123366645,0.0,50000,6127.9252914779545,10175.48775097829,1,0.0006030908586438044,0.0006119536834104103,0,1
215,2,0.40118355343523654,0.4005624515548311,0,3.9444535898635555,1.5117134864388366,0.04321931238048319,671.3669420004862,6.713669420004862,0.0,89.53609417222216,42.19970218724481,36020.10849756299,97133.31214963074,17174.836605138313,4557.915266834355,11401.858523935705,4.969455294694487,4.96945529469449,0.0,50000,6127.9252914779545,10194.112988824207,1,0.0004710579003176357,0.0006414834850185225,0,1
216,2,0.4098756293075416,0.41472170332972735,0,3.809783735248141,1.5511315068695553,0.018271198183825832,705.4862572094214,7.054862572094215,0.0,89.20447738071852,42.213811912389,36023.59649193959,97134.80130571553,17211.915101701223,4548.127932837514,11164.680139610064,4.135474113309464,4.135474113309463,0.0,50000,6131.452722764002,10195.17121821002,1,0.0005055129199494012,0.0005265538929702804,0,1
217,2,0.39182873537876733,0.3999896966320486,0,3.950101748379398,1.4980489274159698,0.05186776745824698,662.9067162456356,6.629067162456356,0.0,88.90185018177911,42.213811912389,36002.75654122402,97118.0852477231,17300.120133104327,4525.008542509876,11433.589800462336,3.788783497656626,3.7887834976566297,0.0,50000,6131.452722764002,10213.43611428374,1,0.00046383102966932044,0.0004801339499787858,0,1
218,2,0.37481993354354526,0.37125956704233876,0,4.255782585179322,1.4562384773740327,0.07833007761137177,1293.946066092083,12.93946066092083,0.0,91.22725704748281,42.213811912389,35985.32417989322,97074.8419656356,17440.06532119046,4488.882986028056,11314.596382715119,4.87925209731791,4.879252097317914,0.0,50000,6131.452722764002,10258.618766722011,1,0.0009148862388542965,0.0006280767294910061,0,1
219,3,0.37410557828348573,0.37427148880520417,0,4.221534493701008,1.6149875940984615,0.022144046897760387,991.1489394151773,9.911489394151774,0.0,151.0944289997298,47.32893941946541,34165.13611056158,97043.031361523,19305.412969694342,4472.023630039529,11584.258429224175,5.496518812492645,5.496518812492651,57.92129214612088,49942.07870785388,6131.452722764002,10292.445637664383,1,0.0006844798537399736,0.0006877323740878636,1,1
220,3,0.3625169697643086,0.36731004892699815,0,4.301543082242274,1.5618371340212653,0.011495484796667552,1007.7557009551664,10.077557009551665,0.0,149.87840619788568,47.34909453348451,34170.12941039252,97044.89736539099,19286.246040774102,4476.517634607045,11885.84568443593,6.002554064566465,6.002554064566463,57.92129214612088,49942.07870785388,6136.491501268778,10293.957271215815,1,0.0006782896077978094,0.0007592185667973598,1,1
221,3,0.30234956850239314,0.29818541876849486,0,5.2987165050705585,1.3477405605528554,0.14699964521971182,1207.3164617984,12.073164617984,0.0,150.84422426403316,47.34909453348451,34162.92372098647,96976.62748868037,19618.102683432993,4401.088054171524,11189.738012542553,5.908469182512197,5.9084691825122,57.92129214612088,49942.07870785388,6136.491501268778,10364.253355357063,1,0.0008631597704576258,0.0007419764106651362,1,1
222,3,0.3197681613021587,0.31521836204472903,0,5.012398356970716,1.4355216422231623,0.09144199859293532,653.8992387718151,6.538992387718151,0.0,148.1059094493048,47.34909453348451,34145.80037538765,96953.07080144678,19688.016329130507,4385.584024705523,11281.988081971887,5.358298849656079,5.358298849656079,57.92129214612088,49942.07870785388,6136.491501268778,10389.653344272245,1,0.0004636766031098487,0.0006683753271217612,1,1
223,3,0.31220813865986075,0.3124704918233132,0,5.056477463777325,1.41559717813623,0.1040524189011203,638.8630707439008,6.388630707439009,0.0,146.35563116145252,47.34909453348451,34118.6595613815,96924.6841716362,19786.521766247784,4363.89195076408,10705.584177356539,4.889311948351612,4.889311948351615,57.92129214612088,49942.07870785388,6136.491501268778,10419.619471540249,1,0.00047740548122178326,0.0006014139515964193,1,1
224,3,0.3317714503684439,0.33230810665157495,0,4.754623701240699,1.5167250991446226,0.040047405604669274,743.2467033152245,7.432467033152245,0.0,146.5273328616704,47.34909453348451,34101.71940434948,96911.01064544039,19868.191417717982,4346.00751749387,10935.075229888052,4.102188365950645,4.1021883659506475,57.92129214612088,49942.07870785388,6136.491501268778,10434.633744676148,1,0.0005437524206756343,0.0004949448350024221,1,1
225,3,0.3694844030408776,0.37171458581351835,0,4.250573047980027,1.66571174132864,0.054247937549772085,634.8771600499844,6.348771600499844,0.0,145.81679865173453,47.43370995018753,34226.24275876414,96941.87604913118,19730.207096631177,4376.509818653767,10810.552744629294,4.120372709797779,4.120372709797785,57.92129214612088,49942.07870785388,6157.6453554445325,10434.633744676148,1,0.00046982031357491335,0.000496992738490777,1,1
226,3,0.37846168445875544,0.37873087249917325,0,4.171827845915701,1.6703952557282087,0.057212187169752286,730.8595273938979,7.3085952739389795,0.0,145.5976164058406,47.54229969896906,34394.54133137508,96983.7269993216,19522.55912615585,4423.228925305801,11104.141479462434,4.226218282454659,4.226218282454663,57.92129214612088,49942.07870785388,6184.792792639915,10434.633744676148,1,0.0005265491465472789,0.0005133739602659422,1,1
227,3,0.40310826888665324,0.40006583820113156,0,3.9493499547583495,1.7374384734173263,0.09964460342868746,628.217981297097,6.282179812970971,0.0,144.95480218394653,47.69940807386942,34627.85545823056,97042.95994809469,19292.625927212615,4476.139534598892,10772.692145861096,4.050848318247004,4.0508483182470005,57.92129214612088,49942.07870785388,6224.069886365005,10434.633744676148,1,0.00046652626681694277,0.0004876319089797117,1,1
228,3,0.3760144121749047,0.37535437138120137,0,4.209355532975499,1.5970249526606388,0.010775286494075156,612.0056599603427,6.120056599603426,0.0,144.30522743623243,47.72407971381573,34727.337077017546,97067.68492489407,19151.65333009528,4509.195461909341,10552.986285036439,4.044539348808535,4.0445393488085335,57.92129214612088,49942.07870785388,6230.237796351584,10434.633744676148,1,0.00046394879586123103,0.0004856747364084843,1,1
229,3,0.415318498931727,0.41710726685855076,0,3.7879944214345445,1.748267212689361,0.10649823587934237,931.73565048215,9.3173565048215,0.0,145.32330558106918,47.943064938727524,34844.96501274426,97102.257622764,19066.45393221995,4529.4283217147595,10720.494058274628,4.450817146769483,4.450817146769488,57.92129214612088,49942.07870785388,6284.984102579532,10434.633744676148,1,0.0006952930679630301,0.0005419227102137346,1,1
230,3,0.4217652871100565,0.4235054514682689,0,3.7307666159248516,1.7495749627340786,0.10732592578106238,1037.1147586064967,10.371147586064968,0.0,146.2491195934806,48.19655607142467,35041.543523011984,97152.16604557494,18927.573847745578,4562.818849279887,10670.702477005236,5.213097374496782,5.21309737449678,57.92129214612088,49942.07870785388,6348.35688575382,10434.633744676148,1,0.0007775418803711721,0.0006455945813984777,1,1
231,3,0.34844749495101474,0.4235054514682689,1,3.7307666159248516,1.4227338591179755,0.09953553220381305,549.3659912196448,5.493659912196448,0.0,143.37427991216185,48.19655607142467,35213.612120167694,97180.39530378909,18778.758977010064,4599.181696487231,10890.946653327277,5.046350294472122,5.046350294472125,57.92129214612088,49942.07870785388,6348.35688575382,10449.305491775214,1,0.00040353957003494,0.000625458172789714,1,1
232,3,0.3632571813397304,0.37005923080584746,0,4.269586780903599,1.4989000119514029,0.05132910635987164,776.2826129807994,7.762826129807994,0.0,142.81297694671903,48.19655607142467,35190.58597985089,97161.45288482022,18878.01755894007,4575.07198149575,11102.044063687727,4.704646528840804,4.7046465288408035,57.92129214612088,49942.07870785388,6348.35688575382,10469.97851029069,1,0.0005593799545579858,0.0005801538016546992,1,1
233,3,0.40357094183903686,0.4016769535825999,0,3.9335092190572802,1.6436637029972623,0.040293482909659624,560.3797270778035,5.603797270778036,0.0,141.93489504461573,48.255539557213964,35319.04137569449,97194.46202527836,18755.52024519633,4605.067907889193,10690.917740368572,3.84805907501707,3.848059075017075,57.92129214612088,49942.07870785388,6363.1027572011435,10469.97851029069,1,0.0004193314293023337,0.0004607503179650865,1,1
234,3,0.29256533654905237,0.292193737071917,0,5.407371204575539,1.23933424110825,0.21561123980490512,942.620794155296,9.42620794155296,0.0,142.90270878738266,48.255539557213964,35304.869382894234,97117.70948039425,19128.492136122535,4515.596805004097,10690.917740368572,4.585797705633696,4.585797705633696,57.92129214612088,49942.07870785388,6363.1027572011435,10548.3116788554,1,0.0007053619283560582,0.0005613577707387925,1,1
235,3,0.28750651291058393,0.28933050017947637,0,5.46088296608861,1.2428872998104976,0.21336246847436863,484.5348545323818,4.8453485453238185,0.0,141.1662670932069,48.255539557213964,35283.2223446663,97078.27865193627,19324.041980417205,4470.06572999384,10261.917450685214,4.158013296573151,4.158013296573147,57.92129214612088,49942.07870785388,6363.1027572011435,10589.093237818597,1,0.00037773436152521635,0.0005008092397278695,1,1
236,3,0.3122588555191749,0.3133570727164831,0,5.0421711764889405,1.365847788721754,0.13553937422673806,642.1778695351644,6.4217786953516445,0.0,140.6165653279177,48.255539557213964,35272.85263883423,97046.50912781022,19438.254544702733,4443.955737629993,9939.012600157184,4.409711265485585,4.40971126548559,57.92129214612088,49942.07870785388,6363.1027572011435,10622.232656829196,1,0.0005168947020149737,0.0005333303306320827,1,1
237,3,0.3099113001295226,0.30757369407369417,0,5.136980276412828,1.3885935780191934,0.12114330505114349,905.083696486518,9.05083696486518,0.0,141.7384621081621,48.255539557213964,35258.695325465924,97004.09643856894,19673.88754999213,4390.888857427665,10080.74546611376,4.437915939934037,4.437915939934031,57.92129214612088,49942.07870785388,6363.1027572011435,10666.008686371657,1,0.0007182672746010226,0.0005376321127137376,1,1
238,3,0.2814821131430272,0.30757369407369417,1,5.136980276412828,1.2847086199301587,0.18689327852521603,718.3607500271825,7.183607500271825,0.0,141.05149161265402,48.255539557213964,35248.82873071278,96956.07855990915,19856.763722468768,4350.654869184396,10120.74546611376,4.895981705648896,4.895981705648898,57.92129214612088,49942.07870785388,6363.1027572011435,10715.51097510583,1,0.0005678322826573558,0.0006009980864244508,1,1
239,3,0.26530286601009195,0.26379615451828425,0,5.989473208528091,1.2346356976263346,0.21858500150231988,705.1058794400058,7.051058794400058,0.0,140.10167893816424,48.255539557213964,35243.1283621589,96901.3075153149,20051.399111611605,4308.715244545592,10160.74546611376,4.983681184317396,4.983681184317399,57.92129214612088,49942.07870785388,6363.1027572011435,10771.770040994441,1,0.0005551607462594508,0.0006137534345059431,1,1
240,3,0.2757771412049163,0.272552484276353,0,5.797048609536681,1.3126578668554607,0.16920388173705023,672.7595879548238,6.727595879548239,0.0,139.6124039940974,48.255539557213964,35226.06477861179,96858.31078940649,20279.266082842394,4260.48414234347,9915.06309809232,4.56742460217521,4.567424602175215,57.92129214612088,49942.07870785388,6363.1027572011435,10816.06743881363,1,0.0005428181999844374,0.000555270409633748,1,1
241,3,0.25982281888314085,0.2580213604261832,0,6.12352402681025,1.2769817556337202,0.19178369896599992,838.9009306556063,8.389009306556064,0.0,140.18876503942914,48.255539557213964,35212.879670346585,96797.9516534789,20607.353821702996,4192.9030983062175,9597.07306740851,4.906544165323515,4.906544165323519,57.92129214612088,49942.07870785388,6363.1027572011435,10877.735342329739,1,0.000699297316807558,0.0005990920876838154,1,1
242,3,0.25043642986701636,0.24950220755188338,0,6.332609300346342,1.274403983119798,0.19341520055708994,902.2220200634619,9.022220200634619,0.0,140.78404950000154,48.255539557213964,35207.29368620682,96733.66245119045,20969.466381756774,4120.764189709794,9343.001331746254,5.452307687750134,5.4523076877501335,57.92129214612088,49942.07870785388,6363.1027572011435,10943.392050227156,1,0.0007725329264358198,0.0006715494810759383,1,1
243,3,0.28897399023861786,0.29083558289211436,0,5.432622735802249,1.4855199343959138,0.059797509876003976,522.4937737413952,5.224937737413952,0.0,138.3978816112062,48.255539557213964,35171.844822414976,96716.58294830513,21076.366667760387,4099.925981936843,9638.655902188664,5.160795666359773,5.160795666359768,57.92129214612088,49942.07870785388,6363.1027572011435,10961.796105848842,1,0.000433665257101046,0.0006351651667814746,1,1
244,3,0.24025215808339115,0.24087692583197418,0,6.559366342553471,1.2903995420161882,0.18329142910367838,1024.8778469694391,10.248778469694392,0.0,139.49900757201658,48.255539557213964,35161.87339048704,96644.80934936738,21544.107502440922,4011.1749523366425,9427.103864076616,5.591536398216243,5.591536398216236,57.92129214612088,49942.07870785388,6363.1027572011435,11034.909977884796,1,0.000869728698651461,0.000691975627396109,1,1
245,3,0.24445332209453147,0.24692182944415714,0,6.39878622135888,1.3403348064310079,0.15168683137277986,626.8468023145429,6.268468023145429,0.0,138.3493450878411,48.255539557213964,35135.47003633355,96607.14041772783,21767.94694601313,3970.0878620765156,9453.48869699161,4.996565722696195,4.996565722696192,57.92129214612088,49942.07870785388,6363.1027572011435,11073.757162768185,1,0.0005304681244408954,0.0006112873600644675,1,1
246,3,0.21823408082128817,0.2211820170244056,0,7.143437885484425,1.2267495211275645,0.22357625245090856,450.1327040198637,4.501327040198637,0.0,135.86999885720203,48.255539557213964,35115.97716137391,96569.9587671463,22041.11429992207,3921.0305255299613,9453.48869699161,4.858656119560181,4.858656119560181,57.92129214612088,49942.07870785388,6363.1027572011435,11112.057488133716,1,0.00038092409559921283,0.0005937069728971897,1,1
247,3,0.22144077271816792,0.22096638452994993,0,7.1504088884879495,1.2748389472811286,0.19313990678409587,549.8434198352944,5.498434198352944,0.0,135.5125969569134,48.255539557213964,35117.17331704995,96533.86542856193,22306.09257670931,3874.590109632288,9493.48869699161,3.8662012914963317,3.8662012914963286,57.92129214612088,49942.07870785388,6363.1027572011435,11149.022303521942,1,0.00046334361361553784,0.00045824527788521535,1,1
248,3,0.23525006959712688,0.2363964192061499,0,6.6836883794849635,1.3808633220782947,0.1260358721023452,972.4100085982744,9.724100085982744,0.0,137.13832128986238,48.255539557213964,35107.02244150766,96486.68305589343,22524.123356467706,3837.3106899879394,9263.62737736278,4.638159910309418,4.6381599103094215,57.92129214612088,49942.07870785388,6363.1027572011435,11197.203688725696,1,0.000839766082106904,0.0005613445971072182,1,1
249,3,0.22158237185266208,0.2190813007500789,0,7.211934540239081,1.3211267842807948,0.16384380741721855,462.10173977993577,4.621017397799358,0.0,135.10524457589867,48.255539557213964,35096.903462418966,96459.68643133533,22701.19525610302,3807.49580478461,9305.02631163488,4.667609832995597,4.667609832995599,57.92129214612088,49942.07870785388,6363.1027572011435,11225.197358331608,1,0.00039729215097619237,0.0005668006155662114,1,1
250,3,0.22810549245065487,0.22897774833939627,0,6.900233806378804,1.3867614357145452,0.12230288878826254,816.1487356217666,8.161487356217666,0.0,135.31035998241293,48.255539557213964,35089.533816906194,96422.72737003698,22923.77796806822,3770.6843639918134,9405.019552463653,5.224580161858149,5.224580161858149,57.92129214612088,49942.07870785388,6363.1027572011435,11263.26077898609,1,0.0006942239565322123,0.0006437607298717695,1,1
251,3,0.23404835330935655,0.2307134007808816,0,6.848323481220728,1.438590492022473,0.08949968859337154,1047.8902733791406,10.478902733791406,0.0,136.7509540678085,48.255539557213964,35080.35805267119,96385.80550571196,23050.46811774797,3750.1458100033506,9294.856011707434,5.387677590662842,5.387677590662841,57.92129214612088,49942.07870785388,6363.1027572011435,11301.294948320894,1,0.0009019098495419483,0.0006644753190167843,1,1
252,3,0.2074180448680884,0.20745504580094243,0,7.616107836278149,1.3071003244330206,0.172721313649987,727.0069102127779,7.2700691021277795,0.0,135.3396956713949,48.255539557213964,35080.70481736929,96341.51289995316,23340.26294160164,3703.7644437538243,9334.856011707434,5.929195500768985,5.929195500768987,57.92129214612088,49942.07870785388,6363.1027572011435,11346.788884756801,1,0.0006230471337113225,0.0007397269799284944,1,1
253,3,0.19497809838238667,0.19381460533762515,0,8.152120410366594,1.2708615046141263,0.1956572755606796,762.2249975506768,7.622249975506768,0.0,134.341986735574,48.255539557213964,35084.22404148719,96288.6001167262,23738.011579050402,3641.9329252306284,9374.856011707434,5.816516998133429,5.8165169981334355,57.92129214612088,49942.07870785388,6363.1027572011435,11400.845665187699,1,0.0006504419878865775,0.0007251329903799495,1,1
254,3,0.1934570494376451,0.1973268489524476,0,8.007019867736059,1.289177743176834,0.1840647195083329,791.5640894044545,7.915640894044546,0.0,134.28918284242533,48.255539557213964,35084.13307487742,96236.13568258383,24003.129260271908,3601.966128052878,9414.856011707434,5.256123590128711,5.256123590128714,57.92129214612088,49942.07870785388,6363.1027572011435,11454.324920903431,1,0.0006726085568766125,0.0006486992261581708,1,1
255,3,0.18387721062373466,0.18548882145693937,0,8.518033526709274,1.273759544167656,0.19382307331161022,905.4903166875087,9.054903166875087,0.0,134.83810402878422,48.255539557213964,35098.05566898774,96173.29639971176,24473.68076178101,3532.968347736852,9059.242713254425,5.708424520929083,5.708424520929079,57.92129214612088,49942.07870785388,6363.1027572011435,11518.184008807573,1,0.0007996167850654459,0.0007075557766095452,1,1
256,3,0.17845165490875067,0.18548882145693937,1,8.518033526709274,1.2778705883122787,0.1912211466377983,779.9129518889363,7.799129518889363,0.0,134.3005328756872,48.255539557213964,35103.46637844503,96120.46394629624,24883.77514666881,3474.9613113523924,8988.27702036493,5.816911651187011,5.816911651187008,57.92129214612088,49942.07870785388,6363.1027572011435,11572.014578509687,1,0.0006941601378078322,0.0007221284932499636,1,1
257,3,0.1598597518552134,0.1602209940948479,0,9.861379333751161,1.1798979610696196,0.2532291385635319,595.832526029187,5.95832526029187,0.0,132.6078197430546,48.255539557213964,35107.873000069034,96067.98256489848,25264.005939045262,3422.921179237558,9028.27702036493,5.4556983601946945,5.455698360194697,57.92129214612088,49942.07870785388,6363.1027572011435,11625.408976246255,1,0.0005279700874797508,0.0006739156701176763,1,1
258,3,0.1597720790471938,0.15906477041617484,0,9.933060575676878,1.2316707939749487,0.22046152280066542,795.3777256708765,7.953777256708766,0.0,132.88829045381573,48.255539557213964,35116.884811223004,96004.66093600761,25820.430565183,3349.420878917832,9068.27702036493,5.216147799691708,5.21614779969171,57.92129214612088,49942.07870785388,6363.1027572011435,11689.568909061505,1,0.000701679248558173,0.0006412698246152519,1,1
259,3,0.14122088194982932,0.14041155782765702,0,11.252634928666717,1.1581948623761247,0.2669652769771363,815.0140950363112,8.150140950363113,0.0,133.3056598403285,48.255539557213964,35145.109725280716,95930.36428439406,26633.477035331347,3247.470040234529,8938.708411378379,5.311415156350525,5.3114151563505265,57.92129214612088,49942.07870785388,6363.1027572011435,11764.656380182465,1,0.000729424482847077,0.0006530246062950003,1,1
260,3,0.14138837762822912,0.14167265451217173,0,11.152469793415603,1.2030216482453073,0.23859389351562832,598.890989545205,5.98890989545205,0.0,132.48923294254126,48.255539557213964,35151.60410724335,95880.32355805945,27128.80473778017,3188.386255943434,7634.524451730733,5.642836457617553,5.642836457617552,57.92129214612088,49942.07870785388,6363.1027572011435,11815.389410760703,1,0.0006275607533453508,0.0006862214949168669,1,1
261,3,0.14188080565051295,0.14206296911157848,0,11.121828650216674,1.2443524831646797,0.2124351372375445,636.1475367113953,6.361475367113954,0.0,132.06465158120452,48.255539557213964,35160.54254209751,95832.93290813547,27543.913823355535,3140.55119983941,7674.524451730733,5.543703970983164,5.5437039709831595,57.92129214612088,49942.07870785388,6363.1027572011435,11863.443150881401,1,0.0006631264680567236,0.0006733705680830505,1,1
262,3,0.14986964397270156,0.14920135175675325,0,10.589716389271821,1.3547637911127166,0.14255456258688826,734.2897315855653,7.3428973158556525,0.0,132.35723895699763,48.255539557213964,35164.78053744408,95795.15616587165,27964.079116656743,3093.5035382039637,7736.832799673729,5.612641474563254,5.612641474563261,57.92129214612088,49942.07870785388,6363.1027572011435,11901.87614798634,1,0.0007592664860137922,0.0006833179024719555,1,1
263,3,0.15111185299932442,0.15307366667169092,0,10.32182761642961,1.397923039785515,0.11523858241423111,1149.062457361884,11.490624573618842,0.0,133.9766820342896,48.255539557213964,35178.297569153736,95743.57904826007,28290.134143320825,3058.0900881729367,7850.4772468075735,6.933373720233652,6.933373720233657,57.92129214612088,49942.07870785388,6363.1027572011435,11954.256492448025,1,0.0011709478761476875,0.0008644469434060678,1,1
264,3,0.150833159887702,0.15060049827445635,0,10.491333150309949,1.4221176053426097,0.09992556623885468,682.0259437226617,6.820259437226618,0.0,132.39833273542024,48.255539557213964,35172.957854432345,95718.53682602468,28560.654772078367,3029.210658492986,7592.802526995461,7.081917747192389,7.081917747192384,57.92129214612088,49942.07870785388,6363.1027572011435,11980.078839729355,1,0.0007186025884885437,0.0008829389835500077,1,1
265,3,0.15578043623255677,0.15060049827445635,1,10.491333150309949,1.4899533583875624,0.05699154532432765,755.8923114347876,7.558923114347877,0.0,131.21371474274338,48.255539557213964,35169.15302270927,95702.44618640699,28766.257261423085,3007.6244197416013,7827.430662255348,7.089656628611256,7.089656628611264,57.92129214612088,49942.07870785388,6363.1027572011435,11996.962926467864,1,0.0007725572735684785,0.0008873692460682365,1,1
266,3,0.15133138953170697,0.1484496587653242,0,10.64333871253779,1.4555919093898206,0.07873929785454394,551.4183742808849,5.514183742808849,0.0,130.05410004215776,48.255539557213964,35158.56043587055,95686.17419037057,28847.97865769127,2999.1954937970863,7481.642026854418,5.697720896494825,5.697720896494828,57.92129214612088,49942.07870785388,6363.1027572011435,12013.841074055235,1,0.00058962283659297,0.0006935942328833307,1,1
267,3,0.14913345853995338,0.14798754268835448,0,10.676574333876918,1.4495110666760036,0.08258793248354207,1007.252383114539,10.072523831145391,0.0,131.29664613539939,48.255539557213964,35159.24448215991,95653.58459670047,28999.825607245297,2983.657309896682,7681.122819114697,6.491279828134297,6.491279828134297,57.92129214612088,49942.07870785388,6363.1027572011435,12047.131070976944,1,0.0010490678582646407,0.0008037493228086964,1,1
268,3,0.1453038512857791,0.14610566243915057,0,10.814091484360036,1.4267214200165055,0.09701175948322442,488.34600031804445,4.883460003180445,0.0,129.19800269586113,48.255539557213964,35148.00897473852,95636.19307164106,29147.99105454419,2968.5650597575736,7853.143413538146,5.7985001967256045,5.798500196725598,57.92129214612088,49942.07870785388,6363.1027572011435,12065.157309000866,1,0.0004974782449292118,0.0007120563132622742,1,1
269,3,0.15303326489206745,0.15423424014129072,0,10.244158486161021,1.515032548078193,0.041118640456839925,1064.6994930693047,10.646994930693047,0.0,130.2383361377554,48.255539557213964,35131.87755148006,95616.91291841018,29268.67044757446,2956.425063820554,8114.4157938511535,6.903334131464432,6.903334131464435,57.92129214612088,49942.07870785388,6363.1027572011435,12085.210182661287,1,0.0010496868981016232,0.0008654110004318252,1,1
270,3,0.12805962683382502,0.12812335508369205,0,12.331865638141625,1.3264744141133347,0.16045923157383885,919.0430820583097,9.190430820583098,0.0,130.7234563927295,48.255539557213964,35149.179765204106,95561.58047314735,29939.384539422426,2890.38851481778,8154.4157938511535,6.5438899210705594,6.543889921070561,57.92129214612088,49942.07870785388,6363.1027572011435,12141.24636904985,1,0.0009016396566398444,0.0008162682665568931,1,1
271,3,0.11757165422983551,0.1158359701545104,0,13.639977270380536,1.2656877507094177,0.19893180334846983,687.3789395610089,6.873789395610089,0.0,128.77701562497734,48.255539557213964,35164.44902434501,95512.64320649405,30522.98811759377,2835.3266459375004,8149.556781767701,6.9669176583572,6.966917658357194,57.92129214612088,49942.07870785388,6363.1027572011435,12190.905196242511,1,0.0006747644888849144,0.000875363681208794,1,1
272,3,0.12343968469488407,0.12386556317866906,0,12.755764874866305,1.3610349115204017,0.1385854990377205,579.0623544148486,5.790623544148486,0.0,127.42907442475855,48.255539557213964,35166.099785897895,95484.19159053858,30890.865078659812,2801.661157245645,7765.404979196305,5.886495583131062,5.886495583131059,57.92129214612088,49942.07870785388,6363.1027572011435,12219.923879233756,1,0.0005965559874506685,0.0007243200443251425,1,1
273,3,0.1272745860100728,0.12749575335816615,0,12.392569621996751,1.4134545489705743,0.10540851330976313,690.1639093567878,6.901639093567878,0.0,127.47327944948785,48.255539557213964,35160.858297750834,95456.95972970939,31003.078621114346,2791.673775017306,7888.365821630433,5.386539220913029,5.3865392209130265,57.92129214612088,49942.07870785388,6363.1027572011435,12247.678524690995,1,0.0006999309362294651,0.0006570838041883493,1,1
274,3,0.13433284512893356,0.13423355196472422,0,11.770529624480284,1.5075292887833023,0.04586753874474544,657.5550379457574,6.575550379457574,0.0,127.14837475136545,48.255539557213964,35145.770135116116,95444.6386287347,31165.918065122027,2777.131081892279,8148.86460551586,5.295122337742237,5.295122337742239,57.92129214612088,49942.07870785388,6363.1027572011435,12260.525139738922,1,0.0006455427299657594,0.0006473432178819644,1,1
275,3,0.13357683267750403,0.13454004338195616,0,11.743715553252912,1.5049359775291795,0.047508874981531994,533.6037740494501,5.3360377404945005,0.0,125.84213286454023,48.255539557213964,35134.521971262504,95434.8484529817,31227.367153268846,2771.714451294856,8432.39399017651,5.050554315353565,5.050554315353562,57.92129214612088,49942.07870785388,6363.1027572011435,12270.832376408385,1,0.0005062417858283972,0.000617238484007874,1,1
276,3,0.12804099971160057,0.12956907554062733,0,12.194267755692827,1.4494393832934933,0.08263330171297896,1145.9207103641927,11.459207103641928,0.0,127.78099541390067,48.255539557213964,35152.328118091056,95397.55513019356,31302.928254902374,2765.2472216884885,8342.701143203234,6.0355929518754,6.0355929518753975,57.92129214612088,49942.07870785388,6363.1027572011435,12308.732733627836,1,0.0010988486253498556,0.0007502110470480041,1,1
277,3,0.1387156429323862,0.1404070686821768,0,11.252994701972325,1.5743069454955911,0.003603199053423376,945.0604627043065,9.450604627043065,0.0,128.01652020590106,48.274440766468054,35157.61656708502,95397.221622025,31343.129435796633,2761.711979763164,8665.045121312536,6.568115830196935,6.568115830196941,57.92129214612088,49942.07870785388,6367.828059514665,12310.150324321892,1,0.0008725267550008129,0.0008258723887263553,1,1
278,3,0.14086324962816127,0.1402488737586642,0,11.265687614139516,1.6022002864039562,0.014050814179719052,1057.6173267585111,10.576173267585112,0.0,127.5738954282363,48.29559311300322,35162.94166701845,95396.90816572052,31377.673530093896,2758.681980478799,9084.012003357675,7.576042243920754,7.576042243920747,57.92129214612088,49942.07870785388,6373.116146148458,12311.73675031203,1,0.0009314098892582614,0.0009675950898696433,1,1
279,3,0.12259576796911495,0.12255303975010451,0,12.892377073810222,1.411890172506774,0.10639862499571266,496.86521655345706,4.968652165534571,0.0,124.50544839216221,48.29559311300322,35154.589985307895,95377.81105181618,31574.050255501083,2741.6048460030015,8860.14901256411,5.994152453661135,5.994152453661142,57.92129214612088,49942.07870785388,6373.116146148458,12331.465264627837,1,0.0004486292190787118,0.0007508552877792622,1,1
280,3,0.11683816881238485,0.11651213760479924,0,13.56081891964978,1.3704359882047459,0.13263545050332542,676.7349934952656,6.767349934952656,0.0,123.71086962295779,48.29559311300322,35153.49341317887,95344.61648610256,31865.21941275552,2716.7076149747004,8951.877798835814,5.3341298770942345,5.33412987709423,57.92129214612088,49942.07870785388,6373.116146148458,12365.21642776853,1,0.0006047758994952094,0.0006616050026107276,1,1
281,3,0.12142370889096507,0.12033861873897486,0,13.129617213133884,1.4492835289593526,0.0827319436966123,692.1581651829964,6.921581651829964,0.0,123.9854947946174,48.29559311300322,35155.23160310877,95323.63294694688,32144.783691631186,2693.1506357063804,8950.059173724188,4.574387893315494,4.574387893315492,57.92129214612088,49942.07870785388,6373.116146148458,12386.668548037502,1,0.0006186847722437876,0.0005573632969392363,1,1
282,3,0.1236054955268599,0.12225794087529067,0,12.923495919268595,1.488676307969519,0.05779980508258289,726.4217548315034,7.264217548315035,0.0,123.84009081922687,48.29559311300322,35149.66147758854,95307.53166514587,32290.38790480452,2681.0861275623984,9222.496735105226,5.000528142230058,5.000528142230066,57.92129214612088,49942.07870785388,6373.116146148458,12403.29310965824,1,0.0006301302353983129,0.0006178636357124366,1,1
283,3,0.13692414891334542,0.12225794087529067,1,12.923495919268595,1.6322671684070387,0.033080486333568734,825.9197842155678,8.259197842155679,0.0,124.16498577276221,48.34853944752113,35153.1986167895,95308.21735055221,32125.677808252538,2694.890381488334,9300.909687518242,5.25468762965179,5.2546876296517855,57.92129214612088,49942.07870785388,6386.352729777934,12404.140522344918,1,0.000710399143278595,0.0006530713836402319,1,1
284,3,0.13261176118910237,0.1348780445178461,0,11.714286084500177,1.5576840544381216,0.014124016178404072,740.5031712188683,7.405031712188682,0.0,123.67562709731929,48.363349510945504,35158.07210984838,95307.98276828977,31889.76089351229,2714.9005884338153,9368.57719200382,5.282463208242069,5.282463208242078,57.92129214612088,49942.07870785388,6390.055245634028,12405.251277101746,1,0.0006323292479040643,0.0006576195421936574,1,1
285,3,0.13866301336903192,0.13829326570609698,0,11.424995945629346,1.6226920013969284,0.027020254048688797,1264.3662157911986,12.643662157911987,0.0,125.4104893598501,48.44552291018034,35264.22117300158,95317.94633370942,31830.460165885015,2719.990928484838,9571.44170838999,6.317053054151931,6.317053054151941,57.92129214612088,49942.07870785388,6410.598595442736,12405.251277101746,1,0.001056782252297812,0.000799836881160157,1,1
286,3,0.1424226066866958,0.1416986845738811,0,11.150421083663586,1.650515160944085,0.04462984869878787,1259.282507168028,12.592825071680279,0.0,126.37996588112175,48.56349295754835,35330.57176040051,95324.64589717983,31675.981476098033,2733.3137907105875,9803.226024492722,7.081326066430603,7.081326066430593,57.92129214612088,49942.07870785388,6440.091107284739,12405.251277101746,1,0.0010276474328118458,0.0009055863110045741,1,1
287,3,0.15707172828197216,0.15774545250567445,0,10.016136597935613,1.8135505544912678,0.14781680664004285,734.9371745687421,7.349371745687421,0.0,123.38390501652059,48.78859670932117,35419.99879663416,95335.74702505313,31617.5199912287,2738.3954071273224,9570.182085888471,7.037622331961402,7.037622331961399,57.92129214612088,49942.07870785388,6496.367045227945,12405.251277101746,1,0.0006143558548608429,0.000899595179990167,1,1
288,3,0.14251043187228615,0.14348468948614587,0,11.011627830525825,1.635681058966358,0.03524117656098601,1101.2092585459766,11.012092585459767,0.0,123.79606302549975,48.88139163265777,35557.29071922384,95348.36950574371,31523.956846847173,2746.557881770949,9851.180246939186,6.6302946538699,6.630294653869906,57.92129214612088,49942.07870785388,6519.565776062094,12405.251277101746,1,0.0008942760001884065,0.0008454264292870316,1,1
289,3,0.13761098428271337,0.1381983319689379,0,11.432844213742957,1.582851282563666,0.0018046092175100998,1055.4917167621536,10.554917167621536,0.0,124.23585702486304,48.90250146699301,35562.78571563382,95347.96451848002,31557.968767553895,2743.6078119938875,10132.933267202405,6.146251331632489,6.146251331632494,57.92129214612088,49942.07870785388,6524.843234645905,12406.83451467689,1,0.0008333158337702651,0.0007806492296065049,1,1
290,3,0.1275355462857122,0.12865340977264714,0,12.281058098593219,1.4780251326638805,0.06454105527602506,609.5146934187975,6.095146934187975,0.0,121.30977640262982,48.90250146699301,35552.7605514251,95333.15550826663,31677.153928257994,2733.3521208368456,10174.069731320382,5.805233426035086,5.805233426035085,57.92129214612088,49942.07870785388,6524.843234645905,12422.341136238703,1,0.00047926912986840335,0.0007356203212756917,1,1
291,3,0.14206436852755677,0.142905655817514,0,11.05624540163484,1.6319909396207413,0.03290565798781088,680.2964096174258,6.802964096174257,0.0,120.06714126589948,48.95266150514337,35631.943616219214,95340.63699525163,31538.447677977816,2745.413313846295,10519.961824875618,4.869395723642048,4.869395723642049,57.92129214612088,49942.07870785388,6537.383244183495,12422.341136238703,1,0.0005173375500346698,0.0006099741712244461,1,1
292,4,0.13298355675174017,0.13433034533412033,0,11.762048225738276,1.603277062855711,0.014732318263108132,847.9853121858212,8.479853121858211,0.0,120.81750860629555,50.57638359082134,33836.710117568866,95326.21101084893,33213.001896109236,2754.847072208374,10657.969779517876,4.3876720308683215,4.387672030868325,53.28984889758938,49888.788858956286,6537.383244183495,12437.296877960782,1,0.0006365079501842465,0.0005443715433624399,4,1
293,4,0.11147479898670128,0.11367048254455017,0,13.89982662720518,1.3743597721750926,0.1301520429271566,579.5105271267059,5.79510527126706,0.0,119.45986698136775,50.57638359082134,33840.972260034636,95299.66983852863,33587.05635620087,2724.25781928773,10744.722875896978,4.263421459339519,4.263421459339517,53.28984889758938,49888.788858956286,6537.383244183495,12464.346271730596,1,0.00043147545735344284,0.0005284403191907864,4,1
294,4,0.11990987855108165,0.12243922193092226,0,12.904361650479977,1.4909902969689397,0.0563352550829496,763.1579632301542,7.631579632301542,0.0,119.57538569964242,50.57638359082134,33835.78757588878,95283.23169195284,33730.78203077829,2712.7299117680914,10497.435103516278,4.429744343914845,4.429744343914843,53.28984889758938,49888.788858956286,6537.383244183495,12481.295378459707,1,0.0005815957560715171,0.0005498597212030688,4,1
295,4,0.11622199466752323,0.11747320106362762,0,13.44987610531032,1.4579187370398805,0.07726662212665794,586.5597475768418,5.865597475768418,0.0,119.04848221845955,50.57638359082134,33831.64343823913,95266.71676998114,33880.097681561354,2700.845000508337,9917.837867067425,4.054562254022018,4.054562254022021,53.28984889758938,49888.788858956286,6537.383244183495,12498.24851029486,1,0.000473135177597155,0.000495402130340705,4,1
296,4,0.11535602763070868,0.11696847259193063,0,13.507913414516112,1.4660896795086218,0.07209513955150523,1308.735548533962,13.08735548533962,0.0,121.3982348230291,50.57638359082134,33841.720616046725,95226.2263748788,34103.50567927427,2683.3590048604237,10113.766018064689,5.523645235503013,5.523645235503017,53.28984889758938,49888.788858956286,6537.383244183495,12539.338705803928,1,0.00103521125262053,0.000696647395429734,4,1
297,4,0.11606788106397459,0.11706781969125528,0,13.496450212936038,1.4865099270658737,0.059170932236788834,759.4326964370205,7.594326964370205,0.0,120.0356321052794,50.57638359082134,33843.25335087205,95209.68990337838,34235.20669326623,2673.112251942952,10310.105663911727,5.529158077120423,5.529158077120414,53.28984889758938,49888.788858956286,6537.383244183495,12556.483903603706,1,0.0005892724836722081,0.0006992063046299644,4,1
298,4,0.11260712034817932,0.11169654219468315,0,14.145469223623016,1.4507779741208342,0.081786092328586,564.6908548457811,5.646908548457811,0.0,117.03935347402702,50.57638359082134,33833.247806827814,95192.49920105952,34337.60815624337,2665.2315123972717,10505.587596410729,5.405907213851149,5.405907213851145,53.28984889758938,49888.788858956286,6537.383244183495,12574.278052612091,1,0.0004300118196444032,0.0006848318519790471,4,1
299,4,0.11002517781266177,0.11132529006172646,0,14.192642113251521,1.4318601310180652,0.09375941074806005,748.3379969230389,7.483379969230389,0.0,117.21511155119946,50.57638359082134,33834.677599150455,95166.29108038582,34511.774688248246,2651.909962745604,10602.96704499692,4.257685283327421,4.257685283327423,53.28984889758938,49888.788858956286,6537.383244183495,12600.960101159917,1,0.0005646253496759832,0.0005279698843308648,4,1
300,4,0.11442058595179036,0.11442680205993407,0,13.807953832113855,1.5003472561208804,0.05041312903741752,791.1631520521355,7.911631520521355,0.0,117.62169563939283,50.57638359082134,33835.20031831651,95151.26748278746,34642.81512483459,2641.955846842805,10897.880965473834,4.227470085190135,4.227470085190137,53.28984889758938,49888.788858956286,6537.383244183495,12616.463633974436,1,0.0005807831115488689,0.000525140093623085,4,1
301,4,0.11553191551246245,0.11468686161015788,0,13.776643443001483,1.5232514373578905,0.03591681179880354,906.2040444161549,9.06204044416155,0.0,118.04166852814069,50.57638359082134,33823.17204718283,95137.4377010742,34738.448542655,2634.7583882969197,11199.087993813135,4.747078483905251,4.747078483905255,53.28984889758938,49888.788858956286,6537.383244183495,12630.844239466327,1,0.0006473413155905422,0.0005975832589384648,4,1
302,4,0.11632550495134548,0.11607494804826368,0,13.611894957239523,1.5433849299139486,0.023174094991171817,635.782623626914,6.35782623626914,0.0,116.63466236158531,50.57638359082134,33808.35868831448,95131.0324725438,34847.95606839222,2626.5036074986447,11050.85178311281,4.493635334954812,4.493635334954815,53.28984889758938,49888.788858956286,6537.383244183495,12637.761387560084,1,0.0004602596332698809,0.0005627946868030973,4,1
303,4,0.11624238856518379,0.11682062996156058,0,13.52500838695951,1.5506728466514792,0.01856148946108916,640.7548796167836,6.407548796167836,0.0,115.60847847193796,50.57638359082134,33788.524321033496,95125.2118470021,34942.76387498542,2619.3986337405945,11319.45262245793,4.169886544909013,4.169886544909008,53.28984889758938,49888.788858956286,6537.383244183495,12644.06584973637,1,0.0004528522012419705,0.0005201510500341312,4,1
304,4,0.12272975381311295,0.12232085588960058,0,12.916848794992186,1.6054055816831416,0.01607948207793769,707.2487798457571,7.072487798457571,0.0,115.62555382825617,50.60476775669533,33869.58276780799,95131.80122396877,34602.203992753915,2645.2629951426043,11593.537215600414,3.773468945242378,3.7734689452423815,53.28984889758938,49888.788858956286,6544.479285651994,12644.06584973637,1,0.0004880296783929405,0.000467047170968264,4,1
305,4,0.12762530288749435,0.12797132952690152,0,12.346515472185198,1.6547334278328913,0.047299637868918526,877.7389242362823,8.777389242362823,0.0,116.32526825735079,50.69378825810824,33948.471726414195,95138.57248706039,34449.7228253141,2657.0178833753216,11689.70499018473,4.114377590554852,4.114377590554852,53.28984889758938,49888.788858956286,6566.734411005223,12644.06584973637,1,0.0006006919250559541,0.000513857934896955,4,1
306,4,0.12132717594784379,0.12280630943622217,0,12.865788470099348,1.568697737041358,0.007153330986482353,594.5722117313996,5.945722117313997,0.0,114.87268137134349,50.70567970234287,33952.55115531226,95138.40195363661,34401.92237894903,2660.734436505897,11952.95106356738,3.968327100924903,3.968327100924898,53.28984889758938,49888.788858956286,6569.70727206388,12644.957708053966,1,0.00039794170230891823,0.0004955544352526043,4,1
307,4,0.11451818453944157,0.11506685570903073,0,13.731147777213467,1.4896155958774275,0.057205319064919324,645.0917165430895,6.450917165430895,0.0,113.99116620370614,50.70567970234287,33951.74045559687,95125.02416484895,34506.198088528814,2652.7563026279054,12222.422517635034,3.7978603211295114,3.7978603211295052,53.28984889758938,49888.788858956286,6569.70727206388,12658.823429537382,1,0.0004222349313238509,0.00047362285289624114,4,1
308,4,0.11330826380620482,0.11472842175236254,0,13.771652881361666,1.4731672706749697,0.06761565147153822,968.5879913512092,9.685879913512093,0.0,115.1839916730971,50.70567970234287,33950.876175288795,95098.8169755146,34498.99681437263,2653.481047200658,12482.211965375009,3.84314366421861,3.8431436642186076,53.28984889758938,49888.788858956286,6569.70727206388,12685.53436125007,1,0.0006207797105436254,0.00048031878139213153,4,1
309,4,0.1712302615590983,0.17169520672105734,0,9.202353578611714,2.203832127791141,0.39483046062730437,707.6789157913773,7.076789157913773,0.0,114.39520594827496,51.130287051817696,34123.9531095443,95116.32792783676,34325.25545112616,2666.955615566838,12480.813031102909,3.9763360426289576,3.9763360426289545,53.28984889758938,49888.788858956286,6675.859109432587,12685.53436125007,1,0.00045361077937970906,0.0004988751404157284,4,1
310,4,0.18106794391928682,0.1824313352303124,0,8.660792829287315,2.3105304577901356,0.46236104923426297,555.2987939264941,5.552987939264941,0.0,112.66564381979471,51.463466328173595,34280.58237322616,95135.67811421749,34178.557851291014,2678.4503858818093,12273.30525786472,3.8301687681273227,3.830168768127323,53.28984889758938,49888.788858956286,6759.15392852156,12685.53436125007,1,0.00036195550082690844,0.0004787819969167476,4,1
311,4,0.16511853561176745,0.1638627208861354,0,9.642217530965493,2.0906552008921513,0.32319949423553873,1079.434853516386,10.794348535163861,0.0,114.36646973245757,52.11112724028343,34422.19420106701,95158.07826000433,34045.99186242083,2688.929440576402,11976.138598528301,4.087674469571375,4.087674469571382,53.28984889758938,49888.788858956286,6921.069156549018,12685.53436125007,1,0.0007210570216006242,0.0005122077672690805,4,1
312,4,0.16748711474606845,0.1668656355883546,0,9.468696142432497,2.0527215670801255,0.29919086524058575,1139.8700641985254,11.398700641985254,0.0,115.64511814119172,52.795049278802544,34560.65526717142,95180.26683581372,33497.18911169758,2733.126424156021,11976.138598528301,4.840591973346159,4.840591973346159,53.28984889758938,49888.788858956286,7092.0496661787965,12685.53436125007,1,0.0007614274366120643,0.0006148133196798657,4,1
313,4,0.16098456971623404,0.16296229107839752,0,9.69549451928052,1.9406465887520161,0.22825733465317471,1046.2168482472825,10.462168482472826,0.0,115.24906217590124,53.29890723299557,34758.87445240141,95203.69891700793,33221.68938248903,2755.8749756315315,11976.138598528301,5.659204252068338,5.6592042520683385,53.28984889758938,49888.788858956286,7218.014154727052,12685.53436125007,1,0.0006988675621211317,0.0007271173401112735,4,1
314,4,0.14762640488149908,0.15026617147856267,0,10.514675288878353,1.7597888626415705,0.11379041939339901,471.4594800027439,4.714594800027439,0.0,111.49919622650543,53.41141106216887,34859.586859330855,95213.66219452707,33036.43689471457,2771.38383609294,12167.313374976064,4.642159380743999,4.642159380744,53.28984889758938,49888.788858956286,7246.140112020377,12685.53436125007,1,0.0003099842770367843,0.0005900930919233268,4,1
315,4,0.14852404768267843,0.14857849485735333,0,10.634109609987101,1.757885261441357,0.11258560850718788,448.80086691723386,4.488008669172339,0.0,109.52713508459982,53.51665512503337,34944.8786976059,95222.12253298456,32918.84202821549,2781.318991802891,11988.226791521905,3.5171147504852995,3.5171147504853035,53.28984889758938,49888.788858956286,7272.451127736502,12685.53436125007,1,0.00029949441212415276,0.0004361154170940229,4,1
316,4,0.09898213711639045,0.0995157386798011,0,15.876885615889979,1.2263409620144026,0.22383483416809968,677.2075108744598,6.772075108744598,0.0,110.23701607874979,53.51665512503337,34965.29338366894,95167.54415125526,33681.604869106006,2718.556530948512,12028.226791521905,2.9135852239371705,2.913585223937173,53.28984889758938,49888.788858956286,7272.451127736502,12740.498968650092,1,0.0004504121996447819,0.00035329696293523964,4,1
317,4,0.10220013113037046,0.10042948155829322,0,15.732432105436152,1.3137013354015046,0.16854345860664272,767.3209602479272,7.673209602479273,0.0,110.97336103872262,53.51665512503337,34992.3170461383,95120.46460819698,34308.65644189245,2669.0611425743873,11807.340643994443,3.432900242255842,3.4329002422558452,53.28984889758938,49888.788858956286,7272.451127736502,12788.009110400659,1,0.0005198941799909594,0.0004232669305866313,4,1
318,4,0.0998012702930351,0.0991874294537059,0,15.92943792073409,1.3444481725233088,0.1490834351118299,891.4927245083487,8.914927245083488,0.0,111.63851675548348,53.51665512503337,35007.92389994184,95069.11667385181,35123.69980185332,2607.3075401911137,11847.340643994443,4.169855882209168,4.169855882209171,53.28984889758938,49888.788858956286,7272.451127736502,12839.857908362937,1,0.0006019867251543963,0.0005240977015967125,4,1
319,4,0.10684462715541546,0.1065001989583316,0,14.835653035898815,1.4883482917678312,0.05800741027352458,1479.1308416325987,14.791308416325988,0.0,114.0748246119176,53.51665512503337,35021.03592376786,95029.29378043096,35717.663953455776,2564.077581220286,12030.430318839808,5.469419702622874,5.469419702622877,53.28984889758938,49888.788858956286,7272.451127736502,12880.32548056923,1,0.0009835929737716936,0.0007018246263056832,4,1
320,4,0.10803241434706312,0.10941645348360156,0,14.440241386884264,1.5067067311966909,0.046388144812221026,1194.4835572358513,11.944835572358514,0.0,113.99887385321698,53.51665512503337,35026.73878041521,95006.0377203362,35740.19084954345,2562.6082546497564,12242.357508120633,6.097483567839954,6.097483567839948,53.28984889758938,49888.788858956286,7272.451127736502,12904.312983845204,1,0.0007805578665341367,0.0007887125218200755,4,1
321,4,0.09791098546018223,0.09799418673933949,0,16.123405403656598,1.40061251514488,0.1135363828196962,840.8043257365623,8.408043257365623,0.0,111.5462749036748,53.51665512503337,35038.96584624976,94969.8080470076,36197.226491286056,2530.3972928734165,11538.459718810953,6.064155693929986,6.064155693929979,53.28984889758938,49888.788858956286,7272.451127736502,12941.211878036482,1,0.0005829577577782334,0.0007823695326946879,4,1
322,4,0.10156099451725492,0.10142302060248612,0,15.578317334805059,1.4657475794040773,0.07231165860501441,910.8901004068712,9.108901004068711,0.0,110.97363486126075,53.51665512503337,35041.62621936284,94943.78892407284,36358.865053861584,2519.289505420947,11718.583051156778,5.176690532393371,5.176690532393378,53.28984889758938,49888.788858956286,7272.451127736502,12967.805560800565,1,0.0006218431675095424,0.0006617862639406376,4,1
323,4,0.09466195069567133,0.09406741117646648,0,16.7964652182889,1.3981722183200218,0.1150808744809989,941.5212239173994,9.415212239173995,0.0,111.21468243164638,53.51665512503337,35059.73974763399,94901.23806277037,36783.57557785065,2490.397800883794,11688.082636503548,4.847104689122058,4.8471046891220615,53.28984889758938,49888.788858956286,7272.451127736502,13010.88046721513,1,0.0006444315997403335,0.0006164108416760364,4,1
324,4,0.10468629120670696,0.10460373369140127,0,15.10462336517803,1.5586318802677037,0.013524126412845793,1095.2344899492834,10.952344899492834,0.0,111.95806227140133,53.51665512503337,35044.607344395576,94893.70295596146,36930.97786095442,2480.4876326771187,11741.925808432221,5.245056246823389,5.245056246823392,53.28984889758938,49888.788858956286,7272.451127736502,13018.980584968109,1,0.0007462043333046873,0.0006708263668515211,4,1
325,4,0.10347845149920783,0.10319134192420233,0,15.311362082688737,1.5415214918754647,0.02435348615476921,514.9928953529359,5.149928953529359,0.0,108.88686074165712,53.51665512503337,35034.28866328172,94888.75887836127,36941.680895631565,2479.8019067558002,11895.814342219704,4.560728781303731,4.560728781303724,53.28984889758938,49888.788858956286,7272.451127736502,13024.423271579883,1,0.0003463355298175177,0.0005789904876208462,4,1
326,4,0.10799189475048716,0.11094648422483908,0,14.241100211864707,1.5971100572192487,0.010829150138764955,709.7077853402491,7.0970778534024905,0.0,108.01622897046215,53.53084928074017,35095.76583550517,94892.22718257752,36807.98429523171,2488.847871203763,12258.734248149254,4.107132821723104,4.107132821723107,53.28984889758938,49888.788858956286,7275.999666663203,13025.487833257894,1,0.00046315240772750826,0.0005185640902832378,4,1
327,4,0.1044305785242735,0.10480342597866363,0,15.075843038963859,1.550358122909295,0.018760681702977837,487.3613165908526,4.873613165908526,0.0,106.92394374802201,53.53084928074017,35085.096112589956,94888.39516116018,36878.53094534315,2484.101102086352,12578.050383441003,3.0343088078160276,3.0343088078160303,53.28984889758938,49888.788858956286,7275.999666663203,13029.67146145368,1,0.00030997574456051696,0.00037315456070184763,4,1
328,4,0.10566715360792212,0.10413394515338162,0,15.172766168349588,1.573740300554242,0.003961835092251895,1384.5459104172446,13.845459104172447,0.0,109.76334599589597,53.55854019894851,35086.874023510434,94886.69725063413,36937.630193712226,2480.1387129865166,12679.456599517085,4.322933286868327,4.322933286868324,53.28984889758938,49888.788858956286,7282.922396215289,13032.304844000695,1,0.000873567979542579,0.0005488987106102015,4,1
329,4,0.10856520691278618,0.10594010174741661,0,14.914087998207242,1.6195102271187063,0.025006472859940645,894.2041653843545,8.942041653843544,0.0,109.28462356526416,53.60296514516477,35094.25503572208,94887.94480383358,36967.46924591966,2478.1448616509147,13038.456586500195,4.520953014638825,4.520953014638825,53.28984889758938,49888.788858956286,7294.028632769353,13032.304844000695,1,0.0005486564514454564,0.0005774000585161841,4,1
330,4,0.1143935620054421,0.11537967994547717,0,13.693919074369346,1.6711298139078454,0.0576770974100287,755.6664660787302,7.556664660787302,0.0,106.91431970344347,53.695168165445,35166.43519028289,94894.06148013711,36583.470558429144,2504.2420240913175,13141.482794583426,4.877076385469327,4.877076385469326,53.28984889758938,49888.788858956286,7317.079387839411,13032.304844000695,1,0.0004600189965718,0.0006274144758532784,4,1
331,4,0.1190150371507779,0.11823987194219232,0,13.362666704954355,1.7231315991243346,0.09058961969894587,740.3287776372878,7.403287776372878,0.0,106.19066417804886,53.83425990877971,35240.55202686292,94900.51291241495,36420.179143569505,2515.506636877098,13401.191582509226,3.819075434135612,3.8190754341356117,53.28984889758938,49888.788858956286,7351.852323673088,13032.304844000695,1,0.00044194803011609175,0.00048354115937778277,4,1
332,4,0.12843251303509884,0.12916058297605953,0,12.232834225383295,1.8285002167720417,0.1572786182101529,491.4676718344629,4.914676718344629,0.0,104.52378538652646,53.995015323188646,35349.700656615154,94910.0745148432,36116.00084641496,2536.76138888919,13309.549358521037,3.200256650858821,3.200256650858825,53.28984889758938,49888.788858956286,7392.041177275322,13032.304844000695,1,0.0002954075505312676,0.00039912485907305314,4,1
333,4,0.12890807452293762,0.12951109210831488,0,12.199727253311925,1.8186149018186621,0.15102208975864687,732.78995332102,7.3278995332102,0.0,104.98838238938391,54.223389853834526,35482.538350227405,94920.42834133776,35952.04963458072,2548.373209145187,13101.245410284497,3.1755550732997886,3.1755550732997864,53.28984889758938,49888.788858956286,7449.134809936792,13032.304844000695,1,0.0004474627749485733,0.0003949394518653109,4,1
334,4,0.12501343753820066,0.12535280467964424,0,12.604424799571897,1.7086382553533952,0.0814166173122754,1141.6989700303552,11.416989700303553,0.0,107.01683504870188,54.42176934922991,35607.96490655422,94930.87811810306,35387.56050392316,2589.1499097750807,12647.939820165575,3.8736941437294377,3.8736941437294377,53.28984889758938,49888.788858956286,7498.729683785638,13032.304844000695,1,0.0007221406719282819,0.000488336999136041,4,1
335,4,0.14013978524553702,0.13931183206461692,0,11.341463080229609,1.911384766451351,0.20973719395655122,547.3221586372124,5.473221586372124,0.0,104.72647577763496,54.6557646727043,35729.33963999815,94940.97356799201,35350.779091250726,2591.864640267022,12687.939820165575,3.987044121933622,3.987044121933623,53.28984889758938,49888.788858956286,7557.2285146542345,13032.304844000695,1,0.00034509757542659596,0.000504900340767817,4,1
336,4,0.13135510950519808,0.13125194711608654,0,12.037916653553033,1.7880176639274248,0.13165674932115487,746.4755922727651,7.464755922727651,0.0,104.16444376566263,54.85639179935959,35796.01006399582,94947.82131945566,35315.81615565532,2594.444670195294,12343.001414850622,4.082273439530128,4.082273439530128,53.28984889758938,49888.788858956286,7607.385296318057,13032.304844000695,1,0.00048382111752795205,0.0005170197882942767,4,1
337,4,0.12376047823505366,0.12502722753496415,0,12.637247351247147,1.680183553333439,0.06340731223635378,569.6232698047249,5.6962326980472495,0.0,103.48038472336151,54.93223211020614,35863.456305628315,94953.54435969722,35269.189808672985,2597.889849013426,12611.424505600937,3.1957841957159023,3.1957841957159028,53.28984889758938,49888.788858956286,7626.345374029694,13032.304844000695,1,0.0003613379405644437,0.0003967522111729973,4,1
338,4,0.12594904637740822,0.12556340502396643,0,12.583284116087993,1.6912407316540718,0.07040552636333657,585.8913125218228,5.858913125218228,0.0,102.76322179300045,55.01764027620259,35928.57078421721,94958.90560740881,35076.59151283155,2612.202490469972,12835.438135166874,3.2373633009344207,3.2373633009344234,53.28984889758938,49888.788858956286,7647.697415528808,13032.304844000695,1,0.0003651710561661824,0.00040344337141952607,4,1
339,4,0.1435509758067579,0.1440837642908375,0,10.96584342987265,1.9042921356740516,0.20524818713547566,383.58971217834966,3.8358971217834967,0.0,101.36801281677963,55.181359203401534,36078.1655825327,94971.4819441547,34864.243780630946,2628.1661945228498,12875.438135166874,2.6351601530769804,2.6351601530769777,53.28984889758938,49888.788858956286,7688.627147328543,13032.304844000695,1,0.00023833889497283696,0.00032161596390115435,4,1
340,4,0.1418753996459901,0.14318094895175537,0,11.034987626268485,1.857441624328714,0.17559596476500877,895.6946503615118,8.956946503615118,0.0,102.82254443472175,55.50938814022534,36209.63189503692,94985.22910052208,34635.78801713657,2645.5562331661276,12875.438135166874,3.1142489217266496,3.1142489217266514,53.28984889758938,49888.788858956286,7770.634381534495,13032.304844000695,1,0.0005565291936218235,0.000386679714920281,4,1
341,4,0.13603488003632086,0.13724608353279855,0,11.512168211506143,1.7533086646649387,0.10968902826894851,731.0822996394952,7.310822996394952,0.0,103.23860010713611,55.67802614130934,36317.45562635635,94995.27017143568,34366.1342935508,2666.3833072590655,12451.025572040218,3.3798385905886033,3.3798385905886006,53.28984889758938,49888.788858956286,7812.7938818054945,13032.304844000695,1,0.0004697330644191749,0.00042153371767127845,4,1
342,4,0.13957420439459794,0.1405081260574594,0,11.244901233355533,1.789360988900133,0.1325069550000841,664.7456501523901,6.6474565015239016,0.0,102.45836479571682,55.86399599173207,36477.591402126796,95008.67978615384,34274.866570923194,2673.5171170285316,12102.355046798828,3.8754915871304756,3.87549158713047,53.28984889758938,49888.788858956286,7859.286344411176,13032.304844000695,1,0.0004394157319509286,0.000488559329997309,4,1
343,4,0.13373771676273655,0.1359360803388477,0,11.623109891513248,1.69059339365808,0.06999581877093661,519.4986456584649,5.194986456584648,0.0,101.25786793322763,55.93979410873531,36546.83054168699,95014.71510053241,34035.09755325059,2692.4133583177395,12266.358619445167,3.3380092938589603,3.3380092938589625,53.28984889758938,49888.788858956286,7878.235873661988,13032.304844000695,1,0.00033881197299086486,0.0004159869231203228,4,1
344,4,0.13599874315838564,0.13387170030881046,0,11.802345053923364,1.7030174996944467,0.07785917702180167,774.7670475817732,7.747670475817732,0.0,101.92350856355469,56.06739851672873,36646.78638939137,95023.45646107726,33875.059800304945,2705.1780490119468,12181.92104517965,3.43715004760073,3.4371500476007255,53.28984889758938,49888.788858956286,7910.136975660343,13032.304844000695,1,0.0005087979439094108,0.0004290085496170681,4,1
345,4,0.14615840136561303,0.14630606140187005,0,10.799279160827748,1.7919332635237102,0.13413497691374057,843.9120313526807,8.439120313526807,0.0,102.71750155487301,56.299644463738254,36753.53367247989,95033.33763332765,33519.261557544014,2733.986685738901,11924.383437733928,3.7546253308678676,3.7546253308678703,53.28984889758938,49888.788858956286,7968.198462412724,13032.304844000695,1,0.0005661757092997709,0.0004712618754000155,4,1
346,4,0.1535013669159203,0.15576983579444753,0,10.143170479327935,1.8666110662053867,0.18139940899075105,566.9189487996381,5.669189487996381,0.0,101.36316993140534,56.51166800486397,36883.62623265381,95045.4450852491,33382.554321410775,2745.2251903223655,11571.50412181978,3.8892231965244473,3.889223196524442,53.28984889758938,49888.788858956286,8021.204347694153,13032.304844000695,1,0.0003919414055986922,0.0004889716862692912,4,1
347,4,0.16576995488783047,0.16684363036486752,0,9.46994498108633,1.9761013419204096,0.2506970518483605,716.7137972435471,7.167137972435471,0.0,101.33977406643139,56.879541706817456,36980.358968741995,95058.88517953911,33052.74020781616,2772.707622294376,11571.50412181978,3.8567973953573182,3.856797395357317,53.28984889758938,49888.788858956286,8113.172773182524,13032.304844000695,1,0.0004955025999719967,0.0004845399049568199,4,1
348,4,0.16783276805184422,0.16776229852000993,0,9.41808746028563,1.949515068833163,0.23387029672985,840.1575950755777,8.401575950755777,0.0,102.08216566390547,57.28883793223155,37171.594671849,95079.28426874812,32627.919538157294,2808.9211206453215,11611.50412181978,3.888858419774634,3.888858419774631,53.28984889758938,49888.788858956286,8215.496829536049,13032.304844000695,1,0.0005788449704784027,0.0004887629920163639,4,1
349,4,0.14484022498445606,0.14577351013136952,0,10.838731938169843,1.6602380852839105,0.05078359828095595,1204.5136468729033,12.045136468729034,0.0,103.72796168016215,57.425081544585105,37296.629679557234,95091.0665551974,32412.32468081435,2827.6717903598646,11648.237863384336,4.952276328988831,4.952276328988833,53.28984889758938,49888.788858956286,8249.557732624437,13032.304844000695,1,0.0008272589629435593,0.0006338688444646529,4,1
350,4,0.1353648926000516,0.13426342899629923,0,11.76791038193692,1.5518571539027852,0.017811927909629648,387.77671269328846,3.8777671269328846,0.0,99.85825836221215,57.425081544585105,37285.83592385329,95088.1754763515,32414.86915170295,2827.473695198023,11973.776813539836,4.356357977923696,4.356357977923698,53.28984889758938,49888.788858956286,8249.557732624437,13035.819242018917,1,0.0002590839757459278,0.0005550626363892967,4,1
351,4,0.15272337073543854,0.15136947892137378,0,10.438035535688824,1.7201997027530174,0.08873398908418816,1011.908909949943,10.11908909949943,0.0,100.71025455566942,57.612218500497036,37373.95292854038,95097.6474978951,32130.254538691144,2852.5994789344973,11925.212760307593,4.603518401146549,4.603518401146549,53.28984889758938,49888.788858956286,8296.34197160242,13035.819242018917,1,0.0006788366331328027,0.00058839319060743,4,1
352,4,0.13691303359577453,0.13509448370044447,0,11.695518253013626,1.5443560332690522,0.022559472614523943,760.132145402573,7.6013214540257295,0.0,100.79549892363447,57.612218500497036,37363.24479936046,95090.39290876705,32153.831835065743,2850.559432819784,12293.390850008751,3.785217220505848,3.7852172205058503,53.28984889758938,49888.788858956286,8296.34197160242,13043.63749308056,1,0.0004946606869833846,0.0004775270986207051,4,1
353,4,0.14990568349113184,0.1479928057234451,0,10.676194645248865,1.663036390309982,0.052554677411381014,856.1732212202425,8.561732212202426,0.0,100.37553331293354,57.71063260351939,37465.907973169764,95100.43642743904,31888.12439674221,2874.3875424475036,12547.599528378665,4.4757838582382625,4.475783858238266,53.28984889758938,49888.788858956286,8320.94549735801,13043.63749308056,1,0.0005458722008357707,0.0005731231736506527,4,1
354,4,0.12765098201152691,0.12915126836528545,0,12.233716478348486,1.4281181993366303,0.09612772193884161,641.9106628645127,6.419106628645127,0.0,99.44221343609472,57.71063260351939,37459.77361881901,95077.69944621324,32023.269844514045,2862.369406657757,12035.13031407095,3.871832665748912,3.8718326657489137,53.28984889758938,49888.788858956286,8320.94549735801,13066.943999335652,1,0.0004266912919847782,0.0004890747266013112,4,1
355,4,0.12503144604412594,0.12293252204649746,0,12.852579396381275,1.4326281289514535,0.09327333610667503,1310.221114569463,13.10221114569463,0.0,101.6307138655238,57.71063260351939,37472.57724667392,95025.69750578368,32409.499501991722,2828.5125123616212,12127.875146003913,4.775497577236402,4.775497577236404,53.28984889758938,49888.788858956286,8320.94549735801,13119.635778789001,1,0.0008642708463245853,0.000612278113048378,4,1
356,4,0.12319740191133804,0.1232802278174682,0,12.816329333357396,1.4477012597930754,0.08373337987780043,943.9413787464231,9.43941378746423,0.0,101.36279472687156,57.71063260351939,37479.45796997732,94995.50874493532,32821.77851949011,2793.0885687621103,12232.110305245578,4.946028508156076,4.946028508156078,53.28984889758938,49888.788858956286,8320.94549735801,13150.528189229051,1,0.0006173530847521062,0.0006361050743538232,4,1
357,4,0.12400087493757653,0.12609308545598522,0,12.530425393956467,1.4827632998547022,0.061542215281834074,851.0197273996655,8.510197273996654,0.0,99.8010257554367,57.71063260351939,37478.4895873569,94975.6783455352,33109.49967641563,2768.8889582196016,12183.474629639964,5.264028025561453,5.264028025561448,53.28984889758938,49888.788858956286,8320.94549735801,13171.092123677161,1,0.0005588026426085735,0.0006801421912284216,4,1
358,4,0.12035435505847504,0.12128311574040515,0,13.027369806213077,1.4655127302450153,0.07246029731328152,1070.2097242902717,10.702097242902717,0.0,100.5535885786089,57.71063260351939,37477.03724113909,94943.9807740346,33412.10775476924,2743.9493338943666,12354.676754287797,4.845326816626313,4.845326816626316,53.28984889758938,49888.788858956286,8320.94549735801,13203.46119820666,1,0.0006929908377692496,0.0006230488550433098,4,1
359,4,0.1424001759732776,0.1412496268218351,0,11.185870260690526,1.7261533917524754,0.09250214667878184,766.6079182258961,7.666079182258962,0.0,99.69574500809733,57.860801903522535,37590.404640836045,94954.58117413048,33336.99643847899,2750.1577680998284,11563.501583386778,4.65127082120981,4.651270821209811,53.28984889758938,49888.788858956286,8358.487822358797,13203.46119820666,1,0.0005303638609448735,0.0005940524471075656,4,1
360,4,0.12454012745430906,0.12411763510667552,0,12.729859045751523,1.5213235303128847,0.03713700613108568,1266.883215015791,12.66883215015791,0.0,101.19720672251259,57.860801903522535,37595.348049566404,94934.82551944986,33466.219321597404,2739.645536717892,11791.423306457407,5.38160233424639,5.381602334246382,53.28984889758938,49888.788858956286,8358.487822358797,13223.926159045675,1,0.0008595286130196005,0.0006942944372445746,4,1
361,4,0.13221600053536314,0.13126424818499174,0,12.036788553218951,1.6134548397022368,0.02117394917863084,1186.206649772138,11.862066497721381,0.0,101.98368064955845,57.918640506505724,37666.53406233811,94941.49666600188,33449.450304987244,2741.04513532463,11861.060509106546,5.642737482257628,5.642737482257628,53.28984889758938,49888.788858956286,8372.947473104594,13223.926159045675,1,0.0008000678515122026,0.0007299867751588921,4,1
362,4,0.14238223996604502,0.14534858260206748,0,10.870419041688857,1.7136520489997062,0.08458990443019378,645.2523904967338,6.452523904967339,0.0,98.57084369585519,58.03512899860075,37791.8496527259,94952.70972764808,33219.367374684385,2760.098200695659,12048.6115266411,5.379480950489985,5.379480950489984,53.28984889758938,49888.788858956286,8402.069596128349,13223.926159045675,1,0.0004284326963783298,0.0006960097203033776,4,1
363,4,0.1628984600889436,0.16115508621817956,0,9.804220500126936,1.9258146401179541,0.21887002539111014,828.0531361485514,8.280531361485513,0.0,98.14907569629841,58.40963305305289,37948.31100530525,94969.47476322169,32924.01741755043,2784.93663176848,11616.975549434475,4.685307011403117,4.685307011403114,53.28984889758938,49888.788858956286,8495.695609741386,13223.926159045675,1,0.0005702366387016192,0.0005995790621973839,4,1
364,4,0.18588949672595045,0.18634748586181396,0,8.478783562294206,2.1818960237217353,0.38094685045679444,438.869075928437,4.38869075928437,0.0,96.52553737025019,58.672954498609954,38115.043864964326,94987.37806781118,32806.26166857305,2794.9725398136693,11090.053298263996,3.5181424635788665,3.5181424635788634,53.28984889758938,49888.788858956286,8561.525971130652,13223.926159045675,1,0.0003165857289411847,0.00043841835467371123,4,1
365,5,0.19894696037561097,0.1952238998892951,0,8.093271371466122,2.447076090689164,0.5487823358792178,1102.1570907594398,11.021570907594398,0.0,109.42445693352519,68.09211391530991,36422.19723504506,95017.61055925985,34555.78659887207,2809.380849819732,11033.903536603171,4.464399886303452,4.464399886303448,55.169517683015854,49833.61934127327,8726.849534744568,13223.926159045675,1,0.000799105837460488,0.0005619760683677639,7,1
366,5,0.20556241894144195,0.20643868353566258,0,7.653604319400984,2.4853331842623105,0.5729956862419686,506.1076309891842,5.061076309891842,0.0,107.72488618712447,68.39577849390342,36586.0859001326,95036.15247522964,34260.38003571768,2833.683080639182,11033.903536603171,3.964106991691239,3.9641069916912417,55.169517683015854,49833.61934127327,8802.765679392945,13223.926159045675,1,0.00036694729426281817,0.0004942129535548302,7,1
367,5,0.19216795740322987,0.19305466101815916,0,8.184210584024084,2.3050487083625053,0.45889158757120585,746.0655820887221,7.4606558208872205,0.0,107.23219252133191,68.84341784315666,36752.213035616594,95058.16113527837,34125.13840629327,2844.9542605537763,11073.903536603171,4.502335960252588,4.502335960252581,55.169517683015854,49833.61934127327,8914.675516706253,13223.926159045675,1,0.0005389720649978294,0.0005683417322403786,7,1
368,5,0.18966525960096284,0.1868473496518972,0,8.456100677604432,2.2518562327314497,0.42522546375408204,416.9166249809846,4.169166249809846,0.0,105.85201302272264,69.09356781814525,36916.0471125177,95075.45040121491,33951.18807633825,2859.5790471263845,10845.302697258052,3.3089903197340793,3.308990319734082,55.169517683015854,49833.61934127327,8977.2130104534,13223.926159045675,1,0.0003075371055056977,0.0004044854882554484,7,1
369,5,0.19050169685432577,0.1934532432332336,0,8.167348210828909,2.2339298602094124,0.41387965836038754,537.8293643631555,5.378293643631555,0.0,105.38724349067132,69.41626543676314,37052.804307824284,95094.0551562708,33741.79000939098,2877.3814103047794,10885.302697258052,3.3750416677106614,3.3750416677106614,55.169517683015854,49833.61934127327,9057.887415107874,13223.926159045675,1,0.00039527012105865044,0.0004139264305207258,7,1
370,5,0.18752896692661042,0.18976570617320107,0,8.326056545527347,2.1809650498286093,0.3803576264738033,852.3549376177933,8.523549376177934,0.0,106.79911058730335,69.92767839933381,37196.53294088013,95117.37634524914,33602.9308983304,2889.3277852230513,10133.688555242748,3.732199651055337,3.732199651055332,55.169517683015854,49833.61934127327,9185.740655750544,13223.926159045675,1,0.000672888204898952,0.0004585651438211,7,1
371,5,0.11769661534325854,0.11643023698370762,0,13.57035801809021,1.4086939044172258,0.10842157948276855,890.1606093059082,8.901606093059083,0.0,107.60386176233108,69.92767839933381,37209.28880866185,95081.28786008163,34089.65656654412,2848.1966050362,10144.144618193552,4.694581334661103,4.694581334661099,55.169517683015854,49833.61934127327,9185.740655750544,13260.558013758551,1,0.000702009399755128,0.0005900559085709102,7,1
372,5,0.12166804984044194,0.11643023698370762,1,13.57035801809021,1.470779336563899,0.06912700217474749,754.8678852632088,7.548678852632088,0.0,106.68842549138097,69.92767839933381,37213.15565435832,95062.22271273116,34260.086483733445,2834.1150886570367,10427.523708566843,5.128259478498193,5.12825947849819,55.169517683015854,49833.61934127327,9185.740655750544,13280.227984437239,1,0.0005791349174439482,0.0006513441740326761,7,1
373,5,0.12683622763774605,0.12731069167091438,0,12.410583740163354,1.5241015454649047,0.03537876869309832,611.8434037302616,6.118434037302616,0.0,105.26141053247625,69.92767839933381,37203.85477913512,95053.88100241635,34158.179223778105,2842.654814313231,10446.433750223292,4.625390958164707,4.62539095816471,55.169517683015854,49833.61934127327,9185.740655750544,13289.11970481075,1,0.0004685567674937361,0.0005832336948976041,7,1
374,5,0.13065867749841248,0.1298747647045258,0,12.165565832551158,1.5662319531469306,0.008713953704474321,745.6791232681758,7.456791232681758,0.0,105.3137624801269,69.94259198179918,37186.38162746844,95051.7338934455,34117.01165881197,2846.119704416546,10793.07512448399,4.250458933521401,4.250458933521401,55.169517683015854,49833.61934127327,9189.469051366885,13292.080870588683,1,0.0005527092990034766,0.0005334669946470536,7,1
375,5,0.12488048483647478,0.12452635079645763,0,12.68807758273236,1.5046385771816606,0.04769710304958193,631.3339256891825,6.313339256891825,0.0,104.83711638902113,69.94259198179918,37177.49066773989,95040.23149766496,34204.67195892815,2838.885086878779,10666.995495696554,3.9959581069302312,3.99595810693023,55.169517683015854,49833.61934127327,9189.469051366885,13304.066844294424,1,0.00047348584777701287,0.0004982506380914086,7,1
376,5,0.11081145764832831,0.11115461646232055,0,14.214434364366612,1.376497062259434,0.12879932768390262,923.2443849028068,9.23244384902807,0.0,105.7302678561494,69.94259198179918,37187.08928199214,94994.58301246856,34731.69797173875,2795.988588985804,10753.103579722045,4.527339450793848,4.52733945079385,55.169517683015854,49833.61934127327,9189.469051366885,13350.250511371563,1,0.0006868672866827694,0.0005710208111544196,7,1
377,5,0.07619663515059405,0.07630560313854003,0,20.706212060618416,0.9959526167398677,0.369650242569704,528.1140102862341,5.2811401028623415,0.0,104.14322368328673,69.94259198179918,37215.76189137298,94945.8879193028,35628.782766733355,2725.8258231431805,10697.788851543844,4.139858453157821,4.139858453157826,55.169517683015854,49833.61934127327,9189.469051366885,13399.409142232504,1,0.00039493320918183557,0.0005184287812138726,7,1
378,5,0.07803942375472732,0.07929707068415792,0,19.925073982785275,1.104220975201033,0.30112596506263734,903.8862659093804,9.038862659093805,0.0,104.85058830588484,69.94259198179918,37283.85350511085,94864.0087517485,37072.349651337165,2620.0415215780554,10737.788851543844,4.6274566744103245,4.627456674410324,55.169517683015854,49833.61934127327,9189.469051366885,13481.767917124518,1,0.0006734245036151351,0.00058507499982658,7,1
379,5,0.08205216439636526,0.08272582027154914,0,19.09923642719551,1.2134376037362893,0.23200151662260177,660.6842918197617,6.606842918197617,0.0,104.46247073892782,69.94259198179918,37318.54239473542,94809.2985979405,37902.12742340708,2562.9266644956,10435.281851200334,4.1975382544789355,4.197538254478939,55.169517683015854,49833.61934127327,9189.469051366885,13536.882900723027,1,0.0005065003906866324,0.000524952701161201,7,1
380,5,0.08127243060776858,0.08137031978514715,0,19.417399417525747,1.2497842053784423,0.20899733836807455,604.1678657073783,6.041678657073783,0.0,103.51267123278299,69.94259198179918,37347.64757662148,94764.77631771538,38651.062630810506,2513.4465550617756,10043.747619419348,4.418316787518248,4.418316787518245,55.169517683015854,49833.61934127327,9189.469051366885,13581.799773145976,1,0.00048122903011958137,0.0005537179748071162,7,1
381,5,0.07941950876616274,0.07970950774565845,0,19.821976633472037,1.2685446460814325,0.1971236417206124,629.7520584622716,6.297520584622717,0.0,103.34708243894117,69.94259198179918,37380.38218956868,94720.78624877793,39393.115122887146,2466.2765015743553,10083.747619419348,3.9932947527405536,3.9932947527405545,55.169517683015854,49833.61934127327,9189.469051366885,13626.134348262709,1,0.0004996174694015476,0.0004957822967359204,7,1
382,5,0.0798292364205728,0.07893610068550742,0,20.01619013706977,1.322128315923301,0.16320992663082215,818.0844908539921,8.180844908539921,0.0,104.0767581981393,69.94259198179918,37419.89569156891,94670.65368523952,40115.02837292969,2422.1189769801167,10123.747619419348,4.335034609192265,4.335034609192266,55.169517683015854,49833.61934127327,9189.469051366885,13676.628774478577,1,0.000646467708685068,0.0005424380694020657,7,1
383,5,0.07424253487165086,0.07374094608043011,0,21.426359220787262,1.319204149196165,0.16506066506571837,1133.6002146640433,11.336002146640434,0.0,105.72200870763032,69.94259198179918,37488.662026538346,94592.57893030057,41553.67501044787,2338.5691804321923,9751.19324717699,5.447586574272522,5.447586574272528,55.169517683015854,49833.61934127327,9189.469051366885,13755.111594136142,1,0.0009300196896351942,0.0006920349559072699,7,1
384,5,0.06918791709843489,0.07021064226048125,0,22.50371096362009,1.288411601086076,0.18454961956577473,947.1629231893057,9.471629231893058,0.0,105.57091688582422,69.94259198179918,37556.721069549734,94524.2497633037,42542.46436910766,2284.53740671984,9791.19324717699,6.112802351796476,6.112802351796478,55.169517683015854,49833.61934127327,9189.469051366885,13823.879971978347,1,0.0007738896776140278,0.00078345902531143,7,1
385,5,0.06256985474509533,0.06282852786266363,0,25.14781188974711,1.2565481864324475,0.20471633770098263,929.6173550373949,9.296173550373949,0.0,104.87968540735832,69.94259198179918,37638.26019254089,94449.09782855136,44182.1479015481,2200.051383922635,9831.19324717699,6.376291222347679,6.376291222347685,55.169517683015854,49833.61934127327,9189.469051366885,13899.458593701635,1,0.000756463498714631,0.0008201242886546177,7,1
386,5,0.06005160144630345,0.06039973985320547,0,26.159053066122567,1.264207378462317,0.19986874780866024,718.0895922023658,7.180895922023658,0.0,103.50687706419778,69.94259198179918,37694.111277585274,94395.63562848276,45238.71486086408,2148.90161301851,9871.19324717699,5.522710993145319,5.522710993145312,55.169517683015854,49833.61934127327,9189.469051366885,13953.274934280938,1,0.0005819678121752734,0.0007041069961679773,7,1
387,5,0.057547755501598116,0.05733794174419754,0,27.555924610075355,1.255689516526114,0.20525979966701655,482.11512603911945,4.821151260391194,0.0,101.37865850285586,69.94259198179918,37732.37643452913,94361.30221578262,46057.97249673043,2110.8187217122886,9911.19324717699,4.577124000977967,4.577124000977973,55.169517683015854,49833.61934127327,9189.469051366885,13987.892873571393,1,0.0003891479978368421,0.0005758597695755822,7,1
388,5,0.0528060249995316,0.05275161616490624,0,29.95168896931574,1.2361617413235142,0.217619151061067,891.5085673202135,8.915085673202135,0.0,102.51003415903378,69.94259198179918,37833.19322090993,94283.68949097523,47710.32820017096,2038.0769760570827,9585.534420061162,4.563897733346382,4.563897733346384,55.169517683015854,49833.61934127327,9189.469051366885,14065.760714986342,1,0.0007440449562869757,0.0005717202554330305,7,1
389,5,0.05664985529877975,0.0557509937295867,0,28.340302016204312,1.3585270407732573,0.1401727590042676,755.12860480476,7.551286048047601,0.0,102.76140841597149,69.94259198179918,37885.27528342979,94243.12624754888,48291.792367723254,2013.7420659607174,9634.117293634255,4.672570464299345,4.672570464299343,55.169517683015854,49833.61934127327,9189.469051366885,14106.58038940006,1,0.000627045390284971,0.0005867461148029296,7,1
390,5,0.05216293165025857,0.051906467039479626,0,30.439367002155343,1.3314371009180126,0.15731829055821991,1027.1195097949508,10.271195097949509,0.0,103.61007665389148,69.94259198179918,37984.30061734878,94174.16366176885,49825.41600595238,1952.0559910582194,9634.117293634255,5.804253354741379,5.804253354741383,55.169517683015854,49833.61934127327,9189.469051366885,14175.84216284082,1,0.0008529018100899561,0.0007413307188873009,7,1
391,5,0.052468471701994354,0.05240054687845477,0,30.152357067281667,1.368543895228642,0.1338329777033912,588.749071880833,5.88749071880833,0.0,101.7735166644373,69.94259198179918,38020.43326353567,94145.45360471416,50369.375359992024,1931.106597995778,9631.574663487105,5.176826268301244,5.176826268301243,55.169517683015854,49833.61934127327,9189.469051366885,14204.813742234106,1,0.0004890158400476351,0.0006563210134741874,7,1
392,5,0.05278232181098887,0.052883220298403893,0,29.877151790010927,1.4102400048411585,0.10744303491065921,656.6374418057601,6.566374418057601,0.0,100.92240723658466,69.94259198179918,38049.156063030176,94118.84160174885,50980.12199483056,1908.0789056169915,9324.682466987282,5.0312064915922114,5.031206491592211,55.169517683015854,49833.61934127327,9189.469051366885,14231.665809224583,1,0.0005633542539431167,0.0006350906346935693,7,1
393,5,0.05657866583369441,0.05697469242799114,0,27.731610872615445,1.5168391022275087,0.039975251754741356,538.6005994286643,5.386005994286643,0.0,100.26105909453467,69.94259198179918,38046.82902103703,94110.69326032436,51067.75722245005,1904.8464445056654,9399.4302570842,4.065569818403417,4.065569818403417,55.169517683015854,49833.61934127327,9189.469051366885,14240.009017906763,1,0.00045841127361755124,0.0005035937892027676,7,1
394,5,0.053899709071257726,0.05358585216597568,0,29.485394672947287,1.49439046382848,0.054183250741468424,1175.3522074482053,11.753522074482053,0.0,102.42656377405136,69.94259198179918,38084.557397060176,94080.66543951616,51934.15683700167,1873.162344200254,9203.443606758763,5.378556922197045,5.37855692219704,55.169517683015854,49833.61934127327,9189.469051366885,14270.280430051633,1,0.001021662984133511,0.0006811428372313931,7,1
395,5,0.05407601578706565,0.05396606650296592,0,29.277657283270123,1.5082535034643152,0.04540917502258537,634.2087226025441,6.342087226025441,0.0,100.9601547313718,69.94259198179918,38081.826420999874,94069.2713411894,52090.12697629026,1867.6081456135478,9429.746297162159,5.301557161177151,5.301557161177158,55.169517683015854,49833.61934127327,9189.469051366885,14281.919676419777,1,0.0005380494470299007,0.0006727079015936543,7,1
396,5,0.05361247873365253,0.05406837049635743,0,29.2222603621177,1.5004607183093286,0.05034131752574144,1040.2089439280332,10.402089439280333,0.0,101.52732183182124,69.94259198179918,38105.780435909255,94045.96977928633,52181.365689139035,1864.4755735119331,9543.955523434559,6.3052813532435765,6.305281353243586,55.169517683015854,49833.61934127327,9189.469051366885,14305.514937443979,1,0.0008719310909392805,0.0008105478407008974,7,1
397,5,0.052426690428836534,0.05246025112531455,0,30.118041109368143,1.502960516049564,0.04875916705723799,988.835184427114,9.88835184427114,0.0,102.13352630709042,69.94259198179918,38127.469958011614,94024.7775399719,52813.07204889731,1842.2403977591052,9739.214176653742,5.790198287569372,5.7901982875693765,55.169517683015854,49833.61934127327,9189.469051366885,14326.975851365301,1,0.0008122504887899397,0.0007407436755863736,7,1
398,5,0.04799772927841807,0.04744201887972666,0,33.30381036282542,1.3930874548012402,0.11829907923972144,581.0857673142981,5.810857673142981,0.0,99.77364715724606,69.94259198179918,38161.50960973623,93999.41540151487,53142.12611715138,1830.9700326850664,9329.325013873175,5.701028656671549,5.701028656671546,55.169517683015854,49833.61934127327,9189.469051366885,14352.588754824008,1,0.0004982875107900684,0.0007274896968397629,7,1
399,5,0.05091587034804441,0.050694886837787285,0,31.166851305056852,1.481381465460518,0.06241679401233045,545.6635780613295,5.456635780613295,0.0,98.27662753377116,69.94259198179918,38175.20331927371,93987.00818287265,53207.81966854728,1828.7811147304276,9568.188260334698,4.674037286548095,4.674037286548097,55.169517683015854,49833.61934127327,9189.469051366885,14365.206233823972,1,0.0004562314730561057,0.0005889231575453713,7,1
400,5,0.05110813985882979,0.05061466829342551,0,31.216247251495492,1.5002453845400405,0.05047760472149338,722.781221839504,7.227812218395041,0.0,98.77837361870954,69.94259198179918,38183.625569919,93972.31642411182,53445.693839663305,1820.708814543137,9830.2412691259,4.120741999509902,4.1207419995099,55.169517683015854,49833.61934127327,9189.469051366885,14380.086457205198,1,0.0005882103619243303,0.0005142431152568347,7,1
401,5,0.054242533179418705,0.054153170487888924,0,29.176500392592136,1.5942604475912336,0.00902559974128707,557.1373850600875,5.5713738506008745,0.0,98.15695764535269,69.95373472950038,38188.099074157595,93971.7531601124,53479.4190893268,1819.5641551239335,9697.33084671327,4.029341942213114,4.029341942213118,55.169517683015854,49833.61934127327,9192.254738292186,14380.922163282788,1,0.00045962122474055327,0.0005013543532403298,7,1
402,5,0.05671405493157046,0.0571364477299276,0,27.653101702582905,1.65131350242028,0.04513512811410127,750.394620169735,7.50394620169735,0.0,98.64092826404881,70.02420025540303,38247.5389210987,93974.15314642857,53229.20887088841,1828.1472727274224,9528.692570823705,4.46059174851723,4.46059174851723,55.169517683015854,49833.61934127327,9209.871119767848,14380.922163282788,1,0.0006300084630434183,0.000559280016569434,7,1
403,5,0.059171390931395236,0.058804798250755866,0,26.86855574714417,1.6742454805402083,0.059649038316587466,1262.6774089764153,12.626774089764154,0.0,100.92755321511311,70.18062563008755,38317.61672089847,93977.44291894435,52474.02536208936,1854.543497075649,9578.780225271983,5.602118575665562,5.602118575665569,55.169517683015854,49833.61934127327,9248.977463438976,14380.922163282788,1,0.0010545621712000914,0.0007147306196613542,7,1
404,5,0.06286896309023414,0.06247959930561977,0,25.28825436718007,1.7562279962483318,0.11153670648628591,978.6891131521622,9.786891131521623,0.0,100.65726799837927,70.40558334780616,38436.3719562692,93982.53376120557,52139.621468370686,1866.47971939645,9745.309178538237,6.431095609008083,6.431095609008086,55.169517683015854,49833.61934127327,9305.21689286863,14380.922163282788,1,0.0008034134948186118,0.0008293280430207072,7,1
405,5,0.06336313300185173,0.06353966618268926,0,24.866356638657557,1.7670052570115926,0.11835775760227375,1121.6575089763617,11.216575089763618,0.0,100.56126029271287,70.67647499704692,38563.361130316705,93987.67391123364,52095.14526151348,1868.0825112759742,9902.582907459651,7.096707072213859,7.096707072213855,55.169517683015854,49833.61934127327,9372.939805178821,14380.922163282788,1,0.0009061534910302347,0.0009213763856829793,7,1
406,5,0.06724640716863761,0.06673005736873262,0,23.677486013077115,1.831327889912547,0.15906828475477647,1037.4223647457516,10.374223647457516,0.0,100.77248497174361,71.01242729071109,38651.06471890032,93992.71864557263,51481.78803141301,1890.4125791996844,9362.030213683314,6.709964920468168,6.709964920468169,55.169517683015854,49833.61934127327,9456.92787859486,14380.922163282788,1,0.0008864934985828015,0.0008653534948105493,7,1
407,5,0.06595603715130406,0.06572889750857323,0,24.038133300408933,1.792623616609658,0.134571909246619,647.0665520830084,6.470665520830084,0.0,98.76809896366181,71.190238654149,38733.476882592986,93996.74923748891,51430.83264393174,1892.2956705218426,8825.152137396804,6.197913362886466,6.1979133628864655,55.169517683015854,49833.61934127327,9501.380719454337,14380.922163282788,1,0.0005865657992147672,0.0007930709296092678,7,1
408,5,0.058472953213247365,0.05923065937399741,0,26.675374150800504,1.5811320990359887,0.0007165183772080088,443.16758232884445,4.431675823288445,0.0,96.40115084355847,71.19910200579558,38778.236672393024,93997.9484918708,51299.757731992424,1897.1522591582284,9077.3208042166,4.92246438230345,4.922464382303448,55.169517683015854,49833.61934127327,9503.596557365981,14381.586914656282,1,0.00039057126382311763,0.0006212101872068955,7,1
409,5,0.05865067673747793,0.058932217569502,0,26.810462344075535,1.5754754005955338,0.002863670509155858,791.5463717342666,7.915463717342666,0.0,97.31438291239432,71.21493293323027,38784.81594813451,93997.10445214246,51130.65013292257,1903.4554466477566,8827.311949100593,4.5256637406808915,4.525663740680885,55.169517683015854,49833.61934127327,9507.554289224652,14382.774234213883,1,0.0007173611865523041,0.0005648327498633962,7,1
410,5,0.06005777930867074,0.05959160233476691,0,26.513802920150667,1.6115325098881683,0.019957284739346992,810.1286805860647,8.101286805860648,0.0,97.98197118280284,71.25010081010974,38839.99866177903,93999.41652744256,51103.16931063319,1904.4870926275173,9191.577994271005,4.800813956802761,4.8008139568027675,55.169517683015854,49833.61934127327,9516.346258444519,14382.774234213883,1,0.0007051052005137815,0.0006043458836297344,7,1
411,5,0.055717495446222606,0.056307113983477514,0,28.06039749193375,1.5131109452676916,0.04233484476728382,1123.6719341115388,11.236719341115387,0.0,99.13566904405727,71.25010081010974,38862.303002131586,93977.64081066441,51411.947335640594,1893.1493097145042,9519.58126439337,6.139246665232367,6.139246665232372,55.169517683015854,49833.61934127327,9516.346258444519,14404.843805993094,1,0.0009443036645441311,0.0007889233505367389,7,1
412,5,0.033246845899164865,0.03314658265985805,0,47.66705564231358,1.0133767936604134,0.3586222824934092,854.7672895977284,8.547672895977284,0.0,98.58061976678816,71.25010081010974,39035.22218204128,93900.58431057398,54473.17480632336,1787.1548467992613,9173.061895058801,6.219767390066521,6.21976739006652,55.169517683015854,49833.61934127327,9516.346258444519,14482.156150230241,1,0.0007454586478333136,0.0007982891709637421,7,1
413,5,0.035333176457054846,0.03552538792769419,0,44.475235660081125,1.1694617902998166,0.259834309936825,708.4657719959292,7.084657719959292,0.0,97.09234386017613,71.25010081010974,39163.71011496514,93836.61568149147,56768.90437797275,1715.1699459512467,9101.253961769035,6.016474645109455,6.016474645109455,55.169517683015854,49833.61934127327,9516.346258444519,14546.351036710263,1,0.0006227412398088696,0.0007708345173954382,7,1
414,5,0.033291516604862625,0.03289367620038383,0,48.03354877012997,1.181705838770553,0.2520849121705361,487.5974854296942,4.875974854296942,0.0,95.29920359620314,71.25010081010974,39259.92722218252,93792.6202778312,58792.12574442013,1656.3166282497916,9101.253961769035,4.75439975699357,4.7543997569935765,55.169517683015854,49833.61934127327,9516.346258444519,14590.513235303737,1,0.00042859807009267866,0.0005989326525782872,7,1
415,5,0.03592613716128998,0.03571947093941562,0,44.23357789032945,1.3465177224617026,0.14777359337866924,740.874976520305,7.4087497652030505,0.0,95.83132015971469,71.25010081010974,39348.19975723464,93748.00783025104,60416.45988796278,1611.9580073304671,9141.253961769035,4.518625636288581,4.5186256362885775,55.169517683015854,49833.61934127327,9516.346258444519,14635.276191548917,1,0.00064837929642373,0.0005665728687750928,7,1
416,5,0.03344766016062911,0.03387761058667539,0,46.638472213310095,1.331968341966535,0.15698206204649692,746.0814703166113,7.460814703166114,0.0,96.32560797458869,71.25010081010974,39452.41961387266,93700.11973648127,62279.336742928586,1563.924625514256,9181.253961769035,4.585475007771228,4.585475007771226,55.169517683015854,49833.61934127327,9516.346258444519,14683.308671299796,1,0.0006500911299683576,0.0005756894988282554,7,1
417,5,0.03585211082387261,0.0354236282157923,0,44.60299747883014,1.4578820119664906,0.07728986584399335,685.2380902362563,6.8523809023625635,0.0,95.88538620394422,71.25010081010974,39493.34106784106,93678.6944925882,62935.5691978688,1547.7061813815412,9135.601585268987,5.002852664764469,5.002852664764461,55.169517683015854,49833.61934127327,9516.346258444519,14704.887530388854,1,0.0006000595221588402,0.0006328433161836426,7,1
418,5,0.033036295542136156,0.03268207994736769,0,48.344536288525234,1.421092945118337,0.10057408536814122,1112.0666179822258,11.120666179822258,0.0,97.43538639424656,71.25010081010974,39626.273892975114,93620.93344779895,64735.76060052189,1504.9189616276135,9100.191380221064,5.8117136606225595,5.811713660622562,55.169517683015854,49833.61934127327,9516.346258444519,14762.81639623301,1,0.000977620422708263,0.0007425903582784869,7,1
419,5,0.035348693763580775,0.03511047951219262,0,45.00080950051742,1.5332220140510806,0.029606320220835102,516.7693672670922,5.167693672670922,0.0,95.2065166696292,71.25010081010974,39630.90302867551,93615.0655947036,65005.06882615584,1498.7028949218566,9041.546469084253,5.335979149993306,5.335979149993303,55.169517683015854,49833.61934127327,9516.346258444519,14768.83646457616,1,0.0004572398043047888,0.0006783065830572974,7,1
420,5,0.023586490934727172,0.02374370386051284,0,66.54395663296795,1.132919243981704,0.28296250380904814,595.5905006949555,5.955905006949555,0.0,93.87882122435684,71.25010081010974,39804.27761925214,93561.4732878042,68411.89910147114,1424.28213357313,9041.546469084253,5.152795162588937,5.152795162588937,55.169517683015854,49833.61934127327,9516.346258444519,14822.561424011446,1,0.0005269810891147503,0.000653947105375934,7,1
421,5,0.024244849218883903,0.024448661922939027,0,64.62521364073346,1.2666320603669923,0.19833413900823277,703.9381981096464,7.039381981096463,0.0,94.42092439765305,71.25010081010974,39985.14822595202,93502.83785523391,71354.05989644586,1365.8018594944626,9041.546469084253,4.291703072336639,4.291703072336632,55.169517683015854,49833.61934127327,9516.346258444519,14881.298287034591,1,0.0006228476073349809,0.0005356895002515067,7,1
422,5,0.024042239432597985,0.02422008906098617,0,65.23510281161894,1.3738317997092697,0.13048620271565212,1016.9506100833852,10.169506100833852,0.0,95.81040890819457,71.25010081010974,40201.19234447892,93433.45592352508,74632.82188383784,1306.0843209782931,9081.546469084253,5.362867139103098,5.362867139103096,55.169517683015854,49833.61934127327,9516.346258444519,14950.796556974168,1,0.0008958391512241464,0.0006818892825579591,7,1
423,5,0.023927539984032725,0.02382068352092098,0,66.32891111677523,1.4063987549749775,0.10987420571203962,492.27688469468353,4.922768846946836,0.0,93.66837901725093,71.25010081010974,40259.93741164957,93412.58816821857,75695.44589021239,1287.8323460827205,8955.162654893498,5.147358292798907,5.1473582927988994,55.169517683015854,49833.61934127327,9516.346258444519,14971.771631262312,1,0.00043977035698011065,0.0006528190385130792,7,1
424,5,0.023212413042713712,0.023145554640052343,0,68.26364822841104,1.4536316989283848,0.07997993738709824,911.2633066623528,9.112633066623529,0.0,94.39669740017926,71.25010081010974,40379.60912239442,93375.30276229752,78136.1383960826,1247.7220463406168,8838.600673354891,5.646826174842412,5.64682617484241,55.169517683015854,49833.61934127327,9516.346258444519,15009.16587442205,1,0.000824803237833314,0.0007201375820125237,7,1
425,5,0.02547385538506884,0.025308129580231202,0,62.43053225214149,1.583142398196445,0.0019888596180031052,577.6935474294204,5.776935474294204,0.0,93.49230803119006,71.26165468105833,40385.65869939938,93374.57346571881,77839.68679148365,1252.494359827802,9016.890808997567,4.702771142586622,4.7027711425866245,55.169517683015854,49833.61934127327,9519.234726181667,15010.032414743193,1,0.0005125434562015234,0.000592372350338316,7,1
426,5,0.026335133510969277,0.026217777901949832,0,60.26445131654329,1.6210837211147793,0.026002355135936205,572.7653839238944,5.727653839238944,0.0,92.32831906263975,71.29232358366205,40422.470021122244,93375.30788149002,77468.79441919569,1258.510598428802,9054.25707296552,4.857855550469877,4.857855550469872,55.169517683015854,49833.61934127327,9526.901951832599,15010.032414743193,1,0.0005060738870638652,0.0006144735270329009,7,1
427,5,0.02647213268732555,0.0262482351040128,0,60.19452331705347,1.5573647938129846,0.014326079865199633,1028.6602542389192,10.286602542389192,0.0,93.98834416383616,71.31289678874683,40421.056770202,93373.74144864711,75737.20568325801,1287.3832554707367,9166.788216719955,5.037346426157568,5.037346426157568,55.169517683015854,49833.61934127327,9532.045253103794,15011.787130673536,1,0.0008977279543669812,0.0006387817658774567,7,1
428,5,0.027048436417427473,0.026639886286364777,0,59.30956247394717,1.5758583604450533,0.0026212908575612213,774.8619356126918,7.748619356126918,0.0,93.61681589997478,71.32839402745908,40422.77915908446,93372.66170419207,75370.38329054466,1293.6765583524145,9445.08807903921,5.374712971884129,5.374712971884124,55.169517683015854,49833.61934127327,9535.919562781857,15013.048011590836,1,0.0006563089124238331,0.0006867035846182265,7,1
429,5,0.029733883570729407,0.0297054720412224,0,53.18885348152111,1.7312939132064042,0.09575564126987605,559.8808699664796,5.598808699664796,0.0,91.47209825654018,71.43670485538293,40466.99893389674,93373.75021706747,75348.27327001195,1294.0591817346376,9538.780659885326,5.274106675940236,5.2741066759402395,55.169517683015854,49833.61934127327,9562.997269762818,15013.048011590836,1,0.00046956179405279293,0.000674532886947869,7,1
430,5,0.03258791325483436,0.03262387776230674,0,48.43078470044766,1.894652232721938,0.1991469827354037,547.7331583114133,5.4773315831141325,0.0,90.62866728235477,71.65701072735828,40555.443859915555,93375.78222228691,75292.35370342644,1295.0243051805826,9538.780659885326,4.204217357961793,4.204217357961788,55.169517683015854,49833.61934127327,9618.073737756657,15013.048011590836,1,0.00045937373158384207,0.0005284148126868227,7,1
431,5,0.033292640815053426,0.03335296910238217,0,47.372094374864865,1.89645597451229,0.2002885914634746,1323.213826995769,13.23213826995769,0.0,93.47850517440696,72.18999425868655,40729.58690557998,93379.28156109419,74527.85870053765,1308.3505569224458,9538.780659885326,5.318507976064149,5.318507976064142,55.169517683015854,49833.61934127327,9751.319620588725,15013.048011590836,1,0.0011097551137205217,0.0006795635464523856,7,1
432,5,0.03567574495763819,0.03505794188562407,0,45.06824745031305,1.9327233720115515,0.22324264051364015,1085.530218613048,10.85530218613048,0.0,94.20683496517022,72.67833834926661,40850.763199001514,93382.52704841657,72683.58775511265,1341.6514628571558,9578.780659885326,6.383279503366093,6.3832795033660865,55.169517683015854,49833.61934127327,9873.405643233742,15013.048011590836,1,0.000906612444449516,0.0008252470965846266,7,1
433,5,0.03844617945142108,0.03505794188562407,1,45.06824745031305,2.0648279212438205,0.30685311471127874,537.3603104534058,5.373603104534058,0.0,90.47182513656556,73.00075453553865,40976.10195577558,93385.24917138575,72369.6767123416,1347.4912602150291,9517.95822848902,6.352480529601674,6.352480529601669,55.169517683015854,49833.61934127327,9954.009689801753,15013.048011590836,1,0.00045166015446042735,0.0008226759042101551,7,1
434,5,0.03793410491242436,0.03862027372570969,0,40.91115488257627,2.0098873663709775,0.27208061162720093,388.41938999004685,3.8841938999004686,0.0,88.07403475722035,73.21438744085077,41060.01479037917,93387.71275549443,71881.46106376343,1356.6724836797914,9299.105312530566,4.463943951624408,4.463943951624415,55.169517683015854,49833.61934127327,10007.417916129783,15013.048011590836,1,0.00033415635327123426,0.0005641429840603925,7,1
435,5,0.038469026458958465,0.03858056905394415,0,40.953258045282105,2.034105500951059,0.2874085449057336,835.6560008571174,8.356560008571174,0.0,89.47725854114482,73.70110172698801,41188.32788356202,93391.73352328227,71808.92963392822,1358.0512971355145,9055.726222157275,4.069170650660589,4.069170650660586,55.169517683015854,49833.61934127327,10129.096487664094,15013.048011590836,1,0.0007382343329350746,0.000508016946888912,7,1
436,5,0.04063147416310342,0.040246304217627565,0,39.25826310550951,2.1230840785362513,0.3437241003393995,663.78901313892,6.6378901313892005,0.0,89.64892465757534,74.09937513487137,41300.40345708331,93395.26732852423,71384.48454663083,1366.1526026338959,9095.726222157275,4.3898745744809,4.389874574480901,55.169517683015854,49833.61934127327,10228.664839634932,15013.048011590836,1,0.000583824971795588,0.0005520718860006322,7,1
437,5,0.042956076871901956,0.04327724163257713,0,36.508796318724904,2.2396881365793444,0.4175241370755344,874.4646169602319,8.74464616960232,0.0,90.19859089793508,74.6240539050475,41466.03125300245,93400.10444015749,71307.32437324981,1367.6381355420249,9135.726222157275,5.44071594190706,5.4407159419070625,55.169517683015854,49833.61934127327,10359.834532178967,15013.048011590836,1,0.0007657537852562655,0.0006959376966623093,7,1
438,6,0.04116436759168606,0.041612163035486815,0,37.96966763425822,2.1758244283461208,0.3771040685734941,470.4991245514474,4.704991245514474,0.0,100.2271623698993,81.72059284424682,39457.60304658957,93402.51574767212,72843.21379211942,1378.1189281792476,9175.726222157275,4.680849810331728,4.680849810331736,45.87863111078637,49787.740710162485,10430.409400861685,15013.048011590836,1,0.000410211999059257,0.0005865969187037035,10,1
439,6,0.03999262784639606,0.03956898826373061,0,39.93026027021889,2.0876089607265547,0.32127149413073075,752.6602571990682,7.526602571990682,0.0,100.51788304656687,82.17218899856627,39585.7409260928,93406.07956715766,72389.68461318157,1386.7796944334739,9175.726222157275,4.858164051025205,4.858164051025212,45.87863111078637,49787.740710162485,10543.308439441545,15013.048011590836,1,0.0006562185827921206,0.0006107281223692143,10,1
440,6,0.03728788571629371,0.037350676303451055,0,42.30177754114761,1.9298818138020883,0.22144418595068877,504.72172044663233,5.047217204466324,0.0,99.76589344469163,82.39730238766052,39680.328841887334,93408.29889752527,72081.93346658205,1392.7189106032135,8980.46756893809,4.094536033148275,4.0945360331482785,45.87863111078637,49787.740710162485,10599.586786715106,15013.048011590836,1,0.00044961732032071833,0.0005053493007240319,10,1
441,6,0.039158555160452066,0.03963124188430591,0,39.86753694503035,1.9779246053220072,0.25185101602658677,783.758049127484,7.83758049127484,0.0,100.44514631947791,82.79689492453019,39797.65564479262,93411.87678566515,71210.62634072734,1409.8137168983455,8682.023183424024,4.870475058271798,4.870475058271794,45.87863111078637,49787.740710162485,10699.484920932526,15013.048011590836,1,0.0007221893170005426,0.0006093417400377939,10,1
442,6,0.029527012563103378,0.02964835137949134,0,53.29132739208338,1.4955096109857964,0.05347492975582512,662.6299324356455,6.626299324356455,0.0,100.49953508416348,82.79689492453019,39827.2139798135,93397.20064080523,71310.11746659041,1407.9312622567898,8466.593624150826,4.8081959907641805,4.808195990764183,45.87863111078637,49787.740710162485,10699.484920932526,15027.83396477589,1,0.0006261124242887991,0.00059930635387002,10,1
443,6,0.029914906366856616,0.030375664116490838,0,52.015323646610376,1.5304520786977391,0.031359443862190466,1029.5926327706595,10.295926327706596,0.0,101.66200124257107,82.79689492453019,39858.12165814504,93380.36371581379,71671.26277579906,1400.9188167177156,8692.35541593519,6.013544560002284,6.013544560002279,45.87863111078637,49787.740710162485,10699.484920932526,15044.810383641923,1,0.0009475844771677581,0.0007652954061523666,10,1
444,6,0.05185910698730302,0.05276862094080329,0,29.94203698771037,2.643394679105706,0.6730346070289278,714.7058064092421,7.147058064092421,0.0,100.74032812240463,83.22571840837574,39959.730947914366,93385.26591430398,71540.00337308338,1403.4985838936054,8732.35541593519,5.843672432518702,5.843672432518702,45.87863111078637,49787.740710162485,10806.690791893912,15044.810383641923,1,0.0006547656593134221,0.000742820853589993,10,1
445,6,0.04645050076922588,0.046044318101232926,0,34.314765972344645,2.3120775372298215,0.4633402134365958,513.7165340260026,5.137165340260026,0.0,98.54656033961422,83.53394832879134,40041.89525010094,93388.39061348105,70695.93169190604,1420.3076568835695,8772.35541593519,5.44906876584526,5.449068765845269,45.87863111078637,49787.740710162485,10883.748271997812,15044.810383641923,1,0.00046848674926492327,0.0006902789619153679,10,1
446,6,0.04967083273570139,0.050033589304215566,0,31.578785811132636,2.4153049647529654,0.5286740283246616,746.1171765599705,7.461171765599706,0.0,99.0818421943885,83.98161863472733,40148.390248681084,93392.75777041959,69876.5408614314,1437.0135547800498,8584.859587147052,4.846374879981277,4.846374879981271,45.87863111078637,49787.740710162485,10995.665848481807,15044.810383641923,1,0.0006952865509199762,0.0006061796531661072,10,1
447,6,0.05825747313297768,0.05878099120692062,0,26.87943785156821,2.7592263270523967,0.7463457766154409,897.3035158724388,8.973035158724388,0.0,100.10510764658795,84.5200007442508,40337.66341870765,93398.93096465323,68964.05996098094,1456.0863786081202,8584.859587147052,5.292150091145157,5.292150091145157,45.87863111078637,49787.740710162485,11130.261375862672,15044.810383641923,1,0.0008361730386047081,0.0006666487795965359,10,1
448,6,0.0572536254297367,0.05700551146072751,0,27.716618262227165,2.6730908563028386,0.6918296558878725,806.6149261264075,8.066149261264075,0.0,99.90494466576371,85.00396969992664,40432.50446334712,93404.22317510219,68472.33585901289,1466.5754664969445,8624.859587147052,5.969908116729228,5.969908116729227,45.87863111078637,49787.740710162485,11251.253614781634,15044.810383641923,1,0.000748176749291958,0.0007598787796055475,10,1
449,6,0.061945695045178384,0.06220774189001797,0,25.39876793459901,2.8550846683210245,0.8070156128614078,808.5445106252828,8.085445106252829,0.0,99.61332494770014,85.48909640630181,40585.513433112836,93410.20739625674,68032.80132046109,1476.0820267178967,8533.311229375457,6.125829629790856,6.125829629790854,45.87863111078637,49787.740710162485,11372.535291375427,15044.810383641923,1,0.000758012442196565,0.000780787410031077,10,1
450,6,0.05720234632601904,0.05782954777435009,0,27.321673103257407,2.6337600256383813,0.6669367250875831,764.0103713721927,7.640103713721928,0.0,99.2657325603869,85.94750262912513,40744.52300278067,93415.5963334588,67998.08047399652,1476.8428827661598,8573.311229375457,5.822445531731096,5.822445531731102,45.87863111078637,49787.740710162485,11487.136847081256,15044.810383641923,1,0.0007129197584750218,0.0007397029833211816,10,1
451,6,0.05897911491912824,0.05884178534346187,0,26.851666562757682,2.68101532810472,0.696845144370076,785.9174112310245,7.859174112310245,0.0,99.24467686083614,86.41905307586374,40899.021121739934,93421.45739119106,67564.83915120103,1486.3452554775733,8376.892844265369,5.838056109467422,5.83805610946743,45.87863111078637,49787.740710162485,11605.024458765909,15044.810383641923,1,0.0007505574449543504,0.0007404965485419791,10,1
452,6,0.060408450148729934,0.060069961286964256,0,26.302663863092498,2.7136634975417575,0.7175085427479477,685.9566491750961,6.859566491750961,0.0,98.64217543800042,86.8306270653688,41025.58549528553,93426.70758861976,67166.61895991712,1495.1858831334177,8416.892844265369,5.575378150288295,5.575378150288288,45.87863111078637,49787.740710162485,11707.917956142173,15044.810383641923,1,0.0006519808788037071,0.0007051526940776931,10,1
453,6,0.055197553411368484,0.056269061614798256,0,28.079373543071036,2.471038059524845,0.5639481389397754,896.2353397609588,8.962353397609588,0.0,99.28875205299286,87.36836826922537,41174.255144927825,93433.02290624971,67051.04840221748,1497.7728939477877,8456.892844265369,5.90439120855137,5.904391208551366,45.87863111078637,49787.740710162485,11842.353257106317,15044.810383641923,1,0.000847815249657512,0.0007501178578051899,10,1
454,6,0.05502338348866709,0.055301396844070705,0,28.570706892902006,2.4183913803205046,0.5306274558990535,1241.708126784266,12.41708126784266,0.0,101.03462190538973,88.11339314529593,41415.67488561353,93440.95355059339,66438.80155988761,1511.6195362359704,8496.892844265369,6.928312108899205,6.928312108899205,45.87863111078637,49787.740710162485,12028.609476123956,15044.810383641923,1,0.0011690938318680163,0.0008896299867764118,10,1
455,6,0.056276382834523825,0.05653209703350138,0,27.948724404539234,2.4682790786036652,0.5622019484833324,963.6357511838711,9.63635751183871,0.0,100.40886935318777,88.69157459600625,41624.900750170316,93447.79443908074,66369.29932947621,1513.2098026928365,8536.892844265369,7.5344937373352545,7.5344937373352545,45.87863111078637,49787.740710162485,12173.154838801536,15044.810383641923,1,0.0009030318348964078,0.000973313638807312,10,1
456,6,0.05288999783854828,0.05397217127336186,0,29.274345699332912,2.3048680991224315,0.4587772779255895,343.0757203403874,3.4307572034038745,0.0,95.98310908454316,88.89742002821048,41744.77955972145,93451.26411734454,66156.38461742456,1518.0959989658354,8576.892844265369,6.229306812693609,6.229306812693609,45.87863111078637,49787.740710162485,12224.616196852594,15044.810383641923,1,0.0003200000061278814,0.0007973752242974351,10,1
457,6,0.05656865184882641,0.05643066457909486,0,27.998961411936342,2.4329741093606594,0.5398570312409235,754.6427598639053,7.546427598639053,0.0,96.37845914080003,89.35020568412882,41900.5702450971,93457.03906676867,65723.50701175336,1528.125668139054,8616.892844265369,5.089125177718322,5.089125177718323,45.87863111078637,49787.740710162485,12337.81261083218,15044.810383641923,1,0.0007006170539684758,0.0006412162983309217,10,1
458,6,0.05871266712161713,0.05965473544798833,0,26.4857431373167,2.4376960923243627,0.542845628053394,834.5470265953707,8.345470265953706,0.0,97.40882143638397,89.85093390008605,42017.97938616748,93462.81823136569,64576.65301248646,1555.3487344417476,8656.892844265369,4.770843071013984,4.770843071013982,45.87863111078637,49787.740710162485,12462.994664821485,15044.810383641923,1,0.0007712208448075723,0.0005972793016346432,10,1
459,6,0.05206949086991068,0.05251918632532398,0,30.084243693587982,2.067473622402927,0.3085276091157766,1142.3469408337162,11.423469408337162,0.0,98.81616885646883,90.53634206458628,42228.183630998894,93469.57985730414,63153.130947205056,1590.5167251613452,8579.05710397726,6.593980117776082,6.593980117776077,45.87863111078637,49787.740710162485,12634.346705946542,15044.810383641923,1,0.0010652424171920926,0.0008456934386560469,10,1
460,6,0.05368613040561533,0.053381176301028545,0,29.59844854467092,2.1082460641582723,0.33433295199890645,666.9165051019705,6.669165051019705,0.0,97.01779265746988,90.93649196764746,42340.41922454382,93474.29566925725,62805.82345015688,1599.3397000949146,8483.111724588978,6.416572739341817,6.416572739341822,45.87863111078637,49787.740710162485,12734.384181711837,15044.810383641923,1,0.0006289357271283929,0.000821799663042686,10,1
461,6,0.05398331831016893,0.053089645918741414,0,29.760982064531667,2.0945308004814587,0.32565240536801177,777.4226851040909,7.7742268510409085,0.0,96.2750916407012,91.4029455787099,42459.56554725502,93479.27163031363,62429.230030565384,1609.017635751211,8483.111724588978,6.320734681188408,6.3207346811884,45.87863111078637,49787.740710162485,12850.99758447745,15044.810383641923,1,0.0007331485995646328,0.0008091089146283727,10,1
462,6,0.051992046659976025,0.05268815570648129,0,29.987764400066876,1.9965197213151964,0.2636200767817698,691.1338484239558,6.9113384842395575,0.0,95.95387016544436,91.77045126013797,42540.68204629951,93482.99081004113,62107.81255294521,1617.370594303277,8523.111724588978,5.303865037587685,5.303865037587688,45.87863111078637,49787.740710162485,12942.874004834466,15044.810383641923,1,0.0006487150428217908,0.000670266456504939,10,1
463,6,0.047663572863683466,0.04738809012433614,0,33.34171087829073,1.798593045100068,0.1383500285443468,651.9816890188888,6.519816890188888,0.0,95.50773362029739,91.95331032411165,42607.56142063541,93485.47430723307,61568.27721843027,1631.5886883287953,8180.178515009609,5.340235283779937,5.3402352837799425,45.87863111078637,49787.740710162485,12988.588770827888,15044.810383641923,1,0.0006376209886594369,0.0006731615436819535,10,1
464,6,0.050402626499145425,0.05081061843301661,0,31.095862414721566,1.8978511218186565,0.2011715960877572,1172.0056928812292,11.720056928812292,0.0,97.52005556835425,92.43308793810009,42721.72141121697,93490.51029859517,61502.06216090461,1633.3554473191698,7913.2429488866,6.463044844213318,6.463044844213329,45.87863111078637,49787.740710162485,13108.533174324997,15044.810383641923,1,0.0011848550087002006,0.0008237303467271427,10,1
465,6,0.05420505940686716,0.05428994381732669,0,29.10299567294342,1.9724123755764347,0.24836226302305986,921.627443565649,9.216274435656489,0.0,97.850833233457,92.89243477803201,42864.45206114533,93495.2133359305,60461.013764376665,1661.565747345134,7498.828103930266,7.303482469910936,7.303482469910944,45.87863111078637,49787.740710162485,13223.369884307978,15044.810383641923,1,0.000983222904477683,0.0009352329672791069,10,1
466,6,0.05736184912940675,0.05428994381732669,1,29.10299567294342,2.067199617389858,0.308354188221429,630.6976546801694,6.306976546801694,0.0,95.5908164076621,93.27085337084011,42967.49499937493,93499.77514551378,60169.95691321864,1669.6307224248258,7538.828103930266,7.36704839123655,7.367048391236549,45.87863111078637,49787.740710162485,13317.974532510003,15044.810383641923,1,0.0006692792524093912,0.000945785721862425,10,1
467,6,0.05429445975131772,0.0544609749857507,0,29.011599597939536,1.935806258694558,0.22519383461680875,750.5074520623708,7.505074520623708,0.0,95.52248148944719,93.61256387021454,43076.80934184796,93504.0058881342,59849.019790294624,1678.6133331087078,7200.834240450699,6.534193087463664,6.5341930874636605,45.87863111078637,49787.740710162485,13403.402157353612,15044.810383641923,1,0.0008338005592145353,0.0008287675720338698,10,1
468,6,0.057166653022353534,0.05718047305684007,0,27.631810573329922,2.0070386677645145,0.270277637825642,985.7877935926064,9.857877935926064,0.0,96.71716448484679,94.15476736283011,43178.25212124255,93510.02025281022,59390.29811018956,1691.618910731269,7200.834240450699,6.81270902464634,6.812709024646351,45.87863111078637,49787.740710162485,13538.953030507504,15044.810383641923,1,0.0010951928742422002,0.0008660908952887089,10,1
469,6,0.05853024922205024,0.058032941038789684,0,27.22591637986976,2.049387574440837,0.29708074331698536,1208.2388422656195,12.082388422656194,0.0,98.2195194380749,94.87971066818949,43354.28851724364,93517.90746883971,59310.584427593836,1693.9027694650129,6936.687458394159,8.60142568566688,8.601425685666895,45.87863111078637,49787.740710162485,13720.188856847348,15044.810383641923,1,0.0013934476356474929,0.0011074803563680762,10,1
470,6,0.0597269794215646,0.05950715367081498,0,26.55142957669145,2.088033599011436,0.32154025253888335,1029.9694031954125,10.299694031954125,0.0,98.5138292241866,95.49769231010674,43556.14303239912,93525.26276479174,59264.51392947732,1695.2267461456374,6292.800255101537,9.813291840176024,9.81329184017603,45.87863111078637,49787.740710162485,13874.68426732666,15044.810383641923,1,0.0013093940521762752,0.001266011520688656,10,1
471,6,0.06261040834773621,0.06232349167209501,0,25.351596285922408,2.16428880690033,0.369803042341981,638.2006012476564,6.382006012476564,0.0,96.27307850598434,95.88061267085534,43649.954038667194,93530.75182007624,58931.764340051115,1704.8287724906577,6070.747246310335,9.2022267970488,9.2022267970488,45.87863111078637,49787.740710162485,13970.414357513808,15044.810383641923,1,0.0008410175226920087,0.001181286403505259,10,1
472,6,0.0649826705004268,0.06464708949874998,0,24.440388766930507,2.218259543199449,0.40396173620218295,898.9747925521643,8.989747925521643,0.0,96.68524023356935,96.41999754638664,43803.59296082993,93537.58080318768,58563.49065521908,1715.5846475539106,6066.157451358258,8.699286707068394,8.699286707068405,45.87863111078637,49787.740710162485,14105.260576396633,15044.810383641923,1,0.0011855607768319657,0.0011119907839000833,10,1
473,6,0.06802788302700556,0.06805711832716435,0,23.21579342229302,2.256850531103437,0.4283864120907827,1067.2317919556301,10.672317919556301,0.0,98.11357783527242,97.06033662156001,43979.451151071626,93546.65926680449,57734.76421316469,1740.2897233804026,5498.833824154956,9.360750821995978,9.360750821995982,45.87863111078637,49787.740710162485,14265.345345189977,15044.810383641923,1,0.0015526663668468128,0.001193081555456929,10,1
474,6,0.06508395455962787,0.0653636246785228,0,24.172466073766515,2.1266065503824425,0.34595351290028,563.1871869710477,5.631871869710477,0.0,95.85133219491745,97.39824893374264,44052.06645781339,93551.21209219492,57298.24547778217,1753.5901995372537,5538.833824154956,9.274029448238135,9.274029448238128,45.87863111078637,49787.740710162485,14349.823423235634,15044.810383641923,1,0.0008134379255286238,0.0011838883564024673,10,1
475,6,0.06460067921765375,0.06451881089585455,0,24.488982020304373,2.1081785989668083,0.3342902525106381,912.4079219476541,9.124079219476542,0.0,96.38700439590174,97.94569368691123,44237.834947751646,93558.5480210385,57262.60058919444,1754.6914163933327,5391.382176127626,9.704498389555726,9.704498389555717,45.87863111078637,49787.740710162485,14486.684611527782,15044.810383641923,1,0.0013538760817034025,0.0012399934580262797,10,1
476,6,0.06642748464249777,0.06631689011355842,0,23.825001403028256,2.1154793742844196,0.33891099638254396,982.4330845422401,9.8243308454224,0.0,97.39440852416107,98.53515353763657,44387.07903843353,93566.04221375349,56568.53937863528,1776.2904363432538,5391.382176127626,9.480435446458731,9.48043544645874,45.87863111078637,49787.740710162485,14634.049574209119,15044.810383641923,1,0.001457782887501216,0.0012083656315777474,10,1
477,6,0.06346835939226096,0.06333996056835779,0,24.94475818776097,1.9972426839428674,0.2640776480651059,443.5537265639262,4.435537265639262,0.0,95.25368375938272,98.77201288580646,44451.469381783245,93569.68429911259,56232.253639627364,1786.948031969227,4524.062792718673,9.51878216103882,9.518782161038818,45.87863111078637,49787.740710162485,14693.264411251592,15044.810383641923,1,0.0007843458358320066,0.0011986682683455417,10,1
478,6,0.06036095727146033,0.05972228767724542,0,26.455784958183884,1.8806069482767125,0.1902575622004509,830.8250238500847,8.308250238500847,0.0,96.01202283207064,99.09130992400912,44575.05831345646,93574.24322581643,55953.03274938669,1795.8981923836875,4524.062792718673,9.805439731685812,9.80543973168582,45.87863111078637,49787.740710162485,14773.088670802257,15044.810383641923,1,0.0014691662108444112,0.0012370983113925446,10,1
479,6,0.05701748600530526,0.05641810964283286,0,28.005192127182823,1.7724587906420637,0.12180936116586304,802.3932661345193,8.023932661345194,0.0,96.7101162581967,99.29134603267762,44672.840070620536,93578.11350069201,55890.47099402276,1797.9172009845347,4396.519652732138,9.839227974967052,9.839227974967049,45.87863111078637,49787.740710162485,14823.097697969382,15044.810383641923,1,0.0014600517309383784,0.0012378545925382655,10,1
480,6,0.05842230524306404,0.058389123007338554,0,27.05983441130671,1.7783708754001235,0.12555118696210343,1560.647068956091,15.606470689560911,0.0,99.52441931465457,99.69642703237584,44790.86230647881,93584.0593669827,55307.317583210846,1816.933146351955,4553.467567657601,14.597507776480713,14.597507776480725,45.87863111078637,49787.740710162485,14924.367947893936,15044.810383641923,1,0.0027419052329105235,0.001890374391564438,10,1
481,6,0.052787078573857414,0.05201033695828637,0,30.378576498498763,1.580207098962527,0.00013107529273854947,876.2343226052367,8.762343226052367,0.0,97.29906593580333,99.71395171882794,44786.55720295523,93582.81764542489,54848.027404455504,1832.207394917377,4881.231033889273,14.446807008101558,14.446807008101556,45.87863111078637,49787.740710162485,14928.749119506962,15046.511340464078,1,0.0014360874402735571,0.0018793481347074866,10,1
482,6,0.052134381647844716,0.051514487612243816,0,30.670983508423177,1.5453760243339205,0.02191390864941744,1454.0047051156805,14.540047051156805,0.0,98.00515608832582,99.71395171882794,44800.844466976,93564.4353790862,54580.81769708605,1841.3234938712012,5231.321011622326,16.260858462848063,16.260858462848045,45.87863111078637,49787.740710162485,14928.749119506962,15065.285631856928,1,0.0022235373465101394,0.0021338433398980735,10,1
483,6,0.05346454308738633,0.05299416891444387,0,29.814600971492204,1.5659044838869263,0.008921212729793546,644.0044990541041,6.4400449905410415,0.0,94.82026517958234,99.72683180880902,44794.68202078558,93563.49838365533,54255.02336257,1852.4246300611119,5287.384694324254,11.93069633604947,11.930696336049476,45.87863111078637,49787.740710162485,14931.969142002232,15066.620029945194,1,0.0009744015785277151,0.001544675455103804,10,1
484,6,0.05649359708796239,0.057308677416546584,0,27.56999587542062,1.6556745954210312,0.04789531355761466,1301.4119888904497,13.014119888904498,0.0,95.83528442021448,99.85367835465577,44847.41381675135,93565.78924567098,54272.4083785699,1851.839474019712,5493.838824171614,13.029737865831056,13.029737865831045,45.87863111078637,49787.740710162485,14963.680778463919,15066.620029945194,1,0.0018950857941656964,0.0016976749064011836,10,1
485,6,0.05101617075215657,0.05122503243054268,0,30.84429477213825,1.504718045998583,0.04764680633001084,624.7852993452509,6.2478529934525096,0.0,93.5526739074278,99.85367835465577,44851.86012251955,93554.36478382243,54446.66794204169,1845.967432904559,5694.173557389501,9.71805063449022,9.71805063449022,45.87863111078637,49787.740710162485,14963.680778463919,15078.301199077292,1,0.0008777889090288766,0.0012490920939074292,10,1
486,6,0.048975280905403325,0.04939618736126903,0,31.986274334177853,1.4536337500517897,0.07997863920772805,510.51084801423514,5.105108480142351,0.0,90.62482243931386,99.85367835465577,44862.0747437702,93539.49956853018,54619.27269758272,1840.2119675039437,5882.1176758649935,8.999196097716478,8.99919609771647,45.87863111078637,49787.740710162485,14963.680778463919,15093.410555875056,1,0.0006943225228001405,0.0011557324086649045,10,1
487,6,0.04667709627706058,0.04707489238184591,0,33.563539289349826,1.4267851748316966,0.09697140833436925,667.5381437690568,6.675381437690568,0.0,90.91178088982689,99.85367835465577,44890.868876298184,93514.61448433934,55429.86121269431,1813.3808887902387,6015.262722661852,6.537409645682716,6.537409645682722,45.87863111078637,49787.740710162485,14963.680778463919,15118.471367238166,1,0.0008877925032323912,0.0008199679783538028,10,1
488,6,0.051206171069628756,0.05212484900850542,0,30.31183840440833,1.5454122917427675,0.021890954593185165,1460.2829689621597,14.602829689621597,0.0,94.09998103395179,99.85367835465577,44919.58258133481,93497.36482669941,55080.01306641671,1825.0382675652875,6130.783925290676,9.046781756680206,9.0467817566802,45.87863111078637,49787.740710162485,14963.680778463919,15135.971645663594,1,0.0019055089681933933,0.0011625413314086416,10,1
489,6,0.04733773673076295,0.0480004516694846,0,32.91635693095896,1.4476226017986489,0.0837831634185767,769.3090909300861,7.693090909300861,0.0,92.31517155498865,99.85367835465577,44951.38171874233,93471.74799248148,55446.239537287634,1813.1103276957633,6229.212339759908,9.742090900386758,9.742090900386764,45.87863111078637,49787.740710162485,14963.680778463919,15161.85989952063,1,0.0009880017555603025,0.0012604344089953623,10,1
490,6,0.048022692585532205,0.04792226091020204,0,32.97006380731169,1.4775697679840025,0.0648292607696187,749.2174640349897,7.492174640349897,0.0,90.0665528428671,99.85367835465577,44977.2032315654,93452.59923349395,55617.514642817645,1807.6322796638901,6382.148474886438,9.841217685125342,9.841217685125342,45.87863111078637,49787.740710162485,14963.680778463919,15181.287922793383,1,0.0009391413778393129,0.001277550700531003,10,1
491,6,0.050000531218298325,0.05073147449717011,0,31.14437369818879,1.538341324942314,0.026366250036510233,449.34120900521737,4.493412090052174,0.0,88.06786849614055,99.85367835465577,44981.810735883686,93448.52935910608,55616.427752222036,1807.6943568940983,6488.960591111165,6.532766642507719,6.532766642507711,45.87863111078637,49787.740710162485,14963.680778463919,15185.54635412836,1,0.0005539761910352704,0.0008270397748116285,10,1
492,6,0.04561928406424124,0.046086761757763564,0,34.28316374894447,1.4194033423025403,0.10164345423889859,505.93519950156474,5.059351995015647,0.0,87.2507968418377,99.85367835465577,45005.0929811335,93430.00745588548,55931.13354477418,1797.613259860998,6684.181219748319,5.583158886005721,5.583158886005724,45.87863111078637,49787.740710162485,14963.680778463919,15204.232254823117,1,0.0006055313976309157,0.0006995496555018329,10,1
493,6,0.0437736940454862,0.044313768757234286,0,35.654832443969525,1.3966152674064722,0.11606628645159989,737.285419908082,7.37285419908082,0.0,88.14180650631475,99.85367835465577,45057.69569894974,93396.3995760971,56640.284958969045,1775.2594879241508,6787.743719462099,5.4099081846329895,5.40990818463299,45.87863111078637,49787.740710162485,14963.680778463919,15237.99725662647,1,0.0008689608215986198,0.0006761561367549353,10,1
494,6,0.04486834416321517,0.04510689456464299,0,35.02790460858908,1.4507750444113487,0.08178794657509578,541.5975839555219,5.4159758395552196,0.0,87.41730050227906,99.85367835465577,45077.78050748635,93380.12572616627,57020.621095191615,1763.485566942201,7002.605044094284,5.549177062558819,5.549177062558818,45.87863111078637,49787.740710162485,14963.680778463919,15254.435410085734,1,0.0006187384044025543,0.0006977435412106966,10,1
495,6,0.041446922101550446,0.04157734962888868,0,38.001460268698516,1.397391223011026,0.11557517530947731,720.7384762997574,7.207384762997574,0.0,87.66188857685054,99.85367835465577,45130.640799980545,93347.21163094409,58227.52066322743,1727.0406979478814,7099.885434380611,6.046872712855721,6.046872712855725,45.87863111078637,49787.740710162485,14963.680778463919,15287.523451673202,1,0.0008121127958596522,0.000766604007286942,10,1
496,6,0.044497150955206254,0.04414718611544409,0,35.78937049052976,1.517211527154858,0.03973953977540633,1024.3365470228405,10.243365470228404,0.0,89.09169567954207,99.85367835465577,45157.38243735873,93328.42530508654,58557.66178783435,1717.3934349440424,7323.318980890146,6.648644219298563,6.64864421929857,45.87863111078637,49787.740710162485,14963.680778463919,15306.504694656101,1,0.001118986131502176,0.0008499457772547942,10,1
497,6,0.04762278485376624,0.04414718611544409,1,35.78937049052976,1.590442442009187,0.006609140512143588,478.42242896801173,4.784224289680117,0.0,86.58131707184708,99.86324680323513,45152.63755754064,93327.6951637768,57954.345671168674,1735.3330509416335,7541.594332772469,6.352969068745441,6.352969068745446,45.87863111078637,49787.740710162485,14966.072890608759,15307.494699015377,1,0.0005075026927810182,0.0008128672067142822,10,1
498,6,0.04223238868069662,0.04155713015854509,0,38.01994974080558,1.42416095329061,0.0986323080439177,437.543072587215,4.3754307258721505,0.0,84.49732100516941,99.86324680323513,45170.15156857417,93312.26656806226,58237.24468427355,1726.980330078742,7751.0465814256595,5.454575389159798,5.4545753891597935,45.87863111078637,49787.740710162485,14966.072890608759,15323.09488235928,1,0.00045159638042762193,0.0006926950682369388,10,1
499,6,0.03961727552360339,0.040071935305612795,0,39.42909140649098,1.385041120812773,0.12339169568811834,833.3806704058338,8.333806704058338,0.0,85.8300154712181,99.86324680323513,45245.14554875515,93269.55117447188,59300.33730323077,1696.2079798801046,7799.360995244879,4.8155417347761,4.8155417347760965,45.87863111078637,49787.740710162485,14966.072890608759,15365.956881116997,1,0.0008548194355039395,0.0006046395029041932,10,1
500,6,0.03789104062339692,0.03774099470814198,0,41.86429139503156,1.3520953019076483,0.14424347980528596,437.606471315278,4.37606471315278,0.0,84.54774471809529,99.86324680323513,45277.7983257328,93246.97321966586,59912.415213261374,1678.9820624985553,7818.4855864588835,4.66321366703861,4.663213667038611,45.87863111078637,49787.740710162485,14966.072890608759,15388.674600749084,1,0.00044776596846139553,0.000584727261464319,10,1
501,6,0.03619125428610624,0.036363286061687206,0,43.450418571073726,1.3402499946536335,0.15174050971289024,647.0323399466201,6.470323399466202,0.0,84.66115787253177,99.86324680323513,45352.72699098295,93209.06539551502,61037.173048180426,1648.208811418539,7454.219541288471,5.273895099075595,5.27389509907559,45.87863111078637,49787.740710162485,14966.072890608759,15426.727451218288,1,0.0006944065292016123,0.0006656639777223158,10,1
502,6,0.04066549737115834,0.04111288853788623,0,38.430770889377015,1.4891277885427767,0.05751405788431858,516.3121659438835,5.163121659438835,0.0,84.51143955768526,99.86324680323513,45363.259940337266,93197.9988305901,60697.21936447912,1657.535796117435,7188.781165739139,4.606514708988583,4.606514708988581,45.87863111078637,49787.740710162485,14966.072890608759,15437.917588638718,1,0.0005745754714633015,0.0005722493230421031,10,1
503,6,0.04051873745947416,0.040786061009282885,0,38.73872496881699,1.485686409382752,0.0596921459602836,439.5839035366286,4.395839035366286,0.0,83.532031885127,99.86324680323513,45370.418949454644,93188.4774176482,60737.76137883498,1656.485104556934,7375.969755299729,4.661364888749936,4.661364888749934,45.87863111078637,49787.740710162485,14966.072890608759,15447.567240407576,1,0.000476774084623416,0.00058191869509611,10,1
504,6,0.045174398223068436,0.04496470676906839,0,35.13867016001304,1.6302917435610536,0.031830217443704734,638.7701141583407,6.387701141583407,0.0,84.06235840456226,99.90517485523021,45411.52157704617,93189.77074975782,60258.06525131975,1669.7145443850545,7521.611831990744,4.619411417082087,4.619411417082084,45.87863111078637,49787.740710162485,14976.55490360753,15447.567240407576,1,0.0006793970531066638,0.0005769155363977938,10,1
505,6,0.04618321615682922,0.04682039165207013,0,33.745979993957214,1.6153038994083402,0.02234424013186083,842.902883217962,8.42902883217962,0.0,85.10646733082427,99.94558243513346,45467.99819422535,93191.62002744248,59323.155527250776,1696.1106302187109,7875.911500789999,5.291144943751664,5.291144943751664,45.87863111078637,49787.740710162485,14986.65679858334,15447.567240407576,1,0.0008561831941696288,0.0006707847772999029,10,1
506,6,0.04937972014331874,0.04929164751248548,0,32.054112202270964,1.7152574739506212,0.0856059961712792,519.7919976229193,5.197919976229193,0.0,83.63341312447268,100.03604411088313,45535.455451484704,93193.73340320263,59119.7070972293,1701.968733995558,7967.6898353004635,5.389659658452467,5.389659658452469,45.87863111078637,49787.740710162485,15009.272217520758,15447.567240407576,1,0.0005218998313112101,0.0006858266928625009,10,1
507,6,0.04978042515799469,0.04956460246132624,0,31.877588471184172,1.7069757817800577,0.08036441884813775,932.8037378762319,9.32803737876232,0.0,84.55616464559,100.19066124966594,45622.423770701986,93196.85981770272,58739.583866802255,1713.0187139760296,8259.019311446398,5.925660070189677,5.9256600701896724,45.87863111078637,49787.740710162485,15047.92650221646,15447.567240407576,1,0.0009035491529445236,0.0007605440594751208,10,1
508,6,0.04604621614373203,0.046654143910946584,0,33.86623068287146,1.5694849873000887,0.0066550713290578455,618.7656543219483,6.187656543219483,0.0,83.74329998182515,100.20303656275237,45627.2953085135,93196.19609367914,58564.01564450761,1718.1759267738037,8414.197815785003,5.26340832867739,5.263408328677392,45.87863111078637,49787.740710162485,15051.02033048807,15448.49538888906,1,0.0005883062584158851,0.0006712517475572062,10,1
509,6,0.04866993571912475,0.0487377977144978,0,32.41837083520918,1.6156380973267395,0.022555757801733793,1086.0218865740705,10.860218865740705,0.0,84.91795830933883,100.25502099986144,45679.33049516268,93198.07298622819,57796.250491886894,1741.0704791505611,8683.025514089817,6.421919415094346,6.4219194150943375,45.87863111078637,49787.740710162485,15064.016439765337,15448.49538888906,1,0.0010005930626939183,0.000830816158018109,10,1
510,6,0.049749419400075566,0.049302532794731756,0,32.0470351204519,1.6289133810260048,0.030957836092408056,1091.7308870104594,10.917308870104593,0.0,85.87212920853892,100.32716947900525,45747.601877392015,93200.60638053485,57400.82630053783,1753.1059753083064,8901.89162364374,6.605817399162338,6.605817399162346,45.87863111078637,49787.740710162485,15082.053559551288,15448.49538888906,1,0.000981122604648013,0.0008566739752526054,10,1
511,7,0.05482827912957611,0.0550311257409295,0,28.711024510713802,1.8647604376222549,0.18022812507737643,674.9946818483847,6.749946818483847,0.0,112.20618543709934,119.30366401373405,43538.09314771735,93203.6890585026,59659.214194237284,1754.119179332043,8997.712554092752,6.7377085596042035,6.737708559604211,44.98856277046376,49742.75214739202,15128.293297047585,15448.49538888906,1,0.0006001478067145879,0.0008606211580188397,13,1
512,7,0.05397644117449325,0.053506155034236294,0,29.529313010606458,1.8107725738564955,0.14605859104841482,983.8335370683728,9.838335370683728,0.0,112.6186006318522,119.59681924481245,43641.081822792185,93207.9513757854,59251.968571299214,1766.2131855963898,9036.638944657336,6.422004752139021,6.4220047521390295,44.98856277046376,49742.75214739202,15201.582104817186,15448.49538888906,1,0.0008709729739949717,0.0008174144617858575,13,1
513,7,0.050824993806151006,0.05120672297489647,0,30.855323445997072,1.6854813847858494,0.06676037011762616,897.4179213088942,8.974179213088942,0.0,112.70668647254098,119.71994436445335,43721.539888526146,93210.7358809334,58911.541567771164,1776.4531618800438,9342.908235122983,5.889878317485811,5.889878317485813,44.98856277046376,49742.75214739202,15232.36338472741,15448.49538888906,1,0.0007684270453906101,0.0007465159420333899,13,1
514,7,0.05038898649012464,0.05092630443211025,0,31.025223950940614,1.6476546865431572,0.04281942186275765,1234.9756235511065,12.349756235511066,0.0,113.77466315577486,119.82955873192341,43780.772592434216,93213.12193645471,58498.93537540906,1789.0290291969816,9642.126886875241,6.913212417257358,6.913212417257364,44.98856277046376,49742.75214739202,15259.766976594925,15448.49538888906,1,0.0010246499661664002,0.0008880166618506607,13,1
515,7,0.05532027824492367,0.055322419918692876,0,28.559849737631133,1.799705113558996,0.13905386934113673,402.66422226871885,4.0266422226871885,0.0,109.7380663061588,119.94235234900376,43836.3429902256,93215.21183322102,58350.31159072744,1793.6024343974957,9730.075393916004,5.5804076935370395,5.580407693537039,44.98856277046376,49742.75214739202,15287.965380865011,15448.49538888906,1,0.00033106770993408395,0.0007080482404970313,13,1
516,7,0.05469379213246588,0.054902210159888026,0,28.778440711196726,1.7633975096857109,0.11607437321880429,652.0278779912526,6.520278779912526,0.0,108.54295702151171,120.09658535046977,43931.48668033255,93218.54872166051,58089.01350560312,1801.6972420595705,9843.387565393035,4.990873953021771,4.990873953021767,44.98856277046376,49742.75214739202,15326.523631231512,15448.49538888906,1,0.0005299215325290042,0.0006285464028764962,13,1
517,7,0.05830662117883881,0.058673960453009766,0,26.928470275419283,1.8546024843933218,0.1737990407552669,1129.9704748779027,11.299704748779027,0.0,110.70105607521965,120.49525484492777,44047.046285937526,93223.59705420403,57697.85914343541,1813.9559524028011,9846.045646941722,4.739520950428697,4.739520950428696,44.98856277046376,49742.75214739202,15426.191004846014,15448.49538888906,1,0.0009181110999450892,0.0005930334474693925,13,1
518,7,0.05806372755585423,0.05755647782432815,0,27.451297572836552,1.8304987343974939,0.15854350278322393,595.9153954352773,5.959153954352773,0.0,108.85010885769333,120.68775570292976,44174.89171855003,93228.01210360038,57441.883456507836,1822.0661990305105,9886.777096757567,5.098732322166688,5.098732322166688,44.98856277046376,49742.75214739202,15474.316219346512,15448.49538888906,1,0.00048219183226510626,0.0006434081549130666,13,1
519,7,0.06026828800133393,0.061017692284960456,0,25.894129076878183,1.8982079861107062,0.20139745956373803,871.1127443538334,8.711127443538334,0.0,108.75167318161252,121.0431491327655,44304.955799662755,93233.24636799343,57414.971037077295,1822.930909241792,9926.777096757567,5.5155500097476935,5.515550009747685,44.98856277046376,49742.75214739202,15563.16457680545,15448.49538888906,1,0.0007020306678495839,0.0007007778666865931,13,1
520,7,0.061185954283035346,0.060655378075540056,0,26.048803092650285,1.8826087886465979,0.1915245497763277,913.1607377206544,9.131607377206544,0.0,109.45164059220686,121.40116814668909,44432.21091957467,93239.18223916666,56749.210510594654,1844.3845693484666,9926.777096757567,5.074785220935478,5.074785220935481,44.98856277046376,49742.75214739202,15652.669330286342,15448.49538888906,1,0.0007359171894925895,0.0006400465632024266,13,1
521,7,0.05483583532107178,0.0544796750380263,0,29.0016414175961,1.6869010023159021,0.06765886222525445,742.5926438013507,7.425926438013508,0.0,108.54400447552618,121.50361614475008,44499.13989912522,93241.59861156679,56743.89307089887,1844.5651355002362,9785.428234416087,5.38115807547763,5.3811580754776305,44.98856277046376,49742.75214739202,15678.281329801592,15448.49538888906,1,0.0006071007837466707,0.0006816828803629481,13,1
522,7,0.050529617591940156,0.05004650014934943,0,31.570639211232415,1.5582358164272048,0.01377479972961728,650.6311112981942,6.506311112981942,0.0,107.2879609247506,121.51662876697604,44495.12081901495,93240.66121942495,56813.42507428723,1842.3146309615004,10067.724757968552,4.9150190295145775,4.915019029514581,44.98856277046376,49742.75214739202,15681.534485358083,15449.750104483408,1,0.0005170034953792102,0.0006200071562061567,13,1
523,7,0.050743176110853876,0.051022956498091146,0,30.966453307328642,1.5474966634069531,0.020571732020915782,1023.0498161491522,10.230498161491523,0.0,108.43811559135159,121.51662876697604,44499.02059462454,93231.01906444752,56499.44162609293,1852.6444575885992,10282.54779641116,5.057056371966628,5.05705637196663,44.98856277046376,49742.75214739202,15681.534485358083,15459.625057201996,1,0.0007959504483946827,0.0006400182425068546,13,1
524,7,0.050986191602957975,0.05114822165405976,0,30.890614549344583,1.5528392253308385,0.017190363714659214,537.7909895631469,5.377909895631469,0.0,106.41443077129566,121.51662876697604,44492.444466726316,93227.37019552321,56462.280706171245,1853.892286763625,10550.097112634516,4.555327822504693,4.555327822504693,44.98856277046376,49742.75214739202,15681.534485358083,15463.489840087503,1,0.00040779984018846825,0.0005735845946541204,13,1
525,7,0.04820062269019625,0.04800435875039151,0,32.91367786445255,1.4773094589343412,0.0649940133326955,401.48967379347545,4.014896737934754,0.0,104.00409632114726,121.51662876697604,44494.76305671257,93218.11209714111,56641.630001948484,1848.0635995189689,10515.34120303879,4.03339944297147,4.033399442971468,44.98856277046376,49742.75214739202,15681.534485358083,15472.93737665301,1,0.0003054506105250872,0.0005030669663694127,13,1
526,7,0.04818211566874578,0.0483459471708402,0,32.68112618451242,1.4837310042942853,0.060929744117541006,786.7733312366872,7.867733312366872,0.0,105.07929301178201,121.51662876697604,44519.75779626915,93198.9716580514,56777.141245529136,1843.759265604866,10674.176121847397,3.5297425183620335,3.5297425183620295,44.98856277046376,49742.75214739202,15681.534485358083,15492.244822055334,1,0.0005896648676248517,0.00043430510611280237,13,1
527,7,0.050895664913296675,0.05192728328578843,0,30.427164681507954,1.555545675610842,0.0154774204994672,894.9956858333503,8.949956858333504,0.0,106.10846971214809,121.5345286806927,44525.51085211237,93197.9708432763,56564.473935454705,1850.7245120174991,10980.298143855676,4.117546351929436,4.117546351929438,44.98856277046376,49742.75214739202,15686.00946378725,15493.587315584084,1,0.0006520738683833786,0.0005157297821777725,13,1
528,7,0.05099368987883934,0.05075737693222331,0,31.12848014407414,1.5646295951924811,0.009728104308556293,1453.0528813391759,14.53052881339176,0.0,108.34144827240229,121.56358973831948,44525.79601994583,93195.97654319572,56675.01460730359,1847.126072294441,11366.368908312892,5.8580513725536845,5.858051372553677,44.98856277046376,49742.75214739202,15693.274728193946,15496.099526993203,1,0.001022703305205217,0.0007548140137378158,13,1
529,7,0.04593682210204523,0.04637161262159638,0,34.0725696320545,1.4493335038902788,0.08270031399349446,732.3564574061762,7.323564574061763,0.0,105.69130145057512,121.56358973831948,44552.27831622416,93172.12266784723,57472.067568742306,1821.5849814108105,11426.03587769814,5.660641609159524,5.660641609159522,44.98856277046376,49742.75214739202,15693.274728193946,15520.233901688607,1,0.0005127632822057723,0.000729180151931456,13,1
530,7,0.04867228244750038,0.04860719642315917,0,32.50547483226579,1.5280186136305554,0.03289961162623083,880.63612849451,8.8063612849451,0.0,104.513833398509,121.56358973831948,44561.113600296594,93159.77831978684,57330.731103041115,1826.167241862919,11300.514289527651,5.590890621542048,5.59089062154205,44.98856277046376,49742.75214739202,15693.274728193946,15532.853403799088,1,0.0006234308322130848,0.0007196324732080247,13,1
531,7,0.045439863002259134,0.04557129832994944,0,34.67094548328075,1.4527163355104271,0.08055928132251453,715.3945999002823,7.153945999002823,0.0,103.82121129089062,121.56358973831948,44595.820359563404,93137.47778669444,57855.797573928634,1809.6853813666528,11463.005040555936,4.3102170396197135,4.31021703961971,44.98856277046376,49742.75214739202,15693.274728193946,15555.365195205366,1,0.0004992719429987004,0.0005451553524725192,13,1
532,7,0.04599635383606338,0.04646371004133086,0,34.00503314510492,1.475946908386563,0.06585638709711203,589.882378342304,5.89882378342304,0.0,102.36710610417875,121.56358973831948,44610.59715291132,93122.96329838163,57963.9921566036,1806.3876673588716,11689.215688853676,4.033917287656918,4.033917287656914,44.98856277046376,49742.75214739202,15693.274728193946,15570.080673023907,1,0.00040371049284669466,0.0005088044226861599,13,1
533,7,0.04436091076323945,0.04393551208674524,0,35.961797756686785,1.4240953635266684,0.09867382055274154,606.6662251083063,6.066662251083064,0.0,101.85096745138004,121.56358973831948,44639.49821595039,93100.41824808021,57979.089648656714,1806.0624926609808,11766.583587634457,3.5168696508860853,3.5168696508860813,44.98856277046376,49742.75214739202,15693.274728193946,15592.801919561285,1,0.0004124672012670553,0.00043848321237081677,13,1
534,7,0.04427228137264484,0.04393551208674524,1,35.961797756686785,1.4214725625086484,0.10033382119705801,546.5808350213407,5.465808350213407,0.0,101.30051507042529,121.56358973831948,44665.90184968746,93080.2811815598,57985.71860337455,1805.986353386252,11865.869353634527,3.194336247288127,3.194336247288126,44.98856277046376,49742.75214739202,15693.274728193946,15613.100358458174,1,0.0003685062214873771,0.000394894638533709,13,1
535,7,0.04704161751017626,0.04669401402056748,0,33.83731369301538,1.5180526145217532,0.03920720599889041,667.3820855539366,6.673820855539366,0.0,101.50972402902138,121.56358973831948,44668.11911774764,93069.81947690954,58133.501865248254,1801.4487331413502,12198.93821239977,3.2690787280373375,3.2690787280373406,44.98856277046376,49742.75214739202,15693.274728193946,15623.730875929597,1,0.0004376656879042587,0.00040621303688623034,13,1
536,7,0.0475041160788021,0.047438530743397316,0,33.306259178777594,1.526027758858654,0.034159646291991225,1141.08822271457,11.4108822271457,0.0,103.41137351309455,121.56358973831948,44695.555182878656,93051.44559150984,58003.56048585536,1805.6079611321854,12491.97666208416,4.042036224567191,4.042036224567186,44.98856277046376,49742.75214739202,15693.274728193946,15642.319250873501,1,0.0007307655168316275,0.0005123124754077544,13,1
537,7,0.04788275350905584,0.048313077565521716,0,32.70336065545027,1.5310253075101532,0.030996640816358778,570.7576966171357,5.707576966171358,0.0,101.20053041648171,121.56358973831948,44695.53837592765,93044.71965285437,57869.18428561258,1809.8563579098375,12893.645457391607,3.991389227309242,3.991389227309245,44.98856277046376,49742.75214739202,15693.274728193946,15649.265426415011,1,0.0003541327073112187,0.0005075213040157015,13,1
538,7,0.04227110540437712,0.04231323220897333,0,37.34056505531929,1.4282192671653657,0.09606375495862932,1030.8194754613662,10.308194754613663,0.0,101.88903020766888,121.56358973831948,44767.766465443245,93000.07131088163,59489.33716724516,1760.7100671762526,12998.382635318596,4.469805805862905,4.469805805862906,44.98856277046376,49742.75214739202,15693.274728193946,15694.148628822963,1,0.0006344293774891482,0.0005731092005439981,13,1
539,7,0.0427401387897702,0.04269197622196348,0,37.009296355485816,1.4766192791938166,0.06543083595328066,715.6640324311714,7.156640324311715,0.0,101.19503080874689,121.56358973831948,44796.860881455395,92981.66736102897,60157.11852536638,1741.2230973786013,13223.667012874745,3.738354643209186,3.738354643209184,44.98856277046376,49742.75214739202,15693.274728193946,15712.748173867134,1,0.0004329595001050109,0.0004738405283017926,13,1
540,7,0.043941457860883895,0.04336833265706388,0,36.43211309260809,1.5413747687849235,0.02444634887030161,1020.6121233402949,10.20612123340295,0.0,101.79536154546969,121.56358973831948,44803.362741473444,92969.73910235021,60616.73752437699,1728.0598278453697,13447.854710158483,4.351008763232163,4.351008763232164,44.98856277046376,49742.75214739202,15693.274728193946,15724.90426443842,1,0.0006071523795207731,0.0005581804190383107,13,1
541,7,0.04788539433231105,0.04713179380760276,0,33.52301859016307,1.6641055482070168,0.053231359624694156,633.8445781424273,6.338445781424273,0.0,100.34691372152193,121.63378065617404,44888.69044037984,92972.37544490899,60334.78316137512,1736.1608383253306,13369.657249584441,3.7277910906040934,3.7277910906040974,44.98856277046376,49742.75214739202,15710.822457657587,15724.90426443842,1,0.00037927349448670637,0.0004731284580374968,13,1
542,7,0.048794814017136805,0.04846992085069833,0,32.59753620945383,1.6511030640680118,0.04500193928355171,1091.7778624118027,10.917778624118027,0.0,101.3818755133497,121.73674898672574,44975.685701449904,92975.26574277948,59537.171089464326,1759.4935492756128,13695.595190345004,4.222327766677091,4.222327766677086,44.98856277046376,49742.75214739202,15736.564540295514,15724.90426443842,1,0.000637739563553382,0.0005413884791869539,13,1
543,7,0.04841007700993831,0.04901117882291317,0,32.23754331045259,1.6253264727738244,0.02868764099609132,603.3848454818714,6.033848454818714,0.0,99.6457594495748,121.7725882668348,45015.32352672945,92976.71480058061,59305.237908722964,1766.3965869911153,14004.07728850892,3.5731948551161787,3.5731948551161747,44.98856277046376,49742.75214739202,15745.52436032278,15724.90426443842,1,0.000344690954242008,0.00045390133742736544,13,1
544,7,0.0463845023907767,0.046353818384505745,0,34.085649361048795,1.5542508449479893,0.01629693357722203,1222.931812764729,12.229318127647291,0.0,101.17581185862473,121.7725882668348,45024.35852784694,92966.4418177698,59247.913408563,1768.1733872501031,13711.01351858051,4.396218442106315,4.39621844210631,44.98856277046376,49742.75214739202,15745.52436032278,15735.422826554493,1,0.0007135471414173551,0.0005653258864042484,13,1
545,7,0.04440599082204856,0.04416646207761784,0,35.773750617002534,1.4940947256489638,0.05437042680445331,875.8971028963838,8.758971028963838,0.0,100.87305401226264,121.7725882668348,45050.08187033042,92946.19524304083,59371.95742640953,1764.5940055233389,13902.605183056778,4.066325050972516,4.066325050972511,44.98856277046376,49742.75214739202,15745.52436032278,15755.899015267822,1,0.000504018975645714,0.0005207523571016923,13,1
546,7,0.04463932988407209,0.04503649661575087,0,35.08265781595937,1.5060840486018412,0.04678224772035371,1021.3017600399955,10.213017600399956,0.0,100.66730002028615,121.7725882668348,45075.73750145837,92924.49480053037,59455.86204233552,1762.2322218428487,13937.056037808825,4.652892935076258,4.652892935076258,44.98856277046376,49742.75214739202,15745.52436032278,15777.862106243287,1,0.0005862367244671359,0.0006012676138434017,13,1
547,7,0.04286413448276069,0.04275298957413422,0,36.95647990324186,1.4636502408367995,0.07363908807797503,832.987971690849,8.32987971690849,0.0,99.9868742577169,121.7725882668348,45114.915876696876,92899.10133474729,59815.897364171826,1751.7550281404688,13852.080645524271,4.087037578549486,4.087037578549491,44.98856277046376,49742.75214739202,15745.52436032278,15803.482201331775,1,0.0004810760162358684,0.0005237772387829061,13,1
548,7,0.03979377043379792,0.03994188371171478,0,39.557473338108814,1.3931338124734787,0.11826973894083632,559.2126966197864,5.592126966197863,0.0,97.83684013827418,121.7725882668348,45154.70217769147,92874.68789939537,60568.39721297091,1730.0885763132205,13803.196362464892,3.64449752789966,3.644497527899663,44.98856277046376,49742.75214739202,15745.52436032278,15828.092256057871,1,0.0003241062037720228,0.000463806314825009,13,1
549,7,0.03590152230414014,0.035788394366440074,0,44.14839022455885,1.313816090231883,0.16847082896716273,746.2501424722594,7.4625014247225945,0.0,97.9834842836033,121.7725882668348,45255.48081291433,92824.29307893364,61929.68462788313,1692.299227027959,13843.196362464892,3.267023839113764,3.2670238391137687,44.98856277046376,49742.75214739202,15745.52436032278,15878.655911370754,1,0.0004312588641713863,0.0004121470280597592,13,1
550,7,0.040861019306027126,0.04065881617555741,0,38.85996073220248,1.5249090413073647,0.03486769537508567,996.3541469107029,9.963541469107028,0.0,99.25411482663235,121.7725882668348,45281.83016989816,92808.37758109173,62540.55763172276,1675.818598733351,14035.827882818274,3.478034445775024,3.4780344457750267,44.98856277046376,49742.75214739202,15745.52436032278,15894.74997776584,1,0.0005678919150214849,0.00044108566098829803,13,1
551,7,0.042885353385525606,0.042972987568679843,0,36.767283109530815,1.567037716690297,0.008203976778293145,982.9041727539033,9.829041727539034,0.0,99.65924228507237,121.79224635028989,45289.42178459843,92807.2471390782,61885.36067027509,1693.6258352101784,14501.572181010437,4.001540101964649,4.001540101964647,44.98856277046376,49742.75214739202,15750.438881186548,15896.22433402497,1,0.0005422331650583375,0.0005137946480837362,13,1
552,7,0.039432347172506536,0.04008362875531218,0,39.417588902566784,1.4641025824664327,0.07335279590732115,471.78542506381115,4.717854250638111,0.0,96.65140500720662,121.79224635028989,45298.52847750204,92794.57900174643,62383.155403240395,1680.1515624902606,14215.812281364968,3.5955104497252517,3.595510449725247,44.98856277046376,49742.75214739202,15750.438881186548,15909.080940099393,1,0.0002654989617060483,0.00045854134726195685,13,1
553,7,0.03919552062970722,0.039178875703912416,0,40.32785452907268,1.4732371967379205,0.06757139446967059,905.4508675172248,9.054508675172247,0.0,97.38883042621404,121.79224635028989,45342.09698516545,92767.78635613009,62768.80707943338,1669.9660300673954,14370.051175150234,3.439436073645283,3.4394360736452847,44.98856277046376,49742.75214739202,15750.438881186548,15936.053157101775,1,0.0005040766279708164,0.000437269584911734,13,1
554,7,0.038897519954686655,0.03849719024230332,0,41.04195631045793,1.4956512396741215,0.05338529134549276,1418.6128519689228,14.186128519689229,0.0,100.11484142738779,121.79224635028989,45430.67956713187,92723.22910206219,63490.542795381116,1651.203562573395,14479.163388553163,4.03227910161349,4.032279101613494,44.98856277046376,49742.75214739202,15750.438881186548,15980.817551504277,1,0.0007838092927885268,0.0005177949608217973,13,1
555,7,0.03729420257944951,0.03683193305850394,0,42.897558417320205,1.4535931094860057,0.08000436108480655,737.6022310550627,7.376022310550627,0.0,97.83868715984636,121.79224635028989,45474.03542089415,92699.22958868422,63925.115107882644,1640.0987162019535,14154.39590891422,4.400583685758681,4.400583685758681,44.98856277046376,49742.75214739202,15750.438881186548,16005.035691509382,1,0.0004168894162925214,0.0005682584456839549,13,1
556,7,0.03570259390147546,0.03516699628689613,0,44.928488833967805,1.4126851357897536,0.10589548367737116,390.2520667551208,3.902520667551208,0.0,94.16774368612614,121.79224635028989,45498.31736110816,92684.7464478164,64409.73858242375,1627.818316799161,13635.172810343971,3.730933026731522,3.730933026731525,44.98856277046376,49742.75214739202,15750.438881186548,16019.694930577461,1,0.00022896787429584533,0.0004765555277922979,13,1
557,7,0.038219568488905994,0.038388398718658186,0,41.15826793348537,1.525188934386743,0.03469054785649177,507.7378155254685,5.077378155254685,0.0,93.6501304814391,121.79224635028989,45501.97001674485,92678.09892881874,64684.53123651185,1620.9236875696888,13968.917481181825,2.5238568985721965,2.5238568985721956,44.98856277046376,49742.75214739202,15750.438881186548,16026.463214579691,1,0.0002907814817916796,0.0003122129241266821,13,1
558,7,0.03927536872125194,0.039428661777804005,0,40.07237194363635,1.560519657737815,0.012329330545686695,1170.8154650609476,11.708154650609476,0.0,96.23230086210488,121.79224635028989,45518.594411566504,92670.82980737748,64545.19672048412,1624.4821959228852,14113.920568001455,3.128440409676758,3.1284404096767617,44.98856277046376,49742.75214739202,15750.438881186548,16033.88387420272,1,0.0006636372704068499,0.0003944622088314583,13,1
559,7,0.039188686519369194,0.03871240675760982,0,40.8137889719144,1.554568437293164,0.01609592576382025,1157.5446129442428,11.575446129442428,0.0,97.47596289833753,121.79224635028989,45526.1596720666,92660.81867785705,64494.50427717132,1625.8241513902221,14400.491429067979,4.134260448835738,4.134260448835742,44.98856277046376,49742.75214739202,15750.438881186548,16044.099919849003,1,0.000643058394858771,0.0005324923823524335,13,1
560,7,0.03590678619473893,0.03597878113730509,0,43.914772820409844,1.5105617525687907,0.04394825786785406,1527.227048023883,15.27227048023883,0.0,99.01868538691566,121.79224635028989,45615.814740634094,92616.2893998498,66419.86946498996,1578.8325422023777,14591.380997150793,5.464824613138655,5.464824613138646,44.98856277046376,49742.75214739202,15750.438881186548,16088.888018830981,1,0.0008373310508838605,0.000714675572049827,13,1
561,7,0.04386573100388199,0.043958453106028215,0,35.94303002858232,1.8293071586853225,0.15778934094007746,610.1906657643987,6.101906657643987,0.0,95.11458626839352,121.98629135040427,45673.81105761728,92618.41721630085,66130.33214308789,1585.7672382755209,14118.431711164876,4.689516522296082,4.689516522296081,44.98856277046376,49742.75214739202,15798.950131215146,16088.888018830981,1,0.0003457554936682431,0.0006087149798036248,13,1
562,7,0.045887412493242075,0.0460385958872853,0,34.319031011898346,1.8721851032853742,0.1849272805603634,814.0977318249446,8.140977318249446,0.0,93.81810599914859,122.29074317548566,45807.01991551972,92622.2089854023,65411.65379158698,1603.245071297936,14118.431711164876,4.243877268918654,4.243877268918657,44.98856277046376,49742.75214739202,15875.06308748549,16088.888018830981,1,0.00046129640939150766,0.0005481276513145371,13,1
563,7,0.053097359771616344,0.05271373281124298,0,29.973214108316984,2.138964704957806,0.3537751297201303,861.5861717384722,8.615861717384723,0.0,94.46942092193011,122.80769487852874,45968.74223047578,92627.750656849,64997.57268280264,1613.4906261057888,13963.211082527723,3.4119419603815953,3.4119419603815926,44.98856277046376,49742.75214739202,16004.301013246262,16088.888018830981,1,0.0004936321117806961,0.00043356133828014896,13,1
564,7,0.05366646071880554,0.05293270630350199,0,29.84922008220593,2.1367414491397976,0.35236800578468197,897.8816755745878,8.978816755745878,0.0,94.82979568073102,123.34642388387348,46138.23969034724,92633.20872837015,64619.057289917415,1622.9741324724544,13831.432748017258,3.8376060192233314,3.8376060192233363,44.98856277046376,49742.75214739202,16138.98326458245,16088.888018830981,1,0.000519328224013987,0.0004914189150620635,13,1
565,7,0.05545770246892172,0.05535925904644357,0,28.540844426303853,2.2000636085169334,0.3924453218461603,752.8618785844452,7.528618785844452,0.0,94.33243951623086,123.79814101102416,46242.98062155215,92638.77691215643,64502.18340096329,1625.927033108739,13069.670649089925,3.8496675003230774,3.8496675003230743,44.98856277046376,49742.75214739202,16251.912546370117,16088.888018830981,1,0.0004608299007974583,0.0004912634121973804,13,1
566,7,0.05566918926417008,0.05506114224008802,0,28.695372738738055,2.164903688429635,0.37019220786685747,706.722278954704,7.06722278954704,0.0,93.80515221437209,124.22217437839699,46392.493397415,92644.25573133696,63864.03237971989,1642.2249750512483,12782.850501655954,3.729150320456662,3.729150320456667,44.98856277046376,49742.75214739202,16357.920888213323,16088.888018830981,1,0.00044229401187983965,0.0004741507122304283,13,1
567,7,0.05284477162566365,0.053561496315035755,0,29.498802473829755,2.047580565558497,0.2959370668091752,912.421422464001,9.12421422464001,0.0,94.64080994429014,124.76962723187539,46533.27552110296,92650.6922063003,63747.87018506035,1645.2303260815092,12498.381521809037,3.8951167724491125,3.895116772449107,44.98856277046376,49742.75214739202,16494.78410158292,16088.888018830981,1,0.0005840253289575917,0.0004957164138782965,13,1
568,7,0.05208544151063908,0.05175251719343279,0,30.5299159477502,1.9914021738261594,0.26038112267478436,892.9014058796416,8.929014058796417,0.0,95.12603296322202,125.2415913987121,46632.77176922246,92655.6643018934,63324.58624406245,1656.2646542980328,12341.433606883573,4.18712518288902,4.187125182889021,44.98856277046376,49742.75214739202,16612.7751432921,16088.888018830981,1,0.0005787991472119518,0.000535039496016461,13,1
569,7,0.04767169993525029,0.04779836601066507,0,33.055523271390925,1.7906332841831103,0.13331220517918368,648.3377137158251,6.483377137158251,0.0,93.77908904364915,125.41761490487181,46707.628480419924,92658.49983657448,62766.7971146702,1671.02887250995,12000.941679017236,4.166427224626262,4.166427224626264,44.98856277046376,49742.75214739202,16656.781019832026,16088.888018830981,1,0.0004321912270263897,0.0005316719010653111,13,1
570,7,0.04497227126896456,0.044766210082228024,0,35.294477622693655,1.6881353198980817,0.06844007588486181,561.2866092283895,5.612866092283895,0.0,92.44700453901496,125.49608479436768,46759.736345043566,92660.26600186777,62746.424585810746,1671.5776243583794,12272.98845404278,3.6252935939785402,3.6252935939785402,44.98856277046376,49742.75214739202,16676.398492205994,16088.888018830981,1,0.00036586792944859266,0.0004589527678956447,13,1
571,7,0.048409091890379605,0.04835315317308118,0,32.6762557623565,1.7937089676197893,0.13525884026568935,869.4457466659978,8.694457466659978,0.0,93.46815750504389,125.73646485652549,46844.937349246175,92663.6803378918,62341.12550678009,1682.4787787129476,12011.334616259928,3.6350778858027883,3.6350778858027906,44.98856277046376,49742.75214739202,16736.493507745447,16088.888018830981,1,0.0005790835236504132,0.00045904756004179855,13,1
572,7,0.04791939853925474,0.04769794280945074,0,33.12511833711501,1.7539566068063306,0.11009911823185475,990.4823792544238,9.904823792544239,0.0,94.5408818224494,125.95779836931887,46926.92967513183,92666.51898462958,61961.312723072406,1692.829130931944,12223.75118941594,4.159050979812115,4.159050979812109,44.98856277046376,49742.75214739202,16791.826885943792,16088.888018830981,1,0.0006482346467340031,0.0005310620332776697,13,1
573,7,0.04751352986940933,0.04743193543156674,0,33.31089034474616,1.736635918582363,0.09913665733060945,706.5197964873996,7.065197964873996,0.0,93.31101787284875,126.10044108826106,46994.326796977904,92668.95114998767,61917.49418714511,1694.0330889282893,11920.52437139325,4.425961018149026,4.425961018149027,44.98856277046376,49742.75214739202,16827.487565679345,16088.888018830981,1,0.000474153501624743,0.0005671572240030531,13,1
574,7,0.04519624454435046,0.04484108956116746,0,35.235539891258256,1.6215441746049468,0.026293781395535915,1431.815728690054,14.31815728690054,0.0,95.59946451466931,126.18092097579681,47060.382237176884,92671.22826869515,61346.11582146478,1709.8603269247687,12149.05369906582,5.31258505342584,5.312585053425849,44.98856277046376,49742.75214739202,16847.607537563283,16088.888018830981,1,0.0009428327599211459,0.0006884069694266306,13,1
575,7,0.03903833183094537,0.03885237319406641,0,40.66675649664818,1.4297282609499493,0.09510869560129795,766.256554431986,7.662565544319861,0.0,93.79886309325222,126.18092097579681,47108.32226149266,92641.49028176401,61983.085773565545,1692.430888039296,12259.508469744113,4.9439913186107365,4.9439913186107365,44.98856277046376,49742.75214739202,16847.607537563283,16118.852360611432,1,0.0005000243240244557,0.0006390035285234482,13,1
576,7,0.04207282881964859,0.04119889806808422,0,38.35054028360014,1.5323045279082328,0.030187007653017264,981.212221155697,9.81212221155697,0.0,93.03699785341787,126.18092097579681,47123.834975316786,92627.75953009393,61812.58656038406,1697.2020416887374,12504.680991919131,5.310021056284575,5.310021056284572,44.98856277046376,49742.75214739202,16847.607537563283,16132.832319514797,1,0.0006277407455910524,0.000690199276512218,13,1
577,7,0.046242985573190246,0.04619482726851178,0,34.202963695829,1.6520746277550347,0.04561685300951556,784.3995698718904,7.843995698718905,0.0,92.41044263702314,126.25391929627193,47171.19825856219,92629.33917401887,61221.44131587969,1713.6406430908037,12595.90365058043,4.224283013647232,4.224283013647228,44.98856277046376,49742.75214739202,16865.857117682062,16132.832319514797,1,0.0004981934391571785,0.0005419861695908955,13,1
578,7,0.04841895955627645,0.04844782441328908,0,32.61240353171795,1.709556305920659,0.08199766197510065,838.8418642831067,8.388418642831066,0.0,92.03563980685024,126.39567063570775,47255.8474512624,92632.36392164444,60862.50243133336,1723.7800436935559,12799.765170251305,4.27798545077758,4.2779854507775825,44.98856277046376,49742.75214739202,16901.29495254102,16132.832319514797,1,0.000524285783762789,0.0005500733228370067,13,1
579,7,0.04944524165724398,0.04940401514648359,0,31.981206290931578,1.7258391425551827,0.09230325478176113,869.5770549089933,8.695770549089934,0.0,92.2152826325264,126.55948941644155,47350.43237752743,92635.3917944135,60514.272281497106,1733.7321555014005,12999.397211130286,4.049153199694849,4.049153199694852,44.98856277046376,49742.75214739202,16942.24964772447,16132.832319514797,1,0.000535149155478962,0.0005192094594663098,13,1
580,7,0.03785440949781111,0.037951821265440645,0,41.63173063419662,1.364545606747966,0.13636354003293297,814.2262330752613,8.142262330752613,0.0,91.89702601601252,126.55948941644155,47438.91803172876,92589.80677773115,61501.277436786295,1706.1317182933867,13039.397211130286,4.050765093844143,4.050765093844141,44.98856277046376,49742.75214739202,16942.24964772447,16178.617582290839,1,0.000499548388559095,0.0005196611092669487,13,1
581,7,0.036604410496000654,0.036068518943645364,0,43.805513679911385,1.348115009020134,0.1467626525189026,440.8992810230007,4.408992810230007,0.0,89.8281031179441,126.55948941644155,47476.827331128065,92566.70502997677,62166.8336425666,1687.9719331535948,12120.202709980334,3.4964246440221127,3.4964246440221127,44.98856277046376,49742.75214739202,16942.24964772447,16201.87680409148,1,0.0002910177603943498,0.0004419051014774689,13,1
582,7,0.03945743786690207,0.03926711026682211,0,40.23723643690141,1.5088967107193105,0.04500208182322123,1255.4237958900123,12.554237958900124,0.0,92.25261317849211,126.55948941644155,47526.856501766495,92536.47754644418,63348.95604874619,1656.5663371583116,12327.814325074078,4.179271940886601,4.179271940886606,44.98856277046376,49742.75214739202,16942.24964772447,16232.28807832311,1,0.0008146935135689391,0.0005350865541741279,13,1
583,7,0.04027609343226328,0.040402495074611626,0,39.10649570236197,1.5405336890221095,0.024978677834107944,631.5811664054738,6.315811664054738,0.0,90.84360144183007,126.55948941644155,47528.47857644491,92530.18643279659,63356.48815182987,1656.4076816541199,12563.116514011264,3.9331356764310503,3.9331356764310517,44.98856277046376,49742.75214739202,16942.24964772447,16238.755870667168,1,0.0004021812044494472,0.0005026308261375786,13,1
584,8,0.03904284250594256,0.03972257822139116,0,39.775867296276054,1.5512145517385578,0.018218638140153322,618.0571174462807,6.180571174462807,0.0,133.95491351158262,133.81531481914908,45178.03835006545,92517.46772827921,65773.24506387227,1655.4605197942572,12522.806520969483,4.312265811217565,4.312265811217559,62.614032604847424,49680.13811478717,16942.24964772447,16251.660535837997,1,0.0003948361680179867,0.0005372369620121243,16,1
585,8,0.039530405173076134,0.038826615408396124,0,40.69373504182212,1.560693631087765,0.012219220830528498,683.9671546232,6.839671546232,0.0,133.9250258117451,133.82899416224154,45178.993320788155,92516.55233778626,65566.28375280302,1660.711436769764,12602.780310783854,3.3837588055929104,3.3837588055929078,62.614032604847424,49680.13811478717,16945.669483497586,16252.803343164196,1,0.0004341690565139491,0.0004103954763271277,16,1
586,8,0.03962201290059672,0.039767828081409065,0,39.73060828883007,1.548992564948986,0.019624958893046905,693.1531536852129,6.9315315368521295,0.0,133.71051708810384,133.82899416224154,45182.33843626949,92511.03588680133,65245.62237659725,1668.9317624956693,12978.96805253704,3.432906766926806,3.432906766926807,62.614032604847424,49680.13811478717,16945.669483497586,16258.475534767107,1,0.00042724700508048184,0.0004187507432041392,16,1
587,8,0.041367634598019315,0.0418777599057101,0,37.72885664270129,1.5847557294351793,0.0030099553387210203,878.3766909684526,8.783766909684527,0.0,134.26780295082435,133.84656169606092,45240.94775651929,92511.33553332432,64588.29840145917,1685.9791562524742,13293.56904097482,3.7510360108609233,3.7510360108609206,62.614032604847424,49680.13811478717,16950.06136695243,16259.793099803559,1,0.0005286024773398498,0.00046333951297809355,16,1
588,8,0.041463825884596586,0.04163556010301023,0,37.948330611884025,1.5620150205022434,0.011382898416301697,798.3497991489617,7.9834979914896165,0.0,133.92261473678295,133.8625286920439,45247.847536058485,92510.42668865838,64049.795121132556,1700.2074359008445,13586.533966196504,3.8295498966477277,3.8295498966477264,62.614032604847424,49680.13811478717,16954.053115948172,16260.990624502283,1,0.00047008298136096675,0.0004753108212604328,16,1
589,8,0.03719719375751145,0.03746479553006921,0,42.172924678900046,1.4299268464420263,0.09498300858099606,589.4395839053986,5.894395839053987,0.0,132.2099113064898,133.8625286920439,45280.33474289947,92489.24629504058,64702.744109335144,1683.1354102247774,13457.733738085137,3.641340453643942,3.641340453643941,62.614032604847424,49680.13811478717,16954.053115948172,16282.345397798093,1,0.0003503945584759464,0.000449693339058921,16,1
590,8,0.03788128677637821,0.03830023549428045,0,41.25301005619009,1.4717563138424368,0.06850866212504006,868.6533589796064,8.686533589796065,0.0,132.92107353140094,133.8625286920439,45325.7117412737,92463.91505004038,65049.3883661302,1674.2952023708363,12827.42297719623,3.692970516634915,3.692970516634915,62.614032604847424,49680.13811478717,16954.053115948172,16307.84314770657,1,0.00054174769820803,0.00045407507934831434,16,1
591,8,0.03429449311383891,0.03431112346248421,0,46.04920622105459,1.3799092257174161,0.12663973055859742,646.4900959381846,6.464900959381846,0.0,132.31396720158395,133.8625286920439,45393.624893848275,92432.30691131901,66201.37209202176,1645.2839484105737,12482.573049584309,3.56598184192655,3.5659818419265514,62.614032604847424,49680.13811478717,16954.053115948172,16339.602503433698,1,0.00041433130388751947,0.00043549118685716525,16,1
592,8,0.03526838351893623,0.03575590820027619,0,44.18850141213294,1.4416254296919881,0.08757884196709614,729.3310119800082,7.293310119800082,0.0,132.076846276348,133.8625286920439,45442.13999182984,92406.60807239459,66727.3546041964,1632.4392487219543,12012.057549190742,3.9097387479638446,3.9097387479638495,62.614032604847424,49680.13811478717,16954.053115948172,16365.458348097345,1,0.0004857326125808604,0.0004806038715588033,16,1
593,8,0.03584755194027979,0.03553405968080502,0,44.46438189705334,1.4794231224930625,0.06365625158666934,862.9094275562882,8.629094275562881,0.0,132.66541795731203,133.8625286920439,45488.163410906105,92382.78928081521,67050.7526029025,1624.6909352862767,12258.397751807915,3.9554970031879013,3.9554970031879035,62.614032604847424,49680.13811478717,16954.053115948172,16389.437599318706,1,0.0005631466330444519,0.0004877368498376106,16,1
594,8,0.03468522279347688,0.0346525811021127,0,45.595449162765846,1.4701974058199136,0.0694953127722066,1181.900144714945,11.819001447149452,0.0,134.10225474652935,133.8625286920439,45576.83294755156,92340.39321023034,67956.35005103331,1603.24126026945,12091.118461529186,4.859949208312692,4.859949208312697,62.614032604847424,49680.13811478717,16954.053115948172,16432.02293150625,1,0.0007819955769851704,0.0006102916075368276,16,1
595,8,0.03534186549112167,0.03475934144434301,0,45.45540664312962,1.5160256665645804,0.040490084452797274,947.2673221856617,9.472673221856617,0.0,133.67616429920204,133.8625286920439,45605.492289199705,92322.53973638148,68365.11117950389,1593.7398797915935,11773.335961086323,5.253868392238207,5.253868392238205,62.614032604847424,49680.13811478717,16954.053115948172,16450.073474354565,1,0.0006436696109354941,0.0006629372736550388,16,1
596,8,0.03536321933979076,0.03549626221543622,0,44.511728880369475,1.5140173377888286,0.04176117861466547,737.0670363665939,7.37067036366594,0.0,131.61303736947372,133.8625286920439,45624.71644581109,92309.8526760181,68300.96528317335,1595.319918829872,11978.537179018243,5.067987825220486,5.06798782522049,62.614032604847424,49680.13811478717,16954.053115948172,16462.954498229912,1,0.0004922584621819432,0.0006393078833675359,16,1
597,8,0.03743161406634038,0.03634575304461511,0,43.47137884474479,1.6061589033576975,0.01655626794790977,825.2760262139362,8.252760262139363,0.0,131.1894454192598,133.87903421256817,45622.45806847837,92308.64531117458,68377.46992285516,1593.5403773776586,12089.428462630576,4.489052268866859,4.489052268866864,62.614032604847424,49680.13811478717,16958.179496079243,16464.42489067298,1,0.0005461141715772141,0.0005606807482315504,16,1
598,8,0.03884738698371065,0.039415730842978836,0,40.08551829964221,1.6354050810331882,0.03506650698303043,725.9637700136299,7.259637700136299,0.0,130.4427310817259,133.93172145339014,45675.69645834156,92310.14250556148,67729.25489492214,1608.83967252883,12491.876380945643,4.0391500157801925,4.039150015780187,62.614032604847424,49680.13811478717,16971.35130628473,16464.42489067298,1,0.0004649189587696986,0.0005010971975096186,16,1
599,8,0.04143347597230475,0.041251845702966264,0,38.30131653688378,1.7185613703953817,0.0876970698704947,1072.0343274893198,10.720343274893198,0.0,131.50273122120828,134.12419121387998,45772.23877584703,92312.95161314947,67228.98530764884,1620.8502037643511,12430.802473452299,4.525114450118052,4.525114450118049,62.614032604847424,49680.13811478717,17019.468746407194,16464.42489067298,1,0.0006899212370424501,0.0005669847891297876,16,1
600,8,0.04317451393650332,0.043128158968015445,0,36.63499759337639,1.7618312717877445,0.1150830834099648,618.1436546154848,6.181436546154848,0.0,129.58727713904972,134.2685217457158,45857.3772816577,92315.35068349053,66684.3364513171,1634.1314060922853,12630.924355954647,4.137261209098873,4.137261209098867,62.614032604847424,49680.13811478717,17055.55137936615,16464.42489067298,1,0.0003915112700831406,0.0005154504886317632,16,1
601,8,0.04393429255027667,0.043578011993926864,0,36.256816860305435,1.7724544255847194,0.12180659847134137,851.1257211427388,8.511257211427388,0.0,129.28128397645114,134.47837533218652,45942.68410010921,92317.9374449586,66304.82916960913,1643.5151844723625,12818.633540659412,4.2921423031959876,4.2921423031959876,62.614032604847424,49680.13811478717,17108.014775983833,16464.42489067298,1,0.0005311803124369249,0.0005375376065208386,16,1
602,8,0.04655147297694026,0.046110245267368746,0,34.2657036595321,1.8592843798032335,0.176762265698249,660.6148819654547,6.606148819654548,0.0,128.5704902639459,134.71507229732975,46037.738621018114,92321.09075079147,65973.42502091582,1651.7968662665664,12733.363914040292,3.6237044387198143,3.6237044387198174,62.614032604847424,49680.13811478717,17167.189017269644,16464.42489067298,1,0.00041504500235764767,0.0004459121949592377,16,1
603,8,0.046317353835838355,0.04619483514887384,0,34.202957861156435,1.8469556772988451,0.16895928942964877,639.7791350432319,6.397791350432319,0.0,127.63675981381688,134.93396733708886,46106.17233321706,92323.7572012957,65920.42203313007,1653.1309060873855,12749.574892520026,3.644730971539529,3.644730971539526,62.614032604847424,49680.13811478717,17221.91277720942,16464.42489067298,1,0.00040144343034908896,0.0004492229150478871,16,1
604,8,0.04502543771452589,0.045144125320310736,0,34.99901678877239,1.7930297550478758,0.13482895889106056,547.2594139101437,5.472594139101438,0.0,126.68855324027217,135.08403413643669,46181.442969313415,92326.28149165247,65876.3260023089,1654.2449476526192,12863.628191806367,3.174435469284864,3.1744354692848615,62.614032604847424,49680.13811478717,17259.429477046375,16464.42489067298,1,0.0003403452934118396,0.0003856112420395254,16,1
605,8,0.04399071508812595,0.04365190756129482,0,36.19543997662432,1.7365781221414691,0.09910007730472724,613.6369420119516,6.136369420119516,0.0,126.6639271066685,135.20797977438045,46258.025554880966,92328.57620905919,65589.51808969589,1661.5030249795143,12008.263303314889,3.1847940316667875,3.1847940316667835,62.614032604847424,49680.13811478717,17290.415886532315,16464.42489067298,1,0.00040880978473718625,0.0003835328361660383,16,1
606,8,0.04705603736180757,0.047996142303359024,0,32.91931234834728,1.8535579006420884,0.17313791179879004,946.3142563428098,9.463142563428098,0.0,127.97686174457375,135.54113040612833,46363.704951924796,92332.50482534271,65518.53968593691,1663.310787477708,12060.365807860006,3.737706810273699,3.737706810273701,62.614032604847424,49680.13811478717,17373.703544469285,16464.42489067298,1,0.000627718443316919,0.0004589578404886483,16,1
607,8,0.046633967679371786,0.046452362545469486,0,34.013339977131004,1.7504571459803426,0.10788426960781174,1296.6927221609812,12.966927221609813,0.0,129.95837786264272,135.82798393715785,46468.034169194034,92336.2905333766,63960.148918326646,1703.9637469985494,11723.613809207745,5.079942464515283,5.079942464515281,62.614032604847424,49680.13811478717,17445.416927226666,16464.42489067298,1,0.0008848416491799188,0.0006404566257446747,16,1
608,8,0.04572178569571626,0.04603127959757999,0,34.324485736934975,1.715239526482169,0.08559463701403092,1027.3575037988485,10.273575037988484,0.0,129.27331842034405,136.00584415818278,46526.93635951396,92338.44954889237,63942.01111854216,1704.4517014548194,11951.164045534073,5.748788388615986,5.748788388615978,62.614032604847424,49680.13811478717,17489.8819824829,16464.42489067298,1,0.0006877037248486286,0.0007334212724484888,16,1
609,8,0.044761708714645985,0.04442499259791856,0,35.56556585839539,1.6585963337271967,0.04974451501721307,1005.9125308209735,10.059125308209735,0.0,128.48875017805761,136.1085264143191,46593.84123070286,92340.57909123982,63548.768561572026,1715.0354246444433,11453.106659683095,5.945742765263498,5.945742765263492,62.614032604847424,49680.13811478717,17515.552546516978,16464.42489067298,1,0.0007026303417653194,0.0007583919052646222,16,1
610,8,0.04318962606148611,0.0430638687909857,0,36.689690089589256,1.5793804615683567,0.000392112931419885,631.5070282104738,6.315070282104738,0.0,126.32942180641014,136.1211565548833,46599.17029352093,92339.91883177201,63131.92556228839,1726.401157875031,11218.376164247653,4.889991824261125,4.889991824261122,62.614032604847424,49680.13811478717,17518.71008165803,16465.372151215295,1,0.00045033756683827525,0.0006135572111507411,16,1
611,8,0.04503752408579969,0.045184267891377375,0,34.967922990327246,1.644928076192314,0.04109371910905942,512.8504836525042,5.128504836525042,0.0,124.22729144796637,136.16496940253174,46661.64392275411,92341.85049160266,63093.16690832267,1727.4676415400584,11606.989868204373,4.056334793299128,4.0563347932991265,62.614032604847424,49680.13811478717,17529.663293570142,16465.372151215295,1,0.00035347699238189706,0.0005021483003284972,16,1
612,8,0.045839802747249615,0.04579317788279139,0,34.50295596527595,1.6482209333008897,0.043177805886639005,655.5013258455891,6.555013258455891,0.0,124.25311287666212,136.22290760520272,46702.85466357918,92343.26346475349,62601.96307111522,1741.0661282061617,11850.349281790277,3.4154554823447545,3.4154554823447545,62.614032604847424,49680.13811478717,17544.14784423789,16465.372151215295,1,0.0004425194972795334,0.0004154446854999019,16,1
613,8,0.04814195332515738,0.0471992496862906,0,33.47510840747377,1.7314566114724435,0.09585861485597683,1022.4024795259547,10.224024795259547,0.0,125.7786728307947,136.4212488675965,46760.07380234699,92345.47863677835,62610.39754360607,1740.8387921719536,11828.16948454844,4.0077177285253285,4.007717728525326,62.614032604847424,49680.13811478717,17593.73315983633,16465.372151215295,1,0.0006915034356662241,0.0004958333084425516,16,1
614,8,0.04939347835229631,0.04903067011476098,0,32.224727834676926,1.7636275985716559,0.11621999909598467,561.4943571569331,5.614943571569332,0.0,123.87608183140522,136.5534676018292,46841.99486353922,92348.00155454717,62384.11225730571,1747.1762750843893,12030.649955936045,4.043833665830421,4.043833665830424,62.614032604847424,49680.13811478717,17626.787843394508,16465.372151215295,1,0.00037337590850933944,0.0005024662804850323,16,1
615,8,0.05227914813479702,0.051984997910685074,0,30.393383928082155,1.8450222660407762,0.16773561141821275,892.4607400930626,8.924607400930626,0.0,124.28620591309871,136.85596186002766,46937.0989061105,92351.58121151656,62022.01366088286,1757.4086229071224,11759.882555729138,4.4542932294309585,4.454293229430958,62.614032604847424,49680.13811478717,17702.411407944128,16465.372151215295,1,0.0006071222129056225,0.0005573338523603954,16,1
616,8,0.04921980633941338,0.04904998396301338,0,32.21203907408847,1.7143032493351729,0.0850020565412486,1022.3911981515379,10.223911981515378,0.0,125.41554611212173,137.03332290370545,47016.89661531787,92354.39251374795,61615.16590140161,1769.0490491772243,11622.230475628881,4.492205610624403,4.4922056106243975,62.614032604847424,49680.13811478717,17746.75166886358,16465.372151215295,1,0.0007037486997322456,0.0005614156070490691,16,1
617,8,0.04867160323499687,0.04829127828471147,0,32.71812335728152,1.6793556140237633,0.06288330001504003,712.4580362622191,7.124580362622192,0.0,123.85590324250748,137.12605725102327,47091.18044232808,92357.0415007112,61326.88878881937,1777.3948375438947,11641.396165980548,4.769486750790912,4.7694867507909064,62.614032604847424,49680.13811478717,17769.93525569304,16465.372151215295,1,0.0004896031548822112,0.0006001580225066931,16,1
618,8,0.05045429446674331,0.05045094165054092,0,31.31755222616464,1.723502063457651,0.0908240907959816,805.7958474031644,8.057958474031645,0.0,123.45790508795889,137.27555887819472,47185.564631534675,92360.10689445863,61020.84138621441,1786.3416384497693,11255.305569577871,4.697854343078348,4.697854343078348,62.614032604847424,49680.13811478717,17807.310662485903,16465.372151215295,1,0.0005727402725208363,0.0005886973757117643,16,1
619,8,0.05722554326245034,0.05739292852229061,0,27.529523944510867,1.9284667195479253,0.220548556675902,939.0467491224405,9.390467491224404,0.0,124.1691957952736,137.69828924222907,47326.70454377753,92366.24606226454,60609.04478266926,1798.519766584043,11255.305569577871,4.611838549119229,4.611838549119234,62.614032604847424,49680.13811478717,17912.99325349449,16465.372151215295,1,0.000667451802755567,0.0005765984100528715,16,1
620,8,0.05453522605960554,0.05414443342500035,0,29.181208483575332,1.8351017095445294,0.1614567781927401,1061.513195415425,10.615131954154249,0.0,124.9089240511406,138.0455619042116,47454.03829028306,92370.83522711803,60564.581669715866,1799.8474609797918,11344.09244376137,5.241275127555721,5.241275127555724,62.614032604847424,49680.13811478717,17999.811418990124,16465.372151215295,1,0.0007485927680352775,0.0006629282811038937,16,1
621,8,0.06203216850181147,0.06262555393064473,0,25.22931775980435,2.039312337984501,0.29070401138259555,922.5659742789591,9.22565974278959,0.0,124.29024709978674,138.58965984093777,47591.58240718908,92377.81854061321,59864.390954826566,1820.9657823373316,11384.09244376137,5.421788536596302,5.42178853659631,62.614032604847424,49680.13811478717,18135.835903171665,16465.372151215295,1,0.0006483193834460029,0.000688121318078949,16,1
622,8,0.06118339867022793,0.0605692591289704,0,26.08583995778616,1.9942097555083498,0.2621580731065504,657.424393524524,6.57424393524524,0.0,122.2797299243122,138.93703090281147,47687.36160144819,92382.18945279307,59608.322801667906,1828.8145306502163,11215.590047692875,4.938177741122728,4.938177741122727,62.614032604847424,49680.13811478717,18222.678668640092,16465.372151215295,1,0.0004689361082057459,0.0006219494198956754,16,1
623,8,0.06027508818149085,0.06035962232868895,0,26.17643946471523,1.9598847642301673,0.24043339508238434,896.4091401324474,8.964091401324474,0.0,122.75584046445394,139.3747786795195,47816.540034156125,92388.1506433604,59536.864143723964,1831.0207833683437,11064.700479610061,4.700695677354417,4.700695677354416,62.614032604847424,49680.13811478717,18332.115612817095,16465.372151215295,1,0.0006481217575003267,0.0005884590830506918,16,1
624,8,0.06230030302304734,0.06268833285552557,0,25.20405198270851,2.021216348986947,0.2792508537892068,489.65170865666437,4.896517086566644,0.0,120.91970568417135,139.6512575409723,47926.067501916186,92392.74572827255,59470.54299742423,1833.0708889930038,10950.461585824794,3.9916780687700633,3.991678068770066,62.614032604847424,49680.13811478717,18401.235328180297,16465.372151215295,1,0.00035772132878161855,0.0004915930648292303,16,1
625,8,0.06024189498625569,0.060512130731489755,0,26.110467122880337,1.9144458830870925,0.21167460954879266,854.961443219244,8.54961443219244,0.0,121.5080855046354,140.0188058169257,48077.199129293906,92398.56372693408,58859.97408954455,1852.1476158303951,10990.461585824794,4.365423146582323,4.365423146582327,62.614032604847424,49680.13811478717,18493.122397168645,16465.372151215295,1,0.0006223297804503139,0.000542724288910753,16,1
626,8,0.0592932615333588,0.0592825769544763,0,26.652012803244002,1.8572888373806238,0.1754992641649517,584.2312377673665,5.8423123776736645,0.0,120.70362801515155,140.2269991830148,48159.39389847046,92402.22579417874,58437.27786334143,1865.5885557010834,11030.461585824794,3.815258566543057,3.815258566543052,62.614032604847424,49680.13811478717,18545.170738690926,16465.372151215295,1,0.0004237220596593419,0.00046792438963042475,16,1
627,8,0.05569428952194005,0.05607848054055625,0,28.174800471944593,1.7069342592594123,0.08033813877177991,958.0028306885112,9.580028306885112,0.0,121.60025404100634,140.38516215145174,48243.1448525437,92405.56364431008,57804.76838225631,1886.0688328013691,10919.327665260751,4.659765760532287,4.659765760532289,62.614032604847424,49680.13811478717,18584.711480800153,16465.372151215295,1,0.0007018767895289709,0.0005826428765462088,16,1
628,8,0.05282225376639342,0.05313326227201933,0,29.736551689807474,1.6010197700749689,0.013303651946182786,1019.515035287024,10.195150352870241,0.0,122.45979065815852,140.40555245215748,48312.01100730128,92406.43955024595,57485.09473534267,1896.5988544621475,11311.04114298838,4.888745305420773,4.888745305420775,62.614032604847424,49680.13811478717,18589.809055976588,16466.901423768224,1,0.0007210759981500115,0.000615558282446108,16,1
629,8,0.05245207518309023,0.051941735797472716,0,30.418698484791044,1.579515742387846,0.0003064921595911279,825.1146582952873,8.251146582952874,0.0,121.11058639860153,140.42205474532338,48306.2870369168,92405.22520141187,57299.33406570547,1902.778742687201,11696.82804879115,5.213657163260072,5.213657163260072,62.614032604847424,49680.13811478717,18593.934629268064,16468.52153009537,1,0.0005643339577899065,0.0006624289151562963,16,1
630,8,0.050573639281479336,0.0514149613593351,0,30.730354710519084,1.5262643205838453,0.0340099236811106,628.9787805792258,6.289787805792258,0.0,119.10342221323253,140.42205474532338,48309.469775640726,92397.12744660449,57362.31966809479,1900.7331981221964,11830.657611711393,4.530237734170245,4.530237734170247,62.614032604847424,49680.13811478717,18593.934629268064,16476.862246946228,1,0.0004253212636001487,0.0005702437398466889,16,1
631,8,0.048001975646188084,0.04755634709151489,0,33.2237460745152,1.4698829552615023,0.0696943321129733,725.5718986399078,7.255718986399078,0.0,118.78244629600385,140.42205474532338,48330.94806470089,92377.3340207493,57782.37933082941,1886.999475358785,11992.502640238703,3.9474582260591906,3.9474582260591964,62.614032604847424,49680.13811478717,18593.934629268064,16496.86695051508,1,0.0004840170032269199,0.0004912240748723251,16,1
632,8,0.04999340245492187,0.049828642842036135,0,31.70867015200121,1.5250510000921513,0.03477784804294224,651.9381094909735,6.519381094909735,0.0,118.25813298378165,140.42205474532338,48331.52311830256,92368.44374056555,57673.61220715577,1890.6253665793533,12311.403831668424,3.5941645787721934,3.5941645787721925,62.614032604847424,49680.13811478717,18593.934629268064,16505.955500393768,1,0.00042363202013665006,0.0004443234289879063,16,1
633,8,0.05388167970667851,0.053373470418741215,0,29.60272186920057,1.622818775315963,0.0271004907063057,1219.2282131685536,12.192282131685536,0.0,120.12750989473219,140.49111815190392,48385.422836887104,92370.52402665626,57307.42797417557,1902.7512658133232,12588.369389930416,4.442338252033355,4.442338252033359,62.614032604847424,49680.13811478717,18611.200480913198,16505.955500393768,1,0.0007748283676161131,0.0005608257969932277,16,1
634,8,0.05167979033700479,0.050824399144964,0,31.087430969787597,1.5460936682256392,0.021459703654658775,637.0358927443666,6.370358927443666,0.0,118.18522291363558,140.49111815190392,48380.73777529726,92365.05703766756,57116.356386691754,1909.1736700955753,12656.487276264434,4.236898560906867,4.236898560906868,62.614032604847424,49680.13811478717,18611.200480913198,16511.667701673712,1,0.0004026620523304555,0.0005337074800277396,16,1
635,8,0.051880502361620374,0.05132031396216752,0,30.787029112190346,1.5508007400543609,0.018480544269391906,1169.7808661844103,11.697808661844103,0.0,119.10068813022578,140.49111815190392,48386.85779830547,92354.58642169615,57093.48370704301,1910.0059342198595,12978.507495588206,4.954751182861462,4.954751182861465,62.614032604847424,49680.13811478717,18611.200480913198,16522.432118176235,1,0.0007210572504316417,0.0006328492234594034,16,1
636,8,0.04220430146138118,0.042193879696659116,0,37.44618914778542,1.307770938774452,0.17229687419338482,536.5328686756654,5.365328686756654,0.0,116.78140517897742,140.49111815190392,48438.48058167977,92321.28692136669,58131.745585082135,1876.024036325718,12953.982103289252,3.8697123473820403,3.8697123473820443,62.614032604847424,49680.13811478717,18611.200480913198,16555.95300350255,1,0.00033134698775872474,0.00048502209684027396,16,1
637,8,0.04447900665800112,0.04490896119908537,0,35.18228785109772,1.4042760167692583,0.11121771090553277,667.3500151917129,6.673500151917129,0.0,115.65689525731408,140.49111815190392,48474.380686104116,92293.02861297358,58679.962339138896,1858.6277942555485,12633.385865975179,3.923316175623255,3.9233161756232517,62.614032604847424,49680.13811478717,18611.200480913198,16584.42597844826,1,0.00042259455843206756,0.0004916662655408113,16,1
638,8,0.0453959897270554,0.04538474723348391,0,34.81345818390522,1.4593167891647092,0.07638177900967777,742.3653553935985,7.423653553935985,0.0,116.11677127233804,140.49111815190392,48502.56662659326,92270.6603996057,59213.15420897254,1841.9850714632412,12857.70479106019,3.2881663156849403,3.2881663156849386,62.614032604847424,49680.13811478717,18611.200480913198,16606.97381676408,1,0.0004618960335189878,0.0004052791932365934,16,1
639,8,0.04606719104284095,0.046328195602269605,0,34.10450114579028,1.4920064429917568,0.05569212468876158,1089.6990102074928,10.896990102074929,0.0,117.59177545869807,140.49111815190392,48538.778447952805,92242.8764702711,59437.33125094291,1835.1870440474606,12475.52720830702,4.196655581163524,4.196655581163519,62.614032604847424,49680.13811478717,18611.200480913198,16634.978407425315,1,0.0006987754454060428,0.0005277553457856994,16,1
640,8,0.04253171005837332,0.042323054572044085,0,37.33189903177848,1.4040516568541168,0.11135971085182485,838.7314013096297,8.387314013096297,0.0,117.03089276998712,140.49111815190392,48602.55265428861,92204.77748828425,60010.70399213435,1817.8518219985397,12570.551389075346,4.462966362907303,4.462966362907296,62.614032604847424,49680.13811478717,18611.200480913198,16673.30966979745,1,0.0005337754091127895,0.00056481562934594,16,1
641,8,0.047604427582641176,0.04772302592241992,0,33.10770785089149,1.5575952873078385,0.014180197906431392,1081.471287722825,10.814712877228251,0.0,117.63022842705911,140.5127475776584,48603.41464766521,92203.32749783542,59745.0700079682,1825.9748740829648,12370.25316676032,5.048166309473737,5.048166309473729,62.614032604847424,49680.13811478717,18616.60783735181,16675.17551026615,1,0.0006994012317411963,0.0006439840287533428,16,1
642,8,0.03746643368721837,0.038157282929622165,0,41.40756046268217,1.280983935592233,0.18925067367580192,695.6883072778352,6.956883072778352,0.0,116.23897872303641,140.5127475776584,48699.4190585877,92152.89576484192,61077.02640425212,1786.391145123485,11822.007421924618,4.505165956957283,4.50516595695728,62.614032604847424,49680.13811478717,18616.60783735181,16725.820273977955,1,0.0004707750773274866,0.0005679839060604908,16,1
643,8,0.03271923640615231,0.033199434625125014,0,47.591171893158425,1.2266818609486785,0.2236190753489377,845.5121186688635,8.455121186688636,0.0,116.0704819243237,140.5127475776584,48871.92544738244,92076.73360236177,63963.60943947012,1706.0988062726217,11581.183404655976,4.634454959335977,4.634454959335975,62.614032604847424,49680.13811478717,18616.60783735181,16802.178059338847,1,0.0005840592202893138,0.0005847451764526655,16,1
644,8,0.033149484694268025,0.033182208500488315,0,47.615878249235536,1.3402811834553692,0.15172076996495626,927.6808331987571,9.27680833198757,0.0,116.7016134733111,140.5127475776584,49010.26655024468,92014.91071371215,66429.23232102572,1643.0095768416386,11621.183404655976,4.487261712106969,4.487261712106968,62.614032604847424,49680.13811478717,18616.60783735181,16864.177097221735,1,0.0006386136770388365,0.0005644826582185456,16,1
645,8,0.032075631352279664,0.031898070766758914,0,49.53277618427392,1.3573063595055312,0.14094534208510684,597.0733604881924,5.970733604881924,0.0,114.84627931627008,140.5127475776584,49079.996883448955,91982.75195756402,67961.928897285,1606.0646603713733,11662.795551062309,4.331184994024022,4.331184994024018,62.614032604847424,49680.13811478717,18616.60783735181,16896.499158074334,1,0.0004095576281855051,0.0005440768418378851,16,1
646,8,0.03474554479353451,0.03434674293803462,0,46.0014506426562,1.4687960622396972,0.0703822390887993,535.6395960941813,5.356395960941813,0.0,113.38494660904047,140.5127475776584,49100.95528169657,91968.52625915995,67929.45839723517,1606.9256312837924,11478.066139243663,3.8195503582336623,3.819550358233658,62.614032604847424,49680.13811478717,18616.60783735181,16910.866714567655,1,0.0003733309005863434,0.00047383406860356165,16,1
647,8,0.03799257614345621,0.038215750339765577,0,41.344209807544296,1.5894076378944462,0.005954201199016517,864.9958519864582,8.649958519864581,0.0,114.46693836202402,140.53004749469812,49153.83436348245,91968.55867380643,67577.12735300428,1615.3371201337827,11349.256633948771,3.7568354263930894,3.756835426393094,62.614032604847424,49680.13811478717,18620.93281661174,16912.164208345635,1,0.0006097286403051392,0.0004642057230256626,16,1
648,8,0.039057165533810084,0.038459911679749374,0,41.081737606587666,1.597965706522942,0.011370700330975909,982.1776516414676,9.821776516414676,0.0,115.44042908504677,140.54969104773096,49161.345824794415,91967.37086901857,66830.2851792191,1633.452770770723,11777.98704027229,4.3732056476515515,4.373205647651545,62.614032604847424,49680.13811478717,18625.84370486995,16913.6374748231,1,0.0006671276837260035,0.0005500624082058287,16,1
649,8,0.025174200564227783,0.02531326444197505,0,62.41786805576949,1.168576092326139,0.2603948782745956,813.0710383664845,8.130710383664844,0.0,114.59117624025399,140.54969104773096,49384.36495450023,91894.21988325493,71191.89119447082,1533.6604601492256,11777.98704027229,4.805979767917481,4.805979767917479,62.614032604847424,49680.13811478717,18625.84370486995,16986.955155702446,1,0.0005522648551650554,0.0006097070597320661,16,1
650,8,0.021329212209489946,0.02139538556390179,0,73.84769932194024,1.0844780942822057,0.31362145931505975,612.6617996634283,6.126617996634283,0.0,112.78696079538385,140.54969104773096,49584.93489555903,91839.14044178992,74514.7094447475,1465.5344896822987,11817.98704027229,4.324713024385657,4.324713024385655,62.614032604847424,49680.13811478717,18625.84370486995,17042.172103310986,1,0.0004147317458214525,0.0005447080949041705,16,1
651,8,0.019822827846945276,0.019707563442939415,0,80.17226505826945,1.1208312539803404,0.2906131303921896,636.1909489116525,6.361909489116526,0.0,112.42485080490115,140.54969104773096,49802.3484700525,91781.75459795872,78586.07253383072,1389.8596969647,10882.246868933267,3.868155567320634,3.8681555673206356,62.614032604847424,49680.13811478717,18625.84370486995,17099.659690986293,1,0.00046769087786667,0.00047822915961772604,16,1
652,8,0.021352182758120713,0.021444346735613563,0,73.67909218591514,1.340710235089605,0.15144921829771843,847.7986764081746,8.477986764081747,0.0,113.35621042296638,140.54969104773096,50011.62622060061,91721.78079112289,82820.51447745363,1319.0014627776623,10578.543569138828,4.098472029485457,4.098472029485451,62.614032604847424,49680.13811478717,18625.84370486995,17159.727767725195,1,0.0006411458597241978,0.0005078561611374402,16,1
653,8,0.01674869819877897,0.016800659363276765,0,94.04392802901518,1.1542545135611553,0.2694591686321802,578.5302831176666,5.785302831176666,0.0,112.23799929360672,140.54969104773096,50248.82413746447,91669.67735525168,86774.6012065229,1259.1344368613125,10618.543569138828,4.144577092078329,4.144577092078334,62.614032604847424,49680.13811478717,18625.84370486995,17211.91852763678,1,0.00043586413097108825,0.0005149002895206521,16,1
654,8,0.017929998439889856,0.017789759424527003,0,88.81514146962724,1.3188818252773191,0.16526466754600058,693.922735610435,6.93922735610435,0.0,112.032438793257,140.54969104773096,50465.783827751904,91619.05343396637,89657.58051900522,1218.881212872915,10279.899963753576,4.332564568335586,4.332564568335592,62.614032604847424,49680.13811478717,18625.84370486995,17262.62518725601,1,0.0005400229481276453,0.0005390109796076437,16,1
655,8,0.021210452935962,0.021422483292054033,0,73.75428788809228,1.5641469183711498,0.010033595967626735,952.6674890565408,9.526674890565408,0.0,113.15028352373578,140.5687443975121,50475.039257387856,91617.77437714819,89771.57791132557,1217.338221820031,10603.166625222435,4.51319382918979,4.513193829189794,62.614032604847424,49680.13811478717,18630.60704231523,17264.054188489594,1,0.0007187796044176986,0.0005648888945054774,16,1
656,8,0.02118119345564463,0.020911100977763,0,75.55795372420525,1.556622298655676,0.01479601350906592,718.0804614808023,7.180804614808023,0.0,112.36718850188129,140.5687443975121,50489.21191081712,91612.8852830551,89618.56645566094,1219.4532963803997,10496.525653243445,4.785564292140855,4.785564292140851,62.614032604847424,49680.13811478717,18630.60704231523,17269.0367180701,1,0.000547290015917916,0.00060203085615442,16,1
657,9,0.02163394088208236,0.021701079683129215,0,72.80743737503157,1.5933720847542878,0.008463344781194778,766.8336459004754,7.668336459004754,0.0,136.21078972744687,147.32217397587513,47993.981395966744,91605.8363411631,90991.47371306721,1235.4328169277599,10770.758903863918,4.9283076355448525,4.928307635544849,53.8537945193196,49626.284320267856,18630.60704231523,17276.184176837975,1,0.0005695670306948421,0.000611878883676819,19,1
658,9,0.02135077319859353,0.021154494954871223,0,74.68861834662592,1.5759538946076022,0.0025608261977201987,676.5447887920417,6.765447887920417,0.0,135.49451088798838,147.33570487165096,47993.41447112805,91604.84178508491,91091.02463450951,1234.086742038327,10690.834987898545,4.412185634326194,4.412185634326198,53.8537945193196,49626.284320267856,18633.98976625919,17277.30911541589,1,0.0005062615143216442,0.0005410395203114675,19,1
659,9,0.01974104248940816,0.019089900054110442,0,82.7662793163652,1.4736604657336023,0.06730350270025173,621.8831083141196,6.218831083141196,0.0,134.52267552905917,147.33570487165096,48063.151205653696,91586.95886695379,91609.5948923242,1227.1951017608167,10932.391355606225,4.174331319592283,4.174331319592282,53.8537945193196,49626.284320267856,18633.98976625919,17295.275617336076,1,0.00045507562844077115,0.0005103013911524192,19,1
660,9,0.019620100578814827,0.01982644004828144,0,79.69156319300775,1.5039871222160839,0.0481094163189343,964.2650805402869,9.64265080540287,0.0,135.6294216881222,147.33570487165096,48157.56150898036,91561.78008291867,92836.21406984773,1211.0847430149079,10693.544040231727,4.557554840749472,4.55755484074947,53.8537945193196,49626.284320267856,18633.98976625919,17320.541199624895,1,0.0007213811076383927,0.0005609060834669361,19,1
661,9,0.017501804308929777,0.01762668529676793,0,89.63681902743862,1.3899441319655568,0.12028852407243246,594.1556877850915,5.941556877850915,0.0,134.5586528808927,147.33570487165096,48283.45001009267,91531.9719051571,94499.00851950991,1189.906210228408,9835.579252587851,4.538019080607858,4.538019080607862,53.8537945193196,49626.284320267856,18633.98976625919,17350.426226292097,1,0.00048327052024211995,0.0005532424187737612,19,1
662,9,0.017923203046304598,0.017885624147397063,0,88.339103347978,1.4620135883886558,0.07467494405781282,814.7611379913291,8.147611379913291,0.0,134.72888264410918,147.33570487165096,48410.64290549801,91501.91908393645,95777.62806008289,1174.1627360018497,9731.560437997041,5.06646345677109,5.066463456771093,53.8537945193196,49626.284320267856,18633.98976625919,17380.5616191286,1,0.0006697886886136621,0.0006248134388313916,19,1
663,9,0.019525588859018717,0.01974817389516445,0,80.00739756433276,1.5595265375140894,0.012957887649310534,970.3995934846229,9.70399593484623,0.0,135.6480417917958,147.33570487165096,48440.30014669589,91494.9572088437,94777.43146844025,1186.6326833504543,9824.634691276027,5.232493484122875,5.232493484122879,53.8537945193196,49626.284320267856,18633.98976625919,17387.61137769248,1,0.0007901766316838695,0.0006477452801798839,19,1
664,9,0.019924518472423033,0.019950810043448734,0,79.1947793878588,1.5938381855199657,0.008758345265801031,605.4636539635538,6.054636539635538,0.0,133.6102174107862,147.34781414473022,48468.22075528222,91494.43190947472,94850.49514304395,1185.722904473841,10048.06434725446,5.210924771050485,5.210924771050484,53.8537945193196,49626.284320267856,18637.01708452901,17388.519573173424,1,0.00048205396226706386,0.0006473397608548651,19,1
665,9,0.01798782795918853,0.019950810043448734,1,79.1947793878588,1.4777768366439636,0.06469820465571925,854.6014968917019,8.546014968917019,0.0,133.68569529908672,147.34781414473022,48605.1010938668,91468.73218287202,96126.86985535658,1170.0776154674902,9997.031842173563,5.24797695870242,5.247976958702423,53.8537945193196,49626.284320267856,18637.01708452901,17414.696482002946,1,0.0006838841851330095,0.0006520382596946475,19,1
666,9,0.01881460474753007,0.018752904121265006,0,84.25361692157037,1.5495934585879503,0.019244646463322652,980.8962287517662,9.808962287517662,0.0,134.5185292578873,147.34781414473022,48647.3938438074,91457.78052012187,96250.4397043069,1168.6381158724591,10266.212074280595,5.175340429118079,5.175340429118077,53.8537945193196,49626.284320267856,18637.01708452901,17425.736235328666,1,0.0007643685687804205,0.0006434355720601646,19,1
667,9,0.018568586152933324,0.01875899864853266,0,84.22624414036027,1.5320918631539107,0.030321605598790765,490.0304841475275,4.900304841475275,0.0,131.8159279035999,147.34781414473022,48662.92402566246,91451.84357095312,96338.61440695186,1167.6009151221522,10123.84359589565,4.941581025823774,4.941581025823768,53.8537945193196,49626.284320267856,18637.01708452901,17431.75617752613,1,0.0003872288065344611,0.0006118271868159637,19,1
668,9,0.019881977188070075,0.01988793942553286,0,79.44513336417037,1.6176331794137002,0.023818467983354522,783.0916561075401,7.830916561075401,0.0,131.67944377658162,147.38644115931996,48715.94967400742,91452.58677644932,95667.05471450726,1175.8229391493255,10533.581021444541,4.705702476150803,4.7057024761508,53.8537945193196,49626.284320267856,18646.673838176444,17431.75617752613,1,0.0005947391714276856,0.0005821121822475224,19,1
669,9,0.021182726742576964,0.020970392229379135,0,75.34432273452897,1.6744725087300683,0.05979272704434695,848.3103055045914,8.483103055045914,0.0,132.28798357457845,147.48894455525615,48771.398653323864,91453.38933775135,94299.62006920276,1192.9267715297901,10865.413045395933,4.353696004582444,4.3536960045824395,53.8537945193196,49626.284320267856,18672.299687160496,17431.75617752613,1,0.0006245949800235536,0.0005355209859952334,19,1
670,9,0.02124747117443045,0.02112839347187762,0,74.78088677698173,1.6142504375364768,0.021677492111694126,1378.1029812755262,13.781029812755262,0.0,134.30050548897051,147.5501677883893,48817.50526356445,91454.10680768898,92450.03556708715,1216.8678540267495,11020.473788637357,5.846145866648215,5.846145866648218,53.8537945193196,49626.284320267856,18687.605495443786,17431.75617752613,1,0.0010003947254582956,0.0007399096256365116,19,1
671,9,0.02301904605365284,0.023076386120027246,0,68.46825979518385,1.6984850020943747,0.07499050765466748,885.834292619568,8.85834292619568,0.0,132.81481660282842,147.6844220606461,48893.76704680034,91455.26301350284,91111.31705587594,1234.8037225716048,11038.848664226236,5.95543562606722,5.955435626067216,53.8537945193196,49626.284320267856,18721.169063507987,17431.75617752613,1,0.0006419758578557598,0.0007556551877792029,19,1
672,9,0.026586524877720365,0.026444109605691483,0,59.7486556953289,1.9254254759564333,0.21862371895976787,1025.0472190062064,10.250472190062064,0.0,132.111037281713,148.13859790907148,49006.079053177615,91457.98960844576,90265.96917311974,1246.4042181848586,10990.061790042737,6.2508633016742365,6.250863301674231,53.8537945193196,49626.284320267856,18834.713025614325,17431.75617752613,1,0.0007461630251687387,0.0007961778694942647,19,1
673,9,0.02701249220529484,0.026830518638918926,0,58.888164677820875,1.9554254929446908,0.23761107148398147,699.3774706593492,6.993774706593492,0.0,130.44319153127398,148.47197716165263,49124.20674208299,91459.90900456245,90246.45293912917,1246.6757825186473,10990.061790042737,5.049835668273467,5.049835668273469,53.8537945193196,49626.284320267856,18918.05783875961,17431.75617752613,1,0.0005090981172047657,0.0006324123334097547,19,1
674,9,0.02483371180627725,0.02459935113636326,0,64.22933642604954,1.7962665273263267,0.13687754894071308,1185.793792452381,11.85793792452381,0.0,131.67688515550893,148.80016861215037,49222.372696222905,91461.80988791157,90210.50773883764,1247.1766951081477,10996.258265975153,5.590755044308423,5.590755044308423,53.8537945193196,49626.284320267856,19000.10570138405,17431.75617752613,1,0.0008626889356511304,0.000705983359341545,19,1
675,9,0.026209739419147022,0.026056326020952883,0,60.63786578082658,1.8737257769009648,0.18590239044364854,674.2603964382838,6.742603964382838,0.0,130.00365087306557,149.05237091179467,49275.93505295101,91463.17539771086,89684.65449999443,1254.5119746545101,10817.312733635445,4.990064620157027,4.990064620157028,53.8537945193196,49626.284320267856,19063.156276295125,17431.75617752613,1,0.00049865278968351,0.0006234799475131354,19,1
676,9,0.02894229467411158,0.02883713089600093,0,54.790471552047194,2.024635266205074,0.2814147254462493,643.7320245958517,6.437320245958517,0.0,128.31797420854724,149.4170991505928,49362.48320527601,91465.33432378,88717.77836337083,1268.2264934750567,10553.895031146823,4.943742221755202,4.943742221755205,53.8537945193196,49626.284320267856,19154.338335994657,17431.75617752613,1,0.00048795787541646725,0.0006164332002503692,19,1
677,9,0.029032644470585522,0.029478089417321912,0,53.59913180369012,1.9984183838555587,0.26482176193389784,493.11278520758486,4.931127852075849,0.0,127.16142038279645,149.67926026989838,49444.798749069945,91466.9823042693,88005.34708048718,1278.5250445749189,10308.693813214903,3.7821743892675097,3.7821743892675066,53.8537945193196,49626.284320267856,19219.87861582105,17431.75617752613,1,0.0003826772191646276,0.00045642929475486825,19,1
678,9,0.02811735825297972,0.028345791694357882,0,55.740196535575784,1.9143491564612445,0.21161339016534456,671.2120588217115,6.712120588217115,0.0,127.43602692157572,149.9643782005356,49532.04262149912,91468.63305040784,87525.82446099186,1285.5517784991623,10348.693813214903,3.830614254406638,3.830614254406634,53.8537945193196,49626.284320267856,19291.158098480355,17431.75617752613,1,0.0005188767362811321,0.00046317061028740893,19,1
679,9,0.02617784523191306,0.02655304453799232,0,59.50353443422741,1.733863825144926,0.09738216781324431,864.9999011693753,8.649999011693753,0.0,128.34493363684243,150.13447633154064,49617.230059138776,91470.0430388237,86330.14850610099,1303.411048587904,10581.659183671056,4.227796415954011,4.227796415954016,53.8537945193196,49626.284320267856,19333.68263123161,17431.75617752613,1,0.0006539616414818486,0.0005185051989758695,19,1
680,9,0.0187723989774962,0.018798906785774974,0,84.04744052433821,1.316035311274109,0.16706625868727282,598.1136336928815,5.981136336928816,0.0,127.11737232827014,150.13447633154064,49780.676227497635,91429.24495191727,88823.0734117205,1267.0041283907121,10419.17871228345,4.416703872003957,4.416703872003964,53.8537945193196,49626.284320267856,19333.68263123161,17472.644030605632,1,0.00045924052189468586,0.000544026299885889,19,1
681,9,0.02030380657492245,0.020397597230652504,0,77.46010386094171,1.4642836001049497,0.07323822778167742,722.5828087931759,7.22582808793176,0.0,126.7686485385306,150.13447633154064,49865.31224523899,91405.62909551933,90093.25843024763,1249.2362085740374,10581.357955127372,4.47542098064855,4.47542098064855,53.8537945193196,49626.284320267856,19333.68263123161,17496.349623427584,1,0.0005463062959271965,0.000553169486434577,19,1
682,9,0.020423744618183436,0.02057809408388265,0,76.7806772366495,1.476518971466274,0.06549432185678859,337.2156708695423,3.372156708695423,0.0,124.60373403634397,150.13447633154064,49886.709268298626,91397.72092327206,90204.4680832643,1247.7408385224733,10434.082943939091,3.511850047097776,3.5118500470977803,53.8537945193196,49626.284320267856,19333.68263123161,17504.327184801514,1,0.0002585493503790271,0.00042136538940030317,19,1
683,9,0.02061021012215361,0.020277777380953245,0,77.91780974398513,1.5012815152261634,0.04982182580622575,454.29248321158366,4.542924832115837,0.0,123.76888226811867,150.13447633154064,49911.349824018405,91388.9973872046,90546.83081928673,1243.064135642447,10663.043237748749,3.2115131487729793,3.211513148772977,53.8537945193196,49626.284320267856,19333.68263123161,17513.11500404131,1,0.00034083514290053423,0.0003818969297355859,19,1
684,9,0.02026889830393873,0.020245185571366314,0,78.04324610561564,1.4978960820919516,0.05196450500509398,676.2871820289088,6.762871820289088,0.0,124.6188813995131,150.13447633154064,49967.26658785467,91373.64804940809,91205.46996634183,1234.1539694321987,10677.13945627699,3.1175277379049366,3.117527737904937,53.8537945193196,49626.284320267856,19333.68263123161,17528.525826086778,1,0.0005067178787339532,0.0003687007906711715,19,1
685,9,0.01918282131904509,0.019423669444871745,0,81.34405316587352,1.4486464642327836,0.08313514921975723,706.1952357439033,7.061952357439033,0.0,125.09098225130398,150.13447633154064,50066.426962698264,91347.57455585037,92202.30674489269,1220.9330703939436,10417.670271553752,3.8202661121659385,3.8202661121659367,53.8537945193196,49626.284320267856,19333.68263123161,17554.6712918594,1,0.0005423056920296074,0.0004632862378880316,19,1
686,9,0.016201195169898767,0.015840677829519957,0,99.74320650948313,1.3375912728789678,0.15342324501331153,653.7770643105595,6.537770643105595,0.0,124.62081156915391,150.13447633154064,50281.89622015701,91303.33841923893,96412.52641367094,1167.7693993090522,10457.670271553752,4.2045712875886085,4.204571287588614,53.8537945193196,49626.284320267856,19333.68263123161,17598.9802176792,1,0.0005001320923945516,0.0005163852210527041,19,1
687,9,0.016135789879709667,0.01605571404011918,0,98.4073331184137,1.380846880782497,0.12604627798576146,636.3491720497182,6.363491720497182,0.0,124.08822910308811,150.13447633154064,50445.81430415732,91268.24657443892,98164.70249194364,1147.0967817348544,10417.670271553752,4.160456643930622,4.160456643930625,53.8537945193196,49626.284320267856,19333.68263123161,17634.141287953433,1,0.0004886690827889367,0.0005103689557376985,19,1
688,9,0.016243016195657125,0.016347154128881443,0,96.65290897383322,1.4872453995740547,0.05870544330756038,1243.362433869069,12.433624338690692,0.0,126.23813034435152,150.13447633154064,50720.39403133087,91210.79829115196,101550.64682130303,1109.089866050548,10499.633724175112,5.150160849421019,5.150160849421026,53.8537945193196,49626.284320267856,19333.68263123161,17691.670152622148,1,0.000947356806176019,0.0006453859937865024,19,1
689,9,0.01692884286079246,0.016627502841710384,0,95.0232885263169,1.5490212103208536,0.019606828910852196,697.7722520419142,6.9777225204191415,0.0,124.64265606601904,150.13447633154064,50747.571548256885,91204.30196917814,101519.08475470585,1109.4752103671374,10514.17813195423,5.218930155796236,5.218930155796236,53.8537945193196,49626.284320267856,19333.68263123161,17698.248489456353,1,0.000530919102404229,0.0006556483304563949,19,1
690,9,0.018626845125895432,0.018566088433190502,0,85.10139363418317,1.6682720695475364,0.055868398447807784,588.0683164108618,5.880683164108619,0.0,122.1837379869209,150.20091989659178,50799.63019338487,91204.97160935806,100439.29446273952,1121.4400916147129,10683.999738783492,5.086040769618782,5.086040769618778,53.8537945193196,49626.284320267856,19350.293522494398,17698.248489456353,1,0.00044033570257486426,0.0006395372037183708,19,1
691,9,0.01796077558110533,0.01811164744964021,0,87.236680395487,1.5723125879527662,0.004865450662806258,705.1514531050485,7.051514531050485,0.0,122.07080826605352,150.2150229256539,50807.175417643906,91204.02183037302,99301.4529185991,1134.336215593686,11161.741317173615,3.9923917256625434,3.992391725662546,53.8537945193196,49626.284320267856,19353.819279759922,17699.30621663601,1,0.000505406053100401,0.0004922202860264982,19,1
692,9,0.016871900129410818,0.01693612000378414,0,93.2917338591703,1.49229143180822,0.0555117520201139,752.9875435590518,7.529875435590518,0.0,122.33257610388259,150.2150229256539,50894.49994773739,91183.84764140872,99819.16660878727,1128.5590563123417,11160.836353992092,4.0147335686962995,4.014733568696297,53.8537945193196,49626.284320267856,19353.819279759922,17719.54960517291,1,0.0005397355679637522,0.0004951591078796725,19,1
693,9,0.018373452096854412,0.018458948962038917,0,85.59533932561881,1.5976152855177872,0.011148914884675397,1109.024832851335,11.09024832851335,0.0,123.80012317187062,150.23720342231093,50928.967469378505,91182.56251709725,98973.11727405289,1138.2451367331503,10846.298254262334,4.950240762697567,4.950240762697565,53.8537945193196,49626.284320267856,19359.364403924177,17721.213142422188,1,0.0008179932410879555,0.000621044954050703,19,1
694,9,0.018554745309190334,0.018612097114871235,0,84.89102492043014,1.5889757311654031,0.005680842509748776,1038.3263201863397,10.383263201863397,0.0,124.11127401137665,150.25796994871465,50940.03457727114,91181.1622632631,98223.30031395501,1146.9705200701003,11322.193863220979,5.489144183562582,5.489144183562579,53.8537945193196,49626.284320267856,19364.556035525107,17722.77063190247,1,0.0007336573337146184,0.0006971287142554421,19,1
695,9,0.018041064125893756,0.018059319506774547,0,87.48945381952508,1.5441992416944659,0.022658707788312783,494.69208967364244,4.946920896736424,0.0,120.39218594735792,150.25796994871465,50951.9477913728,91176.63818179829,98199.53065523836,1147.276842164359,11567.679445345242,4.988054212535386,4.988054212535386,53.8537945193196,49626.284320267856,19364.556035525107,17727.387019782942,1,0.0003421201923936115,0.0006312569223987284,19,1
696,9,0.018229480436449168,0.01807690818166794,0,87.40432733968862,1.5555562112657626,0.015470752363441436,714.4536926956208,7.144536926956208,0.0,119.68081711540275,150.25796994871465,50968.18856973855,91171.38056207332,98050.90344392437,1149.0533181393405,11922.358122252735,4.150675550536795,4.150675550536799,53.8537945193196,49626.284320267856,19364.556035525107,17732.72391045507,1,0.0004794042825216691,0.0005183939362099663,19,1
697,9,0.017707866337561506,0.01788046413261179,0,88.3645965944627,1.5138356122104724,0.04187619480349855,816.5970328191564,8.165970328191564,0.0,120.4118470371794,150.25796994871465,51035.5007903821,91154.17277533226,98145.6415658027,1148.044007184991,11747.1348188248,3.726396406962159,3.7263964069621602,53.8537945193196,49626.284320267856,19364.556035525107,17750.00161543255,1,0.0005561165648737145,0.000459213679929665,19,1
698,9,0.018062170056804872,0.0180696709533816,0,87.43933434517331,1.520531514358614,0.037638282051510166,778.2494516275636,7.782494516275636,0.0,120.32444566877409,150.25796994871465,51095.21027127308,91139.94815580985,97397.68717298929,1156.972790268067,11655.540265183217,4.196374783802581,4.196374783802575,53.8537945193196,49626.284320267856,19364.556035525107,17764.305619831943,1,0.0005341661966214006,0.0005232290146722614,19,1
699,9,0.016504416018206066,0.016609663160905466,0,95.12534870176545,1.4284273783417978,0.09593203902417866,411.96962503029437,4.119696250302944,0.0,117.94345661590808,150.25796994871465,51162.55856738531,91125.06787366843,98758.36091756208,1141.0794126277026,11505.71171299322,3.7241947166619984,3.7241947166620015,53.8537945193196,49626.284320267856,19364.556035525107,17779.253672678602,1,0.0002864452962540778,0.0004589093525830643,19,1
700,9,0.017232213407063806,0.01734900005484184,0,91.07153121248889,1.5782900297955456,0.0010822596230724772,1944.4318768355072,19.44431876835507,0.0,122.92047665260927,150.25796994871465,51312.42564056373,91092.89312450433,101598.18841851644,1109.2775291913556,11336.85614984177,5.731384395185524,5.731384395185527,53.8537945193196,49626.284320267856,19364.556035525107,17811.525102269545,1,0.0013721136450074096,0.0007309083792942959,19,1
701,9,0.015870930907552754,0.015957930579522675,0,99.01033170475543,1.4866341613371494,0.05909230295117129,677.4755467616727,6.774755467616727,0.0,119.87246798268525,150.25796994871465,51398.19645841513,91074.44682596064,102749.35383388912,1096.9261556767879,11546.746627614919,5.556907654695861,5.556907654695857,53.8537945193196,49626.284320267856,19364.556035525107,17830.065143311018,1,0.00046937934544536634,0.000709312762235618,19,1
702,9,0.014061041526363892,0.014050799969573183,0,112.44911346125976,1.4092009587508276,0.10810065901846357,739.4016452269149,7.394016452269149,0.0,116.69672762796021,150.25796994871465,51615.57540797718,91035.14439670455,106288.48820903953,1060.5491269368367,11220.85038101952,6.143328333604171,6.143328333604171,53.8537945193196,49626.284320267856,19364.556035525107,17869.46169638873,1,0.000527162644626393,0.0007895518783597229,19,1
703,9,0.013543568415269262,0.013703049896225875,0,115.30279842556563,1.4241508801410148,0.09863868345505399,747.4419956954754,7.474419956954754,0.0,116.7389802196042,150.25796994871465,51821.620135977355,90998.27500945536,108881.32085822464,1035.4532225140608,11236.27557283918,4.099065835338798,4.0990658353388,53.8537945193196,49626.284320267856,19364.556035525107,17906.39092423472,1,0.0005321635204478076,0.0005095685035065223,19,1
704,9,0.01093248732501136,0.010831401736359892,0,145.87216303648898,1.284036742497948,0.18731851740636207,1127.161137334672,11.27161137334672,0.0,118.26176781729929,150.25796994871465,52200.64853817873,90946.02469245865,115085.02954347401,979.8517325407439,10836.13812143307,5.000939327564941,5.000939327564945,53.8537945193196,49626.284320267856,19364.556035525107,17958.704219000007,1,0.0008321497010860219,0.0006304919553867409,19,1
705,9,0.011187737255579163,0.011183786227642399,0,141.27594786234326,1.3924829666864371,0.11868166665415376,634.9062911967063,6.349062911967064,0.0,116.42633873169922,150.25796994871465,52450.88210649934,90909.98788066841,118480.9498547474,951.9209702942466,10876.13812143307,4.846939869981326,4.846939869981324,53.8537945193196,49626.284320267856,19364.556035525107,17994.79896571051,1,0.0004670086268548045,0.0006104406161295447,19,1
706,9,0.011768994070907824,0.011834852542543713,0,133.5039870011261,1.5184765219216785,0.038938910176152905,954.299113134669,9.54299113134669,0.0,116.61799669935577,150.25796994871465,52620.827253602954,90883.95884089483,120637.82438595164,935.0067777990414,11062.322384787742,5.225370799409008,5.2253707994090135,53.8537945193196,49626.284320267856,19364.556035525107,18020.889208634962,1,0.000690125693278992,0.0006630946737399395,19,1
707,9,0.012185339040511868,0.011960781858178346,0,132.09838777551602,1.5756768374491232,0.002736178829668883,1515.9698546172299,15.159698546172299,0.0,119.31611095573504,150.25796994871465,52747.52792634774,90864.21017828217,120778.69735166572,934.0299616792076,11056.824675845084,5.8785907616974615,5.878590761697454,53.8537945193196,49626.284320267856,19364.556035525107,18040.706452432594,1,0.0010968572978671115,0.0007513305393336359,19,1
708,9,0.013487699942916612,0.011960781858178346,1,132.09838777551602,1.718889284390918,0.08790461037399872,704.9690466906267,7.0496904669062666,0.0,116.13011341154242,150.381734735053,52766.59771109701,90864.4628974169,119904.55838284224,940.8614737096138,11247.964931432516,5.945249405732108,5.9452494057321035,53.8537945193196,49626.284320267856,19395.49723210969,18040.74805907525,1,0.0005014020232019648,0.0007627950047826895,19,1
709,9,0.013522086546627761,0.013609828783274006,0,116.09256994781329,1.6930303370226265,0.07153818798900408,843.7700650216615,8.437700650216614,0.0,114.4974510620307,150.50300147050575,52808.781120890155,90864.93010722807,118849.49143251423,949.2405859657517,11209.497090728555,5.727230774669273,5.7272307746692706,53.8537945193196,49626.284320267856,19425.813915972885,18040.74805907525,1,0.0006021822803947549,0.000733480533821277,19,1
710,9,0.01,0.009948896294788366,0,158.81158604775766,1.3898935115210638,0.12032056232844068,677.3708485075402,6.773708485075403,0.0,113.75105864904627,150.50300147050575,53137.546849371065,90822.76519378505,125230.69174652471,901.0092550865676,11209.497090728555,4.232118536598597,4.232118536598599,53.8537945193196,49626.284320267856,19425.813915972885,18082.959629828634,1,0.00048342639675979615,0.0005290035667855053,19,1
711,9,0.01,0.009963718241809251,0,158.57533921122777,1.4879623861061437,0.05825165436320021,895.0301460142211,8.950301460142212,0.0,114.26973323186621,150.50300147050575,53423.61697533637,90785.86899975846,129583.72655331992,870.880391623529,11285.563978214715,4.555074421846934,4.555074421846929,53.8537945193196,49626.284320267856,19425.813915972885,18119.90300850616,1,0.0006344601990592287,0.0005733562920712599,19,1
712,9,0.01,0.00991542346219524,0,159.3477077428011,1.4993067835147111,0.051071656003347427,809.5576464821403,8.095576464821402,0.0,114.26119982800388,150.50300147050575,53627.74916653041,90759.52256104621,130088.12815328145,867.6551695999516,11157.42991359492,4.5064374417318325,4.506437441731831,53.8537945193196,49626.284320267856,19425.813915972885,18146.295264845467,1,0.000580461739129169,0.0005661161116493979,19,1
713,9,0.01,0.009991175863627029,0,158.13954449065452,1.505353135978536,0.04724485064649629,564.0282303117306,5.6402823031173055,0.0,112.53919336857922,150.50300147050575,53723.022623652854,90746.82177319514,130355.58839768056,865.9469016414182,10962.32175989954,4.332608833596792,4.332608833596787,53.8537945193196,49626.284320267856,19425.813915972885,18159.039212153915,1,0.0004116122424904261,0.0005421780602262746,19,1
714,9,0.01,0.009868815567684415,0,160.10026625421332,1.5204452097326238,0.03769290523251665,533.2575214711994,5.332575214711994,0.0,111.36830515852118,150.50300147050575,53792.9848076901,90737.42915578136,131010.78457959372,861.66067505078,11241.685731716838,3.6990576648087194,3.6990576648087163,53.8537945193196,49626.284320267856,19425.813915972885,18168.46923120473,1,0.0003794858060952109,0.0004571865959049353,19,1
715,9,0.01,0.010055681062978333,0,157.12511068166566,1.5255265416842043,0.03447687235176946,373.0886479565732,3.730886479565732,0.0,109.9552712729481,150.50300147050575,53828.0370416923,90732.28902711997,131231.54586409108,860.2377099202056,11496.464022357331,2.905842466063785,2.905842466063788,53.8537945193196,49626.284320267856,19425.813915972885,18173.63932128647,1,0.0002596197559395811,0.0003502392681750727,19,1
716,9,0.01,0.009910850177468004,0,159.42123750312348,1.5102412503845586,0.04415110735154524,613.3640850877845,6.133640850877845,0.0,110.3995744912258,150.50300147050575,53932.304624233606,90718.60114251492,130579.70557376459,864.6281217687213,11691.01104239251,2.9211412637263465,2.921141263726347,53.8537945193196,49626.284320267856,19425.813915972885,18187.358086245782,1,0.00041971670909465674,0.0003529407570431496,19,1
717,9,0.01,0.010117428570863497,0,156.16616306539945,1.527918911368282,0.032962714323872155,1036.5579360136169,10.365579360136168,0.0,112.32596813131757,150.50300147050575,54169.50008525217,90687.7172889458,131354.4714473052,859.6953049666402,11600.416317277464,3.7459274405786904,3.745927440578688,53.8537945193196,49626.284320267856,19425.813915972885,18218.280737928893,1,0.0007148418868173101,0.0004647261172838493,19,1
718,9,0.01,0.009998854273618955,0,158.0181045511067,1.521919362891288,0.03675989690424819,1008.8189424503406,10.088189424503406,0.0,113.13072072703778,150.50300147050575,54421.225398622795,90655.39418896611,131111.41880440904,861.4872903340179,11411.426293311362,4.843550022680747,4.84355002268075,53.8537945193196,49626.284320267856,19425.813915972885,18250.653431242466,1,0.0007072342520700641,0.0006139309493273437,19,1
719,9,0.01,0.010129328517686624,0,155.98269887694852,1.5324727132747396,0.030080561218519316,914.4692439951376,9.144692439951376,0.0,112.77467422852754,150.50300147050575,54575.26285593355,90635.06325143878,131573.67828175426,858.5710997789616,10806.405870246701,5.488621469551641,5.488621469551643,53.8537945193196,49626.284320267856,19425.813915972885,18271.037258120807,1,0.0006769830820535421,0.0006996864069803054,19,1
720,9,0.01,0.010217259784397375,0,154.64028842770492,1.5270372903676055,0.033520702298983907,685.5599405941666,6.855599405941667,0.0,111.09520755537092,150.50300147050575,54666.87744209537,90622.67837715066,131345.9970981021,860.1361468159237,11081.306951409584,4.938522979770395,4.938522979770397,53.8537945193196,49626.284320267856,19425.813915972885,18283.471146495227,1,0.0004949307467794389,0.0006263826936343484,19,1
721,9,0.01,0.010217259784397375,1,154.64028842770492,1.5490784564825248,0.019570597162959003,633.3171185816286,6.333171185816286,0.0,109.89587272185396,150.50300147050575,54716.93412578639,90616.36965646289,132291.9402518792,854.0041319293344,11101.393092156894,4.3235238438441215,4.323523843844118,53.8537945193196,49626.284320267856,19425.813915972885,18289.82223501329,1,0.00045638749178538004,0.000542767106872787,19,1
722,9,0.01,0.010164411978422985,0,155.4443093564118,1.547927698837151,0.020298924786613277,565.5231723011259,5.655231723011259,0.0,109.10458407940112,150.50300147050575,54760.40838378747,90610.92131102462,132245.330312332,854.3379022914222,11161.188230792848,3.658026032139276,3.6580260321392792,53.8537945193196,49626.284320267856,19425.813915972885,18295.30663948189,1,0.00040534979653215886,0.00045222267836565934,19,1
723,9,0.01,0.010041638168502644,0,157.34484488357154,1.5349539920010173,0.028510131644925777,582.9618966434364,5.829618966434364,0.0,108.8011282157757,150.50300147050575,54820.77496569636,90602.80083319172,131694.4729016761,857.9701644998154,10990.890071859818,3.490736241260833,3.4907362412608314,53.8537945193196,49626.284320267856,19425.813915972885,18303.46127511675,1,0.0004243237028717116,0.00042868699706308347,19,1
724,9,0.01,0.010164233985021434,0,155.44703145641606,1.5404571825617155,0.02502709964448391,620.7310712072898,6.207310712072898,0.0,108.7827016801678,150.50300147050575,54882.67740153447,90594.99045699283,131933.53572126638,856.4570129879655,11186.811382247948,3.45396685860513,3.453966858605132,53.8537945193196,49626.284320267856,19425.813915972885,18311.305920158866,1,0.0004439020557313133,0.0004245251850450613,19,1
725,9,0.01,0.0100515243076937,0,157.1900889490589,1.5420441143864918,0.024022712413612826,513.2948815051951,5.132948815051951,0.0,107.88083950912885,150.50300147050575,54920.38738962045,90589.34222631472,132003.93600185082,856.0321638682113,11578.390301180187,3.3157679648472724,3.315767964847269,53.8537945193196,49626.284320267856,19425.813915972885,18316.98819190866,1,0.0003546571626301973,0.0004076276404110741,19,1
726,9,0.01,0.010065453729598219,0,156.97255607602585,1.5690018753204873,0.006960838404754922,1266.1087408860321,12.661087408860322,0.0,110.35463090867623,150.50300147050575,55050.59530392702,90573.03917516104,133158.436876885,848.682458392128,11804.191954357915,4.372370740391888,4.372370740391891,53.8537945193196,49626.284320267856,19425.813915972885,18333.336113405596,1,0.0008580739762833868,0.0005522110648816324,19,1
727,9,0.01,0.010086136794146324,0,156.6506614224172,1.5516458432818148,0.017945668808978042,558.9501844333756,5.589501844333756,0.0,108.12449149232584,150.51418047419443,55060.661807480705,90572.2625582265,132421.39830702925,853.4254055484133,12214.195225408028,4.164930624988186,4.164930624988181,53.8537945193196,49626.284320267856,19428.608666895052,18334.174538682248,1,0.00036609873945400495,0.0005262766261225297,19,1
728,9,0.01,0.009997316522887587,0,158.0424103190882,1.5532806754101436,0.016910964930288916,772.0825879865715,7.720825879865715,0.0,107.06401268884697,150.51418047419443,55120.61466885038,90564.14293711109,132494.80880356822,852.9997887766356,12306.452769887388,4.517664261666361,4.517664261666356,53.8537945193196,49626.284320267856,19428.608666895052,18342.343093314277,1,0.0005019042301942782,0.0005753589819772234,19,1
729,9,0.01,0.009985586597875242,0,158.22806046629213,1.541804013618889,0.02417467492475379,834.6421345119593,8.346421345119593,0.0,107.64120481327075,150.51418047419443,55224.84373352965,90550.5760824339,132011.3192726197,856.2133585498043,12606.752790770928,3.712600608869003,3.712600608869004,53.8537945193196,49626.284320267856,19428.608666895052,18355.95140438668,1,0.0005296476568481482,0.0004658835421654771,19,1
730,10,0.01,0.009979763866601857,0,158.32037923137707,1.5435327313037581,0.02308054980774807,847.0372647842258,8.47037264784226,0.0,213.7083389502106,153.70618697251373,52675.903859396196,90525.9475306536,133491.3053616783,864.8427250967572,12832.143500998023,4.402961433554628,4.402961433554631,64.16071750499012,49562.12360276287,19428.608666895052,18380.629982341674,1,0.0005280721897901764,0.0005198746922775343,22,1
731,10,0.01,0.009952111283763837,0,158.76028261235965,1.5703488623570292,0.006108314963905617,1092.5737036205326,10.925737036205327,0.0,214.36587341509605,153.70618697251373,52733.432891301956,90518.46523725045,134647.63379538944,857.4377135109256,12962.90492146804,4.818121600208055,4.8181216002080545,64.16071750499012,49562.12360276287,19428.608666895052,18388.166595225008,1,0.0006742770761582039,0.0005773323075988428,22,1
732,10,0.01,0.010005163911857214,0,157.9184523031679,1.5352698217647116,0.028310239389423078,792.6306651475049,7.926306651475049,0.0,212.63339209324292,153.70618697251373,52837.73559990586,90504.45429223414,133143.8522863906,867.2342177178261,13180.070236850921,4.685266787986286,4.685266787986292,64.16071750499012,49562.12360276287,19428.608666895052,18402.232546661377,1,0.0004811086137804292,0.0005611526265762698,22,1
733,10,0.01,0.009902009360623298,0,159.5635736604216,1.527561342317718,0.03318902384954568,563.2296248159747,5.632296248159747,0.0,209.6787752647689,153.70618697251373,52904.04178199367,90495.50453121262,132813.79993153876,869.4498626812904,13438.494133453974,4.1968228026680015,4.196822802667995,64.16071750499012,49562.12360276287,19428.608666895052,18411.232841119407,1,0.000335293296539149,0.000496892995492594,22,1
734,10,0.01,0.009987917361880998,0,158.19113662574827,1.5269102056259436,0.03360113567978258,739.2700765404138,7.392700765404138,0.0,209.21925553731143,153.70618697251373,53014.08114669137,90481.09964523678,132792.12522028195,869.6786800625579,13675.934887160733,3.5972632596408185,3.597263259640822,64.16071750499012,49562.12360276287,19428.608666895052,18425.681759984862,1,0.0004324501879484418,0.0004162840327560067,22,1
735,10,0.01,0.009966377314521352,0,158.53303062266028,1.5215089426118613,0.03701965657477136,519.2780707205927,5.1927807072059275,0.0,207.61076164363243,153.70618697251373,53078.19283078734,90472.33747859963,132561.40015155487,871.2495631080326,14028.988480763195,3.1288800985437697,3.1288800985437737,64.16071750499012,49562.12360276287,19428.608666895052,18434.483391149934,1,0.0002961171841762569,0.0003546202228879492,22,1
736,10,0.01,0.010131607640274121,0,155.94761030020024,1.5488372543283884,0.019723256754184623,1000.5351143839686,10.005351143839686,0.0,208.6001990875041,153.70618697251373,53210.347417128614,90455.62764497574,133752.3271094606,863.5660508273265,14330.928556797471,3.663233559376315,3.66323355937631,64.16071750499012,49562.12360276287,19428.608666895052,18451.2395034646,1,0.0005585319111283369,0.0004290330944176785,22,1
737,10,0.01,0.009985332236696511,0,158.23209108590643,1.5356342594021264,0.028079582656882075,583.8637991027867,5.838637991027867,0.0,206.79443242583025,153.70618697251373,53271.327249230635,90447.6518257608,133185.51710421414,867.2997251055581,14627.68120062084,3.3726657486197316,3.3726657486197285,64.16071750499012,49562.12360276287,19428.608666895052,18459.259269641912,1,0.00031931994748586996,0.00039132301426348786,22,1
738,10,0.01,0.010011984687929036,0,157.81086859880332,1.5280921059753925,0.03285309748392886,604.3147585497522,6.043147585497523,0.0,204.90799459705485,153.70618697251373,53345.1167239424,90437.80314650261,132863.0520136852,869.4701811110904,14955.112055689122,3.422832473763122,3.4228324737631195,64.16071750499012,49562.12360276287,19428.608666895052,18469.15377345514,1,0.00032326859540707383,0.0004003734846737602,22,1
739,10,0.01,0.009995703368921362,0,158.0679159520215,1.541954107824834,0.02407967859187726,790.4888408456037,7.904888408456038,0.0,205.23939565101904,153.70618697251373,53434.29384600166,90425.90616367976,133468.82428903395,865.582338746206,15188.261719863023,3.0700204840871117,3.0700204840871157,64.16071750499012,49562.12360276287,19428.608666895052,18481.09206033243,1,0.0004163683009553685,0.00035298561461610405,22,1
740,10,0.01,0.009948669302604789,0,158.8152095462978,1.571479241089814,0.00539288538619374,1152.1159664536895,11.521159664536894,0.0,206.6360869596473,153.70618697251373,53494.26700778098,90417.64449471148,134742.49786365347,857.4246120503008,15201.319846311148,3.7713273591481897,3.771327359148195,64.16071750499012,49562.12360276287,19428.608666895052,18489.40353023729,1,0.0006063241761119944,0.00044865369082481226,22,1
741,10,0.01,0.01009228439250971,0,156.5552394830098,1.5798287523093546,0.00010838461433257641,1328.1331229583848,13.281331229583849,0.0,207.7713610737776,153.7327496349729,53517.25505754053,90415.75469267952,135100.51846092028,855.1592586439111,15434.346350649888,4.655017232362064,4.655017232362059,64.16071750499012,49562.12360276287,19435.249332509844,18491.39572992173,1,0.0006884039493658048,0.0005703654754777226,22,1
742,10,0.01,0.010009342524654501,0,157.85252588851114,1.5554366246674416,0.01554644008389777,1224.037363752886,12.24037363752886,0.0,207.18143226438897,153.75723038224794,53531.574804427415,90413.9910944966,134055.93634006463,861.8540557300192,15497.22231460923,5.176032582971651,5.176032582971653,64.16071750499012,49562.12360276287,19441.369519328608,18493.266637509656,1,0.0006318744553849428,0.0006422008602875806,22,1
743,10,0.01,0.009992838690131482,0,158.11322978327902,1.5543088634637312,0.016260212997638523,730.4765769124602,7.304765769124603,0.0,203.41785470219727,153.75723038224794,53580.662894295994,90407.04363882456,134010.6360585821,862.1879422339739,15876.100562447462,4.576028334987408,4.576028334987411,64.16071750499012,49562.12360276287,19441.369519328608,18500.27806663493,1,0.0003680886620939116,0.000562789022281553,22,1
744,10,0.01,0.00994703905506512,0,158.84123820700694,1.5524437617115234,0.017440657144605468,642.1122409427073,6.421122409427073,0.0,200.8731228358679,153.75723038224794,53623.266033289765,90401.15964722258,133933.05918736028,862.724064411216,15815.659474540651,3.6871687840177936,3.6871687840177985,64.16071750499012,49562.12360276287,19441.369519328608,18506.213455619654,1,0.0003247982125443969,0.00044158711000775037,22,1
745,10,0.01,0.00992111471389491,0,159.25629786208884,1.5612432638783287,0.011871351975741386,1186.4667093306427,11.864667093306428,0.0,202.48231777358723,153.75723038224794,53775.01519409419,90381.38801093317,134320.61867825701,860.3439437399868,15704.820641670723,3.627285773922353,3.6272857739223534,64.16071750499012,49562.12360276287,19441.369519328608,18526.03489529712,1,0.0006043834495925441,0.00043242344141028417,22,1
746,10,0.01,0.009988009671320715,0,158.18967461923538,1.5327622942759576,0.029897282103824373,471.0378235731237,4.710378235731238,0.0,199.26887673303946,153.75723038224794,53820.54521247291,90375.27279721698,133094.4589654831,868.3307220077065,15973.967296940644,3.2903616574022574,3.2903616574022547,64.16071750499012,49562.12360276287,19441.369519328608,18532.19705693863,1,0.00023590273590372887,0.0003883614660135566,22,1
747,10,0.01,0.010163244925995116,0,155.46215913371753,1.5258322291391146,0.03428339927904141,606.6574952802894,6.066574952802894,0.0,197.35471579093522,153.75723038224794,53899.21654056309,90365.0719141432,132798.2925295998,870.3335136951822,15905.778462386717,3.2400510423112228,3.2400510423112254,64.16071750499012,49562.12360276287,19441.369519328608,18542.444143734127,1,0.00030512558525312613,0.000381803923583133,22,1
748,10,0.01,0.00988603907477024,0,159.82133876369699,1.5343130131748064,0.02891581444632511,570.7079202595258,5.707079202595259,0.0,196.80927210003364,153.75723038224794,53958.90725394211,90357.08899323166,133169.98966918877,867.9453835409564,16004.926715232163,2.459482756891317,2.459482756891317,64.16071750499012,49562.12360276287,19441.369519328608,18550.462132390086,1,0.00028526612107076924,0.00027543148074254145,22,1
749,10,0.01,0.010104026820542924,0,156.37329829604522,1.5660935576536192,0.008801545788848628,1050.6639469660258,10.506639469660259,0.0,198.26552665165076,153.75723038224794,54030.23597104997,90348.21131924013,134544.17170357372,859.1068588849372,15576.084659018383,3.214320515862028,3.21432051586203,64.16071750499012,49562.12360276287,19441.369519328608,18559.38344081646,1,0.0005396292945070521,0.00037667366694364913,22,1
750,10,0.01,0.009898389239595242,0,159.62193057429295,1.5528312181634885,0.017195431542095956,445.773832850415,4.45773832850415,0.0,195.51122674813206,153.76614585890493,54032.41395209473,90347.55950467483,133974.4939034373,862.7756341857105,15864.575478032464,3.004050651788229,3.004050651788231,64.16071750499012,49562.12360276287,19443.59838849286,18560.090534643197,1,0.00022478954244577125,0.00034989498600786423,22,1
751,10,0.01,0.01008984416670881,0,156.59310232096257,1.5569875826497914,0.014564821107726991,710.9612262578646,7.109612262578646,0.0,194.5250126650626,153.7803650834301,54044.940132583884,90346.55964295611,134153.94513745423,861.6250163610268,16303.186807877262,3.144510066861671,3.1445100668616712,64.16071750499012,49562.12360276287,19447.153194624152,18561.156976482584,1,0.00034886981772881226,0.0003710962182272119,22,1
752,10,0.01,0.009838746795308155,0,160.58955808817657,1.555678733279336,0.015393206785230403,753.1259835736874,7.531259835736875,0.0,194.75173034137313,153.7803650834301,54097.85912341502,90339.48959589905,134100.94870735108,862.0092686146662,16692.88207175942,2.700010621048816,2.7000106210488135,64.16071750499012,49562.12360276287,19447.153194624152,18568.26659862658,1,0.0003609327522167338,0.0003115307041304391,22,1
753,10,0.01,0.00995636014797382,0,158.69253186080655,1.554160948959333,0.016353829772574033,710.1838788872178,7.101838788872178,0.0,193.98462705987527,153.7803650834301,54144.015721036536,90332.83868193807,134038.70455378335,862.4506016801911,16628.462463461095,2.9843891835080005,2.984389183508001,64.16071750499012,49562.12360276287,19447.153194624152,18574.961160573883,1,0.00034167145901685403,0.0003504913429874667,22,1
754,10,0.01,0.00996360301091689,0,158.57717316404822,1.5420583585989733,0.02401369708925743,823.3690082579215,8.233690082579214,0.0,193.9208079972867,153.7803650834301,54240.36019156755,90319.84518221043,133522.54322436094,865.8721797382036,16630.230750118237,3.0990893039021308,3.099089303902126,64.16071750499012,49562.12360276287,19447.153194624152,18588.000324207063,1,0.0003960830228417931,0.000366229078025127,22,1
755,10,0.01,0.009951621888952935,0,158.7680900290154,1.5234070868332168,0.03581829947264764,821.0701554565394,8.210701554565395,0.0,193.59111467634682,153.7803650834301,54384.94560479794,90300.83170518768,132722.48819931375,871.2214177446863,16865.824394365332,3.161846394547077,3.1618463945470783,64.16071750499012,49562.12360276287,19447.153194624152,18607.061636536815,1,0.00038945983843201835,0.0003757381067635552,22,1
756,10,0.01,0.009995555640258677,0,158.0702521064763,1.518406969487306,0.03898293070423681,442.5446663248753,4.425446663248754,0.0,190.71532080649038,153.7803650834301,54437.919565300224,90293.54351916487,132508.17779143224,872.6789355832184,17140.665556145515,2.820202559851519,2.8202025598515217,64.16071750499012,49562.12360276287,19447.153194624152,18614.393406676976,1,0.00020654724981374273,0.00033069670369585143,22,1
757,10,0.01,0.009883650048929693,0,159.85996996839233,1.5594978624882174,0.012976036399862435,996.377680085974,9.96377680085974,0.0,191.8237562468262,153.7803650834301,54528.54190391415,90281.9551592199,134291.84278379977,861.1223267054295,16816.255096416946,3.0200578699905156,3.0200578699905134,64.16071750499012,49562.12360276287,19447.153194624152,18626.0262260671,1,0.00047400692930652465,0.0003566713391840953,22,1
758,10,0.01,0.009883650048929693,1,159.85996996839233,1.5655210521827994,0.009163891023544757,1048.7613094484964,10.487613094484963,0.0,192.80825941766145,153.80134030961906,54540.69089940152,90280.43082420183,134551.324489847,859.4667206949575,17036.624963622267,3.2674486750246867,3.267448675024684,64.16071750499012,49562.12360276287,19452.397001171394,18627.63027458296,1,0.000492473743684741,0.00039100930760166945,22,1
759,10,0.01,0.01007267363416782,0,156.86004107592987,1.5599467183777262,0.01269195039384419,806.5087003092465,8.065087003092465,0.0,190.94337928506107,153.80134030961906,54593.3671534899,90273.92447004632,134314.952690862,861.0226946119254,17393.38448917712,3.655108236876487,3.6551082368764884,64.16071750499012,49562.12360276287,19452.397001171394,18634.19236530854,1,0.0003709496335511192,0.00044581010218079496,22,1
760,10,0.01,0.010181547626499365,0,155.1826950048102,1.5716644520003749,0.005275663290902034,1301.2516463190552,13.012516463190552,0.0,192.3024979504244,153.80134030961906,54715.942656875646,90261.59426084158,134823.29415876418,857.837650951286,16682.026955969228,4.040214061807605,4.040214061807608,64.16071750499012,49562.12360276287,19452.397001171394,18646.730082538386,1,0.0006240256773369792,0.0004958163515242798,22,1
761,10,0.01,0.010087888882357685,0,156.62345396797545,1.573958629575942,0.003823652167125352,1279.5660899143766,12.795660899143765,0.0,193.07962923647975,153.80134030961906,54791.43254936369,90252.26308172538,134925.8144387299,857.2386332357527,16977.48862042721,4.303381037593505,4.3033810375935015,64.16071750499012,49562.12360276287,19452.397001171394,18656.124658061948,1,0.0006029471701131629,0.0005326408270004204,22,1
762,10,0.01,0.010005411546257358,0,157.91454381414403,1.5516726963063705,0.017928673223816183,1191.0532045957932,11.910532045957932,0.0,192.01452415742318,153.80134030961906,55009.825178241554,90223.7143214472,133981.60850658253,863.4656575804598,17224.194507591452,4.73865441602738,4.738654416027386,64.16071750499012,49562.12360276287,19452.397001171394,18684.74531766444,1,0.0005532000717111477,0.0005933909730537633,22,1
763,10,0.01,0.010115908826243445,0,156.18962439647996,1.5571636352409832,0.01445339541709927,866.992232206058,8.66992232206058,0.0,189.3977816076753,153.81868015426318,55025.19395130206,90222.50414276993,134218.8182039344,861.9442116830772,17416.35553009141,4.179275898708057,4.17927589870806,64.16071750499012,49562.12360276287,19456.731962332426,18686.04580601275,1,0.00039824278079675043,0.0005181300075403537,22,1
764,10,0.01,0.010000944007076183,0,157.9850860960794,1.561370318624306,0.011790937579553224,713.3058352206931,7.133058352206931,0.0,186.97705155879862,153.8329462709676,55029.957508729334,90221.46646379751,134400.26908872728,860.7840656734453,17761.15685831248,3.4812249251112086,3.4812249251112135,64.16071750499012,49562.12360276287,19460.29849150853,18687.15910753726,1,0.0003212880065914651,0.0004242436196997877,22,1
765,10,0.01,0.009978674068771816,0,158.3376698257535,1.561023119482229,0.012010683872006975,920.031939515951,9.200319395159509,0.0,187.12787064697997,153.8329462709676,55094.94812357477,90212.9425645817,134389.29505498608,860.9052190050924,17840.161795788372,3.1376238319922627,3.1376238319922596,64.16071750499012,49562.12360276287,19460.29849150853,18695.73199308994,1,0.00041256663478608053,0.00037736580739143203,22,1
766,10,0.01,0.00992305233249866,0,159.22520078075112,1.5683595155218208,0.007367395239353939,1232.9218628174744,12.329218628174745,0.0,188.4927553279567,153.85760470822396,55110.11393802747,90211.15148438024,134705.20299628287,858.8923755243968,17944.243098122104,3.506647319973865,3.506647319973865,64.16071750499012,49562.12360276287,19466.463100822617,18697.614628859075,1,0.000549667926844572,0.0004278408560740392,22,1
767,10,0.01,0.010060996833022258,0,157.04209296777785,1.5340292438611238,0.029095415277769775,624.4585495913379,6.2445854959133795,0.0,185.44468556614166,153.85760470822396,55176.949517921756,90201.94057266992,133229.1281674116,868.4914495637404,17916.79474185204,3.3977009965044522,3.3977009965044482,64.16071750499012,49562.12360276287,19466.463100822617,18706.879851281537,1,0.00027882601038350154,0.0004136868573380514,22,1
768,10,0.01,0.010037762118885043,0,157.40560309029325,1.5592365170957456,0.01314144487611041,827.4483446966277,8.274483446966277,0.0,184.5063349385517,153.85760470822396,55234.79841077701,90194.7989549394,134320.920998842,861.4531504754,17510.71566971509,3.320468434091189,3.3204684340911865,64.16071750499012,49562.12360276287,19466.463100822617,18714.072444077072,1,0.00037803062321556884,0.0004021748534812142,22,1
769,10,0.01,0.010135026792342485,0,155.8949998231646,1.5556894600569002,0.015386417685506228,737.764592331029,7.37764592331029,0.0,184.11279270322603,153.85760470822396,55287.14024732589,90188.26863010673,134171.24322299907,862.4551793138181,17231.12508011575,2.8218309919140747,2.8218309919140743,64.16071750499012,49562.12360276287,19466.463100822617,18720.64548230389,1,0.0003425264868780457,0.00033312770682570534,22,1
770,10,0.01,0.010058161155422915,0,157.08636753629008,1.5598379215109375,0.012760809170292781,707.6280626317343,7.0762806263173434,0.0,183.1124601843297,153.8717572694766,55299.55200712881,90187.27342650919,134350.28740729828,861.3092780637096,17510.74186206702,2.9217107263735618,2.9217107263735618,64.16071750499012,49562.12360276287,19470.001241135775,18721.70692439784,1,0.0003232886730697103,0.00034794859438777494,22,1
771,10,0.01,0.01009110194744846,0,156.57358415643634,1.5550268640910567,0.015805782220850217,635.3112891289171,6.353112891289172,0.0,181.95097047937313,153.8717572694766,55341.006152490605,90182.1420612947,134145.57450394434,862.6576016251335,17799.181589861037,2.6880983987842235,2.688098398784223,64.16071750499012,49562.12360276287,19470.001241135775,18726.88036136632,1,0.00028554629252878014,0.0003171204841588454,22,1
772,10,0.01,0.010130598158614286,0,155.96314998009163,1.5600368659489028,0.012634894969048915,909.0941613711115,9.090941613711115,0.0,182.60036827248172,153.88993915270402,55355.718269962425,90180.85051345112,134361.8264582831,861.2734057188874,17796.56371373272,2.8504113616112905,2.8504113616112887,64.16071750499012,49562.12360276287,19474.546711942632,18728.244002608375,1,0.00040866053739109596,0.00033916516766319544,22,1
773,10,0.01,0.009966934038790492,0,158.5241754235324,1.554987741495316,0.015830543357395022,517.529703199956,5.17529703199956,0.0,180.50386396068902,153.88993915270402,55381.62917291407,90177.088355358,134146.29541769339,862.6839417312376,18155.101911012385,2.6070485567734827,2.6070485567734845,64.16071750499012,49562.12360276287,19474.546711942632,18732.047809479063,1,0.00022804816221319552,0.0003074183307110239,22,1
774,10,0.01,0.010008066658684726,0,157.87264952206522,1.5523617923967132,0.017492536457776476,602.8843746830331,6.028843746830331,0.0,179.26991983718722,153.88993915270402,55418.52726724847,90171.80205115414,134035.60125389474,863.4301740121759,18124.818056373668,2.5578588323537272,2.557858832353725,64.16071750499012,49562.12360276287,19474.546711942632,18737.37495265939,1,0.00026610336073239703,0.00030093735344556284,22,1
775,10,0.01,0.009975066971528637,0,158.39492652126742,1.537838766765476,0.026684324831977232,548.9517703250849,5.489517703250849,0.0,178.58779230720793,153.88993915270402,55469.437397091606,90164.9077370403,133411.24814427327,867.5242881597794,18131.832482034246,2.1513033683450007,2.1513033683450025,64.16071750499012,49562.12360276287,19474.546711942632,18744.303941323033,1,0.00024220465123710294,0.0002454520580608985,22,1
776,10,0.01,0.010080415697244443,0,156.73956783666222,1.557923959194669,0.0139721777248931,718.3330780827956,7.183330780827957,0.0,178.90515753236957,153.88993915270402,55515.2276852612,90159.23942146511,134280.94625427033,861.9223387750171,17576.997800314904,2.4039529436957703,2.4039529436957694,64.16071750499012,49562.12360276287,19474.546711942632,18750.009302026727,1,0.00032694233053607197,0.00027841678083519064,22,1
777,10,0.01,0.009962202057403124,0,158.5994733790677,1.5568046461635556,0.014680603693952179,812.4824814529152,8.124824814529152,0.0,179.34058802246432,153.88993915270402,55571.94907698492,90151.42973809203,134236.3889988259,862.2558349220344,17858.4843639909,2.637116649837228,2.6371166498372305,64.16071750499012,49562.12360276287,19474.546711942632,18757.860301865603,1,0.00036396480905901324,0.00031103726361072934,22,1
778,10,0.01,0.010241590925762396,0,154.272906568213,1.5925463560344897,0.00794073166739849,1923.9618183671969,19.23961818367197,0.0,183.40203998146396,153.88993915270402,55743.62818587819,90132.27511710502,135774.94149567705,852.5650822106215,18210.110432776677,4.105536320378484,4.10553632037848,64.16071750499012,49562.12360276287,19474.546711942632,18777.20236138912,1,0.0008452279629910322,0.0005120450341953725,22,1
779,10,0.01,0.010010733807211855,0,157.83058768996023,1.5520766605806093,0.01767299963252578,602.9680494037486,6.029680494037486,0.0,178.63723318866934,153.9019985136921,55750.15689576283,90131.42646277972,134041.7359464417,863.6283203710998,18269.05427610573,3.9417660241039685,3.9417660241039654,64.16071750499012,49562.12360276287,19477.56155218965,18778.132697205907,1,0.0002640390861139983,0.0004910772860546813,22,1
780,10,0.01,0.009990509101182309,0,158.1500986584375,1.5376561955344457,0.02679987624402178,589.6349413467575,5.896349413467575,0.0,174.3158893737097,153.9019985136921,55808.466509322905,90123.69165871157,133422.06290938833,867.6976251054263,18569.61511222785,3.6599664377584697,3.6599664377584684,64.16071750499012,49562.12360276287,19477.56155218965,18785.92802125307,1,0.000254021394749745,0.00045442948128492517,22,1
781,10,0.01,0.00993500521719796,0,159.03363566079926,1.5760785482800916,0.002481931468296475,1358.360825344101,13.58360825344101,0.0,176.8589885212654,153.9019985136921,55896.704536198966,90112.90021707564,135081.2161001425,857.0715986684228,18895.96648632718,3.001626158359009,3.001626158359009,64.16071750499012,49562.12360276287,19477.56155218965,18796.768556373816,1,0.0005750902771031011,0.00036438358598894815,22,1
782,10,0.01,0.010058178232592967,0,157.0861008288855,1.5750321145528545,0.003144231295661739,1290.046291430437,12.90046291430437,0.0,177.90028937849792,153.9019985136921,55964.12370950281,90104.62401720289,135040.3102921379,857.381313335794,19293.893058515572,3.6556535541393793,3.655653554139384,64.16071750499012,49562.12360276287,19477.56155218965,18805.105908121826,1,0.0005349034692036136,0.00045467171368548655,22,1
783,10,0.01,0.009886323495629677,0,159.81674084389923,1.5529840406297228,0.01709870846220078,729.060046576254,7.29060046576254,0.0,174.10863908788858,153.91657971462362,55969.22972000563,90103.57168037309,134093.78236895826,863.4588563742374,19333.01828707428,3.7637952517066333,3.763795251706639,64.16071750499012,49562.12360276287,19481.206852422532,18806.24404470597,1,0.0003016849353786381,0.0004705595605617842,22,1
784,10,0.01,0.009805006640325898,0,161.14216521810374,1.560505227618289,0.01233846353272858,977.2118601161852,9.772118601161852,0.0,173.47243196991278,153.91657971462362,56048.452128903155,90092.89367897286,134422.57740434114,861.4042107984651,19592.514241069726,3.3298050164702953,3.329805016470297,64.16071750499012,49562.12360276287,19481.206852422532,18816.979183201325,1,0.0003990143778761212,0.000411867594152791,22,1
785,10,0.01,0.009978674925759152,0,158.33765622741717,1.5637436926583488,0.01028880211496917,512.7061651479481,5.127061651479481,0.0,170.93803050847768,153.92683383792658,56048.90323318389,90092.13368895046,134562.19922531283,860.5131381637002,19936.697859340078,2.5186059411301382,2.518605941130137,64.16071750499012,49562.12360276287,19483.770383248273,18817.79850031245,1,0.00020573363503435034,0.0003021443160963699,22,1
786,10,0.01,0.009940257826103444,0,158.9495994611798,1.5664081018417662,0.008602467188755644,437.95745542936953,4.379574554293695,0.0,168.6323291706453,153.93559298703516,56051.48991710949,90091.49435858552,134676.96104127832,859.7820764775577,19866.13281645766,2.210532339580265,2.2105323395802645,64.16071750499012,49562.12360276287,19485.96017052542,18818.489289838617,1,0.0001763634460619546,0.00026037048632414204,22,1
787,10,0.01,0.01012775692008481,0,156.00690384527604,1.5708883544670256,0.005766864261376265,720.3575561520396,7.203575561520396,0.0,169.26840951913283,153.9500001381582,56063.09913818114,90090.46941341845,134869.7192801753,858.556999908082,19919.873256571835,1.943895362578065,1.9438953625780682,64.16071750499012,49562.12360276287,19489.56195830618,18819.569826172847,1,0.00028930206407388017,0.00022379971505672838,22,1
788,10,0.01,0.01003016055879262,0,157.52489611095444,1.5500614749752988,0.018948433559937524,1075.4610822764528,10.754610822764528,0.0,170.9257650110952,153.9500001381582,56220.41324529277,90070.05524253586,133983.25530903664,864.3738166008658,19460.66492825511,2.529496814665274,2.529496814665274,64.16071750499012,49562.12360276287,19489.56195830618,18840.027335800747,1,0.0004421066130027166,0.00030259070771285044,22,1
789,10,0.01,0.009989960241029546,0,158.15878761066705,1.554397723749341,0.016203972310543758,866.6379932356077,8.666379932356078,0.0,170.47719869789222,153.9500001381582,56295.161441908705,90060.19513685601,134174.79586441934,863.1947526324101,19061.132302722748,2.991282566392889,2.9912825663928877,64.16071750499012,49562.12360276287,19489.56195830618,18849.937570208986,1,0.00036372991046783294,0.0003650461958481432,22,1
790,10,0.01,0.01006599327859508,0,156.9641421636755,1.5561214479564487,0.015113007622500873,872.1071734162249,8.72107173416225,0.0,169.7213732075513,153.9500001381582,56368.972349643824,90051.00934811232,134253.2694778448,862.7428768760351,18571.57473712442,3.2085740410874815,3.208574041087483,64.16071750499012,49562.12360276287,19489.56195830618,18859.175698863794,1,0.00037567397951360156,0.00039383683432805033,22,1
791,10,0.01,0.01007848768331561,0,156.7695521040924,1.564288066219038,0.009944261886684898,1079.5586749181546,10.795586749181545,0.0,170.40543797005526,153.9500001381582,56456.969311137014,90040.04316951701,134609.6154333215,860.5167957247136,18930.91796642082,3.237878927507922,3.237878927507924,64.16071750499012,49562.12360276287,19489.56195830618,18870.19539271652,1,0.00045620975246231507,0.0003985378808145832,22,1
792,10,0.01,0.010069971401067131,0,156.90213378685115,1.5581979245021578,0.013798781960659683,720.1229746930671,7.201229746930672,0.0,168.47411745417526,153.9500001381582,56502.597932286626,90034.41619520904,134350.28068806595,862.215759470933,19034.668553136504,3.0837749939616974,3.0837749939616987,64.16071750499012,49562.12360276287,19489.56195830618,18875.87389250647,1,0.0003026574264459809,0.00037818038614063253,22,1
793,10,0.01,0.00999831190474335,0,158.0266764082869,1.5546788922564088,0.016026017559235006,653.1034152432244,6.531034152432244,0.0,166.686427029419,153.9500001381582,56540.38847397066,90028.8414815609,134201.28738852637,863.2090398664326,18791.65603671678,2.8469038106169053,2.8469038106169036,64.16071750499012,49562.12360276287,19489.56195830618,18881.495673445803,1,0.0002780397486914975,0.00034563564253326456,22,1
794,10,0.01,0.010021638939418655,0,157.65884298478372,1.5485424022416272,0.01990987199897017,966.7408257339004,9.667408257339003,0.0,167.576099058967,153.9500001381582,56659.08413779397,90013.11703360143,133943.71929621743,864.9664297362747,18820.133168575445,2.7379805144855434,2.737980514485545,64.16071750499012,49562.12360276287,19489.56195830618,18897.26555740786,1,0.00041093899477740033,0.00033054538997162624,22,1
795,10,0.01,0.010062682568827168,0,157.01578472669175,1.5552731000903728,0.015649936651662838,1122.8933077398128,11.228933077398128,0.0,168.64496055266017,153.9500001381582,56813.99021718084,89993.65247079525,134242.87892098096,863.1466648087751,18733.750005178343,3.171919267599063,3.171919267599059,64.16071750499012,49562.12360276287,19489.56195830618,18916.782288122795,1,0.0004795167256654648,0.0003894984897114542,22,1
796,10,0.01,0.010003352207527136,0,157.94705287004803,1.560079430920531,0.012607955113588,784.2750511859191,7.842750511859191,0.0,166.79794600629384,153.9656856391819,56820.50184644816,89992.50694935056,134450.46029701672,861.8180435702797,18788.46997058777,3.3033953356018055,3.3033953356018038,64.16071750499012,49562.12360276287,19493.48333356211,18918.005805089455,1,0.0003339388688546348,0.0004081315297658333,22,1
797,10,0.01,0.009982562320410298,0,158.27599661156535,1.5573522056694713,0.014334047044638462,800.8500152329719,8.00850015232972,0.0,165.4380571609892,153.9656856391819,56876.32844470001,89985.16464349563,134336.42595681624,862.5950216513031,19160.930654706233,3.1081830853383314,3.10818308533833,64.16071750499012,49562.12360276287,19493.48333356211,18925.400399101618,1,0.0003343678987894131,0.0003826078311031709,22,1
798,10,0.01,0.009930907189761135,0,159.09926150845473,1.5535679620272373,0.01672913795744476,565.9293056453664,5.659293056453664,0.0,163.64259745316843,153.9656856391819,56907.72780489042,89980.5777284374,134175.4933856935,863.6602753484249,19159.355052153085,2.5129711653739926,2.512971165373992,64.16071750499012,49562.12360276287,19493.48333356211,18930.029709250743,1,0.00023630411529192619,0.000301536960978658,22,1
799,10,0.01,0.010012360769048852,0,157.80494095700627,1.5621625913623323,0.011289499137764433,1040.4086962168017,10.404086962168018,0.0,164.82044991591187,153.9656856391819,56993.660488138994,89969.33555281331,134550.67154260745,861.310290533,19093.027641831297,2.764490138006038,2.764490138006036,64.16071750499012,49562.12360276287,19493.48333356211,18941.31801256288,1,0.0004359324108188476,0.00033553480830006226,22,1
800,10,0.01,0.009960679542272052,0,158.62371571082576,1.5654408474152448,0.00921465353465523,531.5886786210259,5.3158867862102595,0.0,162.86783583717698,153.97631741275433,56997.65081381643,89968.56394243044,134691.9919505119,860.4093356379876,18868.880156854393,2.4992574007530504,2.4992574007530517,64.16071750499012,49562.12360276287,19496.141276955215,18942.146756731283,1,0.0002253821845078257,0.0002992062368728665,22,1
801,10,0.01,0.010128648417911874,0,155.993172515088,1.5630050904633914,0.010756271858613069,956.7879952273643,9.567879952273643,0.0,163.45185055769232,153.97631741275433,57063.35748473615,89960.37135188059,134591.00568931742,861.10407771874,18645.151564388187,2.9281189675767116,2.9281189675767094,64.16071750499012,49562.12360276287,19496.141276955215,18950.38705185326,1,0.00041052516711306657,0.0003572799208132467,22,1
802,10,0.01,0.010135854196974952,0,155.8822738858607,1.5568802572034832,0.01463274860539041,654.6904057890373,6.546904057890373,0.0,162.57934341979075,153.97631741275433,57103.53870606111,89955.38324569087,134329.68816977507,862.8132288803138,18269.82428964028,2.569759097358941,2.5697590973589435,64.16071750499012,49562.12360276287,19496.141276955215,18955.416383892,1,0.0002866761695832063,0.00030752784040136616,22,1
803,11,0.01,0.00984127358005578,0,160.54832610303723,1.5962311417242128,0.010272874508995375,1014.3305938851774,10.143305938851775,0.0,292.0568598587787,154.24644785299495,54357.86205103445,89945.09704043141,137458.32949726933,861.143013090134,18222.91685905492,3.3650657357538214,3.36506573575382,91.1145842952746,49471.009018467594,19496.141276955215,18965.755068530394,1,0.0004452988955524578,0.00038083341074957684,25,1
804,11,0.01,0.009856904977555576,0,160.2937233946863,1.557185271454477,0.01443970161109059,1059.8047123188105,10.598047123188106,0.0,292.25383179271824,154.24644785299495,54475.64336895065,89929.78874304965,135776.2895042653,871.9340722857241,18534.600257212594,3.469771909226203,3.469771909226201,91.1145842952746,49471.009018467594,19496.141276955215,18981.119785044335,1,0.0004574383898703813,0.00039647115166868176,25,1
805,11,0.01,0.009963095998592986,0,158.5852430030918,1.560267217032761,0.012489103143822232,510.989299971631,5.10989299971631,0.0,288.1820704798452,154.25666763899437,54479.06240350526,89929.05466112215,135910.7882542969,871.0737928132935,18576.78536411299,3.298353165178755,3.298353165178758,91.1145842952746,49471.009018467594,19498.696223455074,18981.922947988285,1,0.0002200549944270855,0.0003742640932833082,25,1
806,11,0.01,0.009977294046720857,0,158.35957050090988,1.5668512775229837,0.008321976251276184,1124.104878946448,11.24104878946448,0.0,288.96021691724076,154.25666763899437,54561.35169677516,89918.31633750004,136201.71840977942,869.2702387497751,18559.65906262034,3.395885048715449,3.395885048715446,91.1145842952746,49471.009018467594,19498.696223455074,18992.716205540568,1,0.00048453686574897315,0.0003873434166821467,25,1
807,11,0.01,0.010075092138995137,0,156.82238715065338,1.5590593651404365,0.01325356636681237,614.9982095438742,6.149982095438742,0.0,286.7469871669439,154.25666763899437,54594.370075733,89914.27064455833,135864.99009900357,871.4548857911204,18540.01290096388,2.9247665449755695,2.9247665449755713,91.1145842952746,49471.009018467594,19498.696223455074,18996.809483576526,1,0.00026537121104674137,0.0003233210237409333,25,1
808,11,0.01,0.009876783075953074,0,159.97111487107716,1.564721597288631,0.009669875133777876,981.2593073674617,9.812593073674618,0.0,286.3152493335289,154.27629282514172,54606.251131243305,89912.84916584608,136111.85836872327,869.8790801161024,18880.563585026168,3.3900026079498384,3.3900026079498358,91.1145842952746,49471.009018467594,19503.60251999191,18998.31599801103,1,0.00041577543083329597,0.00038856116920967014,25,1
809,11,0.01,0.010010354394559537,0,157.83656978804908,1.5591368010444313,0.013204556300992888,784.1050830396399,7.841050830396399,0.0,285.20173259419397,154.27629282514172,54654.788483894576,89906.46602894811,135872.01592023062,871.4566664657839,18735.73010335798,3.0277677468697566,3.0277677468697566,91.1145842952746,49471.009018467594,19503.60251999191,19004.748877296577,1,0.0003348063101737811,0.0003386509840179394,25,1
810,11,0.01,0.010098930608256047,0,156.45220878221733,1.548097557635469,0.020191419218057657,944.8279514003536,9.448279514003536,0.0,284.5349668238247,154.27629282514172,54764.237438945616,89891.87933218219,135397.4647129589,874.6055056101379,18984.840002831097,3.342265957358307,3.342265957358305,91.1145842952746,49471.009018467594,19503.60251999191,19019.391592929012,1,0.00039813996905297365,0.0003829072366866836,25,1
811,11,0.01,0.009905042320240904,0,159.5147147197219,1.53599483761064,0.02785136860086078,643.4470096066736,6.434470096066737,0.0,282.24677258792207,154.27629282514172,54833.223125005214,89882.57095583335,134872.2643311404,878.0775887303421,18899.14092409195,2.9913763328035463,2.9913763328035454,91.1145842952746,49471.009018467594,19503.60251999191,19028.750325346915,1,0.0002723709028642378,0.00033510572736366413,25,1
812,11,0.01,0.009952375794910246,0,158.75606313097916,1.5680994914418565,0.007531967441863049,1100.6264780791114,11.006264780791113,0.0,282.97968533933584,154.27629282514172,54901.68989559834,89873.44446400071,136276.6007938752,869.0558318373652,18575.492690188978,3.3410485975560773,3.3410485975560804,91.1145842952746,49471.009018467594,19503.60251999191,19037.9308679972,1,0.00047401228982117043,0.00038150772057946063,25,1
813,11,0.01,0.009986270975446776,0,158.21721680542646,1.5719451353360379,0.005098015610102666,677.047330185414,6.77047330185414,0.0,280.8084580440917,154.28983377174544,54914.03417822435,89872.49949341673,136443.85360646577,867.993739344458,18907.495730358503,3.0553565108296548,3.055356510829657,91.1145842952746,49471.009018467594,19506.987756642837,19038.946438992476,1,0.0002864672677295172,0.00034428348680497515,25,1
814,11,0.01,0.010010418274175264,0,157.83556258343987,1.562235509346732,0.011243348514726663,663.790974693688,6.63790974693688,0.0,278.4576445275467,154.28983377174544,54942.54518049756,89868.51771548582,136024.27402340376,870.7027411013337,19003.373805797433,3.0653109477912497,3.0653109477912466,91.1145842952746,49471.009018467594,19506.987756642837,19042.979230525067,1,0.0002794413166744877,0.00034664029140839183,25,1
815,11,0.01,0.010038395659577337,0,157.395668947614,1.5566241412608497,0.014794847303259733,624.47556340188,6.2447556340188,0.0,277.06651773740424,154.28983377174544,54974.62199447409,89863.80784750225,135782.29888057313,872.2869913259269,19296.675817035546,2.5310971658204298,2.5310971658204333,91.1145842952746,49471.009018467594,19506.987756642837,19047.7320080392,1,0.0002588945658093416,0.0002749343834044489,25,1
816,11,0.01,0.010019077703934582,0,157.69914623773403,1.5404376523718537,0.02503946052414327,624.9105778316492,6.249105778316492,0.0,275.8490327670281,154.28983377174544,55033.36451123534,89855.90667433072,135079.17726695322,876.8883119610076,19370.258916561725,2.4577626465297717,2.4577626465297695,91.1145842952746,49471.009018467594,19506.987756642837,19055.67544161551,1,0.00025809074851233744,0.00026547554366538895,25,1
817,11,0.01,0.009974893532791386,0,158.39768061743422,1.5526961139276951,0.01728094055209173,933.5119767961096,9.335119767961096,0.0,276.5744603165033,154.28983377174544,55128.79543769877,89843.54140549815,135620.40372856747,873.4510411409643,18372.08278243499,2.796600195282349,2.7966001952823514,91.1145842952746,49471.009018467594,19506.987756642837,19068.085897845693,1,0.00040649151774500516,0.00030782561068889476,25,1
818,11,0.01,0.009865404242447152,0,160.15562679143443,1.5396693933608554,0.025525700404521942,724.1841538286137,7.241841538286137,0.0,275.3896649907576,154.28983377174544,55209.165098567326,89832.94378576986,135056.07615332643,877.1758192745542,18167.141972249807,2.9464277493166575,2.9464277493166597,91.1145842952746,49471.009018467594,19506.987756642837,19078.731052047024,1,0.0003188984398029367,0.00032782690202009314,25,1
819,11,0.01,0.009923823935468831,0,159.21282060969537,1.546660671260376,0.02110084097444555,760.2817549116494,7.602817549116494,0.0,273.99084847889065,154.28983377174544,55282.4521029331,89823.34615054853,135366.3037876104,875.216563677799,18424.342685566022,3.1112052387678006,3.1112052387677998,91.1145842952746,49471.009018467594,19506.987756642837,19088.379364725435,1,0.0003301205444934624,0.00035183683401380145,25,1
820,11,0.01,0.009978327908878636,0,158.34316274514578,1.537655976216596,0.026800015052787386,806.5678019980854,8.065678019980854,0.0,273.2788931029872,154.28983377174544,55388.27398647754,89809.7867724792,134978.43883202126,877.8194922646861,18697.28154428969,2.9525201293944106,2.9525201293944114,91.1145842952746,49471.009018467594,19506.987756642837,19101.987814248398,1,0.0003451059128943451,0.00033137496573024805,25,1
821,11,0.01,0.009888051680440461,0,159.78880886367085,1.5495234064465886,0.019288983261652834,877.1496958949743,8.771496958949744,0.0,272.8480221668517,154.28983377174544,55479.6334114669,89797.77628896903,135503.10698815485,874.4824790926809,18567.060473023113,3.0990776260225372,3.0990776260225408,91.1145842952746,49471.009018467594,19506.987756642837,19114.04904524042,1,0.0003779379927886477,0.0003510548167254851,25,1
822,11,0.01,0.010066571768923296,0,156.95512198876364,1.5504315968301408,0.018714179221429945,706.5415932654885,7.065415932654885,0.0,271.0401124329849,154.28983377174544,55535.55854980265,89790.47069803954,135546.12984476026,874.2477263871846,18934.102869399558,3.008315958927416,3.0083159589274153,91.1145842952746,49471.009018467594,19506.987756642837,19121.40488360962,1,0.0002985265679135478,0.0003405234911988469,25,1
823,11,0.01,0.009917688835652774,0,159.31130994149666,1.5368752967826407,0.027294115960354047,494.4389441898747,4.944389441898747,0.0,268.23838549833664,154.28983377174544,55579.28712367824,89784.47559881485,134955.90319580573,878.1187613486148,19200.63977218393,2.657268568726702,2.6572685687267015,91.1145842952746,49471.009018467594,19506.987756642837,19127.445424433066,1,0.0002060093622114284,0.0002941579743045413,25,1
824,11,0.01,0.00990654930706133,0,159.49044930042243,1.521478210711704,0.0370391071444912,833.3183615100758,8.333183615100758,0.0,268.49253603655654,154.28983377174544,55732.75671653407,89764.38801709765,134288.3923904733,882.617913585874,19405.543702616193,2.5686563902109345,2.5686563902109327,91.1145842952746,49471.009018467594,19506.987756642837,19147.577758119634,1,0.000343538268973203,0.00028269139969939306,25,1
825,11,0.01,0.010099010117078252,0,156.45097704458092,1.526574193074638,0.033813801851495025,838.5245379089721,8.38524537908972,0.0,268.43267647674674,154.28983377174544,55871.48210757013,89746.17618767779,134520.9697051401,881.1950989044595,19689.06879814858,2.663911379193592,2.663911379193591,91.1145842952746,49471.009018467594,19506.987756642837,19165.836530158384,1,0.0003407066312807322,0.0002967514208217879,25,1
826,11,0.01,0.009917348862809774,0,159.3167712315765,1.5519312413080273,0.017765037146818218,715.0419034845627,7.150419034845627,0.0,266.87238656469157,154.28983377174544,55925.14422563002,89738.96155111009,135635.26547011864,873.9772862346662,19236.168338022475,2.894987473290968,2.8949874732909686,91.1145842952746,49471.009018467594,19506.987756642837,19173.100238877712,1,0.0002973739430513097,0.00032720628110174824,25,1
827,11,0.01,0.00996755484236116,0,158.51430215213367,1.553374757586191,0.016851419249246293,790.055761821091,7.90055761821091,0.0,266.11865250835433,154.28983377174544,55987.35954369217,89730.67438069849,135702.07271239674,873.5951968426856,18928.905329613935,2.8783116547322543,2.8783116547322565,91.1145842952746,49471.009018467594,19506.987756642837,19181.435351424803,1,0.00033390446961983076,0.0003239950146506242,25,1
828,11,0.01,0.009993728878263707,0,158.0991458990337,1.5506075782321613,0.01860279858723971,511.9920268530948,5.119920268530948,0.0,263.7357546543861,154.28983377174544,56018.140729455685,89726.37348476864,135583.3386270104,874.3884689483343,19187.943165605135,2.557227710680242,2.5572277106802423,91.1145842952746,49471.009018467594,19506.987756642837,19185.779552696626,1,0.00021346405810534328,0.00028158082359216124,25,1
829,11,0.01,0.009967104286491802,0,158.52146767856533,1.5542615967088116,0.016290128665309166,865.3941884715498,8.653941884715499,0.0,263.91112960262467,154.28983377174544,56090.145197330334,89716.58351530167,135747.2249607237,873.3872422002312,19467.22571279664,2.6921185785470834,2.6921185785470856,91.1145842952746,49471.009018467594,19506.987756642837,19195.61558463428,1,0.0003556312342555064,0.0003009999206602268,25,1
830,11,0.01,0.010154481572745781,0,155.59632352287252,1.559235580233559,0.013142037826861498,837.0489056148971,8.37048905614897,0.0,263.7795066969726,154.30657474985773,56104.7667397435,89715.3998331212,135964.59002965756,871.9951734893796,19466.475831188476,2.7164470798232143,2.716447079823217,91.1145842952746,49471.009018467594,19511.17300117091,19196.871157992704,1,0.00034399607319731,0.00030436378851938654,25,1
831,11,0.01,0.009950375097522692,0,158.7879838211694,1.5569545767451791,0.014585710920772753,1220.553236102719,12.20553236102719,0.0,264.8492671385977,154.30657474985773,56303.12570884026,89689.75018035148,135877.0064372572,872.7101513861035,18960.932154501756,3.4653725403585747,3.465372540358579,91.1145842952746,49471.009018467594,19511.17300117091,19222.578437478012,1,0.0005149760470243262,0.0004048677848257142,25,1
832,11,0.01,0.009949134705780925,0,158.80778044767493,1.559851710802572,0.012752081770524087,468.8896469244637,4.6888964692446375,0.0,260.74755636403034,154.31595254279623,56307.7725179657,89689.09031536322,136003.55696913222,871.9005532850038,19249.10608412213,3.0587821226277203,3.0587821226277234,91.1145842952746,49471.009018467594,19513.517449405535,19223.304021085816,1,0.00019487227921144177,0.00035128146647769263,25,1
833,11,0.01,0.010036473437164342,0,157.425813946697,1.5425020351782948,0.023732889127661586,686.4601359459971,6.864601359459971,0.0,259.01218796206587,154.31595254279623,56371.45291249426,89680.26294622313,135250.26362857936,876.8238909515995,18740.335500981484,2.9448337209729805,2.944833720972982,91.1145842952746,49471.009018467594,19513.517449405535,19232.180323653745,1,0.00029304070288818266,0.00033429634304131686,25,1
834,11,0.01,0.009949919642375219,0,158.79525230244238,1.5723685183305827,0.004830051689504687,1205.5695563862732,12.055695563862733,0.0,260.8287796293148,154.31595254279623,56440.91312947591,89671.7906347844,136555.32625940707,868.4689668322206,19113.764560364834,2.9131666894666943,2.913166689466697,91.1145842952746,49471.009018467594,19513.517449405535,19240.700964122043,1,0.0005045869650968484,0.0003308333157321576,25,1
835,11,0.01,0.010170206234361212,0,155.35574830938907,1.5582534552592304,0.013763635911879523,470.7516663336196,4.707516663336196,0.0,257.1110378355667,154.3253675761229,56449.091241422735,89671.14829177377,135942.30174126086,872.4017346628989,19401.805919345225,2.8969142063697575,2.8969142063697575,91.1145842952746,49471.009018467594,19515.871207737204,19241.407091621542,1,0.00019410632939658088,0.00033057799912720396,25,1
836,11,0.01,0.009942941970914016,0,158.90669025545532,1.5558581506260762,0.015279651502483435,760.8677213902378,7.608677213902378,0.0,255.65690162242285,154.3253675761229,56501.674324298125,89664.15975714405,135841.1461370955,873.0946717888975,19772.94157135617,2.9211675183521004,2.921167518352101,91.1145842952746,49471.009018467594,19515.871207737204,19248.446390569894,1,0.00030784199453356384,0.0003355117630089977,25,1
837,11,0.01,0.01017922637258643,0,155.21808260940946,1.5602676368663375,0.012488837426368705,777.1654137900537,7.771654137900537,0.0,255.61073659112967,154.34091088439868,56514.33195746249,89663.0603002635,136033.79824368298,871.86194874166,19719.57490118733,2.4617290486696417,2.4617290486696457,91.1145842952746,49471.009018467594,19519.757034806153,19249.61213869058,1,0.00031528688328601244,0.00027241173573871904,25,1
838,11,0.01,0.010006626687179011,0,157.89536767913756,1.5510710205146736,0.018309480686915486,984.8022933274642,9.848022933274642,0.0,255.92021277542278,154.34091088439868,56629.4592598608,89648.1075165758,135639.744031841,874.4908662327612,20002.386276653153,2.9417054835693723,2.9417054835693732,91.1145842952746,49471.009018467594,19519.757034806153,19264.616742294118,1,0.00039387392272368163,0.0003390009335144193,25,1
839,11,0.01,0.010089084636634065,0,156.60489101884687,1.5557499184526173,0.015348152878090333,849.4821373246572,8.494821373246571,0.0,254.79739724507823,154.35790052714518,56643.288822008064,89646.91253103063,135844.48482284308,873.1768725268965,20290.4751145502,2.9989654669550494,2.998965466955051,91.1145842952746,49471.009018467594,19524.004445492777,19265.890965500104,1,0.0003349284361372091,0.000348029747382301,25,1
840,11,0.01,0.010182485454448028,0,155.1684023579731,1.5520699952545831,0.017677218193301873,587.5049465997766,5.875049465997766,0.0,251.94063029931118,154.35790052714518,56683.06851973699,89641.9492570597,135686.2092250345,874.2273843311953,20616.38518912865,2.7742053787382313,2.774205378738234,91.1145842952746,49471.009018467594,19524.004445492777,19270.90467186273,1,0.00022797592932424543,0.00031892609606171205,25,1
841,11,0.01,0.009892910097258706,0,159.71033643960973,1.5501783081475904,0.018874488514183344,558.5408702935034,5.585408702935034,0.0,250.13892189818384,154.35790052714518,56720.57318754664,89636.93999307381,135605.95519468392,874.7764981741252,20245.52059239971,2.3577549603904635,2.3577549603904653,91.1145842952746,49471.009018467594,19524.004445492777,19275.95605986252,1,0.00022070694314600456,0.00026120376953581967,25,1
842,11,0.01,0.009836575297802094,0,160.62500943321592,1.55743688989399,0.014280449434183528,1284.8964914590038,12.848964914590038,0.0,252.39112776931555,154.38359845697437,56737.0917405282,89635.06610998919,135923.5491428301,872.7387287717451,19496.699608818853,2.8472166020873915,2.84721660208739,91.1145842952746,49471.009018467594,19530.428927950074,19277.916570278914,1,0.0005272262556182842,0.00032530304269617807,25,1
843,11,0.01,0.010012767971393267,0,157.7985232968646,1.542649224748745,0.023639731171680355,1038.8278319133526,10.388278319133526,0.0,252.42260469914584,154.38359845697437,56908.219805164925,89612.90404544827,135287.77504016223,876.9833923988577,19107.853705819794,3.360486042600997,3.3604860426009973,91.1145842952746,49471.009018467594,19530.428927950074,19300.135502799683,1,0.0004349322945033646,0.00039428849775588443,25,1
844,11,0.01,0.009946963406890406,0,158.84244621886424,1.5485833035102199,0.01988398512011404,769.925613865164,7.6992561386516405,0.0,249.72917957567884,154.38359845697437,56975.23359141753,89603.59860735734,135551.65680695593,875.3268648815789,18460.429518819547,3.646910084814117,3.646910084814116,91.1145842952746,49471.009018467594,19530.428927950074,19309.500419170832,1,0.00033365447454199735,0.00043193767488788204,25,1
845,11,0.01,0.010078151533729707,0,156.77478104114954,1.5390536027555461,0.025915441293958178,836.9422628324861,8.36942262832486,0.0,248.84969792899986,154.38359845697437,57081.3589992248,89589.5459276986,135140.94375945535,878.0782132441446,17607.27652885277,3.311421164855827,3.311421164855824,91.1145842952746,49471.009018467594,19530.428927950074,19323.604883782453,1,0.00038027108233848743,0.0003829526171279498,25,1
846,11,0.01,0.010147054479861672,0,155.71021158265617,1.5721816113477771,0.004948347248242374,1247.7966050579182,12.477966050579182,0.0,250.19765830711708,154.38359845697437,57157.71216016119,89580.03490468307,136589.82314881813,868.791634267522,17652.164484177953,3.630621510406198,3.6306215104061934,91.1145842952746,49471.009018467594,19530.428927950074,19333.1715609158,1,0.0005655041821874468,0.0004264765796893105,25,1
847,11,0.01,0.009999425246752206,0,158.0090816232844,1.5713565143914785,0.005470560511722514,1180.391588608238,11.803915886082379,0.0,250.17941445642714,154.38359845697437,57227.62267003681,89571.47387405745,136557.9797510374,869.0451753014222,17921.55829925288,4.09307432485901,4.093074324859011,91.1145842952746,49471.009018467594,19530.428927950074,19341.796371818145,1,0.0005269147108295584,0.0004908966584518309,25,1
848,11,0.01,0.010052706991031167,0,157.17159581092395,1.5656171538447763,0.009103067186850495,970.1030468705078,9.701030468705078,0.0,247.92380309019492,154.38359845697437,57286.02507890118,89564.29424658082,136312.04126713343,870.660115931817,18293.04725227023,4.185241626533072,4.185241626533076,91.1145842952746,49471.009018467594,19530.428927950074,19349.042878923992,1,0.00042424994960863714,0.0005055562808752141,25,1
849,11,0.01,0.010044771963772068,0,157.29575601103738,1.5698432193038665,0.006428342212742766,722.636033321753,7.22636033321753,0.0,244.95628277525552,154.3980511776408,57297.83815603686,89563.28997518898,136496.17109191304,869.4891911081484,18739.56787159712,3.542288809561112,3.542288809561108,91.1145842952746,49471.009018467594,19534.042108116682,19350.126832973976,1,0.0003084963488051509,0.00041988700308111547,25,1
850,11,0.01,0.00986278984849316,0,160.19808028672466,1.5494108525575372,0.019360219900292963,840.2986200668516,8.402986200668517,0.0,244.12405401476113,154.3980511776408,57382.84325118238,89552.35866165157,135611.39622282848,875.2449100184199,18452.861079808892,3.1523614292437694,3.152361429243772,91.1145842952746,49471.009018467594,19534.042108116682,19361.109464793462,1,0.00036430063237675634,0.0003656823102635148,25,1
851,11,0.01,0.009936087201704892,0,159.01631778441865,1.555406170460028,0.01556571489871654,909.229999631299,9.09229999631299,0.0,244.0558059011768,154.3980511776408,57463.37637576846,89541.83510545408,135877.9375519968,873.5849203414787,18501.256169751876,3.075296492336065,3.075296492336065,91.1145842952746,49471.009018467594,19534.042108116682,19371.682999955978,1,0.0003931538448152812,0.0003553169419990628,25,1
852,11,0.01,0.010018539967770948,0,157.70761059822757,1.5601055073938424,0.01259145101655552,787.5711273780342,7.875711273780342,0.0,242.91821495078122,154.41380260018838,57471.40411649597,89540.69157287893,136083.35678109754,872.2702159319014,17860.51058603691,3.1979660869037145,3.1979660869037176,91.1145842952746,49471.009018467594,19537.979963753573,19372.900307068638,1,0.00035276533605651606,0.00037007327108285116,25,1
853,11,0.01,0.01001845639228103,0,157.70892621914794,1.5663263886170222,0.00865418441960623,1081.8432643969343,10.818432643969343,0.0,243.55218857201126,154.43543946547632,57489.42476359476,89539.15549728817,136354.81403014585,870.5389567658337,17686.0249404364,3.508471276849408,3.5084712768494097,91.1145842952746,49471.009018467594,19543.389180075555,19374.52307196523,1,0.0004893550780530518,0.000411758086308283,25,1
854,11,0.01,0.01006684312511243,0,156.95089119433896,1.5487339852969542,0.019788616900661967,895.4380804361167,8.954380804361167,0.0,242.51578104616578,154.43543946547632,57582.04779389169,89526.5268966758,135593.81299230192,875.5138989624688,17953.953042418405,3.5130724170355716,3.5130724170355685,91.1145842952746,49471.009018467594,19543.389180075555,19387.207345393523,1,0.00039899317028201423,0.00041370452813052736,25,1
855,11,0.01,0.01004463445776685,0,157.29790931100442,1.5500328461989206,0.018966553038657914,702.2049984057797,7.022049984057798,0.0,239.97214459599587,154.43543946547632,57636.63501225471,89519.17978335459,135653.98281877424,875.1684401490763,18322.19920502544,3.3857675910789253,3.3857675910789276,91.1145842952746,49471.009018467594,19543.389180075555,19394.609214808504,1,0.000306602931470444,0.00039831705993517,25,1
856,11,0.01,0.009904816013884599,0,159.51835932996147,1.5556100147856566,0.015436699502749009,899.7547869721883,8.997547869721883,0.0,239.6989008120646,154.43543946547632,57713.200070059494,89508.92762251054,135902.21171794814,873.6264900986367,18366.186777079754,3.1469826008454147,3.1469826008454174,91.1145842952746,49471.009018467594,19543.389180075555,19404.912145808663,1,0.00039191795134961615,0.00036583801770069145,25,1
857,11,0.01,0.009993462709314992,0,158.10335676014165,1.5611696325232243,0.011917954099225189,938.5813583044865,9.385813583044865,0.0,239.5894499319248,154.45421109264242,57725.38313573115,89507.56853144917,136145.21171743012,872.0718676636493,18826.929676442414,3.1347034091674564,3.1347034091674546,91.1145842952746,49471.009018467594,19548.082086867078,19406.351086345236,1,0.0003988250338997785,0.0003657819722399462,25,1
858,11,0.01,0.010067638483427073,0,156.9384918420472,1.5667883797279694,0.008361784982297917,1020.371395988453,10.20371395988453,0.0,239.3459873296251,154.4746185205622,57741.86402768661,89506.12560071363,136390.36351854674,870.5091592664687,18951.028313608225,3.4332603422997487,3.4332603422997536,91.1145842952746,49471.009018467594,19553.18394384702,19407.881643439217,1,0.0004307402760854942,0.0004071610871116296,25,1
859,11,0.01,0.010055750192719308,0,157.12403050186865,1.5704861482848238,0.006021425136187512,658.2357726897998,6.582357726897998,0.0,236.6291463116192,154.48778323601599,57752.72249778251,89505.21091584722,136551.4609467274,869.485293428786,19377.042776939652,3.1256209899538803,3.12562098995388,91.1145842952746,49471.009018467594,19556.475122710468,19408.868997098252,1,0.0002717590213396884,0.00036710811044165376,25,1
860,11,0.01,0.009968388410735586,0,158.50104699957302,1.5619686426326729,0.011412251498308351,750.4678183886069,7.504678183886069,0.0,235.22152395631022,154.48778323601599,57790.17772518322,89500.1188481292,136183.60927862435,871.8715956364468,19645.554429732678,2.8900735417873853,2.8900735417873826,91.1145842952746,49471.009018467594,19556.475122710468,19414.010769289896,1,0.00030560311079958413,0.00033603413607492225,25,1
861,11,0.01,0.009855164953004866,0,160.32202479962083,1.556403704641929,0.014934364150677887,508.7215567743773,5.087215567743773,0.0,233.35949472551548,154.48778323601599,57812.18633527517,89496.64280278396,135942.800589752,873.4417695377269,18976.957536717182,2.3756040798474327,2.375604079847433,91.1145842952746,49471.009018467594,19556.475122710468,19417.526443714873,1,0.00021445863734061174,0.00026394025649329475,25,1
862,11,0.01,0.010038187863036412,0,157.39892713285724,1.5872719660354815,0.0046025101490388695,1678.5190931776851,16.785190931776853,0.0,236.86618512672564,154.48778323601599,58025.05498615962,89469.97085276015,137294.37590263458,864.9707097489652,19240.349707391902,3.413094626756303,3.4130946267563003,91.1145842952746,49471.009018467594,19556.475122710468,19444.254818053425,1,0.0006979162515046468,0.0004059926665482809,25,1
863,11,0.01,0.010041977792980284,0,157.33952340588513,1.5428521747478945,0.023511281805130114,791.7310262447697,7.917310262447698,0.0,234.4538888252464,154.48778323601599,58112.22695476594,89458.55758321991,135367.72723128265,877.3862424856227,19217.156586054705,3.46743156172272,3.4674315617227216,91.1145842952746,49471.009018467594,19556.475122710468,19455.727167781246,1,0.0003295934120948172,0.00041398943364669193,25,1
864,11,0.01,0.00989152026736585,0,159.73277689302657,1.5579564136400532,0.013951636936675223,597.7569692822801,5.977569692822802,0.0,230.0802836306239,154.48778323601599,58141.07486168144,89454.39772065466,136029.71916046573,873.1291708132069,19523.194522946025,3.526451172194121,3.526451172194118,91.1145842952746,49471.009018467594,19556.475122710468,19459.94753801495,1,0.00024494227871559596,0.0004241506474383533,25,1
865,11,0.01,0.010013929162350893,0,157.78022536251652,1.5635121459329866,0.010435350675324983,967.5156312420288,9.675156312420288,0.0,230.70146919711135,154.50713354864084,58157.11526370583,89453.02347273336,136272.41612866818,871.5788776130744,19728.36658390809,2.779545438223351,2.7795454382233498,91.1145842952746,49471.009018467594,19561.312700866678,19461.39881146181,1,0.0003923348147965604,0.00032229016853565785,25,1
866,11,0.01,0.009970283695845152,0,158.47091699691782,1.531557142110187,0.03066003663912219,722.2365879801337,7.222365879801337,0.0,229.5142083567305,154.50713354864084,58249.6924064359,89440.52219258578,134880.46591910959,880.6753741703075,19983.43283962016,2.6734780259885924,2.6734780259885924,91.1145842952746,49471.009018467594,19561.312700866678,19473.94778613929,1,0.0002891341417769588,0.0003088037450963717,25,1
867,11,0.01,0.010031125215089849,0,157.50974752296003,1.5239037981057026,0.03550392524955533,431.23791136575886,4.312379113657589,0.0,226.28231706879797,154.50713354864084,58295.5344484365,89434.15875359467,134546.45590503918,882.9064936532603,20245.07465810571,2.4808643843727203,2.4808643843727185,91.1145842952746,49471.009018467594,19561.312700866678,19480.35635313554,1,0.0001704070421664166,0.00028395866624664526,25,1
868,11,0.01,0.010001552118753199,0,157.9754803294435,1.523367525173795,0.035843338497598125,953.5640022190177,9.535640022190178,0.0,227.31613344751588,154.50713354864084,58497.022650803,89408.03757477277,134534.6747463884,883.1399680194696,19738.09090097006,2.479024852790256,2.479024852790256,91.1145842952746,49471.009018467594,19561.312700866678,19506.5213844987,1,0.0003864868216498703,0.0002820093351977486,25,1
869,11,0.01,0.009986249893851627,0,158.21755081181982,1.5273281044001317,0.03333664278472683,360.0172353074654,3.600172353074654,0.0,224.62301995216762,154.50713354864084,58530.576587953474,89403.33913189666,134711.35094203966,882.006626827236,19693.519152449964,2.127295212472689,2.127295212472689,91.1145842952746,49471.009018467594,19561.312700866678,19511.257384761353,1,0.00014624800474532867,0.00023438062285387185,25,1
870,11,0.01,0.01001377341227621,0,157.78267941064323,1.5426031652951198,0.02366888272460779,830.9633748446415,8.309633748446416,0.0,224.99020874641766,154.50713354864084,58624.83626161126,89390.55075062915,135388.10150616942,877.6599487935572,18892.54213121612,2.5872133131158424,2.5872133131158415,91.1145842952746,49471.009018467594,19561.312700866678,19524.089045092696,1,0.0003518693753644268,0.0002948680672532086,25,1
871,11,0.01,0.010051578521557334,0,157.18924113376013,1.546537255035204,0.021178952509364666,697.4964819654244,6.974964819654245,0.0,224.7364544819844,154.50713354864084,58684.90882588815,89382.46608336027,135564.09571786874,876.565341549324,19247.204084248744,2.3437207449671296,2.343720744967131,91.1145842952746,49471.009018467594,19561.312700866678,19532.213570490047,1,0.0002899107751597987,0.00026267605175651806,25,1
872,11,0.01,0.010055732998027004,0,157.12429917441182,1.546537013603725,0.02117910531409809,567.1709483459298,5.671709483459298,0.0,222.85003237866798,154.50713354864084,58725.50615032216,89376.75447018564,135566.69998222956,876.5823177185614,19024.361063033306,2.5695808264218387,2.5695808264218396,91.1145842952746,49471.009018467594,19561.312700866678,19537.968425978685,1,0.00023850302103360028,0.00029342772385260857,25,1
873,11,0.01,0.010102586051391041,0,156.3955993012747,1.559762598314141,0.012808482079657645,603.3045096474252,6.033045096474252,0.0,221.89721688202206,154.50713354864084,58756.26304124333,89372.97585075024,136146.00068013204,872.8636064698854,19055.142412633348,2.3271833353924185,2.3271833353924163,91.1145842952746,49471.009018467594,19561.312700866678,19541.785916277655,1,0.00025328785126158535,0.0002605672158183281,25,1
874,11,0.01,0.009887909811802077,0,159.79110146354017,1.5663847583371187,0.008617241558785706,1098.8083063971783,10.988083063971784,0.0,223.4167430104719,154.50713354864084,58833.68396816978,89362.50133499873,136439.18961751307,871.0451815322665,19100.850055899755,2.743472866047463,2.743472866047463,91.1145842952746,49471.009018467594,19561.312700866678,19552.306094193067,1,0.00046021336356505676,0.00031733474528674747,25,1
875,11,0.01,0.010001825447982308,0,157.97116318588996,1.5648918168342485,0.009562141244146567,1003.3813458540607,10.033813458540607,0.0,223.53786191033743,154.50713354864084,58901.37384503682,89354.17555093665,136378.10763751998,871.485850781754,19393.155975159072,3.1640932373311736,3.164093237331176,91.1145842952746,49471.009018467594,19561.312700866678,19560.685446919662,1,0.0004139115251336313,0.00037580424665342445,25,1
