epoch,year,xfg_price,oracle_price,oracle_stale,redemption_price,heat_price,peg_deviation,swap_volume,total_fees,cd_pool,swf_balance,yem_reserve,treasury,heat_supply,pool_xfg,pool_heat,cd_locked,cd_apy_mean,cd_apy_min,bonds_outstanding,bond_migrations_remaining,xfg_burned,heat_burned_lifetime,lag_complete,organic_rate,rolling_avg_rate,payout_queue_len,solvent
0,0,3.434677047083192,3.426507110597541,0,0.46111096489873254,1.5681255464633792,0.00751547692191194,3749.4236549403336,37.49423654940334,0.0,31.87010106699284,0.0,29986.364272225648,88574.19993317178,5028.488852148036,11013.936531382124,80335.31778407564,0.014480040921376993,0.014480040921376974,0.0,50000,18.74711827470167,72.01859680789921,0,0.0,0.0,0,1
1,0,3.4583898525222847,3.439911312871354,0,0.45931416722518537,1.6040949431040927,0.015249963989932062,4377.831149353118,43.778311493531184,0.0,69.08166583649435,0.0,30008.28582667635,88612.9065514847,5068.447395444104,10927.449846906864,80610.4609435803,0.031279821173542895,0.03127982117354275,0.0,50000,40.636274021467266,78.58534353192888,0,0.0,0.0,0,1
2,0,3.681954329471624,3.695669521057576,0,0.42752740497961444,1.6185230040675296,0.024381648144006018,4948.564594735155,49.48564594735155,0.0,111.14446489174318,0.0,30356.73281797289,89534.95995316604,4934.68726482487,11225.847945101148,80755.3334496626,0.0502353565424549,0.050235356542454784,0.0,50000,320.60931347875396,78.58534353192888,1,0.0,0.0,0,1
3,0,3.740167573385667,3.722409981722916,0,0.42445620115941596,1.6133295170061352,0.02109463101654125,5220.327253609492,52.20327253609492,0.0,113.18585537595521,0.3234621040787514,30467.609284118716,89917.76154968092,4888.468677967188,11332.893770377133,81154.33506606882,3.807540226661402,3.8075402266614233,0.0,50000,401.47483949844184,78.58534353192888,1,0.0005146073588659983,0.0005146073588659983,0,1
4,0,3.7697413630367342,3.7837814826414826,0,0.4175716825214208,1.6110136679211238,0.019628903747546646,5057.735956111003,50.577359561110036,0.0,114.4354038849124,1.0405808029127688,30645.730914604545,90604.25851832799,4866.207543093998,11386.833160760592,81350.13740533315,3.745096523717829,3.745096523717796,0.0,50000,580.7545142069462,78.58534353192888,1,0.000497379462892406,0.0005059934108792021,0,1
5,0,3.8370781237659077,3.814282664939082,0,0.41423254089776124,1.6284738980243987,0.03067968229392317,4712.450082603858,47.124500826038584,0.0,113.76047018583375,1.134829804564846,30675.82954781797,90747.72149869043,4849.5432280564155,11426.696033143036,81760.75155320871,3.635288334420316,3.6352883344203426,0.0,50000,604.3167646199655,85.65401865583468,1,0.00046109655237570207,0.0004910277913780355,0,1
6,0,3.679852718177714,3.6592107639833498,0,0.43178709888796923,1.5987836496409857,0.011888385848725105,3425.5735506251876,34.255735506251874,0.0,106.9352924157987,1.2033412755773498,30684.811551134975,90848.12506225765,4906.861097966907,11293.914691414742,82100.09466915776,3.1920669749251114,3.192066974925111,0.0,50000,621.4446323730915,106.02236385845734,1,0.0003337948453705801,0.0004307569535462294,0,1
7,0,3.6445894912254735,3.605237276628145,0,0.43825132127717265,1.607582023108389,0.017456976650879096,3522.468961299011,35.22468961299011,0.0,105.09074809727271,1.27379065480333,30706.756899417636,90953.33020025704,4944.242155381203,11209.215295113661,82459.55618680044,2.812321244154291,2.8123212441542917,0.0,50000,639.0569771795865,111.30606730040586,1,0.0003417402784287955,0.00037887722539169257,0,1
8,0,3.727967475881758,3.764106383802527,0,0.41975434243807763,1.5983015968850525,0.01158328916775468,3609.9061331652533,36.099061331652536,0.0,106.93561714129973,1.519787100374422,30819.104941822472,91309.40958445531,4874.69813503871,11370.016858884943,82831.34474378898,2.539308414808259,2.5393084148082603,0.0,50000,700.5560885723595,111.30606730040586,1,0.00034865121596963454,0.00034139544658967,0,1
9,0,3.6957928316143915,3.6392908983569496,0,0.43415051012089506,1.604903608423086,0.015761777482965842,5665.090665063153,56.65090665063153,0.0,116.07538561617679,1.6330889136756852,30838.44973109538,91402.66921400829,4906.092954563475,11297.814446641592,83226.42002164604,3.055924150684725,3.055924150684745,0.0,50000,728.8815418976752,160.51614967424135,1,0.0005445473361550087,0.0004116462768511463,0,1
10,0,3.9145797396569,3.9306448507732203,0,0.40196966655208977,1.641468430390561,0.03890406986744356,3824.842698909615,38.24842698909615,0.0,113.2039731328749,2.1582902838239653,31076.39349270357,92040.8782433715,4821.250939826193,11497.736355706113,82601.08281729925,3.124876597943263,3.1248765979432385,0.0,50000,860.1818844347451,160.51614967424135,1,0.00037043995729398103,0.00042121283647287476,0,1
11,0,3.7527211885256397,3.767754995459522,0,0.41934786149949765,1.5968294699534986,0.01065156326170794,7066.60764583504,70.6660764583504,0.0,123.81321140347269,2.299622436740666,31162.878526318196,92323.09258872649,4857.092261585491,11414.689788513602,82990.21361749189,3.9385080251812044,3.938508025181233,0.0,50000,895.5149226639203,171.1160611429939,1,0.0006811991282158221,0.0005320621405549373,0,1
12,0,3.8084279422677363,3.7913424881941222,0,0.41673892688934566,1.6129929481744443,0.02088161276863557,4187.251910503231,41.87251910503231,0.0,118.40819245689599,2.6629723957292266,31346.560070249885,92840.84582142286,4846.043230869292,11441.963506888216,83301.73718361589,3.589383954367592,3.5893839543676114,0.0,50000,986.3524124110604,171.1160611429939,1,0.00040212865201344646,0.0004845892458410832,0,1
13,0,4.057839597582919,4.059115458020302,0,0.38924736592010917,1.6112548715461368,0.019781564269706776,4848.967371586168,48.489673715861684,0.0,115.93383944250724,3.3375465701065723,31519.498801789512,93557.56841813267,4692.579748575989,11817.953977892505,83508.88766522525,3.8171074215510434,3.8171074215510337,0.0,50000,1154.995956005397,171.1160611429939,1,0.0004645222808882293,0.0005159500203724993,0,1
14,0,3.951434905297517,3.975938208493104,0,0.3973904817295504,1.6158830348154571,0.022710781528770298,8993.134843577122,89.93134843577121,0.0,134.34072127955918,3.517409266978115,31615.622794134622,93870.0614269996,4762.505863326218,11646.097829834884,83692.4378251164,4.259221643978034,4.259221643978052,0.0,50000,1199.9616302232826,184.6057634083596,1,0.0008596365528144049,0.0005754291619053602,0,1
15,0,4.079976588105111,4.071703349046873,0,0.38804398664501316,1.6525717209560904,0.04593146895955084,4234.881301821083,42.34881301821083,0.0,121.49692736465848,4.408029076409836,31888.79031638825,94814.36490757414,4740.34672934919,11703.276432720233,83520.89589461607,4.262262652741357,4.262262652741358,0.0,50000,1422.6165825812127,184.6057634083596,1,0.00040563562030412296,0.0005765981513355858,0,1
16,0,3.949627273426109,3.9813159496537387,0,0.3968537086682144,1.6131063451974959,0.020953383036389734,8081.521266292307,80.81521266292307,0.0,129.84076643319298,4.569659501735682,31931.79063196784,95041.00279537801,4760.214823113535,11655.19827549535,83702.05637474886,5.014975754850187,5.014975754850207,0.0,50000,1463.0241889126742,196.72804530779806,1,0.000772408384339798,0.0006792268524861087,0,1
17,0,3.905747870818116,3.8889876938116954,0,0.4062753920548928,1.624370275552575,0.02808245288137658,5276.513859559339,52.76513859559339,0.0,127.19925347419992,5.220939964943335,32205.289172965993,95810.5119207208,4804.069286957348,11551.235374836837,83423.32347638256,4.153490936901578,4.153490936901607,0.0,50000,1625.8443047145872,196.72804530779806,1,0.0005059989115445049,0.0005613476387294753,0,1
18,0,4.133465868651537,4.103070452368707,0,0.3850774726736326,1.6433139160423254,0.04007209876096537,5158.1638120530515,51.58163812053051,0.0,121.09689741492271,6.029586135330037,32545.069225740637,96768.20737245295,4697.323355123592,11815.287129792066,83407.11149047331,4.367665835382517,4.367665835382527,0.0,50000,1828.0058473112629,196.72804530779806,1,0.0004947457088372818,0.0005910510015738616,0,1
19,0,4.382066499078926,4.37133029172786,0,0.36144603462930547,1.6455184243879621,0.04146735720757093,6426.324491441277,64.26324491441277,0.0,127.78296769501883,7.63301732929513,32957.61311516045,98244.95992372812,4565.660655012297,12158.495648527054,83529.80280262006,3.9886410101130956,3.9886410101131005,0.0,50000,2228.863645802536,196.72804530779806,1,0.0006154760840632277,0.0005387402348150048,0,1
20,0,4.766451790381742,4.743736208256777,0,0.3330707970755011,1.6274076495316936,0.03000484147575539,10035.79975343486,100.3579975343486,0.0,145.98923413668942,9.928767094191938,33375.330796033726,100146.54207635528,4354.017258962618,12752.314003997319,83441.84090873592,5.106714047364844,5.1067140473647905,0.0,50000,2802.801087026738,196.72804530779806,1,0.0009621839253917194,0.0006908019060974097,0,1
21,0,4.58710230361911,4.570799650914942,0,0.34567255637287225,1.615698656230478,0.022594086221821495,7540.053049635484,75.40053049635485,0.0,145.18944574437472,10.079568155184647,33389.55781800636,100362.72945166513,4422.623702578311,12556.194990882954,83734.07695190421,5.655188018867143,5.655188018867093,0.0,50000,2840.5013522749155,270.56217819468407,1,0.0007203808364870513,0.0007660136153139996,0,1
22,0,4.628463259375109,4.574083916088712,0,0.34542435796653553,1.6594878560764488,0.05030876966863842,6742.1627668748215,67.42162766874822,0.0,136.9256107576737,11.2014004566586,33545.53267481588,101319.11398217853,4462.616445966968,12446.64502075736,83533.75077019593,5.725260942198976,5.725260942199021,0.0,50000,3120.9594276434036,270.56217819468407,1,0.000645694723841407,0.0007760864952400592,0,1
23,0,4.86338494386985,4.807871614207559,0,0.32862774358013264,1.6406971496736475,0.03841591751496676,6720.927360107024,67.20927360107024,0.0,137.27767014137262,12.410941836389165,33784.13325205922,102497.36195710883,4329.277962384368,12832.926091372643,83784.3548761611,4.94547822262598,4.94547822262598,0.0,50000,3423.3447725760448,270.56217819468407,1,0.0006417357865955767,0.0006692704489746783,0,1
24,0,4.953711168625336,4.997735260506516,0,0.3161431963964951,1.6218871882245003,0.026510878623101402,3110.121745701588,31.10121745701588,0.0,118.84033563754873,12.927806264878567,33965.88345094172,103341.92148490416,4265.378395335482,13027.695605954728,83621.32342156087,3.9086426810027444,3.908642681002773,0.0,50000,3552.560879698395,270.56217819468407,1,0.0002975434129424148,0.0005283246411264662,0,1
25,0,5.094233730719573,5.097574662408551,0,0.30995132090001926,1.6200247694414174,0.025332132557859054,6535.607042306161,65.35607042306161,0.0,126.98944946066875,14.35689786100813,34229.04936196103,104749.61214581471,4204.317558192106,13220.647439226255,83395.37287551205,3.8667414346532647,3.866741434653292,0.0,50000,3909.833778730786,270.56217819468407,1,0.0006269515266332246,0.0005220769087237387,0,1
26,0,4.933204088923529,4.966769936339579,0,0.3181141909633994,1.604401603709314,0.015444052980578474,4501.290463069353,45.01290463069353,0.0,126.78647774367684,14.446923670269518,34252.095275334956,104929.06263010528,4251.91105697637,13073.749716729495,83767.78878838866,3.350896732608797,3.350896732608768,0.0,50000,3932.340231046133,277.3141138892881,1,0.0004298827058157507,0.00045145921513046333,0,1
27,0,4.8291582047532,4.864378308488236,0,0.3248102634704488,1.5819331704606845,0.0012235256080281134,3958.7708412587053,39.587708412587055,0.0,119.84838827135624,14.446923670269518,34243.76277537437,104972.43826579575,4267.450702389548,13027.221982343824,83420.14999573835,3.547875375788347,3.547875375788345,0.0,50000,3932.340231046133,358.6546038297814,1,0.0003796464850721027,0.0004788269058403594,0,1
28,0,4.809345065745288,4.837029730798747,0,0.32664674147849243,1.5883395724187739,0.005278210391628994,5535.162139473199,55.35162139473199,0.0,126.51746466704495,14.557626913058982,34275.04950683569,105159.68820934543,4284.977139910093,12974.513776846563,83030.82682907961,3.3231956242013228,3.3231956242013188,0.0,50000,3960.016041743499,366.9573470389912,1,0.0005333115278610848,0.00044761357291631267,0,1
29,0,4.478713070242667,4.523568491836344,0,0.34928176788997806,1.5794889338200881,0.00032345960753919187,3573.318763665998,35.733187636659984,0.0,121.41427961951926,14.557626913058982,34256.30303094716,105154.66994766115,4428.155007229833,12556.235933844016,83156.14800519269,3.1113297936140967,3.1113297936141135,0.0,50000,3960.016041743499,473.07875537439304,1,0.0003437695323206036,0.0004189091817512637,0,1
30,0,4.44973254427831,4.478355986020715,0,0.3528080404800342,1.61251428365989,0.020578660544234146,5037.88129422483,50.378812942248295,0.0,125.10696050738174,15.10389709344236,34445.3357049924,105845.19566697734,4489.17974014361,12387.889762745886,83091.97918918765,3.3694540143471676,3.369454014347153,0.0,50000,4096.583586839343,473.07875537439304,1,0.0004850414052845557,0.0004540408218220814,0,1
31,0,4.363442075985077,4.36684753553204,0,0.3618170744785343,1.59384047390066,0.008759793608012595,6684.559720261644,66.84559720261643,0.0,135.7328110669984,15.10389709344236,34445.724244793964,105889.15926127283,4507.196618049403,12339.309792907286,82779.26883963142,3.6485869636658204,3.648586963665814,0.0,50000,4096.583586839343,542.9884759256231,1,0.0006460129270493234,0.0004916079548848276,0,1
32,0,4.2693779579515425,4.284361461567418,0,0.3687830763518172,1.6175695882123617,0.023778220387570676,3957.371368101624,39.57371368101624,0.0,126.8935802275827,15.183044520804392,34470.729666715284,106047.01512518867,4590.49993287034,12116.065591362785,82848.37989648274,3.73799010858488,3.7379901085848695,0.0,50000,4116.370443679852,548.9245329777756,1,0.00038213144281602356,0.0005043952583833009,0,1
33,0,4.232261455181356,4.291901733497749,0,0.3681351759916357,1.6002003534255183,0.0127850338136191,4011.0739775320876,40.11073977532088,0.0,121.43882399830284,15.534504756228484,34616.92841203432,106592.90347820973,4586.12830646307,12129.539915679832,82308.06783242794,3.5043291341060017,3.5043291341060017,0.0,50000,4204.235502535875,548.9245329777756,1,0.00038985961723201034,0.0004726679956991191,0,1
34,0,4.049563473635606,4.072492873209624,0,0.3879687575130773,1.5654751809430276,0.009192923453780031,9412.717907513586,94.12717907513587,0.0,143.23533106492323,15.534504756228484,34627.95585311584,106540.00036706394,4637.687642395034,11996.747509890829,81944.69014664812,4.178383983379333,4.178383983379365,0.0,50000,4204.235502535875,723.8046871935175,1,0.0009189337725891547,0.0005636416108790629,0,1
35,0,3.849997310828941,3.8233340630261816,0,0.41325188276889013,1.5749373335984544,0.003204219241484572,5784.827125278421,57.84827125278421,0.0,140.9183832884552,15.534504756228484,34613.267288323914,106520.02217152661,4770.991220067522,11662.87888120609,80985.58769986307,4.638752534526638,4.63875253452659,0.0,50000,4204.235502535875,870.6387254759765,1,0.0005714426272207644,0.0006267453390139765,0,1
36,0,3.964403790196546,3.929908801587757,0,0.40204495314538863,1.649210248023766,0.04380395444542149,8185.135452296545,81.85135452296545,0.0,146.93883254606172,16.30417638588208,34761.54463149024,107142.00309042839,4811.500934761748,11565.979877435748,79944.63367068247,5.686765518204702,5.686765518204675,0.0,50000,4396.653409949274,870.6387254759765,1,0.0008190804136786706,0.0007698189378295299,0,1
37,0,3.9974827337868004,3.9808065086404416,0,0.3969044957524486,1.6226852178318105,0.02701596065304459,6136.3628748861365,61.363628748861366,0.0,145.46986021410612,17.06802932645855,35002.459346683456,107949.3016955824,4753.253066520362,11709.632191093113,78778.38689085345,4.967342233594474,4.967342233594425,0.0,50000,4587.6166450933915,870.6387254759765,1,0.0006231519194103832,0.0006712249867699393,0,1
38,0,3.6149361838576914,3.607011661588128,0,0.438035733797529,1.571371624112673,0.005460997397042482,4414.362201760188,44.143622017601885,0.0,132.96623840578832,17.06802932645855,34968.78746899985,107894.9217960308,4919.018808212227,11316.189503500853,78036.69752360375,4.672810114798318,4.672810114798334,0.0,50000,4587.6166450933915,1040.9362272427127,1,0.00045254218508413704,0.0006315915060577303,0,1
39,0,3.619246973486797,3.617887737997305,0,0.4367189129186786,1.5936618689743227,0.008646752515394079,6242.716951318148,62.42716951318148,0.0,139.11287653659952,17.192883665484914,34998.24457322839,108056.04963535517,4951.079580237621,11244.028695873883,76895.24247320936,4.263950707235818,4.263950707235789,0.0,50000,4618.830229849982,1050.30030266969,1,0.0006494775750001062,0.0005750572264982089,0,1
40,0,3.491719258639778,3.5032975286871824,0,0.45100365785719765,1.5600876879200256,0.012602729164540796,4284.234590475215,42.84234590475215,0.0,135.51117369460636,17.192883665484914,34980.701091372954,108025.58070376577,4987.527330319192,11162.863066681994,75915.50712795084,3.8453215778235807,3.8453215778235625,0.0,50000,4618.830229849982,1170.7886515192201,1,0.0004514739876009159,0.0005178312492283864,0,1
41,0,3.435205341857568,3.421372907236123,0,0.46180292030089365,1.596620928531723,0.010519575020077799,3703.9915388062354,37.039915388062354,0.0,128.65789459728023,17.266963496261038,34981.28800352154,108091.3818771702,5087.074298431571,10945.080633803844,75679.29826293523,3.6937957443731135,3.693795744373092,0.0,50000,4637.350187544013,1225.9472127479128,1,0.0003915460765439265,0.0004974992130483163,0,1
42,0,3.5801850508448445,3.549792417016063,0,0.44509644914057817,1.6004251152733275,0.01292728814767561,2362.4365640054825,23.624365640054826,0.0,120.6921830410758,17.564429330655088,35197.07784068082,108629.87760722401,4989.240834323834,11161.037951507173,75077.91396367703,2.722571917976187,2.7225719179761687,0.0,50000,4711.716646142526,1225.9472127479128,1,0.00025173172127807795,0.00036491726180764016,0,1
43,0,3.640374524296855,3.6326308771116946,0,0.43494647638305006,1.6090672920923907,0.018397020311639666,2685.035420694343,26.85035420694343,0.0,119.73462088284259,17.618130039068976,35226.55203959098,108742.98381477971,4961.282541227226,11224.469392722773,74664.92079813597,2.32388512355211,2.32388512355209,0.0,50000,4725.141823245997,1229.9747658789543,1,0.0002876890932976253,0.0003103222970398766,0,1
44,0,3.596610993137938,3.645136669238347,0,0.4334542551816423,1.5669309758490433,0.00827153427275746,2157.58856369532,21.5758856369532,0.0,118.51200794163113,17.66128181034288,35279.77682334356,108907.38237390501,4925.703934275105,11306.076139925237,73436.98350237231,1.9434273669463333,1.9434273669463324,0.0,50000,4735.929766064474,1233.2111487244972,1,0.00023504108810521837,0.0002581539675603072,0,1
45,0,3.70244698841065,3.6936818041238957,0,0.4277574744624653,1.6047783672325504,0.015682510906677428,3892.1319981904567,38.92131998190457,0.0,124.93996714144346,18.148195195436372,35453.64102392978,109440.9467300076,4913.507746148106,11336.146055252893,72805.77286778383,2.3752841344253572,2.3752841344253706,0.0,50000,4857.658112337847,1233.2111487244972,1,0.00042767289953873477,0.0003168010269805262,0,1
46,0,3.686796757709584,3.710221132748771,0,0.42585062816173286,1.6209124991224106,0.025893986786335803,7545.886523894647,75.45886523894647,0.0,143.09643036011147,19.040192772391656,35748.44495223765,110221.84521689339,4949.113516046465,11256.854194397094,70748.3044221636,3.76270895594362,3.7627089559436127,0.0,50000,5080.657506576668,1233.2111487244972,1,0.0008532655684712883,0.0005053265187050805,0,1
47,0,3.6830225135668067,3.733869696502082,0,0.4231534917997155,1.5804627929723996,0.0002929069445566354,3751.865856386931,37.51865856386931,0.0,134.480355510713,19.239808702524073,35874.42366670293,110632.59740118768,4889.795122031863,11394.906353538565,69738.9404851124,4.234616448877364,4.234616448877352,0.0,50000,5130.561489109773,1233.2111487244972,1,0.000430389774239586,0.0005704427474165364,0,1
48,0,3.782813452231767,3.8136449412197733,0,0.4143018095162907,1.5988977906630768,0.011960627001947296,3566.387358460383,35.66387358460383,0.0,125.23136677328743,19.602636165350564,36044.17037227878,111177.23024278785,4853.309180285628,11482.387030762422,68643.65286822231,4.201543284287854,4.201543284287842,0.0,50000,5221.268354816395,1233.2111487244972,1,0.00041564074281500194,0.0005664320285086254,0,1
49,0,3.85702770551951,3.8527171792146513,0,0.4101001777457414,1.6101674928255731,0.01909334988960321,5319.220230253473,53.19220230253473,0.0,133.18614269137237,20.506177327379596,36325.29030399243,112059.91461748666,4823.875207378944,11555.208017632483,67034.61503183468,3.6758802539891415,3.67588025398916,0.0,50000,5447.153645323653,1233.2111487244972,1,0.0006348028078004036,0.0004936111082849972,0,1
50,0,3.921667776388452,3.923902517885497,0,0.4026603598836157,1.6069821454365594,0.017077307238328673,5771.106138181869,57.711061381818695,0.0,140.15337252801442,21.163714560525626,36543.49865053159,112760.63192649231,4779.546930039167,11663.972269075171,66532.12245037187,4.321539256686654,4.321539256686652,0.0,50000,5611.53795361016,1233.2111487244972,1,0.0006939332070744258,0.0005814589192299438,0,1
51,0,4.192455940768912,4.224705388819539,0,0.37399057557513643,1.6979563842065137,0.07465593937121118,6289.137658971955,62.89137658971955,0.0,145.7529117202983,22.816342413731498,37046.37132148844,114232.50224287473,4752.125606597436,11733.562425968857,64875.099827349564,5.202403395442842,5.202403395442837,0.0,50000,6024.694916911628,1233.2111487244972,1,0.0007755379399133506,0.0007014246515960601,0,1
52,0,4.237298764468911,4.285369996900385,0,0.36869628553492856,1.6324342524063864,0.03318623570024451,5035.839851497342,50.35839851497342,0.0,143.46525436763733,23.90357273955956,37404.64498671155,115421.83122958292,4635.259221281401,12031.711624756623,63128.90673263928,5.211532638804158,5.211532638804163,0.0,50000,6296.5024983686435,1233.2111487244972,1,0.0006381659511798494,0.0007025456993892086,0,1
53,0,4.034367496531014,3.9714124252776353,0,0.39784334408168265,1.5627568824080955,0.010913365564496553,5110.854843176299,51.10854843176299,0.0,143.60631640517636,23.90357273955956,37395.278286860535,115410.67135892532,4648.173908974858,11999.589921943276,61417.71552244068,5.145268968740326,5.145268968740346,0.0,50000,6296.5024983686435,1356.868787682346,1,0.0006657173487749026,0.0006931404132893675,0,1
54,0,4.118553478734941,4.132726614252587,0,0.3823141832201128,1.607612119367042,0.017476024915849365,5440.213004640445,54.40213004640446,0.0,147.4328768302411,24.01237699965237,37420.73641119459,115577.51533348899,4666.223993936777,11954.43405238287,60830.78303070876,5.00218727787069,5.002187277870694,0.0,50000,6323.703563391846,1365.0291071893066,1,0.0007154552657188849,0.0006731128552245457,0,1
55,0,3.8857334775792216,3.862837010832407,0,0.4090258003558696,1.541562448814486,0.024327564041464664,6766.837168909153,67.66837168909153,0.0,155.5667934378965,24.01237699965237,37403.79030331019,115449.62118714888,4704.63230214603,11858.71337888913,59554.22174763361,5.668094519371537,5.6680945193715155,0.0,50000,6323.703563391846,1610.223299601279,1,0.0009089984851229169,0.0007633903665389014,0,1
56,0,4.113062729184699,4.114619438817151,0,0.38399663042816184,1.6244789047466108,0.028151205535829595,4980.773830132188,49.807738301321876,0.0,152.3016105559792,24.111992476255015,37436.01772520526,115620.00488871177,4694.300555478745,11885.628430085611,58227.71680557508,5.713477895946882,5.71347789594689,0.0,50000,6348.607432542507,1617.6944603464772,1,0.0006843165562219397,0.0007695901023545805,0,1
57,0,4.234495724881429,4.256488011821217,0,0.3711980382916591,1.6103887749085868,0.019233401840877667,5709.459333063957,57.094593330639576,0.0,154.66825490760385,24.551464916239976,37630.67516972675,116242.12450928258,4606.662610359677,12113.157663214883,56792.447081921644,5.933493801555714,5.933493801555737,0.0,50000,6458.4755425387475,1617.6944603464772,1,0.0008042561469243555,0.0007991903960897374,0,1
58,0,4.515061321985015,4.398408469803495,0,0.35922084336805327,1.6640358298002338,0.05318723405078083,7028.616851988526,70.28616851988527,0.0,163.72171248414395,26.206084139274537,38005.58933416675,117648.27061571275,4535.454140027659,12306.137403143563,55347.908271421715,6.202229361316837,6.202229361316862,0.0,50000,6872.130348297388,1617.6944603464772,1,0.0010159179736326442,0.0008348302255929797,0,1
59,0,4.512674906172626,4.55664877895658,0,0.3467460576063538,1.6074920016570042,0.01740000104873681,5449.155058734332,54.49155058734332,0.0,161.5342731438773,27.009905964672512,38192.70971447265,118545.54141077983,4459.3002195135905,12518.48978343026,54624.354931506394,6.478961452385818,6.478961452385799,0.0,50000,7073.085804646881,1617.6944603464772,1,0.0007980550163848401,0.0008727430456472798,0,1
60,0,4.503251669715238,4.522111737707425,0,0.3493942856000751,1.6098850717900182,0.018914602398745626,3953.4662407042765,39.53466240704277,0.0,151.89702994314928,27.273445914482632,38299.22524229018,119000.81993698893,4467.520673046964,12496.774013822383,52726.652627624615,5.97877031359532,5.978770313595335,0.0,50000,7138.970792099411,1617.6944603464772,1,0.00059984331167391,0.0008046054338971313,0,1
61,0,4.618592558980229,4.589336519592874,0,0.3442763443592853,1.643415250535739,0.04013623451629039,5949.671277916912,59.49671277916912,0.0,159.00733391995612,28.069430734863175,38591.74399471807,119921.09298047492,4457.489555812822,12527.161402145864,51644.9010093264,5.756558278499453,5.756558278499475,0.0,50000,7337.966997194547,1617.6944603464772,1,0.000921627678495111,0.0007731753355179538,0,1
62,0,4.684275089502918,4.664014653355172,0,0.33876394424777134,1.6192376474251187,0.024833954066530755,3390.1473490844455,33.90147349084445,0.0,152.980538415202,28.43372052629592,38743.71618665767,120497.94565684306,4393.7484307904615,12710.627347766187,49292.71047158845,5.154360544178095,5.154360544178102,0.0,50000,7429.039445052734,1617.6944603464772,1,0.0005502066843799914,0.0006905592248496708,0,1
63,0,4.565263880188397,4.487476213735172,0,0.3520910027698798,1.6416554959643168,0.03902246580020047,6905.482053631663,69.05482053631663,0.0,163.99144962451618,28.571830167368557,38786.4789562049,120700.12471527874,4481.492290858061,12462.538538135386,47797.744453092724,6.519100252296333,6.519100252296364,0.0,50000,7463.5668553208925,1628.0526834269247,1,0.0011557837521657109,0.0008758727050136042,0,1
64,0,4.580892440364587,4.586510377618306,0,0.3444884825095427,1.6340665257366165,0.03421932008646608,4825.012910829453,48.25012910829453,0.0,164.6464460763537,29.184642262059754,39043.38296812462,121515.5496863404,4463.769204144396,12513.594936766476,46879.909482224895,6.2829990747977735,6.282999074797786,0.0,50000,7616.769878993692,1628.0526834269247,1,0.0008233826326237114,0.0008431243563898046,0,1
65,0,4.985518271072708,5.000718111948379,0,0.3159546218421819,1.6158381724461162,0.022682387624124105,7043.537404318137,70.43537404318137,0.0,172.0592969052272,31.22986997275859,39350.62270694043,123337.35578964194,4255.562803350032,13130.14290142751,45836.805490960556,7.944338742656398,7.94433874265644,0.0,50000,8128.0768066684,1628.0526834269247,1,0.0012293243089476972,0.0010694968979123732,0,1
66,0,4.7840038582441835,4.709196174365537,0,0.3355137355714155,1.6161770034715948,0.022896837640249804,6550.78723959381,65.50787239593811,0.0,177.6202271151554,31.22986997275859,39317.323803822466,123292.30509680072,4344.920948082657,12861.28841998384,44212.29873928987,8.025867126331622,8.025867126331654,0.0,50000,8128.0768066684,1818.1450193040635,1,0.0011853330274858318,0.0010793466563524135,0,1
67,0,4.819292560976085,4.8566065340559925,0,0.32533004041413743,1.603948501266524,0.015157279282610079,5439.582123110194,54.395821231101934,0.0,173.98582646936177,31.59435567629801,39504.507393501626,123976.00205260151,4312.902228824269,12958.7312879294,42817.996267688904,8.497017590019995,8.49701759001998,0.0,50000,8219.198232553255,1818.1450193040635,1,0.001016316987670903,0.0011436581080348106,0,1
68,0,4.492323197652583,4.511007479502916,0,0.35025435164521296,1.5392756290966598,0.02577491829325332,6198.29905474399,61.982990547439904,0.0,178.47464250738525,31.59435567629801,39503.4896662729,123944.31179305036,4376.334988990271,12772.183759758012,40682.29603528466,8.483389878300594,8.483389878300562,0.0,50000,8219.198232553255,1988.879975416372,1,0.0012188690725554072,0.0011401730292373805,0,1
69,0,4.40220981605726,4.371209672593911,0,0.3614560083690553,1.5726547082691569,0.004648918816989364,8620.758922899633,86.20758922899633,0.0,192.25210265858462,31.59435567629801,39493.26335601846,123852.47997046966,4468.9841160144815,12509.679104941744,39305.43660388552,9.887056042661483,9.887056042661504,0.0,50000,8219.198232553255,2230.936966107619,1,0.001754619140304358,0.001329935066843556,0,1
70,0,4.686655594863722,4.634783865278596,0,0.3409004704267966,1.6700302016270305,0.05698114027027244,7583.973524623149,75.8397352462315,0.0,197.19000683717326,32.821930544622596,39890.76647975217,125140.35499585338,4463.638886884998,12526.443020186069,37892.643220841164,11.32156134086631,11.32156134086631,0.0,50000,8526.091949634401,2230.936966107619,1,0.001601149538272785,0.0015248792503775165,0,1
71,0,4.697013142507149,4.756147482576393,0,0.3322016413048903,1.6708893995224952,0.057524936406642455,3331.9775908531988,33.31977590853199,0.0,174.69884543338426,33.32284137913777,40091.76183656214,125866.99036298122,4460.119071405815,12537.776528791639,36593.77742594482,10.11245566344468,10.112455663444663,0.0,50000,8651.319658263195,2230.936966107619,1,0.00072842495642242,0.0013613978783331875,0,1
72,0,4.684290886667857,4.618048035698762,0,0.3421358954662602,1.6364941509897004,0.03575579176563313,7684.050383559162,76.84050383559162,0.0,186.1390533098461,34.40864231224973,40252.33735717814,126761.56524182936,4420.4319405550805,12653.017453044351,35317.943187269695,10.096321809572615,10.096321809572634,0.0,50000,8922.769891541186,2230.936966107619,1,0.001740543121169948,0.001356705871955051,0,1
73,1,4.5440222335619405,4.556923888212127,0,0.3467251239563495,2.3531141036968575,0.4893127238587705,7447.010349556835,74.47010349556835,0.0,200.22856769823957,70.4268053680531,38476.43144229652,127603.7322950702,6498.401081682707,12548.85130788085,34234.05143363114,10.455931864602164,10.45593186460214,0.0,50000,9123.95998448539,2230.936966107619,1,0.0017402580267764575,0.0014030753681229418,0,1
74,1,4.566430395063109,4.586657472750946,0,0.3444774346867374,2.121564043641591,0.3427620529377158,7279.401775859308,72.79401775859309,0.0,204.1960101124178,74.79444643356868,39358.469253853014,131140.90233194944,6156.4442719174185,13251.060854397272,32111.48583413255,13.114980307935587,13.114980307935564,0.0,50000,10215.870250864285,2230.936966107619,1,0.0018135322204547134,0.0017647777894670396,0,1
75,1,4.634469437608211,4.625388138117535,0,0.34159295454133215,2.008537100142912,0.2712260127486785,5943.530162399705,59.43530162399705,0.0,201.6749878890133,78.3605645310085,40075.5731896848,134007.3806810732,5947.039731510522,13722.113411779248,30521.58972207578,12.679517207166537,12.679517207166512,0.0,50000,11107.399775224241,2230.936966107619,1,0.0015578559875866085,0.001703882078272593,0,1
76,1,4.706541681105794,4.665421260764068,0,0.33866180816032876,1.9556503712119682,0.2377533995012456,5448.405807012312,54.48405807012312,0.0,200.37390139373952,81.6296080152159,41121.68634922288,136942.16904552706,5823.602676276462,14015.301064836205,28529.604813006445,12.17768668562729,12.177686685627288,0.0,50000,11924.660646276088,2230.936966107619,1,0.0015277900532371686,0.0016330594204261636,0,1
77,1,4.934110252171575,4.943597329240481,0,0.3196053187128707,1.7265598137747018,0.09275937580677324,5727.734397027482,57.27734397027483,0.0,203.55083336770087,85.06624865343238,41673.53295939002,140125.89152094768,5345.470166391746,15276.122460540766,28204.745066314645,11.72505406821508,11.725054068215112,0.0,50000,12783.820805830212,2230.936966107619,1,0.001624615825049439,0.0015700872886244054,0,1
78,1,5.364856844717133,5.37569499976123,0,0.2939154844294883,1.643270634117905,0.04004470513791456,6069.664709786809,60.696647097868095,0.0,208.19901461391188,87.12415409894218,42054.705650317956,142274.5273568067,5001.83799648301,16329.717244659745,27264.60653628682,12.283259164685367,12.283259164685354,0.0,50000,13298.297167207664,2230.936966107619,1,0.0017809652823586107,0.0016444570535484062,0,1
79,1,5.191022924614202,5.231818929262746,0,0.30199821923551345,1.6000665125483595,0.012700324397695854,12142.619032269973,121.42619032269974,0.0,234.78163109568038,87.36700647958759,42118.486331641856,142653.5174998137,5017.788894593765,16278.984016249477,25990.07688692697,17.71150510415822,17.711505104158178,0.0,50000,13359.010262369013,2249.150894656024,1,0.0037376169636120535,0.0023810660236733678,0,1
80,1,5.446374955831765,5.360064727428192,0,0.29477255972580363,1.632590898156227,0.03328537857989042,5461.685670393181,54.61685670393181,0.0,218.86538881570434,88.35704100283651,42432.12499595051,144088.18855365447,4948.869976800045,16509.587020086554,25326.348821727526,17.942007712346655,17.9420077123467,0.0,50000,13606.518893181244,2249.150894656024,1,0.0017252184936211855,0.0024146002465306165,0,1
81,1,5.534431437425656,5.604843483719582,0,0.2818990404619566,1.6094177768510092,0.018618846108233608,5951.960742437411,59.51960742437411,0.0,208.83629474569773,89.26993458857214,42719.56601565387,145494.4735893807,4874.958087609003,16763.9016321698,23965.38861362244,18.445637276706233,18.445637276706194,0.0,50000,13834.742289615151,2249.150894656024,1,0.0019868522354122608,0.002483229230881833,0,1
82,1,5.6524165781639875,5.731523680795412,0,0.2756684065171183,1.599015758918025,0.01203529045444612,6728.770571954388,67.28770571954388,0.0,215.53887129419633,89.40451000001123,42800.97832944588,145946.05882289598,4808.449501092163,16997.555855002094,23648.8927733998,14.904181282389498,14.904181282389475,0.0,50000,13868.386142474923,2259.2440505139552,1,0.002276223461767441,0.0019960980636002956,0,1
83,1,6.38519905432489,6.460393287422195,0,0.2445671539960451,1.6195546569681238,0.025034593017799853,12653.639262931436,126.53639262931436,0.0,242.3148120461494,93.30971146343654,43451.09398145966,150006.3014833182,4553.919095499574,17954.12076829232,22726.464206271652,21.601305030166273,21.60130503016631,0.0,50000,14844.68650833125,2259.2440505139552,1,0.004454239479783048,0.00290577172565425,0,1
84,1,5.948900925446485,6.0236225453113885,0,0.26230063190626474,1.6010175839554268,0.013302268326219458,10922.658784579911,109.22658784579912,0.0,251.75734460941572,93.52816463912814,43500.72157146418,150470.78712418216,4691.224005475004,17431.180711144505,22456.090151504824,26.255265767275702,26.2552657672757,0.0,50000,14899.299802254149,2296.9231097348024,1,0.003891205890567006,0.003540556277372498,0,1
85,1,6.059981477015281,6.048622350891767,0,0.26121650655988726,1.7250402966275689,0.09179765609339796,8832.490949087962,88.32490949087962,0.0,241.31634070229586,95.60586528670045,44139.781963013316,153106.48954103646,4825.329997211799,16951.146278006534,21814.174247180203,28.593019164641472,28.59301916464147,0.0,50000,15418.724964147226,2296.9231097348024,1,0.003239174987420737,0.0038615401192569304,0,1
86,1,6.261013108251262,6.284458821841905,0,0.25141385197857335,1.621737941151073,0.026416418450046195,6856.33015225483,68.5633015225483,0.0,229.38405356126123,97.4199105405047,44493.08499677548,155467.53859798712,4603.562830022969,17772.888265149788,21332.867641120196,23.999601656186595,23.999601656186627,0.0,50000,15872.236277598291,2296.9231097348024,1,0.0025711799342115274,0.0032338536040664237,0,1
87,1,5.9937580519099285,6.096814288991176,0,0.2591517348417445,1.601709476016361,0.01374017469389935,6495.278371641302,64.95278371641302,0.0,224.39667284525018,97.54981610793753,44562.17507210017,155924.46678096915,4676.151260796454,17498.62861588091,21537.417240149363,20.389600065052214,20.389600065052203,0.0,50000,15904.712669456498,2306.6660272922645,1,0.0024126489445663014,0.002741001288732855,0,1
88,1,6.0502425250001375,5.994790624739991,0,0.263562165704249,1.6361733744269071,0.035552768624624725,4214.976364690716,42.14976364690716,0.0,212.33528068154652,97.85968621971908,44683.55113607369,156547.1807347153,4704.306521291854,17395.58644005237,21378.884197146264,16.32780639403338,16.327806394033413,0.0,50000,15982.180197401887,2306.6660272922645,1,0.0015772484011128502,0.0021870257599635595,0,1
89,1,5.84604508795414,5.8527956667703265,0,0.2699564601188053,1.6156294963741453,0.022550314160851424,8095.471716995123,80.95471716995122,0.0,225.38376186397647,98.02159565405898,44731.852976330694,156858.90125458513,4755.843120421856,17208.69380982391,20370.969115829274,17.848684827000334,17.848684827000326,0.0,50000,16022.657555986863,2318.8092348677574,1,0.0031792190822004756,0.002389705475959876,0,1
90,1,6.086506870278627,6.017161406077451,0,0.2625822864588889,1.6407883820732605,0.038473659540038244,6904.671174856724,69.04671174856725,0.0,231.27252519951602,99.20887673837913,45048.49646559346,158435.25316473815,4697.481722461361,17425.315225990405,19943.3842296135,18.736966487407162,18.736966487407145,0.0,50000,16319.4778270669,2318.8092348677574,1,0.0027697089301841273,0.002508725471165818,0,1
91,1,6.043636985539558,5.986911510273147,0,0.26390902843458164,1.657603768930369,0.049116309449600645,11724.922980163557,117.24922980163558,0.0,249.9166250779737,100.91988771324763,45441.757863400155,160380.50421012018,4738.644921188166,17277.13838724688,20194.15106222444,26.22997602054876,26.22997602054879,0.0,50000,16747.230570784024,2318.8092348677574,1,0.004644878784569032,0.0035312689323178784,0,1
92,1,5.905824924578781,5.945710859027212,0,0.2657377792936447,1.618391675892179,0.024298529045682884,3128.825316924832,31.28825316924832,0.0,219.30565005534376,101.22439162521177,45564.382635968526,161148.76746200788,4736.937365451429,17286.002625804034,19261.374744257384,21.619917189668893,21.619917189668865,0.0,50000,16823.356548775057,2318.8092348677574,1,0.0012995231580166062,0.002904703624256589,0,1
93,1,5.608226471008195,5.641251300361789,0,0.28007970499358364,1.5967540927675423,0.010603856181988766,5847.918947304102,58.479189473041025,0.0,214.1757235518408,101.52091472135574,45729.73973270473,161899.21554831456,4828.847222616813,16960.20003393005,19244.14231242869,20.786474181251315,20.7864741812513,0.0,50000,16897.48732281105,2318.8092348677574,1,0.002431043733667368,0.002791815225417669,0,1
94,1,5.537492088199619,5.512437503348685,0,0.2866245647302459,1.6310278465270145,0.03229610539684457,11095.843575455594,110.95843575455594,0.0,240.6612719219588,102.07302424827463,45848.352248754505,162541.06854578806,4911.7973398183385,16676.011366697097,18643.147713094706,21.134862568354187,21.134862568354173,0.0,50000,17035.514704540772,2318.8092348677574,1,0.004761360579753179,0.002830642490479051,0,1
95,1,5.839497286526381,5.886801688173383,0,0.2683970148296704,1.623010427015732,0.027221789250463212,7893.142713847914,78.93142713847914,0.0,240.47705381844023,103.83009599638865,46208.62642553885,164645.9608227641,4772.017110695718,17169.44050717118,18771.683052047618,26.154475460371028,26.154475460371007,0.0,50000,17474.782641569276,2318.8092348677574,1,0.0033638508350957606,0.0035187517161721026,0,1
96,1,6.0233326471611495,5.886801688173383,1,0.2683970148296704,1.7815695286105597,0.12757565101934154,7283.754522754171,72.83754522754171,0.0,231.0004881279687,105.974658910555,46842.58097135389,167131.0573117398,4923.368953028727,16645.485047067148,18735.957685384765,27.7891892825815,27.78918928258152,0.0,50000,18010.92337011086,2318.8092348677574,1,0.0031100644632373236,0.0037450919593620875,0,1
97,1,6.135058210172661,6.128810748887661,0,0.2577987907828219,1.6274476166715977,0.030030137133922517,5171.274151745286,51.71274151745286,0.0,219.31365818402458,107.22105403640967,47107.627403098595,168872.52146277053,4663.09524863284,17578.667661482654,18853.196247523316,21.51733156194428,21.517331561944303,0.0,50000,18322.52215157453,2318.8092348677574,1,0.0021943331343297805,0.0028894161442209547,0,1
98,1,6.113996909238366,6.110999837254852,0,0.2585501623429528,1.6367334578317472,0.035907251792245,11513.937403562719,115.13937403562718,0.0,241.01793382439158,107.99015210970154,47257.5041293073,169826.52703695284,4684.731128214418,17499.753244159623,19061.618685439964,25.12748057878138,25.127480578781363,0.0,50000,18514.796669897496,2318.8092348677574,1,0.004832302059366042,0.003378899885644382,0,1
99,1,6.184883762923673,6.157512326864237,0,0.25659713145952046,1.6242068304665538,0.027979006624401084,5352.892999932762,53.52892999932762,0.0,227.48905993386524,109.19226945977076,47551.86008028121,171607.4022770868,4640.6047130295865,17671.14889642424,18587.393519833655,23.150975707984493,23.15097570798447,0.0,50000,18815.326007414802,2318.8092348677574,1,0.002303881066152052,0.0031101720866159584,0,1
100,1,6.172894181002124,6.213826334028611,0,0.25427167015394175,1.6261432165196532,0.029204567417501985,8035.44248022504,80.35442480225039,0.0,228.87523787358526,109.35297830937526,47625.40177650008,172124.18746235842,4648.076465605566,17644.25413205464,18635.88777474276,26.206642876946784,26.206642876946816,0.0,50000,18855.503219815928,2330.862398588095,1,0.0034494487527942656,0.003528543959437453,0,1
101,1,6.106480826325078,6.031611808321796,0,0.2619531976212526,1.623201101478255,0.027342469290034782,6840.771132283789,68.40771132283788,0.0,232.0272673687642,109.48979373202094,47657.59644972419,172424.29465026848,4669.213797309786,17565.577365194193,18558.465330150008,21.631650640563358,21.631650640563365,0.0,50000,18889.70707547735,2363.526071711505,1,0.002948852078267614,0.0029007272990713103,0,1
102,1,5.97485070101001,5.919361265034396,0,0.2669206911450131,1.6429028967018384,0.03981195993787237,4703.528590083495,47.03528590083495,0.0,218.2221519070545,109.58386430382261,47678.57973332267,172698.19210449574,4749.115064029478,17271.41240450524,18788.021134148912,20.866570405409515,20.86657040540951,0.0,50000,18913.224718427766,2370.5813645966305,1,0.002002777644968436,0.002800359492010105,0,1
103,1,6.4092472104897045,6.389749371280515,0,0.2472710443231932,1.624247333980401,0.02800464175974749,11829.994501215699,118.29994501215698,0.0,242.88138989100938,112.84412970340848,48328.73780126724,176318.61520452405,4559.840832900207,17993.039931254305,18619.4558697934,24.893365196956058,24.893365196956083,0.0,50000,19728.291068324233,2370.5813645966305,1,0.005082852940040063,0.0033448275544253705,0,1
104,1,6.063213417304264,6.133056322434976,0,0.2576203310281521,1.600082167839337,0.012710232809706979,10305.258116050658,103.05258116050658,0.0,253.3712011273674,112.84412970340848,48329.00957136551,176416.3793576206,4653.367759539323,17633.070602486012,18978.933076956328,28.29907047177131,28.29907047177133,0.0,50000,19728.291068324233,2555.134941678178,1,0.004343872471340555,0.0038098343521163515,0,1
105,1,6.315273158732852,6.306910831145831,0,0.25051884231458965,1.6502705258652806,0.044475016370430685,5669.0264571417465,56.690264571417465,0.0,226.2666865027369,113.4732168352055,48459.26549041882,177430.51698950317,4630.911508394326,17721.62241950942,18742.289973274706,29.2671426325694,29.267142632569374,0.0,50000,19885.56285127349,2555.134941678178,1,0.0024197796385502144,0.0039488350166436105,0,1
106,1,6.452020201498201,6.392360950187682,0,0.2471700225178321,1.6463334961471565,0.041983225409592685,6773.760889934791,67.7376088993479,0.0,222.98551232278697,114.56035414570297,48825.23353113091,179164.70723942667,4576.505979078432,17935.43598450361,18472.200015549086,24.037258711280796,24.03725871128079,0.0,50000,20157.34717889786,2555.134941678178,1,0.002933602227881005,0.0032324181125905917,0,1
107,1,6.406228028969592,6.386632889173685,0,0.24739170505296154,1.6409540463047196,0.03857851031944276,9448.226626201318,94.48226626201318,0.0,236.97773246994137,115.00988775105297,48924.5462649977,179833.4535379728,4585.491224891168,17901.599668585073,18944.18332089235,23.191960663940478,23.191960663940456,0.0,50000,20269.73058023536,2555.134941678178,1,0.003989921958063598,0.003114434608164939,0,1
108,1,6.647844000421879,6.702832898982521,0,0.23572122769759654,1.6277411319705866,0.030215906310497778,7515.915123157875,75.15915123157876,0.0,234.92204047515963,116.04362112872366,49096.63465030295,181254.72281503683,4483.578741820613,18311.346597936703,19366.517930469447,24.844780485191844,24.844780485191844,0.0,50000,20528.16392465303,2555.134941678178,1,0.003104704790047176,0.0033427429919972596,0,1
109,1,6.389151093055242,6.42265932700484,0,0.2460040178928222,1.6091573242530088,0.018454002691777698,8838.956307249382,88.38956307249383,0.0,237.7833369027257,116.22040025486865,49130.351955468075,181679.79689678014,4547.547642173378,18056.015127172548,20086.71187003353,26.261784642690216,26.261784642690245,0.0,50000,20572.358706189276,2591.435056412875,1,0.003520319847047073,0.003538315531719282,0,1
110,1,6.238189615915593,6.248834908033647,0,0.2528471344264057,1.6281113997532348,0.030450253008376425,6529.89877360899,65.2989877360899,0.0,229.36427447174026,116.35099823034083,49159.60408085814,182040.2821771009,4629.481854080784,17738.08944128366,20515.348845009423,22.72507826893192,22.725078268931938,0.0,50000,20605.00820005732,2601.2299045732884,1,0.0025463466687079836,0.003057123768600744,0,1
111,1,6.434438511850869,6.433531902202737,0,0.24558827468610728,1.631972916334867,0.032894250844852535,6164.373510241572,61.643735102415725,0.0,223.36764299162598,117.20363603424468,49379.63606051967,183367.49321428034,4564.1471628025465,17995.227729665075,20172.48412012572,21.11506975111615,21.115069751116145,0.0,50000,20818.16765103328,2601.2299045732884,1,0.0024446661000333578,0.0028371108719294712,0,1
112,1,6.494005056753932,6.424877541753479,0,0.24591908401864826,1.6446546488470692,0.040920663827258966,9072.4044406907,90.724044406907,0.0,235.8728869072523,117.78193171571937,49498.5386213965,184162.50252025377,4561.103194946803,18009.75495562248,20415.636989476767,21.217198151702842,21.217198151702828,0.0,50000,20962.74157140195,2601.2299045732884,1,0.003555080625842659,0.002848697798194667,0,1
113,1,6.5812984404339545,6.6094659335634915,0,0.23905108459317584,1.6345321086353273,0.03451399280716912,9211.420461512756,92.11420461512756,0.0,244.2909456128107,119.18362729291725,49987.76891600338,186397.93007878016,4517.191506275214,18188.070615640176,20786.511789781336,23.654884356465498,23.65488435646548,0.0,50000,21313.165465701422,2601.2299045732884,1,0.0035451529548276004,0.003181633226901206,0,1
114,1,6.662854547738356,6.596236340598315,0,0.2395305320210351,1.652319850707126,0.04577205740957334,6768.060105689581,67.68060105689581,0.0,233.83417911212314,119.71957736866723,50127.143304101155,187309.82643701366,4514.031825598764,18202.491161112026,20576.256408574933,24.09511847510997,24.095118475109953,0.0,50000,21447.152984638917,2601.2299045732884,1,0.002631405818939568,0.0032438797998699423,0,1
115,1,6.7672377938933925,6.6565922068068595,0,0.2373586890878388,1.6649498657614137,0.0537657378236795,6965.638653754232,69.65638653754232,0.0,230.0147659830149,120.95044262031377,50457.62546641847,189106.15304866683,4496.651745075334,18276.773529955084,21014.47838604044,21.881726225893633,21.88172622589365,0.0,50000,21754.86929755055,2601.2299045732884,1,0.0026517483901504356,0.002942769054639201,0,1
116,1,6.539232010951557,6.558985775830758,0,0.24089090203887173,1.640931909658609,0.038564499783929715,19022.89670504088,190.22896705040878,0.0,276.7545776603639,121.33090055441458,50574.1727687045,189818.0932206779,4541.483358938514,18098.138736392222,21697.575521124698,30.3882300156095,30.388230015609523,0.0,50000,21849.983781075756,2629.76424963085,1,0.007013833112006543,0.004098995773698849,0,1
117,1,6.699939853957042,6.7594535039220665,0,0.23374670734597552,1.6256285914419728,0.028878855343020714,5563.8201392343335,55.63820139234333,0.0,239.02104442723248,121.97169055338978,50735.5942536997,191120.093756012,4466.083025074931,18406.718366240453,21351.473242865988,29.000856826949477,29.000856826949462,0.0,50000,22010.181280819554,2629.76424963085,1,0.0020846599486406244,0.003916747150265867,0,1
118,1,5.375568079799986,5.3634876695404925,0,0.29458443784123844,1.5043704331155774,0.047866814483811825,8149.684271754858,81.49684271754857,0.0,221.11431062264253,121.97169055338978,50713.6030350608,190969.41249986933,4796.990718840471,17141.09079762438,21178.588210884114,30.011667066052027,30.011667066052006,0.0,50000,22010.181280819554,3096.7768341609044,1,0.003078461771145469,0.004058984943930879,0,1
119,1,5.354547099499285,5.3634876695404925,1,0.29458443784123844,1.546292112755763,0.021334105850782988,5609.06814998146,56.0906814998146,0.0,215.49620408754515,121.97169055338978,50699.74751897176,190963.384500767,4873.1159806132255,16874.77341717361,21625.333590649676,17.976482462142364,17.976482462142364,0.0,50000,22010.181280819554,3288.8379225393933,1,0.0020749989826401383,0.0024127069008087437,0,1
120,1,5.546867452363137,5.538363222406587,0,0.2852828419789777,1.6126632835774393,0.020672964289518477,13425.843563531786,134.25843563531785,0.0,241.70602443128868,122.24020742466041,50723.46828849892,191309.41384917466,4890.029739235898,16819.5971706408,22120.255254654257,24.754173438173208,24.7541734381732,0.0,50000,22077.310498637213,3427.2391689610818,1,0.004855583593939548,0.003336348115908385,0,1
121,1,5.406938694345505,5.339793548470115,0,0.2958915893766493,1.62982617532372,0.031535554002354374,4794.548391071776,47.94548391071776,0.0,216.69919583326418,122.33609839248184,50718.63456084167,191477.26310635198,4979.365343601169,16519.01506874046,22402.66693929952,21.38367400531449,21.38367400531448,0.0,50000,22101.283240592573,3556.7741538009004,1,0.0017121348646793534,0.0028809058137530138,0,1
122,1,5.644572996817209,5.6243923715904645,0,0.2809192345791494,1.6152539191836972,0.022312607078289325,12803.17257008067,128.0317257008067,0.0,234.21190010511725,125.54606574888116,51165.48020652045,194392.5240953095,4852.526724806508,16957.35945405971,22222.12483300378,27.581771305207155,27.581771305207138,0.0,50000,22903.7750796924,3652.8241038897195,1,0.004609162324951284,0.003725626927856728,0,1
123,1,6.133517543859084,6.1291363560330465,0,0.25778509535764704,1.7159096399291314,0.08601875944881728,5511.0133305442105,55.110133305442105,0.0,218.78233966493704,127.09823873709166,51642.99370118269,196517.68961456837,4798.5009027157885,17152.23738252703,22017.142894628036,20.61713527484935,20.617135274849353,0.0,50000,23291.818326745026,3652.8241038897195,1,0.002002444497696872,0.002774580562442503,0,1
124,1,6.4900020399453435,6.39495861724725,0,0.24706962070696262,1.6573054447669224,0.048927496687925544,7017.675194168055,70.17675194168055,0.0,212.65258223554576,129.57175819745478,52045.080545575816,199372.94261180452,4585.273577859211,17955.91450446172,20851.848003866224,23.011973146228932,23.01197314622895,0.0,50000,23910.198191835807,3652.8241038897195,1,0.0026923945322704754,0.0031013337849728775,0,1
125,1,6.521866562483368,6.437670700289994,0,0.24543038523682592,1.6512283558646603,0.045081237889025474,6057.432951342847,60.574329513428474,0.0,213.66999229908475,130.30772027301134,52319.513864654335,200615.6609412408,4565.981275302695,18034.283688598774,21239.839394005387,17.343031726827014,17.34303172682703,0.0,50000,24094.18871072495,3652.8241038897195,1,0.002281536254196899,0.0023254584280547486,0,1
126,1,6.11813731034625,6.147337491083228,0,0.25702184112907506,1.6140420787588108,0.021545619467601716,7686.6314240255315,76.86631424025532,0.0,219.5645706770512,130.61723957143533,52415.20910269493,201242.92894474126,4661.149557928032,17668.407406945214,22008.165077869948,19.26635481184783,19.26635481184785,0.0,50000,24171.568535330945,3652.8241038897195,1,0.002794101697012345,0.0025893441611599065,0,1
127,1,6.364923206089665,6.3878855425420715,0,0.24734319196508897,1.6534226146865243,0.0464700092952685,5863.610354518366,58.63610354518366,0.0,214.62280123499016,131.51943166134572,52751.968168621315,202753.80758725977,4625.662646641083,17806.692167888323,22480.138455355307,17.776783481335908,17.776783481335922,0.0,50000,24397.116557808546,3652.8241038897195,1,0.0020866812243752935,0.0023874397251948455,0,1
128,1,6.464524253936868,6.36756539763508,0,0.24813251240212053,1.6382851880627731,0.03688935953340067,7077.406903873995,70.77406903873995,0.0,217.42214797559382,131.94249832134193,52826.59171303292,203387.267424389,4569.087728211435,18029.204348917287,22984.8694016052,18.215934723987182,18.215934723987193,0.0,50000,24502.883222807595,3652.8241038897195,1,0.0024633272541908736,0.0024480367251928374,0,1
129,1,6.263717603690501,6.300539572085784,0,0.25077217306913024,1.60694501577931,0.0170538074552594,6066.398342955559,60.66398342955559,0.0,216.90171364816007,132.06382628820103,52855.33156431091,203697.80657527733,4597.258019898663,17919.670993833985,22948.626198982776,16.562624570737743,16.562624570737746,0.0,50000,24533.215214522374,3661.923701404153,1,0.002114775251591996,0.0022215945767193874,0,1
130,1,5.8231448757944015,5.757681211739759,0,0.27441602650359004,1.527664636890542,0.033123647537631695,6164.212511120657,61.64212511120657,0.0,216.3657487078067,132.06382628820103,52856.22087313425,203725.1938169786,4649.114689582705,17721.473501362307,23193.420490911056,16.654286543562424,16.65428654356243,0.0,50000,24533.215214522374,3838.012890446171,1,0.0021261935085551574,0.0022347653381126755,0,1
131,1,5.82238009692363,5.788820534932099,0,0.27293988308423744,1.597548044303648,0.011106357154207581,3872.7561548397775,38.72756154839777,0.0,204.11941827116027,132.06382628820103,52827.88043995123,203732.09796997596,4754.797604966058,17329.205865681335,23871.360022549205,13.789958444915204,13.78995844491519,0.0,50000,24533.215214522374,3996.794981394231,1,0.0012978753288229981,0.0018462813629900503,0,1
132,1,6.018983980069755,5.976795631297868,0,0.26435570119316615,1.6322320412293334,0.03305825394261604,7668.734667311955,76.68734667311955,0.0,215.4214032912341,132.21720098154728,52860.58865073574,204040.06358502374,4727.187471104324,17431.87545683382,24018.897798738064,14.874565037309596,14.874565037309607,0.0,50000,24571.558887858933,4008.298083395199,1,0.0025542336643656865,0.0019927675005812803,0,1
133,1,6.08335672166373,6.05077395188255,0,0.26112362031115405,1.6323754561075268,0.033149022852864994,7990.4954048770915,79.90495404877092,0.0,225.40676239957395,133.2569509529343,53244.174167079975,205631.20646402985,4702.655521522953,17525.337672463305,24559.564604974752,16.041973393108634,16.04197339310866,0.0,50000,24831.49638070569,4008.298083395199,1,0.0026028133750412,0.0021516407894099617,0,1
134,1,6.222480293867137,6.1810641074333965,0,0.25561941642052854,1.651831184332204,0.04546277489379995,9906.219733949602,99.06219733949602,0.0,235.51892880331627,134.14747920716798,53449.63179985004,206800.2864649479,4677.6643700321665,17620.852929724006,25062.566617624394,20.586200316215447,20.586200316215464,0.0,50000,25054.128444264108,4008.298083395199,1,0.003162076697119566,0.0027730412455088172,0,1
135,1,6.0084794112589615,6.069315459603428,0,0.26032589845037285,1.6110766697128103,0.019668778299246962,6767.539539978242,67.67539539978242,0.0,224.22659343937502,134.44410459747567,53590.73524167747,207578.59745952958,4701.458148581515,17533.99761768215,25798.481098720906,19.45169550310902,19.45169550310902,0.0,50000,25128.284791841033,4008.298083395199,1,0.0020985854210816396,0.002621158497747469,0,1
136,1,6.108710473927552,6.096587085243327,0,0.2591613927445341,1.6328990983988754,0.033480442024604616,5483.06030852765,54.8306030852765,0.0,209.45693033588708,134.93099415952585,53690.40884871704,208363.22069635623,4694.5354685048405,17562.35765871843,26015.36076272263,17.197657888595483,17.19765788859549,0.0,50000,25250.007182353576,4008.298083395199,1,0.0016860993344775966,0.002315587150892934,0,1
137,1,6.129418720580082,6.049710895950684,0,0.2611695049853635,1.661989664963469,0.051892193014853684,13983.745354213126,139.83745354213127,0.0,240.67570080112827,137.14113892928393,54265.8049772131,210891.21369792987,4728.605999490279,17439.10130521785,26252.835070502555,19.91306536211246,19.91306536211245,0.0,50000,25802.543374793095,4008.298083395199,1,0.00426125264312505,0.002681979132894762,0,1
138,1,5.977248067250587,5.973705907701683,0,0.2644924314005755,1.6382218260734365,0.03684925700850405,4591.595875886589,45.91595875886589,0.0,213.62306507234226,137.6944738886213,54417.53786790512,211865.19561557044,4754.489856829358,17347.32430931602,26543.958240205327,18.13299820375027,18.132998203750255,0.0,50000,25940.87711462744,4008.298083395199,1,0.001383846624331058,0.002443732867311235,0,1
139,1,6.07184015973605,6.066196749003663,0,0.26045973537859707,1.6393780956220927,0.037581073178539634,6117.141631303574,61.17141631303574,0.0,198.7157449604826,138.3295227561359,54595.852270630516,212901.69440069195,4719.368690720082,17479.343185954527,26309.849890735575,18.53816430141829,18.538164301418284,0.0,50000,26099.639331506096,4008.298083395199,1,0.001860030872607172,0.00250171004668776,0,1
140,1,5.994977195835864,6.0307401641905996,0,0.2619910586401554,1.617522671465294,0.023748526243856878,7615.521070928885,76.15521070928885,0.0,208.8530144066642,138.48183317755448,54653.72045893671,213296.77915139485,4717.923283558947,17485.901740726124,26869.985096880755,13.69440404266587,13.69440404266588,0.0,50000,26137.71693686074,4019.721365001592,1,0.002267368900569415,0.0018370821325025485,0,1
141,1,5.887164374380632,5.879867456039494,0,0.26871354019674476,1.6093008949253111,0.018544870205893082,4566.3413868467605,45.66341386846761,0.0,197.24482671760572,138.7088992910723,54738.56303113509,213843.3879126308,4749.053890361257,17373.047491312125,27031.18202543909,13.598155576662636,13.598155576662643,0.0,50000,26194.483465240195,4019.721365001592,1,0.001351429288604359,0.001826276353926982,0,1
142,1,5.931631974994455,5.925756033406111,0,0.26663264418798893,1.624445271468178,0.028129918650745572,7605.746915993875,76.05746915993875,0.0,204.72350011201624,139.421322810405,54957.79910870132,214914.79531507078,4753.727917832081,17358.149894672497,27715.620000931638,14.417413502515583,14.417413502515567,0.0,50000,26372.58934507337,4019.721365001592,1,0.002195367641997751,0.001938055277057175,0,1
143,1,5.916300699506779,5.910797220248035,0,0.26730742759835335,1.6415307759478572,0.03894352908092225,14479.278583304544,144.79278583304543,0.0,237.65607323377856,139.7109083820711,55044.19581405863,215416.79371924492,4785.038921601033,17245.93259769295,28201.316017911147,18.932815029305853,18.932815029305853,0.0,50000,26444.985737989893,4041.4402828765487,1,0.004107405079708621,0.0025514006701035773,0,1
144,1,6.186412913320347,6.11708978036637,0,0.2582927595849949,1.6663899588886966,0.05467718917006107,10518.249701911433,105.18249701911432,0.0,237.74675305442054,141.98664475909496,55656.67873450363,218289.12074095107,4715.222369872037,17505.093812259176,28583.2300012683,22.80381828926922,22.80381828926924,0.0,50000,27013.919832245858,4041.4402828765487,1,0.0029438939410121852,0.003082222220906186,0,1
145,1,6.430548020579673,6.406467635587516,0,0.24662576787607599,1.6218157432487401,0.026465660284012687,11849.079738767736,118.49079738767736,0.0,238.40737988290073,144.5986997037348,56009.03220758888,221133.23880273622,4563.416117183346,18094.08164989925,28607.770703860606,25.52525664008128,25.52525664008124,0.0,50000,27666.93356840582,4117.128545632609,1,0.003313527603790171,0.003454942208170326,0,1
146,2,6.625820727784011,6.406467635587516,1,0.24662576787607599,2.7264992073977825,0.7256324097454319,9260.674839373321,92.60674839373321,0.0,240.35152764921756,223.3120888362534,53593.90011192769,223527.94907093587,7428.326939069838,18051.999601577187,28244.013714014363,21.919750631777404,21.919750631777408,0.0,50000,28234.62041801043,4117.128545632609,1,0.0026230478240501,0.0029601564562841526,0,1
147,2,6.932920455265791,7.023454954802452,0,0.22496050877633064,2.1723187579136236,0.3748852898187491,7831.912009773661,78.31912009773662,0.0,229.82597594971764,228.0112360421176,54141.81331219864,229411.64052674206,6483.723532915122,20692.699606759455,27788.93404454624,20.233937425604363,20.233937425604342,0.0,50000,29409.407219476478,4117.128545632609,1,0.0022546851195426047,0.0027304201824609586,0,1
148,2,8.914074988115832,8.843154361539035,0,0.17866927743247282,2.422611268829216,0.5332982714108961,16173.738774520178,161.73738774520177,0.0,262.3145762361365,237.7154793068297,56486.8744321352,243450.37196671267,6039.515920806183,22222.59035227043,27308.275126346674,23.749185134154462,23.749185134154473,0.0,50000,31835.468035654503,4117.128545632609,1,0.0047381209394410885,0.0032052846276779314,0,1
149,2,8.217428449133529,8.012691556994088,0,0.1971871734686774,1.8889593233532276,0.1955438755400174,8493.079689850367,84.93079689850367,0.0,247.8793386966785,242.81132712073992,57352.967698304004,250696.43205282875,5555.873860045627,24169.390707837363,26875.647467456463,23.504213049513982,23.504213049514007,0.0,50000,33109.429989132055,4117.128545632609,1,0.0025281116520476997,0.0031736392370104644,0,1
150,2,8.434589043421678,8.450878756349734,0,0.18696280535474916,1.8491677728418652,0.1703593498999146,8831.346218976141,88.31346218976141,0.0,235.37629723949544,247.25820330997496,58650.82429516557,257760.49751041806,5426.4347740508965,24751.538482477197,25910.71172798277,24.647709763738778,24.647709763738806,0.0,50000,34221.14903644082,4117.128545632609,1,0.002726701238218342,0.00333097794323571,0,1
151,2,7.218114364291283,7.09112114349481,0,0.22281384960535422,1.6310039381951442,0.032280973541230475,8262.946885951262,82.62946885951261,0.0,235.2383835844314,247.42346224769398,58671.183735028215,258139.93266066327,5509.340688546653,24381.946744885805,26912.983937272435,19.082491652473887,19.08249165247388,0.0,50000,34262.46377087057,4228.36825857092,1,0.0024561964307518377,0.0025703364403392936,0,1
152,2,7.321790079676353,7.246259602229451,0,0.218043526830571,1.7149038280413547,0.08538216964642695,11639.970309482767,116.39970309482767,0.0,249.35791278890275,250.5367609373314,59633.79543887695,262660.53106212517,5609.881246534552,23951.414760063493,27229.156002230717,21.267622597108268,21.267622597108254,0.0,50000,35040.788443279926,4228.36825857092,1,0.003419854896282258,0.0028675841884174794,0,1
153,2,7.500886806379219,7.579401662842302,0,0.20845972680744493,1.7376730703879515,0.09979308252401987,9785.66113154054,97.85661131540542,0.0,254.49837061189382,253.16416397234275,60440.40954180816,266642.5586381624,5579.622738888396,24085.151171363657,25785.79938046639,22.0461984440673,22.0461984440673,0.0,50000,35697.63920203277,4228.36825857092,1,0.003035984570314624,0.002970678632449573,0,1
154,2,7.831221323112586,7.780569960948196,0,0.20306995604823916,1.649803831823753,0.04417964039478027,9492.921404043998,94.92921404043999,0.0,252.9530738317468,256.86220663795893,60926.8881012558,271362.883479118,5321.736795592087,25261.002469344356,25848.434321349003,23.21559530482954,23.215595304829524,0.0,50000,36622.14986843682,4228.36825857092,1,0.002938025966610599,0.0031312884777358273,0,1
155,2,8.071996070556743,8.10848757958249,0,0.19485754704471717,1.6370581819046213,0.03611277335735519,13009.608516806742,130.09608516806742,0.0,269.8152508477794,258.0025996726255,61125.56821020659,273186.8349384314,5221.888233738673,25748.0532882373,25523.05580429845,24.845162917203737,24.845162917203766,0.0,50000,36907.248127103456,4228.36825857092,1,0.004077758906789128,0.003350589814571451,0,1
156,2,8.008469976966476,8.038440784781029,0,0.19655553139003934,1.648654236188429,0.0434520482205247,14636.711906339811,146.36711906339812,0.0,287.31743510390913,260.6694545178646,61662.66713198536,277071.68445851316,5261.801059354186,25559.62001227783,25529.751569738346,28.64314753369604,28.643147533696066,0.0,50000,37573.96183841323,4228.36825857092,1,0.004586558350591838,0.003867447741330522,0,1
157,2,7.71780998220142,7.660654101961161,0,0.20624870656873975,1.655313497061117,0.047666770291846135,11180.104823284553,111.80104823284553,0.0,275.63164518545227,260.8930566143303,61728.602411266445,277818.5212142877,5371.107824284814,25042.500804435214,26120.418392727137,29.80048752439689,29.800487524396914,0.0,50000,37629.86236252965,4245.138415805847,1,0.0034241732747734227,0.004029496844051462,0,1
158,2,8.266145696045683,8.414819154264174,0,0.18776398767873007,1.723048182011119,0.09053682405767019,14071.377646379895,140.71377646379895,0.0,284.89662987181293,266.26908882834175,63040.75798270682,285866.6827015013,5295.9330487534025,25406.69183516572,26184.319089148263,30.35124654084963,30.351246540849658,0.0,50000,38973.87041603251,4245.138415805847,1,0.004299176953495526,0.004103302859620262,0,1
159,2,8.198575767395756,8.122193065590762,0,0.19452874208242915,1.6752905797082787,0.06031049348625227,12327.908292620701,123.27908292620701,0.0,286.79296137766266,269.3627477880525,63571.58248238241,290155.79462340404,5244.1900893237425,25664.138691350723,26631.382206416056,28.197850022110966,28.197850022110956,0.0,50000,39747.2851559602,4245.138415805847,1,0.003703272536759478,0.0038088742550094756,0,1
160,2,8.088532968919298,8.029861691473041,0,0.19676553105239802,1.6558722271822615,0.04802039695079834,11261.11554182996,112.6111554182996,0.0,278.2041875518179,270.66417371415093,63785.476364536575,292244.93255760893,5249.51563813721,25642.606725873055,27297.82811354787,27.87515766934895,27.875157669348976,0.0,50000,40072.641637484805,4245.138415805847,1,0.0033002231518165616,0.0037675575473571886,0,1
161,2,8.25709828671331,8.277538380251318,0,0.1908780035100277,1.6473238188375083,0.04261001192247358,10316.251119626568,103.16251119626568,0.0,273.5019154134893,272.0138094403918,63989.962747590645,294394.30851503514,5182.757173111555,25978.21684187751,27185.106520781865,24.796300266520277,24.79630026652026,0.0,50000,40410.05056904502,4245.138415805847,1,0.0030358538008273704,0.0033464498298011367,0,1
162,2,8.502796931479685,8.50309405715961,0,0.18581471513532646,1.6192970504801993,0.02487155093683498,7942.280982081655,79.42280982081655,0.0,261.1350136355654,273.41894828367583,64241.25098531817,296943.38057160104,5064.2575361378995,26592.0038733639,27134.85457431038,21.466876772049098,21.466876772049112,0.0,50000,40761.33527986602,4245.138415805847,1,0.002341573185242252,0.0028925500459620612,0,1
163,2,8.412359590076782,8.426606639441763,0,0.1875013356627586,1.6198110289539673,0.02519685376833371,17656.980693854726,176.56980693854726,0.0,296.6192195813655,274.86513230235164,64460.33014835159,299195.7582004847,5092.815244447084,26449.130420960475,26998.722795061087,26.217143864931572,26.217143864931547,0.0,50000,41122.88128453497,4335.666557073062,1,0.005231945474719935,0.0035364574869298526,0,1
164,2,9.241345887506354,9.260965104910369,0,0.1706085685564509,1.5628055394809306,0.01088256994877815,19052.546581972063,190.52546581972064,0.0,324.6430618943999,280.14495272731637,65273.861468163144,307073.5012725451,4773.941222544605,28229.77073578383,27432.522072806623,32.38091353263127,32.3809135326313,0.0,50000,42442.83639077615,4543.415203669139,1,0.005556192472979659,0.004376570377647282,0,1
165,2,9.560488038667312,9.429436175077763,0,0.16756038968437792,1.673170884664132,0.058968914344387294,16126.29216461149,161.2629216461149,0.0,316.2673118843611,280.14495272731637,65271.89634226891,307657.26095473365,4856.938474301136,27752.51626340621,28025.85314137901,37.86430260755444,37.86430260755444,0.0,50000,42442.83639077615,4813.83819351421,1,0.004603261733588888,0.005130466560429494,0,1
166,2,9.31139032837612,9.187651654035903,0,0.17196995048304275,1.7008048239266456,0.0764587493206617,13687.324127147587,136.87324127147588,0.0,296.96461024753893,282.14855460980715,65820.55908162011,311628.0407489011,4962.495852309087,27168.15899964213,28799.737326160488,34.349405015741226,34.34940501574118,0.0,50000,42943.73686139885,4813.83819351421,1,0.003802069156989037,0.004653841121185861,0,1
167,2,9.217833572721638,9.22132418575313,0,0.1713419860502342,1.682968684534979,0.06517005350315118,10639.346044621394,106.39346044621394,0.0,274.3681163264438,283.8206048258638,66278.45015782719,315051.41473263496,4961.88418414928,27176.8708692554,29676.853480536916,27.76934853082707,27.769348530827052,0.0,50000,43361.749415413025,4813.83819351421,1,0.0028680523160176767,0.0037577944021985345,0,1
168,2,9.816432243543511,9.688899454830244,0,0.16307321666056887,1.6638582735060083,0.05307485664937232,9326.418659222789,93.26418659222789,0.0,262.1711136038696,287.468410414895,67027.23931228809,321593.561064623,4781.798707155091,28211.659465527428,29327.481607482805,22.747503821447957,22.74750382144799,0.0,50000,44273.70081267082,4813.83819351421,1,0.0025440762446764433,0.0030713992392277186,0,1
169,2,9.775027471097351,9.834821281444968,0,0.1606536565113729,1.6461576352267053,0.04187192102956029,14105.717075321709,141.0571707532171,0.0,281.8014710807904,291.2878002914143,67889.42230390715,328361.54851796606,4767.219330655653,28308.163763118424,29335.15291557721,22.88062791925403,22.88062791925402,0.0,50000,45228.54828180065,4813.83819351421,1,0.003846775127688244,0.003086301229460788,0,1
170,2,9.695772826869563,9.623398293943612,0,0.16418316604378277,1.6510976535904118,0.04499851493064035,15299.669293489598,152.99669293489598,0.0,300.2323454818226,293.24031412247865,68221.00291039741,331711.10131073784,4794.446565554646,28154.52170808705,29189.810475823746,26.12983315914465,26.12983315914463,0.0,50000,45716.676739566734,4913.718321529915,1,0.004193153444736872,0.00352800160570052,0,1
171,2,9.831133384567517,9.670846324769311,0,0.16337763489770782,1.6460488410782659,0.04180306397358595,11848.261325179177,118.48261325179178,0.0,289.5754453702684,296.19463706061885,68620.31282441459,336493.48363302834,4754.939215251517,28399.182633017495,29194.65319482699,27.82614929511827,27.826149295118245,0.0,50000,46455.25747410178,5105.0541896353625,1,0.00324669349448647,0.0037622073556371955,0,1
172,2,9.807680936153913,9.863095603593477,0,0.16019311416025916,1.6374996293895112,0.036392170499690596,12152.067613425648,121.52067613425649,0.0,285.7828907395759,296.7239960086498,68798.16164005666,338245.07082696323,4748.574600051418,28441.2306072961,29517.283988949403,26.47131223291666,26.471312232916645,0.0,50000,46587.59721110952,5105.0541896353625,1,0.003293546281012876,0.00357779774007874,0,1
173,2,16.779267301276025,16.750082063061498,0,0.09432789606949635,1.652486998746786,0.0458778473080924,13307.165738568005,133.07165738568006,0.0,296.841047238302,304.7082954517906,69589.00863789445,359136.4605384956,3648.7307812704926,37049.023160703626,28516.574769080988,25.37858325454689,25.37858325454691,0.0,50000,48583.67207189472,5348.058537404274,1,0.003733173663758878,0.003424471146419408,0,1
174,2,16.392497973321536,16.11393086445009,0,0.09805180457151724,1.6822960977137058,0.06474436564158591,9553.429203869433,95.53429203869433,0.0,281.20231615108275,305.3105288308426,69700.83848050665,361484.0653431557,3724.9819586216067,36296.677671872894,29825.713782389357,23.677819093339703,23.677819093339718,0.0,50000,48734.230416657716,5425.107106349962,1,0.0025624678821964076,0.0031963959423227206,0,1
175,2,17.060714610133058,16.89224168428668,0,0.09353406312376708,1.5830564674794256,0.0019344730882440264,23445.737721167905,234.45737721167905,0.0,328.59675354099136,309.71784170899576,70499.28536698691,373800.35637775663,3542.6887981522864,38179.81466828312,30557.661473036886,30.64792808901422,30.647928089014258,0.0,50000,49836.05863619601,5727.9766043588725,1,0.006138097378127101,0.004144579641360796,0,1
176,2,17.52247775585258,17.418310883213657,0,0.09070913997307711,1.7215281532269648,0.08957478052339542,16423.838512303908,164.23838512303908,0.0,335.762102408666,311.3505513936816,70867.27698188194,379469.83622464736,3645.7314005758262,37107.87259020852,29982.994146363908,32.24340866078888,32.24340866078888,0.0,50000,50244.236057367474,5727.9766043588725,1,0.004382174357138554,0.004360913205820688,0,1
177,2,18.120547244043195,18.052328672101943,0,0.0875233344516783,1.7493827661270105,0.10720428235886735,6596.96086560618,65.96960865606181,0.0,268.3710982415442,313.5159816744503,71355.4134189491,387492.01724417665,3614.58197008441,37440.75031754709,29707.780062295074,30.251859413877874,30.251859413877895,0.0,50000,50785.59362755965,5727.9766043588725,1,0.0017764937943590077,0.004098921843208221,0,1
178,2,18.770409657002176,18.702083085907006,0,0.08448256767667835,1.6831125640844464,0.06526111650914326,16798.68153482021,167.9868153482021,0.0,292.40098591171284,318.10889458692264,72306.06819493714,401647.0037224609,3484.0520157324736,38854.8484498875,30278.399301779595,26.138827707624916,26.138827707624934,0.0,50000,51933.82185567773,5727.9766043588725,1,0.004438459607429215,0.003532375919642259,0,1
179,2,19.23015010104208,19.08937293284143,0,0.08276856476944625,1.71180988221012,0.08342397608235437,16363.65460840655,163.63654608406551,0.0,313.62293541813,321.9201727167977,73122.1374885209,413845.74278897356,3471.9237309400323,39002.93787248482,30910.790170996494,25.798712004866218,25.79871200486621,0.0,50000,52886.6413881465,5727.9766043588725,1,0.00423506601232356,0.0034833398047039274,0,1
180,2,20.328066629447154,20.369407186121272,0,0.07756730402426908,1.6665047833985533,0.05474986291047675,8914.209574366836,89.14209574366836,0.0,274.375325374472,325.6639639840835,73663.45236040842,426382.76844666345,3332.787332463549,40653.42243898853,31010.49202722947,27.024370802661906,27.024370802661906,0.0,50000,53822.58920496795,6102.692342736442,1,0.0022996628538597868,0.003657729491204187,0,1
181,2,19.83028429294099,19.85852413963006,0,0.07956281085596492,1.6905381682122538,0.0699608659571226,14672.923164023507,146.72923164023507,0.0,286.5688519011625,327.1186929988326,74023.4707546522,432362.3372914595,3398.933780360313,39870.039271992995,31563.018653151896,25.282173237555963,25.282173237555927,0.0,50000,54186.27145865522,6102.692342736442,1,0.003719016441428555,0.0034179151025373004,0,1
182,2,20.14986267529527,19.92471556120344,0,0.07929849714274011,1.7045210300222067,0.07881077849506747,21526.658015982448,215.26658015982449,0.0,326.81108328039943,331.3018452009788,74950.20085685892,446396.2827522563,3386.2764293985033,40030.60322000257,31995.729334939984,28.115403146551056,28.115403146551092,0.0,50000,55232.05950919176,6102.692342736442,1,0.005382382827566904,0.003800354040951748,0,1
183,2,20.599709113393928,20.106223997910128,0,0.07858263193348626,1.6545189800214946,0.04716391140600917,15884.316261909484,158.84316261909484,0.0,320.52940385315435,335.2738788082916,75659.95588067707,459919.7710798555,3300.3193659383096,41090.86673562768,32060.9244380713,32.15624414669925,32.15624414669927,0.0,50000,56225.06791101996,6416.286895727887,1,0.003963532939941651,0.004354977402979037,0,1
184,2,19.527854921798586,19.52903379691638,0,0.08090518027827269,1.7213158408887268,0.0894404056257764,11937.120699934667,119.37120699934667,0.0,284.57908436263693,335.77482491205774,75805.151124312,463185.97716523503,3457.812676164275,39227.934050748736,33367.84848217139,30.01708765048808,30.01708765048811,0.0,50000,56350.3044369615,6416.286895727887,1,0.0028619455536817683,0.004069287107063441,0,1
185,2,19.356820122549188,19.121238982497264,0,0.08263062877077486,1.7155798435014928,0.08581002753259036,11507.00272491154,115.0700272491154,0.0,271.94146855196004,337.46866128934255,76216.25677231529,469702.5445837758,3467.5828515732205,39124.60138313615,34419.62443388924,23.405044417878784,23.405044417878763,0.0,50000,56773.76353128271,6416.286895727887,1,0.002674521390438381,0.0031666666280205998,0,1
186,2,19.43185950713186,19.54790048451263,0,0.08082709451338772,1.8301245747012898,0.15830669284891752,21601.42552680684,216.0142552680684,0.0,312.48857733030155,343.7038050887137,77838.67928084359,490117.2103742041,3575.079789240694,37959.40951322978,34796.50426506868,25.884626297815654,25.88462629781565,0.0,50000,58332.54948112549,6416.286895727887,1,0.004966343828622339,0.003500936924247496,0,1
187,2,19.583822197235783,19.54790048451263,1,0.08082709451338772,1.4423786229158881,0.08710213739500755,13838.775150270047,138.38775150270047,0.0,303.9337281239975,348.9845058483371,78547.66875392289,506986.7454060142,3162.5781220404033,42939.74317346691,34426.99036476305,26.74011227481543,26.74011227481545,0.0,50000,59652.72467103135,6842.518481548311,1,0.0032157966766527242,0.0036188872985711477,0,1
188,2,19.430885006622326,19.464411948038965,0,0.0811737854818257,1.678392131751425,0.06227350110849678,9061.723334391925,90.61723334391925,0.0,256.25571305192585,349.16574031502495,78581.28052825475,508785.03036276123,3425.3544883469044,39655.613197216626,36297.00987531768,25.027511137822312,25.027511137822284,0.0,50000,59698.03328770331,7068.23607074563,1,0.001997238530781344,0.0033931263453521356,0,1
189,2,20.514059029002873,20.18728466707827,0,0.07826708871731958,1.5557221742304168,0.015365712512394469,23775.95125665673,237.75951256656728,0.0,305.8331105201075,356.44640195406475,80022.59084130693,532449.3322668712,3210.452118851008,42333.65402050414,36053.076201944044,25.83237501522287,25.832375015222897,0.0,50000,61518.19869746327,7240.941144094394,1,0.005275766455762171,0.0034962672210654133,0,1
190,2,20.91085708089059,21.349926353471957,0,0.07400493911975757,1.6751745989756153,0.060237087959250125,11298.917837191662,112.98917837191662,0.0,280.53419209443024,356.6723803108086,80131.62712847721,535279.9484322831,3300.000110032222,41193.21693989672,36979.97999230385,23.922412632895718,23.922412632895725,0.0,50000,61574.69328664923,7257.889520850182,1,0.0024443318443207714,0.0032391122769547622,0,1
191,2,20.957690674637817,21.129006462187817,0,0.07477871724955674,1.7097448213967852,0.08211697556758552,9244.115047318148,92.44115047318148,0.0,236.23328433488763,359.45521900703955,80856.41205615975,547217.8943396059,3330.869805428459,40829.09811221491,37615.76363079522,23.798753253676526,23.79875325367653,0.0,50000,62270.40296070697,7257.889520850182,1,0.0019660087484705885,0.003228702349517844,0,1
192,2,20.628489045924194,20.62167022524397,0,0.0766184301631323,1.690375580213654,0.06985796216054044,15427.124203035519,154.27124203035518,0.0,260.56292608080366,362.5350918503735,81524.06091755723,558069.5181133443,3338.744087176556,40744.34500571794,36299.778432464605,19.26701121124804,19.26701121124806,0.0,50000,63040.37117154046,7257.889520850182,1,0.0033999379322356004,0.0026034261750089867,0,1
193,2,21.156528979393396,21.19500331226818,0,0.07454587181335602,1.6795104843847817,0.06298131923087442,17023.064558493774,170.23064558493775,0.0,283.5253522419922,366.2796430761979,82302.20106613125,571457.0796777611,3286.7106717494644,41402.17653908869,36541.258852946004,22.409058818720805,22.40905881872083,0.0,50000,63976.50897799656,7257.889520850182,1,0.003726869865540246,0.003030938848748811,0,1
194,2,20.18260937620179,20.039968474693172,0,0.07884243939780904,1.6618827879102658,0.05182454931029475,14880.045369844358,148.8004536984436,0.0,279.4476617420227,367.69256454907315,82525.78388721822,577168.8618006181,3347.9146136308837,40658.494909111556,37642.29265899429,25.30806420181587,25.30806420181591,0.0,50000,64329.73934621537,7447.246658695512,1,0.0031624100061373723,0.003429739267971073,0,1
195,2,20.240659274269387,20.35656674389373,0,0.07761623165035655,1.7007514028231376,0.07642493849565668,10357.693819635198,103.57693819635199,0.0,248.29898828735594,369.1532676035637,82938.69695623577,583993.8359049569,3382.3885607106417,40253.839730420565,39254.64919630045,22.131245114171175,22.131245114171175,0.0,50000,64694.915109837995,7447.246658695512,1,0.0021108722725483144,0.0030000507147419776,0,1
196,2,18.890033221378236,18.691819469285225,0,0.08452895677685567,1.6828669034627213,0.0651056351029881,10659.521971306422,106.59521971306422,0.0,236.91791927415284,369.3664580429898,82998.61582171266,585752.6345140281,3483.0258935853235,39096.65981627337,41128.16246818327,18.087246115030435,18.08724611503043,0.0,50000,64748.21271969453,7463.235941652472,1,0.002073425376988846,0.002448902551891511,0,1
197,2,18.071172007692905,18.119245994797254,0,0.08720009654119604,1.6661675761509263,0.05453644060185201,15445.600522137045,154.45600522137045,0.0,257.6024727546792,370.58308455623137,83314.90575845528,590573.3632909809,3543.6740806561393,38434.51569179938,42695.6317229575,17.44428677110076,17.444286771100746,0.0,50000,65052.36934800492,7463.235941652472,1,0.002894085394470353,0.002359461014669171,0,1
198,2,18.787021872907896,18.764713819381516,0,0.0842005913443809,1.7663354031432639,0.11793379945776189,18447.168713727602,184.47168713727604,0.0,283.1029041477517,374.9481345864402,84489.40284386714,605188.9966832721,3578.86990755562,38065.42467183165,42228.005742261485,20.836261861262095,20.836261861262116,0.0,50000,66143.63185555712,7463.235941652472,1,0.0034947743118763116,0.00282076169444517,0,1
199,2,18.952988391859726,19.0053162863128,0,0.08313463328878563,1.6846694967438842,0.06624651692650896,11878.218309439217,118.78218309439217,0.0,260.4144228143363,379.0706751231678,85379.75264924212,619211.7015553111,3480.5374899972626,39156.99000477565,42511.284751814266,21.209061500860432,21.209061500860436,0.0,50000,67174.26698973903,7463.235941652472,1,0.0022353063905333585,0.0028747220322933413,0,1
200,2,19.939294239754773,19.871077860225515,0,0.07951254638091729,1.8393877039229556,0.16416943286263005,13865.405209423396,138.65405209423395,0.0,259.29850555850226,383.7075742258183,86643.05397732407,635558.9788738679,3546.233369505929,38441.80889467197,42230.14449855223,20.558793366600163,20.558793366600135,0.0,50000,68333.49176540166,7463.235941652472,1,0.0026266365647692707,0.0027855724223929804,0,1
201,2,19.104716754737964,18.693822572235273,0,0.08451989922845807,1.5941456746687992,0.008952958651138685,12733.595455193556,127.33595455193556,0.0,261.50104495725657,386.2754333488667,87020.22506413353,643902.2504269518,3373.314907403181,40426.81095870507,43654.42471694358,17.727620280710777,17.72762028071078,0.0,50000,68975.45654616378,7643.655100975699,1,0.002333526653989101,0.0023984898697639104,0,1
202,2,19.215290586811964,19.071286644206666,0,0.08284705848516837,1.6958888544732227,0.07334737624887507,10898.1923777519,108.981923777519,0.0,250.32210069181008,386.49339719642177,87075.78135606811,645719.6506371236,3469.5471913189144,39311.74929890011,44403.971719490895,17.053253963052583,17.05325396305256,0.0,50000,69029.94750805254,7660.0023895423265,1,0.0019634626283609124,0.0023078752823730946,0,1
203,2,19.843355513854927,19.989197933165055,0,0.07904269122166953,1.7583724750133807,0.11289397152745607,9724.731132854653,97.24731132854653,0.0,241.3886361162728,389.3648302877561,87831.7031758855,656387.6209329712,3476.997826593789,39238.16197900642,44951.33891794544,14.863412892205126,14.863412892205108,0.0,50000,69747.80578088613,7660.0023895423265,1,0.0017307126091360724,0.0020092339638286953,0,1
204,2,20.01743296503185,19.829363954133072,0,0.07967981240622081,1.6801415113864069,0.06338070340911824,9397.151473317765,93.97151473317764,0.0,239.02754497129627,392.5255038860583,88440.98378530596,667118.7055085207,3384.537741072298,40323.83992085869,45434.259408310885,13.207468202436495,13.207468202436475,0.0,50000,70537.97418046168,7660.0023895423265,1,0.0016546371122930776,0.001782937449930021,0,1
205,2,19.805527836724455,19.892442375680513,0,0.07942714977682316,1.6526753751612573,0.04599707288687165,8203.991011387554,82.03991011387554,0.0,233.19088266928554,394.08063810222967,88740.89820668439,673015.9071646796,3375.1091525809716,40447.03471600013,46504.172228238196,11.854904401814794,11.8549044018148,0.0,50000,70926.75773450453,7660.0023895423265,1,0.001411312683278932,0.0015988874682360272,0,1
206,2,18.579864049502046,18.352921322538734,0,0.08608983672041595,1.6633900308091996,0.05277850051215157,12226.010750284046,122.26010750284046,0.0,247.68957642245172,394.3251583172354,88801.35844039336,674505.3177672824,3496.141863327315,39051.47879646353,48956.500204450975,12.506597236719127,12.506597236719116,0.0,50000,70987.88778825595,7801.680153430827,1,0.001997856987199015,0.001687935594257008,0,1
207,2,18.675703021309992,18.881555229166867,0,0.08367954762324503,1.5762790109771643,0.00235505634356696,16840.531018343136,168.40531018343137,0.0,274.94585277113686,396.3797707440737,89092.81212386637,681352.2696163589,3395.2333365962327,40226.615364886864,50284.031314556145,15.014767927611283,15.014767927611302,0.0,50000,71501.54089496552,8045.048590341489,1,0.002679265059397601,0.0020294782432918493,0,1
208,2,17.67659940236533,17.669792772236953,0,0.08941813978048006,1.6557275995718008,0.04792886048848149,12294.031558040255,122.94031558040255,0.0,265.02757397792567,396.3797707440737,89089.97389938962,682224.5818306028,3577.010716722239,38188.277778191834,51459.849287495774,16.219668764513237,16.219668764513216,0.0,50000,71501.54089496552,8430.839949992123,1,0.0019112425284195432,0.0021961215250053865,0,1
209,2,17.97471927760825,17.840572055932874,0,0.08856218259405935,1.6826468573153988,0.06496636538949284,11650.266238098764,116.50266238098764,0.0,252.57669651550077,398.5999258322588,89592.0688178994,689917.5881563338,3576.4915208701764,38205.53956815053,51665.20181275336,15.738317525797221,15.738317525797212,0.0,50000,72056.5796670118,8430.839949992123,1,0.0018039633376944156,0.0021314903085038533,0,1
210,2,18.171518437681453,18.380505098625775,0,0.0859606409901178,1.6007356617665998,0.013123836561139043,14487.20009978637,144.87200099786372,0.0,266.3758113680938,400.5852430050348,89869.8318531316,696372.122586483,3469.9436835469314,39390.729605974855,52519.3838958631,14.595239734816339,14.595239734816326,0.0,50000,72552.9089602058,8686.647480105625,1,0.0022067585756164994,0.001973988147243486,0,1
211,2,18.281128564782673,18.34234062654364,0,0.08613949725225059,1.6939902756120981,0.07214574405828991,16823.323064155447,168.23323064155448,0.0,284.79299534554457,402.62278275521385,90306.1532496584,703302.0499756595,3559.301739742977,38411.113476778744,53612.22975656624,16.06188393967636,16.06188393967635,0.0,50000,73062.29389775057,8686.647480105625,1,0.0025103709568572814,0.0021736976233893987,0,1
212,2,17.113433220147833,17.161672524102745,0,0.09206561876652558,1.7002787289363765,0.07612577780783321,14873.458869855163,148.73458869855165,0.0,282.36296834565775,402.92025193261094,90377.05811959834,705386.9952955418,3685.8629409909927,37098.48757487301,55794.98369475434,16.852360572554772,16.8523605725548,0.0,50000,73136.66119209984,8708.957668410407,1,0.002132587252105034,0.0022832389281929382,0,1
213,2,16.626577206993353,16.373411841202202,0,0.0964979086413788,1.7056357088726677,0.07951627143839722,11408.558594895165,114.08558594895165,0.0,258.8066613828439,403.52518586131686,90518.20391586963,708086.1973460283,3745.5983898705636,36512.18164090518,57290.562527787595,15.33924701502179,15.33924701502181,0.0,50000,73287.89467427632,8708.957668410407,1,0.0015930803387537598,0.0020786795159053583,0,1
214,2,17.389112530427468,17.428608338014485,0,0.09065554571868921,1.8721402197190458,0.18489887323990234,18893.741308517558,188.9374130851756,0.0,285.04806096749417,410.54775581058806,92364.44290765999,728567.1042290415,3837.7358576046195,35646.272638679955,57520.80884230687,15.640845035230203,15.640845035230203,0.0,50000,75043.53716159413,8708.957668410407,1,0.0026277434811898693,0.0021178036906828878,0,1
215,2,16.540897323883485,16.503305846293003,0,0.09573839415664116,1.6813778847066179,0.06416321816874544,14058.60995074438,140.5860995074438,0.0,284.5202004833655,415.406310585361,93487.5423146204,742823.5987987032,3729.783089523866,36692.50064802423,57625.73977904581,15.20005288950859,15.200052889508605,0.0,50000,76258.17585528737,8708.957668410407,1,0.0019517125513215815,0.00205751212375507,0,1
216,2,16.918909408447785,16.665525772716144,0,0.09480648984904434,1.7070689048596874,0.08042335750613124,11660.174605290365,116.60174605290365,0.0,264.03876286914704,417.3094345290454,93913.30155652166,749095.2517262271,3716.329804202986,36832.87013794732,57024.701681704275,15.292810527098117,15.292810527098105,0.0,50000,76733.95684120846,8708.957668410407,1,0.0016358068361846632,0.0020717542895653716,0,1
217,2,16.33704289171675,16.506820406271704,0,0.09571800995664102,1.6400320187946207,0.03799494860419026,15096.43657773864,150.9643657773864,0.0,277.0740411808986,418.983959900933,94161.92096099202,754125.1410861559,3707.4639894016045,36931.59494463156,58545.71299140373,13.921991925729012,13.92199192572903,0.0,50000,77152.58818418036,8977.01527899711,1,0.0020628580036191895,0.0018834591303751446,0,1
218,2,15.89746271898892,15.8657147154939,0,0.09958580677471955,1.6901634492169313,0.06972370203603241,10746.291872779102,107.46291872779102,0.0,263.76990897494863,419.1988857383886,94229.41925982843,755630.6161384817,3815.651226221708,35889.53077030978,60490.96262439119,12.61751875063442,12.61751875063443,0.0,50000,77206.31964354427,8993.13471680628,1,0.0014212095700320007,0.0017066248032786178,0,1
219,3,16.15717894263492,16.20363409783342,0,0.09750899029565603,3.5227878698928636,1.2296125758815593,20934.704479272157,209.3470447927216,0.0,612.9050401425718,626.8530010243051,90523.71284693279,770327.2407263975,8396.580664802503,38510.70837018875,60930.55477083351,15.533470281877042,15.533470281877031,304.65277385416755,49695.34722614583,78677.23444151692,9228.804050584684,1,0.0027486642205060995,0.0020775772647190966,1,1
220,3,15.380402051703463,15.397073990754535,0,0.10261689986998446,2.226515890232783,0.40918727229922974,14054.941320471748,140.54941320471747,0.0,608.21385299892,635.2859658165881,91332.36204932298,792425.3265337262,6844.4971326777095,47280.6496482307,60130.36832100677,15.066048477165198,15.066048477165214,304.65277385416755,49695.34722614583,80785.47563958768,9228.804050584684,1,0.0018699291839277296,0.0020132676581552764,1,1
221,3,15.641331386549213,15.791689985027896,0,0.10005262270839906,2.067545333682113,0.3085729960013373,6663.229208532765,66.63229208532765,0.0,551.8910364587057,639.2839033417079,92617.10341898078,805292.1713012189,6541.1662802332985,49485.03318253292,59845.4452584144,13.74260886262872,13.74260886262874,304.65277385416755,49695.34722614583,81784.96002086758,9228.804050584684,1,0.0008907249906502651,0.0018364394650280313,1,1
222,3,15.658738257888404,15.62905269356419,0,0.101093779065101,1.878882298655718,0.18916601180741646,8419.432317359375,84.19432317359374,0.0,543.0166691177716,644.3355627321234,93996.40962869635,819824.5183728496,6232.813324018322,51944.70804313321,59993.626805012005,9.779890283016128,9.779890283016123,304.65277385416755,49695.34722614583,83047.8748684715,9228.804050584684,1,0.001122710229834746,0.0012944548014709137,1,1
223,3,11.751303315294928,11.552799873154072,0,0.13676338353887182,1.4969064243949601,0.052590870636101225,15558.280607647659,155.5828060764766,0.0,574.4037156774405,644.3355627321234,93989.07803021732,819730.5504202034,6422.410851142032,50418.44747090097,60906.365426682685,10.216267964654854,10.216267964654858,304.65277385416755,49695.34722614583,83047.8748684715,9997.939036898964,1,0.002043567104837509,0.0013523341084408398,1,1
224,3,11.45326619549321,11.508694648347031,0,0.13728750725234787,1.5359574449426805,0.027875034846404793,15848.175646190246,158.48175646190245,0.0,593.4270570432687,644.3355627321234,93970.92888540907,819783.5282828124,6590.122908210837,49140.96557640848,59798.812788605064,13.225975993611621,13.225975993611607,304.65277385416755,49695.34722614583,83047.8748684715,10763.455557741967,1,0.002120199369471119,0.0017621589013811247,1,1
225,3,11.362502320824872,11.27866247079742,0,0.140087532904803,1.6438047638849245,0.040382761952483796,7430.934365441824,74.30934365441824,0.0,547.4288264872388,644.6872133201548,94097.85900150922,821434.3695107723,6845.286622451561,47316.80236191499,62222.24680430723,12.777777262973776,12.777777262973764,304.65277385416755,49695.34722614583,83135.78751547933,10763.455557741967,1,0.0009554054695340807,0.0017063906479475699,1,1
226,3,10.99696664796827,11.139445399901842,0,0.14183830013780782,1.6060036704045657,0.01645801924339597,9453.33732211881,94.5333732211881,0.0,533.1803914106808,645.4318320882579,94440.99734103985,824419.8890918386,6878.2986862662465,47098.53572662099,64994.16745754137,10.614807337298554,10.61480733729857,304.65277385416755,49695.34722614583,83321.94220750511,10763.455557741967,1,0.0011635920811872082,0.001413065640064136,1,1
227,3,9.9900656325337,9.960312095128458,0,0.158629567518549,1.5980597151414795,0.011430199456632541,18163.52205575825,181.6352205575825,0.0,570.2699121024607,645.4318320882579,94418.05410920756,824494.8448024701,7199.231190276347,45005.07172116351,67222.17410660209,10.725789591836621,10.725789591836618,304.65277385416755,49695.34722614583,83321.94220750511,11311.752557395288,1,0.0021616107836029486,0.0014268694447747458,1,1
228,3,10.186416519102352,10.315141070841415,0,0.1531728930461557,1.6149634917891864,0.022128792271636923,13131.819803716287,131.3181980371629,0.0,567.0472897137911,646.6374442075763,94841.70996984375,828057.1849062111,7167.7224970634825,45210.5618607755,69415.96822410573,12.072111104520664,12.072111104520646,304.65277385416755,49695.34722614583,83623.34523733472,11311.752557395288,1,0.001513406225071547,0.001612869696620568,1,1
229,3,9.878591791519296,9.92770072374208,0,0.1591506476642102,1.6381901428158665,0.036829204313839514,9511.759286093813,95.11759286093813,0.0,531.9942823302067,647.0690300537576,94946.88992806374,829560.0875246222,7331.2332738350315,44208.70260892553,71574.5699941439,11.800819666746444,11.800819666746461,304.65277385416755,49695.34722614583,83731.24169888005,11311.752557395288,1,0.0010631439950666332,0.0015793870012470429,1,1
230,3,10.161400822032359,10.141123776220681,0,0.15580127359305565,1.615428859390661,0.022423328728266374,10895.421084949052,108.95421084949052,0.0,530.2395913726267,648.9848072736722,95553.96487655633,834437.5485371058,7178.8234935743,45156.36979293947,72916.22359923669,9.443813744954813,9.44381374495482,304.65277385416755,49695.34722614583,84210.1860038587,11311.752557395288,1,0.0011953906055072341,0.0012573136085484715,1,1
231,3,10.080231817300822,10.211501235017987,0,0.15472749438464098,1.6074676086548607,0.017384562439785214,12841.662936643028,128.41662936643027,0.0,542.7843231075913,649.7234934286336,95878.78560128415,836960.1126737723,7190.361401006681,45089.87265564338,73851.95660410855,9.148967958120933,9.148967958120949,304.65277385416755,49695.34722614583,84394.85754259903,11311.752557395288,1,0.0013910708424944957,0.0012165351476894541,1,1
232,3,9.869701421262452,9.961809148696027,0,0.15860572878038098,1.6213715472888264,0.026184523600522976,14466.453137658486,144.66453137658485,0.0,554.9814073107234,650.0128224913867,95967.87032334974,838033.5719767805,7298.392322332616,44427.17228947736,76704.68041932402,10.229212070713292,10.229212070713297,304.65277385416755,49695.34722614583,84467.18980828732,11333.452237101776,1,0.0015087948280156304,0.00136508542533912,1,1
233,3,8.961964393285642,8.925612069667268,0,0.17701867251988912,1.5882794726932112,0.0052401725906399774,10560.537207027139,105.60537207027139,0.0,538.2338400901298,650.0128224913867,95941.15601928743,838261.6677899259,7581.071815859712,42776.66295181004,78158.16434220277,9.937983637870284,9.93798363787029,304.65277385416755,49695.34722614583,84467.18980828732,11713.093217331925,1,0.0010809401470371848,0.0013269352725157706,1,1
234,3,9.393105525937207,9.26508956878557,0,0.1705326201403469,1.650484935307949,0.04461071854933472,9445.246871385723,94.45246871385723,0.0,523.2165995787211,652.1541427716282,96483.23845380236,842741.3312340204,7549.667089514451,42966.05084994194,78077.17653674773,8.901230166047288,8.90123016604728,304.65277385416755,49695.34722614583,85002.51987834772,11713.093217331925,1,0.0009677857002874823,0.0011858402251134325,1,1
235,3,9.546484743378343,9.615185234415236,0,0.16432340734786588,1.6200478781268346,0.025346758308123114,17130.056497140155,171.30056497140154,0.0,552.3400764662277,654.9968906369496,96911.79565165513,847462.309369011,7420.115278098542,43724.644347165704,79713.90440327175,9.421416459984028,9.421416459984037,304.65277385416755,49695.34722614583,85713.20684467808,11713.093217331925,1,0.0017191536784327505,0.0012559598419191393,1,1
236,3,9.85824512799271,9.88166968535663,0,0.15989200715151994,1.6501075607122324,0.04437187386850148,14703.641765989105,147.03641765989104,0.0,563.1078514390842,657.3518855781399,97487.56472261794,852250.7352245648,7369.905971876923,44030.062870362475,78075.12183106823,10.467567229243135,10.467567229243135,304.65277385416755,49695.34722614583,86301.95557997563,11713.093217331925,1,0.001506614800837941,0.001397851393186058,1,1
237,3,10.394579541545735,10.467835647965305,0,0.1509385562723383,1.695192667258803,0.07290675142962205,11760.65647821657,117.6065647821657,0.0,544.6687983070366,660.2518547939981,98432.90979443444,859053.1210959854,7275.357129054951,44611.02258860116,78305.00753323389,11.026959732438176,11.026959732438183,304.65277385416755,49695.34722614583,87026.94788394017,11713.093217331925,1,0.0012015227989832105,0.0014757637594179675,1,1
238,3,10.806565157186864,10.7152895385855,0,0.14745285176946998,1.6658924058534983,0.054362282185758365,22254.409095435254,222.54409095435255,0.0,582.2861520899788,666.38594488841,99681.62127727947,870116.3841286427,7074.294360747386,45890.612552116574,79494.80090015984,12.306811953073304,12.306811953073318,304.65277385416755,49695.34722614583,88560.47040754315,11713.093217331925,1,0.002239583856396879,0.0016492404854060103,1,1
239,3,10.308141315824834,10.237220801057623,0,0.15433876348908757,1.6482707810201989,0.04320935507607518,12981.899425145557,129.81899425145556,0.0,562.6981348196656,666.9075286801478,99782.11522759806,871744.0462329825,7205.301707460003,45061.3267424908,80530.96372083802,11.766498987811094,11.766498987811088,304.65277385416755,49695.34722614583,88690.8663554776,11713.093217331925,1,0.0012896306042130613,0.0015769124198643837,1,1
240,3,10.653740865339932,10.622350460958497,0,0.14874297414749676,1.6747134240399613,0.05994520508858303,9117.860385705531,91.17860385705532,0.0,517.2122584603862,668.7278863471633,100400.22444422878,876744.192976252,7144.769186081719,45451.66854133011,81466.09764338535,10.998237608468104,10.998237608468092,304.65277385416755,49695.34722614583,89145.95577223148,11713.093217331925,1,0.000895377159281016,0.0014748638732969856,1,1
241,3,10.837820559163834,10.906870842126018,0,0.1448628138051756,1.6221522027853463,0.026678609357814086,6262.9473436261105,62.62947343626111,0.0,492.69627348298684,670.1460800080945,100923.796964812,881324.6778835042,6972.633354129102,46585.116357846186,80248.8578728326,7.060205662542222,7.060205662542229,304.65277385416755,49695.34722614583,89500.50418746426,11713.093217331925,1,0.0006243525462805487,0.000936453436591542,1,1
242,3,11.141012620842401,11.26501054928772,0,0.14025730318556182,1.5929060582378771,0.008168391289795601,12120.170994206248,121.20170994206248,0.0,511.0233611028874,671.7307103465309,101492.4609933747,886012.1286110469,6815.491617504262,47668.522406059754,82321.46772598763,6.79066130930126,6.790661309301268,304.65277385416755,49695.34722614583,89896.66177207338,11713.093217331925,1,0.0011778381828223983,0.0008991892961279878,1,1
243,3,11.558873300296415,11.780661285974631,0,0.1341181077738867,1.636728559872793,0.03590415181822336,11255.302442916307,112.55302442916307,0.0,521.5536243375028,674.0923106239255,102327.83942012576,892633.1245158771,6783.481139047386,47906.17145905558,82023.51252222253,7.288643749348576,7.288643749348569,304.65277385416755,49695.34722614583,90487.06184142201,11713.093217331925,1,0.0010977635165152844,0.0009666514152060771,1,1
244,3,11.568340747739096,11.697173247812355,0,0.13507536962363936,1.6088082877738856,0.018233093527775666,10994.944945861433,109.94944945861432,0.0,518.6940421026751,675.2507693532863,102644.3127518837,896170.1440703388,6723.200814470135,48344.03112435906,84849.87371080762,8.282938099630814,8.282938099630806,304.65277385416755,49695.34722614583,90776.6765237622,11713.093217331925,1,0.0010366492691159747,0.0011040836561512191,1,1
245,3,10.886974087438102,10.959642319041759,0,0.1441652887936716,1.5995093273983902,0.012347675568601377,11340.588076469692,113.40588076469692,0.0,522.4027220027907,675.2507693532863,102631.20664969545,896500.004268396,6910.669670397322,47037.100903207756,84083.4480583758,8.046036926177974,8.046036926177973,304.65277385416755,49695.34722614583,90776.6765237622,12020.755350442141,1,0.0010789841128871283,0.0010711322995061291,1,1
246,3,17.232958544660665,17.215770762188683,0,0.0917763149745339,2.43310979748723,0.5399429098020442,14191.699002665046,141.91699002665047,0.0,538.2197831105683,683.7657887548853,105060.42499287082,921216.4895447704,6775.262798227915,47987.075244867185,82962.6952055704,8.714826219696478,8.714826219696478,304.65277385416755,49695.34722614583,92905.43137416196,12020.755350442141,1,0.0013684896776798223,0.0011613743532276418,1,1
247,3,16.7687035470367,17.133915552080605,0,0.09221476522382752,1.9100476911359396,0.20889094375692377,8172.958954997465,81.72958954997465,0.0,516.8668603324672,688.6695641278837,106075.88748785513,937018.6729883857,6086.745706605678,53436.79887886363,81288.28871415673,8.144837488011941,8.144837488011934,304.65277385416755,49695.34722614583,94131.37521741158,12020.755350442141,1,0.0008043430692691265,0.0010839389532786923,1,1
248,3,17.522147101545677,17.65286801920016,0,0.08950386975541377,1.6344557650175207,0.034465674061721886,16143.998212264649,161.43998212264648,0.0,539.9142102820517,697.9866038059317,107901.66446273915,964052.4833557837,5509.4060142964545,59063.466072823394,80794.59154594537,9.42087804900318,9.420878049003175,304.65277385416755,49695.34722614583,96460.63513692358,12020.755350442141,1,0.001598522663793312,0.0012571184702474204,1,1
249,3,18.33298594889525,18.534211790671257,0,0.08524775792166432,1.620530714555562,0.025652350984532914,14332.26542785752,143.3226542785752,0.0,551.8909398699163,700.1969193920396,108236.72106777663,971437.6140377497,5363.729008348102,60679.608020077496,82009.18370913426,9.49468003366024,9.49468003366023,304.65277385416755,49695.34722614583,97013.21403345054,12020.755350442141,1,0.0013981132141190843,0.0012669929823938407,1,1
250,3,18.29689952636028,18.034006083489654,0,0.08761225834599827,1.6759226434707208,0.06071053384222833,9770.65259862582,97.7065259862582,0.0,521.528918961134,701.4697191522993,108552.12352757822,976753.2868566066,5460.525042715797,59615.32798485075,84668.55819216686,9.763071863460935,9.76307186346093,304.65277385416755,49695.34722614583,97331.41397351545,12020.755350442141,1,0.0009231906442956064,0.001306608840736001,1,1
251,3,18.149690807503518,17.967601887195745,0,0.08793605345440984,1.6552167474733548,0.047605536375540956,12687.524337996281,126.87524337996281,0.0,524.7350531395443,702.4565110530899,108736.21230274139,980584.7641785336,5448.983259409793,59748.88879327419,88094.96543137166,8.669525874819616,8.669525874819625,304.65277385416755,49695.34722614583,97578.1119487131,12020.755350442141,1,0.0011521679383941824,0.0011578239322696242,1,1
252,3,18.216205020620315,18.03681497842652,0,0.08759861438340455,1.666123548539781,0.05450857502517777,19726.19441785714,197.2619441785714,0.0,558.6560374421325,704.2139798615074,109254.00582202937,987454.7005572126,5457.259087572465,59665.77357182694,90254.62130954879,9.53063191034529,9.530631910345297,304.65277385416755,49695.34722614583,98017.47915081747,12020.755350442141,1,0.0017484927979655835,0.0012746171268851242,1,1
253,3,18.859851537068852,18.81958148503449,0,0.08395510820771605,1.6047402089009248,0.01565836006387643,19070.84703001155,190.70847030011552,0.0,574.8332908115407,707.1876284178014,109666.4369608307,997198.5782098757,5264.393490070979,61870.25108783837,90807.42466434593,11.37760449947864,11.37760449947865,304.65277385416755,49695.34722614583,98760.89128989099,12392.772448300226,1,0.0016801134577269351,0.0015269247313622336,1,1
254,3,18.404221273014667,18.401194577354797,0,0.08586399069680006,1.654033519159743,0.04685665769603987,13648.089241134656,136.48089241134656,0.0,548.0931771277556,707.1876284178014,109656.5103686441,998373.2841409068,5410.716050003854,60204.351529895204,90514.05136547168,11.499227576537113,11.499227576537102,304.65277385416755,49695.34722614583,98760.89128989099,12844.561270452388,1,0.0012062736368767585,0.001544959964189759,1,1
255,3,18.933141298626207,19.074456757372754,0,0.08283328957136829,1.7405571209178694,0.10161843096067678,9624.617574557766,96.24617574557766,0.0,512.5569971492093,709.3720886774051,110316.3780156249,1007305.012016847,5472.939300418005,59532.62426628973,92415.1045784448,9.253345742620112,9.2533457426201,304.65277385416755,49695.34722614583,99307.00635479191,12844.561270452388,1,0.000833164026028935,0.0012398503735442095,1,1
256,3,19.76259059832572,19.940687770901633,0,0.07923498016480698,1.6214049470700085,0.02620566270253697,11143.586259635023,111.43586259635023,0.0,512.0124609168304,713.5512543532127,110891.89873562647,1021011.0862871337,5171.256517124675,63030.167517088536,92611.03676856925,7.506787745204705,7.506787745204714,304.65277385416755,49695.34722614583,100351.79777374379,12844.561270452388,1,0.0009626141028942231,0.0010006839219333056,1,1
257,3,19.568511688896457,19.616929897453,0,0.08054267452957264,1.6561603056939755,0.04820272512276928,20469.980081018304,204.69980081018304,0.0,551.9416740757929,715.0464295867832,111211.77635593717,1026796.0266442138,5252.6173928765165,62062.77526180347,95342.9887479113,8.760486452505301,8.760486452505308,304.65277385416755,49695.34722614583,100725.59158213642,12844.561270452388,1,0.00171758660808432,0.0011711215790024927,1,1
258,3,19.400208943154745,19.584923630662004,0,0.08067429977242109,1.6432143458045432,0.040009079623128545,9366.79071563036,93.66790715630361,0.0,516.7950598554334,716.1115444732027,111535.06672987239,1032524.8452515823,5255.192214037169,62044.1436925527,97384.238081114,8.587897475434215,8.587897475434222,304.65277385416755,49695.34722614583,100991.87030374129,12844.561270452388,1,0.0007694707809145463,0.0011498904972976965,1,1
259,3,19.409649871963886,19.810755294100442,0,0.07975465733356049,1.6079921739758922,0.017716565807526678,10374.799384703527,103.74799384703527,0.0,491.556870501503,717.6782445909448,111960.44752141832,1040288.7853575329,5198.035821832237,62744.12087107732,100296.76898662005,8.24437874179841,8.244378741798402,304.65277385416755,49695.34722614583,101383.54533317684,12844.561270452388,1,0.0008275281040080216,0.001104861831002296,1,1
260,3,19.10216772976382,18.79872876768922,0,0.08404823642733035,1.6619843703457766,0.05188884199099781,14831.013559404286,148.31013559404286,0.0,511.8686821625083,718.9300122364306,112223.3246005638,1044959.9598069211,5327.359256292396,61230.485608739575,103525.49926342034,6.8552855994351045,6.855285599435108,304.65277385416755,49695.34722614583,101696.48724454828,12844.561270452388,1,0.0011460761775544258,0.0009143583541589979,1,1
261,3,19.966928708888794,19.833176028713716,0,0.07966449739126685,1.6185887158947796,0.024423237908088306,18654.35433151652,186.54354331516518,0.0,539.5927598772521,722.147905400027,112720.3369827681,1055626.9367539121,5142.958707382018,63443.59679184317,100662.13907487747,8.605587275538765,8.605587275538761,304.65277385416755,49695.34722614583,102500.96053544736,13263.686960116751,1,0.0014825319233592274,0.0011520454016405582,1,1
262,3,20.47222267927227,20.39520688183032,0,0.07746918230123914,1.679578028325841,0.06302406856065883,12804.657959035476,128.04657959035475,0.0,520.160574063454,723.1149612855368,112915.17694020283,1060190.1022789166,5174.239676712121,63068.33327842632,104309.25222225442,8.967958288261455,8.967958288261455,304.65277385416755,49695.34722614583,102742.7245068248,13263.686960116751,1,0.0009820534755058744,0.0012035538588065092,1,1
263,3,20.961017246700692,21.163959285460695,0,0.07465521827408896,1.6474636654668515,0.042698522447374335,12239.45216319137,122.3945216319137,0.0,501.3091236651469,725.7087086274694,113308.30145781416,1070039.1512091663,5065.1054413823285,64444.3727279937,106651.02522705532,8.402752292200272,8.40275229220028,304.65277385416755,49695.34722614583,103391.16134230795,13263.686960116751,1,0.000918093540095587,0.0011275596463202295,1,1
264,3,20.71973455290461,20.654420396298836,0,0.07649694204360863,1.6417044932131777,0.03905347671720102,9666.178911797253,96.66178911797253,0.0,485.4400457855655,726.1832995061275,113455.25053218048,1073266.5144451857,5085.863734203742,64188.011289838316,110082.65659495299,6.493984275112365,6.493984275112361,304.65277385416755,49695.34722614583,103509.80906197247,13263.686960116751,1,0.0007024669796888185,0.0008675379984300933,1,1
265,3,20.703689475479898,21.239361017186862,0,0.07439018521891813,1.610549043259705,0.01933483750614232,16006.017726258002,160.06017726258003,0.0,506.82274719492716,727.5722507392547,113733.19735419274,1079560.4314301081,5039.861506696007,64787.674781309164,112181.04652667936,6.885775793642625,6.885775793642635,304.65277385416755,49695.34722614583,103857.0468702543,13263.686960116751,1,0.0011414418547041375,0.0009206674581628476,1,1
266,3,20.94786578485953,20.76194360308318,0,0.07610077506257014,1.657617294991736,0.04912487024793416,10149.85342690799,101.4985342690799,0.0,493.7045017003211,728.919883290794,114019.38465005852,1085532.477397545,5083.624671824169,64243.4702194056,113508.16398414121,6.386303161118444,6.386303161118437,304.65277385416755,49695.34722614583,104193.95500813912,13263.686960116751,1,0.0007153567158976213,0.0008530885167635257,1,1
267,3,21.70642534678298,21.79583689515201,0,0.07249090767198002,1.6526904481122524,0.04600661272927363,18451.86513017608,184.5186513017608,0.0,518.1209343074595,733.7612689149406,114936.68202560849,1103035.869477504,4987.376120517217,65504.1647756786,114031.42414632777,7.834030251133826,7.8340302511338376,304.65277385416755,49695.34722614583,105404.30141417577,13263.686960116751,1,0.0012945108959788643,0.0010504364888602078,1,1
268,3,14.430071900233706,14.412653338410724,0,0.10962589350492391,1.2242707146098386,0.2251451173355452,10686.041092889787,106.86041092889788,0.0,502.1210613910564,733.7612689149406,114933.80631573411,1103090.079039417,5265.1411702362175,62058.46855987409,113019.0750921615,6.893428439905843,6.893428439905838,304.65277385416755,49695.34722614583,105404.30141417577,14490.884053667245,1,0.0007564061966832305,0.0009220912695199054,1,1
269,3,14.515436747950005,14.348362087495909,0,0.1101170984092264,1.3857952778459468,0.12291438111016029,11468.433171833669,114.6843317183367,0.0,492.04374147183995,733.7612689149406,114915.41980324982,1103156.9541931604,5585.708698522976,58507.1998743653,108883.83147912855,7.205877879035868,7.2058778790358655,304.65277385416755,49695.34722614583,105404.30141417577,15569.303833549018,1,0.0008426178995387026,0.0009645116640669324,1,1
270,3,14.760012643814838,14.664220657911882,0,0.10774524175940658,1.537732895902024,0.02675133170757979,14348.288482702475,143.48288482702475,0.0,509.2904702786544,733.7612689149406,114907.1782942709,1103446.9629784334,5835.46680812422,56012.044809609855,107391.3926725416,6.664946789815403,6.6649467898154,304.65277385416755,49695.34722614583,105404.30141417577,16233.137103848843,1,0.0010688594775153611,0.000889294524579098,1,1
271,3,12.817576109366033,13.030273766299699,0,0.12125608627551378,1.420742662279926,0.1007957833671355,10773.309253197107,107.73309253197107,0.0,502.42455645492964,733.7612689149406,114888.58545295907,1103482.1248034304,6019.436937004803,54305.81703781245,105369.0192446615,6.81564464084181,6.815644640841804,304.65277385416755,49695.34722614583,105404.30141417577,17098.123410488286,1,0.0008179489060769964,0.0009098087610436867,1,1
272,3,12.817464742546848,12.713737750432237,0,0.12427501896098839,1.5009703017764788,0.050018796344000784,12248.980584563049,122.48980584563049,0.0,505.30047740053925,733.7612689149406,114874.62713413942,1103665.8483642593,6187.380744690072,52836.84457308364,104992.72921113738,7.037977345098382,7.0379773450983745,304.65277385416755,49695.34722614583,105404.30141417577,17790.682034827216,1,0.0009333202919170298,0.0009400428918364625,1,1
273,3,12.675972432847374,12.77156516337856,0,0.12371232341440214,1.5547233644377743,0.015997870609003678,13379.02600401732,133.7902600401732,0.0,515.7207009380268,733.7612689149406,114840.81497079687,1103727.1803772994,6332.608367739949,51631.03027432697,107197.11952101879,6.866611540899048,6.866611540899055,304.65277385416755,49695.34722614583,105404.30141417577,18562.10117969786,1,0.0009984616052220703,0.0009165769344053656,1,1
274,3,12.484689473894456,12.472625771941535,0,0.12667741571741645,1.6460711194347162,0.04181716419918741,12943.171741638365,129.43171741638366,0.0,519.7263304822028,734.0201323497733,114922.90455332791,1105007.883261685,6566.077562590697,49800.666850046044,106976.7414479141,7.2332798047228275,7.233279804722829,304.65277385416755,49695.34722614583,105469.01727288397,18581.515937310316,1,0.0009679241724101508,0.0009665686898497502,1,1
275,3,12.544227085090474,12.697753741633539,0,0.12443145710248563,1.6366074506452166,0.0358275004083649,11725.521667460975,117.25521667460976,0.0,515.9493936921805,735.2581588490339,115374.79306333269,1109265.7765460864,6532.176690767004,50067.66145211647,106105.12217604039,7.113590688087339,7.1135906880873305,304.65277385416755,49695.34722614583,105778.52389769911,18581.515937310316,1,0.000884068284508038,0.000950151354046753,1,1
276,3,13.327100901111239,13.464161918030308,0,0.11734855905766918,1.621961108918255,0.026557663872313286,15298.143686358559,152.9814368635856,0.0,532.7460281660194,738.7973111956363,115979.40454980548,1117624.412683239,6309.819102063281,51845.630193340585,103228.55696914624,7.579783685376242,7.579783685376242,304.65277385416755,49695.34722614583,106663.31198434973,18581.515937310316,1,0.001185574545301916,0.0010125223340733682,1,1
277,3,13.112259254545739,12.886550449186478,0,0.12260845182969386,1.6436556346699576,0.04028837637339082,10135.016985768458,101.35016985768458,0.0,517.747102115618,739.4110767406918,116078.0403297764,1119630.6994955107,6404.055731741765,51088.34068641085,103540.75073521082,7.124127785787703,7.1241277857876995,304.65277385416755,49695.34722614583,106816.75337061359,18581.515937310316,1,0.0007830746378640557,0.0009509058225580033,1,1
278,3,12.686668560946003,12.709745318709189,0,0.12431405668484835,1.6397916200752072,0.03784279751595387,19856.258014539082,198.56258014539083,0.0,548.8156336213736,739.8082019009826,116190.47595976165,1121331.6102221536,6503.355679829591,50314.87966755169,103666.50849652443,8.712253122447063,8.712253122447052,304.65277385416755,49695.34722614583,106916.03466068629,18611.300324332125,1,0.0015323180689705426,0.001166989084045505,1,1
279,3,10.07792629644512,9.950249766982397,0,0.15878998386983859,1.4096862676049846,0.10779350151583257,12030.779193566703,120.30779193566703,0.0,536.0524797578902,739.8082019009826,116190.59270634221,1121394.7996893055,6765.881879369539,48369.66953404882,103872.50137726891,8.077166181650698,8.077166181650709,304.65277385416755,49695.34722614583,106916.03466068629,19382.141604708493,1,0.0009265804931274699,0.0010806577333206894,1,1
280,3,9.531357871208874,9.52899756301487,0,0.16580967615444592,1.5363184548757787,0.02764654754697557,14671.942782347202,146.71942782347202,0.0,532.0753820744101,739.8082019009826,116181.22945766365,1121602.5908095604,7263.701617970445,45064.18533919985,105957.7930502264,8.862150755326796,8.862150755326791,304.65277385416755,49695.34722614583,106916.03466068629,19984.699349199822,1,0.0011077575219327089,0.0011888853613435738,1,1
281,3,9.07546158439405,8.961736742858962,0,0.17630511198167048,1.539090939821951,0.025891810239271562,14867.62232715484,148.67622327154842,0.0,541.5095602072487,739.8082019009826,116171.1338398294,1121718.4384094297,7450.978341446638,43935.719426542644,108038.82288121113,7.812046972246203,7.812046972246198,304.65277385416755,49695.34722614583,106916.03466068629,20559.21085290314,1,0.0011009096123530942,0.001045082542471091,1,1
282,3,9.419526236475336,9.351604692020153,0,0.16895496035543875,1.6339737697605143,0.03416061377247738,16099.822177795084,160.99822177795085,0.0,550.0291799848117,740.1301983445385,116256.20703479262,1122895.4045177437,7535.968222674539,43443.323084146745,111834.51571203992,8.356382325750348,8.356382325750342,304.65277385416755,49695.34722614583,106996.53377157527,20583.36058616983,1,0.0011516889629495167,0.00112011869907844,1,1
283,3,10.035633763727079,9.926385945116063,0,0.15917172762936793,1.6613388294094564,0.05148027177813693,10875.920105143134,108.75920105143133,0.0,525.8016742180032,742.4618107225144,116697.40652628928,1127554.3705716773,7362.686720711508,44475.71208119072,113060.14077792641,7.52368464488505,7.5236846448850425,304.65277385416755,49695.34722614583,107579.43686606926,20583.36058616983,1,0.0007695670661868854,0.0010073885471631654,1,1
284,3,10.526449388521094,10.338316659825704,0,0.1528295226378409,1.6384458041467358,0.03699101528274413,17584.77899396207,175.8477899396207,0.0,545.0785812730425,746.8594227523596,117299.09862201824,1134840.8814036525,7140.337076044791,45874.20386914109,114984.65681155339,7.825149657342255,7.825149657342266,304.65277385416755,49695.34722614583,108678.83987353054,20933.847658557625,1,0.00122345220529946,0.0010482360781452875,1,1
285,3,8.137503227595124,8.294758081402737,0,0.19048174575970325,1.3305577923059404,0.1578748149962403,5897.2941704545565,58.97294170454557,0.0,502.64638085586733,746.8594227523596,117255.25694481665,1134693.0714963386,7318.76117378231,44760.50797495715,111528.69617930782,6.043518739828135,6.04351873982814,304.65277385416755,49695.34722614583,108678.83987353054,21653.26736496866,1,0.00042301537613052067,0.0008053448825389554,1,1
286,3,8.638535864635857,8.596405518721241,0,0.18379775088076966,1.5552880192795344,0.015640494126876996,12025.782873147053,120.25782873147052,0.0,507.8093131284454,746.8594227523596,117247.37590193428,1134876.1445961632,7680.445697545718,42659.49765714234,113778.44088205571,6.226833420172171,6.226833420172171,304.65277385416755,49695.34722614583,108678.83987353054,22014.535101880818,1,0.0008455579303016215,0.0008306751705772007,1,1
287,3,9.036092594460374,9.151064094752146,0,0.17265751650740613,1.6002748709961505,0.012832196833006607,7897.715557310863,78.97715557310863,0.0,503.367564821866,747.5931768237452,117617.52195763486,1137338.256273974,7617.957517663265,43015.466128903776,113402.11391777938,4.604603369436751,4.604603369436755,304.65277385416755,49695.34722614583,108862.27839137694,22014.535101880818,1,0.0005571476780785227,0.0006085736615035549,1,1
288,3,9.39154909643855,9.452929003448416,0,0.16714396135035164,1.615030445729796,0.022171168183415097,14800.457764074845,148.00457764074847,0.0,524.6033920278787,749.9681184925012,118333.93310788009,1142453.4929335446,7507.671286945999,43657.79213494274,114042.3298688416,6.107544633822836,6.107544633822832,304.65277385416755,49695.34722614583,109456.01380856593,22014.535101880818,1,0.001038243100160906,0.0008136495695136833,1,1
289,3,9.708756634268493,9.724473797661869,0,0.1624766576449506,1.627270133058795,0.029917805733414567,11924.82424732933,119.2482424732933,0.0,529.7098890512798,751.6850465012229,118645.05290114565,1145877.465566995,7412.58309831719,44225.57992727153,116213.81339585631,6.045982442564361,6.045982442564355,304.65277385416755,49695.34722614583,109885.24581074638,22014.535101880818,1,0.0008208885948323605,0.0008054264576905964,1,1
290,3,10.045474313929477,10.015374181198279,0,0.15775746082119546,1.6472560407573011,0.04256711440335511,12058.41549205042,120.5841549205042,0.0,525.9624290881366,753.6402229406167,119299.45799867678,1150664.3750797326,7332.56336444838,44716.228145663896,115230.44070803614,6.727599806768982,6.727599806768987,304.65277385416755,49695.34722614583,110374.03992059482,22014.535101880818,1,0.0008371687493656854,0.0008987668147863174,1,1
291,3,10.31677731313533,10.23907644802798,0,0.15431079238638795,1.649738626321235,0.04413837108938921,7135.296587388199,71.352965873882,0.0,499.6187684011984,754.8014268217332,119748.11304942895,1154135.3648490044,7241.566597585909,45285.73726380432,118183.92280886925,5.364199278691711,5.3641992786917125,304.65277385416755,49695.34722614583,110664.34089087395,22014.535101880818,1,0.0004829960906901103,0.0007136844782960521,1,1
292,4,10.277019308650937,10.23907644802798,1,0.15431079238638795,2.96723185898603,0.8779948474595125,8453.78808507829,84.5378808507829,0.0,795.7257415982444,884.8122163674532,113969.15754764664,1156412.5201832044,13205.255782209371,45736.45576042566,118774.888407219,4.8424684330077765,4.842468433007774,593.874442036095,49101.472784109734,110922.13635941045,22014.535101880818,1,0.0005693990168086391,0.0006298546189548116,4,1
293,4,10.360108663857055,10.101128076179736,0,0.15641817310740988,2.2922777820172517,0.45080872279572887,16675.44620740793,166.75446207407933,0.0,829.931908582305,894.8174840918979,115421.37698882807,1173563.973492965,11562.771266513288,52258.74792145945,119160.53871085076,5.539229093603279,5.539229093603279,593.874442036095,49101.472784109734,113423.45329052163,22014.535101880818,1,0.0011195280845697935,0.0007239743973561809,4,1
294,4,10.233988523958484,10.101128076179736,1,0.15641817310740988,1.731805433392794,0.09607938822328724,14058.622878965814,140.58622878965815,0.0,839.0802633011197,903.2526578192774,116621.65647185432,1188687.67168779,10114.283071362286,59769.68017567828,119477.22977609634,6.656659427657302,6.656659427657301,593.874442036095,49101.472784109734,115532.2467223665,22014.535101880818,1,0.0009413424067707004,0.0008767565027163778,4,1
295,4,11.090884931523648,11.11416720801452,0,0.14216089882655794,1.6324032346132646,0.03316660418561049,16097.447876685424,160.97447876685425,0.0,846.5053667107661,911.432263321768,117603.34545162045,1203241.6100027238,9434.894065293463,64102.62011277864,119717.90262472168,7.890387343902149,7.89038734390215,593.874442036095,49101.472784109734,117577.14809798915,22014.535101880818,1,0.001075691940721408,0.0010455208106873006,4,1
296,4,11.255483512585709,11.173891248734519,0,0.14140105401320605,1.6303530727821964,0.03186903340645339,12619.751130245308,126.19751130245308,0.0,833.1184569633555,912.5526374955241,118040.63633469713,1207065.468563466,9360.244464800795,64620.405853285716,123058.95816598508,7.151540036092798,7.1515400360928005,593.874442036095,49101.472784109734,117857.24164142818,22014.535101880818,1,0.0008204035735926491,0.0009458126403615858,4,1
297,4,11.668770501932453,11.688277598218923,0,0.13517817203800522,1.6204164748604881,0.025580047380055728,14604.611117832916,146.04611117832917,0.0,835.8956108722776,914.9301326191629,118820.74241266941,1214037.1408670815,9165.85761426615,66004.19744773959,123750.58093123614,7.157766223201578,7.157766223201584,593.874442036095,49101.472784109734,118451.61542233788,22014.535101880818,1,0.0009441320441767098,0.0009467425194969224,4,1
298,4,12.437658516118324,11.688277598218923,1,0.13517817203800522,1.7128912997602892,0.08410841756980324,15034.658487305158,150.34658487305157,0.0,845.798904757459,918.3910434674629,119377.26983652607,1220649.384664789,9128.640909425512,66284.95244478827,122396.80305264847,6.937124873522013,6.937124873522017,593.874442036095,49101.472784109734,119316.84313441286,22335.720367007918,1,0.0009826830840238899,0.0009157395672644162,4,1
299,4,12.43847298692281,12.490397848094506,0,0.126497171604589,1.63003208565526,0.0316658769969999,14417.430399074336,144.17430399074337,0.0,845.7191474745048,921.8050208102367,119955.0665274675,1228749.187411465,8906.037310684675,67960.32144664583,124427.7076842364,7.1922706914570504,7.1922706914570425,593.874442036095,49101.472784109734,120170.33747010631,22335.720367007918,1,0.0009269594798394483,0.000951258202680016,4,1
300,4,12.028894187438084,12.490397848094506,1,0.126497171604589,1.5705946876846222,0.00595272931353031,8123.409107010819,81.23409107010819,0.0,806.8789583768736,921.9674889923768,120164.02958068461,1231232.4916666767,8890.336569881902,68089.4432716269,128785.10279307037,6.103384470232031,6.103384470232035,593.874442036095,49101.472784109734,120210.95451564137,22347.905480668433,1,0.0005046179367539658,0.000804753500205768,4,1
301,4,11.901703609992703,11.94593788608303,0,0.1322625326757051,1.5941472115278452,0.008953931346737436,13450.039518497919,134.5003951849792,0.0,817.2822263771604,921.9674889923768,120164.68246953028,1231761.2342440356,9004.70498344313,67228.00067231581,128952.39145223671,5.745256333222242,5.745256333222237,593.874442036095,49101.472784109734,120210.95451564137,22583.05981827737,1,0.0008344189272971953,0.0007553321146302031,4,1
302,4,11.378385442581287,11.504391979342582,0,0.13733885309515412,1.5773214183421056,0.0016953048467686547,7884.125407482127,78.84125407482128,0.0,799.9988557803476,921.9674889923768,120159.86369710474,1232188.09203591,9161.052306527628,66085.4426949216,132560.90765726668,4.636388430324979,4.636388430324977,593.874442036095,49101.472784109734,120210.95451564137,22768.11536895424,1,0.000475803948347509,0.0006049469374662233,4,1
303,4,11.418066207623824,11.214977279983712,0,0.1408830317311436,1.6205217596618935,0.02564668333031229,10080.736339270145,100.80736339270145,0.0,795.075928265268,922.1691037191622,120150.08966390039,1232775.8723332328,9269.783964130867,65314.153544534325,136698.94141871555,4.836053546269758,4.836053546269758,593.874442036095,49101.472784109734,120261.35819733771,23163.00917096853,1,0.0005899525620109878,0.0006333918125518974,4,1
304,4,11.056886356885613,10.967512805924214,0,0.14406183315751836,1.6062268106492428,0.01659924724635614,8607.960722077214,86.07960722077215,0.0,793.2522279270465,922.3412629336037,120132.43075005883,1233066.0425445456,9378.611588654023,64560.149185408474,135227.61871109027,4.046609118345039,4.046609118345042,593.874442036095,49101.472784109734,120304.3980009481,23675.482945350424,1,0.0005092427599700835,0.0005249997567761934,4,1
305,4,11.16141607783352,11.255343748675706,0,0.14037776502258328,1.6083653928011818,0.017952780253912518,12784.43794012574,127.8443794012574,0.0,807.8106199236281,923.4324998441068,120596.43736708756,1236828.5518947593,9341.404577184116,64825.63210076414,138033.2250072792,4.691291794629048,4.691291794629049,593.874442036095,49101.472784109734,120577.20722857385,23675.482945350424,1,0.0007409484456775709,0.0006133812558862141,4,1
306,4,10.41661481565062,10.417187254816431,0,0.15167241994901073,1.5698121203770328,0.006448025077827405,11201.731500895325,112.01731500895325,0.0,810.9104998883334,923.4324998441068,120573.20891944732,1237039.7599264125,9553.424873808102,63392.52053730709,139602.23708022875,4.8161622905844315,4.816162290584436,593.874442036095,49101.472784109734,120577.20722857385,24079.60974039407,1,0.0006419227505334456,0.0006307046520603667,4,1
307,4,10.394611620319681,10.339617074884508,0,0.15281030124780018,1.63435676969332,0.03440301879324053,16735.704520199914,167.35704520199914,0.0,830.6936511142471,924.9943202477135,120816.68452197577,1240204.164309435,9759.062387175181,62068.24921843164,143473.66750824152,5.847035763035323,5.847035763035323,593.874442036095,49101.472784109734,120967.66232947554,24079.60974039407,1,0.0009331721875298724,0.0007720144612469629,4,1
308,4,10.469958644377208,10.245908268137445,0,0.1542079002320817,1.6452360211167045,0.04128862095993953,7288.863917470977,72.88863917470977,0.0,794.5881480916564,926.0244303275937,121241.27294681147,1243665.093344815,9756.924958496955,62091.152576648215,141805.13883947273,5.037852022597577,5.037852022597577,593.874442036095,49101.472784109734,121225.18984944558,24079.60974039407,1,0.0004112045008874985,0.0006620998129836055,4,1
309,4,10.05437011949231,9.949017365467183,0,0.1588096534522238,1.6239184515761673,0.02779648833934636,21519.797420010716,215.19797420010718,0.0,833.1379190767585,926.4548262759939,121317.85097012704,1244834.892707079,9892.408837234569,61248.11238295595,143774.5672830767,6.396544287110321,6.39654428711033,593.874442036095,49101.472784109734,121332.78883654563,24340.280536202055,1,0.0011974188663084228,0.0008472651849085979,4,1
310,4,8.807065133986276,8.832874166928724,0,0.17887722276353693,1.5051933795576002,0.04734596230531635,9521.023928203973,95.21023928203974,0.0,806.2437367128621,926.4548262759939,121293.18465696202,1244989.8650033125,10176.449850528747,59543.61604533077,145921.03668046303,5.386143681117067,5.386143681117074,593.874442036095,49101.472784109734,121332.78883654563,24821.035836102397,1,0.0005219822525824321,0.0007102018732594511,4,1
311,4,8.968731005548163,9.168321400785151,0,0.17233252750767364,1.6048701601717679,0.015740607703650503,23343.740145736843,233.43740145736842,0.0,838.469335742327,926.9217010789087,121400.92173866945,1246460.545887604,10413.601286954223,58195.85350862677,150321.21394323008,7.410492753648967,7.410492753648977,593.874442036095,49101.472784109734,121449.50753727432,24856.051446321002,1,0.0012423390968384692,0.0009872467385764413,4,1
312,4,9.129328559636527,9.184867480658509,0,0.1720220790694219,1.6126715691066609,0.02067820829535494,11034.848231012387,110.34848231012387,0.0,812.2952223527968,927.5843401761732,121621.9397236199,1248651.9942342746,10347.117180991307,58574.997042117546,146783.00123639125,5.958636981065579,5.958636981065574,593.874442036095,49101.472784109734,121615.16731159046,24856.051446321002,1,0.0006014237691320114,0.0007885817061843043,4,1
313,4,8.398484359546114,8.26719627238985,0,0.19111678832118253,1.5997976400172644,0.012530151909660989,14962.793353181363,149.62793353181362,0.0,804.5902356901603,927.5843401761732,121563.28029860073,1248772.8837344605,10745.559636158172,56411.14368556672,147886.25989580367,6.654664388048346,6.654664388048349,593.874442036095,49101.472784109734,121615.16731159046,25450.140284779063,1,0.0008094216927914038,0.000884394852920628,4,1
314,4,8.191069565241794,8.227321574763295,0,0.19204305868467986,1.5929203567413832,0.00817744097555895,9959.104024226219,99.5910402422622,0.0,787.658681218939,927.7835222566578,121713.9227244692,1249992.4039088476,10857.790547348673,55832.62045824743,150927.5415124433,4.908070386182222,4.908070386182218,593.874442036095,49101.472784109734,121664.96283171159,25465.0789408154,1,0.0005278879613052009,0.0006462444744095387,4,1
315,4,8.626426410186214,8.52242371190869,0,0.18539326996758082,1.6480991098791444,0.043100702455154655,14875.306759811132,148.75306759811133,0.0,799.0302342166738,929.4535898135256,122314.36905673657,1253621.0189330373,10762.42993239728,56332.358442580924,154346.42561395818,5.319197082102824,5.3191970821028205,593.874442036095,49101.472784109734,122082.47972092855,25465.0789408154,1,0.0007710088108948548,0.0007027728216638199,4,1
316,4,8.851135837470855,8.93909993811603,0,0.17675157576692166,1.5894113873413853,0.005956574266699523,8439.047206801248,84.39047206801249,0.0,776.4733446738226,931.2098093983803,123009.91351481559,1258788.8894468513,10435.297788938708,58112.228822554105,156521.48248541605,4.391287527122902,4.391287527122903,593.874442036095,49101.472784109734,122521.53461714224,25465.0789408154,1,0.00043132978670004917,0.000576742186300035,4,1
317,4,8.82225715234785,8.812119931698216,0,0.1792985129851169,1.629308723763752,0.031208053015032877,19783.912947778557,197.83912947778558,0.0,809.4349941633124,931.605487657336,123093.45991284498,1259937.5947757412,10583.205190755534,57305.135808286585,157525.22870687352,5.558102039333806,5.558102039333807,593.874442036095,49101.472784109734,122620.45418188114,25494.75481023707,1,0.0010047362246763869,0.0007356916074237636,4,1
318,4,8.639479208625723,8.669367286627743,0,0.18225090110521744,1.6129881506425412,0.020878576356038688,15202.198882956785,152.02198882956785,0.0,817.8153989128441,932.8120745463327,123501.96510096187,1262976.3915412766,10641.778773246573,56999.443187250836,158128.6043844992,5.554689582651332,5.554689582651333,593.874442036095,49101.472784109734,122922.10090413032,25494.75481023707,1,0.0007691055741435232,0.0007350571951733198,4,1
319,4,8.336024172216524,8.047978141980034,0,0.19632260079812724,1.6230943152986164,0.027274883100390057,13042.974441391412,130.42974441391414,0.0,793.8281008563546,933.0729340351605,123532.28707961134,1263747.779176846,10868.15608112518,55817.58924650874,162274.2759773242,6.059557273116409,6.059557273116406,593.874442036095,49101.472784109734,122987.31577633727,25738.125232472394,1,0.0006430088496941564,0.0008056168828380222,4,1
320,4,6.582845020151984,6.6461924162144514,0,0.23773010184678628,1.3603202354046113,0.13903782569328402,6818.040385956296,68.18040385956296,0.0,754.9177097411373,933.0729340351605,123465.68128670777,1263452.4951476487,11196.868735687494,54183.750031544965,158689.91882056277,4.44615894834965,4.446158948349655,593.874442036095,49101.472784109734,122987.31577633727,26504.823017781106,1,0.0003437163714812022,0.0005852769317729606,4,1
321,4,6.73294085553751,6.7422908713111935,0,0.2343417141379919,1.4470734987671425,0.08413069698282122,10687.904071271489,106.87904071271488,0.0,761.1783716318533,933.0729340351605,123413.5587121649,1263106.1829868085,11419.341382632641,53131.89012442116,157104.5186760675,3.9022031931443446,3.902203193144343,593.874442036095,49101.472784109734,122987.31577633727,27243.56939736144,1,0.0005442442603861084,0.000510323160520489,4,1
322,4,6.742471104661407,6.6399523154926365,0,0.23795351606870319,1.5018418944198664,0.049467155430464364,7202.03880846004,72.0203880846004,0.0,752.7893648836131,933.0729340351605,123367.94441023709,1262989.0699178316,11625.613637466906,52192.820240147186,157361.71572537732,3.22625245303334,3.2262524530333425,593.874442036095,49101.472784109734,122987.31577633727,27674.117034823284,1,0.00036613931286965935,0.0004180333149123233,4,1
323,4,6.892171294022379,6.921111185989802,0,0.22828704199960648,1.55522212218455,0.015682201149019085,11156.388679892101,111.56388679892102,0.0,762.8801168552615,933.0729340351605,123326.30348873677,1262932.3552430065,11701.641861199201,51857.36428144601,158794.5142885334,3.75828488417315,3.758284884173149,593.874442036095,49101.472784109734,122987.31577633727,28094.48307814338,1,0.0005620541102381248,0.0004908125611646309,4,1
324,4,6.8857503370502675,6.972741875389656,0,0.22659665713090882,1.5838921153070438,0.002463364118382087,9718.170834065613,97.18170834065613,0.0,766.655083301559,933.2672974518418,123422.25750347633,1263682.2598737467,11814.880188921461,51363.54582288177,158616.72638255166,3.6277112003029335,3.627711200302931,593.874442036095,49101.472784109734,123035.9066305076,28109.06033439448,1,0.0004901460800862749,0.0004727798343980197,4,1
325,4,6.988594006570219,6.73962899456121,0,0.23443426949392004,1.6661937416688086,0.054553001056207945,13031.919144255724,130.31919144255724,0.0,778.6324164076472,934.7968528210188,123705.81895616357,1265632.8977011575,12029.137076326166,50454.36984514535,161192.01892835082,4.3104907516390005,4.310490751638994,593.874442036095,49101.472784109734,123418.29547280184,28109.06033439448,1,0.0006467773891484469,0.0005663258598242822,4,1
326,4,6.63494933590308,6.709329071558733,0,0.23549299537232707,1.6001204100577433,0.012734436745407108,8075.629239825966,80.75629239825966,0.0,761.4586896362465,935.2525494956485,123953.93920234097,1267073.9598481834,12098.93062396561,50168.59431579975,159293.60545934303,3.927883838760494,3.927883838760494,593.874442036095,49101.472784109734,123532.21964145926,28109.06033439448,1,0.00040557204874804004,0.0005141651726609206,4,1
327,4,6.95822457719997,7.012444879665595,0,0.22531371399176633,1.6163511614700494,0.023007064221550223,8069.176098645938,80.69176098645937,0.0,747.8343472137624,936.5999849584833,124403.7438746098,1269980.6995565253,11875.352000237755,51122.16213944689,162114.60156189505,3.698035339611315,3.6980353396113093,593.874442036095,49101.472784109734,123869.07850716796,28109.06033439448,1,0.00039819614129280723,0.000483515193063098,4,1
328,4,7.155137676450104,7.198532088330707,0,0.21948919315943366,1.5798983750226683,6.431960590619838e-05,11811.14879244526,118.1114879244526,0.0,762.8836134234168,937.5996138080899,124920.76450577228,1272705.238483853,11578.67420918812,52438.1880425153,164169.0034798587,3.525979762094723,3.5259797620947255,593.874442036095,49101.472784109734,124118.9857195696,28109.06033439448,1,0.0005755604793639051,0.00045977622313491745,4,1
329,4,7.2069118134109225,7.164327443863562,0,0.22053710029031579,1.6074745893326394,0.01738898059027807,6360.273080177296,63.602730801772964,0.0,742.1502463303339,937.7268192696935,124958.12939634055,1273169.181544542,11637.401795043716,52174.839360247344,166380.30540283793,3.276443568257802,3.276443568257799,593.874442036095,49101.472784109734,124150.78708497048,28118.600744014744,1,0.00030581855537662985,0.00042652505867778076,4,1
330,4,7.021143900135201,6.979369717415646,0,0.22638147339543002,1.5960717103316426,0.010171968564330737,9446.973529949932,94.46973529949932,0.0,744.7065439733929,937.9157587402925,124935.54408250152,1273393.2322766292,11748.737712957372,51682.87714997392,166160.11054952073,3.415047272534141,3.415047272534144,593.874442036095,49101.472784109734,124198.02195262023,28436.00689950067,1,0.0004548371326286257,0.00044540538912305356,4,1
331,4,7.205434098246603,7.299870700780215,0,0.21644218983647598,1.575314815325934,0.002965306755738031,9465.19414800623,94.6519414800623,0.0,752.1183185023056,938.5386772926529,125282.77142916968,1275436.3993792073,11522.408583317803,52703.08822874221,166705.69086307116,3.1208800760933473,3.1208800760933433,593.874442036095,49101.472784109734,124353.75159071031,28436.00689950067,1,0.0004542229649871166,0.0004049595509974574,4,1
332,4,7.045166115490575,7.031062787261428,0,0.2247170943861538,1.5857431939981834,0.0036349329102426256,8308.091682107079,83.08091682107079,0.0,745.3840425673028,938.5386772926529,125243.45867384684,1275494.6916585,11691.657738949658,51943.89056697137,169681.1323930016,3.3255310799582585,3.325531079958255,593.874442036095,49101.472784109734,124353.75159071031,28722.63105638089,1,0.00039170373582206205,0.0004335879444792681,4,1
333,4,6.9607678863574485,6.8340434098606035,0,0.23119548783086058,1.6441991937064815,0.040632401080051526,13550.176810977895,135.50176810977896,0.0,765.4513614492116,939.9620449438266,125619.50318973743,1277653.115752396,11978.056324504925,50709.47007134878,164386.92559998055,3.832989469269963,3.8329894692699664,593.874442036095,49101.472784109734,124709.59350350374,28722.63105638089,1,0.000659428443546705,0.0005017850481186279,4,1
334,4,7.0115580299637905,7.108770458699634,0,0.222260658039171,1.6148763658425054,0.022073649267408423,11406.051871968386,114.06051871968386,0.0,769.5748903368162,941.4109856017969,126071.47856903248,1280481.1535084886,11828.531877848889,51357.76299973581,167122.659484508,4.054423907708759,4.0544239077087605,593.874442036095,49101.472784109734,125071.82866799632,28722.63105638089,1,0.000545996666503537,0.0005323762819574347,4,1
335,4,7.135637098171091,7.048461284643072,0,0.22416240030181422,1.6322854231269737,0.03309203995378075,8668.746376607936,86.68746376607936,0.0,748.89448201912,942.0466360450235,126251.22646783238,1281840.1396013813,11788.615522113892,51534.66487161536,167688.266907287,4.102550921127325,4.102550921127331,593.874442036095,49101.472784109734,125230.74127880298,28722.63105638089,1,0.0004135648384463674,0.0005396633161655365,4,1
336,4,7.0325278179764235,7.0200264690031275,0,0.2250703764403849,1.605883125393341,0.016381724932494252,6535.405162855446,65.35405162855446,0.0,728.5524499341823,942.5803550288064,126543.15849206522,1283536.3502215967,11778.924848930412,51582.59362471806,171029.42645072378,3.2342795081481293,3.2342795081481324,593.874442036095,49101.472784109734,125364.17102474866,28722.63105638089,1,0.0003056973433627644,0.00042175294943755625,4,1
337,4,7.041706149595141,7.140459231207435,0,0.22127428346549438,1.5876462905498785,0.004839424398657228,7357.653461035086,73.57653461035086,0.0,726.9474753256147,942.7275080980271,126675.50779064684,1284396.4003346858,11704.527504985575,51913.22765061003,170439.08792131935,2.7462353786296396,2.7462353786296387,593.874442036095,49101.472784109734,125400.95929205384,28733.667536572444,1,0.00034535052027181165,0.00035487090069364783,4,1
338,4,6.602608929465328,6.4839998700264605,0,0.24367674763595457,1.5567590291274906,0.014709475235765459,6383.089330968861,63.83089330968861,0.0,722.9781060048849,942.7275080980271,126596.31430460246,1284177.4726682259,11969.793196347742,50766.92151023113,173044.24489673582,2.454780948773763,2.4547809487737666,593.874442036095,49101.472784109734,125400.95929205384,29200.00748476917,1,0.000295096289843235,0.0003153813844926037,4,1
339,4,6.577148531804371,6.599361299174765,0,0.2394171084704175,1.5990555353257316,0.012060465396032635,12149.008323830727,121.49008323830728,0.0,743.2237160086097,942.9704882645037,126663.37529240183,1284703.8319402249,12155.083837458958,49995.63182726926,175803.53753267534,3.0579828935448647,3.0579828935448616,593.874442036095,49101.472784109734,125461.704333673,29218.230997254916,1,0.000552844771810018,0.00039776386064168816,4,1
340,4,6.184577279256336,6.178687319119527,0,0.2557177468927417,1.5914265951265396,0.0072320222319870505,12987.795585340742,129.87795585340743,0.0,759.0374985696928,943.2302441762106,126680.66497336155,1285111.7797749145,12505.60194511722,48599.07575381829,176851.37340086943,3.6495928429456717,3.649592842945669,593.874442036095,49101.472784109734,125526.6433115997,29396.359151054356,1,0.0005875123426223567,0.0004784844680918699,4,1
341,4,6.422388008861975,6.437147644990986,0,0.24545032786834772,1.6047249319898604,0.015648691132823016,5370.46202904569,53.704620290456894,0.0,719.4876038746245,943.7708429945723,127086.85774561831,1287084.0358418536,12323.739019503526,49321.74488313115,176442.033906102,3.516224588626379,3.5162245886263763,593.874442036095,49101.472784109734,125661.79301619013,29396.359151054356,1,0.00024350034558788704,0.00046128582000675393,4,1
342,4,6.246636866415059,6.261746985570059,0,0.2523257492902613,1.6113599443749425,0.019848066060090114,12883.831525191117,128.83831525191118,0.0,735.1338205682498,944.0285196250761,127153.56728315222,1287648.715454393,12522.059938267026,48543.31989999929,179577.1100375743,3.5681945020361656,3.568194502036168,593.874442036095,49101.472784109734,125726.2121738161,29415.68489834214,1,0.0005739631970910027,0.0004683252951004155,4,1
343,4,5.993500717355321,5.937023638594918,0,0.2661266143070183,1.5933321086108283,0.00843804342457483,5239.8652315735735,52.39865231573574,0.0,713.0299338526867,944.1333169297076,127117.15276302457,1287719.1943021,12712.336350052983,47818.90518715107,179754.79973079058,2.7013998622812787,2.7013998622812814,593.874442036095,49101.472784109734,125752.41149997395,29689.97992720944,1,0.0002332005705292342,0.00035022137106937467,4,1
344,4,6.1022239781769425,6.204704303049773,0,0.25464549522906177,1.5817554111732608,0.0011110197299118503,8769.585545015707,87.69585545015707,0.0,710.9257154867779,944.5363912585151,127376.03770812605,1289082.1064819552,12553.194913498264,48428.73080298705,184620.75134452197,3.0293275493670615,3.0293275493670615,593.874442036095,49101.472784109734,125853.18008217584,29689.97992720944,1,0.00038000432697408873,0.00039572269819810853,4,1
345,4,5.967966069591259,6.023141497840063,0,0.26232158095017327,1.5922830488468978,0.0077740815486694185,8162.344307784356,81.62344307784356,0.0,716.293912549946,944.6996381446708,127513.76934049385,1289815.2421258998,12736.442919864065,47736.90158171318,184990.8269249365,2.492388885358227,2.492388885358228,593.874442036095,49101.472784109734,125893.99180371476,29702.223443671115,1,0.00035298374274942324,0.0003220628800842487,4,1
346,4,6.101180498614787,6.145928079101828,0,0.25708078253836364,1.5984181677597011,0.011657068202342446,6826.102906191296,68.26102906191296,0.0,707.1689554402797,945.2230982146635,127810.74814700898,1291294.867713703,12621.450133074017,48176.22007142181,185591.10761327256,2.638672947292503,2.6386729472925023,593.874442036095,49101.472784109734,126024.85682121295,29702.223443671115,1,0.0002942426711700115,0.00034241024696450784,4,1
347,4,6.086950075574496,5.96761135633618,0,0.26476254998114396,1.6168768164236202,0.023339757230139348,4741.370159617479,47.41370159617479,0.0,690.2385780974579,945.3179256178558,127835.28461299933,1291588.6016918512,12709.135846902103,47845.249939881054,190230.20780065985,2.1925502213901886,2.1925502213901855,593.874442036095,49101.472784109734,126048.56367201103,29709.335498910543,1,0.0001993950472718154,0.0002822071537304167,4,1
348,4,6.255711325912416,6.118114104758004,0,0.258249514956128,1.6221359858814173,0.026668345494567848,6856.667764502913,68.56667764502913,0.0,694.8131340125179,946.2974357983192,128398.84181523722,1293895.2854775381,12557.69666371947,48428.322859699634,189553.12143420638,2.0391409554611792,2.039140955461181,593.874442036095,49101.472784109734,126293.44121712685,29709.335498910543,1,0.00028938242589195677,0.00026100671477792786,4,1
349,4,6.354478917742543,6.438970924215136,0,0.2453808253828372,1.5929288260346455,0.008182801287750254,8067.420756088672,80.67420756088671,0.0,704.0091558038039,947.3087732486913,129048.33530658815,1296603.2301874838,12347.99403679213,49258.36390225488,189829.68213484707,2.1520221165282725,2.1520221165282734,593.874442036095,49101.472784109734,126546.27557971988,29709.335498910543,1,0.0003399856404061368,0.00027625437118996963,4,1
350,4,6.06566196742756,5.986163834160829,0,0.2639419908595757,1.5677447459757419,0.007756489888771012,7590.666021302815,75.90666021302816,0.0,703.9833054043362,947.3087732486913,128990.33843073476,1296505.4105307625,12538.64930229572,48512.49439111441,194317.35702500865,2.424127564079937,2.424127564079937,593.874442036095,49101.472784109734,126546.27557971988,30057.427130823224,1,0.00031250593925383197,0.00031395800185064185,4,1
351,4,6.179625747348219,6.1848732401702025,0,0.2554619858234184,1.6097819308948462,0.01884932335116845,9627.355885827239,96.2735588582724,0.0,712.4998699635772,948.3441327660335,129484.81804264578,1298705.236452797,12588.93548036097,48326.36541205273,191406.77096013207,2.702730678405535,2.7027306784055365,593.874442036095,49101.472784109734,126805.11545905544,30057.427130823224,1,0.0004023830855109097,0.0003516248883902928,4,1
352,4,6.31844319569376,6.293105625109965,0,0.25106840630414357,1.612860128337257,0.020797549580542363,6528.887518127013,65.28887518127013,0.0,700.6864459810784,949.1349515078979,129813.33437212784,1300553.5488282756,12462.550473799496,48822.533249270535,194378.89517832414,2.5249918359150554,2.524991835915056,593.874442036095,49101.472784109734,127002.82014452155,30057.427130823224,1,0.0002687076706403699,0.00032786556513503723,4,1
353,4,6.130948879152549,6.096608870660198,0,0.25916046666593895,1.5940363331399972,0.008883755151896886,7840.243664859519,78.4024366485952,0.0,699.0373911669224,949.2917563811951,129850.13885182564,1300948.7891736897,12577.908722704004,48376.88688917265,196072.33277200037,2.5415209660392892,2.5415209660392915,593.874442036095,49101.472784109734,127042.02136284584,30069.187496320512,1,0.0003198918910798669,0.00033032754907704885,4,1
354,4,6.030263064155463,5.973758505069942,0,0.264490102614468,1.5992489717246399,0.012182893496607465,6890.824610391156,68.90824610391157,0.0,696.5621469589456,949.4295728734029,129797.39129981163,1300919.3944800734,12703.495977354014,47900.87343015369,199588.86974083653,2.2317318917064592,2.2317318917064584,593.874442036095,49101.472784109734,127076.4754858978,30452.942637276585,1,0.00027620075685939,0.0002882667728598756,4,1
355,4,6.205119043745562,6.210604595953923,0,0.2544035730481597,1.591209215646409,0.0070944402825373265,5723.032234057563,57.23032234057563,0.0,686.1952227251008,950.2288855901858,130440.74885869917,1303567.4312417435,12492.703753083755,48716.85835142718,202590.12129890942,2.1240416669805735,2.124041666980573,593.874442036095,49101.472784109734,127276.30366509351,30452.942637276585,1,0.00022599452322212993,0.0002740290570537956,4,1
356,4,6.569787223271456,6.561495256765984,0,0.24079877195228624,1.6037365539387567,0.015023135404276342,11108.917255118282,111.08917255118283,0.0,704.7018061597985,952.328339257992,131130.84787386406,1307294.5855793133,12190.031493399692,49937.07536310997,204314.55829145724,2.4063353057764334,2.406335305776433,593.874442036095,49101.472784109734,127801.16708204507,30452.942637276585,1,0.00043497310609736485,0.0003123894620596283,4,1
357,4,6.574515579677285,6.445882488405134,0,0.24511771706079147,1.6265292534401596,0.02944889458237947,10010.008212577266,100.10008212577266,0.0,712.573415626686,952.7345471541004,131226.96995540938,1307993.5059964613,12272.339343364893,49605.431959731664,204520.60955455268,2.688296695479163,2.6882966954791634,593.874442036095,49101.472784109734,127902.71905607218,30452.942637276585,1,0.0003915501028235398,0.0003508392440476782,4,1
358,4,6.951936018896807,7.004691384722839,0,0.2255631138076924,1.65196481728596,0.04554735271263287,6588.664191179255,65.88664191179255,0.0,690.4783590391231,953.8633758600924,131775.97607466351,1310687.9173970383,12028.10960307307,50617.69325464249,206707.77910223365,2.753615833603608,2.753615833603606,593.874442036095,49101.472784109734,128184.9262325702,30452.942637276585,1,0.00025499433915046344,0.00036050584935712267,4,1
359,4,6.951826064844681,6.9946703136204516,0,0.22588627185520482,1.5975015131144996,0.011076907034493383,7907.541303428705,79.07541303428705,0.0,689.2547900657836,954.4807599044399,132072.42268010325,1312419.9353000503,11828.767189594375,51475.08868600857,203599.61239903618,2.452882952979425,2.452882952979428,593.874442036095,49101.472784109734,128339.27224365708,30452.942637276585,1,0.00031070948358902234,0.00031908464185434184,4,1
360,4,6.746808919755579,6.5908759506125625,0,0.2397253433139116,1.586063634347471,0.0038377432578929906,10727.691227395073,107.27691227395073,0.0,703.4779890725059,954.4807599044399,132017.04915860988,1312337.2827132335,11964.361013766676,50894.08511662067,206692.98745723956,2.511124063030732,2.511124063030728,593.874442036095,49101.472784109734,128339.27224365708,30838.747131596876,1,0.000415212585946658,0.0003269721362287146,4,1
361,4,6.893694571997121,7.01516432739101,0,0.2252263705114964,1.584457085140697,0.0028209399624663737,7237.255636091045,72.37255636091045,0.0,693.1863491558229,955.170400635493,132488.24550347365,1314713.3710815078,11831.055695646424,51474.84598664976,202391.48290705457,2.5875246888695265,2.587524688869526,593.874442036095,49101.472784109734,128511.68242642036,30838.747131596876,1,0.0002860695729736672,0.0003373305475031158,4,1
362,4,3.8357949231097024,3.8177771143675203,0,0.4138533897261716,0.941798419782794,0.4039250507703836,4970.966993379144,49.70966993379144,0.0,671.9636364227638,955.170400635493,132434.44960565845,1314234.0905905883,12228.784162237871,49805.88968936102,199955.15543901917,2.313063420208607,2.313063420208607,593.874442036095,49101.472784109734,128511.68242642036,31577.124292365403,1,0.0001988832739006883,0.00030005514427367116,4,1
363,4,3.8637348321857465,3.832124791292234,0,0.4123039008516231,1.0082799888144673,0.36184810834527387,5845.937638410626,58.459376384106264,0.0,671.4066800070306,955.170400635493,132346.53185701236,1313483.0022305136,12607.91534037326,48313.605548322485,193527.01906103385,1.8947183540894341,1.8947183540894335,593.874442036095,49101.472784109734,128511.68242642036,32520.951578941284,1,0.00024165876854918977,0.00024220387180784843,4,1
364,4,3.744346693003093,3.743798333436607,0,0.4220312792728994,1.027911636378314,0.34942301495043415,4969.428493473012,49.69428493473012,0.0,669.8769108790102,955.170400635493,132312.20804252662,1313007.2427677002,12931.910377648457,47106.7299397117,184876.64571832315,1.7274968548378284,1.7274968548378307,593.874442036095,49101.472784109734,128511.68242642036,33156.21208268065,1,0.00021503758786469552,0.0002185265434381912,4,1
365,5,3.6550495053356102,3.590906388422987,0,0.44000033114031867,1.5905668606622707,0.0066878864951079985,5118.572354496814,51.18572354496814,0.0,998.9288108984376,1025.5285849035329,125650.87568186193,1312400.5014186795,19930.5610538268,45799.512816782284,181296.2694098757,1.8620128569848082,1.8620128569848098,906.4813470493785,48194.99143706036,128511.68242642036,33869.20721186342,1,0.00022586553473639173,0.00022752063038342565,7,1
366,5,3.7000030702820865,3.708095453156571,0,0.42609474862762814,1.593040261047068,0.008253329776625254,2653.256389008184,26.532563890081843,0.0,982.137216197981,1025.6379025958338,125830.26049027008,1312910.2772600015,19824.868182362432,46045.33541071087,185534.95117028515,1.5444630960806192,1.5444630960806192,906.4813470493785,48194.99143706036,128539.01184949561,33869.20721186342,1,0.00011440459588977429,0.00018510257283028717,7,1
367,5,3.7077932018383097,3.6840891536122813,0,0.4288712716006876,1.6042869400019588,0.01537148101389794,7376.529282386311,73.7652928238631,0.0,993.8375123701411,1025.7854331814815,125936.67662600748,1313240.6155271777,19874.113181441804,45932.619601469225,185666.98327149922,1.7967762840974328,1.796776284097432,906.4813470493785,48194.99143706036,128575.89449590755,33880.272005786996,1,0.0003178391398367119,0.0002193697568209593,7,1
368,5,3.7489693551561287,3.749793550028,0,0.4213565304117082,1.587645940193232,0.004839202653944201,2982.012396596478,29.820123965964783,0.0,978.9380706049009,1025.954753747841,126218.36957105163,1314022.3943970513,19662.419858075024,46429.62743139374,189600.46770808706,1.5464178242208535,1.5464178242208537,906.4813470493785,48194.99143706036,128618.22463749745,33880.272005786996,1,0.00012582299749123608,0.00018602224440590742,7,1
369,5,3.6660865115824306,3.6153824705460145,0,0.43702153586018244,1.5721998405904858,0.0049368097528571415,4869.637918984549,48.696379189845494,0.0,974.5257961751785,1025.954753747841,126081.39769152031,1313750.4076013914,19786.917922950815,46139.52439778514,188735.72135824527,1.7703099068726558,1.7703099068726575,906.4813470493785,48194.99143706036,128618.22463749745,34258.99258205931,1,0.0002064108642048247,0.00021669100051092426,7,1
370,5,3.627523315514332,3.593133091610421,0,0.4397276582070199,1.588392134916178,0.005311477795049343,5051.046608737272,50.51046608737273,0.0,978.1245424629157,1026.055774680016,125976.49966846098,1313594.4909771576,19994.333249262763,45662.47115274946,182988.15394795014,1.5408797903480818,1.5408797903480813,906.4813470493785,48194.99143706036,128643.47987054114,34557.57536582921,1,0.00022082507527450165,0.0001843529789901875,7,1
371,5,3.829573607978334,3.8159623894657355,0,0.41405020247623886,1.5921146030358915,0.007667470275880634,8398.26856482613,83.98268564826131,0.0,990.4486588448383,1027.1034823240773,126657.81776476295,1315485.469032176,19483.68108500956,46864.83669400602,184938.86887133817,2.1190866990094825,2.1190866990094808,906.4813470493785,48194.99143706036,128905.40678155646,34557.57536582921,1,0.00036328841486183414,0.00026350811811372016,7,1
372,5,3.9429153593653816,3.9340387418855776,0,0.4016228877407315,1.5967422958460618,0.010596389775988407,4553.65681323383,45.536568132338296,0.0,975.5077980777181,1027.5776868418964,127115.20129186587,1316844.9126057825,19230.430361579452,47486.66045681551,187670.1977874105,2.083411472977755,2.0834114729777533,906.4813470493785,48194.99143706036,129023.95791101121,34557.57536582921,1,0.0001941131566725211,0.000259408882269619,7,1
373,5,4.2011433588832094,4.1931731192792245,0,0.37680294971260103,1.6345235957195545,0.03450860488579396,4266.19168775092,42.661916877509206,0.0,960.1456364237007,1028.2735685458883,127736.65798317725,1318574.8390433767,18850.011869626287,48449.34780283071,190312.0326641048,1.976871310415884,1.9768713104158817,906.4813470493785,48194.99143706036,129197.92833700923,34557.57536582921,1,0.00017933460656292292,0.00024557872603242606,7,1
374,5,4.43054973353731,4.5472089904239175,0,0.3474658858493995,1.671645785218477,0.058003661530681566,5118.3621971493385,51.18362197149339,0.0,961.1028282533339,1029.2790581099357,128185.26060975403,1320138.6101979888,18563.63997129719,49201.290641584084,193492.0966518766,1.60496685261106,1.604966852611061,906.4813470493785,48194.99143706036,129449.30072802104,34557.57536582921,1,0.00021162051724967745,0.00019502276016170714,7,1
375,5,4.371346984819677,4.384662943650809,0,0.3603469685823655,1.6041278192255095,0.015270771661714835,9901.745815894552,99.01745815894552,0.0,979.4838191335035,1030.5049997103931,128827.87646579865,1322168.8478170156,18308.742980403,49892.450878299904,196407.5490991359,2.1147475654438463,2.1147475654438437,906.4813470493785,48194.99143706036,129755.7861281354,34557.57536582921,1,0.0004033142661292183,0.00026475646331393957,7,1
376,5,4.23860078456821,4.244823157850266,0,0.3722180974908198,1.58059059174256,0.000373792242126539,7076.3729249199905,70.76372924919991,0.0,975.1645849367195,1030.6465271688915,128864.539725228,1322421.5048515466,18456.728942127524,49494.60422158859,198474.54070151565,2.369737459078322,2.369737459078319,906.4813470493785,48194.99143706036,129791.16799275999,34568.18992521659,1,0.0002852304542399559,0.00030005507920628387,7,1
377,5,4.0464538536146994,4.001606641437153,0,0.3948414078582578,1.5473516284745916,0.02066352628190408,5803.217291583827,58.032172915838274,0.0,957.8094642755195,1030.6465271688915,128716.95754066149,1322095.5982263354,18690.599152836014,48877.479156382215,201803.40880121588,2.4084957039977555,2.4084957039977555,906.4813470493785,48194.99143706036,129791.16799275999,35068.57612764659,1,0.00023005428207806817,0.0003061996674824141,7,1
378,5,4.168880407266651,4.148039537008219,0,0.3809028303379138,1.604304613742303,0.015382666925508139,5440.199240015527,54.40199240015527,0.0,949.5631631922026,1030.7553311536917,128741.60121869433,1322296.8561635197,18750.17941031937,48723.44996507683,204808.0198258689,1.9401685903869859,1.9401685903869839,906.4813470493785,48194.99143706036,129818.36898896006,35076.73642650661,1,0.00021249946148166945,0.00024259473259989788,7,1
379,5,4.019576733402886,4.109442452225471,0,0.38448038106589133,1.5574693972118754,0.014259875182357397,3359.5489261361413,33.595489261361415,0.0,933.6792470925847,1030.8225221322145,128760.9450998602,1322447.9411584157,18814.584697252947,48557.40153424524,208280.26377086813,1.554499297372728,1.5544992973727265,906.4813470493785,48194.99143706036,129835.16673359074,35081.775749895816,1,0.00012903954951130756,0.0001905310976903484,7,1
380,5,3.944017879317145,3.9298298906058577,0,0.402053026207812,1.5631771935422372,0.010647345859343611,3469.5004974833973,34.69500497483397,0.0,925.4338650612304,1030.8225221322145,128669.54639266232,1322269.7682878552,19029.04890667204,48011.773344930785,209115.77459996467,1.315584730017558,1.3155847300175585,906.4813470493785,48194.99143706036,129835.16673359074,35355.06281853208,1,0.00013273032143540578,0.0001580897774761276,7,1
381,5,3.8312405799150366,3.9298298906058577,1,0.402053026207812,1.5539226380175533,0.016504659482561274,7345.694642037636,73.45694642037637,0.0,938.8652709101532,1030.9694360250553,128701.13944960247,1322450.2393968974,19250.32342107104,47462.221389211205,209350.75816461883,1.4837091035555543,1.4837091035555539,906.4813470493785,48194.99143706036,129871.89520680092,35366.08136049514,1,0.00028070381808740314,0.00018082456301137214,7,1
382,5,3.9655326221374456,3.9612920637688007,0,0.3988597595343114,1.60576098548456,0.016304421192759468,8231.345427939737,82.31345427939738,0.0,949.1724145610981,1031.1340629336141,128745.48287990804,1322673.0425639397,19234.785467188096,47501.570868551324,209463.7325010295,1.9364068126321456,1.9364068126321465,906.4813470493785,48194.99143706036,129913.05193394062,35378.42837863705,1,0.00031437787648128655,0.0002426040053346985,7,1
383,5,3.959743510543293,3.997535495487883,0,0.3952435198595197,1.5772337680172217,0.0017507797359356749,5170.190093313102,51.70190093313102,0.0,933.1325426910016,1031.3771330922568,129079.85977470958,1323675.2536996782,19077.812626948726,47896.03562691175,208915.14683418346,2.09281880837652,2.0928188083765176,906.4813470493785,48194.99143706036,129973.81947360131,35378.42837863705,1,0.00019798239320260286,0.00026435469592376416,7,1
384,5,3.8083148370234294,3.718798495465205,0,0.4248684089570035,1.5617449086722734,0.011553855270713053,5328.873002586733,53.28873002586732,0.0,924.6066447478124,1031.3771330922568,128938.17565905259,1323379.5203852593,19358.076032485777,47204.66688341447,204535.79812425177,1.9189167920137644,1.9189167920137675,906.4813470493785,48194.99143706036,129973.81947360131,35805.37605976781,1,0.00020842798381335824,0.0002402627511657492,7,1
385,5,3.645705803579358,3.66604051468496,0,0.4309826892722643,1.520410663588097,0.037714769880951335,6259.995070538194,62.59995070538194,0.0,928.1687041873217,1031.3771330922568,128806.1024632254,1323034.3980268245,19521.979664522343,46810.63890485101,206893.24566597285,1.7416843553822432,1.7416843553822412,906.4813470493785,48194.99143706036,129973.81947360131,36268.79964239029,1,0.0002420570106244994,0.00021615579588015352,7,1
386,5,3.5879923612094813,3.52032943422163,0,0.4488216314759046,1.5309802917625785,0.031025131795836405,4378.309861913267,43.78309861913267,0.0,917.3819786884435,1031.3771330922568,128690.96534391398,1322789.4698388937,19747.03670275643,46278.9868865281,210939.83676841707,1.6589735196487834,1.658973519648785,906.4813470493785,48194.99143706036,129973.81947360131,36626.16156780481,1,0.00016604961600382955,0.00020551153681389574,7,1
387,5,3.771505122868663,3.7751765864677975,0,0.41852346872025653,1.5816973510999743,0.0010742728480849777,4130.333868639249,41.30333868639249,0.0,908.8079122408276,1031.5654204637508,128969.86495628071,1323570.0574250093,19577.55616434243,46682.036431127235,206346.40401560173,1.5434704138296529,1.543470413829654,906.4813470493785,48194.99143706036,130020.8913164748,36626.16156780481,1,0.00016013204158680497,0.00018941288940504464,7,1
388,5,3.846534772567618,3.901443878270937,0,0.4049782719674115,1.5693117058300035,0.0067647431455674775,5985.78860999478,59.8578860999478,0.0,915.1430468217303,1032.1170382066555,129637.52292614734,1325281.5847272386,19310.855885849724,47332.775494513146,200453.9579728967,1.5416414141281363,1.541641414128136,906.4813470493785,48194.99143706036,130158.79575220098,36626.16156780481,1,0.0002388893158519371,0.00018835699114752387,7,1
389,5,3.628610557257653,3.6347543328160596,0,0.4346923767956225,1.516718673276491,0.040051472609815855,4874.010687757023,48.740106877570234,0.0,912.756034817028,1032.1170382066555,129538.67278597843,1325040.837769679,19546.634045066778,46763.53229143073,197213.8102393475,1.6209892896874105,1.6209892896874096,906.4813470493785,48194.99143706036,130158.79575220098,36971.65486301531,1,0.0001977147820161968,0.0001989120464849796,7,1
390,5,3.4427951943798365,3.493884934484222,0,0.452218670513614,1.47337872683263,0.06748181846036085,4414.118489051204,44.141184890512044,0.0,905.1545626570462,1032.1170382066555,129401.120448076,1324680.3707762489,19778.922025236683,46216.75096727093,197723.851079133,1.6640824352826618,1.6640824352826604,906.4813470493785,48194.99143706036,130158.79575220098,37437.47977082721,1,0.0001785973099334217,0.0002050671359338519,7,1
391,5,3.4007650280514508,3.4247749332441657,0,0.46134418488730383,1.4890432420857378,0.057567568300165996,3061.201943887534,30.61201943887534,0.0,894.0119024868309,1032.1170382066555,129307.39517153129,1324468.5683239421,20006.62387601127,45692.31093088748,195047.51147903522,1.3885151560019493,1.3885151560019493,906.4813470493785,48194.99143706036,130158.79575220098,37734.05985152671,1,0.0001255571802244324,0.0001672897573913503,7,1
392,5,3.404634848458999,3.4569611783511,0,0.45704881208808595,1.5127547888851784,0.04256026019925419,6240.665118731706,62.40665118731706,0.0,902.357618726901,1032.1170382066555,129240.89384347544,1324274.7866447486,20154.293345827766,45359.63791054229,198145.15951815958,1.5194419521619216,1.5194419521619205,906.4813470493785,48194.99143706036,130158.79575220098,38020.51506607003,1,0.0002519633639865833,0.0001853726180481458,7,1
393,5,3.2876585265790914,3.2840199614247605,0,0.4811176602332596,1.4934903235875443,0.05475295975471884,5078.48023581579,50.784802358157904,0.0,902.6941757120356,1032.1170382066555,129127.27603843411,1323979.903477368,20379.173212304504,44861.196298295115,196784.73510351745,1.5884485884644912,1.5884485884644917,906.4813470493785,48194.99143706036,130158.79575220098,38409.59729048547,1,0.00020645830005642607,0.0001946596147558139,7,1
394,5,3.327367838453273,3.3565515718169636,0,0.47072120484200297,1.5461237796643987,0.02144064578202616,5684.86646401156,56.8486646401156,0.0,901.5471636014299,1032.1170382066555,129016.40397148281,1323754.8775137707,20611.493224538608,44357.392700288015,194892.94971338133,1.8521631402018284,1.8521631402018301,906.4813470493785,48194.99143706036,130158.79575220098,38741.01867859993,1,0.0002333533962053318,0.00023059168674944707,7,1
395,5,3.3967605926362245,3.386313958138898,0,0.4665840260329437,1.5889292893170657,0.005651448934851647,2683.064302560465,26.83064302560465,0.0,884.1650714274791,1032.1706994927067,129032.22348558053,1323863.989430449,20680.517779775288,44210.128356212816,194530.0047897096,1.5046007985876029,1.5046007985876024,906.4813470493785,48194.99143706036,130172.21107371378,38745.04327505377,1,0.00011034037882067214,0.00018338402502747668,7,1
396,5,3.4831931450401923,3.4863916753426323,0,0.4531906185912753,1.5920895413654221,0.0076516084591278875,3584.5689580990675,35.84568958099067,0.0,878.3068137817115,1032.3707859521537,129282.1307626859,1324522.0245257972,20443.08377882913,44725.63095969502,194985.69434482238,1.3586050031348318,1.3586050031348318,906.4813470493785,48194.99143706036,130222.23268857552,38745.04327505377,1,0.00014707002870723175,0.00016358793457774522,7,1
397,5,3.6303402241674054,3.6257520017019154,0,0.435771668679588,1.618650835221624,0.024462553937736668,5287.914792182743,52.87914792182744,0.0,885.0517921081515,1032.9903591844993,129780.32209314013,1325719.8152626622,20191.632788995066,45286.16988324711,197689.25019085605,1.3104817597554883,1.3104817597554865,906.4813470493785,48194.99143706036,130377.12599666191,38745.04327505377,1,0.00021398896650485984,0.00015713312467758792,7,1
398,5,3.763221962747398,3.7821058376189542,0,0.4177566857818812,1.6050275929179085,0.01584024868222054,5848.275861792165,58.482758617921654,0.0,889.5105363155506,1033.6512697259004,130288.92144370724,1327090.6148779055,19749.095822352527,46304.64390208221,201019.07006343897,1.6064360477095943,1.606436047709596,906.4813470493785,48194.99143706036,130542.35363201216,38745.04327505377,1,0.00023274511656815554,0.00019793470392674904,7,1
399,5,3.7135519054803146,3.7003026575530567,0,0.426992099355685,1.6039283916422022,0.015144551672279856,3118.882627239811,31.18882627239811,0.0,872.7256341476088,1033.713647378445,130308.92880229447,1327220.7907116301,19874.15313518987,46014.33557107064,204974.5168002286,1.5386638750636006,1.5386638750635984,906.4813470493785,48194.99143706036,130557.94804514837,38749.721598994634,1,0.00012172762452337522,0.00018948723586546354,7,1
400,5,3.949055208061523,3.7003026575530567,1,0.426992099355685,1.7052043472342253,0.07924325774318053,4137.98160936044,41.379816093604404,0.0,867.9253766737587,1034.3397679741647,130464.82222192753,1327661.5306150056,19871.708711821808,46020.56927006078,207896.18683836958,1.402396625410091,1.4023966254100908,906.4813470493785,48194.99143706036,130714.47819407829,38749.721598994634,1,0.0001592326120950951,0.0001712351177288753,7,1
401,5,3.942021722024085,3.8999613570412737,0,0.4051322193609312,1.6812676674408138,0.0640934604055783,3958.595871135581,39.585958711355815,0.0,867.2694590045647,1035.0199311345048,130857.0345868727,1328667.366282166,19749.85814418447,46306.945240776295,207127.56841937153,1.2085445183843275,1.2085445183843257,906.4813470493785,48194.99143706036,130884.51898416327,38749.721598994634,1,0.0001528949874261298,0.00014461840801486672,7,1
402,5,3.888690203400653,3.8590641894045934,0,0.40942568520576356,1.635242535775017,0.03496363023735255,3730.127500933279,37.30127500933279,0.0,862.8114642145308,1035.5092763057078,131228.18132663818,1329706.0312092004,19611.520471725897,46637.19654041853,210215.94340184936,1.2547429918729447,1.254742991872944,906.4813470493785,48194.99143706036,131006.855276964,38749.721598994634,1,0.00014195412357673586,0.00015136057436598694,7,1
403,5,3.6683297223001663,3.653938195679882,0,0.43241016004815375,1.5789578254026777,0.0006596041755204842,3473.5711299706227,34.735711299706225,0.0,858.2512825419215,1035.5787477283072,131105.485010794,1329484.9306587912,19841.829192004792,46097.73016025412,208580.63921726902,1.1918391680716038,1.1918391680716036,906.4813470493785,48194.99143706036,131024.22313261384,39088.06698250303,1,0.00013322698187159587,0.00014269203095815383,7,1
404,5,3.637374890732255,3.6590634588827493,0,0.43180448159880613,1.577970148563124,0.0012847160992887172,6223.478659687622,62.23478659687622,0.0,867.1841211347577,1035.703217301501,131144.87912309446,1329636.3665605532,19920.04793349195,45917.65074988557,209133.96949329873,1.4002519542471206,1.4002519542471201,906.4813470493785,48194.99143706036,131055.34052591228,39097.40220049256,1,0.0002380666775375118,0.00017108259432861448,7,1
405,5,3.6292014084486417,3.613094116805017,0,0.43729832352032966,1.578356758178982,0.0010400264689988353,3011.955931554432,30.119559315544322,0.0,854.2717552670312,1035.763456420132,131158.08650079218,1329753.0274048182,19945.083960529362,45860.81468976187,211196.64430485744,1.3287420723993928,1.3287420723993915,906.4813470493785,48194.99143706036,131070.40030557006,39101.92013438989,1,0.00011409105259103431,0.0001617949040000473,7,1
406,5,3.6200779663331817,3.5464578882977147,0,0.44551494752370896,1.5992514822676183,0.012184482447859614,3252.108845494574,32.52108845494574,0.0,845.0321970968496,1035.8284985970417,131082.30296424506,1329658.3672758671,20102.205825868838,45503.507854648175,203863.513474906,1.318752576481592,1.3187525764815922,906.4813470493785,48194.99143706036,131086.66084979754,39314.64367166395,1,0.00012761906395358512,0.00015992559802737707,7,1
407,5,3.621873044625501,3.5829818812753347,0,0.4409734830804144,1.6126135114095435,0.02064146291743252,3190.8263186278728,31.908263186278727,0.0,843.1365038972292,1035.8923151234144,131101.3212105075,1329753.0222264663,20181.17339731491,45326.203345995076,202006.9607305536,1.0479931348918472,1.0479931348918474,906.4813470493785,48194.99143706036,131102.61498139068,39319.429911141895,1,0.00012636500473402784,0.00012269170709288242,7,1
408,5,3.809464328872003,3.5829818812753347,1,0.4409734830804144,1.6999908950873728,0.07594360448567893,5111.832228951394,51.11832228951395,0.0,849.0776408618676,1036.8109805489903,131438.54889312616,1330623.655171101,20204.616107570273,45275.986220141356,205437.39369893027,1.253266040904577,1.253266040904576,906.4813470493785,48194.99143706036,131332.28133778466,39319.429911141895,1,0.00019906141279976773,0.00015101516049579355,7,1
409,5,3.9248089561047768,4.004227775483403,0,0.3945829479715992,1.683377736507423,0.06542894715659675,6902.575153322902,69.02575153322903,0.0,858.7624081447823,1038.4137197981415,132279.2032583424,1332770.2452432641,19808.93204409495,46184.68702029904,204303.85000448758,1.6029910410240829,1.6029910410240815,906.4813470493785,48194.99143706036,131732.96615007246,39319.429911141895,1,0.0002702866403416788,0.0001985710192918248,7,1
410,5,4.109059536373336,4.1159121218819035,0,0.3838760287422226,1.6478345855142136,0.042933281971021205,3684.2463958213107,36.84246395821311,0.0,844.3847668607082,1039.251302173465,133142.73315356812,1335019.7256596286,19155.349080393516,47766.00182037645,201765.33635352275,1.6502946187319525,1.6502946187319536,906.4813470493785,48194.99143706036,131942.36174390337,39319.429911141895,1,0.0001460804501865857,0.00020514283444267737,7,1
411,5,4.107449961901737,4.092007559284078,0,0.3861185437977125,1.5842942452011335,0.002717876709578112,8440.205298166584,84.40205298166585,0.0,855.9163361230737,1039.7843109479672,133524.79312840142,1336211.788311602,18786.798032416096,48706.7557660077,205964.59377421907,1.9625639213463864,1.9625639213463848,906.4813470493785,48194.99143706036,132075.61393752892,39319.429911141895,1,0.0003278313090032879,0.0002480661331771841,7,1
412,5,4.2610003650387425,4.243589422716626,0,0.37232631214085,1.6059112791969916,0.016399543795564266,3984.4769524610256,39.84476952461026,0.0,841.726687434672,1040.1479197008628,133888.70720443592,1337334.5763136132,18571.303988328276,49275.656817779505,209804.1717391684,1.6693213892783907,1.6693213892783894,906.4813470493785,48194.99143706036,132166.5161257528,39319.429911141895,1,0.00015193127646344746,0.0002086143452177737,7,1
413,5,4.33422266416369,4.352680341622856,0,0.3629947241682609,1.5953183009388185,0.009695127176467389,9137.838293536497,91.37838293536497,0.0,852.4825894761005,1040.8828306783205,134260.28069235795,1338678.2541264177,18353.716223718573,49864.08842778054,213805.88489360941,2.144939195170836,2.144939195170837,906.4813470493785,48194.99143706036,132350.2438701172,39319.429911141895,1,0.0003419115726616606,0.00027389138604279865,7,1
414,5,3.928036762380066,3.9619023208630995,0,0.3987983226340112,1.472949636278861,0.06775339476021461,2890.7626135956993,28.907626135956995,0.0,830.0727071348227,1040.8828306783205,134158.9937049,1338441.0167413217,18525.45746402217,49403.37141629912,212636.61787560297,1.6088162403989987,1.6088162403989998,906.4813470493785,48194.99143706036,132350.2438701172,39681.898114893156,1,0.00010875878830190417,0.00020086721247567074,7,1
415,5,3.987756050017943,3.987791008703196,0,0.39620932906255935,1.528102621864115,0.03284644185815514,4332.584812296909,43.32584812296909,0.0,819.5084080188783,1040.8828306783205,134079.39521402447,1338271.2161002618,18727.58583841228,48871.74634793596,210862.64995713305,1.638467526748328,1.6384675267483269,906.4813470493785,48194.99143706036,132350.2438701172,39975.31341300104,1,0.00016437561846738413,0.00020501532647698297,7,1
416,5,4.110757187077756,4.051031685883954,0,0.3900241031205947,1.5953630307162006,0.009723437162152206,7021.562582436948,70.21562582436948,0.0,831.5470630662604,1041.0232619299693,134112.48811121733,1338454.230006509,18847.226274146607,48563.47387475044,210007.75909925072,1.460016173473154,1.4600161734731543,906.4813470493785,48194.99143706036,132385.35168302938,39985.84575687469,1,0.00026747821556892185,0.00018020420744607006,7,1
417,5,4.108910215445244,4.114806821669006,0,0.38397914373028486,1.5878669973341817,0.004979112236823806,7226.597800643674,72.26597800643674,0.0,837.5170143406939,1041.167793885982,134317.33749393775,1339095.8574291829,18807.57021218591,48668.192929442404,211448.6206056593,1.860720227718957,1.8607202277189563,906.4813470493785,48194.99143706036,132421.4846720326,39996.68565357565,1,0.0002734129087224798,0.00023508891425292862,7,1
418,5,4.204936910486615,4.1983431698572335,0,0.3763389356410635,1.5987141068100597,0.011844371398771888,8834.270171656788,88.34270171656789,0.0,844.4324971409872,1042.0132488071872,134863.52384860656,1340738.1698868268,18655.921739352485,49068.79446849909,214881.6401545718,2.2599232000821123,2.2599232000821106,906.4813470493785,48194.99143706036,132632.84840233388,39996.68565357565,1,0.0003288980916304247,0.00028992973864060877,7,1
419,5,4.199085489868609,4.149751288529431,0,0.3807457098374474,1.6161716968244668,0.022893479002827056,5140.757165757028,51.40757165757028,0.0,827.1754019566157,1042.1160639505024,134896.75613521136,1340952.999156539,18770.74259079958,48769.54162850055,214224.03499588062,2.0737032340800283,2.0737032340800283,906.4813470493785,48194.99143706036,132658.55218816266,40004.39678932429,1,0.00019197685883774458,0.00026476261973021635,7,1
420,5,4.1590275331912006,4.16879026801175,0,0.3790068337387384,1.5967271365431766,0.010586795280491442,3197.2186768943507,31.97218676894351,0.0,804.4093606983357,1042.1800083240403,134969.0777765318,1341267.9505108495,18747.308765097063,48831.4950894348,214673.1002336777,1.694158280399691,1.6941582803996915,906.4813470493785,48194.99143706036,132674.53828154714,40009.19261733963,1,0.00011914743573979558,0.00021334079540265497,7,1
421,5,4.050654486984968,4.056741821361754,0,0.3894751181058968,1.5819641439905858,0.001243129107965667,4137.916684672628,41.379166846726285,0.0,802.1942283492336,1042.2627666577337,134993.63309443378,1341407.8424901243,18908.66823030348,48416.066888077774,215225.12195452585,1.2673791267720904,1.2673791267720906,906.4813470493785,48194.99143706036,132695.2278649705,40015.39949236664,1,0.00015380794387179073,0.00015497741281644364,7,1
422,5,3.9187317571502156,3.945928860202958,0,0.4004126926704738,1.5657444931724511,0.00902247267566389,6691.189260211097,66.91189260211097,0.0,812.8325637566578,1042.2627666577337,134890.37797407675,1341168.3119532613,19125.911267383293,47868.16507722319,214365.5384823588,1.4102233682282599,1.4102233682282614,906.4813470493785,48194.99143706036,132695.2278649705,40358.396054781406,1,0.00024971137833376135,0.00017422225264844925,7,1
423,5,3.816855023570699,3.881672886996387,0,0.40704099649741315,1.5760554480386157,0.0024965518742938756,9962.852750602226,99.62852750602225,0.0,830.2620649830076,1042.4620237127458,134950.14287186266,1341412.4130098317,19443.801109725235,47088.55264916158,210394.0387250303,2.047745176734195,2.0477451767341925,906.4813470493785,48194.99143706036,132745.04212872352,40373.34033390731,1,0.0003788264272496028,0.0002607819164850516,7,1
424,5,3.7514549450271213,3.7238651582588638,0,0.42429033621044093,1.5716800002328222,0.005265822637454366,3781.9818243279656,37.819818243279656,0.0,803.9364231393367,1042.4620237127458,134867.14768555498,1341313.5034203946,19585.570363788236,46748.94684765717,211092.01457688116,2.017221027599191,2.017221027599191,906.4813470493785,48194.99143706036,132745.04212872352,40611.81631661139,1,0.0001433301712301596,0.00025728932560450794,7,1
425,5,3.380246163893548,3.4287936041132068,0,0.4608034727154822,1.4413268765434448,0.08776779965604763,2971.8505717769253,29.718505717769254,0.0,782.0644149369432,1042.4620237127458,134804.41439902867,1341169.568678324,19759.123496657718,46339.73215128824,202127.24438258543,1.6980215820598186,1.6980215820598166,906.4813470493785,48194.99143706036,132745.04212872352,40866.22017002975,1,0.00011762295897733892,0.00021325985248570045,7,1
426,5,3.3656587581169073,3.421259867369613,0,0.4618181784638185,1.4675825644567755,0.07115027566026873,5066.2020793097445,50.66202079309745,0.0,788.3071429849136,1042.4620237127458,134695.13747965387,1340832.7658675066,19981.908417081966,45825.213992464705,194449.2309687235,1.2901455372173982,1.2901455372173976,906.4813470493785,48194.99143706036,132745.04212872352,41281.69086241913,1,0.00020843289753610293,0.00015646200924786715,7,1
427,5,3.3658404925797987,3.3705258313614146,0,0.468769586424386,1.5176837127053056,0.03944068816119906,4839.163232579207,48.391632325792074,0.0,791.3577830089949,1042.4620237127458,134540.92108990837,1340460.0497626394,20320.085254743193,45064.83478113775,191410.2064617198,1.4364557366208102,1.4364557366208104,906.4813470493785,48194.99143706036,132745.04212872352,41737.83484313759,1,0.00020225309076387184,0.00017610298242577122,7,1
428,5,3.396777227548554,3.441697240704563,0,0.45907582494866755,1.5516616276153223,0.017935678724479577,4187.757345787899,41.87757345787899,0.0,785.5051602404104,1042.4620237127458,134477.6326991204,1340357.8390183118,20452.824119699468,44773.7354410329,192219.47955563758,1.5726004612695734,1.5726004612695736,906.4813470493785,48194.99143706036,132745.04212872352,41930.693052313865,1,0.0001742906538075715,0.00019499221403584876,7,1
429,5,3.341121317630003,3.3090993142777982,0,0.47747131468153914,1.5421419904490137,0.023960765538598983,4075.7279292020103,40.7572792920201,0.0,780.7356878946364,1042.4620237127458,134366.45059762787,1340134.5665189228,20559.496579601844,44543.09183413675,196047.63456978856,1.4663150564740643,1.466315056474066,906.4813470493785,48194.99143706036,132745.04212872352,42239.26331614924,1,0.00016631582168878014,0.00018095318875340782,7,1
430,5,3.643592615648461,3.654596614722154,0,0.4323322562154023,1.6005104383893858,0.012981290119864373,6089.022928669652,60.890229286696524,0.0,787.3730364541511,1043.2109758181314,134909.92092111765,1341612.5084464052,20057.630992587794,45661.58046775239,198773.31543321055,1.5697138500888637,1.5697138500888639,906.4813470493785,48194.99143706036,132932.28015506992,42239.26331614924,1,0.000245063998269551,0.00019522349125530088,7,1
431,5,3.784159164769091,3.8207566709817558,0,0.41353065271074013,1.5777280179333553,0.0014379633333194977,3885.758793640038,38.857587936400385,0.0,778.3005507685299,1043.633328641926,135514.96511475774,1343217.6726009964,19541.996628149223,46871.2127804916,202680.08580548584,1.5143984995124904,1.51439849951249,906.4813470493785,48194.99143706036,133037.8683610186,42239.26331614924,1,0.00015337506013764928,0.00018825162669866015,7,1
432,5,3.6854949255425287,3.7106317396155726,0,0.4258035048672576,1.5624810908461602,0.011087917185974627,5384.730501660832,53.84730501660832,0.0,778.6296187840296,1043.7410232519592,135529.90062837256,1343343.6297572039,19706.20044270847,46481.90762679557,204625.23508162657,1.620689992773991,1.6206899927739924,906.4813470493785,48194.99143706036,133064.7920135269,42280.484389285724,1,0.00021052068185090943,0.00020298658008603658,7,1
433,5,3.909411966563245,3.8862578969898833,0,0.4065607692232148,1.5964955049989284,0.010440193037296442,4648.508573633227,46.485085736332266,0.0,777.4432354468211,1044.2034112141182,135986.76151352312,1344616.7780180988,19341.47250311166,47362.35324049311,201139.31961436887,1.4764513355800002,1.4764513355800013,906.4813470493785,48194.99143706036,133180.38900406667,42280.484389285724,1,0.00018488711536045782,0.00018292761911633884,7,1
434,5,3.977385037548295,3.9771549116947016,0,0.39726891083725674,1.592459088949448,0.007885499335093688,7097.560584939482,70.97560584939482,0.0,785.1972016048678,1044.708133084663,136420.93851596868,1345795.922884771,19151.8748004036,47834.43468075281,204396.98044663045,1.7783429674569688,1.7783429674569702,906.4813470493785,48194.99143706036,133306.56947170285,42280.484389285724,1,0.00027779512473933866,0.00022440097398356864,7,1
435,5,3.9288428615165354,3.8831419034003876,0,0.40688701039136027,1.593268390139435,0.008397715278123441,5288.08779504118,52.880877950411794,0.0,780.0292537364566,1044.8138948405638,136401.47162035742,1345858.9829303967,19274.994137352387,47530.23633116992,207978.074358686,1.7577176370610237,1.7577176370610244,906.4813470493785,48194.99143706036,133333.00991067805,42402.69077269242,1,0.0002034094338587313,0.00022203055798617594,7,1
436,5,3.97687709464847,4.0223998773092875,0,0.392800330199123,1.5695381807422077,0.006621404593539447,4370.125518589333,43.70125518589333,0.0,768.5384066544786,1045.0595119722504,136814.6356411651,1347036.4133044784,19015.818342823382,48182.05337815321,206183.67241338227,1.7195847627878793,1.7195847627878809,906.4813470493785,48194.99143706036,133394.41419359972,42402.69077269242,1,0.0001695624281956748,0.00021692232893124824,7,1
437,5,4.178988747887171,4.125357618898626,0,0.38299709890892397,1.6011803333118522,0.013405274248007654,5749.659890072411,57.49659890072411,0.0,771.8866648126873,1045.5069083824826,137163.82199471616,1348090.5575256897,18736.887891276536,48902.201731463414,209281.78923834735,1.5769999656963587,1.5769999656963578,906.4813470493785,48194.99143706036,133506.26329615776,42402.69077269242,1,0.00021978634303529296,0.000197586068363233,7,1
438,6,4.368278333857107,4.429496846977384,0,0.3566996556455766,2.167448185646207,0.371802649143169,8013.704533072462,80.13704533072462,0.0,929.1781703415894,1067.0554143191805,130841.08033106943,1349928.5761564726,25051.06276711306,50487.94958530867,207837.84944678575,1.8611811402393712,1.8611811402393739,1039.1892472339287,47155.80218982643,133702.5361033763,42402.69077269242,1,0.00030845987116987633,0.0002326028808002814,10,1
439,6,4.422197691974572,4.425491123708252,0,0.3570225215311404,2.002359855187979,0.26731636404302456,4107.853571461904,41.078535714619036,0.0,911.8330588173325,1069.5201264620575,132099.95364176508,1353704.8408748584,23932.921234492147,52855.688637167885,208149.69924940847,1.8294696783668525,1.829469678366855,1039.1892472339287,47155.80218982643,134318.7141390956,42402.69077269242,1,0.00015788074011252083,0.0002287089847725634,10,1
440,6,4.44688879308556,4.511946789802873,0,0.3501814346682555,1.8786697849096854,0.18903150943650968,4338.628555185886,43.38628555185886,0.0,900.1799818241955,1071.9450145993048,133553.2018056367,1357474.5810470644,23119.091979751945,54723.84335814266,208378.1526801118,1.697754021079618,1.6977540210796183,1039.1892472339287,47155.80218982643,134924.93617340742,42402.69077269242,1,0.00016656750237521335,0.0002109693712192035,10,1
441,6,4.53781604489929,4.509205186386024,0,0.35039434549801823,1.7816375191779266,0.12761868302400411,7326.7551934675885,73.2675519346759,0.0,911.3081967871959,1075.3616218069772,134833.02934423956,1361743.649560399,22289.41582853774,56770.958003197346,204489.4599031221,1.6496340792622977,1.6496340792622959,1039.1892472339287,47155.80218982643,135779.08797532547,42402.69077269242,1,0.00028663600351582625,0.00020369474866785347,10,1
442,6,4.818949560032769,4.788402427785256,0,0.3299639125633778,1.7385381040495433,0.10034057218325523,3410.171541299287,34.101715412992874,0.0,896.1799208017037,1076.698705143915,135983.11104382502,1365191.4037058947,21367.737471444914,59227.95068285765,201603.98033816885,1.594329341059943,1.5943293410599426,1039.1892472339287,47155.80218982643,136113.35880955996,42402.69077269242,1,0.0001353215957573494,0.00019617503388279632,10,1
443,6,4.906001162888313,4.923904001208054,0,0.32088359147789136,1.679900903121783,0.06322841969733102,7672.936534240434,76.72936534240435,0.0,904.7011938295747,1078.4991612921735,136973.90420556453,1368264.6445836048,20818.09387853764,60797.3914338801,203439.19639301574,1.9232873408281645,1.9232873408281634,1039.1892472339287,47155.80218982643,136563.47284662462,42402.69077269242,1,0.00030172893602734875,0.00024122884510017478,10,1
444,6,5.010191204937674,4.907162755640391,0,0.32197831591868775,1.644307973114493,0.04070124880664106,8383.164222652802,83.83164222652802,0.0,915.6996977845304,1080.328249840516,137730.72630649825,1371283.955225419,20382.63582277635,62105.70306929416,197832.10502482238,2.057338944564422,2.057338944564424,1039.1892472339287,47155.80218982643,137020.74498371023,42402.69077269242,1,0.00033900116350077554,0.0002586838984284912,10,1
445,6,4.904130990657319,4.8786474547817305,0,0.3238602532042744,1.5876568586590616,0.0048461130753553894,8775.187918813968,87.75187918813968,0.0,919.6909667368875,1080.5037535988922,137963.36238757567,1372219.6075557494,20244.545702613123,62533.60317154248,199445.40211257062,2.583913570775477,2.583913570775475,1039.1892472339287,47155.80218982643,137064.6209233043,42415.85355457064,1,0.0003519835634560717,0.00033090455432806536,10,1
446,6,4.852790172903561,4.808319739146504,0,0.3285971161893773,1.5910897378474453,0.0070188214224337145,5304.872379033863,53.04872379033863,0.0,901.3228265389824,1080.6098510464728,137899.2458115055,1372206.8939647004,20373.61802055964,62139.10564869869,194077.42450910504,2.383005157325347,2.383005157325348,1039.1892472339287,47155.80218982643,137091.14528519945,42698.82374735412,1,0.00021867035354377297,0.00030321836016687344,10,1
447,6,4.824678465809346,4.877881758874052,0,0.3239110905313759,1.5861746689110678,0.003908018298144159,6933.491214439293,69.33491214439293,0.0,899.2762320133331,1080.7485208707617,138045.77036635956,1372835.387343744,20401.86876821932,62056.505401054805,199602.65382262104,2.229239062992463,2.229239062992464,1039.1892472339287,47155.80218982643,137125.81274127166,42709.223984175784,1,0.00027789174468996036,0.0002828485538966017,10,1
448,6,4.98804155491484,4.962721984593479,0,0.31837366769789455,1.6038578436226556,0.015099901026997169,5035.696907901491,50.35696907901491,0.0,891.6026143498552,1081.1133103244078,138324.60259162044,1373944.9863337441,20177.019970651592,62751.08138052385,196588.98256417338,1.8724875054746621,1.8724875054746606,1039.1892472339287,47155.80218982643,137217.0101046832,42709.223984175784,1,0.00020492285344658794,0.00023382831722677376,10,1
449,6,5.358650767482597,5.373768365869322,0,0.2940208606748165,1.636001908889734,0.03544424613274297,8489.919327578637,84.89919327578637,0.0,901.1155078635388,1082.7061939148223,139317.6737057646,1377328.9160820325,19662.083349766894,64402.27084089334,198961.10588274818,2.1708281687825637,2.170828168782565,1039.1892472339287,47155.80218982643,137615.23100228678,42709.223984175784,1,0.00034137000957692385,0.0002747282025711574,10,1
450,6,4.1540092619827504,4.144317507482993,0,0.38124492082161826,1.2972156358273208,0.1789774456789109,3816.5223637804484,38.16522363780449,0.0,883.4658739568779,1082.7061939148223,139202.1604850874,1376854.4467059325,19885.997937313616,63679.94443937371,194387.83432521054,1.8773997780638885,1.8773997780638867,1039.1892472339287,47155.80218982643,137615.23100228678,43344.01694877671,1,0.00015706836292626885,0.0002344537419832602,10,1
451,6,3.999360168662505,3.9708794789480253,0,0.39789674009914233,1.278393968002535,0.19088989366928175,4456.5463428573785,44.565463428573786,0.0,873.9097866177518,1082.7061939148223,139107.51052604854,1376382.649103749,20119.702152588136,62942.98737981428,187329.9006686325,1.8462509602408514,1.8462509602408508,1039.1892472339287,47155.80218982643,137615.23100228678,43964.12128592035,1,0.00019031863368103972,0.0002295856687280775,10,1
452,6,4.074461359019694,4.047726483840406,0,0.3903425802874225,1.332307535079289,0.15676738286120953,5310.82927747991,53.108292774799104,0.0,878.0197395377132,1082.7061939148223,139018.6638133604,1375908.1145226092,20349.797034836334,62233.72569712274,185821.8633545865,1.574134672583686,1.574134672583687,1039.1892472339287,47155.80218982643,137615.23100228678,44561.04805942667,1,0.00022864174028201415,0.00019200957896310756,10,1
453,6,3.9642431567716296,3.918375514746715,0,0.40322832614018406,1.3357900181921898,0.15456327962519636,2836.494285384076,28.364942853840763,0.0,864.1441091708681,1082.7061939148223,138887.83185892165,1375460.3376409383,20658.190562716783,61307.60782324664,186351.684184423,1.4850327045237737,1.4850327045237721,1039.1892472339287,47155.80218982643,137615.23100228678,45121.424890867296,1,0.000121769515431991,0.00018024329646501493,10,1
454,6,4.048955165312888,4.101222281693727,0,0.38525100359775916,1.4005498151862956,0.11357606633778762,4180.515240478083,41.80515240478083,0.0,862.7055231775719,1082.7061939148223,138710.72204578648,1374849.5201925836,20931.02735926897,60511.086733708595,184015.94736162317,1.4660351425992528,1.4660351425992524,1039.1892472339287,47155.80218982643,137615.23100228678,45838.99818753325,1,0.00018174578020730548,0.00017738567864043688,10,1
455,6,4.09750878293875,4.06312697534771,0,0.3888630627559427,1.4663110447974357,0.07195503493833189,4188.795246346173,41.88795246346174,0.0,863.9260461561886,1082.7061939148223,138508.99841130438,1374229.6766455811,21290.106097194006,59493.786828156626,186713.32179102086,1.3441624221556816,1.344162422155682,1039.1892472339287,47155.80218982643,137615.23100228678,46554.792910011536,1,0.0001794749386349406,0.00016099674475807902,10,1
456,6,4.146621325326449,4.123437771052812,0,0.3831754200565002,1.5162580378476311,0.040343014020486664,2455.071378564534,24.55071378564534,0.0,851.2618078140742,1082.7061939148223,138347.43353443223,1373819.6750012387,21521.456528798793,58856.295146889155,188192.8607014059,1.2980251656453705,1.2980251656453707,1039.1892472339287,47155.80218982643,137615.23100228678,47056.365467030395,1,0.00010436406012063744,0.00015519492632096117,10,1
457,6,4.095156932589445,4.081438519408182,0,0.38711841241433276,1.5337135963878943,0.029295192159560623,7409.450646719937,74.09450646719937,0.0,865.7316679923243,1082.7061939148223,138253.8232759483,1373541.7698774645,21780.95661561732,58157.16551835038,182853.79494556462,1.6522984271637806,1.652298427163779,1039.1892472339287,47155.80218982643,137615.23100228678,47444.51353696341,1,0.00032416940097636904,0.0002026694665773157,10,1
458,6,3.900847034367826,3.860726969049384,0,0.40924934932372053,1.4859235162351803,0.05954207833216443,4578.743827654634,45.78743827654634,0.0,862.6464121997009,1082.7061939148223,138170.19182273516,1373305.442298139,21966.781869921488,57667.20492384076,178197.21374324107,1.7196522967097108,1.7196522967097105,1039.1892472339287,47155.80218982643,137615.23100228678,47790.9913693183,1,0.00020555849248022503,0.00021136398452574384,10,1
459,6,3.017261526889359,2.9849322440386987,0,0.5293252478864361,1.181826620424538,0.25200846808573546,3653.0237343186336,36.530237343186336,0.0,848.6317578839432,1082.7061939148223,138091.90284639708,1372888.1673327216,22275.526273317464,56870.51489121999,175570.86493967485,1.8704635120790798,1.8704635120790774,1039.1892472339287,47155.80218982643,137615.23100228678,48323.207781170335,1,0.0001664523888094436,0.0002320600940886792,10,1
460,6,3.0978273322084036,3.0515365713506917,0,0.5177719365495429,1.2422891230864241,0.21374106133770626,4897.146152900259,48.97146152900259,0.0,851.3555461181547,1082.7061939148223,138014.01264867708,1372403.9371391349,22539.80759373152,56206.265296039666,172608.00939634946,1.6375539616327612,1.63755396163276,1039.1892472339287,47155.80218982643,137615.23100228678,48903.86407806137,1,0.00022697190796773444,0.0001996609297524677,10,1
461,6,2.99534514826473,3.003070105251279,0,0.5261282436387862,1.2490058254579064,0.20948998388740106,6015.2837691278555,60.152837691278556,0.0,857.954114786392,1082.7061939148223,137915.08335869966,1371793.6463510608,22984.854292920467,55121.898062109045,166422.00063388774,1.8491186896634983,1.8491186896634975,1039.1892472339287,47155.80218982643,137615.23100228678,49615.08994576273,1,0.0002891581039149215,0.00022752746689736652,10,1
462,6,2.9603337109484475,2.950427942641281,0,0.5355155356160141,1.2638829981741468,0.2000740517885147,3721.999598736096,37.21999598736096,0.0,847.317058623239,1082.7061939148223,137862.0914057484,1371498.767938007,23258.1681238076,54476.51345202077,163038.25162503077,1.890012944684031,1.890012944684031,1039.1892472339287,47155.80218982643,137615.23100228678,50008.8675942888,1,0.0001826319682228324,0.00023292066003516277,10,1
463,6,2.777536232011094,2.8032305663312744,0,0.5636354065829925,1.2373424040926924,0.21687189614386562,5826.418572582164,58.26418572582165,0.0,852.2467529017648,1082.7061939148223,137690.57312180093,1370727.650572213,23758.70208741169,53332.574439435484,149190.969327873,2.116767167777625,2.1167671677776267,1039.1892472339287,47155.80218982643,137615.23100228678,50876.95729330731,1,0.00031242741293691046,0.0002614058283582214,10,1
464,6,2.7871788328614544,2.7364677131358177,0,0.5773866771442447,1.2932463015634237,0.18148968255479517,5997.273331780868,59.97273331780868,0.0,857.0783378378223,1082.7061939148223,137564.33032422097,1370133.285742147,24248.258431253682,52259.366643183916,149402.1806856293,2.1954618939444153,2.195461893944418,1039.1892472339287,47155.80218982643,137615.23100228678,51568.02858085476,1,0.00032113444686059973,0.0002720646093401142,10,1
465,6,2.5882051743240715,2.580720581628752,0,0.6122321072833177,1.227580123305185,0.22305055487013606,5486.428872573472,54.864288725734724,0.0,853.193145095444,1082.7061939148223,137501.77500617693,1369658.1843800836,24516.6150217398,51690.33666440613,149584.0678341159,2.4638511777152545,2.463851177715256,1039.1892472339287,47155.80218982643,137615.23100228678,52149.544687928246,1,0.0002934231674275767,0.000308995009075029,10,1
466,6,2.650825969793327,2.706996747376397,0,0.5836726628989582,1.2893452413768143,0.1839587079893581,3309.4749709666303,33.0947497096663,0.0,838.2537178824571,1082.7061939148223,137358.64371323193,1369225.174989555,24827.832630501853,51044.717425983894,146302.5976763872,2.144904181988,2.1449041819880024,1039.1892472339287,47155.80218982643,137615.23100228678,52670.991426547014,1,0.00018096602649732827,0.0002651745469285016,10,1
467,6,2.7132892961349646,2.7514490986049407,0,0.5742428601717919,1.3532355006473944,0.14352183503329471,3400.082486964043,34.000824869640425,0.0,833.607404547128,1082.7061939148223,137180.97399112937,1368745.530658092,25141.62544040857,50409.92729074872,128251.39762901087,1.9076717154351817,1.9076717154351805,1039.1892472339287,47155.80218982643,137615.23100228678,53217.78662571873,1,0.0002120886040898744,0.00022882593267159313,10,1
468,6,2.59095532415908,2.556976768369236,0,0.6179172292627739,1.314504421531524,0.16803517624587092,2587.065550297031,25.870655502970312,0.0,827.6727913251787,1082.7061939148223,137084.00379479455,1368451.0209069492,25357.86488572995,49981.646283426344,128618.18384046761,1.5828731249990784,1.5828731249990784,1039.1892472339287,47155.80218982643,137615.23100228678,53567.232702161455,1,0.0001609144506973238,0.0001846563604281755,10,1
469,6,2.227622370912906,2.2027000014867073,0,0.7173014931373236,1.1717174226799425,0.25840669450636555,2269.3175756059254,22.693175756059254,0.0,820.7509274717994,1082.7061939148223,136878.32142557917,1367896.8746878887,25820.463905582117,49088.83482492621,128810.0372501185,1.4831662399774506,1.4831662399774515,1039.1892472339287,47155.80218982643,137615.23100228678,54171.11133837876,1,0.00014094041887120643,0.0001713144912194682,10,1
470,6,2.2109410780751384,2.19164134597012,0,0.7209208764496183,1.1924534862870078,0.2452826036158179,2908.0347317935993,29.080347317935995,0.0,821.0063791066592,1082.7061939148223,136773.66609332612,1367495.063536043,26146.600156683453,48478.697914178876,125196.51839064863,1.4260381424270459,1.4260381424270447,1039.1892472339287,47155.80218982643,137615.23100228678,54618.18559445315,1,0.00018582208318092085,0.00016255898424981702,10,1
471,6,2.242693716625678,2.251686637085507,0,0.7016962191706608,1.234807485733123,0.2184762748524538,4048.5236430543155,40.485236430543154,0.0,825.324787584446,1082.7061939148223,136695.00522799202,1367086.292810449,26418.406486687254,47981.88779668754,125351.54779514487,1.6641629331699952,1.6641629331699965,1039.1892472339287,47155.80218982643,137615.23100228678,55078.73655552249,1,0.00025837885302672735,0.0001950471183596182,10,1
472,6,2.297583464318453,2.279460363999883,0,0.6931465117592548,1.2989570811929898,0.17787526506772802,2320.1681987283073,23.201681987283074,0.0,816.1332274430871,1082.7061939148223,136538.6917588548,1366708.9959981132,26770.861801116087,47352.05673101095,125574.59086598935,1.6777836128732888,1.67778361287329,1039.1892472339287,47155.80218982643,137615.23100228678,55507.076105084925,1,0.0001478113164599895,0.00019733741755587923,10,1
473,6,2.2973588845343293,2.292378234975277,0,0.6892405345215818,1.3383222672787047,0.15296059032993375,3366.614601466693,33.66614601466693,0.0,814.6142758884557,1082.7061939148223,136307.17035811685,1366161.7000093386,27175.479448450973,46649.32406700929,126062.53428808926,1.744133585472197,1.7441335854721955,1039.1892472339287,47155.80218982643,137615.23100228678,56106.004086613546,1,0.00021364727405990476,0.00020661248118220718,10,1
474,6,2.416392882586932,2.4140081038793353,0,0.6545131300350335,1.4206590970064448,0.1008486727807312,1725.329697253886,17.25329697253886,0.0,805.1615866929345,1082.7061939148223,136225.86051133616,1365999.3387928505,27300.865067073642,46435.92271752699,128145.19945653692,1.370982519551069,1.3709825195510703,1039.1892472339287,47155.80218982643,137615.23100228678,56309.30058649165,1,0.0001077109219585907,0.0001563898374928283,10,1
475,6,2.5370436798241287,2.528498278344434,0,0.6248768344167214,1.5166826393536603,0.040074278890088445,3695.717054813531,36.95717054813531,0.0,808.1256684391111,1082.7061939148223,136062.7523188145,1365696.1856874176,27529.99536743863,46051.03199593049,128968.9064052275,1.5685168461041492,1.5685168461041497,1039.1892472339287,47155.80218982643,137615.23100228678,56658.70558734007,1,0.0002292470120325829,0.00018353506935035944,10,1
476,6,2.306449797987243,2.3243547572347767,0,0.6797585416262724,1.4178655877991493,0.10261671658281694,5331.8419214006235,53.318419214006234,0.0,816.6345734643345,1082.7061939148223,135894.15618400057,1365250.2195754235,27917.748981893837,45413.95676264133,130380.30017108432,1.8446283476941514,1.84462834769415,1039.1892472339287,47155.80218982643,137615.23100228678,57158.11941742384,1,0.0003271562905993749,0.00022137140819684952,10,1
477,6,2.333671032663339,2.302230888155143,0,0.6862908529848232,1.4680167382854499,0.07087548209781658,2567.199144526617,25.671991445266173,0.0,803.8393999605825,1082.7061939148223,135716.63114830156,1364943.5663376127,28241.567526435578,44894.9431805682,127682.0834974722,1.9751056011157964,1.9751056011157941,1039.1892472339287,47155.80218982643,137615.23100228678,57519.703707049885,1,0.00016084945196417894,0.00023908425153204558,10,1
478,6,2.2108528881144855,2.2148130669716,0,0.713378489391159,1.4195231970116156,0.10156759682809147,2817.576482682703,28.17576482682703,0.0,795.6154582764158,1082.7061939148223,135554.2620466857,1364627.014879907,28532.691827142797,44438.57223645149,126844.18497054264,1.848833673037983,1.8488336730379802,1039.1892472339287,47155.80218982643,137615.23100228678,57886.269979809,1,0.00017770315499048136,0.00022190296585134506,10,1
479,6,2.236318710458009,2.249307471111956,0,0.702438426178756,1.4531142181683818,0.08030745685545458,2379.110022069565,23.79110022069565,0.0,791.5461708600164,1082.7061939148223,135427.2706471209,1364392.6228757573,28703.82227291993,44174.70699000067,123733.24433361644,1.4316090086745186,1.431609008674519,1039.1892472339287,47155.80218982643,137615.23100228678,58157.96595890515,1,0.00015382187931029282,0.00016412482875498435,10,1
480,6,2.23873591834271,2.269938428146283,0,0.6960541221773523,1.4845369106942594,0.06041967677578522,1584.174036151857,15.841740361518571,0.0,782.8034394728047,1082.7061939148223,135179.98337617173,1364006.9723109761,28997.351051266993,43729.065183636856,126886.8458602041,1.2749305580210037,1.274930558021004,1039.1892472339287,47155.80218982643,137615.23100228678,58577.03243695797,1,9.987948083426708e-05,0.00014380150504501375,10,1
481,6,2.205411222110201,2.2153744168756244,0,0.713197727645649,1.4977369844959787,0.052065199686089476,4447.178950721673,44.47178950721673,0.0,790.470015926999,1082.7061939148223,134949.58768544014,1363591.1967263918,29345.82647098644,43211.60236487828,126781.04234376,1.5277592605621346,1.5277592605621333,1039.1892472339287,47155.80218982643,137615.23100228678,59031.75576703946,1,0.00028062106879755006,0.00017810747631403666,10,1
482,6,2.18817087801791,2.189721639382414,0,0.721552900415973,1.5136227110928393,0.04201094234630428,2059.431401466325,20.59431401466325,0.0,782.503892171983,1082.7061939148223,134739.471745335,1363279.472814074,29617.48495718191,42816.56028842707,126322.87880478175,1.4693464516377195,1.4693464516377204,1039.1892472339287,47155.80218982643,137615.23100228678,59380.22341993458,1,0.00013042333556371539,0.00017030796173184417,10,1
483,6,2.2093781139428357,2.189721639382414,1,0.721552900415973,1.5548123186283946,0.015941570488357867,2032.6666273437934,20.326666273437933,0.0,772.5170458492296,1082.7061939148223,134520.36901870402,1362979.1498398755,29873.821568802454,42450.50464494062,130835.98996575916,1.5181551068481698,1.51815510684817,1039.1892472339287,47155.80218982643,137615.23100228678,59719.20814469867,1,0.0001242879197306954,0.0001784441080306536,10,1
484,6,2.517292209104374,2.4774648315713432,0,0.63774870983653,1.6675052904694967,0.05538309523385862,4514.849684638272,45.14849684638272,0.0,780.1134826967779,1083.8312041501315,135694.2990131626,1364796.6086914304,28985.210695710546,43756.52987764578,133174.00453500054,1.4935656310600496,1.4935656310600474,1039.1892472339287,47155.80218982643,137896.48356111406,59719.20814469867,1,0.0002712150738668634,0.0001753087763870914,10,1
485,6,2.7665328028522715,2.747803881976366,0,0.575004646570184,1.7345247052907253,0.09780044638653497,3852.574575624182,38.525745756241825,0.0,781.2490107886692,1085.0868257445195,136748.68058224965,1366605.0192220747,28200.257230631196,44978.85584416433,132193.37171738438,1.7454281681331778,1.7454281681331805,1039.1892472339287,47155.80218982643,138210.38895971104,59719.20814469867,1,0.00023314782129080328,0.00020955027162945403,10,1
486,6,2.710071750059321,2.7357996512979783,0,0.5775276706576016,1.6375140966714925,0.03640132700727369,3163.0750954198256,31.630750954198255,0.0,773.923226835182,1085.554247416756,137393.92616837635,1367713.6796666642,27685.125332550306,45818.644378759214,130042.69036238203,1.918000270537423,1.9180002705374257,1039.1892472339287,47155.80218982643,138327.24437777017,59719.20814469867,1,0.0001945868752241577,0.00023298325679394147,10,1
487,6,2.7250724654125964,2.7350234496802486,0,0.5776915734249802,1.593313729635467,0.008426411161687875,3751.2442062630435,37.512442062630434,0.0,772.7589715471448,1085.8915576809638,137988.0434447413,1368774.0163354606,27234.538128103515,46579.70905585823,134435.10009394083,1.7938232716604714,1.7938232716604707,1039.1892472339287,47155.80218982643,138411.5719438221,59719.20814469867,1,0.0002232300465364621,0.0002169882476838077,10,1
488,6,2.6535717258171827,2.663020340074704,0,0.5933112775081836,1.564650486929309,0.009714881690310822,3921.8609233701072,39.21860923370107,0.0,772.9585573162229,1085.8915576809638,137880.8878461236,1368611.3577136802,27349.953222647888,46384.20093197461,135018.49107473667,1.791089525402156,1.7910895254021537,1039.1892472339287,47155.80218982643,138411.5719438221,59937.96358971051,1,0.00023237474465326343,0.00021673055547129442,10,1
489,6,2.5705252039710524,2.532659094319075,0,0.6238502463849346,1.5250597427382477,0.03477231472262806,6040.9310658262875,60.409310658262875,0.0,781.3700908459999,1085.8915576809638,137792.68540838722,1368421.18665556,27434.870628354132,46242.14018740473,127434.72599256964,2.255239446645976,2.2552394466459775,1039.1892472339287,47155.80218982643,138411.5719438221,60194.34311582602,1,0.0003792329614255077,0.0002782792508717444,10,1
490,6,2.476608560438751,2.4865106223922657,0,0.635428614610094,1.5068635486298503,0.0462888932722467,3340.8021562388826,33.408021562388825,0.0,770.4476301976622,1085.8915576809638,137596.92464114504,1368084.2498337263,27783.49774497855,45663.62257333162,129962.0843725845,2.205036172341704,2.205036172341702,1039.1892472339287,47155.80218982643,138411.5719438221,60595.800656306295,1,0.00020564780396480775,0.0002724185033478596,10,1
491,6,2.321819586652137,2.300794415151255,0,0.6867193303301418,1.4466859838631612,0.08437595958027778,2933.282252794392,29.33282252794392,0.0,757.8818710826567,1085.8915576809638,137454.5169047428,1367814.4471283893,28116.372968028954,45124.6132132024,132421.86661305485,2.0633149924929777,2.0633149924929803,1039.1892472339287,47155.80218982643,138411.5719438221,60925.68540390066,1,0.00017720833139231486,0.0002540296989275434,10,1
492,6,2.3252059713400848,2.321595987559911,0,0.6805663037265336,1.4699561300898032,0.06964801893050435,4327.152454782526,43.27152454782526,0.0,761.4864286175757,1085.8915576809638,137326.23125609645,1367534.251328295,28321.5056411173,44799.52339124889,132239.8842635899,1.7787852828619182,1.7787852828619197,1039.1892472339287,47155.80218982643,138411.5719438221,61256.7454385957,1,0.000261775937199542,0.0002148773575188882,10,1
493,6,2.309089207733061,2.301663866210459,0,0.6864599228389365,1.492061284982563,0.055657414567998165,3870.8583637748475,38.708583637748475,0.0,760.8438658414433,1085.8915576809638,137104.58997558258,1367137.549041827,28633.683505072644,44313.011955122274,132616.1003769174,1.8458043354902847,1.8458043354902833,1039.1892472339287,47155.80218982643,138411.5719438221,61705.266156058045,1,0.00023350759690705507,0.00022416395516630398,10,1
494,6,2.4379549294356617,2.442808733336876,0,0.6467964431426118,1.5823451433466986,0.001484267940948451,2412.3658802850396,24.123658802850397,0.0,748.4155442477513,1085.9398049985696,137116.35193332526,1367202.2938170584,28697.519491807252,44214.91695525635,137437.67411353136,1.7456377418899651,1.7456377418899653,1039.1892472339287,47155.80218982643,138423.63377322353,61708.884704878474,1,0.00014041948226174364,0.00021190100545611358,10,1
495,6,2.477165942543531,2.459848776378691,0,0.6423159078608175,1.6085234549946568,0.018052819616871326,3051.788445632522,30.51788445632522,0.0,744.7398341858002,1086.0008407674823,137159.31627379102,1367311.7989971351,28704.19976764899,44205.17826556791,142231.75953340257,1.5186924401129949,1.5186924401129929,1039.1892472339287,47155.80218982643,138438.8927154517,61713.462387546926,1,0.00017165158924527382,0.00018185955613802415,10,1
496,6,2.393106374639489,2.370340656875406,0,0.666570855719432,1.586599724633081,0.004177040907013224,2272.5749557380186,22.725749557380187,0.0,740.0355684048956,1086.046292266597,136919.4365214595,1366975.9950523393,29004.730243364476,43748.529488839085,136810.8778458633,1.2801703984936337,1.2801703984936343,1039.1892472339287,47155.80218982643,138450.25559023037,62101.61368281392,1,0.00013288855339695395,0.00014831987496799045,10,1
497,6,2.4286391368495135,2.477424988096288,0,0.6377589665042127,1.5654276559352964,0.009223002572597243,2299.8886050677884,22.998886050677886,0.0,735.9155744942898,1086.1440126640616,137404.19512573857,1367751.7822624708,28599.829796536716,44370.4093815849,136239.01686627502,1.2668301248570077,1.2668301248570069,1039.1892472339287,47155.80218982643,138474.68568959652,62101.61368281392,1,0.00013505021735881942,0.00014653012000034906,10,1
498,6,2.490519837012256,2.503386853323892,0,0.6311449618352603,1.5854464514504296,0.0034471211711579403,3868.064134781919,38.68064134781919,0.0,740.7008135722103,1086.2213739467572,137670.758421895,1368207.5127778584,28422.885021215257,44648.470407622815,136468.6674582339,1.4018553327702254,1.4018553327702266,1039.1892472339287,47155.80218982643,138494.02601027043,62107.4157790161,1,0.00022675177866542806,0.00016489684980706712,10,1
499,6,2.408264377861354,2.3844154143767002,0,0.6626362128316559,1.5510309079196576,0.018334868405280053,2852.1781150954075,28.521781150954077,0.0,736.7160297397074,1086.2213739467572,137536.51902342006,1368007.516103608,28589.07757615,44389.867907212116,140230.19643272477,1.4680795035270466,1.4680795035270464,1039.1892472339287,47155.80218982643,138494.02601027043,62351.15384371492,1,0.00016271406231474465,0.00017483868611299736,10,1
500,6,2.445131208569042,2.41733172880875,0,0.653613230311016,1.5859541125118803,0.0037684256404305516,3000.2111425590842,30.002111425590844,0.0,731.687987274719,1086.2813781696084,137519.29520456283,1368022.1733578162,28690.599546338857,44233.486826551816,145107.9258141189,1.5342341415042182,1.5342341415042193,1039.1892472339287,47155.80218982643,138509.02706598322,62405.2779060531,1,0.00016540577646474312,0.00018495720581497197,10,1
501,6,2.370603140954,2.3627345943044094,0,0.6687166657688665,1.5546530736121398,0.0160423584733293,5003.3202386967905,50.03320238696791,0.0,738.7879707428754,1086.2813781696084,137413.59535601214,1367854.3530395231,28849.56384926202,43991.07931990999,140340.9880228085,1.684578943488731,1.6845789434887317,1039.1892472339287,47155.80218982643,138509.02706598322,62622.353480993246,1,0.0002852093495527417,0.00020444306277740982,10,1
502,6,2.249932238886009,2.227034858640449,0,0.7094635245020601,1.5023068259389347,0.04917289497535782,4097.046767484511,40.97046767484511,0.0,737.4719336828737,1086.2813781696084,137176.56812986988,1367448.9290610473,29110.926843107733,43598.02649982936,143212.86275814168,1.8413570605705831,1.8413570605705802,1039.1892472339287,47155.80218982643,138509.02706598322,63081.808688052246,1,0.00022886473678854482,0.00022649328760200992,10,1
503,6,2.3096228599273845,2.3148499663117015,0,0.6825496351789256,1.5711964212977667,0.005571885254578076,5780.805028098798,57.808050280987985,0.0,741.3959098419049,1086.3969942701704,137109.92060304666,1367403.6368559906,29384.229452087846,43194.1462849296,148265.74458203086,2.1924254586346477,2.1924254586346494,1039.1892472339287,47155.80218982643,138537.9310911237,63232.68234704968,1,0.0003119158801998506,0.0002753299888470457,10,1
504,6,2.227376871652655,2.243480841555727,0,0.704262755773907,1.5361179725108205,0.027773435119733906,2651.108794513268,26.511087945132683,0.0,725.9043306502942,1086.3969942701704,136955.52130193045,1367192.6394239522,29586.275151280868,42900.21090151034,151130.2678900945,1.8326970982658244,1.8326970982658224,1039.1892472339287,47155.80218982643,138537.9310911237,63498.7229598229,1,0.00014033502786834032,0.00022703854828557858,10,1
505,6,2.234643024292427,2.2596474177629733,0,0.6992241300920226,1.5539340543368145,0.01649743396404148,2748.6682830077602,27.4866828300776,0.0,714.8845829887249,1086.3969942701704,136848.9407549033,1367058.8387265475,29709.23291984766,42723.518360468726,155338.0141690606,1.6129126038111712,1.6129126038111723,1039.1892472339287,47155.80218982643,138537.9310911237,63681.877709643755,1,0.00014155804927524175,0.00019793631911447758,10,1
506,6,2.2509983001822995,2.2596474177629733,1,0.6992241300920226,1.571069460571768,0.0056522401444506105,2226.7372958196147,22.267372958196148,0.0,709.2585969800563,1086.4415290160866,136862.41913391114,1367105.728240843,29763.997545357786,42645.28689702065,160010.63908825672,1.1186303713542238,1.1186303713542247,1039.1892472339287,47155.80218982643,138549.0647776028,63685.217815587486,1,0.00011132946201615598,0.00013107417971991268,10,1
507,6,2.406682796017053,2.3986424560832127,0,0.658705925926122,1.5916904812528994,0.007399038767657777,3034.181908541577,30.341819085415768,0.0,710.1158778533539,1086.8154029354694,137709.7829861188,1368419.3093288562,28974.7461660374,43810.66792701613,157638.09472834933,1.154471920607705,1.154471920607705,1039.1892472339287,47155.80218982643,138642.53325744846,63685.217815587486,1,0.00015398216598698413,0.0001356232257594606,10,1
508,6,2.4505932494221443,2.4465470350389786,0,0.6458081440379205,1.5962870965161768,0.010308288934289095,2110.064133145979,21.100641331459794,0.0,705.1099535438506,1086.9304925336985,137988.94478965356,1368886.689833701,28755.874324015123,44145.53726172333,155576.79066097038,1.0750414718209895,1.0750414718209902,1039.1892472339287,47155.80218982643,138671.30565700572,63685.217815587486,1,0.00010850277212591106,0.00012460480004301705,10,1
509,6,2.458734871283483,2.4456561999888877,0,0.6460433809164097,1.5968988434477653,0.010695470536560295,3573.912091464644,35.73912091464644,0.0,708.0662167708946,1087.0019707755278,138009.8822211871,1368948.5420967028,28713.87857761546,44210.57403746077,155180.72848626855,1.2535872014862206,1.2535872014862206,1039.1892472339287,47155.80218982643,138689.17521746305,63690.578683724685,1,0.00018424515086773232,0.0001489100296602092,10,1
510,6,2.465583402853163,2.4558420337471567,0,0.6433638557726024,1.6021648801601356,0.014028405164642729,3126.014157288855,31.260141572888553,0.0,707.2677110958269,1087.0644910586736,138058.554597883,1369056.826593155,28721.385395355435,44199.552751811454,158690.5414902764,1.2585001777468532,1.258500177746853,1039.1892472339287,47155.80218982643,138704.8052882495,63695.26770496062,1,0.00015759044630799996,0.00015011278976721442,10,1
511,7,2.5577633639799444,2.520397951939875,0,0.6268851308913028,2.000723161574761,0.2662804820093423,2817.5353625307803,28.175353625307803,0.0,484.25580333876474,1107.6902636569946,131728.50842280727,1370046.5163090841,35172.620569935956,44965.36154364299,161829.0621708389,1.2799478789262362,1.2799478789262355,809.1453108541943,46346.65687897223,138781.892270603,63695.26770496062,1,0.00013928451786027795,0.00016037337167867008,13,1
512,7,2.641479070321047,2.5835836623528476,0,0.6115536427262849,1.9263004146400435,0.21917747762028067,4601.229774971338,46.01229774971338,0.0,490.30473915112265,1110.4510015219773,133564.0634963353,1372697.6451478733,33962.82334144876,46572.22017065911,160268.56840247684,1.392937264896801,1.3929372648968006,809.1453108541943,46346.65687897223,139472.0767368487,63695.26770496062,1,0.00022967596557879928,0.00017551697658235905,13,1
513,7,2.6693782686628285,2.698437405392262,0,0.5855240506386032,1.838834598227475,0.16381936596675625,4941.5418831644665,49.415418831644665,0.0,495.8672629657821,1112.7540227045279,134692.62543728173,1374783.2503916214,33010.59874902032,47920.44647252307,152358.5197793606,1.6479719591516184,1.647971959151618,809.1453108541943,46346.65687897223,140047.83203248633,63695.26770496062,1,0.00025946914634353795,0.00020947654326087172,13,1
514,7,2.645186824191412,2.641366299702121,0,0.5981752701918639,1.7301787457156916,0.09504983906056427,2502.937060817908,25.02937060817908,0.0,483.2614844525666,1113.5327448794633,135701.2663264592,1376430.7990871393,32168.04091062272,49180.16603055177,151615.44360539803,1.6279584215413327,1.6279584215413316,809.1453108541943,46346.65687897223,140242.51257622018,63695.26770496062,1,0.00013206765755774473,0.00020707092316002733,13,1
515,7,2.6528731765338702,2.6820992500502365,0,0.5890908026503516,1.6360529144747002,0.03547652814854441,2606.2368524603803,26.062368524603805,0.0,475.8833440909573,1114.0419345337455,136720.18705596298,1378140.282556454,31236.987782620552,50651.03107061623,154455.71490886007,1.39367167809995,1.3936716780999516,809.1453108541943,46346.65687897223,140369.80998979072,63695.26770496062,1,0.00013498946822385933,0.00017550875737504734,13,1
516,7,2.5786082127114742,2.5730654369080015,0,0.6140535632465892,1.5946159145720362,0.009250578843060853,3884.727848730553,38.84727848730553,0.0,480.35862902860384,1114.11962909072,136743.40425683476,1378207.841168474,31279.95148617972,50581.92324458692,158481.65357573854,1.237640748287139,1.2376407482871385,809.1453108541943,46346.65687897223,140389.23362903437,63701.09479673372,1,0.00019609729005630485,0.00015438480527930296,13,1
517,7,2.6169070943851107,2.6011711289316577,0,0.6074187055308934,1.581122405929225,0.0007103834995094733,4553.90469606076,45.5390469606076,0.0,484.9285251441477,1114.361128906506,137186.99323939273,1379016.619594428,30919.468001692832,51174.64331971858,163577.13265272495,1.455791774381296,1.4557917743812951,809.1453108541943,46346.65687897223,140449.60858298087,63701.09479673372,1,0.00022271595655017244,0.00018460090494344552,13,1
518,7,2.6581548493183824,2.668393218726801,0,0.5921166299297831,1.59055194337792,0.006678445175898722,5674.094749497847,56.74094749497847,0.0,490.3734165550998,1114.474610801496,137364.7426269797,1379374.183062644,30770.34054504053,51423.8659576699,168165.19724206152,1.7823756370910249,1.7823756370910264,809.1453108541943,46346.65687897223,140477.97905672836,63709.60593885797,1,0.00026992956176683343,0.00022958093612443693,13,1
519,7,2.6588430705226473,2.670025689281999,0,0.5917546060857866,1.5808712445293351,0.0005514205881867525,5944.357221691917,59.44357221691917,0.0,494.3232353194491,1114.5934979459298,137522.02222722402,1379705.1697572873,30673.064125592155,51588.555541288515,168115.46593380632,1.994412125513808,1.9944121255138108,809.1453108541943,46346.65687897223,140507.7008428368,63718.52247469051,1,0.00028287021369146107,0.0002585052440028223,13,1
520,7,2.825902256375919,2.849400325157214,0,0.5545026390466297,1.6350066296519523,0.03481432256452673,3021.8873590285953,30.218873590285952,0.0,478.01293464221783,1114.9894306336573,138083.87995826575,1380755.9804687414,30258.57126895144,52298.115049138156,170724.41473310665,1.791910258592722,1.791910258592722,809.1453108541943,46346.65687897223,140606.68401476872,63718.52247469051,1,0.00014160305607151548,0.0002314676105099367,13,1
521,7,2.7310440704818624,2.7348695671578818,0,0.5777240783157203,1.5796563561944803,0.00021749607944289025,3157.8334763908547,31.578334763908547,0.0,469.70748989322277,1115.0525873031852,138098.8284439371,1380837.8605026498,30254.21611589859,52306.058343887766,171941.4330939454,1.490115151846182,1.4901151518461806,809.1453108541943,46346.65687897223,140622.4731821507,63723.259224905094,1,0.00014692600472466583,0.00019046642482921415,13,1
522,7,2.8548984032197136,2.8486130873824584,0,0.5546558804347258,1.5992957224166584,0.012212482542188818,4082.856731281563,40.82856731281563,0.0,473.50254754541015,1115.4077627604283,138650.05521642102,1381874.620339219,29774.85976007776,53151.02041084,171495.1255078013,1.266315978057386,1.2663159780573856,809.1453108541943,46346.65687897223,140711.26704646146,63723.259224905094,1,0.00019045937167914823,0.00015966281082510986,13,1
523,7,2.7078080392587105,2.6905322885970135,0,0.5872443927531886,1.5464953456154134,0.021205477458599187,2678.4391617848446,26.784391617848446,0.0,466.9561432477876,1115.4077627604283,138398.1641027119,1381439.8088548577,30064.431223710617,52640.771790301354,176027.99608636688,1.214000504698008,1.2140005046980096,809.1453108541943,46346.65687897223,140711.26704646146,64209.29198169303,1,0.00012172787153564766,0.0001530377493131539,13,1
524,7,2.7667249828713736,2.7226794652005344,0,0.5803106903307943,1.596016404615671,0.010136964946627214,4809.285126810508,48.09285126810508,0.0,472.0247457145279,1115.5039484629644,138287.1504719707,1381284.795245657,30215.361452805206,52378.90735721828,181264.13540283783,1.3711922285817617,1.371192228581761,809.1453108541943,46346.65687897223,140735.31347209553,64462.55941813243,1,0.00021225534179157714,0.0001748141950021243,13,1
525,7,2.683697806332113,2.666492174383325,0,0.592538772541271,1.5726203673100307,0.004670653601246411,3296.4857407683803,32.9648574076838,0.0,468.58325192348343,1115.5039484629644,138060.33457276082,1380916.6858684276,30453.976749646907,51970.12088614534,182368.10886699046,1.258356359162194,1.258356359162196,809.1453108541943,46346.65687897223,140735.31347209553,64884.25276530501,1,0.00014460799144098865,0.00015953040158940448,13,1
526,7,2.6870913460728136,2.6695095550655075,0,0.5918690184127204,1.5785147103717623,0.0009400567267327821,1956.4517414651675,19.564517414651675,0.0,455.40691356263386,1115.5430774977938,138071.40116391177,1380980.0886153518,30491.819758344736,51905.94959952163,186972.13240395495,1.1609669109869514,1.1609669109869518,809.1453108541943,46346.65687897223,140745.09573080286,64887.18744291721,1,8.371094521137455e-05,0.00014685809281464677,13,1
527,7,2.786615408582506,2.7753450687430647,0,0.5692985776055486,1.591524504886138,0.007293990434264479,4698.959644592369,46.98959644592369,0.0,462.74087502940864,1115.8943222978887,138575.99343459134,1381944.1363770335,30066.358234624622,52643.4728961717,190061.32748587267,1.125724275316513,1.1257242753165122,809.1453108541943,46346.65687897223,140832.9069308266,64887.18744291721,1,0.00019778709142991312,0.0001420353426940921,13,1
528,7,2.9198675225395028,2.9110255797224505,0,0.5427640385594427,1.5880875205799225,0.005118683911343328,3082.773171299392,30.82773171299392,0.0,460.19381900344905,1116.2477238564156,139426.6804973555,1383535.6325218815,29341.89371370168,53948.18698226264,194052.73764307486,1.0807905039663501,1.0807905039663515,809.1453108541943,46346.65687897223,140921.25732045836,64887.18744291721,1,0.0001270901182324817,0.0001361960516245898,13,1
529,7,3.081910512815979,3.024038263140505,0,0.5224801614643423,1.6294944654461712,0.03132561104188043,3239.7085559533493,32.397085559533494,0.0,455.7500364944903,1116.641006096023,139890.05231893514,1384525.3500197534,28930.837054936856,54717.73777382085,194224.2800669512,1.2008910800914292,1.2008910800914294,809.1453108541943,46346.65687897223,141019.57788036016,64887.18744291721,1,0.00013344195915512055,0.0001527730562725051,13,1
530,7,3.2100299706798574,3.1932877296834783,0,0.4947878593316147,1.642115704072916,0.039313736755010056,4018.1363502292215,40.181363502292214,0.0,459.1282812262151,1117.3092706347659,140619.6828249806,1386039.489504309,28458.330294932046,55630.728660385575,194133.14766352662,1.1232024291057188,1.1232024291057205,809.1453108541943,46346.65687897223,141186.64401504592,64887.18744291721,1,0.0001655827002689306,0.00014203825921884426,13,1
531,7,3.1997303176561207,3.1788707430516205,0,0.497031848008783,1.6060668123885822,0.016497982524419055,4771.177273478699,47.71177273478699,0.0,463.51927196396156,1117.7189016816958,141113.2442277993,1387077.2862109982,28190.276079290248,56162.84474482824,198609.4322022413,1.2804572684810593,1.2804572684810613,809.1453108541943,46346.65687897223,141289.05177677842,64887.18744291721,1,0.00019218331055376157,0.00016373598999260423,13,1
532,7,3.3073500277607892,3.290934797711518,0,0.48010674690325544,1.6023584838303997,0.014150939133164318,4290.634696696344,42.90634696696344,0.0,462.1377080167889,1118.167524227572,141687.01839523207,1388404.6987570531,27696.777229202362,57167.56759630479,201935.98052505977,1.3677135092961197,1.3677135092961197,809.1453108541943,46346.65687897223,141401.20741324744,64887.18744291721,1,0.0001699799980385917,0.00017591533628709462,13,1
533,7,3.238631511678467,3.3180306687116294,0,0.4761860747397806,1.543242466345634,0.02326426180656087,3192.1717688375006,31.921717688375008,0.0,453.86796833990894,1118.2313676629487,141970.80760583028,1389059.6403004937,27468.46955003116,57645.025329666685,203544.13693451264,1.267947380609827,1.2679473806098278,809.1453108541943,46346.65687897223,141417.16827209163,64891.97570057047,1,0.00012546357038481675,0.00016254229299239,13,1
534,7,3.2848998053726626,3.2255967223750535,0,0.48983184693857923,1.582589895304707,0.001639174243485437,2552.168608176204,25.52168608176204,0.0,445.87991417816727,1118.2824110351123,141847.4498049046,1388858.2404785843,27620.123933083592,57329.65944072729,209176.8410070161,1.0342288153055588,1.0342288153055577,809.1453108541943,46346.65687897223,141429.92911513252,65179.61400384815,1,9.760807538309085e-05,0.00013101721460216642,13,1
535,7,3.27301433948016,3.271617081274068,0,0.48294160372359335,1.5889873610392777,0.005688203189416242,6866.973117886424,68.66973117886424,0.0,460.69526146793186,1118.41975049747,141889.11579456585,1388989.4374283059,27726.267414179685,57110.88272440225,207209.50464995956,1.2690892866480636,1.2690892866480632,809.1453108541943,46346.65687897223,141464.26398072194,65189.91446352498,1,0.00026512193557865404,0.0001627311937821872,13,1
536,7,3.453096655672897,3.4135276752930546,0,0.4628642713038369,1.6189165806342698,0.024630747236879573,2658.1192175663296,26.581192175663297,0.0,448.4299955625256,1118.7657742884378,142521.06184837018,1390405.8391718543,27247.615909841257,58118.28262112789,210576.78410715953,1.2060994603704445,1.2060994603704456,809.1453108541943,46346.65687897223,141550.7699284639,65189.91446352498,1,0.00010098432185054743,0.0001545714442707641,13,1
537,7,3.2188537856833546,3.250022754263316,0,0.48615044246302186,1.5273175483767816,0.0333433238121636,5113.856725040128,51.13856725040129,0.0,450.4334396017474,1118.7657742884378,142416.71199799803,1390180.929705208,27411.938225854068,57771.23508139088,209549.42767263993,1.444382213238271,1.4443822132382722,809.1453108541943,46346.65687897223,141550.7699284639,65502.08071998634,1,0.00019523247691342947,0.00018711291144754365,13,1
538,7,3.147758376012558,3.1414165325868812,0,0.5029578165169036,1.5368590319406255,0.02730441016416115,4134.03675253852,41.3403675253852,0.0,451.32350508483654,1118.7657742884378,142175.52055475157,1389676.0352100432,27806.8203278397,56953.27273231346,212303.75897956823,1.1774475632903003,1.1774475632903003,809.1453108541943,46346.65687897223,141550.7699284639,66076.99951627091,1,0.0001557781839533561,0.000150664994239111,13,1
539,7,3.0979871654862907,3.0704464999525505,0,0.5145831396262455,1.550162211215618,0.018884676445811484,4888.057086419943,48.88057086419943,0.0,453.0051677540265,1118.7657742884378,142003.56235137765,1389339.5726973994,28150.86720680281,56259.28994591747,209935.2134159967,1.386141817934274,1.3861418179342748,809.1453108541943,46346.65687897223,141550.7699284639,66493.00919770887,1,0.00018626916397237366,0.0001790932749463864,13,1
540,7,3.1372964916897303,3.1303369441736684,0,0.5047379972755875,1.585546458654582,0.003510416869988557,3430.845526252636,34.30845526252636,0.0,446.2502290712084,1118.8343911989627,142025.4466395085,1389437.659037405,28291.631255891396,55980.217418923436,214835.18099393047,1.2190082084515272,1.2190082084515286,809.1453108541943,46346.65687897223,141567.92415609516,66498.15546599825,1,0.00012775730717398895,0.00015660155169990625,13,1
541,7,3.006476683357866,3.0021136971737983,0,0.5262958566450758,1.5442589717486452,0.02262090395655369,1639.9180478576366,16.399180478576366,0.0,430.7716806533318,1118.8343911989627,141868.92295188378,1389165.1738665858,28522.179913329837,55529.07280238339,217905.7008153251,0.9827894451459831,0.9827894451459843,809.1453108541943,46346.65687897223,141567.92415609516,66827.80060586632,1,6.0206522058730934e-05,0.00012474433106836452,13,1
542,7,3.1605751576358494,3.1756384677879463,0,0.49753774430770775,1.5861654872159907,0.0039022070987282526,2942.921599950337,29.429215999503374,0.0,431.96339667441197,1119.002171034719,142249.77339887634,1389985.7917460774,28193.744295262317,56178.53152053199,220480.3604143469,0.7887257954032613,0.7887257954032618,809.1453108541943,46346.65687897223,141609.8691150342,66827.80060586632,1,0.00010678217667713276,9.824866863661755e-05,13,1
543,7,3.2235812962070374,3.2590718320283214,0,0.48480060625625077,1.5578295280622396,0.014031944264405348,2985.5481097547695,29.855481097547695,0.0,434.4796816021975,1119.13848650443,142813.98005841253,1391178.7965677376,27667.221049093296,57251.15276433475,216477.95991138247,0.7480699291625322,0.7480699291625315,809.1453108541943,46346.65687897223,141643.94798246195,66827.80060586632,1,0.00011033171639189266,9.244013837591879e-05,13,1
544,7,3.1511974213757328,3.1196881987718106,0,0.5064608702312077,1.555354600233066,0.015598354282869637,6677.0286201596955,66.77028620159696,0.0,448.3297868891235,1119.13848650443,142666.25885544863,1390864.0156208284,27961.580636259485,56651.043296086355,219733.658796644,1.1943146187686438,1.1943146187686438,809.1453108541943,46346.65687897223,141643.94798246195,67215.18484757643,1,0.0002430953421237684,0.00015340307839759794,13,1
545,7,3.3398906177526637,3.3476085631373325,0,0.47197871859882146,1.5910671916834578,0.007004551698390956,4316.018080973602,43.16018080973602,0.0,444.841938353394,1119.471696568423,143218.89266373907,1392081.3106284006,27471.12088130226,57666.03658864486,224194.90295413043,1.3071846798125704,1.3071846798125717,809.1453108541943,46346.65687897223,141727.25049846023,67215.18484757643,1,0.0001540094988459803,0.00016914551912054713,13,1
546,7,3.414536511069362,3.4672522444257687,0,0.4556922567546489,1.5545082323476507,0.016134030159714808,3431.7689602273877,34.31768960227388,0.0,432.7420290787927,1119.6666650255181,143907.58039130093,1393650.7636564863,26856.365281632985,58991.028738561974,225777.4472512937,1.3321362646105872,1.3321362646105874,809.1453108541943,46346.65687897223,141775.99261273397,67215.18484757643,1,0.00012159829077729903,0.00017290104391568255,13,1
547,7,3.4011246555766874,3.3616262680723485,0,0.47001060617782975,1.5726053354242304,0.0046801674530187656,3576.239720108068,35.76239720108068,0.0,430.3027637072828,1119.7381898199203,143786.69146017137,1393445.3350871555,27065.770697307802,58536.02170055326,229979.1274730527,1.0416511051066857,1.0416511051066846,809.1453108541943,46346.65687897223,141793.87381133452,67527.64670494355,1,0.00012440223630388742,0.00013333667530905557,13,1
548,7,3.6270015966755413,3.6018786268234826,0,0.4386599782218123,1.6043102925514872,0.015386261108536132,5222.3183966977795,52.22318396697779,0.0,436.8289546598777,1120.551240649578,144719.4029683789,1395685.061292169,26473.919811729385,59851.85651005921,233691.47787792145,1.1018519332457921,1.101851933245793,809.1453108541943,46346.65687897223,141997.1365187489,67527.64670494355,1,0.00017877651146272017,0.0001415923461813022,13,1
549,7,3.5989101954314924,3.6099110825359477,0,0.43768391073224344,1.5773287448470357,0.0016906678183319002,6671.7172808596715,66.71717280859671,0.0,446.19312293498933,1120.684674995195,144976.11838002322,1396356.2858618351,26353.126041162406,60128.57769876506,230898.29559798582,1.3707502162177239,1.3707502162177223,809.1453108541943,46346.65687897223,142030.4951051532,67537.65428086484,1,0.00023115691741530103,0.00017811188839396953,13,1
550,7,3.7111281448962004,3.7012775164656424,0,0.4268796362799473,1.5804021547139204,0.00025452829994959187,3316.879082003213,33.16879082003213,0.0,431.99395938052476,1120.899271219178,145477.27803419178,1397617.5770086814,25977.784954118364,61001.491675858284,229122.81493700363,1.3481304275954968,1.3481304275954964,809.1453108541943,46346.65687897223,142084.14416114896,67537.65428086484,1,0.00011581139426609001,0.0001752482743813704,13,1
551,7,3.8804562023924905,3.8761724512187743,0,0.4076186031153503,1.5872312593236848,0.004576746407395402,4528.237202999666,45.28237202999666,0.0,429.1747940703752,1121.2729179447622,146013.30015388917,1399067.755850884,25460.399720507943,62245.476473878574,233991.90381329277,1.2879568926791474,1.2879568926791463,809.1453108541943,46346.65687897223,142177.55584254503,67537.65428086484,1,0.00015481688483077926,0.00016726173217072342,13,1
552,7,4.111037134980277,4.091807939950636,0,0.3861373806364581,1.6200777548405145,0.02536566762057877,3737.4206538318904,37.3742065383189,0.0,427.35625431393134,1121.8000338145039,146629.93024654003,1400796.8588378786,24991.73535873142,63417.91424539297,237945.673528008,1.0298472904800353,1.0298472904800364,809.1453108541943,46346.65687897223,142309.33480998047,67537.65428086484,1,0.00012565626761495096,0.0001320948489039401,13,1
553,7,3.9966266211042867,4.070016977393403,0,0.3882047688685302,1.5613094047801048,0.011829490645503319,3470.741344850404,34.70741344850404,0.0,423.3576020280007,1121.8694486414008,146890.1217243545,1401538.329689139,24883.529466667616,63696.64845996578,236377.547867819,1.033686881437298,1.0336868814372977,809.1453108541943,46346.65687897223,142326.68851670471,67542.86039288211,1,0.00011746433199455048,0.0001326458281467602,13,1
554,7,3.9242387337270093,3.912955455053492,0,0.4037868608903959,1.5785405454295391,0.000923705424342359,5243.681221196901,52.43681221196901,0.0,430.3182402102769,1121.8694486414008,146644.85964617322,1400948.0597059918,25250.857209749796,62773.42207598883,229578.3250404652,1.1046367099151047,1.1046367099151042,809.1453108541943,46346.65687897223,142326.68851670471,68219.29888491223,1,0.00018272391246944262,0.00014194817069298135,13,1
555,7,3.905087374545406,3.9029423346770873,0,0.40482278868481475,1.5907317058897512,0.0067922189175640135,7135.472234218264,71.35472234218264,0.0,441.71449124554476,1122.0121580860853,146689.23579596105,1401129.0481622142,25410.590545839594,62380.46048425116,228245.7517086618,1.4096664904382705,1.409666490438272,809.1453108541943,46346.65687897223,142362.3658778758,68230.00209326357,1,0.00025009787672459805,0.0001834287070628637,13,1
556,7,3.6448137655860213,3.6160969486926153,0,0.4369351879714515,1.5249448778971206,0.0348450139891642,5216.580748713064,52.16580748713064,0.0,437.6214160591455,1122.0121580860853,146502.81572638536,1400684.6570248816,25753.24521890384,61553.55779929096,223890.1768735457,1.5781115965393726,1.5781115965393726,809.1453108541943,46346.65687897223,142362.3658778758,68790.02690898659,1,0.00018639784278376504,0.00020640654399260193,13,1
557,7,3.6550507501054272,3.6654779251785032,0,0.4310488379010103,1.5599933670970003,0.012662425887974527,4882.895634597655,48.82895634597655,0.0,432.8837882124652,1122.0121580860853,146299.07141483654,1400242.1669620746,26011.4615901008,60944.62592053111,213203.95602543876,1.5820828442112442,1.5820828442112462,809.1453108541943,46346.65687897223,142362.3658778758,69340.72947628562,1,0.00018321970100836386,0.00020657180683890898,13,1
558,7,3.4906820219205956,3.5195717376892075,0,0.4489182541957099,1.5214884895157248,0.03703260157232612,4122.734898519223,41.22734898519223,0.0,428.09767004113934,1122.0121580860853,146141.09509329032,1399884.0365107337,26286.703617172145,60308.39166008003,216391.3462617448,1.3424955983556488,1.3424955983556484,809.1453108541943,46346.65687897223,142362.3658778758,69790.10274666244,1,0.00015241773646650008,0.00017401176008620964,13,1
559,7,3.35488266156888,3.3020950095777164,0,0.4784841124853207,1.4900457063151908,0.0569330972688666,3399.2987964628314,33.99298796462831,0.0,421.42282703361485,1122.0121580860853,145926.65015753906,1399382.2336519647,26535.446031099265,59745.353736082296,217691.14529887497,1.191353809759107,1.1913538097591065,809.1453108541943,46346.65687897223,142362.3658778758,70371.85692917605,1,0.000124921894890886,0.00015351977745525,13,1
560,7,3.3042955329961594,3.274012200039935,0,0.4825883055599878,1.4823733396161354,0.06178902555940803,5040.388244190945,50.40388244190945,0.0,426.5497555948625,1122.0121580860853,145824.9082332318,1399096.8492944993,26669.273301740734,59447.345877129286,220860.58921390184,1.1896126474770705,1.1896126474770707,809.1453108541943,46346.65687897223,142362.3658778758,70737.30696203768,1,0.0001825726631312884,0.0001533040981628915,13,1
561,7,3.3284771569806577,3.318858159661399,0,0.4760673472593348,1.5209376542755821,0.037381231471150585,3826.6329337859497,38.266329337859496,0.0,423.8385394135633,1122.0121580860853,145689.76877250208,1398801.2721953783,26916.11726893848,58904.24320314801,223330.06231373164,1.151057110538574,1.1510571105385747,809.1453108541943,46346.65687897223,142362.3658778758,71109.86878134053,1,0.00013707542617922482,0.00014818999473379974,13,1
562,7,3.4215019579530397,3.417265541186664,0,0.462357982122553,1.5860940793150489,0.003857012224714427,7954.311433809511,79.54311433809511,0.0,437.93811204625433,1122.1712443147615,145725.25962887963,1398971.8081658268,27110.72007445129,58482.9002427837,219740.60000349773,1.5552209444729928,1.5552209444729934,809.1453108541943,46346.65687897223,142402.13743504483,71121.80024849124,1,0.0002895891404204011,0.00020307907657697143,13,1
563,7,3.5427370667179594,3.525174438157092,0,0.44820477049243557,1.6062398584060078,0.016607505320258058,4054.3703581624313,40.543703581624314,0.0,428.00448240923504,1122.5413654426113,146237.52718981332,1400180.892110798,26812.293822428666,59137.4362124942,220671.92378051864,1.4666687170196577,1.4666687170196566,809.1453108541943,46346.65687897223,142494.66771700728,71121.80024849124,1,0.0001469827348655347,0.00019121576715505354,13,1
564,7,3.4302502334932563,3.437246744054098,0,0.4596702295909231,1.5706803368872302,0.005898520957449293,5156.911439316421,51.56911439316421,0.0,423.80390801682955,1122.6445036713976,146203.21571281136,1400198.3029008221,26945.357128469976,58846.67644383291,220785.93411494963,1.5870717248347015,1.5870717248347026,809.1453108541943,46346.65687897223,142520.45227420385,71262.45386777936,1,0.00018685652090976178,0.00020780946539856584,13,1
565,7,3.734166760262052,3.765985948224585,0,0.41954484741103887,1.5965013960917107,0.01044392157703205,5071.380093948181,50.71380093948181,0.0,426.5826206289573,1123.4627488631725,147250.87546069626,1402762.4961023761,26038.59079767886,60903.44830188438,220261.3186866778,1.331240069821823,1.3312400698218239,809.1453108541943,46346.65687897223,142725.01357214755,71262.45386777936,1,0.00018419503248910373,0.0001726780960881334,13,1
566,7,3.6740411904809456,3.648640833692834,0,0.43303796455099763,1.5886760504136028,0.005491171147849844,7570.539782208369,75.70539782208368,0.0,436.62140707837415,1123.6141596588166,147494.15593046727,1403415.4138044578,26187.220964500644,60561.70385570616,224781.52860961636,1.6294191406268757,1.6294191406268754,809.1453108541943,46346.65687897223,142762.8662710586,71273.80967745268,1,0.00026943636620093683,0.00021349597319993412,13,1
567,7,3.5561421807897378,3.571459339352513,0,0.4423961887485595,1.5642045136751344,0.009997143243585895,3946.100116885536,39.46100116885536,0.0,423.2683179092643,1123.6141596588166,147378.89108956498,1403215.796332612,26412.42203530507,60047.34500854152,226036.1672315287,1.5120308545816257,1.5120308545816274,809.1453108541943,46346.65687897223,142762.8662710586,71579.90971234418,1,0.00013966260940333672,0.00019776466936445908,13,1
568,7,3.497722769624455,3.482657548989168,0,0.4536765322960309,1.563496085129713,0.010445515740687986,5944.6029623390195,59.446029623390196,0.0,424.473086033592,1123.6141596588166,147226.449834863,1402910.702317863,26626.608142598787,59566.82236943951,229828.58375094694,1.5663991208688655,1.5663991208688648,809.1453108541943,46346.65687897223,142762.8662710586,71995.22119525904,1,0.00020692301593890064,0.00020534066384772474,13,1
569,7,3.569404504720198,3.5384524326906477,0,0.44652288819905495,1.6065327038231134,0.016792850520957813,2339.3657097984383,23.393657097984384,0.0,409.32365843813744,1123.6609469730126,147237.2355381077,1403009.7860813611,26718.37326352383,59363.0504120246,230830.52303600367,1.1053686178607176,1.1053686178607165,809.1453108541943,46346.65687897223,142774.5630996076,71998.73024382374,1,8.107647737499802e-05,0.00014255403423907845,13,1
570,7,3.5404803447785715,3.526849007406991,0,0.4479919601552909,1.5923219019854558,0.007798672142693471,2799.7456266210233,27.997456266210236,0.0,401.45383341340715,1123.716941885545,147249.8263458296,1403105.5560023056,26708.489558883564,59385.531407966955,230709.33148784353,1.0005472832529991,1.0005472832529994,809.1453108541943,46346.65687897223,142788.5618277407,72002.92986226367,1,9.708304761027135e-05,0.00012836084697472335,13,1
571,7,3.3861051484400253,3.381708834349119,0,0.46721940811444945,1.5463555775487676,0.0212939382602737,3883.473749070262,38.83473749070262,0.0,406.28810513239375,1123.716941885545,147100.0430463113,1402776.610343703,26913.869220446937,58934.175589975406,233621.9307499235,0.820590500977311,0.8205905009773119,809.1453108541943,46346.65687897223,142788.5618277407,72389.2327238742,1,0.00013298319165856937,0.00010371423888127957,13,1
572,7,3.4107724564933295,3.4428793314782076,0,0.4589182041769741,1.5694143431256433,0.006699782831871362,3500.780750179469,35.007807501794694,0.0,406.3754659800572,1123.7869575005486,147122.79693554237,1402871.9505533196,27015.72179755466,58712.65303710114,238544.3571684063,0.9076928641413263,0.9076928641413271,809.1453108541943,46346.65687897223,142806.06573149157,72394.48389499947,1,0.00011740477257093133,0.00011582367061325734,13,1
573,7,3.5071851515807304,3.5130551126817267,0,0.4497509857720082,1.576718243999824,0.00207706075960513,5237.62141956467,52.376214195646696,0.0,412.3663331892647,1124.1355275047783,147680.40286568413,1404198.9105921013,26704.761738879086,59400.93875587095,242850.11563026713,1.0910988568708293,1.0910988568708293,809.1453108541943,46346.65687897223,142893.208232549,72394.48389499947,1,0.00017253840397716953,0.00014097545606889006,13,1
574,7,3.3781631635475815,3.372829765729132,0,0.4684493762638621,1.5374492043608357,0.026930883315926846,4099.986756053418,40.99986756053418,0.0,410.8711512957743,1124.1355275047783,147563.13057992817,1403954.3789030248,26869.27700189563,59038.56956151951,241492.38428889427,1.098128240851444,1.0981282408514434,809.1453108541943,46346.65687897223,142893.208232549,72718.74312283043,1,0.00013582164980072102,0.00014192160878294063,13,1
575,7,3.610471202405661,3.5878217624496367,0,0.44037862096059993,1.6096382945560415,0.018758414275975563,2627.920387202976,26.27920387202976,0.0,399.82306940986064,1124.3573108419002,147938.97191511592,1404876.6990138243,26594.325779308536,59651.940251627115,236574.33856201722,1.0282697808048267,1.0282697808048267,809.1453108541943,46346.65687897223,142948.65406682945,72718.74312283043,1,8.886577988724927e-05,0.00013240861122171328,13,1
576,7,3.77499350174772,3.8040730351352012,0,0.4153442863496034,1.6095279892328267,0.018688600780270015,4804.791814177375,48.047918141773756,0.0,405.9356335104602,1124.9508256786535,148556.979714675,1406491.454157446,26008.426461139687,61000.269357405545,232734.18611868774,1.0122916934908734,1.0122916934908748,809.1453108541943,46346.65687897223,143097.03277601776,72718.74312283043,1,0.0001651598123784727,0.00012994908068881433,13,1
577,7,3.6570582745073006,3.6635410715100747,0,0.4312767263036961,1.5680693916693338,0.007551017930801444,4226.758763910604,42.26758763910604,0.0,408.34576819002825,1125.0353608539317,148580.02674384406,1406609.2405458533,26082.047542552522,60828.6650376111,236289.69036447536,1.0294271418186722,1.0294271418186722,809.1453108541943,46346.65687897223,143118.1665698373,72725.0832609763,1,0.00014310429735265573,0.00013237662987279256,13,1
578,7,3.922187650591113,3.9730306390772974,0,0.3976813026458164,1.5981545543679638,0.011490224283521366,4879.15455309065,48.7915455309065,0.0,410.58993554258524,1125.7247368858782,149378.25572982559,1408786.7835738808,25426.912619712115,62402.67713602639,235158.4895907744,1.217740368981423,1.217740368981422,809.1453108541943,46346.65687897223,143290.5105778239,72725.0832609763,1,0.0001659869328666437,0.00015808368086592405,13,1
579,7,3.787889724574098,3.865330849923533,0,0.408761904567951,1.552718587579608,0.017266716721767196,4499.542726501394,44.995427265013944,0.0,410.0806701353493,1125.7247368858782,149385.58705915694,1408852.7109806822,25503.455782541787,62216.21797572961,239661.27502012037,1.1800553042470818,1.1800553042470814,809.1453108541943,46346.65687897223,143290.5105778239,72753.56024159124,1,0.00015019673832991645,0.0001530959895164053,13,1
580,7,4.722856936866145,4.72740607909061,0,0.33422134116812274,1.7986500854319125,0.13838613002019776,4507.317613133259,45.073176131332595,0.0,409.022705296312,1127.8017407814332,150523.46881603403,1412508.3389712113,24584.017596022357,64552.18776560014,239945.78064612203,1.1972760103688445,1.1972760103688447,809.1453108541943,46346.65687897223,143809.76155171267,72753.56024159124,1,0.00015027787030873487,0.000155487180501765,13,1
581,7,4.741126841955199,4.73993684975704,0,0.33333777433785594,1.7146288866888786,0.08520815613220159,3075.1643209301847,30.751643209301847,0.0,401.1523558175662,1128.7083886571331,151245.43898001953,1414876.9602579244,23957.86468524986,66245.98256624333,237184.83256723502,1.0452780859562412,1.0452780859562418,809.1453108541943,46346.65687897223,144036.42352063765,72753.56024159124,1,0.00010372212380177269,0.000134732244146808,13,1
582,7,4.6832053219441745,4.689697100806844,0,0.3369087525350341,1.6373740259919003,0.03631267467841786,6346.352117397361,63.46352117397362,0.0,411.405181025453,1129.812215517928,151932.91392216756,1417187.7366214073,23557.523410462094,67379.05772071061,236529.5533358766,1.2038649526830185,1.203864952683017,809.1453108541943,46346.65687897223,144312.3802358364,72753.56024159124,1,0.00021464893592845603,0.00015621631001298787,13,1
583,7,4.751815636514486,4.813126972502809,0,0.32826892143641195,1.5624191718803722,0.011127106404827792,5225.7148459321415,52.257148459321414,0.0,414.6293485759995,1130.430916283386,152790.71381950675,1420029.5971560017,22846.74363556681,69484.24315625105,233515.6228813063,1.2751457465491156,1.2751457465491172,809.1453108541943,46346.65687897223,144467.05542720092,72753.56024159124,1,0.0001790275025354795,0.00016579952075523606,13,1
584,8,4.981931598373058,4.964565143235906,0,0.31825546738020144,2.1344745249835833,0.35093324366049566,6489.992627473425,64.89992627473426,0.0,812.8099771910928,1154.2282203801324,145620.15217203493,1421714.2531786107,30200.248468715905,70488.34285158335,238360.4021467976,1.6124426612451586,1.6124426612451597,1191.8020107339878,45154.85486823824,144599.1368609952,72753.56024159124,1,0.00021782116724157808,0.00020383253523517122,16,1
585,8,5.184988592424106,5.190926054237801,0,0.30437728904076944,1.9332652162216548,0.22358557988712324,8049.355151426383,80.49355151426383,0.0,822.2488679088651,1159.0578334709883,147304.80547581657,1428833.1368910698,28176.25428329061,75568.29544661533,225441.3425180054,1.793845922599434,1.7938459225994352,1191.8020107339878,45154.85486823824,145806.54013370918,72753.56024159124,1,0.00028563900699033504,0.00022749589225579754,16,1
586,8,5.204083798269137,5.2222984615518415,0,0.3025487745735797,1.8404913995135015,0.1648679743756338,5852.086804382135,58.520868043821345,0.0,815.6724941914082,1161.8245544195684,148330.5589928064,1432849.7822700709,27442.98978099197,77596.46066973003,218017.27758675,1.8841748721544715,1.8841748721544709,1191.8020107339878,45154.85486823824,146498.2203708542,72753.56024159124,1,0.0002147384599664516,0.00023939954473278823,16,1
587,8,5.236306777016551,5.0775439903466415,0,0.31117406427278127,1.7565636384557604,0.11174913826313941,4746.664497221943,47.46664497221943,0.0,803.3878299771026,1163.4557631682028,149399.79022051324,1436325.1142999798,26728.71420779549,79678.15357390651,215137.4533357986,1.78338805260141,1.7833880526014103,1191.8020107339878,45154.85486823824,146906.0225580128,72753.56024159124,1,0.00017650723009398397,0.00022562823235025686,16,1
588,8,5.420014322333817,5.393937364273747,0,0.2929214585369467,1.698863877624314,0.07523030229386951,5614.239677100998,56.142396771009984,0.0,804.5635864102528,1165.1303287689157,150566.89981767524,1440410.981326346,25838.193542455498,82433.54921359454,211194.66080206176,1.6085681519961386,1.6085681519961388,1191.8020107339878,45154.85486823824,147324.66395819103,72753.56024159124,1,0.00021266597008767527,0.00020130388671603695,16,1
589,8,5.188391656842943,5.148024380949342,0,0.306913853370025,1.6078821146925986,0.017646908033290182,7659.173476880036,76.59173476880036,0.0,813.7781969475741,1165.5496456627236,150802.68067969033,1441378.895524319,25692.13227380486,82904.61316649413,214546.5283824011,1.7803806835996878,1.7803806835996865,1191.8020107339878,45154.85486823824,147429.493181643,72753.56024159124,1,0.000285594869686395,0.0002249226899560181,16,1
590,8,4.924031502338074,4.939029642021244,0,0.31990089440998015,1.5604101465816618,0.012398641404011581,8010.811205102704,80.10811205102704,0.0,819.7332495576176,1165.5496456627236,150665.0844869862,1441019.1876585085,25981.06371633432,81985.86537247166,213057.0611450564,2.0848022067362417,2.0848022067362404,1191.8020107339878,45154.85486823824,147429.493181643,73305.11894309639,1,0.0003007949574465847,0.000266351932406885,16,1
591,8,4.925670896504538,4.938761649833191,0,0.31991825320287837,1.5695574313450815,0.006609220667669968,4639.540249091098,46.39540249091098,0.0,802.6788854887259,1165.6424364677055,150618.58696381742,1441024.005264803,26053.059420502177,81761.13469291505,204683.37907116968,2.0112682140048688,2.0112682140048674,1191.8020107339878,45154.85486823824,147452.69088288845,73546.32077821813,1,0.0001813353002142065,0.0002559083757823954,16,1
592,8,4.658210906785178,4.691668380217229,0,0.336767194941183,1.5151077889269382,0.04107101966649485,4379.502823623856,43.79502823623856,0.0,791.5903121704935,1165.6424364677055,150417.64632719988,1440443.7545580522,26322.212877831087,80927.85213986303,202920.24460211143,1.7357069387873463,1.7357069387873472,1191.8020107339878,45154.85486823824,147452.69088288845,74274.94103212513,1,0.0001726590792244013,0.00021826311229506418,16,1
593,8,4.749601393834974,4.755743973584911,0,0.3322298275045672,1.5711735427643825,0.0055863653389984745,8421.108769304756,84.21108769304756,0.0,805.9618459665082,1165.6424364677055,150249.9387812141,1439982.2393273483,26546.090311679316,80247.88103507989,203381.28070822376,1.812056532870982,1.8120565328709797,1191.8020107339878,45154.85486823824,147452.69088288845,74888.7481050101,1,0.00033124420261217277,0.0002284128606835935,16,1
594,8,4.5744516129228945,4.557784966096556,0,0.3466596190370882,1.5470797562382865,0.020835597317540214,5437.628424148208,54.37628424148208,0.0,799.5326496337585,1165.6424364677055,150091.12187369497,1439574.7069959992,26841.76769085885,79366.5400972637,203046.65638464206,1.8912110221364316,1.8912110221364316,1191.8020107339878,45154.85486823824,147452.69088288845,75451.79269186202,1,0.00021424153525965658,0.00023938160569874354,16,1
595,8,4.812532991667674,4.830096891393612,0,0.32711559116242234,1.59317522215861,0.008338748201651829,8116.9162379550535,81.16916237955054,0.0,804.9412841054532,1166.198223927895,150542.89390488554,1441221.234008913,26557.25259161479,80221.96961614184,203609.1940015152,2.247688501263455,2.247688501263457,1191.8020107339878,45154.85486823824,147591.6377479358,75451.79269186202,1,0.00031892140343700397,0.0002881357137696111,16,1
596,8,4.69258185930472,4.73389727366241,0,0.33376305159609493,1.5639858877068056,0.010135514109616767,5184.76132758681,51.8476132758681,0.0,795.2034659337218,1166.3019191544468,150575.73242980003,1441448.532282222,26647.21401150774,79952.27709807402,202252.941736778,1.9398998966528214,1.9398998966528223,1191.8020107339878,45154.85486823824,147617.56155457374,75459.5698338534,1,0.00020508028345355846,0.000246081074050073,16,1
597,8,4.680319375339017,4.650222729248882,0,0.33976867173740866,1.5810565780348749,0.0006687202752372151,5065.047130491199,50.65047130491199,0.0,784.7227098153261,1166.4032200970566,150451.7707574467,1441225.630105781,26827.665693269802,79416.54035897432,206324.81917730643,1.8917777849469064,1.8917777849469037,1191.8020107339878,45154.85486823824,147642.88679022618,75911.59525920457,1,0.00019639119135302947,0.00024013095941453062,16,1
598,8,4.4776075231595005,4.520702890194196,0,0.3495031720459134,1.5512331607630854,0.018206860276528288,5452.140126684118,54.521401266841174,0.0,784.5071160937692,1166.4032200970566,150328.98236993919,1440924.3003775235,27168.869710132505,78422.4696112005,209846.79353383556,1.6191420063093847,1.619142006309384,1191.8020107339878,45154.85486823824,147642.88679022618,76347.14294298034,1,0.0002078522157949492,0.00020310789686717905,16,1
599,8,4.263241547221448,4.253304551060625,0,0.3714758680062079,1.5275651866698825,0.03318659071526428,6952.350722151043,69.52350722151043,0.0,791.3759102849165,1166.4032200970566,150175.17331929106,1440490.618164453,27631.02056313349,77114.6893663385,203973.06814221543,1.7887864003398128,1.788786400339812,1191.8020107339878,45154.85486823824,147642.88679022618,76920.10312124834,1,0.0002726772033375967,0.0002256402034951918,16,1
600,8,4.400847626842773,4.439981757724159,0,0.3558573179385932,1.5815429205361298,0.0009765319848922148,6058.418229157649,60.58418229157649,0.0,790.6793565089581,1166.5243884616398,150204.83061457993,1440707.4705780307,27672.20979005725,77001.50100433949,200187.33446288327,1.9025864166688435,1.902586416668845,1191.8020107339878,45154.85486823824,147673.17888137198,76929.19074859207,1,0.00024210995147771208,0.00024087979020341932,16,1
601,8,4.394635963947233,4.41974316106952,0,0.35748683632052064,1.5869472328753487,0.004396982832499112,4995.434164135256,49.954341641352556,0.0,780.8348653979931,1166.6242971449224,150235.4173762005,1440911.0379792775,27739.246662534108,76816.6001178887,204076.41122880817,1.8688146371213497,1.8688146371213503,1191.8020107339878,45154.85486823824,147698.15605219264,76936.68389983827,1,0.00019582602943892153,0.00023687106141807675,16,1
602,8,4.431736852972593,4.362277670654784,0,0.36219610930058926,1.6040725077398852,0.015235764392332353,2673.3461971918978,26.733461971918977,0.0,762.4311227455913,1166.6777640688663,150252.34871078198,1441055.540863931,27771.614181835022,76727.5079164517,206108.23787917435,1.4531584511384652,1.453158451138467,1191.8020107339878,45154.85486823824,147711.5227831786,76940.69391913406,1,0.00010376474903478932,0.00018056690998380763,16,1
603,8,4.473668278205548,4.424691684446627,0,0.35708702722811353,1.6054766985132833,0.01612449272992612,9313.43271626271,93.1343271626271,0.0,782.0249019551761,1167.3035767590682,150669.45950518496,1442349.5722678667,27654.132781145065,77058.36945429156,209697.01382812503,1.7297118452455935,1.7297118452455948,1191.8020107339878,45154.85486823824,147867.97595572908,76940.69391913406,1,0.0003553100750932514,0.0002183002845223207,16,1
604,8,4.319017711069418,4.308661103290442,0,0.3667032431010609,1.5740134586856305,0.0037889501989680995,6221.570598948683,62.215705989486835,0.0,782.0650139708195,1167.4280081710472,150703.68189819602,1442565.6684558983,27868.14268070397,76468.85174227059,211251.21446172698,1.8255211424859212,1.8255211424859201,1191.8020107339878,45154.85486823824,147899.08380872384,76950.02627503249,1,0.00023560841966476325,0.000231561081264268,16,1
605,8,4.2135625058214305,4.182415268761751,0,0.3777721480219672,1.5701952591672172,0.0062055321726473545,4935.381371500458,49.353813715004584,0.0,766.2030322389375,1167.4280081710472,150532.0826399842,1442199.7526787207,28181.061908861768,75622.86609907985,206774.9270177981,2.037789850917609,2.037789850917611,1191.8020107339878,45154.85486823824,147899.08380872384,77470.9329609579,1,0.0001909469950803328,0.00026062182994611584,16,1
606,8,4.1439437524275196,4.172383955309668,0,0.37868039397221176,1.5643715292410256,0.009891437189224332,4993.114179307904,49.93114179307904,0.0,761.4718483211216,1167.5278704546333,150508.21435565397,1442235.520683366,28364.389973961424,75135.88327770284,211092.28235964512,1.6300764813992137,1.6300764813992126,1191.8020107339878,45154.85486823824,147924.04937962038,77622.58710193323,1,0.00018922962501493885,0.00020526167992001164,16,1
607,8,4.232829373225984,4.222831319977729,0,0.3741565504937888,1.5808501677682816,0.0005380808660009536,4067.559741502491,40.67559741502491,0.0,755.6972120818142,1167.6092216494633,150757.43834378547,1442999.8504354246,28212.898669522514,75541.87526879374,202678.4807335817,1.4518656260600264,1.451865626060026,1191.8020107339878,45154.85486823824,147944.3871783279,77628.68844154548,1,0.00016055220965857731,0.000180242943251283,16,1
608,8,3.7946924829193063,3.7779424245961226,0,0.41821706697102684,1.4565013945444936,0.07816367433892817,8974.526751648427,89.74526751648428,0.0,772.3038997644128,1167.6092216494633,150632.89363530363,1442496.1560856805,28601.828745215764,74517.70725640732,204677.69410456278,1.8424173049281893,1.842417304928188,1191.8020107339878,45154.85486823824,147944.3871783279,78266.65029631603,1,0.0003507769340830526,0.00023351958958552294,16,1
609,8,3.8465189291104145,3.8898987832401795,0,0.4061802345108587,1.4955600807317886,0.05344298687861486,3742.524660050301,37.42524660050301,0.0,754.8114320356502,1167.6092216494633,150526.9081147787,1442256.5972240223,28787.291443999173,74039.72791449454,208004.88023716837,1.7269397382377165,1.7269397382377143,1191.8020107339878,45154.85486823824,147944.3871783279,78632.85330851225,1,0.00014393987894064996,0.00021842300756075997,16,1
610,8,3.7943965020779737,3.8341855316762548,0,0.41208230195090356,1.5077027420872553,0.04575775817262327,4880.083354500646,48.80083354500646,0.0,745.3576871710728,1167.6092216494633,150403.97673368402,1441962.8419191348,29102.238769294774,73240.85173180605,206995.02926918707,1.794185047634319,1.7941850476343206,1191.8020107339878,45154.85486823824,147944.3871783279,79054.63354677951,1,0.00018860678429738844,0.00022777453244036367,16,1
611,8,3.8116321387461007,3.812282711679236,0,0.41444985052119626,1.5384340163146484,0.026307584610982083,5623.064622445963,56.23064622445963,0.0,750.4704757184728,1167.6092216494633,150211.0513035909,1441483.6717379093,29331.27472102955,72671.31915406203,202197.83242234975,1.4860315200396756,1.4860315200396776,1191.8020107339878,45154.85486823824,147944.3871783279,79635.59187353993,1,0.00022247774093643244,0.00018500813472482362,16,1
612,8,3.7535843207467003,3.6817199798299587,0,0.4291472487467591,1.5421990259206677,0.02392466713881795,4189.297278205997,41.89297278205997,0.0,743.6662453944043,1167.6092216494633,150059.88256918022,1441150.7102291842,29593.744144519893,72028.71493628706,200535.19754497628,1.542332578932228,1.5423325789322277,1191.8020107339878,45154.85486823824,147944.3871783279,80071.621751874,1,0.00016712466756929958,0.00019273639760104016,16,1
613,8,3.994154854292896,4.023406938932399,0,0.3927020119966411,1.601978145300445,0.01391021854458534,6681.468451891364,66.81468451891364,0.0,750.5325571492843,1168.1622690387458,150557.26242173303,1442580.774251288,29240.280594912667,72903.74654714983,200385.06227595895,1.7338214267177405,1.7338214267177428,1191.8020107339878,45154.85486823824,148082.64902564848,80071.621751874,1,0.0002667451705632638,0.00021878252635633194,16,1
614,8,3.9516624068757085,3.9633137955255675,0,0.3986562966030499,1.587444445895612,0.004711674617475946,5870.945046413512,58.70945046413512,0.0,753.6105707391001,1168.279687939674,150592.24393689493,1442758.0828691851,29263.53287179676,72846.39348535356,188813.2978247138,1.80672732135865,1.8067273213586494,1191.8020107339878,45154.85486823824,148112.00375088054,80080.42816944362,1,0.0002487513374980123,0.00022754039187685855,16,1
615,8,3.866679182772892,3.804825088958052,0,0.4152621902608095,1.5896181516730157,0.006087437767731397,4233.443651006848,42.33443651006848,0.0,741.5949926927913,1168.364356812694,150393.07060667253,1442365.935059159,29604.186301019,72010.93594244955,191652.29462880048,1.8256137763201632,1.8256137763201623,1191.8020107339878,45154.85486823824,148133.17096913556,80637.59684929313,1,0.00017671350751970256,0.00023073667186032624,16,1
616,8,3.715502201822534,3.7590909188848918,0,0.420314388264037,1.5573330021643816,0.014346201161783815,6396.492269343111,63.96492269343111,0.0,747.9643094421832,1168.364356812694,150283.22763355263,1442135.4951009895,29892.706658485848,71318.34826185483,177021.96911319502,1.8929262573451628,1.8929262573451622,1191.8020107339878,45154.85486823824,148133.17096913556,80977.35346308733,1,0.00028907111592473293,0.00023817865364748263,16,1
617,8,3.5662944462409443,3.5866558539517164,0,0.44052177413653526,1.5217770648385756,0.03684995896292691,4324.1756176940235,43.241756176940235,0.0,742.1754621567054,1168.364356812694,150142.3279998589,1441818.725328592,30161.823345943725,70684.42912730436,175591.28208763298,1.7670778949954113,1.7670778949954131,1191.8020107339878,45154.85486823824,148133.17096913556,81393.66747491654,1,0.00019701094798252872,0.0002209318571423214,16,1
618,8,3.6833442274024355,3.6786864831690482,0,0.42950112960941705,1.5747648918591404,0.0033133595828225954,10744.482908861866,107.44482908861866,0.0,762.2493778407628,1168.5792464708713,150098.352087533,1441815.6205938172,30191.471729351484,70617.26082793427,179373.2917002376,2.5039627635518933,2.5039627635518906,1191.8020107339878,45154.85486823824,148186.89338367988,81659.19773160972,1,0.0004792010140201997,0.00032176102597582045,16,1
619,8,3.505180628407568,3.499213686577897,0,0.45153001260268344,1.5558849642219137,0.015262680872206568,6436.747573519526,64.36747573519526,0.0,755.6426674666538,1168.5792464708713,149885.00970850897,1441375.3858873188,30764.038289063392,69306.86621574264,178910.17045335585,2.499972785016269,2.49997278501627,1191.8020107339878,45154.85486823824,148186.89338367988,82237.43593836616,1,0.000287820309251683,0.0003213440904181371,16,1
620,8,3.3360652053082074,3.325225330579856,0,0.4751557692857098,1.5021163251667866,0.04929346508431231,4180.561429535304,41.805614295353045,0.0,730.598216556559,1168.5792464708713,149755.12323290945,1441121.744834185,30984.987968683807,68814.87040475516,178518.09248319388,2.471670543329336,2.4716705433293344,1191.8020107339878,45154.85486823824,148186.89338367988,82625.47714007509,1,0.00018734510867256205,0.0003181221439814816,16,1
621,8,3.3097666364053224,3.2993499462965095,0,0.47888221186526025,1.5080562171965832,0.045534039748998,4753.949969366505,47.53949969366505,0.0,725.7984016295771,1168.5792464708713,149641.1656800455,1440866.8151040978,31169.630882156453,68408.72587270559,182250.09250472722,1.8093779114314077,1.809377911431407,1191.8020107339878,45154.85486823824,148186.89338367988,82979.47281722001,1,0.0002086780820368888,0.00022794783332037794,16,1
622,8,3.4201779540740884,3.447815112511085,0,0.45826123166136573,1.5627971547722206,0.010887876726442711,2449.6061430923214,24.496061430923216,0.0,711.7566719554633,1168.6282385937332,149651.775995713,1440964.6861097803,31214.052307902977,68311.88118995854,187079.8230861598,1.35741767960588,1.3574176796058806,1191.8020107339878,45154.85486823824,148199.14141439533,82983.14722643465,1,0.00010475127045482198,0.00016692482038809095,16,1
623,8,3.42169842512607,3.3630505574325538,0,0.46981155145232667,1.5817261313702422,0.001092488209014009,7245.272994321974,72.45272994321974,0.0,724.6338654625791,1168.7731440536195,149506.6328249884,1440734.5668259622,31396.161538950157,67918.32945173947,187987.79617855517,1.6536425780331858,1.6536425780331871,1191.8020107339878,45154.85486823824,148235.36777936693,83378.38874401536,1,0.0003083295040041959,0.00020725295216530222,16,1
624,8,3.3713648561404392,3.397033052473257,0,0.4651117535785115,1.5770928871833945,0.0018399448206364594,4867.007715326845,48.67007715326845,0.0,722.6778845063194,1168.870484207926,149533.31431971703,1440869.4374937802,31583.59925989125,67516.52831646966,193992.48839925329,1.6295284221027377,1.629528422102739,1191.8020107339878,45154.85486823824,148259.70281794356,83385.68925558835,1,0.00020070912046079326,0.00020459663163993703,16,1
625,8,3.2750559743952232,3.241257750856636,0,0.48746508961912083,1.5673050541533367,0.00803477585231862,5257.703288804342,52.577032888043426,0.0,716.8361251377582,1168.870484207926,149303.19464351758,1440428.7247292856,31945.573011393753,66753.78189408181,193807.46347330327,1.9017645066574254,1.9017645066574245,1191.8020107339878,45154.85486823824,148259.70281794356,83931.84469121431,1,0.00021702789746396264,0.00024202217397631726,16,1
626,8,3.3985684325161256,3.3633922403701044,0,0.4697638238667454,1.599611650528314,0.012412437043236663,3423.913998392266,34.23913998392266,0.0,706.0245217957468,1169.0572228313051,149619.53295985147,1441175.084047221,31681.781004659246,67311.77581306199,195278.56106958268,1.4897767397047093,1.4897767397047095,1191.8020107339878,45154.85486823824,148306.38747378835,83931.84469121431,1,0.00014026789135023336,0.00018600163642499643,16,1
627,8,3.4518724468204374,3.422334403649916,0,0.4616731779088951,1.6051879350792393,0.015941731062809633,4026.980761448242,40.269807614482424,0.0,702.5253638470153,1169.2751948465418,149874.9815668457,1441802.3430579917,31491.357413889345,67720.51209356554,196893.07624466543,1.3977982510039337,1.3977982510039337,1191.8020107339878,45154.85486823824,148360.8804775975,83931.84469121431,1,0.00016362102063738153,0.00017363893648385918,16,1
628,8,3.4049944557728926,3.390008056264094,0,0.4660755885463041,1.5848472487287117,0.0030678789422225777,3640.934843942443,36.40934843942443,0.0,701.0617350994379,1169.3480135434206,149895.39946890593,1441903.4860089358,31505.94047832603,67689.52196412858,189352.28062890176,1.2489135416183639,1.2489135416183632,1191.8020107339878,45154.85486823824,148379.0851518172,83937.30609348022,1,0.000153826923313506,0.0001525719451003736,16,1
629,8,3.4745583724025737,3.412396519926635,0,0.46301770347426374,1.6277029910834617,0.030191766508520033,6564.577435481372,65.64577435481372,0.0,711.2811798812555,1169.7694094533458,149990.7659310704,1442260.705775207,31608.196669360037,67472.091023786,188321.57974004268,1.5888909990837252,1.5888909990837246,1191.8020107339878,45154.85486823824,148484.43412929852,83937.30609348022,1,0.0002788667106358412,0.00019877155152890958,16,1
630,8,3.446522203553781,3.532017984032786,0,0.44733634062530686,1.5400180727717736,0.025305017233054724,5175.523036541379,51.755230365413794,0.0,710.8331451860006,1169.8729199140766,150743.07784141728,1444007.1946905702,30871.07048839797,69088.6891309264,187679.49591269682,1.7279514182082878,1.727951418208287,1191.8020107339878,45154.85486823824,148510.31174448124,83945.06937803503,1,0.00022061112265343621,0.0002177682522009278,16,1
631,8,3.4141320388852714,3.3948160151746962,0,0.46541550202940635,1.548707876557376,0.019805141419382277,7177.604736008198,71.77604736008199,0.0,716.1239504676533,1169.8729199140766,150519.21226380655,1443514.3007569436,31105.191625852218,68571.505906946,191430.58134313923,2.0818331887046315,2.08183318870463,1191.8020107339878,45154.85486823824,148510.31174448124,84558.14420460437,1,0.00029995645149893144,0.00026647809492940294,16,1
632,8,3.2329559622453616,3.208780086100891,0,0.4923989670853129,1.498189096541506,0.051779052821831754,4688.565547181592,46.885655471815916,0.0,706.26407087653,1169.8729199140766,150336.1211013681,1443106.281786325,31439.719978870125,67844.05946595865,193735.67882065265,1.8708849268133225,1.8708849268133247,1191.8020107339878,45154.85486823824,148510.31174448124,85073.28619411362,1,0.00019360669447043662,0.00023805808954093476,16,1
633,8,3.378490107659146,3.208780086100891,1,0.4923989670853129,1.5939903194675673,0.008854632574409643,4360.288208304644,43.602882083046445,0.0,696.089948919219,1169.9601256782428,150094.3333511364,1442681.7353045451,31723.696896094116,67238.92537668065,194910.71624404666,1.76683996415692,1.7668399641569208,1191.8020107339878,45154.85486823824,148532.11318552276,85639.86207314806,1,0.00017896556094309976,0.0002241762356374893,16,1
634,8,3.395310153849703,3.3690462104669248,0,0.46897546109378646,1.609570235373959,0.01871533884427776,3743.7115035190855,37.43711503519086,0.0,690.0739223781634,1170.0349999083132,150114.72315640605,1442793.7096495354,31799.529149237544,67079.56063996228,196186.38479549703,1.406450223989808,1.4064502239898091,1191.8020107339878,45154.85486823824,148550.83174304035,85645.47764040335,1,0.00015265938081978513,0.00017507721207777382,16,1
635,8,3.324930072271718,3.3168449029386005,0,0.47635631035993853,1.58613569213371,0.003883349451715128,5818.776518811751,58.18776518811751,0.0,696.2053495475333,1170.1513754386895,150149.60163736198,1442929.1795552936,31899.69544004284,66869.59835209754,200815.65559450962,1.497555949131295,1.497555949131293,1191.8020107339878,45154.85486823824,148579.9256256344,85654.20580518157,1,0.0002318056927020122,0.00018781021148829902,16,1
636,8,2.906181926263272,2.9562723780850826,0,0.5344568422424733,1.4093094516860771,0.1080319926037487,3149.7655596418235,31.497655596418237,0.0,686.1659235241909,1170.1513754386895,149976.71410604086,1442513.933503318,32163.003396524444,66324.35413918184,194484.43312136043,1.3795800330581378,1.3795800330581374,1191.8020107339878,45154.85486823824,148579.9256256344,86145.22293695326,1,0.00012956370889288956,0.0001713429274715623,16,1
637,8,3.1691016189193375,3.184953086768113,0,0.4960826602326137,1.5511364738495976,0.018268054525571165,6923.429090629306,69.23429090629307,0.0,695.8341940349969,1170.1513754386895,149879.0464829761,1442320.2647190557,32312.913555473086,66017.98641644193,192040.80573862552,1.7133947097326065,1.7133947097326054,1191.8020107339878,45154.85486823824,148579.9256256344,86430.7706879726,1,0.0002884149153197095,0.0002165947723048704,16,1
638,8,3.312092108952851,3.3642404965272155,0,0.4696453780967732,1.5735623053313579,0.004074490296608981,4740.450201190229,47.40450201190229,0.0,692.7259760728095,1170.3842091725426,150398.6634535289,1443521.2378461228,31836.21423070269,67010.04057811269,195726.43523211943,1.6177424503773403,1.6177424503773414,1191.8020107339878,45154.85486823824,148638.13405909768,86430.7706879726,1,0.00019375819911371088,0.0002039122744421033,16,1
639,8,3.0436445166077557,3.035831735604246,0,0.5204504523323062,1.4815177187228277,0.062330557770362276,4071.637248438359,40.71637248438359,0.0,681.0770790902617,1170.3842091725426,150136.54933513407,1442952.9049011234,32225.213740687963,66203.79483743972,198640.1004282562,1.697454574336238,1.697454574336238,1191.8020107339878,45154.85486823824,148638.13405909768,87093.9872419784,1,0.00016398047482497856,0.00021538452975279965,16,1
640,8,2.8854075490867355,2.853301612552971,0,0.5537444737874404,1.435130536959556,0.09168953356990134,3213.8188222047347,32.13818822204735,0.0,672.8847704443727,1170.3842091725426,149979.66678838158,1442590.0003474941,32575.305736208666,65494.413688804234,197290.64996429626,1.3120927911209181,1.3120927911209184,1191.8020107339878,45154.85486823824,148638.13405909768,87528.14959958493,1,0.00013031814017689498,0.00016268560470519483,16,1
641,8,2.910881829275406,2.9377455683460765,0,0.5378273792748925,1.4784151156282619,0.06429423061502416,3164.01321602295,31.640132160229502,0.0,668.3821993634589,1170.3842091725426,149776.86365548454,1442160.786746214,32918.429731193435,64813.771139028315,199664.35406766643,1.1467930914781665,1.1467930914781677,1191.8020107339878,45154.85486823824,148638.13405909768,88019.05416089213,1,0.00012677328332530156,0.0001403572994423917,16,1
642,8,2.7747506866290474,2.7964905897961776,0,0.5649938554290499,1.4229650962810596,0.09938917956894966,4145.1402353683225,41.45140235368323,0.0,671.3833571931121,1170.3842091725426,149670.22648825368,1441855.4428167134,33078.36142158092,64502.07830604899,200794.2659487018,1.1494963013220367,1.1494963013220354,1191.8020107339878,45154.85486823824,148638.13405909768,88385.91753199004,1,0.00016514974531901458,0.00014074705627373704,16,1
643,8,2.7210370298798012,2.6968119975300877,0,0.5858769545103866,1.4303181357678711,0.09473535710894235,3981.3734626762453,39.813734626762454,0.0,672.2041655958889,1170.3842091725426,149455.91870903166,1441354.6927929327,33490.065383170055,63711.495898623405,195637.18557888188,1.2319213279758738,1.2319213279758723,1191.8020107339878,45154.85486823824,148638.13405909768,88949.35980413265,1,0.0001628064092578529,0.000151576479300723,16,1
644,8,2.758549732049654,2.7658374886312935,0,0.5712555442951499,1.480577402897299,0.06292569436879808,2923.289081483978,29.23289081483978,0.0,664.3015133536437,1170.3842091725426,149224.7589551934,1440900.2820824857,33841.48722569198,63052.03992436584,197467.032092173,1.2090000518691897,1.2090000518691904,1191.8020107339878,45154.85486823824,148638.13405909768,89464.66595053738,1,0.00011843147893647199,0.00014879587783777983,16,1
645,8,2.695110242036533,2.721260539709875,0,0.580613277172075,1.4761766232249296,0.06571099795890536,2758.465468390739,27.584654683907388,0.0,658.2495696765571,1170.3842091725426,149019.52676189702,1440499.4542672518,34187.10856985928,62416.668170068515,200697.58701139048,1.0716159392846105,1.0716159392846096,1191.8020107339878,45154.85486823824,148638.13405909768,89919.2357989855,1,0.00010995510247900224,0.0001303976635577757,16,1
646,8,2.673666719516087,2.700270937277985,0,0.5851264694174441,1.4856809555657056,0.05969559774322437,3759.9276076822252,37.59927607682226,0.0,661.0794617114062,1170.3842091725426,148887.26724722478,1440217.109502189,34434.74604132481,61969.586498887256,199255.39094122234,1.0441724238543553,1.0441724238543542,1191.8020107339878,45154.85486823824,148638.13405909768,90252.75151372764,1,0.00015095913199322585,0.00012644857113623337,16,1
647,8,2.7062973757657236,2.7333559183997598,0,0.5780440042089394,1.5458843676726526,0.02159217235908069,4305.493742872261,43.0549374287226,0.0,664.4294428160406,1170.3842091725426,148648.197899799,1439788.8831934817,34913.828969091184,61121.77967051726,202952.68940897431,1.167356710009336,1.1673567100093352,1191.8020107339878,45154.85486823824,148638.13405909768,90737.66605390295,1,0.0001697141833561483,0.00014354280594279213,16,1
648,8,2.6302487135677795,2.6244960542237785,0,0.6020203373737977,1.5325077196691317,0.03005840527270151,3056.1360535260255,30.561360535260256,0.0,656.8246053684866,1170.3842091725426,148394.996496869,1439355.4403406396,35261.933422703936,60520.18781543491,206775.95372874546,1.1839636090363665,1.1839636090363654,1191.8020107339878,45154.85486823824,148638.13405909768,91228.62767586981,1,0.00011823951473719817,0.0001463042766955241,16,1
649,8,2.741122773062613,2.7187768835554276,0,0.5811436788199353,1.5985318782350184,0.011729036857606543,2682.4343464347075,26.824343464347077,0.0,648.7870084609176,1170.4378578594713,148410.8533267054,1439426.1098859976,35277.72184052412,60493.361462142784,212474.80012343885,1.057900427613028,1.0579004276130284,1191.8020107339878,45154.85486823824,148651.54623082984,91232.65132738947,1,0.00010099774071565484,0.00012965047960300044,16,1
650,8,2.7101778374149266,2.734114891793342,0,0.5778835427664333,1.5811500829437652,0.0007279005973197302,3395.986877119327,33.95986877119327,0.0,649.3904833067246,1170.5057775970135,148429.24402385417,1439497.2664375815,35285.216579988766,60480.79369254436,218311.7585777668,0.9448674261343069,0.9448674261343062,1191.8020107339878,45154.85486823824,148668.52616521544,91237.74530770515,1,0.00012444540410441014,0.00011456088651908771,16,1
651,8,2.6722174021110985,2.6482422589830037,0,0.5966221536721352,1.5790193739976186,0.000620649368595866,4209.430246968236,42.09430246968236,0.0,653.1621214982721,1170.5899662019528,148222.12519824962,1439193.1635939884,35511.447566518174,60096.987867324795,218431.30636784472,1.0328678408711747,1.0328678408711731,1191.8020107339878,45154.85486823824,148689.5733164503,91627.53824498782,1,0.00015416948484039855,0.0001265375432201545,16,1
652,8,2.6595411294573665,2.6661915872882282,0,0.5926055755081768,1.5783158487855573,0.001065918490153648,4183.185239506355,41.83185239506355,0.0,654.0474670505679,1170.673629906743,148246.18929097656,1439278.7240557289,35588.17115807694,59967.84800070375,217938.45818028753,1.1611516190148823,1.1611516190148834,1191.8020107339878,45154.85486823824,148710.48924264783,91633.81302284708,1,0.0001535547337329827,0.00014405654089259714,16,1
653,8,2.3415469605982175,2.3343884765966787,0,0.6768367886665947,1.4224160554034546,0.09973667379528194,3615.0735126122204,36.15073512612221,0.0,650.7010581973942,1170.673629906743,147935.09491187698,1438670.317660377,36006.61917528299,59273.22696550084,206240.47163839935,1.2051755656707517,1.2051755656707526,1191.8020107339878,45154.85486823824,148710.48924264783,92298.19678837714,1,0.00014022751146343441,0.00014931724334560524,16,1
654,8,2.341431994108504,2.3044334643102253,0,0.6856348965896195,1.442999013118769,0.0867094853678677,3972.308488954921,39.72308488954921,0.0,650.152544668932,1170.673629906743,147764.83254919038,1438311.2422718601,36267.70009287856,58848.51796721806,208898.36591193138,1.1986373087728102,1.1986373087728106,1191.8020107339878,45154.85486823824,148710.48924264783,92712.83472622637,1,0.00015212406173170702,0.00014863543564270807,16,1
655,8,2.323546637009067,2.3404858118338168,0,0.6750735219206644,1.465089244536391,0.07272832624279055,2413.944097379785,24.13944097379785,0.0,641.3663731992215,1170.673629906743,147482.10527646137,1437831.219835599,36685.30237500189,58180.76358076706,201237.6493121995,1.0612305101097945,1.0612305101097945,1191.8020107339878,45154.85486823824,148710.48924264783,93239.23032938839,1,9.596391552496418e-05,0.0001294384962400352,16,1
656,8,2.281160932807999,2.297677042543082,0,0.6876510365665869,1.4637892910589083,0.07355108160828591,1721.0009056918893,17.210009056918892,0.0,631.3747385192551,1170.673629906743,147234.73136649036,1437429.6498772192,37008.61157916998,57674.01047919733,203391.62478849795,0.881702659173262,0.8817026591732615,1191.8020107339878,45154.85486823824,148710.48924264783,93679.07853918159,1,6.76921051191372e-05,0.0001052600274586028,16,1
657,9,2.2942937621253763,2.2574179497322686,0,0.6999146968718793,1.7919678412054036,0.13415686152240733,3962.1966413838218,39.621966413838216,0.0,487.7282282450812,1187.1190394333535,139687.9320465199,1437061.0186061,44674.11579705579,57197.20122471959,205810.47650669166,0.8594930573641028,0.8594930573641019,1029.052382533458,44125.80248570478,148710.48924264783,94078.62938913437,1,0.0001540134091766702,0.00010588980994025719,19,1
658,9,2.263804156002118,2.2673965966701273,0,0.696834423373648,1.665147618018945,0.05389089748034493,1898.1454859569649,18.98145485956965,0.0,481.2813135274093,1187.5719097658487,141148.5945188903,1439026.6613551353,43355.385403928754,58942.58298808124,204000.92792503544,0.8067240329455606,0.8067240329455612,1029.052382533458,44125.80248570478,148823.7068257716,94078.62938913437,1,7.443673929383221e-05,9.871408452987987e-05,19,1
659,9,2.268167600463355,2.256314706982254,0,0.7002569256454467,1.5911974997191416,0.007087025138697167,2362.4846670915463,23.624846670915463,0.0,477.2378545344353,1187.8375781346374,142223.9880358829,1440582.5436760467,42342.59129644708,60357.11702363454,202393.91668016292,0.869189773728832,0.8691897737288308,1029.052382533458,44125.80248570478,148890.1239179688,94078.62938913437,1,9.338164726857518e-05,0.0001072772652463592,19,1
660,9,2.1557555157626798,2.0955427277684153,0,0.7539812856417264,1.5282101341597392,0.032778396101430955,2636.3319123412416,26.363319123412417,0.0,478.611113628222,1187.8375781346374,142034.5206721562,1440302.1709875134,42564.615810752424,60043.38229362745,206935.04039324424,0.7407807515244834,0.7407807515244844,1029.052382533458,44125.80248570478,148890.1239179688,94388.54959967206,1,0.0001019192073930582,8.991253131848853e-05,19,1
661,9,2.198380904729428,2.20659408260541,0,0.716035637209012,1.5607979188843455,0.01215321589598391,3407.017379647341,34.07017379647341,0.0,481.7216624309718,1187.9057184822304,142050.95989626355,1440354.664162188,42597.11785844557,59997.95960994915,206206.7687554654,0.8821348833152889,0.8821348833152899,1029.052382533458,44125.80248570478,148907.15900486705,94393.66012574153,1,0.00013217868259941066,0.00010915984575368134,19,1
662,9,2.267690250840155,2.23231207484762,0,0.707786343048766,1.609933386905758,0.018945181585922698,2357.935418454776,23.57935418454776,0.0,476.91307900100475,1187.9528771905996,142064.86571780528,1440401.8710875409,42596.31243490962,59999.52744382727,206948.08766672495,0.8755529378415806,0.8755529378415796,1029.052382533458,44125.80248570478,148918.94868195933,94397.19702886921,1,9.115079805915624e-05,0.0001084162293505417,19,1
663,9,2.312025451348022,2.3078943357619686,0,0.6846067324301272,1.5889574529845005,0.005669274040823074,2680.588797207172,26.80588797207172,0.0,474.60478317829956,1188.1513218593266,142774.36517617543,1441462.2382931048,41911.29597869702,60983.371719439434,208935.20497450387,0.8760989841406236,0.8760989841406229,1029.052382533458,44125.80248570478,148968.55984914108,94397.19702886921,1,0.00010263809002544234,0.00010865585689466975,19,1
664,9,2.2031623136937744,2.2070034672066896,0,0.7159028173162496,1.5428870152320984,0.02348923086576057,2278.9676045996566,22.78967604599657,0.0,471.7688977727046,1188.1513218593266,142453.0677303825,1440998.5301664595,42307.92188283652,60413.50931256861,212878.1773832196,0.7608426769766744,0.7608426769766746,1029.052382533458,44125.80248570478,148968.55984914108,94892.53722389307,1,8.564401039556437e-05,9.314429949338764e-05,19,1
665,9,1.837790452765088,1.8236747064998322,0,0.866382581481587,1.3120855073420004,0.1695661345936707,1684.687439305928,16.84687439305928,0.0,466.11479773473906,1188.1513218593266,142134.4683803213,1440474.4547597596,42718.658186085035,59834.47094721917,209022.3212475601,0.6964455509826448,0.6964455509826445,1029.052382533458,44125.80248570478,148968.55984914108,95444.51852414815,1,6.447875726384771e-05,8.425361922828481e-05,19,1
666,9,1.9429356071158157,1.933199474859416,0,0.8172979666854602,1.417808440532432,0.1026528857389671,2884.8645505898435,28.848645505898435,0.0,469.1816322186166,1188.1513218593266,141831.37145501096,1439969.4138518013,43188.809102241044,59185.05817482632,206647.29141388892,0.719931140702286,0.7199311407022858,1029.052382533458,44125.80248570478,148968.55984914108,95977.40561095801,1,0.0001116826465365788,8.726847139866364e-05,19,1
667,9,1.8488519787588014,1.8527680258983654,0,0.8527781016913295,1.3699092547274376,0.13296882612187497,2836.507613502827,28.36507613502827,0.0,471.09630878726983,1188.1513218593266,141639.49663598553,1439602.2204193538,43520.32036234394,58735.73752456013,203466.87153312098,0.7845520628825516,0.7845520628825512,1029.052382533458,44125.80248570478,148968.55984914108,96374.03424830714,1,0.00011152705468481503,9.589615282841386e-05,19,1
668,9,1.8055163940720091,1.8112651928712264,0,0.8723184248328519,1.3600187826237535,0.13922861859256108,1227.6864192311218,12.27686419231122,0.0,460.96656192550375,1188.1513218593266,141362.81449044068,1439198.5260758146,43880.78216047067,58254.68926435443,200699.6129503171,0.7460550180714314,0.7460550180714319,1029.052382533458,44125.80248570478,148968.55984914108,96804.96097851444,1,4.8936274512299496e-05,9.071532524456442e-05,19,1
669,9,1.896871716243633,1.883624085041705,0,0.8388085566261049,1.4470884354282274,0.08412124339985612,2380.873985980537,23.808739859805367,0.0,461.9793154742436,1188.1513218593266,141215.25753957458,1438954.8520615776,44160.69026019212,57886.6932203528,197519.76531490622,0.7104789956328802,0.7104789956328796,1029.052382533458,44125.80248570478,148968.55984914108,97073.77041383114,1,9.643081469582364e-05,8.563138129764605e-05,19,1
670,9,1.8418007559092426,1.8671446153563822,0,0.8462119039978193,1.430881119012259,0.09437903859983611,2943.915516327218,29.43915516327218,0.0,465.827505754959,1188.1513218593266,140895.94531417708,1438457.1421902257,44565.04446792168,57363.20893297352,194471.22938202793,0.7358444232133173,0.7358444232133173,1029.052382533458,44125.80248570478,148968.55984914108,97596.63274190298,1,0.00012110441326183255,8.882383415665191e-05,19,1
671,9,1.8190376333104774,1.7989130733436296,0,0.8783081425181167,1.4354346028018876,0.09149708683424838,1559.6726197264263,15.596726197264264,0.0,458.3636487724483,1188.1513218593266,140619.45492247218,1438076.4870929988,44914.91185904572,56917.894280205925,196229.052473659,0.7693200640687293,0.7693200640687292,1029.052382533458,44125.80248570478,148968.55984914108,98003.4796847395,1,6.358579833374229e-05,9.370700876379949e-05,19,1
672,9,1.8573764123873848,1.8521085365827923,0,0.8530817545472565,1.4940747760018391,0.054383053163392994,3619.5748192433766,36.19574819243377,0.0,463.0376774066653,1188.1513218593266,140324.75036304042,1437650.8989617494,45348.50483089535,56375.520531401235,198653.675932361,0.8891828715823921,0.8891828715823928,1029.052382533458,44125.80248570478,148968.55984914108,98459.0568257785,1,0.00014576422217229127,0.00011015147792262202,19,1
673,9,1.8401052779801526,1.8325049973164496,0,0.8622077442155837,1.496426131811906,0.052894853283603785,3247.05564267941,32.470556426794104,0.0,465.37036853559016,1188.1513218593266,140139.844865868,1437381.764332345,45597.19572619082,56069.34998873976,197932.4175195409,0.9145837891850802,0.9145837891850797,1029.052382533458,44125.80248570478,148968.55984914108,98758.60550356781,1,0.0001312389626063692,0.00011352966103746758,19,1
674,9,1.8267880199960034,1.8279801422824515,0,0.8643419933584078,1.5166491127069583,0.04009549828673527,2099.181514706671,20.99181514706671,0.0,457.3595929603848,1188.1513218593266,139676.5561102938,1436805.31666308,46072.15339152517,55493.42769260454,194119.44265750932,0.9705476624915563,0.9705476624915573,1029.052382533458,44125.80248570478,148968.55984914108,99366.11783746397,1,8.651092279964225e-05,0.00012117136919276757,19,1
675,9,1.7329205502624416,1.7715256429348025,0,0.8918866098841725,1.4600566479280979,0.07591351396955835,2803.6068654633045,28.036068654633045,0.0,457.71668737129903,1188.1513218593266,139412.46567450024,1436433.5847856442,46413.21713434805,55087.18986351651,188796.49874586624,0.9074261761264758,0.9074261761264749,1029.052382533458,44125.80248570478,148968.55984914108,99765.64062936897,1,0.00011879910418199705,0.00011218299652933616,19,1
676,9,1.6825491453625998,1.674995711678657,0,0.943285997082671,1.4470820686542225,0.08412527300365669,1794.9480925137277,17.949480925137276,0.0,452.84363705974005,1188.1513218593266,138992.07313099536,1435902.8329147315,46893.859358137524,54524.3595335031,190694.68115118064,0.7694979817473995,0.7694979817474,1029.052382533458,44125.80248570478,148968.55984914108,100319.73795581753,1,7.530144340379216e-05,9.353715679514381e-05,19,1
677,9,1.6950562362577803,1.6907478921008043,0,0.9344976902717314,1.4805787815198348,0.06292482182288942,1794.1814329779168,17.941814329779167,0.0,448.848174327615,1188.1513218593266,138723.20660707657,1435569.739392764,47258.72766066408,54104.652882156384,188451.05184815734,0.7445819818133872,0.7445819818133868,1029.052382533458,44125.80248570478,148968.55984914108,100674.80831757066,1,7.61654091237893e-05,9.008865223652618e-05,19,1
678,9,1.6895821988963053,1.6936788667075438,0,0.9328805070771582,1.4900844588586044,0.05690857034265548,1577.611638462862,15.77611638462862,0.0,446.69608765877217,1188.1513218593266,138516.6052113217,1435316.5269434622,47487.39876339371,53845.17846993659,180368.89604245985,0.6292309525842061,0.6292309525842064,1029.052382533458,44125.80248570478,148968.55984914108,100945.6188501685,1,6.997266926073478e-05,7.381317392943876e-05,19,1
679,9,1.6999262951809075,1.6657308340307657,0,0.9485326006583473,1.5140280217613908,0.0417544166067147,2666.22889503183,26.6622889503183,0.0,449.9321698286403,1188.1513218593266,138397.75464390917,1435157.6937596886,47721.970198154886,53581.46007317964,180817.93581290427,0.7334695600864997,0.7334695600864998,1029.052382533458,44125.80248570478,148968.55984914108,101124.7863631389,1,0.00011796302764082552,8.803370200844987e-05,19,1
680,9,1.661239019935558,1.635070573144648,0,0.9663191460667453,1.5064417269701347,0.04655586900624392,1667.0000593317359,16.670000593317358,0.0,445.8983541474935,1188.1513218593266,138051.63992434856,1434758.570371796,48154.05153189532,53102.21294365278,183639.7427570601,0.7226461393273739,0.722646139327374,1029.052382533458,44125.80248570478,148968.55984914108,101543.93093065062,1,7.26204484630339e-05,8.685204845486473e-05,19,1
681,9,1.6482436122041495,1.635070573144648,1,0.9663191460667453,1.5159663862043755,0.04052760366811681,3421.8007009886737,34.21800700988674,0.0,450.0769797868961,1188.1513218593266,137794.13395477796,1434439.0248594503,48496.708732290695,52728.33956500863,187298.74532435782,0.9071029365493452,0.9071029365493462,1029.052382533458,44125.80248570478,148968.55984914108,101888.7039088422,1,0.00014615370519702788,0.00011224572710029578,19,1
682,9,1.7281079757979982,1.735849372335544,0,0.9102172257458881,1.5851158051015544,0.003237851330097654,3295.5606908725536,32.955606908725535,0.0,452.7985257542681,1188.217233073144,137811.87567945104,1434478.0044593313,48431.16346257985,52800.104312567084,185507.61533448144,0.9672691229867137,0.9672691229867131,1029.052382533458,44125.80248570478,148985.03765259543,101893.64724987852,1,0.00014212077212810736,0.00012029830859605639,19,1
683,9,1.7339941038402717,1.7643565976270428,0,0.8955105799615612,1.5632301440660132,0.010613832869611919,2107.388265204414,21.07388265204414,0.0,444.60866510112265,1188.259380838448,138284.05993058102,1435025.8615646665,48014.78993254192,53259.824189163715,189545.3729002265,1.0035171630084607,1.0035171630084612,1029.052382533458,44125.80248570478,148995.57459392145,101896.80833227633,1,8.89449626950781e-05,0.0001257398133400711,19,1
684,9,1.2164174013206666,1.2296815315532745,0,1.284885524794554,1.1226718440560428,0.2894481999645299,2436.9988198808346,24.369988198808347,0.0,441.9806771656057,1188.259380838448,138027.5407093088,1434533.516702621,48582.59679325293,52639.350005564425,189747.02467395147,0.8972983487215859,0.8972983487215865,1029.052382533458,44125.80248570478,148995.57459392145,102414.38106660069,1,0.00010274727939764683,0.00011127100474027742,19,1
685,9,1.203922641981069,1.2276455064819796,0,1.2870164812705178,1.1335009224536523,0.2825943528774353,1691.0241043416938,16.91024104341694,0.0,437.49574061980593,1188.259380838448,137773.39478027524,1434119.4116945069,49069.78781553862,52118.37716060552,189915.55541148366,0.723866566838381,0.7238665668383802,1029.052382533458,44125.80248570478,148995.57459392145,102848.4639458391,1,7.123267393985959e-05,8.764163867752818e-05,19,1
686,9,1.210712104512975,1.2059049775841233,0,1.3102193202364323,1.1725075815476746,0.257906593957168,2473.0214331040406,24.730214331040408,0.0,438.9961487583639,1188.259380838448,137370.51854270004,1433496.180567117,49767.94699802535,51389.56608513792,182020.23533226489,0.7758661102906861,0.7758661102906868,1029.052382533458,44125.80248570478,148995.57459392145,103491.61754378269,1,0.00010869215408230706,9.422403580660449e-05,19,1
687,9,1.2525351637595235,1.2396708278998843,0,1.274531887369379,1.2293023511391434,0.22196053725370674,1361.9713100387623,13.619713100387624,0.0,434.0257281396688,1188.259380838448,137176.8996121655,1433212.2282570268,50101.58032212893,51048.45936008921,178689.08431915875,0.6748487991577888,0.6748487991577895,1029.052382533458,44125.80248570478,148995.57459392145,103792.38473256072,1,6.097613920752446e-05,8.030032240989703e-05,19,1
688,9,1.2996849548545037,1.2832156214175026,0,1.231281768729292,1.2993874369348577,0.1776028880159129,1504.4172971686994,15.044172971686994,0.0,430.6689150078013,1188.259380838448,136792.76725029218,1432746.7373257652,50567.850867614354,50579.42927861284,176085.18636535137,0.6684483362089635,0.6684483362089636,1029.052382533458,44125.80248570478,148995.57459392145,104273.98041797448,1,6.83495223293685e-05,7.933927187306668e-05,19,1
689,9,1.2865711368466932,1.288313246530931,0,1.226409806973964,1.3117732010654866,0.1697637967939959,1610.32481376061,16.103248137606098,0.0,430.6240650715592,1188.259380838448,136419.59420204881,1432294.7074758757,51067.37062679073,50086.25350000698,168900.1442462025,0.5933507885689241,0.5933507885689243,1029.052382533458,44125.80248570478,148995.57459392145,104739.44225057811,1,7.627346067452828e-05,6.853304073714042e-05,19,1
690,9,1.2876648699855944,1.3002890249511545,0,1.2151144627705774,1.3300744692439077,0.15818071566841288,1645.8231614394947,16.458231614394947,0.0,429.89177902211486,1188.259380838448,136236.49609061042,1432041.2069330502,51401.08017955289,49762.149982585455,169593.09173618077,0.6333527475391144,0.6333527475391151,1029.052382533458,44125.80248570478,148995.57459392145,105007.15648415405,1,7.763633032881973e-05,7.408643777757216e-05,19,1
691,9,1.3601882084031718,1.374883391619715,0,1.1491883672684724,1.4204723088758033,0.1009668931165802,2074.658423756491,20.746584237564914,0.0,430.9908881515513,1188.259380838448,136051.74805200522,1431804.073289954,51684.068156388064,49490.6233858667,171670.0308444205,0.7014075238319843,0.7014075238319848,1029.052382533458,44125.80248570478,148995.57459392145,105260.04206277718,1,9.66812163335227e-05,8.35303357789569e-05,19,1
692,9,1.316424963281897,1.374883391619715,1,1.1491883672684724,1.3923946694796097,0.11873755096227241,1342.8045405132286,13.428045405132286,0.0,426.76640603601527,1188.259380838448,135770.6133815242,1431494.698665106,52014.94471966312,49176.98494083122,170364.90025176705,0.669040637089774,0.6690406370897741,1029.052382533458,44125.80248570478,148995.57459392145,105584.16185210468,1,6.305545513324954e-05,7.9124333931864e-05,19,1
693,9,1.2650188450130788,1.2752309525606358,0,1.2389912563111762,1.3528546320277353,0.14376289112168658,1268.3850929215714,12.683850929215714,0.0,422.9183160201751,1188.259380838448,135531.80330811263,1431220.5679456855,52303.010889683566,48907.17218242672,171094.08843914766,0.6232287146251572,0.6232287146251579,1029.052382533458,44125.80248570478,148995.57459392145,105871.93488224334,1,5.930702127666756e-05,7.301456424781327e-05,19,1
694,9,1.239644696323069,1.2326644231336406,0,1.2817762647707265,1.3476686169118823,0.14704517916969476,1677.9050344171492,16.77905034417149,0.0,423.7801620828721,1188.259380838448,135202.11225471008,1430839.9558058202,52734.92893196686,48507.90034072678,166518.80864941562,0.5867922805844504,0.5867922805844503,1029.052382533458,44125.80248570478,148995.57459392145,106264.82538962645,1,8.06109555083242e-05,6.765781063941377e-05,19,1
695,9,1.286710263277321,1.303496514998293,0,1.2121244528237722,1.4175561463854522,0.10281256557882773,930.5511169508254,9.305511169508254,0.0,419.2267829131611,1188.259380838448,134910.937609689,1430551.1765485008,53087.19233295705,48187.04034938391,168535.1734851678,0.5387432306888804,0.5387432306888807,1029.052382533458,44125.80248570478,148995.57459392145,106564.8860323702,1,4.417124794582871e-05,6.136307491027349e-05,19,1
696,9,1.397694857822465,1.3894307007035458,0,1.13715639016754,1.555894291459407,0.015256777557337424,1824.091592241615,18.24091592241615,0.0,420.4875882196568,1188.259380838448,134684.6628492434,1430343.3850198486,53363.86162756665,47937.95786758655,169411.86249463406,0.6038327924215967,0.6038327924215966,1029.052382533458,44125.80248570478,148995.57459392145,106785.22991241522,1,8.613760880171617e-05,7.030660408528969e-05,19,1
697,9,1.4230426337676234,1.4096562556513226,0,1.1208406259793962,1.5858739409710811,0.00371768415891207,1730.4065188582606,17.304065188582605,0.0,421.414686466156,1188.293988968825,134691.9892806984,1430360.418174763,53393.602914076575,47911.357488265654,161590.99250628735,0.6207335114203733,0.6207335114203733,1029.052382533458,44125.80248570478,149004.22662651574,106787.82552219351,1,8.566846416471795e-05,7.199244030408761e-05,19,1
698,9,1.4310080937642613,1.42723876187738,0,1.107032713938962,1.5956186773679208,0.009885238840456187,2365.143772253824,23.65143772253824,0.0,423.16705957959755,1188.34129184427,134705.7936336889,1430383.0932245133,53408.31403356353,47898.49275417446,166783.01790765097,0.7867264550763765,0.7867264550763766,1029.052382533458,44125.80248570478,149016.05234537701,106791.37323785189,1,0.00011344770238242948,9.508459178295455e-05,19,1
699,9,1.3928443420193202,1.3940126162235869,0,1.1334187234834772,1.5627274175034642,0.010932014238313827,1810.9758498674755,18.109758498674754,0.0,420.65685699258887,1188.3775113612674,134582.65605873257,1430286.056171403,53574.517378064294,47750.46663330662,165037.31209267743,0.7911596233004092,0.7911596233004097,1029.052382533458,44125.80248570478,149025.10722462635,106911.91450502527,1,8.778503851786021e-05,9.56337350216692e-05,19,1
700,9,1.3976695891079085,1.3983518553058871,0,1.1299016009489098,1.569207134199867,0.0068309277216032,1601.057200871884,16.010572008718842,0.0,416.4922855073254,1188.4095325052847,134593.02734513048,1430306.1736685464,53592.804640699345,47734.31856687324,169904.53210640466,0.7625796875286052,0.7625796875286049,1029.052382533458,44125.80248570478,149033.11251063072,106914.31609082657,1,7.538620334714575e-05,9.220631474914514e-05,19,1
701,9,1.376512143552353,1.3750937979117561,0,1.1490125272904426,1.5603670447782563,0.012425921026420124,1093.9409915810495,10.939409915810495,0.0,411.29458057382266,1188.4095325052847,134334.83395413167,1430081.314716321,53851.23842044155,47506.055629113216,174549.7122384651,0.6050574505944731,0.605057450594474,1029.052382533458,44125.80248570478,149033.11251063072,107151.92825661447,1,5.013773910261334e-05,7.11029936558731e-05,19,1
702,9,1.3803064975057842,1.380207066537302,0,1.1447557676718345,1.5662177209530599,0.00872296142211404,1242.0126528973517,12.420126528973517,0.0,409.00149275953027,1188.4343727583425,134342.41758352323,1430095.898837324,53877.93872103188,47482.586803835315,178736.82603664714,0.5242347858480274,0.5242347858480281,1029.052382533458,44125.80248570478,149039.3225738952,107153.79127559382,1,5.55906773299285e-05,6.0371539926562534e-05,19,1
703,9,1.3888061558363225,1.3987385579986855,0,1.1295892223495028,1.5742680103971225,0.003627841520808591,1709.2657527796189,17.092657527796188,0.0,410.2582783138374,1188.468558073398,134351.67727769836,1430111.9627724697,53850.81927293063,47506.74523597119,181499.4248267408,0.5231032607644829,0.5231032607644829,1029.052382533458,44125.80248570478,149047.86890265907,107156.35517422299,1,7.533977606425067e-05,6.0356064165597494e-05,19,1
704,9,1.389962390765806,1.3835195311356836,0,1.1420149585478077,1.5743378561851216,0.003583635325872472,2940.586714082249,29.40586714082249,0.0,415.2340671659597,1188.5273698076796,134364.60433235418,1430135.35238437,53829.798288826256,47525.627888592186,178308.26037515982,0.7246328309522314,0.7246328309522319,1029.052382533458,44125.80248570478,149062.57183622947,107160.76605429412,1,0.00013193271956757436,8.762105765391785e-05,19,1
705,9,1.3751999934659787,1.367266738401498,0,1.1555901680510514,1.5744657105822437,0.0035027148213647814,1205.6952398893463,12.056952398893463,0.0,407.5409646789328,1188.5514837124774,134096.82458884644,1429914.0691745542,54120.631725610154,47271.07862381482,183050.9172078021,0.7138463855015116,0.7138463855015112,1029.052382533458,44125.80248570478,149068.60031242893,107402.63420642738,1,5.269332744268627e-05,8.665527435817044e-05,19,1
706,9,1.372573805100774,1.3834205994932491,0,1.14209662670829,1.5711760649285715,0.005584769032549705,1836.2314283049102,18.362314283049102,0.0,405.452939323009,1188.5882083410436,134107.03870486663,1429934.369566387,54115.884026905005,47275.44322575842,174792.45415148744,0.7384244457351933,0.7384244457351936,1029.052382533458,44125.80248570478,149077.78146957044,107405.38855356984,1,8.404167958937188e-05,8.955590886654416e-05,19,1
707,9,1.3811660634160137,1.3841890895084203,0,1.1414625443703792,1.5817020673693438,0.0010772578286985769,1573.3119436298716,15.733119436298717,0.0,404.3520321256896,1188.6196745799161,134114.47997501984,1429951.1610850736,54127.780768796176,47265.19325489768,180949.1747073785,0.5835435986803971,0.5835435986803973,1029.052382533458,44125.80248570478,149085.6480292886,107407.74852148528,1,6.955818156890294e-05,6.876439620032036e-05,19,1
708,9,1.3600614689467603,1.3666570499802162,0,1.1561056960287677,1.558160019632175,0.01382277238469942,1636.2535756436816,16.362535756436817,0.0,402.5451878027414,1188.652399651429,134122.49854780635,1429969.1093243398,54138.807957440324,47255.805405021696,182144.81411592854,0.6292997527105846,0.6292997527105849,1029.052382533458,44125.80248570478,149093.8292971668,107410.20290184874,1,7.186605157376661e-05,7.51553042440138e-05,19,1
709,9,1.4038732197054977,1.3955524125690404,0,1.132168154896751,1.5894726423026455,0.00599534322952243,1967.8635903063557,19.678635903063558,0.0,403.2559111743981,1188.6917569232353,134420.2649728621,1430241.7422890945,53820.69399249532,47536.1632223942,185629.4733798495,0.6297905226436342,0.6297905226436347,1029.052382533458,44125.80248570478,149103.66861511834,107413.1546972342,1,8.4808238884762e-05,7.541082400914385e-05,19,1
710,9,1.4536908646867404,1.4725853968304266,0,1.072942868645018,1.575322542358595,0.0029604162287373646,2397.400628045497,23.97400628045497,0.0,405.04059229880005,1188.9005611575155,135658.8552093039,1431397.192886303,52656.4132849003,48590.77738126131,187405.902644107,0.7091567016268031,0.7091567016268033,1029.052382533458,44125.80248570478,149155.8696736884,107413.1546972342,1,0.00010234045328223321,8.633824791358728e-05,19,1
711,9,1.5432309060008722,1.5456957533352658,0,1.0221934016385266,1.5806505596204523,0.0004117465952229368,1761.7074310158296,17.617074310158298,0.0,401.6165588362194,1189.1036083298502,137150.11135906313,1432842.9135294803,51194.613670444465,49982.654013025785,187087.3813484186,0.7170567091295962,0.7170567091295968,1029.052382533458,44125.80248570478,149206.63146677206,107413.1546972342,1,7.533196170980438e-05,8.749355129226653e-05,19,1
712,9,1.2722446374597334,1.262542765900318,0,1.251442757167361,1.326928223128142,0.16017201067839112,1857.3567360410743,18.573567360410745,0.0,399.33462032177863,1189.1036083298502,136788.78336312214,1432405.10246621,51661.56417784556,49532.55710629246,187487.62922747724,0.7029261058640663,0.7029261058640675,1029.052382533458,44125.80248570478,149206.63146677206,107868.24464561134,1,7.925244961255799e-05,8.56416215348652e-05,19,1
713,9,1.2622599429705657,1.2705338091719025,0,1.243571787381084,1.3354541518165597,0.15477585328065846,1238.921313697928,12.389213136979281,0.0,395.072018730108,1189.1036083298502,136511.15185842867,1432088.4345513415,52032.443773891064,49180.624749499155,184168.74189647142,0.5854080489005422,0.5854080489005421,1029.052382533458,44125.80248570478,149206.63146677206,108198.8572044552,1,5.3816790012905674e-05,6.946706711175602e-05,19,1
714,9,1.2195137746963696,1.2206811611261552,0,1.294359289154877,1.3028463061536402,0.17541373028250626,1919.1594681257186,19.191594681257186,0.0,396.3775268449776,1189.1036083298502,136391.48491139503,1431875.1401473365,52286.67806329431,48942.32253653287,173116.158729499,0.6231812490317444,0.6231812490317434,1029.052382533458,44125.80248570478,149206.63146677206,108425.94559277828,1,8.868771036559252e-05,7.391898333035206e-05,19,1
715,9,1.2295914530535703,1.2289110401462104,0,1.2856911105721849,1.3290385929621442,0.15883633356826318,1066.1023448093147,10.661023448093147,0.0,392.5110056574083,1189.1036083298502,136156.81112810952,1431610.7584374656,52593.317289439896,48657.95001685993,170539.84865082245,0.5524613251325327,0.5524613251325317,1029.052382533458,44125.80248570478,149206.63146677206,108702.25535824122,1,5.001070908616282e-05,6.417173648822034e-05,19,1
716,9,1.27160588291642,1.265692583837035,0,1.2483284015223668,1.4029008509787266,0.11208806900080596,1244.4449447091336,12.444449447091335,0.0,390.0312524912438,1189.1036083298502,135676.7800872297,1431131.3409872013,53135.70184233656,48162.827051156026,168134.9196417393,0.5662522991908115,0.5662522991908117,1029.052382533458,44125.80248570478,149206.63146677206,109193.47570638671,1,5.9211730548813446e-05,6.59700500001896e-05,19,1
717,9,1.3088282745305437,1.2988155542758546,0,1.21649297684991,1.4523356785835693,0.08080020342812076,1580.1133950425283,15.801133950425283,0.0,391.0784554114096,1189.1036083298502,135552.86342913954,1430984.8744528096,53289.80168130089,48024.15874864054,166025.98907541012,0.5370207172300281,0.5370207172300275,1029.052382533458,44125.80248570478,149206.63146677206,109350.91735108205,1,7.61381228971245e-05,6.178685417736693e-05,19,1
718,9,1.2380964425952539,1.2357358205274867,0,1.2785904347464498,1.3950996034652603,0.11702556742705049,1236.4143571971385,12.364143571971386,0.0,388.88171220431224,1189.1036083298502,135215.43850764987,1430642.670500903,53701.074915708894,47657.60785218087,165142.63122065418,0.5610482883914943,0.5610482883914948,1029.052382533458,44125.80248570478,149206.63146677206,109704.36644920515,1,5.989558713256117e-05,6.508181352616638e-05,19,1
719,9,1.2202646716202554,1.2341144356225848,0,1.2802702524121463,1.3943782141571066,0.11748214293854016,1319.0526088839822,13.190526088839823,0.0,387.06111386765,1189.1036083298502,134889.43090519946,1430311.34364439,54078.6903634225,47325.9799012752,166885.81883763277,0.5695334591728195,0.5695334591728191,1029.052382533458,44125.80248570478,149206.63146677206,110047.06702570638,1,6.323138145931119e-05,6.642169716299897e-05,19,1
720,9,1.2416890246774899,1.2509130315931727,0,1.2630774163314133,1.4407992979233961,0.0881017101750658,1432.568401790947,14.32568401790947,0.0,386.96667975641236,1189.1036083298502,134568.18793278775,1429996.4024085016,54495.87250275926,46964.8526858858,158670.26222974906,0.5643820452953205,0.5643820452953201,1029.052382533458,44125.80248570478,149206.63146677206,110372.55435638556,1,7.222870280338416e-05,6.511855713175217e-05,19,1
721,9,1.2509178660770217,1.2751956803322289,0,1.2390255271162463,1.4674317033087971,0.07124575739949553,1313.772059323163,13.137720593231629,0.0,385.5022947355394,1189.1036083298502,134349.79187970216,1429785.6218713047,54794.42774296647,46709.72316503056,159233.7162005094,0.5785969374979372,0.5785969374979368,1029.052382533458,44125.80248570478,149206.63146677206,110594.07279234786,1,6.600471762745735e-05,6.715493396338423e-05,19,1
722,9,1.223124853726557,1.2209892875493211,0,1.2940326472243329,1.4537818289676154,0.07988491837492698,1675.4253560116956,16.754253560116958,0.0,386.0929179727255,1189.1036083298502,134023.21195598404,1429469.7744307674,55155.87081225071,46404.842236405355,157364.07186948214,0.6331786777042645,0.6331786777042641,1029.052382533458,44125.80248570478,149206.63146677206,110921.3733189343,1,8.517447908446572e-05,7.446929983843575e-05,19,1
723,9,1.255595962765777,1.2760216297344324,0,1.238223524728834,1.5126427976826164,0.04263114070720482,1266.6622080524237,12.666622080524236,0.0,383.43187438636517,1189.1036083298502,133688.4732572868,1429178.261586409,55529.72363821618,46093.43125849654,161059.3665889416,0.6078613469513459,0.6078613469513462,1029.052382533458,44125.80248570478,149206.63146677206,111224.00129083212,1,6.291653741742174e-05,7.13652447097816e-05,19,1
724,9,1.3416345037865394,1.3490965856981403,0,1.1711541017520033,1.5781588577132304,0.0011652799283352413,1444.908499648482,14.44908499648482,0.0,381.8070459639452,1189.1696773918447,134370.1142748398,1429764.757718455,54871.76963482037,46647.939823101595,164750.50045493265,0.6156712349232839,0.6156712349232845,1029.052382533458,44125.80248570478,149223.1487322707,111224.00129083212,1,7.016226333315378e-05,7.275109327834708e-05,19,1
725,9,1.3441682401258643,1.3402066137387352,0,1.1789227002785192,1.581779102821742,0.0011260144441404966,1454.7739939805638,14.547739939805638,0.0,380.8695025953634,1189.1987728717243,134377.64419500311,1429779.7105697116,54882.944892449814,46638.56749492205,169321.92339352655,0.5731804896477358,0.5731804896477358,1029.052382533458,44125.80248570478,149230.4226022406,111226.18345182309,1,6.873411144046488e-05,6.72709707303468e-05,19,1
726,9,1.3148940501686177,1.3347746973257575,0,1.1837203710600415,1.5495567142019504,0.019267902403828904,1431.3802769322897,14.313802769322898,0.0,379.2951554934429,1189.227400477263,134384.368288017,1429794.935380756,54922.53772733654,46605.146759684416,173139.2795547366,0.5788766935275832,0.5788766935275835,1029.052382533458,44125.80248570478,149237.57950362528,111228.3305222385,1,6.613774901285854e-05,6.834470792882573e-05,19,1
727,9,1.3559213829455217,1.3410411073227364,0,1.1781890885912683,1.5985258950391683,0.011725250024790024,1606.8061855619949,16.06806185561995,0.0,378.84213885865006,1189.2595366009743,134391.68535039958,1429810.9396429213,54933.272838975274,46596.179335413224,176290.8859787613,0.5840545037617993,0.5840545037618,1029.052382533458,44125.80248570478,149245.6135345531,111230.74073151684,1,7.291613184157802e-05,6.926266409830048e-05,19,1
728,9,1.2950112891942034,1.299753653405722,0,1.2156149712370137,1.5427392568773406,0.023582748811809797,1768.5542027796942,17.68554202779694,0.0,378.8855622707483,1189.2595366009743,134157.3310897947,1429605.646268396,55221.25565097858,46354.00904767552,180674.79971486024,0.6054585719045711,0.6054585719045718,1029.052382533458,44125.80248570478,149245.6135345531,111448.58212213893,1,7.830883800378646e-05,7.245423961940767e-05,19,1
729,9,1.2077582267898521,1.2070120561818696,0,1.3090175793255951,1.4579741033126803,0.07723158018184796,1994.2978174302723,19.942978174302723,0.0,379.8216135689099,1189.2595366009743,133855.81509894875,1429308.9693402897,55588.70651146784,46048.63519405969,174533.46011470305,0.6698473459206631,0.6698473459206629,1029.052382533458,44125.80248570478,149245.6135345531,111758.4899828532,1,9.141159826291755e-05,8.087885603609401e-05,19,1
730,10,1.2170128671662996,1.2307515717681832,0,1.2837684194301393,1.6623140411506534,0.052097494399147674,1763.0225724799614,17.630225724799615,0.0,221.66657111470985,1191.4000337685954,126926.07653090282,1429071.6538283573,62566.143244337276,45805.90640058698,172858.02413614746,0.6583380515825042,0.6583380515825044,864.2901206807371,43261.51236502404,149245.6135345531,112007.19248576497,1,8.159401711505665e-05,8.377148446058689e-05,22,1
731,10,1.2292432560967521,1.2280694159992698,0,1.2865722241884572,1.6313599717691563,0.032506311246301385,1298.7597422923711,12.987597422923711,0.0,218.1905642131499,1191.5612595007278,127832.22377607034,1429766.0317596619,61673.14575361401,46471.22634600823,172373.4623575995,0.6138550234253086,0.613855023425308,864.2901206807371,43261.51236502404,149285.91996758617,112007.19248576497,1,6.027655183246308e-05,7.77607224034791e-05,22,1
732,10,1.2436511779610726,1.2614443889847995,0,1.2525324253664258,1.575478739874768,0.0028615570412860876,1795.373583103429,17.95373583103429,0.0,219.19498373194648,1191.7149432182505,129216.03112912309,1430859.4276399245,60257.75045335732,47566.2542666612,175554.3106165545,0.5898751851736502,0.5898751851736502,864.2901206807371,43261.51236502404,149324.34089696684,112007.19248576497,1,8.181507258001233e-05,7.456188050917735e-05,22,1
733,10,1.2190633674660936,1.2469970977321105,0,1.267043847073514,1.544668200287925,0.022361898551946206,1935.4223149610875,19.354223149610874,0.0,220.5884075383652,1191.7149432182505,129219.79388118965,1430857.4862624377,60264.42226796416,47561.119944522055,179713.29046966115,0.6002043450882611,0.6002043450882615,864.2901206807371,43261.51236502404,149324.34089696684,112020.7613704741,1,8.615600148004954e-05,7.608254196417499e-05,22,1
734,10,1.1804459015786535,1.178637667382461,0,1.3405307192573368,1.5066502650431,0.046423882884114,1532.9167371139347,15.329167371139347,0.0,218.40940478566986,1191.7149432182505,129042.35590977436,1430702.5380557645,60484.337389721586,47388.892988615975,178856.55811329547,0.62014328952596,0.6201432895259599,864.2901206807371,43261.51236502404,149324.34089696684,112187.59276105296,1,6.856519003984944e-05,7.884542136663709e-05,22,1
735,10,1.237241570450367,1.243093432518022,0,1.271022723368055,1.580265487587022,0.00016803011836824603,1125.9228094464797,11.259228094464797,0.0,214.7396222200494,1191.7374616744394,129047.92855589725,1430715.3942036864,60505.95264689844,47372.09061545221,177276.3711284587,0.5443389171721086,0.5443389171721086,864.2901206807371,43261.51236502404,149329.97051101408,112189.28164526712,1,5.080983110289906e-05,6.851034087426602e-05,22,1
736,10,1.2067499937356396,1.213678779795854,0,1.3018271607795293,1.5552015986718548,0.015695190714015986,1317.8652251206963,13.178652251206964,0.0,214.42458358891867,1191.7374616744394,128827.67980891532,1430541.8752866085,60778.21559287058,47160.5169057156,174046.28549276176,0.4828472439826579,0.48284724398265827,864.2901206807371,43261.51236502404,149329.97051101408,112371.7119103833,1,6.0575391029554794e-05,5.99834707241011e-05,22,1
737,10,1.2030302212977062,1.1938436317166348,0,1.3234564041926569,1.5702564518180964,0.006166802646774497,1528.926306333899,15.289263063338991,0.0,215.7115347367374,1191.768040200566,128456.22043277984,1430261.5210688836,61166.67548481935,46862.000827538446,167190.4483415877,0.4961493354211408,0.49614933542114137,864.2901206807371,43261.51236502404,149337.61514254575,112666.23284222186,1,7.31585480629918e-05,6.151459006514855e-05,22,1
738,10,1.1412194731501142,1.13815089869785,0,1.388216625587755,1.5023458286714662,0.049148209701603746,1023.469439189655,10.23469439189655,0.0,213.0060796592777,1191.768040200566,128241.67484445055,1430087.4737460543,61428.65494579877,46662.74295550024,170366.11297739763,0.4880000599098695,0.48800005990986994,864.2901206807371,43261.51236502404,149337.61514254575,112848.91926031087,1,4.8059765938332495e-05,6.0597901676959696e-05,22,1
739,10,1.0696507597967306,1.0657901025773417,0,1.4824682610386162,1.4221491168462985,0.09990562224917819,2010.9424517587029,20.10942451758703,0.0,215.77198824755155,1191.768040200566,127998.11057191095,1429841.3345267717,61734.30356615072,46432.644743674864,166333.93492561852,0.5776610804860918,0.5776610804860918,864.2901206807371,43261.51236502404,149337.61514254575,113104.92411702152,1,9.671832522487774e-05,7.264554640873401e-05,22,1
740,10,1.1265319144372612,1.1299262342775083,0,1.3983213700762296,1.5104419117247325,0.04402410650333389,1145.2041905102983,11.452041905102984,0.0,213.38875821584494,1191.768040200566,127772.34533200193,1429661.6455183527,61995.23603874886,46237.86681142454,165395.15324120296,0.5341729164889382,0.5341729164889387,864.2901206807371,43261.51236502404,149337.61514254575,113293.62533583603,1,5.5392394181718124e-05,6.672349511497612e-05,22,1
741,10,1.1436149942066174,1.1432606150717142,0,1.382012096953843,1.5409587805482532,0.024709632564396757,1890.660673628084,18.90660673628084,0.0,214.58095986398533,1191.768040200566,127609.69979513426,1429531.1543627067,62149.31179319634,46123.80664785464,169621.2008843407,0.6332934363642401,0.6332934363642393,864.2901206807371,43261.51236502404,149337.61514254575,113435.0061092787,1,8.917096041159455e-05,8.042722660606346e-05,22,1
742,10,1.1481243380652315,1.1409334434167828,0,1.3848309987901952,1.5591587511676321,0.013190663817954387,1249.3721817351916,12.493721817351917,0.0,212.7109292992674,1191.768040200566,127374.91986184871,1429357.4224995608,62392.78018642131,45944.43599661565,167718.99250267172,0.5430733185433955,0.543073318543395,864.2901206807371,43261.51236502404,149337.61514254575,113617.9093060505,1,5.959359345497091e-05,6.805231601609452e-05,22,1
743,10,1.2121451031043249,1.2285127825568707,0,1.2861079041534988,1.589218407876392,0.005834435364805027,1377.1374871950788,13.771374871950789,0.0,211.17079316968662,1191.8828129782971,128490.40078574422,1430207.909183144,61307.010194609466,46760.716982044156,171541.68302015637,0.5632043792363363,0.5632043792363366,864.2901206807371,43261.51236502404,149366.30833697855,113617.9093060505,1,6.422403991609497e-05,7.099619792755348e-05,22,1
744,10,1.228109052467545,1.2230198699655028,0,1.2918841621473953,1.5929905025937503,0.008221837084652045,1144.8027602116827,11.448027602116827,0.0,209.70519474949973,1191.9057090335014,128847.62209556495,1430488.7284195423,60980.05161312529,47012.30376708406,171661.2978889739,0.4757012427961707,0.47570124279617143,864.2901206807371,43261.51236502404,149372.0323507796,113619.62651019082,1,5.335170008802388e-05,5.9056444486363255e-05,22,1
745,10,1.2652647839598026,1.2672709694186215,0,1.2467736089029542,1.5880397876464802,0.00508847319397479,1192.5530406320916,11.925530406320915,0.0,208.78748026456728,1191.9952784119773,129826.32893665762,1431271.9312215145,59986.1308943323,47793.726288864134,174086.07928893156,0.4632304407619801,0.4632304407619806,864.2901206807371,43261.51236502404,149394.42469539857,113619.62651019082,1,5.480291338644281e-05,5.7459551130187216e-05,22,1
746,10,1.2861753180648237,1.309436818534008,0,1.2066256100610517,1.5657858313465127,0.00899630927435908,1313.9108658889202,13.139108658889201,0.0,208.99752840959405,1192.0520001537775,130747.63089213238,1432030.4341398606,59079.58223590281,48529.43419985714,177723.61774517488,0.45001619181744784,0.450016191817448,864.2901206807371,43261.51236502404,149408.6051308486,113619.62651019082,1,5.914400719764067e-05,5.576620689070245e-05,22,1
747,10,1.2756060431566008,1.3143755384756253,0,1.2020917566926408,1.5491282252485954,0.01953909794392701,1804.0120223499678,18.040120223499677,0.0,211.02422706056234,1192.0880803942246,130914.77705231271,1432174.893036826,59007.80390164311,48589.07740723436,176329.7861787777,0.5201140143321431,0.5201140143321429,864.2901206807371,43261.51236502404,149417.62519096033,113622.33252822435,1,8.184718243897428e-05,6.526470100768592e-05,22,1
748,10,1.2709777764277967,1.2840979243222392,0,1.2304357557730194,1.5505561334698825,0.018635358563365536,1791.834372403291,17.91834372403291,0.0,212.00828529138087,1192.0880803942246,130829.67398937668,1432101.8965545576,59142.585453362604,48478.67815239326,177669.55961028015,0.5829583976803118,0.5829583976803115,864.2901206807371,43261.51236502404,149417.62519096033,113706.92650181563,1,8.068165987842584e-05,7.389094983834693e-05,22,1
749,10,1.2533512203905548,1.2746651467345462,0,1.2395412270019814,1.539034840726118,0.025927315996127846,1975.1608230326372,19.751608230326372,0.0,212.64649994077035,1192.0880803942246,130698.71327854833,1431986.300036238,59335.62089992752,48321.43555143196,181233.87854960363,0.6504689477582913,0.6504689477582912,864.2901206807371,43261.51236502404,149417.62519096033,113835.63981694933,1,8.718726714186771e-05,8.323870315308928e-05,22,1
750,10,1.2195384718106386,1.2251916819909645,0,1.2895941290039319,1.5155774048731219,0.04077379438410013,1479.8089120672264,14.798089120672264,0.0,210.21173777765375,1192.0880803942246,130403.05564898148,1431733.8882389828,59692.927271621505,48033.06058051929,178711.73014019182,0.6126068577985402,0.612606857798541,864.2901206807371,43261.51236502404,149417.62519096033,114100.09901218345,1,6.624339256998423e-05,7.803743986342593e-05,22,1
751,10,1.145925669299277,1.153491409515739,0,1.369754457610845,1.431793154776334,0.09380180077447216,1397.9369133469224,13.979369133469225,0.0,208.0808552602671,1192.0880803942246,130297.42469447522,1431615.0325693316,59854.336696430284,47904.00108459496,180491.19383456,0.5662001348565414,0.5662001348565421,864.2901206807371,43261.51236502404,149417.62519096033,114230.13913793192,1,6.196144570369612e-05,7.179736847184935e-05,22,1
752,10,1.1631496347218313,1.1567046762167894,0,1.3659493494637491,1.4664077223927907,0.07189384658684136,2692.1852121354364,26.921852121354362,0.0,212.91461501321996,1192.0880803942246,130103.72989603766,1431401.3429923467,60123.87129555736,47690.05090983675,175463.13964942214,0.6549388825980323,0.654938882598033,864.2901206807371,43261.51236502404,149417.62519096033,114456.26733096087,1,0.00012274647393244921,8.365043740204319e-05,22,1
753,10,1.1460844688009708,1.1302403865359787,0,1.3979327042475174,1.4675560514896502,0.0711670560192088,1277.0136331263634,12.770136331263634,0.0,208.32741517270549,1192.0880803942246,129689.93505592804,1431052.6454374874,60594.35508340505,47321.01999621065,178151.76164957887,0.6316778202823314,0.6316778202823314,864.2901206807371,43261.51236502404,149417.62519096033,114816.99102270267,1,5.734497919310953e-05,8.068429960975163e-05,22,1
754,10,1.1068784645918512,1.105762535433584,0,1.4288782169495924,1.4325318721132103,0.09333425815619605,1268.065681175438,12.68065681175438,0.0,204.44164248029264,1192.0880803942246,129450.84813641138,1430836.2876079364,60918.441374872535,47070.02487482443,170546.93737295645,0.626716872879736,0.6267168728797357,864.2901206807371,43261.51236502404,149417.62519096033,115044.64831028816,1,5.948230795384612e-05,7.985792035980163e-05,22,1
755,10,1.1529860744573321,1.1527030024678655,0,1.3706913199820927,1.5153506583285303,0.040917304855360596,961.4325600182357,9.614325600182356,0.0,202.2264383573003,1192.0880803942246,129041.78487247325,1430513.9632778505,61389.792185074046,46709.70056613416,174589.74941560242,0.43375673317449864,0.4337567331744988,864.2901206807371,43261.51236502404,149417.62519096033,115374.85371836605,1,4.405447917699187e-05,5.3627255441315845e-05,22,1
756,10,1.135322232603153,1.1258605360593743,0,1.4033709765955202,1.5102771692673924,0.044128373881397245,1182.0921753314688,11.820921753314687,0.0,202.05244027075548,1192.0880803942246,128689.88359281146,1430233.9507151663,61762.51604109722,46428.80063993858,175457.87893055106,0.4251224388063007,0.4251224388063005,864.2901206807371,43261.51236502404,149417.62519096033,115662.5285276037,1,5.389747932832856e-05,5.247808881972218e-05,22,1
757,10,1.133666301341496,1.154066782560624,0,1.3690715510365203,1.5220010627596139,0.0367081881268267,1653.695875900239,16.53695875900239,0.0,204.05662349982407,1192.0880803942246,128401.21939778895,1430000.4745362082,62047.66885730184,46216.361460865206,178957.81261718032,0.45985455815108706,0.4598545581510874,864.2901206807371,43261.51236502404,149417.62519096033,115904.3735562887,1,7.392561863449959e-05,5.7292525713273335e-05,22,1
758,10,1.1219505434844494,1.120021939423058,0,1.410686652097087,1.5178685351868837,0.03932371190703568,1955.5081376886085,19.555081376886086,0.0,206.00909939591656,1192.0880803942246,128204.96527399957,1429834.4196518492,62286.57291488849,46039.85965427423,182588.3253904069,0.5607047263506754,0.5607047263506756,864.2901206807371,43261.51236502404,149417.62519096033,116080.7623795733,1,8.567943798191382e-05,7.116751198158064e-05,22,1
759,10,1.1459273055329522,1.1381463160704868,0,1.3882222150971217,1.5628007224235785,0.01088561871925417,2531.757840040202,25.317578400402024,0.0,208.77537803874932,1192.1387155510254,127973.42743385994,1429674.07713601,62537.559934047385,45855.81291432555,187318.64005846548,0.6921604764669574,0.6921604764669573,864.2901206807371,43261.51236502404,149430.28398016054,116262.75001747138,1,0.00010812625328691244,8.924376996777529e-05,22,1
760,10,1.1859919035871922,1.1735291430810904,0,1.3463662230421685,1.6062736718461557,0.016628906231744043,1299.5278857550377,12.995278857550376,0.0,202.970847698247,1192.1972948280848,128173.8550474273,1429837.6302105335,62321.68429168952,46015.20543065966,190984.8552442869,0.6428425693670095,0.6428425693670092,864.2901206807371,43261.51236502404,149444.9287994254,116262.75001747138,1,5.443480360127294e-05,8.27468316233664e-05,22,1
761,10,1.215211738957444,1.2279252500268476,0,1.2867232756761493,1.5844740227721172,0.002831659982352639,1064.2056740503112,10.642056740503113,0.0,197.81117161389014,1192.285463421395,129372.33653371313,1430753.0145698162,61150.49351986641,46899.347354633355,191005.66817967553,0.5418260544113485,0.5418260544113482,864.2901206807371,43261.51236502404,149466.97094775294,116262.75001747138,1,4.457273689068673e-05,6.90445979262907e-05,22,1
762,10,1.1688003527267747,1.2279252500268476,1,1.2867232756761493,1.5099071177353394,0.04436258371181057,1040.3298946790453,10.403298946790454,0.0,196.70044362825888,1192.285463421395,129673.97241515691,1430980.9277802343,60868.45695990608,47117.51678565362,187490.63933030583,0.38722603393541516,0.3872260339354147,864.2901206807371,43261.51236502404,149466.97094775294,116273.88182413162,1,4.438962492826221e-05,4.779905514007396e-05,22,1
763,10,1.1178594196880236,1.118423948215496,0,1.4127022248772236,1.4514328627550872,0.08137160585121067,866.3136052623424,8.663136052623425,0.0,195.12372758741765,1192.285463421395,129516.96318876836,1430841.9414554532,61023.17966056344,46998.616300715534,190346.0279372274,0.3424890272329803,0.34248902723298047,864.2901206807371,43261.51236502404,149466.97094775294,116419.73416931488,1,3.6410052351522116e-05,4.179080472349036e-05,22,1
764,10,1.2151129011838557,1.2169356254381638,0,1.2983431226537665,1.576074718339171,0.00248435548153738,1604.9989917650355,16.049989917650354,0.0,197.38572289527465,1192.3175634012302,129524.20990229926,1430853.407066653,60991.68916271854,47023.01705893236,191134.56788499656,0.3977721796314266,0.3977721796314261,864.2901206807371,43261.51236502404,149474.99594271177,116422.14166780253,1,6.717775897997666e-05,4.9325812086586995e-05,22,1
765,10,1.244587724600649,1.239484596418985,0,1.274723384675214,1.5998233544079268,0.01254642684045994,2131.2830742678343,21.312830742678344,0.0,200.62905415816368,1192.4152865271012,129858.5969249956,1431126.6873244143,60718.134457295906,47235.86800879605,195344.5085181626,0.5019398444283787,0.501939844428379,864.2901206807371,43261.51236502404,149499.42672417953,116422.14166780253,1,8.728305046034806e-05,6.362362059728227e-05,22,1
766,10,1.2221928518988399,1.2378074543945596,0,1.2764505451882375,1.571651663131213,0.005283757511890575,1910.5142654626557,19.105142654626558,0.0,200.50971830410836,1192.4534968124105,129868.73575689454,1431143.617647282,60730.12096053052,47226.698812531686,199197.72950747304,0.5993007026622046,0.599300702662204,864.2901206807371,43261.51236502404,149508.97929550684,116425.00743920072,1,7.672835509466915e-05,7.706305484499796e-05,22,1
767,10,0.689773360905075,0.6964420907129236,0,2.26867390852642,0.9023315577297818,0.42890407738621406,1559.4923689279262,15.594923689279263,0.0,198.19819531379082,1192.4534968124105,129692.74574812001,1430866.5386861889,61253.61772797184,46824.377808662015,190269.34958736604,0.5966688184020301,0.5966688184020305,864.2901206807371,43261.51236502404,149508.97929550684,116713.95382673979,1,6.556988279236656e-05,7.652709611579458e-05,22,1
768,10,0.6715220247384794,0.6651447254463023,0,2.3754228809975806,0.8939904353315712,0.43418326877748664,747.5157526515378,7.475157526515378,0.0,192.53402948453962,1192.4534968124105,129333.1307942613,1430530.3617223036,61793.65710476074,46416.38220614063,190413.06669456983,0.4595870457287487,0.45958704572874826,864.2901206807371,43261.51236502404,149508.97929550684,117059.13283224856,1,3.140606957822209e-05,5.7901435821752595e-05,22,1
769,10,0.6910500411754856,0.6849568484598594,0,2.306714654437962,0.9362077541845348,0.40746344671864887,1126.817560236358,11.26817560236358,0.0,191.9823226796608,1192.4534968124105,129020.72018452144,1430195.305500084,62336.867204222515,46013.17865151725,190541.73424552046,0.3878719161556426,0.3878719161556426,864.2901206807371,43261.51236502404,149508.97929550684,117401.6449136953,1,4.7310057912432336e-05,4.8095336761007e-05,22,1
770,10,0.699158216563164,0.7043426603336521,0,2.2432263285764105,0.9568357883265142,0.39440772890726955,901.8976840240595,9.018976840240596,0.0,191.27808536219663,1192.4534968124105,128858.89371046248,1429994.3444506912,62653.97707194055,45781.15012485207,190677.8550783057,0.3202339327305953,0.32023393273059564,864.2901206807371,43261.51236502404,149508.97929550684,117608.70464202296,1,3.7839640419855874e-05,3.885192263683677e-05,22,1
771,10,0.703653430648958,0.7001725543546744,0,2.256586594509168,0.983315847820934,0.3776481975816874,1396.3440533035848,13.963440533035849,0.0,192.62607472212633,1192.4534968124105,128471.57911538608,1429585.99564527,63312.92620697599,45306.25416918511,190403.19159284024,0.38688479715667606,0.38688479715667634,864.2901206807371,43261.51236502404,149508.97929550684,118024.25163739272,1,5.866893476405747e-05,4.793954436544856e-05,22,1
772,10,0.6609654058940906,0.6616971311314181,0,2.3877993808109768,0.9358049409949606,0.4077183917753414,750.1263679246487,7.501263679246486,0.0,190.04519457263862,1192.4534968124105,128234.91929425616,1429350.9527608096,63728.37305053132,45011.784096298434,186251.16767395107,0.3504830337686176,0.3504830337686174,864.2901206807371,43261.51236502404,149508.97929550684,118265.60278723337,1,3.2219990984982616e-05,4.290952205629865e-05,22,1
773,10,0.6302665408169559,0.6343813564031859,0,2.490615438256699,0.906080259145267,0.4265314815536285,571.2559826266091,5.712559826266092,0.0,186.84580636731437,1192.4534968124105,127877.66088646495,1429050.8246168522,64217.89249881822,44669.761376289134,184182.85655286253,0.31856800153835596,0.3185680015383558,864.2901206807371,43261.51236502404,149508.97929550684,118571.31789964112,1,2.4812558272497084e-05,3.856716134051239e-05,22,1
774,10,0.621366404553292,0.6217640136618074,0,2.541157039138969,0.9063899909823945,0.42633544874532,801.3959015717709,8.01395901571771,0.0,187.18927980958665,1192.4534968124105,127611.0963085244,1428792.9919815543,64687.96476687074,44346.1738158594,178587.67525777247,0.264392102093423,0.26439210209342334,864.2901206807371,43261.51236502404,149508.97929550684,118833.57201394513,1,3.5899270222988926e-05,3.097727316015621e-05,22,1
775,10,0.6664362535942587,0.666897039912139,0,2.36918130602013,0.9846205311962776,0.37682244860995096,505.52447720224546,5.055244772022455,0.0,185.67152454365578,1192.4534968124105,127308.38820561134,1428541.9684346677,65102.73993942284,44064.51493677151,174402.81046544923,0.24301663057875836,0.24301663057875847,864.2901206807371,43261.51236502404,149508.97929550684,119088.51976852026,1,2.318882251280667e-05,2.7966883669430892e-05,22,1
776,10,0.6357980164858527,0.62661364148801,0,2.5214899507262527,0.9554457717117135,0.3952874862584092,932.8356624305625,9.328356624305625,0.0,186.617579092909,1192.4534968124105,126986.25608661832,1428239.5873995433,65658.86617292771,43692.46074810558,164756.0011220093,0.29534298614504967,0.29534298614504967,864.2901206807371,43261.51236502404,149508.97929550684,119395.32201345848,1,4.529537770170838e-05,3.479449014583466e-05,22,1
777,10,0.6468018069586227,0.6464755075579135,0,2.4440214385979013,0.9889056585796199,0.3741103426711267,1250.957215935395,12.50957215935395,0.0,188.4259723850712,1192.4534968124105,126676.24715986391,1427918.7914728,66228.98974273974,43317.61060016142,164886.1508656044,0.3560453611822845,0.35604536118228414,864.2901206807371,43261.51236502404,149508.97929550684,119721.3589062985,1,6.069434985865014e-05,4.305951669105506e-05,22,1
778,10,0.6605666108968675,0.6548841817163611,0,2.412640347884168,1.024659670784142,0.35148122102269497,806.808870157549,8.06808870157549,0.0,186.35784583081778,1192.4534968124105,126384.11927136732,1427656.8131447013,66710.28245026612,43006.06967035426,165026.31567058605,0.3942983462595298,0.39429834625953036,864.2901206807371,43261.51236502404,149508.97929550684,119989.07505841402,1,3.911176793248148e-05,4.836716516428e-05,22,1
779,10,0.6252769372195416,0.628473562113613,0,2.514027789309574,0.9847383433232842,0.37674788397260495,1017.1945638881932,10.171945638881933,0.0,186.06952556030512,1192.4534968124105,126120.82956654103,1427395.2246285814,67218.79700516432,42681.75784963102,158936.8405861343,0.4101791185285952,0.41017911852859484,864.2901206807371,43261.51236502404,149508.97929550684,120256.32040862076,1,5.119993880018948e-05,5.033535219710703e-05,22,1
780,10,0.6649267264618738,0.628473562113613,1,2.514027789309574,1.060088912795075,0.3290576501296994,660.2489811129341,6.602489811129341,0.0,184.3083528768917,1192.4534968124105,125861.19147093469,1427172.0539880462,67632.42547953797,42421.542885694755,155482.39510652501,0.34568979647696585,0.34568979647696585,864.2901206807371,43261.51236502404,149508.97929550684,120484.10247535793,1,3.3971639331158e-05,4.1427782021276316e-05,22,1
781,10,0.6771837347740152,0.628473562113613,1,2.514027789309574,1.0920388171969904,0.3088361916474745,773.8316020964102,7.738316020964102,0.0,183.59348519749196,1192.4534968124105,125659.73317813122,1426975.8016606888,68020.59913635734,42180.22531740785,151649.49773266588,0.3507731358691192,0.35077313586911946,864.2901206807371,43261.51236502404,149508.97929550684,120684.86382942203,1,4.082211223465062e-05,4.199789678866603e-05,22,1
782,10,0.6359000399326437,0.6314787154752024,0,2.5020637454280834,1.0451042017388834,0.33854164446906115,1834.3523693799348,18.343523693799348,0.0,187.59568159291,1192.4534968124105,125406.24841636821,1426647.7978434092,68669.95896049739,41782.656286806734,149168.56959487076,0.4672858983292025,0.4672858983292027,864.2901206807371,43261.51236502404,149508.97929550684,121018.65153248512,1,9.837741955222235e-05,5.772372370601032e-05,22,1
783,10,0.6285841900457978,0.6288517240345948,0,2.5125159709557865,1.0430533547785086,0.3398396488743617,477.3075028064754,4.773075028064754,0.0,182.71812036516457,1192.4534968124105,125194.37884847326,1426478.7900970771,69001.13484574562,41582.74575365716,144885.90366140127,0.44888000848540094,0.44888000848540127,864.2901206807371,43261.51236502404,149508.97929550684,121193.02820071147,1,2.6354945001244248e-05,5.5184825596039076e-05,22,1
784,10,0.62863889775955,0.6236673378712697,0,2.533401869966334,1.0553107675751876,0.33208179267393195,1292.6732393172222,12.926732393172221,0.0,183.31022412170654,1192.4534968124105,125082.58995890236,1426292.1645068268,69403.09607552247,41342.78466452596,145070.63686663884,0.5230971560918585,0.523097156091859,864.2901206807371,43261.51236502404,149508.97929550684,121385.82871244881,1,7.128517622793957e-05,6.533918026046872e-05,22,1
785,10,0.6279762026791491,0.621658218369342,0,2.5415894993626296,1.068088047441941,0.3239949066823159,852.1672167825125,8.521672167825125,0.0,182.63478710414753,1192.4534968124105,124795.93911967415,1426044.834721906,69859.63157876433,41073.567169359674,145259.88448056494,0.39768350865250546,0.3976835086525052,864.2901206807371,43261.51236502404,149508.97929550684,121637.80090312976,1,4.693200575395079e-05,4.81907089943782e-05,22,1
786,10,0.642537227350572,0.6483763009112357,0,2.4368564948772025,1.1086344878377568,0.2983326026343312,668.2772916490226,6.682772916490226,0.0,179.88882593186278,1192.4534968124105,124455.29102710098,1425786.854132541,70362.9558056108,40780.63512141468,145395.12739438945,0.42229543700313243,0.42229543700313243,864.2901206807371,43261.51236502404,149508.97929550684,121900.65111093486,1,3.6770271665916104e-05,5.1662484549268826e-05,22,1
787,10,0.662487263512124,0.6628093315016128,0,2.3837926307109565,1.1585292451628943,0.26675364230196563,1041.5034687897348,10.415034687897348,0.0,180.85928445430005,1192.4534968124105,124180.19898153302,1425540.3694304365,70838.41115573101,40507.86404749623,139893.18159998738,0.39579330210358155,0.39579330210358166,864.2901206807371,43261.51236502404,149508.97929550684,122151.45921425089,1,5.955992747482577e-05,4.775406829823088e-05,22,1
788,10,0.6762298723324969,0.6708380065374167,0,2.3552630957141125,1.1951238879325063,0.2435924759920846,1232.9923517214247,12.329923517214247,0.0,182.27347542305642,1192.4534968124105,123991.59921862675,1425337.8125434634,71214.36429581718,40294.802038732254,135131.73511240573,0.46125791622320655,0.46125791622320633,864.2901206807371,43261.51236502404,149508.97929550684,122358.8311871704,1,7.299498378797803e-05,5.644172764290663e-05,22,1
789,10,0.6988120467095129,0.6968003398857312,0,2.2675075047453412,1.249851790680859,0.20895456286021583,618.6728251618464,6.186728251618464,0.0,179.1699039457497,1192.4534968124105,123672.33064451558,1425120.0612671976,71640.93897724024,40055.59024530769,131256.8997177573,0.46412912066830814,0.4641291206683088,864.2901206807371,43261.51236502404,149508.97929550684,122581.24447096733,1,3.770759946286608e-05,5.675417024188996e-05,22,1
790,10,0.6727101122954972,0.6731396676705926,0,2.3472097632689035,1.2175581774306141,0.22939355858821894,951.3659604745054,9.513659604745055,0.0,179.25437556224642,1192.4534968124105,123415.70760518333,1424909.2894119136,72068.79669493633,39818.555873823796,123762.29400066369,0.47188310707885983,0.4718831070788602,864.2901206807371,43261.51236502404,149508.97929550684,122796.42479443259,1,6.149633654782796e-05,5.739963993289069e-05,22,1
791,10,0.6513656671368978,0.6505594194588933,0,2.4286789995511473,1.1921298508075124,0.24548743619777696,951.2800752861041,9.512800752861041,0.0,179.84101232727696,1192.4534968124105,123199.22548452558,1424716.9926172968,72471.9053487781,39597.79292852473,120655.97208110418,0.4492802690081954,0.44928026900819573,864.2901206807371,43261.51236502404,149508.97929550684,122992.76689904557,1,6.307388246951654e-05,5.409260616007019e-05,22,1
792,10,0.6348567225852356,0.6260197821431107,0,2.523881904483979,1.1692985917726904,0.2599376001438669,779.0516370082148,7.790516370082148,0.0,178.67032636665166,1192.4534968124105,123127.63850074066,1424615.6694831077,72702.1916279987,39472.78772630863,115934.63968560679,0.49018321023894623,0.49018321023894595,864.2901206807371,43261.51236502404,149508.97929550684,123098.30870539988,1,5.375798909598431e-05,5.944273603777627e-05,22,1
793,10,0.634517998366553,0.6398832916605812,0,2.4692002754122435,1.1755400672405187,0.2559872992148616,899.1378266517817,8.991378266517817,0.0,178.4979277476292,1192.4534968124105,123047.66739633915,1424500.8652433297,72915.8923813911,39357.60878959903,116109.66436216603,0.4911504185370702,0.4911504185370697,864.2901206807371,43261.51236502404,149508.97929550684,123217.31905974484,1,6.195093795790959e-05,5.9594269841136813e-05,22,1
794,10,0.6196173501094895,0.6090807576806194,0,2.5940730848510842,1.159083208412309,0.26640303265043735,704.1074851326405,7.041074851326405,0.0,177.22631841243356,1192.4534968124105,122846.12796470724,1424334.6280807343,73269.69032007718,39168.17276790342,116274.16842944859,0.455074025570661,0.4550740255706617,864.2901206807371,43261.51236502404,149508.97929550684,123387.42412647605,1,4.844463699156844e-05,5.471785468182078e-05,22,1
795,10,0.6077706417753284,0.5987679614798325,0,2.638751739647341,1.1523136724734717,0.270687549067423,727.5584335166658,7.275584335166658,0.0,176.43847329197075,1192.4534968124105,122480.32545920553,1424078.6767697025,73764.84625170226,38906.16679972407,112612.81522544392,0.4515848022178657,0.4515848022178652,864.2901206807371,43261.51236502404,149508.97929550684,123647.04207781849,1,5.168565812408747e-05,5.40270776911885e-05,22,1
796,10,0.6203759852288401,0.6070758628104822,0,2.602640125873769,1.1924171004789543,0.2453056326082568,1088.3853516483496,10.883853516483496,0.0,177.67611302294563,1192.4534968124105,122179.27389253098,1423835.645545554,74272.04394968058,38641.33818756488,112774.96334211466,0.4890276578097667,0.489027657809766,864.2901206807371,43261.51236502404,149508.97929550684,123893.9906304647,1,7.720758717316494e-05,5.9112627429606946e-05,22,1
797,10,0.6128897466132701,0.6131258314170216,0,2.576958788946135,1.1898920165559377,0.2469037869899129,1071.5878247204082,10.715878247204083,0.0,178.30219801018896,1192.4534968124105,121985.95123271286,1423652.0706478427,74645.79581478323,38448.566967520004,108778.16897810811,0.5652373426988005,0.5652373426988005,864.2901206807371,43261.51236502404,149508.97929550684,124081.89111883409,1,7.880903565759179e-05,6.923409365161474e-05,22,1
798,10,0.5991573339926086,0.5994513823662038,0,2.6357433588080057,1.1762758129034079,0.25552163740290645,700.7616082177694,7.0076160821776945,0.0,176.33359107079076,1192.4534968124105,121723.49225576574,1423462.585106713,75063.83900326952,38235.12237783518,99280.19206385253,0.5818728206904313,0.5818728206904309,864.2901206807371,43261.51236502404,149508.97929550684,124275.40175754577,1,5.64673853787125e-05,7.082800273648974e-05,22,1
799,10,0.5950959680825522,0.5930921614105924,0,2.664004184850759,1.180889394095485,0.25260164930665513,928.1808214539719,9.28180821453972,0.0,176.6333423309294,1192.4534968124105,121503.93150197776,1423277.489383372,75467.77472578314,38031.13880438871,93822.30307083404,0.5904719408921896,0.5904719408921892,864.2901206807371,43261.51236502404,149508.97929550684,124464.31117747321,1,7.914372519746937e-05,7.147338207792455e-05,22,1
800,10,0.5577769827215852,0.5575754127571617,0,2.8336974046022547,1.1187173668591315,0.29195103363346114,431.29470027485297,4.31294700274853,0.0,174.01446544133495,1192.4534968124105,121216.10571375533,1423095.1477485155,75872.42456108471,37828.939906661726,94030.29754862117,0.48682369943234627,0.48682369943234677,864.2901206807371,43261.51236502404,149508.97929550684,124649.77722550389,1,3.669410490182395e-05,5.743507182600195e-05,22,1
801,10,0.5160877413686717,0.5186200237995097,0,3.0465464646440323,1.044225475046501,0.33909780060348044,668.7343841169602,6.687343841169602,0.0,173.48825709320792,1192.4534968124105,121032.33706092738,1422942.1995899184,76206.67059126664,37663.63629552495,92079.10980190373,0.49202124744728426,0.4920212474472848,864.2901206807371,43261.51236502404,149508.97929550684,124805.7858174402,1,5.810085571467018e-05,5.7979561937987836e-05,22,1
802,10,0.5199992838135947,0.5235516585667056,0,3.0178492879298036,1.0613804297585239,0.32824023433004823,602.5352658294106,6.025352658294106,0.0,173.48180472495733,1192.4534968124105,120837.065980769,1422790.3760921443,76541.19854229156,37499.6253070928,83937.80992288583,0.4458441766265153,0.4458441766265153,864.2901206807371,43261.51236502404,149508.97929550684,124960.11429440307,1,5.742682744598301e-05,5.074059602082571e-05,22,1
803,11,0.49920250596434984,0.5054707516139388,0,3.125799059500775,1.1067864786607764,0.2995022286957112,470.56322747699676,4.705632274769967,0.0,0.0,928.3040077179655,114660.2776840034,1422676.4530111635,82847.78419366927,37367.47988927075,84118.22733302858,0.39001525268781995,0.39001525268781984,420.5911366651426,42840.9212283589,149508.97929550684,125076.05844127788,1,4.4752557669957706e-05,5.342674694353696e-05,26,1
804,11,0.510711200648643,0.5054707516139388,1,3.125799059500775,1.1444185413285228,0.27568446751359316,909.4573844721667,9.094573844721667,0.0,1.6415845618767209,928.3040077179655,114463.9113167279,1422507.8927284293,83290.58086558421,37169.471675288405,84265.70450779454,0.45944612901849075,0.4594461290184903,420.5911366651426,42840.9212283589,149508.97929550684,125246.9758872098,1,8.634187678457419e-05,6.284042063350497e-05,26,1
805,11,0.5298447888797386,0.534339284577184,0,2.956922774731478,1.1976974298641108,0.24196365198474007,865.4629825847409,8.654629825847408,0.0,2.6223162519669425,928.3040077179655,114240.03080634677,1422341.8902544046,83655.42658790112,37008.00447082861,84490.93992934369,0.5195314962157227,0.5195314962157224,420.5911366651426,42840.9212283589,149508.97929550684,125415.6294796963,1,8.19461100381643e-05,7.101351483089872e-05,26,1
806,11,0.5183479663907998,0.518159241917465,0,3.049255657687701,1.180367918325078,0.25293169726260895,560.7638648680444,5.607638648680444,0.0,1.2369760581145437,928.3040077179655,114051.03125431051,1422214.81599722,83964.49638547815,36872.25421392205,82750.10003328661,0.5419640865030397,0.5419640865030403,420.5911366651426,42840.9212283589,149508.97929550684,125545.39735187843,1,5.421275523703049e-05,7.416691401992299e-05,26,1
807,11,0.5224707882088947,0.5242705553493204,0,3.013711115145975,1.201756477709716,0.23939463436093925,722.9820443664912,7.229820443664912,0.0,1.8179921089786306,928.3040077179655,113786.83802661733,1422044.671727578,84387.56291168375,36687.99571900043,76720.01774649278,0.5156317395065814,0.5156317395065817,420.5911366651426,42840.9212283589,149508.97929550684,125717.89020546037,1,7.538914255786047e-05,7.051600261101842e-05,26,1
808,11,0.5571235528770095,0.5548880223755389,0,2.8474213468076672,1.2920438869050546,0.18225070449047184,485.2964723844929,4.852964723844929,0.0,1.3141284605456365,928.3040077179655,113525.68919465222,1421904.5265052447,84735.80170622165,36537.69920736529,76953.88552592054,0.43875111478103707,0.4387511147810369,420.5911366651426,42840.9212283589,149508.97929550684,125860.02550260376,1,5.045062705466946e-05,6.0017508283186805e-05,26,1
809,11,0.5869279923073834,0.589365297037391,0,2.680850073701846,1.3688420028404134,0.13364430199973842,819.893271487863,8.19893271487863,0.0,2.4651028764805964,928.3040077179655,113363.24184135173,1421800.5468669485,84974.91489772497,36435.2906280792,74597.18295186452,0.5213732615297381,0.5213732615297374,420.5911366651426,42840.9212283589,149508.97929550684,125966.28128662429,1,8.792753174252355e-05,7.125576711835116e-05,26,1
810,11,0.6058847961407656,0.6116587551957194,0,2.5831396780945766,1.4242995851601248,0.09854456635435145,714.2374775369017,7.142374775369017,0.0,3.0785766792714595,928.3040077179655,113087.75303068607,1421661.2000118403,85312.95306438155,36291.39663743451,73015.0703266522,0.5286831727070017,0.5286831727070018,420.5911366651426,42840.9212283589,149508.97929550684,126107.87042579001,1,7.825644479602052e-05,7.221153453107118e-05,26,1
811,11,0.5859523792614394,0.5878354482818756,0,2.6878270179486816,1.3873268821883216,0.12194501127321423,406.5341440242952,4.0653414402429515,0.0,1.2926383314369247,928.3040077179655,112828.21661119934,1421536.9849388092,85618.97921656093,36162.093610371994,74754.10786537688,0.5108774443118407,0.5108774443118403,420.5911366651426,42840.9212283589,149508.97929550684,126234.29278722165,1,4.3506280056894165e-05,6.989675219847942e-05,26,1
812,11,0.5899371968259043,0.5927131961606813,0,2.6657074791560245,1.404969472753559,0.11077881471293732,1152.9873777387313,11.529873777387314,0.0,3.796931874872717,928.3040077179655,112622.34114146601,1421409.474628517,85870.80135540605,36056.56978547613,72113.70968652285,0.6094531749250625,0.6094531749250625,420.5911366651426,42840.9212283589,149508.97929550684,126364.31963788458,1,0.00012790770384724337,8.322347623338602e-05,26,1
813,11,0.5938117440466157,0.5913674428411745,0,2.6717737324344824,1.4248635415206456,0.09818763194895849,765.1445178714847,7.651445178714847,0.0,3.985341001933464,928.3040077179655,112324.06066275766,1421261.5635041962,86194.68504164954,35921.62671065792,74451.97193887545,0.6191205222866685,0.6191205222866683,420.5911366651426,42840.9212283589,149508.97929550684,126514.8549674505,1,8.221617216528939e-05,8.454338535647565e-05,26,1
814,11,0.6316832087536614,0.6404216072021965,0,2.4671247538048102,1.524421046423365,0.0351765528966045,703.6699937716346,7.036699937716346,0.0,2.58648151513306,928.3040077179655,112087.27905537772,1421156.9435362997,86441.72326683383,35819.359258718185,78266.90628171028,0.6875255401668171,0.6875255401668173,420.5911366651426,42840.9212283589,149508.97929550684,126622.52413737548,1,7.192516246791484e-05,9.40163461601492e-05,26,1
815,11,0.628696355545044,0.6404216072021965,1,2.4671247538048102,1.527049643676022,0.03351288374935326,945.2603911899538,9.452603911899539,0.0,3.6984025272715355,928.3040077179655,111816.51990255807,1421035.501555571,86722.04610328138,35704.03526586959,77083.96666562535,0.6155430856091442,0.615543085609144,420.5911366651426,42840.9212283589,149508.97929550684,126746.63298600317,1,9.810189403358572e-05,8.408107622226332e-05,26,1
816,11,0.6154658146792776,0.6214446984053489,0,2.5424627550196197,1.5040011852383581,0.048100515671925276,757.8700610239306,7.578700610239306,0.0,3.7663284365703937,928.3040077179655,111562.71707714695,1420920.733406226,86985.73954898416,35596.21467220476,76445.41136040202,0.6085208449780849,0.6085208449780848,420.5911366651426,42840.9212283589,149508.97929550684,126864.00185014379,1,7.931097995676428e-05,8.311267881942161e-05,26,1
817,11,0.6218301044173752,0.634936567127871,0,2.4884375570730057,1.526314908340567,0.03397790611356528,984.3483402697984,9.843483402697984,0.0,4.536572145190904,928.3040077179655,111415.79925871488,1420851.552578621,87179.34224428177,35517.4015496832,80576.7241759794,0.6715700318968086,0.6715700318968092,420.5911366651426,42840.9212283589,149508.97929550684,126936.19330000528,1,9.77302912558206e-05,9.171438841539019e-05,26,1
818,11,0.6187199030306969,0.6214526175613367,0,2.5424303564769453,1.5264453688414101,0.033895336176322746,702.7367099684255,7.027367099684255,0.0,3.5932060621866517,928.3040077179655,111211.5582576948,1420762.5220957971,87402.30717311394,35427.10936314329,85034.81398910952,0.5932173551757963,0.5932173551757971,420.5911366651426,42840.9212283589,149508.97929550684,127028.01913657504,1,6.611284738586487e-05,8.105137286614991e-05,26,1
819,11,0.6147315235906636,0.6272277443419277,0,2.5190212235552463,1.5258850820749899,0.034249948053803936,516.7653399802454,5.167653399802454,0.0,1.7293869109392737,928.3040077179655,110954.23821927981,1420654.4656595741,87669.7277758951,35319.39984311749,88969.71330787908,0.5124632539348353,0.5124632539348347,420.5911366651426,42840.9212283589,149508.97929550684,127138.58866879407,1,4.6466629666837976e-05,7.010325610284115e-05,26,1
820,11,0.5942887229714101,0.5886918339457795,0,2.683916964517506,1.479231773256359,0.06377735869850706,677.1067779644461,6.771067779644461,0.0,2.226010845098031,928.3040077179655,110858.35157080408,1420603.3845274942,87791.40674427133,35270.63435573913,88935.71794051351,0.4230652728323189,0.4230652728323194,420.5911366651426,42840.9212283589,149508.97929550684,127191.73411625031,1,6.0907522299856446e-05,5.782899978418643e-05,26,1
821,11,0.5816582522889715,0.5860108287704623,0,2.6961959104323627,1.4553538727780417,0.07888995393794832,591.4863922987199,5.914863922987199,0.0,2.3800790230593654,928.3040077179655,110645.7347751244,1420504.2717407583,88020.76338154495,35179.07524162601,91744.43607042907,0.3877277285518089,0.3877277285518086,420.5911366651426,42840.9212283589,149508.97929550684,127292.78897513048,1,5.157687311694028e-05,5.298367502787823e-05,26,1
822,11,0.5868918699135482,0.585080414621255,0,2.7004834899879437,1.4772365171790924,0.06504017900057445,874.1953481555637,8.741953481555637,0.0,3.7657108315938106,928.3040077179655,110404.61933243665,1420390.3993227605,88284.27169331998,35074.49260528044,81808.65633540649,0.48341010552922986,0.4834101055292295,420.5911366651426,42840.9212283589,149508.97929550684,127408.80547615768,1,8.548683108266285e-05,6.59904088331532e-05,26,1
823,11,0.5388224313834162,0.5371862123647017,0,2.941251959995058,1.3668048642019675,0.13493363025191937,768.1751924282936,7.681751924282936,0.0,4.409919530817485,928.3040077179655,110179.03595240788,1420268.8289852424,88627.87197357064,34938.91975064038,79728.98916750312,0.5230985534906153,0.5230985534906146,420.5911366651426,42840.9212283589,149508.97929550684,127532.62093770677,1,7.707863355090878e-05,7.138077925017063e-05,26,1
824,11,0.5667425854015226,0.574465756601997,0,2.750381518553525,1.4481078657834012,0.08347603431430306,812.5668422242638,8.125668422242638,0.0,4.649672924767535,928.3040077179655,109920.1240504989,1420146.442166658,88950.84981227393,34812.48585649973,82603.13187098948,0.5891240844740866,0.589124084474087,420.5911366651426,42840.9212283589,149508.97929550684,127657.60939699877,1,7.869598392403233e-05,8.042048285253465e-05,26,1
825,11,0.5849826834807714,0.5939480236561588,0,2.6601654304260713,1.5022623270022841,0.04920105885931389,653.5103578370483,6.535103578370483,0.0,3.950320845610471,928.3040077179655,109720.80153206059,1420059.7442839253,89175.55872481396,34725.065460327874,86405.86827458945,0.527951814820561,0.527951814820561,420.5911366651426,42840.9212283589,149508.97929550684,127746.73553271627,1,6.050610875273017e-05,7.209357540922376e-05,26,1
826,11,0.5935217395571944,0.5916819613510922,0,2.6703535061168777,1.5284521546164977,0.032625218597153366,915.3442712125918,9.15344271212592,0.0,4.799991360424299,928.3040077179655,109606.86403649538,1420007.2707074122,89300.38239915448,34676.72713508487,90655.22152708436,0.5372122967171286,0.5372122967171277,420.5911366651426,42840.9212283589,149508.97929550684,127801.79137343529,1,8.077586758213341e-05,7.33259867529653e-05,26,1
827,11,0.6025751858683371,0.5965016799291567,0,2.648777116918846,1.5585876463207802,0.013552122581784745,797.1245524152955,7.971245524152955,0.0,5.173371103925968,928.3199502090139,109402.78815748171,1419929.4307223205,89496.78759302411,34600.905214275204,90256.11378757731,0.5178041157118363,0.5178041157118358,420.5911366651426,42840.9212283589,149512.9649182689,127883.52876322772,1,7.06544537728599e-05,7.06454767025745e-05,26,1
828,11,0.6531768606711295,0.6532275684314293,0,2.418758907855029,1.6631247819406918,0.05261062148145046,913.5112731088369,9.13511273108837,0.0,5.842848746791251,928.4434500651105,110063.17012416526,1420191.5098303587,88797.28755937559,34874.31259154481,88939.37697924481,0.5708237080543669,0.5708237080543672,420.5911366651426,42840.9212283589,149543.83988229305,127883.52876322772,1,8.216934313106484e-05,7.786655482868605e-05,26,1
829,11,0.627572398291472,0.6287064185604498,0,2.5130966590379797,1.5913479469499856,0.007182244905054134,498.69893488982024,4.986989348898202,0.0,4.231079046976932,928.4534240438082,110242.9408401226,1420263.926463275,88614.50019658296,34946.48327435679,88148.2973183175,0.48375587692823074,0.4837558769282303,420.5911366651426,42840.9212283589,149546.3333769675,127884.27681163006,1,4.5259994809786436e-05,6.602793057123706e-05,26,1
830,11,0.5986085790756416,0.6287064185604498,1,2.5130966590379797,1.5191011538720682,0.03854357349869104,763.2920263497153,7.632920263497153,0.0,4.696078911822267,928.4534240438082,110245.21185756568,1420257.3093644169,88649.49603863893,34932.728952380465,92025.21551814083,0.47340457700057237,0.47340457700057287,420.5911366651426,42840.9212283589,149546.3333769675,127893.23849958995,1,6.635503298108536e-05,6.459479030731221e-05,26,1
831,11,0.609907033698274,0.6104570006202831,0,2.588224884626711,1.5586287580291838,0.013526102513174874,564.4014521423494,5.644014521423494,0.0,4.5338379079609155,928.4534240438082,109934.97977290922,1420133.757043031,88960.3337635773,34811.06902657055,92183.59241718781,0.39257796709309667,0.39257796709309706,420.5911366651426,42840.9212283589,149546.3333769675,128018.72586856817,1,4.8980642853499e-05,5.353189021479026e-05,26,1
832,11,0.6297184366040979,0.620809417028983,0,2.545064486233843,1.607283240869367,0.017267873967953696,817.8121559372165,8.178121559372165,0.0,5.414439904017202,928.469780286927,109939.72705184687,1420136.305313117,88905.86547654578,34832.48079071766,92359.74617295283,0.4551601920345514,0.45516019203455194,420.5911366651426,42840.9212283589,149550.42243774718,128019.95258680209,1,7.083710727448573e-05,6.205759436969003e-05,26,1
833,11,0.6642074701095755,0.6808624239311567,0,2.320586280672403,1.6475448295614905,0.04274989212752559,660.1683116184454,6.601683116184454,0.0,5.438696921603107,928.5647446168217,111169.70232408606,1420632.2373853647,87646.31118587944,35334.59822923552,95094.4791359969,0.4287862469774805,0.42878624697748013,420.5911366651426,42840.9212283589,149574.16352022087,128019.95258680209,1,5.5537887592765325e-05,5.845187924025002e-05,26,1
834,11,0.667502596914339,0.6677607193493318,0,2.366117014998362,1.6199332642276951,0.025274217865629778,797.7862867608512,7.977862867608512,0.0,5.8544916710390345,928.6403100606965,112111.5231404218,1421021.8429083743,86695.47546418263,35723.35743142764,99643.98985850844,0.46551427651896204,0.4655142765189615,420.5911366651426,42840.9212283589,149593.05488118957,128019.95258680209,1,6.405093075005804e-05,6.347530853910304e-05,26,1
835,11,0.666782506399119,0.6671790909260267,0,2.3681797308830563,1.5998449730289874,0.012560109512017314,1360.3818266153569,13.603818266153569,0.0,8.355966337035843,928.7039480589076,112587.51849619296,1421223.8150332305,86203.5273622587,35927.85863884477,105040.50794803064,0.5460162400899834,0.5460162400899837,420.5911366651426,42840.9212283589,149608.96438074234,128019.95258680209,1,0.00010360816817743594,7.43989955067531e-05,26,1
836,11,0.6579244805063333,0.6509245385434567,0,2.4273166956272565,1.582462471476367,0.0015585262508652044,929.5869897719242,9.295869897719243,0.0,7.614199408716382,928.722539798703,112462.04856207116,1421173.6562944332,86309.45278136568,35884.01172698139,109512.46801361263,0.5757493459904097,0.5757493459904097,420.5911366651426,42840.9212283589,149613.6123156912,128075.51352611749,1,6.790729907804651e-05,7.85221326685135e-05,26,1
837,11,0.6633059813811293,0.6526858760312844,0,2.4207663410878957,1.5952650152142978,0.009661402034365623,1237.8984027890538,12.378984027890539,0.0,8.409157795670511,928.7472977667588,112469.99976248409,1421178.212632795,86305.71713294352,35885.63521151314,109627.61311589078,0.6399687448545677,0.6399687448545671,420.5911366651426,42840.9212283589,149619.80180770514,128077.37037372167,1,9.03347882968451e-05,8.728341851744251e-05,26,1
838,11,0.6761197638297831,0.673928600011908,0,2.34446200973231,1.5997432502409292,0.012495728000588072,1000.6488301182382,10.006488301182381,0.0,8.196254373576478,928.803852519868,113148.46180151326,1421468.3008089676,85604.98095822101,36180.31799753403,113853.54464838206,0.5587741889858789,0.5587741889858787,420.5911366651426,42840.9212283589,149633.94049598245,128077.37037372167,1,7.031129918412834e-05,7.618446218633998e-05,26,1
839,11,0.6580784950802072,0.6598815751177939,0,2.3943690194986247,1.5606119471503617,0.012270919525087597,690.9643154800241,6.909643154800241,0.0,5.8113362217326126,928.8176718061776,113049.03241107608,1421428.4058569197,85702.86054592759,36139.162970728525,119010.08128023462,0.5057099199098828,0.5057099199098825,420.5911366651426,42840.9212283589,149637.39531755986,128122.10824315665,1,4.6447447681545654e-05,6.903117838750637e-05,26,1
840,11,0.6643885880633564,0.6610010319246362,0,2.3903139687989823,1.5744880077214014,0.0034886027079738388,1031.6216988634756,10.316216988634755,0.0,6.725985006647943,928.8383042401549,113053.76873663567,1421432.1011462284,85673.37016303437,36151.69449249912,123475.5483879612,0.448742583504284,0.44874258350428364,420.5911366651426,42840.9212283589,149642.5534260542,128123.65567570494,1,6.683893044942707e-05,6.119922577170035e-05,26,1
841,11,0.657422144250846,0.658161979795401,0,2.4006248438889854,1.5617449228759874,0.01155384628102066,1141.7761945075206,11.417761945075206,0.0,8.0157004860954,928.8611397640451,112856.55070973259,1421350.82692642,85777.34733208416,36108.282975789276,128566.46443189029,0.4508192246304726,0.45081922463047336,420.5911366651426,42840.9212283589,149648.26230702671,128210.52011539247,1,7.104659520989728e-05,6.144432444695668e-05,26,1
842,11,0.7090332634400225,0.7040114723684043,0,2.244281609054798,1.6467806371506337,0.04226622604470484,558.2117273813178,5.582117273813179,0.0,5.148624741794892,928.9339262300713,113802.97157398652,1421759.441009102,84816.79248110545,36518.48085331383,132323.6088747072,0.41906244441397056,0.4190624444139702,420.5911366651426,42840.9212283589,149666.45892353327,128210.52011539247,1,3.374827709905463e-05,5.721126758612634e-05,26,1
843,11,0.6703759140178527,0.6813429451874775,0,2.318949673083133,1.5574424006545067,0.014276961611071769,526.7618657240545,5.267618657240545,0.0,3.4480715907457986,928.9444614673857,113805.47539362726,1421762.3813024587,84828.96706753195,36513.258088510294,135873.17494142408,0.33139674697514926,0.3313967469751493,420.5911366651426,42840.9212283589,149669.0927328619,128211.31025819106,1,3.1014914662950684e-05,4.52699289906342e-05,26,1
844,11,0.697886805900202,0.6903806533992709,0,2.2885925209816556,1.6082142398740482,0.017857113844334267,894.0128263597193,8.940128263597193,0.0,4.922302674685934,928.9898563093794,114127.98867768007,1421905.3577079645,84485.020216227,36662.392014222154,140661.00589007177,0.2825939026060914,0.28259390260609113,420.5911366651426,42840.9212283589,149680.44144336032,128211.31025819106,1,5.08463775416707e-05,3.853652310122534e-05,26,1
845,11,0.7527942215132439,0.7530452483965675,0,2.0981474929484487,1.7048934081601852,0.07904646086087666,685.362411010112,6.853624110101121,0.0,4.970323591576724,929.1237854559114,114884.3519302167,1422240.9159640283,83756.12636608565,36982.44573117517,143789.62714611602,0.2932438914143138,0.29324389141431406,420.5911366651426,42840.9212283589,149713.92372999332,128211.31025819106,1,3.8131396519369854e-05,3.999756290799708e-05,26,1
846,11,0.7927142655850127,0.7893508986868674,0,2.001644645782281,1.7615518878327159,0.11490625812197203,661.7199271267867,6.617199271267867,0.0,4.4893800232364365,929.3032901589789,115656.30886283053,1422600.2063605285,82966.32832002587,37335.597365463465,145467.91952261157,0.306191075285595,0.30619107528559486,420.5911366651426,42840.9212283589,149758.7999057602,128211.31025819106,1,3.6391249935979395e-05,4.178967466567332e-05,26,1
847,11,0.7903074860882611,0.7897877288164729,0,2.000537539837053,1.73158277600278,0.09593846582454425,1225.1605118731832,12.251605118731831,0.0,6.812254264891909,929.5737896760907,116252.18262992117,1422879.768025222,82383.6384182277,37600.51617249933,147264.88361849127,0.34497852814143204,0.34497852814143176,420.5911366651426,42840.9212283589,149826.42478503814,128211.31025819106,1,6.655547374333287e-05,4.702604006622737e-05,26,1
848,11,0.7686600047180857,0.7872745636195073,0,2.0069237252324337,1.6424731724819557,0.03953998258351621,501.1391908541613,5.011391908541613,0.0,4.5440592732407445,929.6395501397205,117282.67849975676,1423361.728459662,81359.41413177326,38075.34192834834,150258.09374159877,0.31653253505211115,0.31653253505211065,420.5911366651426,42840.9212283589,149842.8649009456,128211.31025819106,1,2.6681514632601603e-05,4.3209412770637954e-05,26,1
849,11,0.784741683270808,0.7888442029503966,0,2.0029303556907196,1.612673181002636,0.020679228482680976,889.935783182221,8.899357831822211,0.0,4.916974221264445,929.749461899637,118888.04571669757,1424137.1007307542,79790.04995696613,38826.57617742644,154233.8100428933,0.3403638040118723,0.34036380401187244,420.5911366651426,42840.9212283589,149870.3428409247,128211.31025819106,1,4.61603474846261e-05,4.646577862018686e-05,26,1
850,11,0.7775970600294831,0.7798754339567759,0,2.025964572295491,1.5857636523789786,0.0036478812525180876,688.3356546149191,6.883356546149192,0.0,5.1370267205553235,929.7632286127293,119210.67303088844,1424296.6979087293,79484.7070826392,38976.220984786276,155223.91930293266,0.2647808024634983,0.2647808024634981,420.5911366651426,42840.9212283589,149873.7845191978,128212.34276167299,1,3.5475751814851356e-05,3.6105871310693017e-05,26,1
851,11,0.7569166474271308,0.7481875417456715,0,2.111769993274071,1.5489913433955902,0.019625732028107516,1464.1110283057146,14.641110283057147,0.0,7.959764376871144,929.7632286127293,118986.77375820624,1424178.2237141673,79624.22441753937,38908.48148188623,157826.37361555704,0.3810754808831583,0.38107548088315835,420.5911366651426,42840.9212283589,149873.7845191978,128334.82613528517,1,7.421375754965185e-05,5.1949952283043104e-05,26,1
852,11,0.7180534538101344,0.7174089267769449,0,2.20237014208669,1.473105260019928,0.06765489872156465,1200.6346006435178,12.006346006435178,0.0,8.861307160798154,929.7632286127293,118882.04165525193,1424103.5903158174,79723.29943357615,38860.488833394345,160230.6826690928,0.41479661853817257,0.41479661853817223,420.5911366651426,42840.9212283589,149873.7845191978,128413.88392897339,1,5.994530289173439e-05,5.654493741874586e-05,26,1
853,11,0.6836951811561478,0.6887265428358401,0,2.2940890204323043,1.4130024496773252,0.10569465210295875,1116.358174007547,11.16358174007547,0.0,8.071580493216368,929.7632286127293,118684.68251280447,1423972.5750813747,80018.37709674149,38717.68151390738,162226.50697281203,0.46222921401519224,0.46222921401519274,420.5911366651426,42840.9212283589,149873.7845191978,128549.8583648639,1,5.5051825738669964e-05,6.307029539335206e-05,26,1
854,11,0.6863181630570789,0.668174785508722,0,2.364650738499583,1.42601340915027,0.09745986762641139,654.8601858377201,6.548601858377201,0.0,5.568274893337719,929.7632286127293,118500.33812488122,1423865.935025088,80232.58418066865,38614.69986107005,163864.8296477714,0.3588621407287892,0.3588621407287896,420.5911366651426,42840.9212283589,149873.7845191978,128660.37094103484,1,3.1970749903824835e-05,4.8989292844743065e-05,26,1
855,11,0.6806158117960237,0.6963636207664903,0,2.268929554735912,1.4232839681968001,0.09918736190075944,540.0905066089218,5.400905066089218,0.0,4.011118641129688,929.7632286127293,118297.94659418103,1423753.8371787448,80491.23289689526,38490.98777525761,161285.4792731144,0.2778499584910944,0.2778499584910944,420.5911366651426,42840.9212283589,149873.7845191978,128775.40013557034,1,2.6789293570283738e-05,3.7937289737592845e-05,26,1
856,11,0.7142766719020586,0.7098181168442039,0,2.2259223348997588,1.5027791167305067,0.04887397675284392,971.0268298605798,9.710268298605799,0.0,5.649520293894106,929.7632286127293,118074.51022858775,1423632.810771842,80736.66375079694,38374.44561371056,165155.40210643108,0.2586850920162949,0.258685092016295,420.5911366651426,42840.9212283589,149873.7845191978,128899.1973813908,1,4.703578895880481e-05,3.526527747763779e-05,26,1
857,11,0.6938337779716234,0.6905664093723095,0,2.287976910774072,1.47152727862101,0.06865362112594303,837.6357598576283,8.376357598576282,0.0,6.266174886983162,929.7632286127293,117809.15547710379,1423489.9348964428,81061.6635735199,38221.05176234754,166907.5481826713,0.27870600568258697,0.2787060056825874,420.5911366651426,42840.9212283589,149873.7845191978,129045.06861274753,1,4.01484902979166e-05,3.799119094233505e-05,26,1
858,11,0.49095688323185116,0.49455027805084484,0,3.1948217807645434,1.053251875586952,0.33338488886901774,530.0560736144342,5.300560736144343,0.0,4.473605794717707,929.7632286127293,117496.29436902287,1423295.235016835,81528.12099900999,38003.058061602984,166953.49947588152,0.2749306339202152,0.27493063392021505,420.5911366651426,42840.9212283589,149873.7845191978,129242.69564674732,1,2.5398979968838922e-05,3.752775307518678e-05,26,1
859,11,0.4980839038212926,0.5007331250044638,0,3.155373433674705,1.081195420161132,0.31569910116384053,755.9265400861321,7.559265400861322,0.0,5.065625383177566,929.7632286127293,117227.0935426752,1423100.260336085,82010.21131192878,37780.37294809017,167081.497863348,0.2486784692136523,0.248678469213652,420.5911366651426,42840.9212283589,149873.7845191978,129440.2842073219,1,3.619438655999537e-05,3.391395227558363e-05,26,1
860,11,0.49609134359080137,0.49631651283272765,0,3.18345241221604,1.087409127096713,0.311766375255245,619.5996454058527,6.195996454058527,0.0,5.261160727369591,929.7632286127293,117015.88295606941,1422945.992485641,82411.14029481828,37597.12172442553,165208.6410827129,0.22404747771537054,0.2240474777153707,420.5911366651426,42840.9212283589,149873.7845191978,129596.85874890652,1,3.000325606918567e-05,3.0532207532673316e-05,26,1
861,11,0.4958235528297184,0.49118202950142137,0,3.216730061569624,1.0973315620425448,0.3054863531376299,493.9980806944289,4.939980806944289,0.0,4.575583941736417,929.7632286127293,116760.54501739888,1422784.7593160495,82809.26472551335,37416.93510300109,160414.69077714923,0.2220697633862708,0.22206976338627052,420.5911366651426,42840.9212283589,149873.7845191978,129760.29249032761,1,2.4636051887826127e-05,3.0277898172335722e-05,26,1
862,11,0.5022410088387118,0.4952559438818041,0,3.190269636374272,1.1211045048825523,0.2904401867831948,595.9087167167747,5.9590871671677474,0.0,5.031610562227494,929.7632286127293,116545.5191527367,1422633.1589825188,83165.64310147527,37257.18370597482,158696.64910700626,0.20721058923582136,0.2072105892358215,420.5911366651426,42840.9212283589,149873.7845191978,129913.90453391505,1,3.0040141115517285e-05,2.822648302417636e-05,26,1
863,11,0.4636571191493592,0.46183088802582456,0,3.4211657144760963,1.0503474705699425,0.33522311989244147,1035.147558166393,10.351475581663932,0.0,7.109758492015604,929.7632286127293,116263.25000273026,1422410.0787348195,83781.89573520592,36984.020528348396,158684.28168522168,0.2616679636584448,0.2616679636584451,420.5911366651426,42840.9212283589,149873.7845191978,130139.4848619831,1,5.218652016056846e-05,3.562090438797062e-05,26,1
864,11,0.4864766122216221,0.4864542409109649,0,3.247993063111532,1.114045590044777,0.2949078544020399,844.2939662693873,8.442939662693872,0.0,7.598847820858068,929.7632286127293,116070.66317137163,1422246.9807638691,84237.6382134409,36784.527694219665,158841.58431035196,0.30530258200452204,0.305302582004522,420.5911366651426,42840.9212283589,149873.7845191978,130305.47509974547,1,4.252256586007186e-05,4.158307571205253e-05,26,1
865,11,0.5039393384527908,0.5018095126398063,0,3.1486051184807007,1.1632912524601358,0.2637397136328255,596.2716579594247,5.962716579594248,0.0,6.017293276268339,929.7632286127293,115857.7763499035,1422105.6339980538,84575.3923449331,36638.17395476493,159023.42136454894,0.3048318004813015,0.3048318004813017,420.5911366651426,42840.9212283589,149873.7845191978,130449.69417910153,1,2.9996671073628482e-05,4.15685856980896e-05,26,1
866,11,0.4767464782596336,0.4724235295811276,0,3.344456617986197,1.1113223152240683,0.2966314460607163,611.2211283670717,6.112211283670717,0.0,5.707079902592828,929.7632286127293,115639.57458271449,1421955.0514045784,84990.10697736697,36459.930331012656,159022.16842665707,0.25259592084988103,0.2525959208498807,420.5911366651426,42840.9212283589,149873.7845191978,130602.6316854914,1,3.074897717290149e-05,3.442273803553394e-05,26,1
867,11,0.46496197380125953,0.4679178417657006,0,3.3766611549536716,1.0975068040424116,0.30537544047948634,877.9403542971706,8.779403542971707,0.0,7.00344083262919,929.7632286127293,115355.44057778343,1421751.7374350887,85524.72871999603,36232.80195439219,159153.80660493692,0.2568045642880622,0.256804564288062,420.5911366651426,42840.9212283589,149873.7845191978,130808.30884166244,1,4.4130410602189753e-05,3.495868628290658e-05,26,1
868,11,0.49904792288574884,0.502705613480467,0,3.142992553954029,1.1902950726312695,0.24664868820805727,876.6781886541419,8.76678188654142,0.0,7.891136051526405,929.7632286127293,115114.45473036697,1421581.3698385574,85971.93750418427,36044.941984916906,155829.84908689078,0.2935717502246314,0.2935717502246314,420.5911366651426,42840.9212283589,149873.7845191978,130981.29522859627,1,4.5006945398005536e-05,3.996211105769893e-05,26,1
869,11,0.4845620071510705,0.4805227616122176,0,3.288085656335801,1.1661640610643855,0.26192148033899654,561.8547516925948,5.618547516925949,0.0,6.497634904656008,929.7632286127293,114886.45051158952,1421440.5065693457,86359.23740341997,35883.806412317994,155831.1943175723,0.2886105652373147,0.28861056523731465,420.5911366651426,42840.9212283589,149873.7845191978,131124.71443056807,1,2.8844276226110518e-05,3.9327210742101936e-05,26,1
870,11,0.4818015671731717,0.4862642378958763,0,3.249262184767791,1.170508857756766,0.25917160901470515,826.2810130674799,8.262810130674799,0.0,7.232175294015826,929.7632286127293,114679.66391631601,1421286.9342267828,86768.13728726684,35715.25687197255,155851.65567556358,0.28460510621811924,0.28460510621811874,420.5911366651426,42840.9212283589,149873.7845191978,131280.77984868654,1,4.241371755652307e-05,3.875497972687971e-05,26,1
871,11,0.4926682400344049,0.496830702880521,0,3.1801577294629517,1.2079739670550125,0.23545951452214403,838.8640190758023,8.388640190758023,0.0,8.088634436003058,929.7632286127293,114488.46750400802,1421145.984322503,87168.89294776079,35551.548498201184,156079.5349829712,0.27991143595044454,0.27991143595044465,420.5911366651426,42840.9212283589,149873.7845191978,131424.16255686583,1,4.299674619954885e-05,3.8084913327394146e-05,26,1
872,11,0.45427192966820906,0.4523404186093442,0,3.492944550163091,1.125749104472661,0.28750056678945507,747.408562878731,7.47408562878731,0.0,7.963447628312005,929.7632286127293,114225.11462135483,1420970.8752555074,87634.86005729513,35363.17002275502,156049.67595954344,0.3029314556876898,0.30293145568768975,420.5911366651426,42840.9212283589,149873.7845191978,131601.87809666552,1,3.831644292923748e-05,4.124230222843647e-05,26,1
873,11,0.4203987709368223,0.4192917270017307,0,3.7682594199944193,1.0488006533847007,0.3362021181109489,556.0817737313921,5.560817737313921,0.0,6.936106692278899,929.7632286127293,114117.96779796299,1420876.1373668965,87929.01030581535,35245.25632489006,156061.1710920906,0.2688485301175932,0.26884853011759346,420.5911366651426,42840.9212283589,149873.7845191978,131698.91565063602,1,2.850583626100061e-05,3.6606341796595646e-05,26,1
874,11,0.37236352855424776,0.37719390902248306,0,4.1888269195402685,0.9374734114793476,0.40666239779788127,608.813847532706,6.088138475327059,0.0,7.093655264067173,929.7632286127293,113935.80157137774,1420746.1071060284,88331.4861802405,35085.1805221995,150742.971270702,0.24293958137350694,0.24293958137350669,420.5911366651426,42840.9212283589,149873.7845191978,131830.9329398348,1,3.231003567997381e-05,3.3044104956737295e-05,26,1
875,11,0.3730856835343124,0.37109601425165634,0,4.2576582321591125,0.9493547111147154,0.3991425879020789,530.1683791271248,5.301683791271248,0.0,7.091323923275116,929.7632286127293,113650.24950129475,1420583.5844780935,88804.18993139494,34899.04407001139,150857.97954522292,0.2181137924885071,0.21811379248850696,420.5911366651426,42840.9212283589,149873.7845191978,131995.2222345733,1,2.8114833870922713e-05,2.964356860396571e-05,26,1
