epoch,year,xfg_price,oracle_price,oracle_stale,redemption_price,heat_price,peg_deviation,swap_volume,total_fees,cd_pool,swf_balance,yem_reserve,treasury,heat_supply,pool_xfg,pool_heat,cd_locked,cd_apy_mean,cd_apy_min,bonds_outstanding,bond_migrations_remaining,xfg_burned,heat_burned_lifetime,lag_complete,organic_rate,rolling_avg_rate,payout_queue_len,solvent
0,0,3.4706484217385123,3.447002474545171,0,0.45836926769496433,1.577332707629056,0.0016881597284456307,3398.5750868782625,33.985750868782624,0.0,28.88788823846523,0.0,29976.652970088657,88554.23398027071,5016.9531899725125,11038.939715443297,79419.21808926719,0.013276483275355709,0.01327648327535568,0.0,50000,16.992875434391316,88.5797915573832,0,0.0,0.0,0,1
1,0,3.5096406405852787,3.497263410284509,0,0.451781811845698,1.5994142580503747,0.012287505095173838,3931.4784930133465,39.31478493013346,0.0,62.30545542907868,0.0,30171.180012370125,88993.20033150974,5024.1445837162955,11024.624750238881,79665.8876778721,0.028546084019760908,0.028546084019760904,0.0,50000,129.98068242726853,88.5797915573832,0,0.0,0.0,0,1
2,0,3.379799658875322,3.3890756148844594,0,0.46620382061138094,1.5620705148378369,0.01134777541909063,4426.4509235484575,44.264509235484574,0.0,99.93028827924056,0.0,30175.11580535152,88995.48314611791,5059.757850321959,10947.628608357154,79951.84914419381,0.04562065244562448,0.04562065244562468,0.0,50000,152.11293704501082,131.3966542947921,1,0.0,0.0,0,1
3,0,3.4144298530724106,3.4224491209252412,0,0.46165770305822845,1.584143964775566,0.0026227625161809424,4549.18341947511,45.4918341947511,0.0,101.69385558903319,0.09098366838950221,30185.658680719916,89081.73813553521,5069.628310276827,10926.96789653371,80238.41941668258,3.3572961604268174,3.3572961604268317,0.0,50000,174.85885414238638,171.83430292683755,1,0.0004535666033849393,0.0004535666033849393,0,1
4,0,3.56367626219526,3.6010739748514617,0,0.43875799581850367,1.598384008379104,0.011635448341205083,4854.788822571086,48.54788822571086,0.0,104.51226864972429,0.6467965779098259,30381.820776847228,89689.58203629516,4984.972062404983,11114.241955232157,80459.41281874951,3.4648095988356986,3.46480959883569,0.0,50000,313.8120815224673,171.83430292683755,1,0.0004827068607629482,0.00046813673207394375,0,1
5,0,3.759506790157045,3.7923159530618697,0,0.41663195249444535,1.595592055430629,0.009868389513056346,4509.872139978954,45.09872139978954,0.0,105.1061069070847,1.1756320680181536,30621.871243759626,90377.65316177298,4849.476792982243,11426.25451779733,80681.277959217,3.413950843416631,3.41395084341665,0.0,50000,446.0209540495491,171.83430292683755,1,0.00044717904862722846,0.00046115083759170537,0,1
6,0,3.876689716081298,3.929457923877829,0,0.4020910849811975,1.594723244656432,0.009318509276222672,3215.878199734788,32.15878199734788,0.0,98.20645128418558,1.4040717018909017,30728.312365371985,90766.91801940718,4774.534670992919,11606.64680854986,81059.54065201813,3.0792451958844396,3.079245195884439,0.0,50000,503.13086251773615,171.83430292683755,1,0.0003173843003665946,0.00041575673658559046,0,1
7,0,3.832524567129649,3.828733710204681,0,0.4126690753626568,1.616518362739669,0.0231128878099171,2980.074714336093,29.800747143360933,0.0,94.33591227241929,1.4636731961776235,30747.24740886935,90866.19323112955,4834.761359387866,11462.499971023946,81441.88089646868,2.6150293611676454,2.615029361167625,0.0,50000,518.0312360894167,176.30441499834168,1,0.00029273142334465015,0.0003524315907794911,0,1
8,0,3.65587020168875,3.828733710204681,1,0.4126690753626568,1.5384181805919277,0.02631760722029897,6741.074492440524,67.41074492440525,0.0,109.01288273513765,1.598494686026434,30832.120174457308,91143.16493555905,4829.400532684954,11476.50341253081,81721.26551745083,3.139082947535736,3.1390829475357185,0.0,50000,551.7366085516193,186.41602673700248,1,0.0006599089673667406,0.0004233415636926618,0,1
9,0,3.817737378555589,3.816317284940786,0,0.4140116981978126,1.6075195507360909,0.017417437174741014,4620.6130315466,46.206130315466,0.0,109.33921597803881,2.0381821251040377,31021.936777846968,91705.45818071181,4831.271861899723,11473.905349824574,82100.10959769724,3.4622900298515855,3.462290029851566,0.0,50000,661.6584683210202,186.41602673700248,1,0.00045024183808653034,0.000467627409599307,0,1
10,0,3.79251396654482,3.7783396666267857,0,0.41817309702348376,1.6169861836975095,0.02340897702374012,3034.903998727984,30.349039987279838,0.0,96.35318715282592,2.1803014153469755,31094.02812967196,91961.46230221703,4861.725058937209,11402.793897322217,81435.83375305914,3.4700255829874673,3.470025582987452,0.0,50000,697.1882908817546,186.41602673700248,1,0.0002981394168990358,0.00046943007411743556,0,1
11,0,3.576763023080861,3.65821258949075,0,0.4319049156790387,1.5746674176548192,0.003375052117203075,5209.24860000736,52.092486000073606,0.0,103.0744931961858,2.2844863873471226,31116.580832998756,92090.33620955309,4940.553581456699,11222.172482632594,81883.667319709,3.1054310450832876,3.1054310450832787,0.0,50000,723.2345338817914,194.22989963701352,1,0.000508941406316668,0.00041910755376741137,0,1
12,0,3.494770086272794,3.65821258949075,1,0.4319049156790387,1.5460032672187747,0.021516919481788223,5463.932476270054,54.63932476270055,0.0,109.69815576441874,2.393765036872524,31228.307855486983,92428.83045104051,4952.87211396043,11196.062564694565,82243.73466568677,3.305865578931,3.3058655789310007,0.0,50000,750.5541962631418,202.4257983514186,1,0.0005314868055037081,0.00044618920957313727,0,1
13,0,3.512835823552641,3.5518887899957994,0,0.44483374717423757,1.598949134010144,0.011993122791230364,4013.8813903960367,40.13881390396037,0.0,103.91606455801261,2.4740426646804448,31271.593654268687,92609.65886223268,5024.261516866402,11038.128398169081,82575.25173595264,3.523892453236537,3.523892453236526,0.0,50000,770.623603215122,208.44662043701265,1,0.00038887015719732144,0.00047643278967256583,0,1
14,0,3.3264052251647738,3.307135883846323,0,0.47775478707043656,1.5813068459476494,0.0008271176883856286,3318.649719671647,33.186497196716466,0.0,97.31721046179251,2.4740426646804448,31235.577146972293,92558.86666699909,5134.7863495233805,10801.433122818966,82890.9919013981,3.061761243948331,3.0617612439483395,0.0,50000,770.623603215122,332.73748009532864,1,0.00032029050622237005,0.00041354915630779985,0,1
15,0,3.393028167228872,3.4212794645793534,0,0.46181553315296364,1.599898540193979,0.012594012780999274,8424.387797385734,84.24387797385735,0.0,116.38615326893132,3.170921381395043,31462.816083703456,93173.17263953509,5114.236247941809,10846.155057448537,83173.70406038356,3.748413161408749,3.748413161408765,0.0,50000,944.8432823937716,332.73748009532864,1,0.0008102933870800978,0.0005064846834999297,0,1
16,0,3.4130243421559174,3.4064073890284132,0,0.4638317792196467,1.6190191247361976,0.02469564856721361,3247.6581199392535,32.476581199392534,0.0,103.2750514399477,3.5049286784184543,31656.287124694234,93653.5903599883,5130.002065394749,10814.46269348751,83494.1780173582,3.553426259908584,3.5534262599086,0.0,50000,1028.3451066496245,332.73748009532864,1,0.00031117457020910606,0.0004805861545038579,0,1
17,0,3.3695462350774967,3.356764499895784,0,0.47069134580309513,1.6700465117613932,0.05699146314012222,5356.031350000226,53.56031350000226,0.0,102.68988110143724,4.526145643633848,32048.1954647478,94532.15956664721,5244.31366935938,10581.116906449415,83726.65756833309,4.018963520364129,4.0189635203641,0.0,50000,1283.649347953473,332.73748009532864,1,0.0005117635415582119,0.0005444104996158053,0,1
18,0,3.3427741335706838,3.312185882092207,0,0.4770263675545776,1.6250613340326028,0.028519831666204244,3599.614830681567,35.99614830681567,0.0,100.13477517002035,4.876181666855779,32191.00443974508,94912.45193330101,5194.155441835765,10684.451160761946,83956.77756988075,2.8806419946820374,2.880641994682042,0.0,50000,1371.1583537589556,332.73748009532864,1,0.0003429969500852227,0.00038864502061751357,0,1
19,0,3.341307887161174,3.3279651155562373,0,0.47476459191667886,1.6141197037943282,0.021594749236916556,4984.259989233655,49.84259989233655,0.0,103.9166079996753,5.360582887071777,32313.13900386478,95336.53627201453,5178.209642571031,10719.150927545616,83953.62534492675,3.280816902189985,3.280816902189977,0.0,50000,1492.258658812955,332.73748009532864,1,0.00047495363958429467,0.00044323804374257644,0,1
20,0,3.4166574337706983,3.3770884707099733,0,0.4678586343542942,1.6357685409546383,0.035296544907998884,6695.742404336492,66.95742404336492,0.0,114.61204212864016,5.889577789228283,32403.790248663747,95691.81310257937,5155.3301294170415,10768.025285493766,84094.43983060763,3.590061294486513,3.590061294486488,0.0,50000,1624.5073843520815,332.73748009532864,1,0.0006369736137441477,0.0004849747344712217,0,1
21,0,2.159166373197673,2.1716034991435187,0,0.7275729665305627,1.2215967525748073,0.22683749837037517,4122.718701898398,41.227187018983976,0.0,106.9661228211939,5.889577789228283,32376.399946425045,95311.62702454161,5605.003260449821,9906.816251859242,83940.05444508816,3.708308182355935,3.7083081823559167,0.0,50000,1624.5073843520815,788.7271902904719,1,0.00039292027903988506,0.0005016158441227759,0,1
22,0,2.09847285286558,2.1027040802356174,0,0.7514133894784444,1.307715772533753,0.17233178953559944,3341.132246090431,33.411322460904316,0.0,97.20575751262103,5.889577789228283,32352.241152776656,95069.41933486785,5883.014709354446,9440.389815494524,83621.58519586158,3.3263025685741905,3.3263025685741807,0.0,50000,1624.5073843520815,1092.3845578394173,1,0.00031964304319414253,0.0004498456453260584,0,1
23,0,2.075414004044461,2.0528244340527135,0,0.7696712752394236,1.3626430920759063,0.13756766324309733,1907.434541370703,19.074345413707032,0.0,88.0234766979645,5.889577789228283,32327.679883246008,94960.40229820335,6038.835644627718,9197.62785858314,83437.57381421972,2.217430239772852,2.2174302397728467,0.0,50000,1624.5073843520815,1240.1277449291047,1,0.00018288494779272995,0.00029848275667558583,0,1
24,0,2.140195751886053,2.137957724211161,0,0.7390230321710268,1.4661562600333158,0.07205299997891411,3304.668908275198,33.04668908275198,0.0,91.62544317472768,5.889577789228283,32290.085376905205,94809.08110371699,6168.738511039665,9004.707285104105,83142.44380684702,2.0367852460960023,2.036785246096014,0.0,50000,1624.5073843520815,1425.322947828871,1,0.0003179765960165871,0.00027350152900115315,0,1
25,0,2.1766648209319053,2.1850701927639,0,0.7230888990350716,1.5422246721984207,0.02390843531745527,2865.337318823726,28.65337318823726,0.0,93.61093587561341,5.889577789228283,32253.617608220993,94733.61035494063,6273.734639770695,8854.622632112729,83227.40232611718,1.9300115967752527,1.9300115967752713,0.0,50000,1624.5073843520815,1531.861719107737,1,0.0002754224919909167,0.00025876134526674454,0,1
26,0,2.0392343785776355,2.016623996612701,0,0.7834876519638302,1.5097238146995828,0.04447859829140331,2903.500164278968,29.03500164278968,0.0,93.60503315204232,5.889577789228283,32224.78106125726,94650.96739384304,6413.241209962142,8662.579093029688,83254.29168102154,2.163877286211258,2.16387728621127,0.0,50000,1624.5073843520815,1647.8768415835507,1,0.0002790006478371943,0.0002907999119482327,0,1
27,0,1.991239322080749,1.9962841423722115,0,0.7914704958395675,1.53511009032315,0.028411335238512674,2726.796958066982,27.26796958066982,0.0,93.64048215620906,5.889577789228283,32175.287308047962,94556.46333471569,6544.731366252447,8489.375798574676,83308.34332334262,2.027293985505111,2.0272939855051004,0.0,50000,1624.5073843520815,1772.4156824245997,1,0.0002618510318932674,0.0002720913905737928,0,1
28,0,1.8633112066131141,1.8447188176531844,0,0.8564990961658024,1.4920830103045928,0.055643664364181826,2469.518038177901,24.69518038177901,0.0,92.57284636079595,5.889577789228283,32137.634817414535,94462.1169220241,6670.428545428425,8330.02197315519,83195.34934077939,1.934522776092677,1.9345227760926824,0.0,50000,1624.5073843520815,1894.3172508978637,1,0.00023746693128842304,0.00025943953700629494,0,1
29,0,1.8561854599016279,1.8575205663638188,0,0.8505962349008722,1.53082470303647,0.031123605673120367,1492.706491977078,14.92706491977078,0.0,87.07586890143727,5.889577789228283,32097.381550864236,94406.63085823007,6769.614396657855,8208.42503213621,82539.60608778759,1.6055624443955172,1.605562444395512,0.0,50000,1624.5073843520815,1971.8463884462597,1,0.00014467784015246822,0.00021466526777805286,0,1
30,0,1.8738254055853665,1.8652850814377597,0,0.8470555068087168,1.5780054513444604,0.0012623725667972902,2071.8094416353947,20.718094416353946,0.0,88.19156583584744,5.9310139780609905,32080.13089997464,94399.5083171377,6840.879601627711,8123.301464617406,82241.903442427,1.4594236455866,1.459423645586601,0.0,50000,1634.8664315602584,2010.0989420983983,1,0.00020153321894703015,0.00019455933012930713,0,1
31,0,1.8437059421921218,1.8506155986747737,0,0.8537699569437535,1.5732555898593994,0.004268614013038402,2604.31085856379,26.043108585637903,0.0,91.8819423938815,5.983100195232266,32092.657611363495,94429.83157366171,6886.291960499885,8070.079324096431,81988.89529443116,1.5016940205056126,1.501694020505598,0.0,50000,1647.8879858530775,2014.005408386244,1,0.000254113521028566,0.00020010819337602144,0,1
32,0,1.8729989179758864,1.856828615700064,0,0.8509132111820166,1.6168802152953767,0.023341908414795356,2642.037570989047,26.420375709890468,0.0,93.94570184659415,6.091049844420326,32113.618696744514,94483.009030607,6926.465974928313,8023.639075865324,81556.28060464952,1.7814130927154033,1.7814130927153953,0.0,50000,1674.8753981500925,2014.005408386244,1,0.0002591621443647271,0.00023826962811344108,0,1
33,0,1.8253287957742446,1.819658241333554,0,0.8682949161058298,1.580494190982186,0.00031277910264926464,2996.096315857618,29.960963158576178,0.0,96.40216272012702,6.150971770737478,32111.09466720708,94501.93922787058,6937.0434158458775,8011.661907223251,81269.82056254476,2.0099259200977784,2.009925920097788,0.0,50000,1689.8558797293806,2037.3081363602496,1,0.0002949283062390266,0.0002694013238774399,0,1
34,0,1.841541677136654,1.819658241333554,1,0.8682949161058298,1.6157695734967195,0.022638970567543916,2864.550133716172,28.64550133716172,0.0,97.83458218174212,6.395951454209955,32221.69652102908,94672.6583740656,6983.428912460576,7959.226118973182,80067.36725119149,2.089340289555567,2.0893402895555635,0.0,50000,1751.1008005975,2037.3081363602496,1,0.00028621399524521464,0.00028010148194965607,0,1
35,0,1.8348350853830084,1.8476149645695237,0,0.855156528983908,1.5832841310231636,0.0020785639387110723,2027.310763295887,20.27310763295887,0.0,93.8892910703318,6.436497669475873,32261.131262107625,94737.31185535592,6925.650423798234,8025.99238992612,78863.79637380586,1.9579865987797505,1.9579865987797687,0.0,50000,1761.2373544139793,2040.3491025051935,1,0.0002056518561380589,0.00026226471920743336,0,1
36,0,1.7977255982192766,1.8120425312071753,0,0.8719442136644611,1.564766378604597,0.009641532528736053,2147.7621279003406,21.477621279003408,0.0,93.13798946197156,6.436497669475873,32247.906058129498,94724.30841817171,6955.830798669071,7991.400668258636,78101.16187836,1.775729314062007,1.7757293140620134,0.0,50000,1761.2373544139793,2075.1837284003946,1,0.00021999796942794882,0.0002372879402704075,0,1
37,0,1.926459233461478,1.9203780153842644,0,0.822754680246558,1.6070036927904752,0.017090944804098163,2101.762031176066,21.017620311760663,0.0,93.94332935000392,6.751648941004868,32511.556069069098,95064.50520884512,6809.9406496764495,8163.68568582023,77415.70851227957,1.6085416383023905,1.608541638302396,0.0,50000,1840.0251722962282,2075.1837284003946,1,0.0002171923059612831,0.00021428071050909694,0,1
38,0,1.8159625936871044,1.8078688166085222,0,0.8739572171857063,1.541875383471229,0.024129504132133526,1744.8252075246567,17.448252075246568,0.0,92.53671561764325,6.751648941004868,32478.54618818473,95016.85334041402,6870.641911843975,8091.982555969203,76241.50873388349,1.5536353081012169,1.5536353081012266,0.0,50000,1840.0251722962282,2141.9474573614716,1,0.00018308401672531083,0.00020675809737151423,0,1
39,0,1.7556796493043603,1.7743910395789806,0,0.8904463360990006,1.5180914303262747,0.0391826390340034,1356.5586287342608,13.565586287342608,0.0,89.92107341946398,6.751648941004868,32441.901737000586,94962.61364839278,6933.628508749253,8018.772931239906,75419.09416671653,1.3676698714578528,1.367669871457863,0.0,50000,1840.0251722962282,2212.5317806056332,1,0.00014389551014606892,0.00018139061094422094,0,1
40,0,1.8491334741311267,1.8261354376087215,0,0.8652151244975402,1.6094059562202805,0.018611364696380008,2558.9620378093555,25.589620378093556,0.0,94.22736507314801,6.889489127648309,32512.78543290547,95062.06833300083,6956.539115001755,7992.74371511747,74748.81179362538,1.5080863873928239,1.5080863873928132,0.0,50000,1874.4852189570886,2212.5317806056332,1,0.0002738732002723378,0.0002002842423812392,0,1
41,0,1.772594994323104,1.7820003155214976,0,0.8866440629880682,1.5654945633390123,0.009180656114549242,3093.615336746824,30.936153367468243,0.0,99.14405753375907,6.889489127648309,32466.821914286407,94989.43929600762,7007.859720738319,7934.934654390882,74710.73839967261,1.871081379772826,1.8710813797728332,0.0,50000,1874.4852189570886,2306.8184492242876,1,0.0003312632591258534,0.00024967732318142006,0,1
42,0,1.7053990648324164,1.7050634614604467,0,0.9266517262921549,1.523020042472215,0.03606326425809188,2839.025824147447,28.39025824147447,0.0,100.19121375740461,6.889489127648309,32433.303325542794,94912.68043092906,7047.282550967285,7891.182477494332,74417.97464945616,2.264287918750028,2.264287918750024,0.0,50000,1874.4852189570886,2409.433363361138,1,0.0003051978597934815,0.0003034447730638909,0,1
43,0,2.159384327167894,2.1876049232100216,0,0.7222510715881726,1.7161258101681054,0.08615557605576286,2716.3970228652383,27.163970228652385,0.0,99.9522916417852,8.042294963008565,32804.60246866479,95613.62945417584,6648.655548467289,8365.938268064252,73422.35318680952,2.318616394339522,2.3186163943395113,0.0,50000,2162.6866777971527,2409.433363361138,1,0.00029597493460378446,0.0003108120178410398,0,1
44,0,2.2003320438103557,2.223460834444528,0,0.7106039267809818,1.6614758669108762,0.05156700437397225,2591.4194301524494,25.914194301524496,0.0,100.0792923895389,8.525260811802946,33068.07640458711,95992.10487107576,6481.0921803847195,8583.064664010662,72275.58893049508,2.2113664470966867,2.2113664470966956,0.0,50000,2283.4281399957476,2409.433363361138,1,0.00028683758580170436,0.0002960034600663234,0,1
45,0,2.144537570534206,2.1382921323860193,0,0.7389074561280607,1.5898404993466242,0.006228164143432987,2775.3123427301775,27.753123427301777,0.0,101.77471172574343,8.712235178533604,33210.727920927195,96215.75996201891,6422.012866062835,8662.660106712452,70939.06871167963,2.2321271650132237,2.232127165013218,0.0,50000,2330.171731678412,2409.433363361138,1,0.00031297984516937894,0.00029859745519162257,0,1
46,0,2.1398277403181547,2.1382921323860193,1,0.7389074561280607,1.6051678207421387,0.015929000469707997,2521.0805663960427,25.21080566396043,0.0,102.05541691586194,8.762656789861525,33237.33661574346,96270.51130474276,6460.082963997877,8611.850145817276,69573.27914575557,2.2184973767407525,2.21849737674077,0.0,50000,2342.7771345103924,2413.2149842107324,1,0.00028989067036663834,0.00029656936711257385,0,1
47,0,2.2068727523495726,2.220358698360822,0,0.7115967348728085,1.5868955995882867,0.004364303536890299,1789.8782596647668,17.898782596647667,0.0,98.39582316553363,9.01709653976546,33513.602646965686,96676.79696928551,6325.352818510237,8796.576654311399,67605.55443351748,2.0354945846172203,2.0354945846172217,0.0,50000,2406.3870719863758,2413.2149842107324,1,0.00021180250938403737,0.00027155767497335153,0,1
48,0,2.146595717415972,2.1695400158852665,0,0.7282649724970809,1.559027800908145,0.013273543729022147,2404.0144440027843,24.040144440027845,0.0,100.3030852291806,9.01709653976546,33486.87300669402,96634.07659504186,6357.134024053902,8753.016888553535,66662.23658177735,1.9777251937293747,1.9777251937293638,0.0,50000,2406.3870719863758,2480.793292791018,1,0.0002885009045328,0.00026339802809449193,0,1
49,0,2.169441790185731,2.1466414348961167,0,0.7360334960069667,1.598492427586162,0.011704068092507585,3037.312006941898,30.373120069418977,0.0,104.64275631830697,9.077842779904298,33499.692582023585,96675.71995443122,6403.199006210039,8690.29297556621,65889.19772948624,2.1727330576247033,2.1727330576247086,0.0,50000,2421.5736320210854,2485.349260801431,1,0.0003687781441093689,0.00028969385267540207,0,1
50,0,2.261882471575874,2.243042589409066,0,0.7044003566674382,1.603890455068066,0.015120541182320165,3023.735748620749,30.23735748620749,0.0,106.91119567736189,9.337668072661234,33635.60404623503,96918.43942963933,6281.906193821438,8859.042375986723,65428.21542868352,2.558664154560793,2.5586641545607773,0.0,50000,2486.5299552103193,2485.349260801431,1,0.00036971642632272107,0.00034233182498829667,0,1
51,0,2.21650998037793,2.2289065327045807,0,0.7088677684850293,1.584549934778723,0.0028797055561538025,2116.6991566245074,21.166991566245073,0.0,102.82047099917828,9.380002055793724,33644.707491282505,96960.35335805686,6307.597548644305,8823.232775387318,64583.90894971452,2.4931214946171467,2.4931214946171316,0.0,50000,2497.113450993442,2488.5243095363676,1,0.0002621952360638417,0.0003335632688319772,0,1
52,0,2.1777003815984908,2.1640102123576335,0,0.7301259444051471,1.588660015501899,0.005481022469556321,2370.7923746574897,23.7079237465749,0.0,102.58574873625727,9.427417903286875,33641.18320234852,96974.78569384672,6371.9008513900835,8734.46223872898,64301.622767985755,2.3136166497722566,2.3136166497722557,0.0,50000,2508.9674128667293,2517.466602247051,1,0.00029495894785882155,0.0003089568700817948,0,1
53,0,2.084400337445185,2.0857944834798197,0,0.7575051197585003,1.5744286725205345,0.003526156632573125,2353.866673041179,23.53866673041179,0.0,103.93342711772517,9.427417903286875,33616.005637552786,96945.12301809137,6483.930883119167,8584.13464936982,63270.99810081265,2.139916421693794,2.1399164216938047,0.0,50000,2508.9674128667293,2571.6795306692698,1,0.0002976234601882718,0.0002849258813703117,0,1
54,0,1.6250638450858885,1.6206015843620003,0,0.9749465971440573,1.2937604038504928,0.18116430136044762,1406.7378717905947,14.067378717905948,0.0,99.22189910574568,9.427417903286875,33569.308583448175,96806.01750728996,6656.997457158721,8361.707354979051,62747.29783830282,1.9360928658078747,1.9360928658078664,0.0,50000,2508.9674128667293,2731.7119406048114,1,0.0001793527906703744,0.00025731173290582254,0,1
55,0,1.5370665274894622,1.5474519190885763,0,1.0210333390717523,1.2800304551970911,0.1898541422803221,2421.033264414055,24.21033264414055,0.0,102.01568707499528,9.427417903286875,33542.01949340668,96601.19189165065,6808.946958278031,8176.215194355583,61457.335153632164,1.9880946210808383,1.9880946210808361,0.0,50000,2508.9674128667293,2956.615458938454,1,0.0003151497875216245,0.0002640420127934236,0,1
56,0,1.579549122942213,1.5690870865451019,0,1.0069549444058754,1.3534978245338398,0.14335580725706346,2257.147894981284,22.57147894981284,0.0,104.13320900589156,9.427417903286875,33515.91808541311,96452.61926592425,6907.197114676191,8060.786612814379,59903.555196093745,2.0002374285015123,2.000237428501508,0.0,50000,2508.9674128667293,3124.3255368141113,1,0.000301437587481081,0.0002653133885576933,0,1
57,0,1.5444160365866735,1.5786980192488569,0,1.0008247180494738,1.396006839830385,0.11645136719595885,3254.3163923130496,32.5431639231305,0.0,108.55670359528018,9.427417903286875,33492.39690701153,96270.25538078761,7094.532113319291,7848.750346538934,59198.38174217809,2.6374378185724914,2.637437818572486,0.0,50000,2508.9674128667293,3330.33595691915,1,0.000439784507149038,0.00035212396071724786,0,1
58,0,1.5252071969952623,1.534752300656962,0,1.029482086017183,1.415011763242119,0.10442293465688669,1577.8972460733085,15.778972460733085,0.0,102.70357572264152,9.427417903286875,33459.35834714672,96185.56125700586,7187.767873886003,7747.52237144932,58730.57610708089,2.390474112514155,2.390474112514148,0.0,50000,2508.9674128667293,3435.788978881457,1,0.00021493366497156744,0.00031871858653389546,0,1
59,0,1.5663975829198835,1.568388039547436,0,1.0074037547850179,1.4993773310851397,0.051027005642316686,1913.2467594062905,19.132467594062906,0.0,100.95745329882227,9.427417903286875,33429.52061946843,96124.43010207836,7301.180592530896,7627.534040630732,56765.31392760311,2.3141773700177617,2.3141773700177457,0.0,50000,2508.9674128667293,3515.723759471827,1,0.00026963603327854644,0.00030811806846638395,0,1
60,0,1.6547638831522005,1.6656682630278916,0,0.9485682323849037,1.5758108294166115,0.002651373786954762,1850.0714483639313,18.500714483639314,0.0,102.14383335245745,9.464419332254153,33440.39655751923,96145.98851401581,7282.502568184491,7647.378735971902,55237.016032720014,1.898618532338446,1.898618532338445,0.0,50000,2518.217770108549,3518.4988666443733,1,0.000267946617140655,0.00025083877179692295,0,1
61,0,1.6864246927413895,1.6656682630278916,1,0.9485682323849037,1.593377689889302,0.00846689233500119,2847.456166996772,28.47456166996772,0.0,106.52325290157282,9.521368455594088,33426.649707376695,96141.53696246455,7254.117958295522,7677.729973599813,54368.06396101698,2.3991733484010163,2.39917334840101,0.0,50000,2532.4550509435326,3556.0950525918647,1,0.00041898952576843,0.0003188573920625438,0,1
62,0,1.7306456349715478,1.7405736078630847,0,0.907746729504751,1.5862928709055957,0.003982829687085825,1476.7411849536782,14.767411849536781,0.0,102.53806915414297,9.625842357187992,33569.096209179464,96317.3123538712,7145.201920580296,7795.415803503621,52682.62268645514,2.288254001071221,2.288254001071232,0.0,50000,2558.573526342009,3556.0950525918647,1,0.00022424717823827745,0.0003037277737157875,0,1
63,0,1.6403035983711851,1.6448120118065623,0,0.960596097705186,1.554663712273191,0.016035625143550045,2963.9898620988088,29.639898620988088,0.0,106.54969693759313,9.625842357187992,33517.24563843272,96233.75429305223,7266.141001051529,7666.4021525722965,51637.868864449934,2.7579011871173056,2.757901187117303,0.0,50000,2558.573526342009,3660.216386844357,1,0.0004591963111226484,0.00036747767170978535,0,1
64,0,1.6634953405037343,1.66880750503392,0,0.9467838532808404,1.5883053962786746,0.00525657992321174,3112.2797176238973,31.122797176238976,0.0,110.91344330227886,9.688087951540469,33536.42031348891,96265.87134814511,7293.182213893946,7638.439470571848,49948.32189064827,2.9570643230402998,2.957064323040303,0.0,50000,2574.1349249301284,3664.884806420793,1,0.0004984799648624998,0.00039397448474114187,0,1
65,0,1.6412110313429964,1.634835106163757,0,0.9664583260066938,1.5899272874562798,0.006283093326759296,2662.1583189217477,26.62158318921748,0.0,110.41781526617154,9.741331117918904,33553.68034721109,96298.83560882801,7346.357143327133,7583.316846585953,48441.19878066809,3.483364115410379,3.48336411541037,0.0,50000,2587.4457165247372,3668.8780438991757,1,0.0004396519303290507,0.00046577606877139965,0,1
66,0,1.644578565594605,1.6321548312806364,0,0.968045414392632,1.5938044624352428,0.008737001541292843,1867.0014679974252,18.67001467997425,0.0,105.76113310128652,9.778671147278851,33561.790629603216,96326.37181408552,7347.897701921204,7581.980944072339,47938.1445989798,3.121463720985914,3.1214637209859037,0.0,50000,2596.780723864724,3671.678546101172,1,0.00031156841527607353,0.0004165667701558747,0,1
67,0,1.701092790173108,1.7098878935752686,0,0.9240371874300595,1.5824664841826923,0.001561065938412811,2721.63070686934,27.2163070686934,0.0,108.43362386502504,9.975847174989886,33738.24802822209,96539.62528756277,7199.425076269266,7739.114991088336,47097.879122362305,3.036917895389968,3.0369178953899625,0.0,50000,2646.074730792483,3671.678546101172,1,0.00046229354825909287,0.00040450463128807236,0,1
68,0,1.7432305425878898,1.7153213091937378,0,0.9211102267147001,1.6175541007085221,0.023768418169950664,1205.684809354134,12.056848093541339,0.0,103.07288580355171,10.024743196304083,33748.97024134751,96569.0405192747,7190.389180186099,7749.049028099606,45933.451996644704,2.4759397484533032,2.475939748453312,0.0,50000,2658.298736121032,3671.678546101172,1,0.00020998810356203239,0.00032795002236573294,0,1
69,0,1.7517636462886563,1.7588368113593869,0,0.8983209754285472,1.567665950315268,0.007806360559957071,2151.2551312244373,21.512551312244373,0.0,104.76965244749985,10.175054022783147,33948.154708359754,96805.55338261789,7061.680025679446,7890.963217144718,44255.497568287225,2.6685674234683314,2.668567423468319,0.0,50000,2695.876442740798,3671.678546101172,1,0.0003888791674580095,0.00035372027309304494,0,1
70,0,1.651654669797601,1.6533269303610532,0,0.955648862294259,1.5235607706180712,0.03572103125438539,1496.8021584951325,14.968021584951325,0.0,104.23880701108237,10.175054022783147,33897.97822148401,96734.19356243541,7169.7108445109125,7772.506765602127,43755.61088082759,2.210117769490962,2.2101177694909553,0.0,50000,2695.876442740798,3757.389761989544,1,0.00027366586883164495,0.0002908443799505623,0,1
71,0,1.7831436663644962,1.8168709728862522,0,0.8696269705327712,1.5719741683712667,0.005079640271350242,2448.9361708053307,24.48936170805331,0.0,107.25391637537555,10.410929888973019,34102.96935526145,97009.17802930005,7009.437323435569,7951.042720385902,43239.057939996484,2.8052668351424885,2.805266835142479,0.0,50000,2754.845409288266,3757.389761989544,1,0.0004530970446587912,0.00037188069364948187,0,1
72,0,1.7743948933858642,1.7794268077617759,0,0.8879263778134141,1.5829174900387342,0.0018465126827430973,2104.0733069624953,21.040733069624952,0.0,108.93891231802317,10.453011355112269,34116.72459180164,97034.95043067705,7051.231189527493,7904.1824311856935,39732.05929214668,2.899421311358427,2.899421311358433,0.0,50000,2765.365775823079,3760.5458719499875,1,0.00042365250519564796,0.00038347180622869473,0,1
73,1,1.794453524959046,1.771330348736005,0,0.8919849429144961,1.9989805854952005,0.26517758575645595,2495.407571064954,24.95407571064954,0.0,113.19636681754042,21.005839013067135,32426.099913154576,97060.99608664817,8780.972615287697,7882.5414195648245,38261.254778766444,3.5110299208888707,3.5110299208888835,0.0,50000,2777.8428136784037,3764.288983306585,1,0.0005217617844461936,0.0004661704447668776,0,1
74,1,1.7943861758048878,1.8016026781124654,0,0.8769969201285613,1.787739053078357,0.13148041334073224,2556.1609444801056,25.561609444801057,0.0,115.33209070277164,22.43668596866502,32997.456604247905,97833.06316954,8305.107517506782,8335.987342406754,36907.88442662323,3.7627852090408385,3.762785209040838,0.0,50000,3135.5545525778753,3764.288983306585,1,0.0005540628479125155,0.000499825712518119,0,1
75,1,1.8072188263743105,1.8016026781124654,1,0.8769969201285613,1.690806894456397,0.07013094585847905,2895.2635574099468,28.952635574099467,0.0,117.88053333302946,23.290593160760203,33491.661448415274,98390.22028299049,8048.69906793394,8602.85141436457,36314.90267880975,4.288332369559148,4.2883323695591375,0.0,50000,3349.0313506016705,3764.288983306585,1,0.0006378127642014855,0.0005712124655200649,0,1
76,1,1.8531188225918065,1.8433819979805233,0,0.8571202288678822,1.6152586150524746,0.02231557914713577,4005.553215806721,40.05553215806721,0.0,124.08735180222305,24.15773811429643,33897.70004030221,98954.69073309765,7769.393155839699,8913.500638865047,34626.42584333284,5.282918317347509,5.282918317347516,0.0,50000,3565.817588985727,3764.288983306585,1,0.0009254326701646503,0.0007057694274262171,0,1
77,1,1.7395661926378057,1.7389498764967564,0,0.90859433118511,1.5393551067425968,0.02572461598569828,2927.421616279529,29.27421616279529,0.0,123.07970826616956,24.15773811429643,33860.42586404645,98887.66954549373,7828.527168939687,8846.718435261737,33500.525127157445,5.639078908546112,5.639078908546107,0.0,50000,3565.817588985727,3860.5773079949354,1,0.0006990748008081566,0.0007541067450580974,0,1
78,1,1.6904822637743948,1.6854611138522686,0,0.9374289249478869,1.5425949584006644,0.02367407696160485,1795.2893433678423,17.952893433678422,0.0,115.50304190985504,24.15773811429643,33808.9865432331,98825.37944936665,7949.950681786984,8712.105891604648,32186.926325738208,5.169740475389514,5.169740475389503,0.0,50000,3565.817588985727,3947.890159597822,1,0.00044621578965301645,0.0006902410868752745,0,1
79,1,1.7739101618289204,1.777674093138951,0,0.8888018372423343,1.592910525501842,0.00817121867205191,2889.177423387376,28.89177423387376,0.0,118.70329622971883,24.215521662764175,33861.12541003253,98898.44021926977,7886.559053042741,8782.694961255818,31166.148199690837,4.730499391299417,4.730499391299416,0.0,50000,3580.263476102664,3952.223925732903,1,0.0007416193762220605,0.0006289699888944112,0,1
80,1,1.7966208360258349,1.784433811310963,0,0.8854349149768843,1.593776746458126,0.008719459783624043,1878.5817568057512,18.785817568057514,0.0,117.2017388554764,24.312987535040424,33958.897454572776,99031.15538090644,7838.864371068371,8836.536918448513,29958.040545121046,4.253892229320047,4.25389222932004,0.0,50000,3604.629944171726,3952.223925732903,1,0.0005016567766443447,0.0005631639808398071,0,1
81,1,1.762343812114538,1.771176210421871,0,0.8920625687625201,1.570404263506279,0.006073250945393127,1616.6237302637421,16.16623730263742,0.0,114.01745954244767,24.3453200096457,33938.63451182943,99024.61005245238,7856.644309575159,8816.907088656359,29014.955667511204,4.2533586225037405,4.253358622503731,0.0,50000,3612.7130628230448,3986.3555314808877,1,0.00044573529562863816,0.0005630038161650144,0,1
82,1,1.794748010591206,1.7869968094515785,0,0.8841649809575738,1.5799352687126345,4.09691692187442e-05,1109.842893313691,11.098428933136912,0.0,111.19778121382498,24.367516867511974,34016.80570223359,99124.51911264285,7809.1628117246955,8870.920029619849,27615.493806330454,3.234641794338869,3.234641794338865,0.0,50000,3618.2622772896134,3988.0202958208583,1,0.00032151310451939867,0.0004229683922641271,0,1
83,1,1.9122408969696432,1.9271384983361086,0,0.8198684222043056,1.582062421617677,0.0013053301377702541,2125.239640425081,21.25239640425081,0.0,114.53785489328381,24.697841016725736,34367.10418348619,99565.06692159547,7571.119464459596,9151.22189741339,27282.766482172556,3.536595168073329,3.5365951680733225,0.0,50000,3700.8433145930535,3988.0202958208583,1,0.0006231742347137067,0.0004634742116205812,0,1
84,1,2.019791015494018,2.020319249561904,0,0.7820546185176502,1.586528026224298,0.004131662167277173,2359.5511424787155,23.595511424787155,0.0,117.86765203777908,24.918759958727566,34585.109136525716,99858.16788307205,7377.510443665925,9392.22570577084,26746.358193943503,4.176930028759268,4.17693002875926,0.0,50000,3756.073050093511,3988.0202958208583,1,0.0007057562380251132,0.0005501478590860727,0,1
85,1,1.9345945764460768,1.951135967451287,0,0.8097846722921668,1.5579355818750655,0.013964821598059833,1708.5263719034128,17.085263719034128,0.0,115.80367834766899,24.918759958727566,34561.22544396558,99830.47151100563,7470.151856769533,9276.195649849305,25817.98262144842,4.685670272623622,4.685670272623628,0.0,50000,3756.073050093511,4036.2970947813637,1,0.0005294066223389726,0.0006194456983592641,0,1
86,1,1.8385819427293097,1.829654950400577,0,0.8635508021083874,1.5121550361494316,0.04293985053833448,2997.666546857627,29.97666546857627,0.0,120.37030740759576,24.918759958727566,34539.677721931366,99757.73398957175,7549.558746113747,9179.27200211182,24987.917895959163,5.5167002197193815,5.516700219719375,0.0,50000,3756.073050093511,4131.964522687544,1,0.0009597171110738714,0.0007316266571459857,0,1
87,1,1.7507583599771437,1.7718992680226358,0,0.8916985454614544,1.4668798683954354,0.07159502000288905,1772.2694436782006,17.722694436782007,0.0,117.98536884741488,24.918759958727566,34518.48577351779,99698.3166537774,7620.046531984231,9094.718972371813,24410.788369922433,5.21326777186606,5.213267771866053,0.0,50000,3756.073050093511,4212.193133721167,1,0.0005808151434754607,0.0006899796256294348,0,1
88,1,1.7271632264590027,1.718789264741141,0,0.9192517270219027,1.4997058801816872,0.050819063176147414,2926.87222167519,29.2687222167519,0.0,121.07489147606148,24.918759958727566,34501.49348791313,99627.1951759417,7757.5682729673445,8934.142904201359,23957.817679176915,6.311285914902374,6.311285914902373,0.0,50000,3756.073050093511,4307.151791003535,1,0.000977341846697197,0.0008392913670821764,0,1
89,1,1.8284340975704887,1.8312262780519553,0,0.8628098116202177,1.5960298321805495,0.010145463405411032,2702.5703839006123,27.025703839006123,0.0,123.46893849818983,24.97281136640558,34512.9202943751,99660.78737777278,7778.158810748927,8910.767517710674,23226.75094342659,6.2506045714149066,6.250604571414916,0.0,50000,3769.585902013014,4311.205646579387,1,0.0009308475009641305,0.0008296681637122626,0,1
90,1,1.7652859580975941,1.7702356556281875,0,0.8925365360123875,1.5571252226019026,0.014477707213985766,1736.7167550574786,17.367167550574788,0.0,118.80529614795576,24.97281136640558,34492.20176951236,99640.60498495387,7819.088759510426,8864.36581459921,22282.07114937669,6.355151854248674,6.355151854248672,0.0,50000,3769.585902013014,4353.399276063356,1,0.0006235387162763138,0.0008439093546458804,0,1
91,1,1.8646646336271668,1.8697813148944515,0,0.8450186058732705,1.5873534716156246,0.00465409595925601,2682.212192906015,26.82212192906015,0.0,121.39581699216875,25.19738407868233,34699.99915845846,99905.06378772733,7681.705785287209,9023.702256546141,22430.79932600615,6.307647840955613,6.307647840955618,0.0,50000,3825.729080082202,4353.399276063356,1,0.0009566176056138213,0.0008370012742847554,0,1
92,1,1.8739725323579677,1.8681667299105802,0,0.8457489231036819,1.598544077172558,0.011736757704150643,2766.7290910766033,27.667290910766035,0.0,124.26092755815066,25.337176393458694,34799.633011270715,100044.2891940918,7689.862347883464,9014.8223144627,22160.62243136519,6.4801046621313825,6.480104662131375,0.0,50000,3860.6771587762933,4353.399276063356,1,0.000998791112350958,0.0008596491447470312,0,1
93,1,1.7525404384401138,1.741729348947783,0,0.9071443855237973,1.5255174647253886,0.03448261726241231,2662.754342648785,26.62754342648785,0.0,124.56439493945815,25.337176393458694,34752.993500157645,99957.52077716852,7768.380726282888,8924.448050458928,22401.410957746488,7.275036232220943,7.275036232220946,0.0,50000,3860.6771587762933,4465.817483860279,1,0.000950923795888132,0.0009687775046176369,0,1
94,1,1.856198617800966,1.8139064196185042,0,0.8710482431239762,1.6239872850678367,0.027840053840402952,2117.4243139589116,21.174243139589116,0.0,122.22236378179441,25.43609329067552,34777.594261037935,100007.73094582318,7788.257822079279,8901.888295152043,21642.483310001524,6.854984101226085,6.854984101226087,0.0,50000,3885.4063830804994,4465.817483860279,1,0.0007826918135518756,0.0009108022405969885,0,1
95,1,1.8132914225049304,1.8206360903492456,0,0.8678285618829598,1.5669554828758523,0.008256023496296063,2645.415096728759,26.454150967287593,0.0,124.29381750266666,25.489001592610094,34765.25996101945,100012.21806623519,7740.480232091013,8957.335779035428,21186.781207532455,6.86323346435057,6.863233464350568,0.0,50000,3898.633458564143,4498.846239489066,1,0.0009988926853271116,0.0009108360982557065,0,1
96,1,1.8025530892989614,1.8024176549832767,0,0.8766003792914799,1.5769163018122652,0.00195170771375627,1798.7176455453264,17.987176455453262,0.0,121.62583654309822,25.524975945521,34733.43413821193,99989.88236233658,7788.2580321475225,8902.65929775156,21106.831617881748,6.20445955033512,6.204459550335127,0.0,50000,3907.62704679187,4551.44081087062,1,0.0006817575193129222,0.0008211140060639697,0,1
97,1,1.7741488526892177,1.7736093006510938,0,0.8908388106783046,1.5726390958600867,0.004658800088552795,1397.1930777233006,13.971930777233005,0.0,117.41269628129264,25.524975945521,34697.27817043087,99955.6640398337,7839.853024370682,8844.410828304113,20977.25811832228,5.590457786676,5.590457786676008,0.0,50000,3907.62704679187,4603.792773249279,1,0.0005328410681100188,0.0007378304242500175,0,1
98,1,1.7181567601724188,1.7178922511283685,0,0.9197317229658634,1.5666723202095325,0.008435240373713647,2069.817520020507,20.698175200205068,0.0,119.78706539190719,25.524975945521,34627.56993560408,99867.91695095673,7951.7260761037805,8720.59315560625,20289.060720853657,5.15693985603951,5.156939856039504,0.0,50000,3907.62704679187,4707.232324152313,1,0.0008161314310201029,0.0006769100061476812,0,1
99,1,1.7426697124868722,1.7370205916413761,0,0.9096034943989919,1.606095946511368,0.016516421842637928,2590.5564645432905,25.905564645432907,0.0,123.47629274663008,25.576787074811865,34641.26256497456,99895.70019932021,7994.401301549417,8674.202215587991,20506.661687997417,5.961452797264766,5.96145279726476,0.0,50000,3920.579829114586,4711.118158849127,1,0.0010106204525954794,0.0007865309839085337,0,1
100,1,1.7941877728574873,1.7658724440902402,0,0.8947418627476235,1.6035756950796891,0.014921325999803189,3030.5844575599504,30.305844575599505,0.0,127.00166799734143,25.862624240317615,34840.21899209733,100143.39117653976,7872.938920069195,8808.770792787564,20015.88872830511,7.624117635897681,7.624117635897688,0.0,50000,3992.0391204910234,4711.118158849127,1,0.0012112715048317804,0.0010126744628157875,0,1
101,1,1.801227305585787,1.7931050609368,0,0.8811530536724579,1.6077631373983716,0.017571605948336424,2123.0737442031054,21.230737442031053,0.0,124.59039375530648,25.905085715201675,34880.6989516956,100206.65194972281,7867.932664963398,8814.690936113246,19112.839863640354,7.806912591406611,7.806912591406609,0.0,50000,4002.6544892120387,4714.302769465432,1,0.0008886481587665984,0.0010368467053979528,0,1
102,1,1.7622300587742943,1.7707668664229093,0,0.8922687847620091,1.5879270052388452,0.005017091923319717,1894.5975328786817,18.94597532878682,0.0,121.59473964699009,25.94297766585925,34890.109003792626,100235.07981739072,7905.355703384956,8773.108209537855,19171.85426680199,7.265031967569667,7.26503196756967,0.0,50000,4012.127476876432,4717.14466576475,1,0.0007905745606086187,0.0009634980747356658,0,1
103,1,1.7510849908763122,1.7239670933294886,0,0.9164908112883723,1.5872846594148238,0.0046105439334327225,2534.706364993291,25.347063649932913,0.0,124.11623094902359,25.993671793159116,34854.43777045722,100208.97962555006,7929.048692830112,8747.289325571228,19319.462198460897,6.874619279680942,6.8746192796809495,0.0,50000,4024.8010087013986,4776.431840020197,1,0.0010495970701276441,0.0009096065965009539,0,1
104,1,1.720756861750084,1.7180222510888974,0,0.91966212835636,1.572878544761397,0.004507250151014538,1525.4467388814564,15.254467388814565,0.0,120.58916881974167,26.024180727936745,34831.38176797322,100198.71389263471,7962.3358398178825,8710.935804648345,19239.140204182622,6.25001664546879,6.250016645468786,0.0,50000,4032.4282423958057,4812.6036502433335,1,0.0006343097342987591,0.0008248271216783407,0,1
105,1,1.7581914213774688,1.739830489365983,0,0.9081344473827291,1.614255662636351,0.0216807991369309,2108.148427487814,21.08148427487814,0.0,121.4387326133378,26.066343696486502,34841.42847703859,100225.15402971617,7980.148238360688,8691.701382104435,19311.791703236973,6.452085415831545,6.452085415831539,0.0,50000,4042.9689845332446,4815.765872884565,1,0.000873310342150989,0.0008524057155257974,0,1
106,1,1.7725550922381639,1.742461050481855,0,0.9067634536583022,1.6187718491969751,0.024539145061376628,1804.1044809292785,18.041044809292785,0.0,121.6057375275746,26.145594562132572,34858.818352635484,100262.5020840247,7958.99093105763,8715.094663230031,19391.955809975214,5.708486499509375,5.708486499509372,0.0,50000,4062.7817009447617,4815.765872884565,1,0.0007442692211587026,0.0007506297658694834,0,1
107,1,1.7877364479430649,1.8299684056404537,0,0.8634028845142988,1.5497279994879258,0.019159493994983692,2749.619702519242,27.49619702519242,0.0,125.1156377912776,26.200586956182956,35023.374149667,100464.85733420654,7754.6402675557265,8945.604036048355,19457.314917487467,6.921756092601426,6.921756092601432,0.0,50000,4076.529799457358,4819.890302438344,1,0.001130523801122422,0.0009160344548107044,0,1
108,1,1.4403835266122416,1.4267155827025575,0,1.107438664829807,1.3087284593320028,0.17169084852404892,1904.0213972017584,19.040213972017586,0.0,123.99983116163017,26.200586956182956,35010.28597739881,100341.7964841642,7939.431078023466,8738.119549486462,18549.663455814905,6.8041364233349055,6.804136423334896,0.0,50000,4076.529799457358,4961.975813643536,1,0.0008211562012376631,0.0008986497411729292,0,1
109,1,1.3924900388124202,1.4162767304837518,0,1.115601185836278,1.330280133194797,0.15805054861088794,1611.2101929728535,16.112101929728535,0.0,120.70686103360671,26.200586956182956,34949.58432054343,100192.53851614789,8141.332409934296,8522.057873831414,18549.663455814905,6.677462192663842,6.677462192663852,0.0,50000,4076.529799457358,5129.00021054464,1,0.0006948741455329316,0.0008821847159643389,0,1
110,1,1.4119713614408598,1.405564681753844,0,1.1241033731926857,1.399905815148168,0.11398366129862787,2211.404932155564,22.11404932155564,0.0,122.87717834386501,26.200586956182956,34889.65851064093,100035.44844362052,8294.213920555505,8365.700316952365,18622.461154046643,6.24150006707953,6.241500067079534,0.0,50000,4076.529799457358,5302.1269620445955,1,0.0009499947032189257,0.0008220083499965069,0,1
111,1,1.5232637973218384,1.5286943052636237,0,1.0335617752743107,1.5440261917344276,0.022768233079476268,2209.6101659989713,22.096101659989714,0.0,124.60342944068398,26.200586956182956,34847.58720820749,99976.03287902178,8386.662918331911,8273.888145307987,18473.693424579727,6.577081646852023,6.577081646852016,0.0,50000,4076.529799457358,5377.943183302017,1,0.0009568677427802403,0.0008672455305106992,0,1
112,1,1.549642269439176,1.5499682976654445,0,1.0193756881220017,1.5764269619028988,0.0022614165171527213,1387.6592000669336,13.876592000669337,0.0,120.43233232961111,26.228340140184294,34854.14999674255,99996.09511641998,8401.881426088736,8259.12707364934,18311.687097326438,6.355268732558311,6.355268732558302,0.0,50000,4083.4680954576925,5380.024672102118,1,0.0006062398042044029,0.0008377007500678563,0,1
113,1,1.539024409282855,1.5328760012497744,0,1.0307422118369685,1.5760348509699265,0.0025095879937174752,1597.3540976969268,15.973540976969268,0.0,119.59679332252401,26.26028722213823,34816.96913313573,99970.3092855332,8429.911414216527,8231.949583213216,18323.65830843378,5.7387889392910605,5.7387889392910685,0.0,50000,4091.454865946177,5427.228029993373,1,0.0006973952780866765,0.0007535009416904399,0,1
114,1,1.523191189515399,1.5103209564091278,0,1.0461352557515577,1.5666991328221844,0.008418270365706105,1359.8100768029512,13.598100768029513,0.0,119.10398459140897,26.287483423674292,34803.04385467543,99965.85188127271,8448.595201330687,8213.97389252883,18004.234759265422,4.883901822315673,4.883901822315673,0.0,50000,4098.253916330192,5449.557745603799,1,0.0006042178831746946,0.0006359509884885914,0,1
115,1,1.7885580585474679,1.787573123347847,0,0.883879926008792,1.759074976601525,0.11333859278577527,2865.7818672052963,28.657818672052965,0.0,124.77869114782426,27.274649059327825,35236.84897390072,100453.87825178009,8261.920949744777,8400.395372741135,17543.905753240135,6.606723280498425,6.606723280498416,0.0,50000,4345.045325243575,5449.557745603799,1,0.0013067930972787054,0.0008694687528466921,0,1
116,1,1.7495792785236826,1.7699891364228222,0,0.892660846039545,1.6420008708095764,0.039241057474415364,2027.304870445433,20.27304870445433,0.0,124.67867553898867,27.615117486456658,35503.822024979374,100755.83071928307,8071.077245375138,8599.86724422996,17734.59035673112,7.13203574076489,7.132035740764896,0.0,50000,4430.162432025782,5449.557745603799,1,0.0009145088010114535,0.0009418399271549512,0,1
117,1,1.7469060101252494,1.768071607349566,0,0.8936289647049447,1.5814705368955428,0.0009307195541409958,3847.4592065625975,38.47459206562598,0.0,130.85096923588324,27.69206667058791,35621.08411977103,100904.12727777421,7927.385912664984,8756.65892745708,17295.033506869553,10.011881563856715,10.01188156385671,0.0,50000,4449.399728058595,5455.328934413643,1,0.0017796827997051963,0.0013336615659984518,0,1
118,1,1.7478264020969798,1.738809330799424,0,0.9086677716835055,1.5994949948252684,0.012338604319790053,1094.6180388235146,10.946180388235145,0.0,121.0967884016085,27.71395903136438,35627.92493112747,100929.020527674,7970.429463035547,8709.578396065579,17239.822140359807,8.04825965661901,8.048259656619019,0.0,50000,4454.872818252713,5456.970861471878,1,0.0005079486458324536,0.0010673800821830344,0,1
119,1,1.683764454741242,1.6647209192705894,0,0.9491080346922591,1.5755807348958828,0.002797003230453972,1771.3538000257156,17.713538000257156,0.0,117.42603398604113,27.71395903136438,35575.01536161263,100875.69742450019,8059.936963313388,8613.354470330552,17564.550376332274,7.773765787150811,7.773765787150822,0.0,50000,4454.872818252713,5530.293521398256,1,0.0008067858326336956,0.001031472426057115,0,1
120,1,1.6411388964612637,1.660509683782525,0,0.9515150772266925,1.5531476172532315,0.016995178953651012,1657.228620879768,16.57228620879768,0.0,118.76198747742903,27.71395903136438,35544.68723183618,100837.52115466783,8105.771717874383,8564.992215978375,16889.450051386008,5.365955810415018,5.365955810415021,0.0,50000,4454.872818252713,5581.565960930238,1,0.000784976948728426,0.0006999038090648584,0,1
121,1,1.5683258078711844,1.564430246094357,0,1.00995234779212,1.5311566409723718,0.03091351837191662,1183.8297269694524,11.838297269694523,0.0,116.05982982068397,27.71395903136438,35486.21622186323,100768.83051131564,8233.08275422268,8432.942663257918,16983.17423526753,5.479667729749299,5.479667729749301,0.0,50000,4454.872818252713,5663.3121986758015,1,0.0005576482749666869,0.0007164703521096027,0,1
122,1,1.6370158528742782,1.6360840048363852,0,0.9657205836188139,1.595284910552586,0.009673994020623956,3342.0332495206285,33.42033249520629,0.0,123.40689103457638,27.78079969635479,35565.911396807904,100859.7396888446,8225.699236235023,8440.874706216751,17373.68398739764,7.2709607812615955,7.270960781261607,0.0,50000,4471.582984500316,5668.3252485500825,1,0.001538894457592226,0.000960506560429113,0,1
123,1,1.6905226690064477,1.70172531204898,0,0.9284694708440252,1.5686912352408213,0.00715744605011313,1981.12131455772,19.811213145577202,0.0,121.96798389135297,27.95099245232923,35823.28975235459,101150.22696977612,8027.190012961577,8650.616756490293,17705.52161068793,7.531205635795913,7.531205635795912,0.0,50000,4514.131173493926,5668.3252485500825,1,0.0008951428184354952,0.000997228516998136,0,1
124,1,1.6725583614660773,1.6635499694353273,0,0.9497760987223682,1.5926390931624732,0.007999426052198187,2101.472755275974,21.01472755275974,0.0,119.45851014007516,27.993021907434752,35834.35009571342,101178.96825697328,8131.716189396624,8539.768968396726,17443.822280495195,8.517949380029963,8.517949380029966,0.0,50000,4524.638537270306,5671.477457682997,1,0.0009637671017209274,0.0011326014592495494,0,1
125,1,1.8196827022172926,1.8516498985168606,0,0.8532930557042953,1.6311850355108777,0.03239559209549216,1964.123654401489,19.64123654401489,0.0,119.66598909723803,28.39355745888361,36131.38494006271,101566.00136257784,7890.298539533427,8802.091396836871,17183.79043258881,7.0025879660032,7.002587966003193,0.0,50000,4624.772425132521,5671.477457682997,1,0.0009144076388066546,0.0009244391863210258,0,1
126,1,1.8936087645779385,1.8747659077610612,0,0.8427718860574517,1.639124323877591,0.037420458150374,2021.9213798813696,20.219213798813698,0.0,119.96448619755986,28.718577923044975,36358.45921013641,101858.55219967787,7753.920247281604,8957.765513085811,17398.79570043175,7.0841217973040616,7.084121797304052,0.0,50000,4706.027541172863,5671.477457682997,1,0.0009296833710536395,0.0009359527038604072,0,1
127,1,1.8409017319331666,1.832863818885224,0,0.8620389489498355,1.6079918683408232,0.017716372367609572,3858.6626393574034,38.586626393574036,0.0,127.453920531108,28.795751175832123,36382.401316857795,101898.75203100176,7789.355387330251,8917.605931661263,17412.199140890218,9.068407765081869,9.068407765081867,0.0,50000,4725.320854369649,5677.2654516420325,1,0.0017728548166191605,0.0012056486088264848,0,1
128,1,1.8120430456414622,1.817780205073332,0,0.869191993394086,1.5923570575145027,0.007820922477533333,1380.8694379597941,13.808694379597942,0.0,118.79376184847054,28.82336856459132,36391.14937133797,101927.42955718162,7812.947454093068,8890.843315160531,17843.79073843304,8.3256306088325,8.325630608832489,0.0,50000,4732.225201559449,5679.336755798972,1,0.0006190924151494756,0.0011072102009407586,0,1
129,1,1.782426100615901,1.806103054433478,0,0.8748116538098654,1.5599083144007837,0.01271625670836479,2169.920450768116,21.699204507681163,0.0,116.40483660116408,28.866766973606683,36401.21733005434,101959.75402038917,7797.072676108104,8909.309424145713,18120.049733373864,8.386065363599425,8.38606536359943,0.0,50000,4743.074803813289,5682.591636475125,1,0.000958019644624491,0.0011166556254643756,0,1
130,1,1.8107080332620111,1.7655165845762608,0,0.8949222079265903,1.611722793175575,0.02007771719973103,1791.1807119188218,17.911807119188218,0.0,116.78789779738858,28.90259058784506,36360.63871414108,101927.02131269244,7863.526450565213,8834.366911044637,18031.04116116181,6.007845479335247,6.007845479335251,0.0,50000,4752.030707372883,5741.487233589171,1,0.0007947098321873762,0.0007906072973204475,0,1
131,1,1.7600150060727313,1.7640715721639013,0,0.8956552698493352,1.5774353411193753,0.0016232018231802133,1122.8384256191907,11.228384256191907,0.0,112.16230758277543,28.925047356357446,36367.15229537419,101947.08260565242,7890.745487440086,8804.056879529653,18123.848407458514,5.69689200168744,5.6968920016874325,0.0,50000,4757.644899500979,5743.1714912276,1,0.000495629140291025,0.0007494528723676307,0,1
132,1,1.7807432414600017,1.7847941786062902,0,0.8852561370598991,1.5805624222471732,0.00035596344757796053,3721.5892736524543,37.215892736524545,0.0,120.9178130252072,28.999479141830495,36489.68588310718,102092.1231660271,7852.694212658881,8847.25079479181,18104.954058890613,7.385095922139742,7.385095922139752,0.0,50000,4776.252845869241,5748.753875138079,1,0.0016444512420399906,0.0009782634048394639,0,1
133,1,1.8143667032490531,1.8092529309191399,0,0.8732886226124977,1.5826139990589958,0.001654429784174513,2119.250523954219,21.19250523954219,0.0,120.00269659275196,29.086257951489003,36587.30244236611,102231.33796230292,7784.923037537275,8924.921146320265,17757.544158628152,7.777413681910006,7.777413681910016,0.0,50000,4797.947548283868,5748.753875138079,1,0.0009547493752617831,0.0010316099191975995,0,1
134,1,1.7594567414688973,1.8110455909667784,0,0.8724241995236349,1.553898336972621,0.016520039890746296,2361.3748593234727,23.613748593234728,0.0,117.72358031078592,29.133485448675472,36615.97144869473,102287.05886701698,7833.563872924062,8869.831724510232,17829.96580380625,9.143852424500766,9.14385242450075,0.0,50000,4809.754422580485,5752.295937427064,1,0.0010595084187180566,0.0012195696786732769,0,1
135,1,1.7970668168908408,1.8275400172525766,0,0.8645501521631714,1.5560085488351216,0.01518446276258129,1756.6078263283084,17.566078263283085,0.0,115.13164974463822,29.168617605202037,36692.61325625676,102389.8491395511,7756.592914318563,8958.251385500282,18238.678537389347,7.006644968059562,7.006644968059564,0.0,50000,4818.537461712126,5754.930849166556,1,0.0007704978505881365,0.0009282518815226587,0,1
136,1,1.7991228214597925,1.7961160867124397,0,0.8796758804671626,1.576246555690699,0.002375597664114572,2165.8746180284734,21.658746180284734,0.0,116.23733649962014,29.211935097562606,36681.13514143431,102390.07086627308,7802.540020877471,8905.794443282892,17921.811746167805,7.042319432279954,7.042319432279958,0.0,50000,4829.366834802268,5786.122423929207,1,0.0009668105652283059,0.0009322722781781663,0,1
137,1,1.8259053193461965,1.7996189600334396,0,0.8779636329074024,1.5986449403775616,0.011800595175671823,2375.8346812580057,23.758346812580058,0.0,118.34723099827816,29.259451791187765,36694.45413935419,102419.29932100356,7800.004447678992,8908.838512057235,18213.283268710344,7.003954581591967,7.003954581591955,0.0,50000,4841.246008208558,5789.686175951094,1,0.00104356129368046,0.0009269565698323008,0,1
138,1,1.867397616727757,1.8842272596274587,0,0.8385400391205415,1.6112975508400575,0.019808576481049035,1863.62197065884,18.6362197065884,0.0,116.15223029242904,29.393849968044364,36787.338771487885,102556.87428383231,7743.57402457284,8974.339761705296,18608.10019228422,7.06934713624861,7.069347136248612,0.0,50000,4874.845552422708,5789.686175951094,1,0.0008012089149999672,0.000937193591302911,0,1
139,1,1.89403597267469,1.8813273696447286,0,0.8398325700743771,1.6008867625670165,0.013219469979124291,2465.7073207941285,24.657073207941284,0.0,118.42221048122691,29.62835114518171,36940.07903474431,102783.55385437218,7664.365206439834,9067.838992831717,17620.03098188615,7.458374507147807,7.458374507147802,0.0,50000,4933.470846707045,5789.686175951094,1,0.0011195019229325715,0.0009880907105376663,0,1
140,1,1.8773265259208591,1.894719049471803,0,0.8338967196431903,1.5659119454322517,0.008916490232752164,2363.788123727241,23.63788123727241,0.0,120.02118687330386,29.675626907656255,37028.66836165139,102903.88052037366,7614.048570887398,9128.262539584251,17671.13304622013,7.525603926959702,7.525603926959695,0.0,50000,4945.289787325682,5793.231858136684,1,0.0010701240797834895,0.0009969449725720093,0,1
141,1,1.9875286993021781,1.9797904503603796,0,0.7980642596353539,1.607099521393157,0.017151595818453706,1768.3086268957375,17.683086268957375,0.0,116.99498912354836,29.867077280157574,37219.240269305104,103162.2154057056,7496.9190528277995,9271.57377342991,17450.65780856803,7.545392699015606,7.545392699015598,0.0,50000,4993.152380451012,5793.231858136684,1,0.0008106553443630177,0.001000093782359693,0,1
142,1,2.0286468730516876,2.0474193386941613,0,0.7717031729356039,1.5916114688663405,0.00734903092806358,1732.8646801475595,17.328646801475596,0.0,115.56508912205088,30.005909764270285,37380.8783046364,103389.0520774732,7385.027699891508,9412.858378971081,17464.52038097253,6.749610336396547,6.749610336396553,0.0,50000,5027.86050147919,5793.231858136684,1,0.000793776017822054,0.000891518480656187,0,1
143,1,1.9334953273326905,1.9188721163070093,0,0.823400364502044,1.5539947145397448,0.016459041430541308,2302.4122566951005,23.024122566951004,0.0,118.05157157505991,30.005909764270285,37342.077669816295,103329.15733508514,7474.880287437319,9300.318703086332,17708.124339058493,6.678502429867383,6.678502429867391,0.0,50000,5027.86050147919,5873.258298961215,1,0.001040160871975226,0.0008815307447200992,0,1
144,1,1.946897994490103,1.9181789814229373,0,0.8236979006140134,1.57902824321826,0.0006150359378101243,2933.539033176342,29.33539033176342,0.0,121.91473954275267,30.005909764270285,37301.00245827995,103276.26376531557,7509.059172554306,9258.46152932474,18082.332790955264,7.866792883991767,7.866792883991776,0.0,50000,5027.86050147919,5950.1533710370795,1,0.0012978586632997667,0.0010439318510323489,0,1
145,1,1.917523033401025,1.9181834642508833,0,0.8236959756177673,1.573906656020397,0.003856546822533639,2200.683624954068,22.00683624954068,0.0,119.72004128440744,30.005909764270285,37261.82929795752,103232.99470409755,7554.305057183064,9203.566102905308,18498.918139414276,8.241208815715238,8.241208815715225,0.0,50000,5027.86050147919,6018.87999768106,1,0.0009517026275240321,0.0010965740542663415,0,1
146,2,2.0002723959367135,1.9712084664638991,0,0.8015387651181927,2.0291866520066777,0.28429534937131495,4212.274910433017,42.12274910433017,0.0,130.14172428120992,39.89490505278651,35575.231794032734,103499.20937029265,9389.688527453172,9255.893118227756,17663.971234268134,10.38500956880993,10.38500956880993,0.0,50000,5138.976068643324,6018.87999768106,1,0.0019077363089274949,0.0013857658665837646,0,1
147,2,1.9736325127366774,1.9682502926947236,0,0.8027434345440022,1.8490963103929114,0.17031412050184264,2449.888312205541,24.49888312205541,0.0,126.90143120119431,41.17139169616266,36071.39328506939,104183.73380454596,9024.241149180118,9632.02167171787,17703.971234268134,9.913410148206482,9.913410148206486,0.0,50000,5458.09772948736,6018.87999768106,1,0.0011070457717253818,0.001322161569392303,0,1
148,2,1.9861705455796568,2.0042720331321076,0,0.7883161436578592,1.7641550528376304,0.11655383090989262,2488.2470115900246,24.882470115900247,0.0,123.86326431132568,42.060175860123024,36546.90591508997,104762.30406435595,8787.235966267664,9893.09257436646,16829.28937962874,10.482798042519144,10.482798042519144,0.0,50000,5680.293770477452,6018.87999768106,1,0.001182817387216342,0.001399199822623073,0,1
149,2,1.9432222660927574,1.9427632195625228,0,0.8132746101482141,1.6130084018661865,0.020891393586193973,2434.7161680491176,24.347161680491176,0.0,124.45698855561433,42.51670886863629,36905.2445403363,105247.78379885847,8495.355186926627,10234.517897428743,17009.815944663012,8.625442455479615,8.625442455479604,0.0,50000,5794.427022605769,6018.87999768106,1,0.0011450876016388795,0.0011449835868602013,0,1
150,2,1.9617307713097982,1.9571837637908842,0,0.8072823968964907,1.5916977118695403,0.00740361510730397,2842.390223292937,28.423902232929372,0.0,126.5076674453484,42.665077408985645,37025.19308656148,105427.38580837485,8399.437313149578,10352.113040069353,17372.98219680708,9.11529431758966,9.11529431758967,0.0,50000,5831.5191576931065,6018.87999768106,1,0.00130887843714723,0.0012122611420008172,0,1
151,2,1.990976238847887,1.9921719352591354,0,0.7931042356514668,1.6010762299552084,0.013339386047600191,2796.885125634759,27.96885125634759,0.0,127.97204026973414,42.83567236941826,37137.10705142901,105604.06860612868,8362.335287250085,10398.762124311794,17319.68510583631,9.384601699317118,9.384601699317125,0.0,50000,5874.1678978012615,6018.87999768106,1,0.001291887287115758,0.0012486177753006226,0,1
152,2,1.9306311033739054,1.9350605433615207,0,0.8165119202189294,1.5695289444138367,0.00662725037098946,1927.5371014978791,19.27537101497879,0.0,123.55947754446076,42.87422311144822,37143.673893454616,105632.13590130389,8408.013140582983,10342.44812404424,17316.265705742546,8.755880253130057,8.75588025313006,0.0,50000,5883.805583308751,6027.59382540317,1,0.0008905093669744998,0.0011637583637458292,0,1
153,2,1.8724907384921798,1.8432890855070465,0,0.8571634327045224,1.580149203852746,9.44328181936529e-05,3272.790957206324,32.72790957206324,0.0,127.6064340207546,42.87422311144822,37095.69137783862,105572.98295946393,8566.62455377084,10151.525626797995,17610.873880084466,9.19264349634413,9.192643496344129,0.0,50000,5883.805583308751,6113.001296039262,1,0.001486713710854479,0.001223036788314912,0,1
154,2,1.8023698805702582,1.7858982127123488,0,0.8847088757652997,1.5416824900534924,0.024251588573739002,1159.729308248413,11.59729308248413,0.0,119.67454552117556,42.87422311144822,37061.10698151547,105536.73815793524,8624.887032268476,10083.293227091346,17738.400029109423,7.303551076818009,7.303551076818013,0.0,50000,5883.805583308751,6170.024239865457,1,0.0005230367141772656,0.0009667532640020814,0,1
155,2,1.7780886037016086,1.7614985404299512,0,0.8969635590015019,1.5499273041706068,0.01903335179075526,1304.2129236392109,13.042129236392109,0.0,114.88629076164499,42.87422311144822,37011.811013447,105480.52438566391,8706.92320905036,9988.649719027952,17605.962522423204,6.5706205113451075,6.570620511345098,0.0,50000,5883.805583308751,6244.42739145921,1,0.0005926232874700929,0.0008674579041672791,0,1
156,2,1.8306960011943636,1.8392786653866426,0,0.859032418379007,1.575703343726048,0.002719402705033005,1268.560882923963,12.68560882923963,0.0,115.11015661960971,42.8995943291067,37088.539858118966,105578.20212315115,8652.160943941668,10052.321399730377,17743.22757829368,4.343347429318326,4.343347429318321,0.0,50000,5890.14838772337,6246.330232783596,1,0.0005719639799811247,0.0005625413272094944,0,1
157,2,1.766920504215384,1.7286754038558299,0,0.9139946090953758,1.5564670815140556,0.014894252206294,1410.7619990223488,14.107619990223489,0.0,115.90933343364185,42.8995943291067,37042.88250504505,105522.61682077363,8753.189328280114,9936.727788918388,17487.723261854277,4.64615894610828,4.646158946108284,0.0,50000,5890.14838772337,6314.528319368257,1,0.0006453725178049331,0.000603319928418717,0,1
158,2,1.715956092753877,1.7521794955880883,0,0.9017340997188766,1.546845041929918,0.020984150677267128,2363.0379254803133,23.630379254803135,0.0,120.07318123594877,42.8995943291067,37047.31474757223,105518.36340830864,8854.880248522662,9822.952720655803,17366.27453654219,5.863391641945875,5.86339164194587,0.0,50000,5890.14838772337,6334.216731711474,1,0.001088564122608104,0.0007686335401313873,0,1
159,2,1.7367272986789117,1.7278611097062488,0,0.9144253500031687,1.5794136917636215,0.00037108116226494854,4696.137324813015,46.96137324813015,0.0,131.02405875937427,42.99351707560296,37013.848848146845,105496.77608591289,8894.151002106504,9780.030985221163,17467.67063888979,9.72659251458394,9.726592514583936,0.0,50000,5913.629074347436,6405.73324941262,1,0.0021507789661925946,0.0012949052022018773,0,1
160,2,1.6318144621201194,1.7278611097062488,1,0.9144253500031687,1.5058713625575484,0.0469168591407922,2360.998083332387,23.60998083332387,0.0,124.99371377667806,42.99351707560296,37019.34296227006,105482.34823870141,8959.603971309438,9708.93776107178,17727.49334206846,10.732383308026568,10.73238330802658,0.0,50000,5913.629074347436,6448.440223758947,1,0.00106546279850162,0.0014349352957674394,0,1
161,2,1.6027845991281626,1.6194934776840995,0,0.9756136852489362,1.5276317762063152,0.03314444543904107,2844.2612163982385,28.442612163982385,0.0,121.9953574607644,42.99351707560296,36981.3705394318,105414.212817029,9105.683384037944,9553.643305795025,17683.186380220497,11.209125863914515,11.209125863914515,0.0,50000,5913.629074347436,6545.0866453329345,1,0.001286764118294736,0.0015010019609963167,0,1
162,2,1.5989598859819496,1.6179626968044514,0,0.9765367292586972,1.5726394151841179,0.004658597984735569,3905.7223309672804,39.05722330967281,0.0,127.61945688000395,43.071631522222305,37003.74469818609,105452.89249026436,9250.118075563914,9404.932625125404,17972.816502279347,10.213282498828608,10.21328249882861,0.0,50000,5933.157686002272,6550.945228829385,1,0.0017385020674848374,0.001363576328093731,0,1
163,2,1.6695850240006782,1.6678251673700994,0,0.9473415025217625,1.5893503180498412,0.005917922816355126,2710.9806193878303,27.109806193878303,0.0,124.68597707743947,43.25244397048303,37188.52579075693,105673.89923299306,9100.628077818976,9560.052415864026,17951.470285296735,10.55480133779505,10.554801337795054,0.0,50000,5978.360798067453,6550.945228829385,1,0.0012081375291508134,0.0014111345716434623,0,1
164,2,1.706688715415391,1.7097175857993305,0,0.9241292322914929,1.5970363638585856,0.010782508771256668,2022.802957290128,20.22802957290128,0.0,117.87447524371166,43.36843657748329,37306.50690784367,105830.26139026036,9023.205936101771,9642.738322380294,18308.345763430014,9.555934390567627,9.555934390567625,0.0,50000,6007.358949817518,6550.945228829385,1,0.0008838823489255151,0.0012768406485203887,0,1
165,2,1.7532539036762385,1.778864032963439,0,0.8882072888774146,1.5769842498324016,0.0019087026377205534,1464.2430131336475,14.642430131336475,0.0,112.87257966191572,43.491255602204134,37542.445341540464,106108.04007903837,8846.908723015526,9835.784508147623,18570.97101758752,6.847290051118018,6.847290051118011,0.0,50000,6038.063705997731,6550.945228829385,1,0.0006307663769425716,0.0009075954183396334,0,1
166,2,1.8757912581024168,1.851630483623183,0,0.8533020027345471,1.6092061083961051,0.018484878731712055,1548.4230701665451,15.484230701665451,0.0,111.95022585445491,43.68181066033525,37746.19771446269,106377.67734580673,8640.395995538709,10071.785826819116,18591.613224513723,5.526734470132716,5.526734470132712,0.0,50000,6085.702470530509,6550.945228829385,1,0.0006662888481887704,0.0007269791913522857,0,1
167,2,1.7876231411598846,1.756645640833026,0,0.8994415056019732,1.5607547529092736,0.012180536133371203,1166.3003811355886,11.663003811355887,0.0,110.17643172414434,43.68181066033525,37694.043709234546,106318.25574023458,8716.791340525113,9983.847806927412,18537.0969209846,4.59789403358696,4.597894033586967,0.0,50000,6085.702470530509,6623.73079230575,1,0.0005033368001934752,0.0006001306751082725,0,1
168,2,1.8371899352961418,1.8454139651326624,0,0.8561764622207233,1.5910605415258903,0.007000342737905189,1597.4457677116472,15.974457677116472,0.0,111.42301116256452,43.75418720964011,37792.00775111264,106442.31716930697,8681.66106633684,10024.67217082127,18514.6608416092,4.745334464203949,4.745334464203946,0.0,50000,6103.796607856723,6623.73079230575,1,0.0006902403587633012,0.0006199553357151824,0,1
169,2,1.7969341271387433,1.7975281097246283,0,0.8789848634089219,1.5784924799053421,0.0009541266421885649,2385.365371234153,23.85365371234153,0.0,115.41419721485846,43.80189451706479,37804.625660292666,106468.02143890898,8743.730703794881,9953.742764173376,18837.570348858888,5.593026248814449,5.593026248814443,0.0,50000,6115.723434712894,6627.308840362601,1,0.001013024642587689,0.0007355339338481552,0,1
170,2,1.8539387667108245,1.874938189321511,0,0.8426944466749376,1.5820717131503057,0.0013112108546238176,1911.660230190331,19.11660230190331,0.0,115.27997153468986,43.92153990952059,37978.07559071694,106686.2382615343,8618.302441773509,10099.292508192697,18852.72146930597,6.341714532125589,6.341714532125585,0.0,50000,6145.6347828268445,6627.308840362601,1,0.0008111975698798485,0.0008381541904102797,0,1
171,2,1.9890227192106964,1.99437918802306,0,0.7922264780381029,1.5872332883423945,0.004578030596452184,2893.839291198645,28.938392911986448,0.0,118.82516302341996,44.36355507374966,38302.74390259815,107162.71295650191,8334.70905953404,10444.542588151835,18670.51384587074,7.688477597449658,7.688477597449651,0.0,50000,6256.138573884113,6627.308840362601,1,0.00123996128444581,0.0010213944989711158,0,1
172,2,2.0346876040600317,2.015731250748429,0,0.7838346502855257,1.6115644403891507,0.019977493917183942,2332.348557894556,23.32348557894556,0.0,119.17523201192498,44.47118897356427,38357.89933371243,107255.87033835807,8303.676037812204,10483.841836437527,18509.547740799415,7.679114506124109,7.67911450612411,0.0,50000,6283.047048837764,6627.308840362601,1,0.0010080629048557505,0.001019740586393803,0,1
173,2,2.0241750587531113,2.013748629096681,0,0.7846063690227066,1.604753690434974,0.01566689268036322,2871.962560647445,28.71962560647445,0.0,120.90493616296821,44.528628224777215,38371.82319492584,107297.30407438136,8307.757302469823,10479.087990927326,18982.722081222833,8.647848578500419,8.64784857850041,0.0,50000,6297.406861641001,6631.616784203572,1,0.0012103480410697509,0.0011527907434571037,0,1
174,2,2.0168453868335123,2.006157813431883,0,0.7875751296440304,1.6100106454968044,0.018994079428357166,3241.145213128505,32.41145213128505,0.0,123.95388211427104,44.668313712237094,38443.305517095716,107410.20653924796,8336.682982453582,10443.285366890654,19328.5081529075,8.896520742959414,8.89652074295942,0.0,50000,6332.32823350597,6631.616784203572,1,0.0013414983453406174,0.0011866364304220396,0,1
175,2,1.6436140570021007,1.6688805034629153,0,0.9467424400497886,1.3552234424146834,0.14226364404133965,1894.7696481385424,18.947696481385425,0.0,118.2334426936691,44.668313712237094,38399.58356785825,107274.61824460431,8473.021979438508,10276.075217441212,18984.790133979666,8.3796706589725,8.379670658972513,0.0,50000,6332.32823350597,6793.664359952395,1,0.0007984369107129459,0.0011167610990411047,0,1
176,2,1.6633952727828916,1.6619659070617336,0,0.950681354705618,1.4276994143195743,0.09639277574710495,3654.850383236537,36.54850383236537,0.0,123.35425477632494,44.668313712237094,38370.70224205494,107102.11407791685,8645.12124684708,10072.325918473422,18790.17533103865,9.23322573836372,9.233225738363723,0.0,50000,6332.32823350597,6993.832145040997,1,0.0015560686662457071,0.0012320013074330902,0,1
177,2,1.5982753483307852,1.5867847215845288,0,0.9957242331034335,1.4302362025437807,0.09478721357988568,4331.637253974052,43.31637253974053,0.0,130.10612565086427,44.668313712237094,38341.888014048716,106893.06221625018,8827.92703895467,9865.124472537695,18897.01776890506,10.442813778370505,10.442813778370512,0.0,50000,6332.32823350597,7233.068868043685,1,0.0018337866035567742,0.0013960973935051423,0,1
178,2,1.643895531627165,1.6209239115268552,0,0.9747527251366745,1.5080029221967708,0.04556777076153752,3198.6287868457603,31.9862878684576,0.0,126.95647727018641,44.668313712237094,38311.191485592506,106812.13701354584,8938.427337750041,9743.907351914318,18717.42663363535,11.822886585477848,11.822886585477852,0.0,50000,6332.32823350597,7347.079028758775,1,0.0013671233121748912,0.001585659527325791,0,1
179,2,1.691232844014682,1.6871554320982627,0,0.9364875161709335,1.576445675324572,0.0022495725793849086,3027.0010726560977,30.270010726560976,0.0,123.59780614139586,44.668313712237094,38268.02649560595,106769.2505212824,9010.485740948532,9666.574411123063,19095.033631018174,11.111050424549159,11.111050424549171,0.0,50000,6332.32823350597,7421.178871479576,1,0.001268183604657917,0.0014896978401298608,0,1
180,2,1.7038202095305999,1.667730964623709,0,0.9473950136534739,1.60135898872212,0.013518347292480975,2252.8296720554636,22.528296720554636,0.0,119.54376710457167,44.713370305678204,38251.50707240106,106768.76815418302,9047.981045290471,9626.906314565817,18865.268686249197,8.968516821434049,8.968516821434061,0.0,50000,6343.592381866248,7457.633294712547,1,0.0009553342534464044,0.001196880390093071,0,1
181,2,1.7305186936351513,1.7133512531975208,0,0.9221693432980216,1.6166536348978806,0.02319850309992439,1811.250888259257,18.11250888259257,0.0,115.53925806620498,44.835718358623936,38332.94430083351,106882.05145622799,9020.8931613618,9656.257785860349,18845.66684215071,7.505269772232224,7.505269772232218,0.0,50000,6374.179395102681,7457.633294712547,1,0.0007688773884968258,0.0009974650822003825,0,1
182,2,1.7839122150063242,1.7843145271860439,0,0.8854941076401713,1.5922027974956894,0.00772328955423374,1934.5976482022118,19.345976482022117,0.0,115.37164024202222,45.06623987752847,38618.09098839297,107217.90020685876,8817.886617169714,9879.60558268799,18913.405506286534,6.409420539813727,6.409420539813738,0.0,50000,6431.809774828814,7457.633294712547,1,0.0008182969048315199,0.0008475028489249168,0,1
183,2,1.7233565770545847,1.741618365918823,0,0.9072021924656507,1.5545004983046133,0.016138925123662485,1682.8355541680542,16.82835554168054,0.0,114.49830884524987,45.06623987752847,38616.25045194656,107217.78658275184,8864.686145964908,9827.603908673475,19107.177230281493,5.795344631661691,5.79534463166169,0.0,50000,6431.809774828814,7474.551279067919,1,0.0007045878243076356,0.0007639207058786603,0,1
184,2,1.77802126429293,1.7841641206946566,0,0.8855687555160755,1.5879822911454584,0.005052083003454647,973.9064108299876,9.739064108299877,0.0,109.96379599107885,45.085718005745065,38670.44854333114,107290.10745577168,8820.945835401231,9876.576932861351,18991.668422354443,4.915289749182642,4.9152897491826355,0.0,50000,6436.679306882964,7476.012138684164,1,0.0004102457516301773,0.0006443768269231109,0,1
185,2,1.6618129293931903,1.63706554069097,0,0.9651415662522077,1.5151239394146814,0.041060797838809296,2718.208518768193,27.182085187681928,0.0,115.40408128271214,45.085718005745065,38647.96772737595,107225.6841242242,8912.593922002776,9775.480030852885,19209.672275319797,5.686612963115868,5.686612963115876,0.0,50000,6436.679306882964,7556.804240577456,1,0.001132016613218537,0.0007489500630521168,0,1
186,2,1.7665711769955363,1.63706554069097,1,0.9651415662522077,1.636296048909991,0.03563041070252585,1376.3789574464856,13.763789574464857,0.0,112.96241107176567,45.14775285033011,38609.00742738922,107202.19087152542,8983.439019499629,9698.6633028398,19238.139374322276,5.359887719101385,5.3598877191013905,0.0,50000,6452.188018029224,7610.807824547012,1,0.0005723542929660152,0.0007048722192715765,0,1
187,2,1.7166451353126513,1.7062182078727108,0,0.9260245803905247,1.5956572594013816,0.009909657848975644,1692.551332010768,16.92551332010768,0.0,111.07922497552377,45.18160387697032,38616.26303105261,107225.81651061794,8999.342461032535,9681.701609617425,19691.767898679118,6.026398640798124,6.02639864079813,0.0,50000,6460.650774689278,7613.346651545028,1,0.0006876178271933831,0.000797329577792645,0,1
188,2,1.7941033223446767,1.7747999879877174,0,0.8902411599582085,1.599441751928846,0.01230490628407968,2757.195699955368,27.57195699955368,0.0,115.9505378636909,45.45457447392992,38861.36428507608,107510.11455906823,8813.688628469223,9886.366934825135,19813.683387532354,5.988437940804303,5.9884379408043,0.0,50000,6528.8934239291775,7613.346651545028,1,0.001113249120227819,0.0007910737467957391,0,1
189,2,1.9124368579078437,1.9311900307643923,0,0.8181483825155279,1.6057443618966951,0.016293899934617117,2969.782373393918,29.69782373393918,0.0,119.9084805084533,45.96743587686214,39240.662757699996,108005.25075660678,8553.989431113148,10187.776496933688,18540.919581001264,7.736227085069003,7.736227085069001,0.0,50000,6657.108774662233,7613.346651545028,1,0.0012813959352639796,0.0010274209608950606,0,1
190,2,1.9539676183284327,1.9787839857603469,0,0.7984701773260439,1.5805452250037404,0.0003450791162913442,2795.2292158912855,27.952292158912854,0.0,120.80112977981673,46.11881416069025,39389.59111297462,108226.61844508264,8396.23391033056,10379.942893856898,18549.292695964392,8.998143738743691,8.998143738743691,0.0,50000,6694.953345619261,7613.346651545028,1,0.001205535655383526,0.0012000602369584416,0,1
191,2,1.9941905680379945,2.0052022658066937,0,0.7879504361942088,1.5884870096099784,0.005371525069606506,2871.2195411099574,28.712195411099575,0.0,121.34322433150678,46.31939229055657,39541.2623641278,108468.32187371147,8332.318133765952,10460.413041922071,18812.944994967504,9.257948133034866,9.257948133034864,0.0,50000,6745.097878085841,7613.346651545028,1,0.0012209548443916736,0.0012359621450130597,0,1
192,2,2.0189724593162555,2.0192322532970226,0,0.7824756153831043,1.6029110029423914,0.014500634773665408,4356.158721319955,43.561587213199545,0.0,128.22750999390564,46.51320411107185,39627.16091186024,108617.75838849311,8318.897249041333,10478.201476479506,18262.873265379723,10.804028459821508,10.804028459821502,0.0,50000,6793.550833214661,7613.346651545028,1,0.0019082030118788675,0.0014448978372180222,0,1
193,2,2.0252027380903956,1.9812106054761605,0,0.7974921977667618,1.634655905338493,0.03459234515094491,2229.0226200186135,22.290226200186137,0.0,121.55652488489146,46.640485081481835,39661.27373947159,108687.40364392611,8388.044429899697,10392.089546906269,18241.560023386224,10.236233853315035,10.23623385331504,0.0,50000,6825.371075817157,7613.346651545028,1,0.0009775578918298394,0.0013689052493667936,0,1
194,2,2.0041634887105753,1.985923632183996,0,0.7955995761339593,1.6166833908773524,0.02321733599832423,2906.788231165165,29.06788231165165,0.0,120.68482440743867,46.78714417877358,39716.00433014272,108792.47730156827,8385.643667400394,10395.480625566654,17894.32611217961,10.430387604790557,10.430387604790564,0.0,50000,6862.035850140094,7613.346651545028,1,0.001299535154525517,0.0013950986860780748,0,1
195,2,2.0028602952417125,2.0182257970903703,0,0.7828658231788781,1.5848240756499534,0.003053212436679337,2828.2837536959455,28.282837536959455,0.0,122.47904408333554,46.961168485418966,39893.26413535583,109039.37042983402,8305.659869085783,10496.481365448824,18234.066735254022,8.805570720910467,8.805570720910477,0.0,50000,6905.541926801441,7613.346651545028,1,0.0012408789743991442,0.0011726573402515,0,1
196,2,1.7199465171892223,1.7169699973090866,0,0.9202257479607959,1.410589976447491,0.10722153389399311,1558.873878422918,15.58873878422918,0.0,115.73301538907668,46.961168485418966,39853.34170627749,108946.5415653044,8455.971870814914,10310.451379561136,17977.187742681566,8.104685572298363,8.10468557229836,0.0,50000,6905.541926801441,7730.541871663808,1,0.0006937120091244656,0.0010780420460163756,0,1
197,2,1.6801213122396614,1.6978030275272669,0,0.9306144319351116,1.4392465069930758,0.08908448924488879,2835.462949777424,28.35462949777424,0.0,118.85692823725564,46.961168485418966,39816.019944216765,108811.31905601078,8642.35363021722,10088.753004776001,18132.638591717077,7.990826658378125,7.990826658378122,0.0,50000,6905.541926801441,7888.908567316997,1,0.0012509874656952149,0.0010618594830729415,0,1
198,2,1.6146060930611497,1.617657042334472,0,0.9767212447700729,1.4431554184380582,0.0866104946594569,2636.1853124933727,26.361853124933727,0.0,121.1440728947546,46.961168485418966,39755.970057311875,108658.06231177533,8828.332077764944,9877.161241409487,18270.730331494902,7.782855823811034,7.782855823811046,0.0,50000,6905.541926801441,8063.935976874234,1,0.0011542769291270827,0.001032992134648921,0,1
199,2,1.5841340321070172,1.566537577977167,0,1.0085937434327088,1.4470187187085486,0.08416536790598195,1620.5301812199405,16.205301812199405,0.0,115.65230969817236,46.961168485418966,39718.990174403974,108580.93587472993,8924.948594077716,9770.650938988894,17879.6363442999,7.853277457291771,7.853277457291781,0.0,50000,6905.541926801441,8162.13651668588,1,0.0007250841795723982,0.001043449524798232,0,1
200,2,1.522565853565461,1.5260881898148024,0,1.035326798637856,1.4455222614525092,0.08511249275157652,1617.5130298934612,16.17513029893461,0.0,113.17916421178055,46.961168485418966,39626.10211728954,108435.4158349972,9099.255128615781,9584.228151415396,18080.07962484005,6.543160129116264,6.543160129116267,0.0,50000,6905.541926801441,8324.722329554903,1,0.0007157105780313822,0.0008650238955769544,0,1
201,2,1.4325593631739006,1.4182375733454833,0,1.114058765396361,1.402533439703282,0.11232060778273292,1417.7852956917345,14.177852956917345,0.0,112.4389140965959,46.961168485418966,39578.71901383938,108336.2252504895,9240.421908656755,9438.244073327747,17576.18289046343,5.309714305391423,5.309714305391421,0.0,50000,6905.541926801441,8436.957043522154,1,0.0006453211391927439,0.0006953719655988415,0,1
202,2,1.485395165646911,1.4840939367063222,0,1.0646226366954399,1.503150175080656,0.04863912969578741,2140.9472328302318,21.409472328302318,0.0,115.26768160700173,46.961168485418966,39514.77025198988,108232.43029804809,9394.690019450018,9283.721193654888,17458.11294397789,5.940099067234391,5.9400990672343985,0.0,50000,6905.541926801441,8554.760471068044,1,0.0009810669639727556,0.0007806995603989606,0,1
203,2,1.4873631201002153,1.4893827540263096,0,1.0608421480164996,1.5498976643100457,0.01905211119617364,1688.4064949482313,16.884064949482312,0.0,115.13331325860003,46.961168485418966,39448.47046049498,108158.18418489881,9533.55397139385,9148.898606056342,17344.286015790887,6.094848412634443,6.094848412634438,0.0,50000,6905.541926801441,8642.88732767762,1,0.0007787724410960672,0.0008017201814205223,0,1
204,2,1.4273902337902904,1.4446216971455383,0,1.0937119407260454,1.50938062401094,0.04469580758801272,1791.6887482848394,17.916887482848395,0.0,114.70458484749449,46.961168485418966,39413.81972232717,108102.2078068339,9603.94629640068,9082.254622363165,17558.591354875232,6.507108401595075,6.507108401595074,0.0,50000,6905.541926801441,8713.65091899543,1,0.0008163245955546966,0.0008587213335411732,0,1
205,2,1.5081616987052484,1.529240594963911,0,1.033192556621404,1.561840897426857,0.011493102894394383,2392.8573474106106,23.928573474106106,0.0,117.55223571125207,47.07834436905587,39630.31256226578,108321.82195545372,9504.622186801813,9177.956068646177,17736.282342354174,6.749625790173197,6.7496257901732,0.0,50000,6934.835897710667,8713.65091899543,1,0.0010793050318990364,0.0008914673561832668,0,1
206,2,1.5054135279048684,1.509550104992429,0,1.0466694644812233,1.5727023083584013,0.0046187921782270686,2367.8390619803245,23.678390619803245,0.0,119.40856762431756,47.12570115029548,39643.52189988698,108346.05606961466,9546.458955134138,9138.009385672265,17272.530603277966,7.533657339802419,7.533657339802426,0.0,50000,6946.675093020569,8717.2026775884,1,0.001096695842139522,0.0009974418231977515,0,1
207,2,2.079228317430873,2.0750747872116557,0,0.7614183400700929,1.9430288582210966,0.2297651001399345,2382.9860364239275,23.829860364239277,0.0,120.14895862539379,48.55549277214983,40099.48274963188,109116.15862919681,9029.790963695463,9662.747412504266,17312.530603277966,8.227737890707484,8.227737890707477,0.0,50000,7304.122998484158,8717.2026775884,1,0.001101161276086458,0.0010923873833750056,0,1
208,2,2.18325379056034,2.200863505207634,0,0.7179000407164913,1.9124165632623715,0.21039022991289333,4304.729257662476,43.04729257662476,0.0,128.2594266442125,51.13833032674732,40838.26499458159,110269.67513171824,8743.095949413757,9981.296825952835,16948.613726954238,10.568616666556032,10.568616666556037,0.0,50000,7949.83238713353,8717.2026775884,1,0.002031896803838982,0.001409917974021654,0,1
209,2,2.2455767583947916,2.279358639865293,0,0.6931774457807026,1.821642113435985,0.15293804647847148,3816.3970642418767,38.16397064241877,0.0,131.7552051896356,53.090934262543925,41444.55362505213,111279.34856137713,8414.504793935686,10372.73801439678,16332.90455468738,12.466856566259967,12.46685656625997,0.0,50000,8437.98337108268,8717.2026775884,1,0.0018693047774636553,0.0016674542857963652,0,1
210,2,2.2474948336058396,2.2254125816849926,0,0.7099807078486489,1.6704798823467353,0.057265748320718485,2477.8655977617677,24.778655977617678,0.0,124.2353715051243,53.92715814636057,41928.24741629051,112061.29506610012,8055.207173094303,10837.626179443183,16386.550556864942,12.713270589711184,12.71327058971118,0.0,50000,8647.039342036842,8717.2026775884,1,0.0012097069919202474,0.001703636191074295,0,1
211,2,2.2960938295109896,2.2943864951445545,0,0.6886372471872724,1.6304387157886984,0.03192323784094829,2386.083596598513,23.860835965985128,0.0,120.50722241129313,54.29464861864487,42129.44076301482,112430.73149265205,7873.820936971529,11088.446007189745,16583.075300369193,10.558497076983336,10.558497076983342,0.0,50000,8738.911960107916,8717.2026775884,1,0.0011510934146432494,0.001410035061342384,0,1
212,2,2.3149423137525282,2.29900658923087,0,0.6872533586467828,1.599425047019717,0.012294333556782933,2666.4687263503724,26.664687263503726,0.0,122.16080113431812,54.49456741944117,42253.28148254816,112664.39344359409,7767.062212787227,11241.727771759623,16619.012289925537,9.136279611225758,9.136279611225765,0.0,50000,8788.89166030699,8717.2026775884,1,0.0012835750668368127,0.0012147918244667698,0,1
213,2,2.2252041874785493,2.238268205988734,0,0.7059028921433702,1.5653779936099501,0.00925443442408225,3870.9603995142506,38.70960399514251,0.0,127.82727287466514,54.49456741944117,42224.06369163917,112612.12352005385,7837.6235028293795,11141.278789895832,17012.157829425898,10.628077867912374,10.628077867912374,0.0,50000,8788.89166030699,8804.659696196779,1,0.0018203265868218825,0.0014183316894339814,0,1
214,2,2.24220506424917,2.257600044339647,0,0.6998582428102996,1.5776561926107315,0.0014834223982712262,5052.60022657191,50.5260022657191,0.0,135.83154427958036,54.59561942397261,42257.01776663463,112683.35270572238,7838.522567467541,11140.307425233617,16590.874750005092,13.780053909999625,13.780053909999618,0.0,50000,8814.15466143985,8812.238596536637,1,0.0024363273438950455,0.00184674299918458,0,1
215,2,2.247177120859851,2.22786247259582,0,0.7091999705704656,1.594566211801052,0.009219121393070814,2844.9823755098273,28.449823755098272,0.0,128.0982032718732,54.65251907148281,42212.293522221444,112656.5090161262,7871.934117455306,11093.69439459107,16662.948225764605,13.962136515660774,13.962136515660784,0.0,50000,8828.3795733174,8903.162588149466,1,0.001365896280520565,0.001874183403745831,0,1
216,2,2.268823180114572,2.318690190259015,0,0.6814191937489943,1.5492671101608413,0.019451196100733405,3414.96216088589,34.1496216088589,0.0,126.25839474946602,54.72081831470052,42401.34117909378,112964.06231144095,7722.63574632644,11309.408737804939,16657.141813213108,13.519698082140398,13.519698082140408,0.0,50000,8845.45438412183,8908.285031390795,1,0.0016401191508987486,0.0018141142584381196,0,1
217,2,2.353097581154233,2.3554131527509776,0,0.6707952692522997,1.6078630962878961,0.017634871068288652,2699.058110485288,26.990581104852883,0.0,124.64388526769744,54.88932728493981,42515.68812005769,113165.01312028617,7725.387635276865,11306.0564671321,16687.514640616107,10.73582803815941,10.73582803815941,0.0,50000,8887.581626681651,8908.285031390795,1,0.0012939293447166741,0.0014333149253786626,0,1
218,2,2.4176356977447915,2.427069943133041,0,0.6509907159743487,1.6281456610976879,0.030471937403599877,3600.804984703796,36.00804984703796,0.0,127.66794394859191,55.358151032165104,42783.39083112622,113596.0128127678,7669.874128445414,11389.006483386307,16904.26541015436,11.561807203972304,11.561807203972299,0.0,50000,9004.787563487973,8908.285031390795,1,0.0017040929717257276,0.0015460471557803834,0,1
219,3,2.331583864701971,2.3180287120606606,0,0.6816136451543026,2.0235350428632453,0.2807183815590159,3329.2527171051083,33.292527171051084,0.0,217.44168783835644,70.9545671202279,40626.27721535905,113591.88657610833,9844.833228336985,11343.541781907068,16709.00030632031,11.648893613422619,11.64889361342263,83.54500153160156,49916.4549984684,9021.433827073499,8966.325426809,1,0.0015939925338780644,0.0015306716167734888,1,1
220,3,2.2559537585164002,2.2871768301732525,0,0.6908079773964464,1.82771082490179,0.15677900310239865,2683.110846521304,26.831108465213042,0.0,213.95432180564222,72.27427652633594,41069.81349489095,114378.30848044969,9512.542774502186,11741.38508827804,16414.00417647166,11.683227466653422,11.68322746665343,83.54500153160156,49916.4549984684,9351.361178600508,8966.325426809,1,0.001307717881718275,0.0015352677957740223,1,1
221,3,2.1904486313760385,2.217015669597241,0,0.712669748647755,1.7017644156011709,0.07706608582352581,2179.8617426225665,21.798617426225665,0.0,209.9190247916135,72.85627189385174,41409.10819727836,114888.4712661729,9315.66560529316,11990.78250103304,16206.926609581054,10.151895080283717,10.151895080283714,83.54500153160156,49916.4549984684,9496.860020479458,8966.325426809,1,0.0010760148645747043,0.0013259084267236813,1,1
222,3,2.124610523339252,2.1377376924607585,0,0.739099097879149,1.5915264003562373,0.007295190098884303,2515.3921595430506,25.153921595430507,0.0,210.81888668161815,73.05916365352886,41627.97662082321,115201.13904756053,9147.717288786644,12211.758731704502,16005.202918930603,9.340589526538492,9.340589526538482,83.54500153160156,49916.4549984684,9547.582960398739,8966.325426809,1,0.001257287232050223,0.0012136733261144006,1,1
223,3,2.1560012155201234,2.1855532892163914,0,0.7229290668847034,1.5818956151566257,0.0011997564282440623,2790.4218029648546,27.904218029648547,0.0,213.0549964889964,73.2876617571311,41833.3533342742,115535.5741526359,9053.812188519818,12339.644851728684,15968.374994436632,9.566432994467833,9.566432994467824,83.54500153160156,49916.4549984684,9604.707486299301,8966.325426809,1,0.00139797408512114,0.0012437587272486892,1,1
224,3,2.1035136863987645,2.0655782378773675,0,0.7649189805677087,1.5785376448048836,0.000925541262731965,2825.906773696773,28.259067736967733,0.0,214.2995839057896,73.2876617571311,41779.227109260595,115468.27165261208,9156.556670864717,12201.763031017612,16006.931885127675,10.386492739552363,10.38649273955236,83.54500153160156,49916.4549984684,9604.707486299301,9063.962463031345,1,0.0014123415000334319,0.0013558676057349318,1,1
225,3,2.143755662844419,2.1634106984261856,0,0.7303282733830434,1.5747783149274603,0.003304863969961853,2419.878960940837,24.19878960940837,0.0,212.0905482600706,73.40827494883878,41953.342862785634,115734.47864745287,9059.7568527318,12333.104204531777,16276.586922999253,10.20820015486424,10.20820015486423,83.54500153160156,49916.4549984684,9634.860784226219,9063.962463031345,1,0.0011893790620300048,0.0013332315490615255,1,1
226,3,2.2489721209517586,2.1634106984261856,1,0.7303282733830434,1.6482199422391541,0.04317717863237599,1840.4873646661156,18.404873646661155,0.0,207.42290818021684,73.56473194306727,41977.88189487286,115813.05201993449,9049.273264336673,12347.601654861128,16533.78455369778,8.955726701424156,8.955726701424148,83.54500153160156,49916.4549984684,9673.975032783343,9063.962463031345,1,0.0008905340981980997,0.0011640848867538454,1,1
227,3,2.3537041301527726,2.326616158312952,0,0.6790978367251049,1.6088382611245557,0.018252064002883338,4803.615058115127,48.03615058115127,0.0,217.90188746182616,74.12775751339632,42220.02442794161,116257.17753677382,8739.866550624754,12786.282185264952,16022.116725195168,11.393855317076103,11.393855317076094,83.54500153160156,49916.4549984684,9814.731425365604,9063.962463031345,1,0.0023984921046350015,0.0014928017549543685,1,1
228,3,2.3640615789744217,2.344251667972218,0,0.6739890693419888,1.5933884695764415,0.008473714921798395,2345.756576070912,23.457565760709123,0.0,212.7331828642572,74.17467264491773,42300.228112069344,116409.31301973657,8678.899369417475,12876.616681228521,16196.505926834436,11.302084051896928,11.302084051896916,83.54500153160156,49916.4549984684,9826.460208245959,9067.48109789545,1,0.0011586482105054295,0.0014825581377795102,1,1
229,3,2.32582264842591,2.29082537940715,0,0.6897077421103538,1.616277451084196,0.02296041207860499,4879.5881301649,48.795881301649,0.0,219.08477206585758,74.27226440752104,42331.17467204827,116482.42365169813,8812.78082674486,12681.588318087024,15542.496176152727,15.281793679591914,15.281793679591903,83.54500153160156,49916.4549984684,9850.858148896783,9074.800480090698,1,0.00251161104361179,0.002022917119584074,1,1
230,3,2.3381067596569554,2.3258510267302848,0,0.6793212384806894,1.5940887362136251,0.00891692165419307,3796.8814700279895,37.96881470027989,0.0,221.36785636507145,74.44116592785355,42450.84254309359,116701.61686559136,8729.272021276214,12803.534368048564,15124.854584907887,14.352011524476524,14.352011524476522,83.54500153160156,49916.4549984684,9893.08352897991,9074.800480090698,1,0.00200828719309032,0.0018928488157358466,1,1
231,3,2.2772219070856536,2.2841074263560412,0,0.691736291283225,1.5723960101395973,0.004812651810381508,3204.321763535893,32.04321763535893,0.0,215.54836682420083,74.50525236312427,42470.63516308602,116766.72407106531,8785.025856580734,12722.910263009046,15529.0109533529,15.521886716377681,15.521886716377667,83.54500153160156,49916.4549984684,9909.105137797591,9079.606962736003,1,0.001650753817180632,0.0020568840179609137,1,1
232,3,2.407690291726278,2.403087548225605,0,0.6574874898613837,1.6428491966522876,0.039777972564738924,2832.8425376785653,28.328425376785653,0.0,212.5051453002752,74.87805165902623,42700.425282976095,117136.20687612859,8733.323791661614,12799.189938147581,15154.226750699978,13.054484592329235,13.054484592329246,83.54500153160156,49916.4549984684,10002.304961773081,9079.606962736003,1,0.0014954732217123336,0.0017181714106610953,1,1
233,3,2.2837445387331234,2.2569947294180706,0,0.700045941359986,1.5935557342022217,0.008579578609001057,4224.470086238557,42.24470086238557,0.0,217.69244653192723,74.962541060751,42666.226683002846,117117.16173730636,8831.88085256295,12657.078275257076,15573.233948571762,13.446660362898038,13.446660362898054,83.54500153160156,49916.4549984684,10023.427312204274,9168.414684575848,1,0.002170118345458228,0.0017721151281170644,1,1
234,3,2.443867476704034,2.442766161791406,0,0.6468077152506915,1.5988590176513509,0.01193608712110809,2594.975598971075,25.949755989710752,0.0,213.37941502371498,75.33862101646021,42998.5351598382,117679.19661596455,8552.407649450219,13072.41643650902,15022.491590399608,12.800711573988556,12.800711573988549,83.54500153160156,49916.4549984684,10117.447301131577,9168.414684575848,1,0.0013819148885418932,0.0016825021519041514,1,1
235,3,2.5563657972628895,2.5147896524598776,0,0.6282831641423768,1.6265488776137653,0.029461314945421042,2354.9642466955343,23.549642466955344,0.0,207.91227917513717,75.59635124937886,43170.85426695742,117998.4866077927,8434.458250830443,13256.017625794737,15313.744219797913,12.132440765590434,12.132440765590422,83.54500153160156,49916.4549984684,10181.879859361237,9168.414684575848,1,0.0012302487035932021,0.0015940939791977745,1,1
236,3,2.5558362756128887,2.566229615768943,0,0.6156892548863249,1.5959554185516496,0.010098366171930065,3133.8311044165257,31.33831104416526,0.0,210.69816498151033,75.81436975602345,43328.66114986176,118297.10764748254,8355.998283539724,13381.67926483261,15659.148838184377,10.743203598842696,10.74320359884271,83.54500153160156,49916.4549984684,10236.384486022389,9168.414684575848,1,0.0016010224498408344,0.00140439534732531,1,1
237,3,2.5940689494520828,2.608192919149788,0,0.605783409808138,1.5882987297189721,0.0052523605816278815,2572.5373284068905,25.725373284068905,0.0,209.5051551089516,75.97654855154606,43482.02518562085,118592.54468012159,8274.53949144887,13514.28768666234,16041.79320833437,10.487881089461052,10.487881089461045,83.54500153160156,49916.4549984684,10276.92918490304,9168.414684575848,1,0.0012829175865802095,0.0013713962466714153,1,1
238,3,2.5361539286044765,2.5351038207753684,0,0.6232486366245753,1.5750290158450369,0.0031461925031412786,1269.0778864831836,12.690778864831836,0.0,200.5465794588136,76.00193010927572,43467.09609271983,118596.6700646248,8333.5689434075,13418.93603387344,15926.993617415492,9.028303763643052,9.02830376364304,83.54500153160156,49916.4549984684,10283.274574335455,9205.736414003526,1,0.0006374475519826923,0.0011737958628012454,1,1
239,3,2.6163515523856904,2.6356833196044582,0,0.5994650374905865,1.5660197776289715,0.008848242006980115,1156.624191727476,11.56624191727476,0.0,196.18193768823528,76.08326323129273,43676.293699172194,118965.33894388295,8181.722985385614,13669.216659839023,15787.609702357991,6.5526067692397865,6.5526067692397865,83.54500153160156,49916.4549984684,10303.60785483971,9205.736414003526,1,0.0005860921132625802,0.000835485750608494,1,1
240,3,2.5543771383814473,2.5484890864348606,0,0.6199751878122806,1.5552869482897296,0.01564117196852563,2525.5747078170884,25.255747078170884,0.0,201.01686779998434,76.08326323129273,43612.39038192729,118845.14869568207,8252.154045975502,13553.199080479277,16008.316866713421,6.506797484960809,6.506797484960803,83.54500153160156,49916.4549984684,10303.60785483971,9349.302460200786,1,0.0012621312927999784,0.0008285569860150836,1,1
241,3,2.530500451832929,2.5727161673027266,0,0.614136926599445,1.5519441004145107,0.01775689847182872,3040.8521731980263,30.408521731980265,0.0,205.5731681985937,76.14408027475669,43714.827712630395,119030.08625571808,8282.372693708669,13504.705380870777,16467.816446313172,8.547587713885447,8.547587713885454,83.54500153160156,49916.4549984684,10318.812115705701,9353.863738460583,1,0.0014772339408137209,0.001108485782292093,1,1
242,3,2.4213203936362233,2.393338262825033,0,0.6601657711914948,1.5398715443737523,0.02539775672547328,2552.8178476412872,25.528178476412872,0.0,204.08827410684066,76.14408027475669,43665.52876749567,118943.12606011139,8434.277457332155,13262.202349047266,16801.79422129441,10.066858606178082,10.066858606178076,83.54500153160156,49916.4549984684,10318.812115705701,9477.269426387353,1,0.0012154977326913688,0.0013182876554350227,1,1
243,3,2.428363779582203,2.435443640435509,0,0.6487524382693014,1.5601072167597925,0.012590369139371898,3443.3780831846166,34.433780831846164,0.0,206.97722222696328,76.14408027475669,43613.31620749841,118851.95719637084,8477.455535282192,13195.468711217161,17146.381477726783,10.902255565412316,10.902255565412311,83.54500153160156,49916.4549984684,10318.812115705701,9608.288900998366,1,0.0016065794815810336,0.0014331037183620409,1,1
244,3,2.571897016373486,2.5457082236727913,0,0.620652431927361,1.6059711596799906,0.016437442835437042,3330.61372979712,33.3061372979712,0.0,208.92350987430885,76.41400003706696,43773.82757762923,119166.6824749689,8357.965918567364,13384.939996804173,17276.379817520807,11.061316092688354,11.061316092688372,83.54500153160156,49916.4549984684,10386.292056283268,9608.288900998366,1,0.0015422739092222943,0.0014547837078315656,1,1
245,3,2.4974388532536533,2.496859660040372,0,0.6327948764146611,1.5743166709840377,0.0035970436809888338,2266.3604945600896,22.663604945600895,0.0,203.15915481749968,76.45932724695815,43784.525193006,119219.99849564227,8397.795257984782,13321.957739195619,17086.703252220683,10.678227266564633,10.678227266564635,83.54500153160156,49916.4549984684,10397.623858756067,9611.688441740207,1,0.0010611107180154443,0.0014033213696062576,1,1
246,3,2.4893271533047874,2.5140276577651783,0,0.628473594997967,1.5725220466939374,0.004732881839280198,3284.69718584229,32.8469718584229,0.0,205.5505728842988,76.525021190675,43856.30898441489,119370.10822014503,8406.938052268153,13308.315272056438,17568.5853616873,10.401519207610669,10.401519207610672,83.54500153160156,49916.4549984684,10414.04734468528,9616.615487518971,1,0.0014957139089891186,0.0013663661787422857,1,1
247,3,2.4940495590030043,2.4828178530243457,0,0.6363737066234585,1.5926161822668763,0.007984925485364695,4481.690873935053,44.81690873935053,0.0,212.68976193854976,76.78725430011484,43986.44124107855,119647.52751810715,8452.882694645923,13237.281268157474,17247.356019637587,11.730089083753228,11.730089083753228,83.54500153160156,49916.4549984684,10479.60562204524,9616.615487518971,1,0.0020787839568371016,0.0015452028612805548,1,1
248,3,2.559596298404475,2.5713874640045358,0,0.6144542672458222,1.594626045194458,0.009256990629403786,4321.055328114559,43.21055328114559,0.0,215.45072742585089,77.17669767723031,44214.556645755525,120094.51227966844,8349.594757784009,13402.259357048932,17600.218030913016,13.924044569364892,13.924044569364877,83.54500153160156,49916.4549984684,10576.966466324107,9616.615487518971,1,0.0019640917268297746,0.0018461965308853316,1,1
249,3,2.5449807439950174,2.5064866284223655,0,0.6303644240841152,1.6197326603576216,0.02514725339089973,2455.5820844928144,24.555820844928146,0.0,204.76851919472801,77.22580931892017,44228.490423536685,120158.94906997227,8439.385326391448,13260.258110791063,17752.001053338634,12.951456726804246,12.951456726804231,83.54500153160156,49916.4549984684,10589.244376746572,9620.298860645711,1,0.0011066164663305904,0.0017164973833324888,1,1
250,3,2.459444957553749,2.4897255687225903,0,0.6346080949036703,1.5611866600230748,0.0119071772005856,2916.403115640269,29.16403115640269,0.0,202.41791331742127,77.28413738123298,44243.68378224376,120219.16855461556,8428.411303525736,13277.857293719771,17909.702871419933,11.054522578058814,11.054522578058803,83.54500153160156,49916.4549984684,10603.826392324774,9624.67346531917,1,0.0013027142377863685,0.0014578074769822445,1,1
251,3,2.435121122381319,2.4626029004463224,0,0.6415975550559291,1.5750716018536117,0.0031192393331571813,2822.822430220196,28.228224302201962,0.0,203.3920799746815,77.34059382983739,44259.81176543827,120271.41181606577,8508.112220086772,13153.867896762124,18021.37523706961,9.323858671183457,9.32385867118345,83.54500153160156,49916.4549984684,10617.940504475875,9628.907698964502,1,0.0012530996743971934,0.001220810126171384,1,1
252,3,2.508089701344549,2.4677862373642574,0,0.6402499438879821,1.6192562826229433,0.024845748495533688,4033.495779867935,40.334957798679355,0.0,208.45255166769584,77.74114374352547,44461.99164739652,120635.88242797494,8500.66216386848,13166.799756535162,18090.58978202923,10.980033206155738,10.980033206155733,83.54500153160156,49916.4549984684,10718.077982897898,9628.907698964502,1,0.0017836879077871596,0.001446500606656907,1,1
253,3,2.370668051728638,2.379318950657254,0,0.6640555691634141,1.5940585661890483,0.00889782670192925,3664.985644622954,36.64985644622954,0.0,210.08811394615267,77.81444345641793,44481.30382035958,120700.51548470155,8675.553739700337,12902.197270538276,18465.659767301124,11.66844669329465,11.668446693294667,83.54500153160156,49916.4549984684,10736.402911121013,9634.405177431436,1,0.0015878059883299219,0.001541531190171425,1,1
254,3,2.431329770205002,2.387812783118223,0,0.6616934171600725,1.635303451972931,0.03500218479299428,3532.091831905069,35.32091831905069,0.0,208.74241428267817,78.11921857098287,44620.239411492075,120948.09545865995,8676.959680682818,12900.694584274523,18588.464218490324,12.312815319716258,12.312815319716245,83.54500153160156,49916.4549984684,10812.596689762246,9634.405177431436,1,0.0015201220672729381,0.0016305386544633396,1,1
255,3,2.4275973430230215,2.4465462098800503,0,0.6458083618528769,1.5698338203882787,0.006434290893494552,2346.001180287372,23.46001180287372,0.0,202.15321777895713,78.30220933594028,44859.04204411064,121367.37019289097,8508.42542115107,13157.463342576675,18557.01866686636,10.421242279901511,10.421242279901513,83.54500153160156,49916.4549984684,10858.3443810016,9634.405177431436,1,0.0010113698638353661,0.0013730993064794087,1,1
256,3,2.37054280907641,2.3910144787608005,0,0.6608073744575869,1.5576952241168456,0.014116946761490185,3796.037575653089,37.96037575653089,0.0,206.0624738751002,78.30220933594028,44805.16078617211,121267.9662823585,8577.105093423166,13052.87098985274,18810.901798733717,10.488170783780493,10.488170783780498,83.54500153160156,49916.4549984684,10858.3443810016,9774.92931049337,1,0.0016143989761973558,0.0013819636357685534,1,1
257,3,2.3010026956109435,2.292097371915529,0,0.689324990883602,1.5513134111178013,0.018156068912784033,3896.295674321264,38.962956743212644,0.0,209.8495749347174,78.30220933594028,44741.878492502816,121146.03401048263,8688.140544704725,12886.780111574904,19051.86952806944,10.772531167998059,10.77253116799805,83.54500153160156,49916.4549984684,10858.3443810016,9938.559115722202,1,0.001636079091799694,0.001420615977277472,1,1
258,3,2.39248027851516,2.4354650386653707,0,0.648746738268038,1.5534487900585177,0.016804563254102792,2975.2392592505403,29.7523925925054,0.0,205.37076450393363,78.44004841799277,44965.41784223435,121535.62781433767,8526.703138556499,13132.051233553238,19176.582369368385,11.320637499556897,11.320637499556884,83.54500153160156,49916.4549984684,10892.804151514725,9938.559115722202,1,0.0012411968731208427,0.001497224980372631,1,1
259,3,2.3374379893402204,2.3754228634861967,0,0.6651447303496838,1.543964821406564,0.022807075059136758,2662.998127808818,26.62998127808818,0.0,201.47647715077377,78.44004841799277,44921.3886881805,121464.64269293785,8600.406710550793,13020.32085854396,19179.52814239021,10.087661639431227,10.087661639431229,83.54500153160156,49916.4549984684,10892.804151514725,10049.711580376765,1,0.001110766900223416,0.001329347621714651,1,1
260,3,2.40244728191766,2.4428567214654957,0,0.6467837373008685,1.5687428237609824,0.007124795087985869,3010.030479409653,30.10030479409653,0.0,202.65162557089698,78.50024902758096,45018.03129368891,121644.63579711886,8551.291168278349,13095.853515915078,19602.923423384607,9.08955076715749,9.089550767157487,83.54500153160156,49916.4549984684,10907.854303911774,10054.226626095879,1,0.001228400647964148,0.0011934548071028022,1,1
261,3,2.42821325173246,2.426440683186164,0,0.6511595403705888,1.5893601811583973,0.005924165290124814,3352.7531189584465,33.527531189584465,0.0,205.32015072926683,78.56730408996013,45032.174865683606,121702.5137698912,8561.68279082978,13080.478456853143,19501.974927906565,9.422935623897716,9.422935623897702,83.54500153160156,49916.4549984684,10924.618069506567,10059.255755774317,1,0.0013753491659599204,0.0012381722380491614,1,1
262,3,2.559051197118448,2.5350577809181654,0,0.6232599556084849,1.6225574988229539,0.026935125837312522,3391.551503885121,33.91551503885121,0.0,207.00559652877965,79.0321415783176,45240.14077634125,122143.57857971512,8426.973474669128,13290.781111967559,19660.327865788586,10.078246954424195,10.078246954424195,83.54500153160156,49916.4549984684,11040.827441595935,10059.255755774317,1,0.0013800589805165325,0.0013279362648135338,1,1
263,3,2.6925813813017063,2.645867517265498,0,0.597157639106938,1.6522601233043852,0.04573425525593996,2126.9754968900156,21.269754968900155,0.0,200.13796211958493,79.42112367991828,45501.305517807195,122632.20786941616,8290.619014122043,13510.685201459934,19853.297678950086,9.158331162443359,9.15833116244337,83.54500153160156,49916.4549984684,11138.072966996106,10059.255755774317,1,0.0008570769577067049,0.001204161701394386,1,1
264,3,2.7181592423169976,2.7079949200033253,0,0.5834575199269797,1.6076744277421495,0.017515460596297123,2407.978147331346,24.07978147331346,0.0,198.4592039929857,79.70054581339076,45700.1091851126,123040.74022240932,8139.787433179418,13762.263092699384,19737.63057298461,8.185620735774261,8.185620735774268,83.54500153160156,49916.4549984684,11207.928500364224,10059.255755774317,1,0.0009759948190041438,0.0010710435857424604,1,1
265,3,2.6347227293174074,2.6339235986291474,0,0.5998655393126541,1.5920403134063197,0.007620451522987097,4778.997358322637,47.78997358322638,0.0,208.25080054084378,79.79612576055722,45722.40039823554,123114.27505064914,8227.615447454582,13616.166151666464,19879.602267939154,9.522562994183932,9.522562994183932,83.54500153160156,49916.4549984684,11231.823487155836,10066.4242518118,1,0.0019231762462491395,0.0012520826743199962,1,1
266,3,2.6115479973283526,2.610498292118007,0,0.6052484327496264,1.6019503803938293,0.013892645818879265,3239.712899031786,32.39712899031786,0.0,207.08020334243383,79.86092001853785,45741.91072097697,123181.66345648222,8289.820044241646,13514.315549167866,19681.041990685684,10.643120088575563,10.643120088575559,83.54500153160156,49916.4549984684,11248.022051650994,10071.283821160348,1,0.0013168867382387674,0.0014053526011640171,1,1
267,3,2.7540009813378186,2.7324591629298367,0,0.5782337102911612,1.6066422979309822,0.016862213880368456,4570.624538487823,45.70624538487823,0.0,210.98812848208829,80.46852506188544,45981.026104482684,123751.88200682301,8084.925922758446,13858.650400275234,19097.29712842515,12.946434609645728,12.946434609645719,83.54500153160156,49916.4549984684,11399.923312487894,10071.283821160348,1,0.0019146686602827076,0.0017182438815902049,1,1
268,3,2.710588642471433,2.6971826365760583,0,0.58579644499185,1.5920115473742853,0.007602245173598243,5323.0595423909235,53.230595423909236,0.0,217.47141088751005,80.57498625273327,45992.96169848365,123814.02344494127,8112.363466302356,13812.261796484083,19450.52362774973,13.599026222940543,13.599026222940525,83.54500153160156,49916.4549984684,11426.538610199848,10114.055875100279,1,0.002189374289048591,0.0018069765625233554,1,1
269,3,2.775369043937184,2.7306152010011413,0,0.5786241867476294,1.6250474935939043,0.02851107189487611,4591.765562318379,45.91765562318379,0.0,216.16001560707818,80.66682156397964,46019.97242343619,123913.86516678245,8100.034459815173,13833.801770850478,19735.06972923717,14.915608461401582,14.915608461401591,83.54500153160156,49916.4549984684,11449.49743801144,10120.943523443757,1,0.0018613627923556842,0.0019884685805623276,1,1
270,3,2.902243919046368,2.872980088261327,0,0.5499516012852655,1.6460583133297086,0.04180905906943581,2269.263691632626,22.69263691632626,0.0,201.9836408727516,81.04816375347299,46307.823784677064,124470.36050889001,7972.470989479269,14056.643839175573,19498.13515602861,12.500502942244342,12.500502942244351,83.54500153160156,49916.4549984684,11544.832985384779,10120.943523443757,1,0.0009310690170002211,0.0016606020328014989,1,1
271,3,2.8998294622040492,2.8884132728393346,0,0.5470131351552913,1.609224000837115,0.018496203061465166,5676.013789652606,56.76013789652606,0.0,211.2500742724522,81.41822725221502,46425.53356512305,124789.26987620124,7886.279018400371,14211.11307861596,19911.59218544416,12.731343533265287,12.73134353326528,83.54500153160156,49916.4549984684,11637.348860070288,10120.943523443757,1,0.0022804861557186393,0.0016909726550248482,1,1
272,3,2.9649676788435984,2.988810115725271,0,0.5286384677591316,1.6120841502326833,0.020306424197900748,2697.4799742584637,26.974799742584636,0.0,204.25613199470192,81.6798822723894,46572.24867860924,125158.14609045495,7806.387070861089,14357.616102301423,20239.024607462452,10.777688518013791,10.777688518013804,83.54500153160156,49916.4549984684,11702.762615113885,10120.943523443757,1,0.0010662490022424736,0.0014259347249871114,1,1
273,3,3.0373126686714578,3.0810665089349176,0,0.5128094429049453,1.5669833165005735,0.008238407278118056,6799.176963358779,67.9917696335878,0.0,215.4475906545785,82.40587327150513,46937.09097270785,126001.28587690719,7604.821599471453,14740.56599316227,19933.64923331774,15.178116521077875,15.178116521077897,83.54500153160156,49916.4549984684,11884.260364892816,10120.943523443757,1,0.0027287234299254817,0.0020251528626288647,1,1
274,3,2.9465649848806064,2.917936338336248,0,0.5414785714279449,1.5956065163007656,0.0098775419625098,4546.0681964038195,45.460681964038194,0.0,215.7779300598187,82.4967946354332,46932.716742760786,126043.6164771268,7791.596178769776,14388.537676518852,19841.87426811914,14.09146846684538,14.091468466845361,83.54500153160156,49916.4549984684,11906.990705874836,10189.37695629906,1,0.0018329188603752814,0.001875963764181079,1,1
275,3,2.9358411513061426,2.941940834943434,0,0.537060426652115,1.5970982450076623,0.010821674055482415,3135.236050623396,31.35236050623396,0.0,202.55855676721933,82.55949935644567,46948.51691575808,126140.0864584178,7809.65550069751,14355.978455390596,20006.954016645064,14.520106186697175,14.520106186697179,83.54500153160156,49916.4549984684,11922.666886127952,10194.079810374995,1,0.0012536585221378498,0.0019384336041462042,1,1
276,3,2.9374811073690577,2.9293651216965775,0,0.5393660176731141,1.6083583752509565,0.01794833876642811,4736.628488948578,47.366284889485776,0.0,206.83395700697648,82.77278743012448,47054.03391117263,126386.78771237389,7835.299377603074,14310.270799378475,20468.212830014443,12.38436569373758,12.384365693737582,83.54500153160156,49916.4549984684,11975.988904547654,10194.079810374995,1,0.0018513110170528691,0.0016459627998553336,1,1
277,3,3.120269222818694,3.1079894159758745,0,0.508367239566,1.607688205722614,0.01752418083709746,2608.6148717918036,26.086148717918036,0.0,199.5507852679476,83.28902506294618,47444.84799647033,127237.67700098958,7601.412830289794,14753.14331464636,20733.923696906837,10.355891467457285,10.355891467457292,83.54500153160156,49916.4549984684,12105.048312753079,10194.079810374995,1,0.001006510840851977,0.001370493460014232,1,1
278,3,3.324294299344914,3.2511572046510993,0,0.48598080638477126,1.6404649859844107,0.03826897847114597,4028.393006779886,40.28393006779886,0.0,202.0700106780458,83.91882328195649,47774.09722457542,127948.23485806993,7439.482348540512,15075.621224850303,20612.085629281453,11.116394085836006,11.116394085836017,83.54500153160156,49916.4549984684,12262.497867505655,10194.079810374995,1,0.0015635071886397234,0.0014737763488481897,1,1
279,3,3.3242046743767375,3.3419273108645005,0,0.47278107900895083,1.5874907969233787,0.0047410107109991245,5208.910629845978,52.08910629845978,0.0,210.18814217114792,84.393164311646,47966.727276979305,128510.4082388634,7318.906712698437,15325.785795313626,20507.277222163906,11.572407551948116,11.572407551948116,83.54500153160156,49916.4549984684,12381.083124928033,10194.079810374995,1,0.002032024270571143,0.0015340141000209477,1,1
280,3,3.4328102348588674,3.3914650928102805,0,0.4658753537960668,1.6247724542429147,0.028336996356275092,4120.498940655141,41.20498940655141,0.0,208.58513926423737,84.80192147419103,48105.67766229601,128946.76694723057,7286.682586985221,15395.262578122843,20507.125342676743,13.03182027274071,13.031820272740719,83.54500153160156,49916.4549984684,12483.27241556429,10194.079810374995,1,0.001607440876008145,0.0017343241117396704,1,1
281,3,3.7194949309608076,3.7734734361586257,0,0.4187123685196605,1.6884580925626063,0.06864436238139632,5125.88179261906,51.2588179261906,0.0,212.01692612968625,85.9813535066104,48436.95895325064,129946.46651863928,7136.6034185629005,15721.183934944502,20470.771015302835,14.108518436346692,14.108518436346701,83.54500153160156,49916.4549984684,12778.130423669132,10194.079810374995,1,0.0020032002854361393,0.0018808884773384759,1,1
282,3,3.448197052432399,3.4293253566255606,0,0.46073202035128924,1.6066217387559396,0.01684920174426553,5600.350960346004,56.003509603460046,0.0,217.35264920297416,86.09336052581732,48467.03607653193,130083.12036767829,7230.342017600026,15518.054705566185,20413.44392316492,14.515134354777642,14.515134354777645,83.54500153160156,49916.4549984684,12806.132178470862,10202.480336815514,1,0.002194769674896766,0.001935136945447017,1,1
283,3,3.59934828329957,3.6170021263533405,0,0.4368258421769177,1.6143520441552999,0.02174180009829101,4123.27126785082,41.2327126785082,0.0,211.34706229265268,86.69985183418439,48824.14998004735,130963.4156183522,7094.349022677346,15817.512089974613,20696.382886672818,14.466069488181803,14.466069488181803,83.54500153160156,49916.4549984684,12957.755005562629,10202.480336815514,1,0.0015938132920824345,0.0019305944174717801,1,1
284,3,3.9158995523682663,3.8758604819140063,0,0.407651412472864,1.6553171694471285,0.047669094586790126,4146.367648340842,41.46367648340842,0.0,208.6385476854293,87.90201449454233,49245.39351317053,132292.79341763622,6888.096242368366,16294.818594293178,20452.41575840832,13.537752238666714,13.537752238666714,83.54500153160156,49916.4549984684,13258.295670652114,10202.480336815514,1,0.0016218593235417496,0.0018034807635069836,1,1
285,3,3.934753048920714,3.9307412356375657,0,0.40195980993995,1.6128275417706595,0.020776925171303407,7881.8240498722635,78.81824049872263,0.0,223.72063128444574,88.57382497024344,49407.04584607683,132919.63380464187,6783.098839861056,16548.464203415173,20902.200897354905,15.555981786500048,15.555981786500034,83.54500153160156,49916.4549984684,13426.248289577392,10202.480336815514,1,0.0030166484720256146,0.002077440362549933,1,1
286,3,3.9435335957441344,3.946798992933237,0,0.40032441551469883,1.6059050341198522,0.01639559121509628,3608.9043801389166,36.08904380138917,0.0,211.77044493468887,88.72216899852599,49477.95468623802,133217.63396879088,6761.2553632350855,16603.246834540303,20615.14471118569,15.069835171497742,15.069835171497742,83.54500153160156,49916.4549984684,13463.334296648029,10202.480336815514,1,0.0014004866541366514,0.0020129981499013385,1,1
287,3,4.126804309689199,3.946798992933237,1,0.40032441551469883,1.6665589018045797,0.05478411506618961,7900.7933649501465,79.00793364950147,0.0,221.8018507998858,89.58489560784764,49653.170292794566,133861.52691624154,6733.47857083328,16673.72713633198,21002.71616140002,18.456787905250767,18.45678790525077,83.54500153160156,49916.4549984684,13679.01594897844,10202.480336815514,1,0.003009436800168036,0.002475523975443434,1,1
288,3,3.991213172324527,3.9805570663582235,0,0.3969293678398456,1.621693880586911,0.02638853201703223,10719.864755720831,107.19864755720832,0.0,242.25049520244167,90.3185586180016,49882.96958888077,134595.6119415128,6754.661692617676,16624.157644607163,21013.25571307474,21.08247841925593,21.082478419255917,83.54500153160156,49916.4549984684,13862.431701516933,10202.480336815514,1,0.004081181860477064,0.002830368438260584,1,1
289,3,4.023263192586231,4.053338892127499,0,0.38980209699927076,1.602594420541548,0.01430026616553673,2651.157016388116,26.51157016388116,0.0,207.1356752215605,90.46740453990594,50003.92424349646,135062.35196923008,6688.24092682276,16790.61975951589,20884.787874109657,20.086984206457956,20.08698420645794,83.54500153160156,49916.4549984684,13899.643181993019,10202.480336815514,1,0.001015536104984696,0.0027020515885432654,1,1
290,3,3.974639942051652,4.012976012211557,0,0.39372276215756885,1.5981589256382551,0.011492990910288008,5140.952279066678,51.40952279066678,0.0,201.26465931779552,90.57022358548727,50107.24964775841,135418.19778659352,6719.972035461771,16712.649057070194,20490.46485056662,17.64461632230826,17.64461632230828,83.54500153160156,49916.4549984684,13925.347943388351,10210.191765234114,1,0.0020071588679158796,0.0023679589444592134,1,1
291,3,4.244606070538164,4.268752623413329,0,0.3701315441269631,1.6508646470941128,0.044851042464628336,5026.451222666579,50.26451222666579,0.0,206.94824075293937,91.47284412018887,50452.78801130502,136454.11635092256,6609.53329591579,16994.04321284065,20350.969158706164,12.53443041847186,12.534430418471871,83.54500153160156,49916.4549984684,14151.003077063751,10210.191765234114,1,0.00197590637908908,0.0016662004506632184,1,1
292,4,4.304601139900307,4.324888572030482,0,0.3653273312561228,2.2517336517337805,0.42514788084416477,5817.967906779638,58.17967906779638,0.0,238.3594534916836,114.25313187417521,48326.794338934575,137781.19105733436,9049.671579714775,17300.104107681233,20676.455675725843,15.590455587465243,15.590455587465224,103.38227837862921,49813.07272008977,14433.75442131692,10210.191765234114,1,0.0022510503726651497,0.0020780385398900363,4,1
293,4,4.565865999989431,4.599268314420477,0,0.34353290392867314,2.1091800188235137,0.33492406254652757,4652.318667596633,46.52318667596633,0.0,235.68233570222776,117.04452307473319,48913.1652145863,140324.95164551237,8505.289727181842,18411.900757082036,20306.9609887311,15.169020797515625,15.169020797515634,103.38227837862921,49813.07272008977,15131.602221456415,10210.191765234114,1,0.0018327975988837856,0.0020199181168793386,4,1
294,4,4.68501323765311,4.690410404558284,0,0.33685751644770956,2.0302849599210226,0.2849904809626725,5945.745074159493,59.45745074159493,0.0,240.34684777969704,120.61197011922889,49990.36544428065,143502.60266746895,8238.60800572932,19011.118305372365,20346.9609887311,16.05702409057607,16.057024090576057,103.38227837862921,49813.07272008977,16023.463982580339,10210.191765234114,1,0.0023377427528179628,0.0021405302414556327,4,1
295,4,4.506307614298853,4.5040960885025125,0,0.35079180571507446,1.7637472720080287,0.11629574177723331,6730.185470279286,67.30185470279287,0.0,248.13204734433566,123.55553110351855,50851.66816947312,146257.71506622594,7830.315820778183,20006.16095375419,19644.1581570652,17.2787347884358,17.278734788435777,103.38227837862921,49813.07272008977,16759.354228652755,10210.191765234114,1,0.0027408394562772197,0.0023037932693263223,4,1
296,4,4.139129178256159,4.082917586849299,0,0.3869781758733104,1.623377024797747,0.02745381316313099,4123.06764101606,41.230676410160605,0.0,237.24693506812218,123.63799245633886,50870.63359542762,146419.58720253178,7838.520106127064,19985.89778591963,19898.489906881634,16.826659496562115,16.826659496562115,103.38227837862921,49813.07272008977,16779.969566857835,10216.376366695638,1,0.0016576404180661574,0.002245407542387113,4,1
297,4,3.7286243948933264,3.795091573972694,0,0.41632723985789344,1.5295960070557708,0.03190126135710712,5005.792003314054,50.05792003314055,0.0,236.10755652623823,123.63799245633886,50832.62999293566,146315.00180590947,8016.919978484172,19542.469557841796,19875.786797967852,16.039310412262324,16.039310412262303,103.38227837862921,49813.07272008977,16779.969566857835,10427.721739641855,1,0.0020148302270281385,0.0021377700337905053,4,1
298,4,4.774742353089814,4.833552801068223,0,0.3268817089679495,1.857833216574972,0.175843807958843,4712.407350022458,47.124073500224576,0.0,238.5037257235262,126.05746342705875,51682.60058841926,148847.9271828859,7808.372679144235,20067.984255633437,19502.329768552303,14.08651192218906,14.086511922189054,103.38227837862921,49813.07272008977,17384.83730953781,10427.721739641855,1,0.0019330643696206023,0.001868511671571633,4,1
299,4,4.714719115920179,4.652379284584866,0,0.33961117599228247,1.7500785486698471,0.10764465105686523,7666.276318431682,76.66276318431682,0.0,251.1794880646375,129.23187249250876,52484.36822806103,151697.49657064813,7627.485091008818,20548.477548226652,18949.909982575224,17.965680692539983,17.965680692539962,103.38227837862921,49813.07272008977,18178.43957590031,10427.721739641855,1,0.0032364380941042816,0.002394777563584341,4,1
300,4,4.615677054149171,4.65042689156688,0,0.33975375526603463,1.5994575702753833,0.012314917895812148,5851.077617158759,58.51077617158759,0.0,250.9746134625173,130.46461266703827,52892.98660724398,153374.86577698565,7370.553841422129,21269.770998905467,19188.869218966316,18.9922963407596,18.992296340759612,103.38227837862921,49813.07272008977,18486.62461953269,10427.721739641855,1,0.0024393631747202872,0.0025362885461483902,4,1
301,4,4.721009053416353,4.6595282871968475,0,0.3390901187018056,1.6305404259816392,0.031987611380784244,7873.756573870638,78.73756573870638,0.0,257.60319495980144,131.22729578041893,53083.608154288806,154232.76764549984,7358.752302084792,21306.271029174673,19151.113931875843,22.305573288053214,22.305573288053214,103.38227837862921,49813.07272008977,18677.295397877857,10427.721739641855,1,0.003289106462163648,0.0029883025769960724,4,1
302,4,4.8424889579086265,4.858988100403742,0,0.32517058435864765,1.599181313081648,0.012140071570663184,5590.87128416456,55.9087128416456,0.0,252.05651834552768,131.69799906686845,53325.32272688009,155152.46890845377,7196.056281495682,21790.414131641814,19302.589498723657,20.054294549176902,20.054294549176905,103.38227837862921,49813.07272008977,18794.971219490235,10427.721739641855,1,0.0023171487056839685,0.002681872780855968,4,1
303,4,4.828191004794948,4.860114073802251,0,0.32509525003060397,1.57715681606397,0.0017994835038165275,3609.0945343641406,36.09094534364141,0.0,237.31144620200746,131.88593916383533,53497.33448157504,155832.0790224693,7157.31296102731,21910.867521199438,18476.94257511156,17.913097908434906,17.913097908434906,103.38227837862921,49813.07272008977,18841.95624373196,10427.721739641855,1,0.0015626371169115787,0.0023896307615863983,4,1
304,4,4.870036600983159,4.768562836554427,0,0.3313367264216749,1.6398745101522119,0.03789525959000746,7935.8243061703615,79.35824306170362,0.0,251.23387710851767,132.39989869956403,53610.27029553723,156340.23503016782,7267.2207328380255,21581.914187482438,18965.326469245458,18.069932435414582,18.069932435414596,103.38227837862921,49813.07272008977,18970.446127664134,10427.721739641855,1,0.00334750865229312,0.002409098158296222,4,1
305,4,4.761852688139361,4.683141908051116,0,0.3373803380341116,1.635913890288414,0.035388538157224037,13920.150313938979,139.20150313938979,0.0,282.9539145463363,133.0087699847745,53761.490252487456,156974.23384581547,7340.746816002471,21367.600804813206,19357.813149036374,26.479969884019344,26.47996988401936,103.38227837862921,49813.07272008977,19122.66394896675,10427.721739641855,1,0.005752778046473466,0.0035543079385593882,4,1
306,4,4.623459953228802,4.584776500285218,0,0.3446187616564752,1.6358131870464816,0.03532480192815286,5761.3183457517425,57.61318345751743,0.0,255.36195027359776,133.12399635168953,53791.14523037342,157262.99126923777,7449.82022375222,21056.160774362128,19703.933645012134,28.309011887599603,28.309011887599638,103.38227837862921,49813.07272008977,19151.47054069551,10436.363717160482,1,0.002339154586915762,0.003813147095227449,4,1
307,4,4.624451211432827,4.6215486727083235,0,0.34187674130327556,1.6180545572332923,0.024085162805881143,4103.29685217964,41.032968521796406,0.0,224.14324013047388,133.50944682967855,53978.108239801775,158054.81237866363,7408.859461788777,21174.755177593663,19970.831281418443,24.099737204358924,24.09973720435894,103.38227837862921,49813.07272008977,19247.833160192768,10436.363717160482,1,0.0016437159953366553,0.0032452162095752946,4,1
308,4,4.565890118494816,4.570671419927084,0,0.34568225427703264,1.6035409660785023,0.01489934561930519,4994.416754408431,49.944167544084316,0.0,227.04003952539318,133.98413500010585,54184.15520291727,158830.02614933052,7423.247207595846,21136.80397900531,18708.392531349924,15.331452573139357,15.331452573139353,103.38227837862921,49813.07272008977,19366.505202799588,10436.363717160482,1,0.0021356903843188944,0.0020395203221904375,4,1
309,4,4.401471791827853,4.467316427299103,0,0.35367989389443205,1.581428023948584,0.0009038126256860693,4661.410236474724,46.61410236474724,0.0,228.93144902052634,134.07736320483534,54283.77487075592,159196.02075254658,7508.724426471753,20898.477992823726,19172.293795476402,14.365374561155816,14.365374561155805,103.38227837862921,49813.07272008977,19389.812253981963,10443.355832515195,1,0.001945061049533701,0.0019081558097297502,4,1
310,4,4.250673103440556,4.220703229287507,0,0.37434520130113924,1.5797300418349445,0.00017085959813645246,4091.193776600235,40.91193776600235,0.0,224.86016781475774,134.07736320483534,54239.112984396124,159127.80329323682,7636.890125636134,20549.032170880255,19688.795145095326,14.391721712860088,14.391721712860079,103.38227837862921,49813.07272008977,19389.812253981963,10616.31890361531,1,0.0016623439865976327,0.0019143651401500761,4,1
311,4,4.246580867061513,4.162017726464274,0,0.37962356333889163,1.5922355541974604,0.007744021643962254,5477.834408970548,54.77834408970548,0.0,230.35878404626393,134.18691989301476,54238.95751234906,159228.30501826762,7670.899740520704,20458.7166674979,19524.52481151647,14.67026332785982,14.6702633278598,103.38227837862921,49813.07272008977,19417.201426026815,10689.190606639286,1,0.002244493819686497,0.001950632951939277,4,1
312,4,4.252205243364569,4.222141491840752,0,0.37421768149014784,1.6114718851117256,0.019918914627674363,3616.6828289441964,36.166828289441966,0.0,224.3561874038047,134.4334133097696,54340.14005073148,159646.25143818755,7712.36517993197,20350.68682229933,19918.21427212095,13.452462260229025,13.452462260229023,103.38227837862921,49813.07272008977,19478.824780215527,10689.190606639286,1,0.0014526132833128046,0.0017864836965323114,4,1
313,4,3.9883070938518776,3.9861081839890598,0,0.3963765976915434,1.583144792076472,0.0019903747319443056,4876.581603314887,48.765816033148866,0.0,226.79558316986393,134.5309449418359,54324.588481289094,159682.1330642238,7893.414364584483,19885.33244877322,20182.770360483577,14.110003589438485,14.110003589438472,103.38227837862921,49813.07272008977,19503.2076882321,10810.216813409863,1,0.0019329681768020847,0.0018766917599337954,4,1
314,4,4.23591688232598,4.210979477833064,0,0.3752096176951818,1.6135636094165382,0.021242790769960843,8841.511737852845,88.41511737852845,0.0,245.07051018025828,135.70743495613442,54585.612577251624,160777.04058938762,7733.079880163972,20300.83191365892,20299.345274176994,17.15773961237766,17.157739612377643,103.38227837862921,49813.07272008977,19797.33019180673,10810.216813409863,1,0.003484451983424401,0.0022900111478464298,4,1
315,4,4.4538922251658555,4.412758409498175,0,0.35805268573034793,1.6262118927015612,0.029248033355418427,6181.511999461464,61.81511999461464,0.0,242.77530671679847,137.0469760498508,55068.482608556,162462.66891538614,7571.739290259823,20737.587092569593,20552.153625758412,19.46857855460732,19.46857855460729,103.38227837862921,49813.07272008977,20132.21546523583,10810.216813409863,1,0.0024061758634244756,0.0026078653412169874,4,1
316,4,4.695819985749579,4.618273533010421,0,0.3421191899324502,1.6430840927453847,0.03992664097809153,9158.484401101947,91.58484401101947,0.0,251.81742408904665,138.43260779337476,55436.34958462026,163900.85161667262,7412.701663217809,21184.985462537345,20458.10047053833,23.49778612493485,23.49778612493485,103.38227837862921,49813.07272008977,20478.623401116816,10810.216813409863,1,0.0035813625665945133,0.0031573301378144633,4,1
317,4,4.917917780650706,4.935760407732692,0,0.32011278293100826,1.6045835301321718,0.015559196286184645,7158.455331525707,71.58455331525707,0.0,251.51865039467918,139.6037276649375,55797.33627527857,165489.06314082138,7158.576711108588,21940.454348807296,20432.15939878194,21.8391823170198,21.83918231701982,103.38227837862921,49813.07272008977,20771.40336900751,10810.216813409863,1,0.002802818905945872,0.002930119111988287,4,1
318,4,4.776996815342724,4.725566280577262,0,0.3343514631239056,1.5812910417705823,0.0008171150446723148,5091.187295503682,50.91187295503683,0.0,235.7306429890346,139.6037276649375,55776.40310667846,165537.0503181388,7210.714522367215,21783.18816700864,20777.73584572442,20.718881619497804,20.71888161949783,103.38227837862921,49813.07272008977,20771.40336900751,10941.590008215067,1,0.0019602471927859582,0.002781476221775448,4,1
319,4,4.736278028644717,4.686790093767185,0,0.33711772202070506,1.6211594450860256,0.02605028170001616,9437.209838998282,94.37209838998282,0.0,250.17642907534832,140.04826572736945,55851.50317569108,166024.32147985374,7332.796396736929,21423.039274552873,20733.013320467027,20.89135424514461,20.89135424514461,103.38227837862921,49813.07272008977,20882.537884615493,10941.590008215067,1,0.0036414233447415556,0.002801496481157795,4,1
320,4,4.627248556318715,4.688481032951298,0,0.3369961377460077,1.5887388601029406,0.005530924115785164,6578.993229415223,65.78993229415224,0.0,248.22121388198542,140.17984559195776,55964.86032338431,166515.4502104287,7344.489705809765,21391.041814073767,20921.62283096946,20.185249118947112,20.18524911894711,103.38227837862921,49813.07272008977,20915.43285076257,10951.45849805919,1,0.002515672243044779,0.0027057809268574307,4,1
321,4,4.7049728788190635,4.650736367568236,0,0.3397311468820466,1.6138769878475334,0.021441131549071738,4697.767734474983,46.97767734474983,0.0,231.1987464428858,140.59440428731426,56211.139702872686,167370.46849775425,7341.425239785489,21402.62665938183,21035.857630876802,19.730759410431475,19.730759410431485,103.38227837862921,49813.07272008977,21019.072524601695,10951.45849805919,1,0.0017865752152950558,0.0026478902676937963,4,1
322,4,4.831670933525209,4.8383120539260505,0,0.3265601685856348,1.6375833148780297,0.0364451359987529,5606.8312033380635,56.068312033380636,0.0,232.09350164039287,141.2606555922673,56499.38537733259,168347.59458415964,7297.916432080849,21532.41937666381,21366.79698817217,15.97349838206944,15.973498382069431,103.38227837862921,49813.07272008977,21185.635350839955,10951.45849805919,1,0.0020992687697428073,0.0021338387426942137,4,1
323,4,4.741175499596319,4.728226324855211,0,0.33416336094029575,1.6110954934419919,0.019680692051893548,8112.456498364267,81.12456498364267,0.0,245.1813419243587,142.07499058651612,56828.899322934,169472.811435967,7307.979794191642,21506.121078982396,20870.369001903295,17.451176844101834,17.451176844101834,103.38227837862921,49813.07272008977,21389.219099402155,10951.45849805919,1,0.0031096552236807864,0.0023318330695728828,4,1
324,4,4.949438729621379,5.002996003034828,0,0.31581076599732816,1.5846841516753964,0.00296465295911163,9369.200156138466,93.69200156138466,0.0,256.8474682755457,143.1106785308627,57154.41621927918,170915.98333939878,7094.210030205685,22157.32254433552,21357.881616826955,21.653561909131188,21.65356190913116,103.38227837862921,49813.07272008977,21648.141085488805,10951.45849805919,1,0.0035094117756535844,0.002906111923025726,4,1
325,4,4.147409230627471,4.148657260947853,0,0.3808461149280416,1.4611082944074327,0.07524791493200464,6218.1850983023005,62.181850983023004,0.0,246.91261913321895,143.1106785308627,57095.298219461605,170640.51683606507,7442.082470458229,21124.622761509345,20353.84114535305,22.49632769298901,22.496327692989013,103.38227837862921,49813.07272008977,21648.141085488805,11406.132365305699,1,0.0024440340489625817,0.0030210336827656507,4,1
326,4,3.8292260702095655,3.8154963099089456,0,0.41410078051882737,1.43385117329568,0.0924992574077975,3816.080349399716,38.16080349399716,0.0,227.73188643922867,143.1106785308627,57034.917508696795,170435.70099999907,7672.958057655062,20491.311495365662,20255.71372602895,18.56450970934984,18.564509709349828,103.38227837862921,49813.07272008977,21648.141085488805,11749.314332327122,1,0.0015071620387272695,0.0024868692877811453,4,1
327,4,5.607606101826589,5.673224137645865,0,0.2785012475561436,1.7844186438731868,0.1293788885273334,9432.93510589897,94.3293510589897,0.0,245.89793233484664,148.7704395944021,58298.811762845144,176242.56753476284,7074.578335411551,22232.14197952716,20295.71372602895,19.104417244231882,19.104417244231904,103.38227837862921,49813.07272008977,23063.08135137365,11749.314332327122,1,0.0037181979340993056,0.002556464673929719,4,1
328,4,3.0990845917060845,3.074651278395458,0,0.5138794149119055,1.0808354557072222,0.31592692676758094,2848.14804517235,28.481480451723503,0.0,225.8550443922811,148.7704395944021,58260.71092394549,175970.90616576816,7406.8538831056,21237.70701723619,20335.71372602895,15.846855852394722,15.846855852394729,103.38227837862921,49813.07272008977,23063.08135137365,12148.239773141762,1,0.0011204516678563696,0.002115270546894315,4,1
329,4,3.1476494025749493,3.1271917400546845,0,0.5052456425241041,1.194722596095734,0.24384645816725703,3244.3990718176897,32.4439907181769,0.0,211.39683373134477,148.7704395944021,58215.03734818705,175646.38539650827,7727.5270114012565,20359.157732771204,19993.069355878957,15.318956774832513,15.318956774832523,103.38227837862921,49813.07272008977,23063.08135137365,12583.780384002832,1,0.0012982095001290736,0.002045619700694916,4,1
330,4,3.119567928687031,3.1360281142813187,0,0.5038220138412527,1.2620629694914822,0.20122596867627712,3885.2382890273893,38.852382890273894,0.0,215.44155565679384,148.7704395944021,58179.18160748593,175309.40002177062,7978.369688883361,19720.938500142907,20033.069355878957,10.053330092270016,10.053330092270016,103.38227837862921,49813.07272008977,23063.08135137365,12988.965303657867,1,0.0015515299108719823,0.0013233970262858084,4,1
331,4,3.2590237176574135,3.2581377955370496,0,0.48493958793402214,1.3622089235462318,0.13784245345175206,2933.0330515433748,29.330330515433747,0.0,212.34045268807986,148.7704395944021,58155.90318218151,175156.6916437992,8109.8618097661165,19402.48043313808,20134.390535468992,10.155064492671888,10.155064492671885,103.38227837862921,49813.07272008977,23063.08135137365,13208.769428476764,1,0.0011653824023633622,0.0013383739377881394,4,1
332,4,3.4424632535960273,3.456040936985906,0,0.45717051065313913,1.499296743628369,0.05107801036179177,3719.764544941792,37.19764544941792,0.0,214.7957097476188,148.7704395944021,58099.98941874635,174984.78549750894,8278.618893666735,19008.139284692228,19627.5579081235,10.69986673896983,10.699866738969828,103.38227837862921,49813.07272008977,23063.08135137365,13446.754867353824,1,0.001516139526824067,0.0014110172800198039,4,1
333,4,3.5063255727189087,3.4974375668201687,0,0.4517593151595608,1.5718750606760206,0.005142366660746523,4639.9659734194975,46.39965973419498,0.0,220.5675625902094,148.7704395944021,58043.611378055124,174864.77104198342,8399.383694608587,18736.205300450696,20034.656558103394,11.43529740676074,11.435297406760741,103.38227837862921,49813.07272008977,23063.08135137365,13636.789279865325,1,0.0018527758476769203,0.0015114325922881164,4,1
334,4,3.463633497496258,3.4974375668201687,1,0.4517593151595608,1.5665820167959559,0.008492394432939362,5607.4112132264245,56.07411213226425,0.0,227.17144899214804,148.88258781866662,58069.804224665706,175000.63105812346,8436.987895265172,18653.752933905336,19996.675167900972,14.071138630752522,14.071138630752507,103.38227837862921,49813.07272008977,23091.118407439782,13645.200396685164,1,0.002243337421303935,0.0018707509319349739,4,1
335,4,4.138524713532175,4.199472463051371,0,0.37623773316802733,1.7185856710376681,0.08771245002384054,5620.988278796989,56.20988278796989,0.0,230.86466159000264,151.15051269103705,58765.677700302316,177216.52277668263,8085.213876740289,19469.99675778722,20036.675167900972,15.848846717326744,15.848846717326722,103.38227837862921,49813.07272008977,23658.099625532388,13645.200396685164,1,0.0022442798445130815,0.0021134643711646453,4,1
336,4,4.160452065046216,4.142575350939436,0,0.3814052530490953,1.6472504286054404,0.042563562408506506,3314.312632276905,33.14312632276905,0.0,219.58887984970073,151.75552381823113,59061.84702477663,178144.95310892875,7895.244653385747,19940.979435672518,19685.277015502455,14.604531755967708,14.604531755967686,103.38227837862921,49813.07272008977,23809.35240733091,13645.200396685164,1,0.0013469203932123825,0.0019448458863431332,4,1
337,4,4.283161761882766,4.2584852308292,0,0.37102394733264044,1.6036693235755133,0.014980584541464058,3896.3477603276865,38.963477603276864,0.0,217.5520926990988,152.26193893420952,59403.78918216717,179129.9328635057,7678.127983137752,20507.135540196112,19763.139550398493,12.978275693293536,12.978275693293526,103.38227837862921,49813.07272008977,23935.95618632551,13645.200396685164,1,0.0015772181339473962,0.0017228061238909534,4,1
338,4,4.0680427329480615,4.032752684330426,0,0.3917919405618928,1.5849759074198713,0.003149308493589364,6144.365845097711,61.44365845097711,0.0,228.35272643299552,152.26193893420952,59370.973615228744,179074.26423133543,7832.703860580131,20103.63303959439,19273.449190945325,13.7538209331757,13.753820933175717,103.38227837862921,49813.07272008977,23935.95618632551,13794.12389197262,1,0.0025503959500863343,0.0018248448257487044,4,1
339,4,4.141396247033463,4.104274557504524,0,0.3849644992952591,1.5984131205936627,0.011653873793457356,4536.795334326118,45.36795334326118,0.0,226.99395967492933,152.35267484089604,59391.388916039265,179227.09251074362,7796.046484505199,20199.106999720323,19384.29807982743,15.027356426717338,15.027356426717326,103.38227837862921,49813.07272008977,23958.64016299714,13800.92908497411,1,0.0018723588816651159,0.0019999909885662823,4,1
340,4,4.242459951693511,4.259766342798023,0,0.3709123629917642,1.604386111603599,0.015434247850379003,4566.312786880216,45.66312786880216,0.0,224.78934298910917,152.97524636333426,59696.813729735055,180233.22150493928,7717.649764025536,20407.693514841918,18785.84055583668,15.930594408352452,15.930594408352441,103.38227837862921,49813.07272008977,24114.283043606694,13800.92908497411,1,0.00194457640511017,0.00212244374562054,4,1
341,4,3.9461170136880344,3.9778026619218774,0,0.39720421908426756,1.5422829335810968,0.02387156102462232,3915.994602886019,39.15994602886019,0.0,222.1246353565861,152.97524636333426,59631.758252379965,180070.97045925102,7846.11618071836,20075.23514522354,19157.46871503654,13.690279545676734,13.690279545676745,103.38227837862921,49813.07272008977,24114.283043606694,14055.310423251822,1,0.001635286858043991,0.0018174073816064255,4,1
342,4,3.864006612503844,3.7786719909985673,0,0.4181363197874349,1.5471597495296363,0.020784968652128963,3013.9146142131135,30.139146142131136,0.0,215.23797543910547,152.97524636333426,59606.575519030135,180039.58868654768,7941.7491748873845,19834.390945047,19567.51039409732,12.110873964442705,12.110873964442712,103.38227837862921,49813.07272008977,24114.283043606694,14167.961835008167,1,0.0012322117851527124,0.001604025016102291,4,1
343,4,3.982493011167057,3.964572273728292,0,0.39852975072999863,1.5907415264874811,0.006798434485747504,6434.79602008049,64.3479602008049,0.0,227.58880164710087,153.10394228373588,59708.06347346635,180382.59843787432,7932.455785103562,19859.260099484956,18836.19539207924,14.068768972576471,14.068768972576478,103.38227837862921,49813.07272008977,24146.4570237071,14177.614029038288,1,0.0027329493610100774,0.0018668160014022606,4,1
344,4,3.9450048889952902,3.9458632087598464,0,0.4004193547542115,1.58288840620636,0.0018281051938986604,4452.187551934341,44.52187551934341,0.0,226.7295653816169,153.19298603477455,59723.89367018008,180493.53185746496,7950.494118007838,19814.876426216124,19430.173121340787,14.535024779519736,14.535024779519723,103.38227837862921,49813.07272008977,24168.71796146677,14216.134412816029,1,0.001833102576752385,0.0019327545743050584,4,1
345,4,3.9813518748119665,3.9008978630276747,0,0.4050349574581494,1.6255432388343747,0.028824834705300385,2899.75136002452,28.997513600245203,0.0,212.08357845840482,153.25098106197504,59742.52016604445,180619.61270319688,8020.1491930185275,19643.301551789373,19986.833088644747,14.322317906711618,14.322317906711609,103.38227837862921,49813.07272008977,24183.216718266893,14220.484039856066,1,0.0011606646624459883,0.0019089055334028167,4,1
346,4,3.7307811424457102,3.7773440830345977,0,0.41828331369025784,1.5602087799903097,0.012526088613728075,4551.225776848478,45.51225776848478,0.0,216.51515381036262,153.25098106197504,59712.957099222665,180561.63498107143,8117.153854481702,19409.789842881753,19648.95983612162,12.196034973702352,12.19603497370235,103.38227837862921,49813.07272008977,24183.216718266893,14357.01503667487,1,0.0018530144352910706,0.0016155938914964813,4,1
347,4,3.650373944306043,3.679735242558874,0,0.4293787177202657,1.5632252272773202,0.010616944761189816,6416.848134549458,64.16848134549458,0.0,227.60621359024046,153.25098106197504,59670.23668642563,180445.9255596863,8214.221765861534,19181.484909297145,19896.125624866687,14.029175898564642,14.029175898564656,103.38227837862921,49813.07272008977,24183.216718266893,14562.068400367933,1,0.0025801397741596556,0.0018646062906322383,4,1
348,4,3.7412872508273476,3.709724701409416,0,0.4259076150313038,1.6005213328868517,0.012988185371425095,4387.415084131113,43.87415084131113,0.0,223.10920386991148,153.4828354553535,59792.26156419219,180852.99854755698,8210.419564106145,19192.207818766583,19585.105821765366,15.564024444019283,15.56402444401927,103.38227837862921,49813.07272008977,24241.180316611506,14562.068400367933,1,0.0017921435294999653,0.0020750992463168974,4,1
349,4,3.786791899029829,3.845438476124968,0,0.41087642145614545,1.5626715857753033,0.010967350775124542,3887.6844264015563,38.87684426401557,0.0,215.91719345180928,153.7551844507297,60057.12223735299,181606.01820159698,8064.317589328726,19542.105197569534,19723.038750235723,14.875954958300438,14.87595495830043,103.38227837862921,49813.07272008977,24309.267565455557,14562.068400367933,1,0.0015769109316808873,0.001983064745113503,4,1
350,4,3.9208661767805464,3.994226009228676,0,0.3955710058342726,1.567548685775525,0.007880578623085504,7657.061312937859,76.57061312937859,0.0,230.43269302930506,154.29677437647473,60342.16640044762,182477.2447564161,7938.138887454987,19855.447267980846,19525.344959009988,16.262845402662183,16.262845402662208,103.38227837862921,49813.07272008977,24444.665046891812,14562.068400367933,1,0.00313728083330154,0.002168778431494131,4,1
351,4,3.9163559265925874,3.87935711984895,0,0.40728397803745386,1.592629672705943,0.007993463737938576,7834.631565811688,78.34631565811688,0.0,240.35202236241537,154.45346700779098,60345.02928646897,182574.11675635757,8006.204804575064,19687.657572421038,19479.22183647616,19.75115135366367,19.751151353663687,103.38227837862921,49813.07272008977,24483.838204720872,14686.562678281733,1,0.003217636364155291,0.002643942709712573,4,1
352,4,3.868764289411308,3.8848601651608736,0,0.4067070455120414,1.5843277485437512,0.002739081356804541,4648.886443110392,46.48886443110392,0.0,225.60980074658622,154.54644473665317,60365.441188951205,182754.4310218277,8034.404965368792,19619.184884729875,19188.61046166895,20.60903206691046,20.60903206691046,103.38227837862921,49813.07272008977,24507.082636936426,14693.536007946399,1,0.001938185759681548,0.0027643676523794597,4,1
353,4,3.8729923052232076,3.831214496045081,0,0.41240186411672225,1.604540976710952,0.015532263741108797,6122.99812238558,61.2299812238558,0.0,227.0538743783874,154.6689046991009,60346.15963622427,182813.6281413845,8081.326838825385,19506.46142233288,19277.270309562962,19.158898226918012,19.15889822691799,103.38227837862921,49813.07272008977,24537.697627548354,14827.403938937992,1,0.0025410228830367618,0.0025656150022912005,4,1
354,4,3.9018386795948983,3.861308822540452,0,0.40918768029553215,1.6185692801008107,0.02441093677266495,4305.139326801828,43.05139326801828,0.0,221.29615517538113,154.9765747476658,60507.77431199965,183294.01564148336,8086.894118531996,19494.844402033472,19908.650451546386,15.514688984977623,15.51468898497761,103.38227837862921,49813.07272008977,24614.615139689584,14827.403938937992,1,0.001729957271500512,0.0020697219714062736,4,1
355,4,3.8878130883099984,3.991113621793239,0,0.39587948370412307,1.569532005684961,0.006625312857619604,5833.549768069655,58.335497680696555,0.0,225.1231817551836,155.0932457430272,60607.0812437978,183650.03290247332,7978.107947700848,19762.19177861559,20000.64171888901,16.48136126380757,16.48136126380757,103.38227837862921,49813.07272008977,24643.78288852993,14836.154263590097,1,0.0023333450396485363,0.0022014417313952705,4,1
356,4,3.635481357605436,3.627987999235625,0,0.4355030943688038,1.5764968669630348,0.002217172808205858,4895.245085097919,48.9524508509792,0.0,224.63782697976507,155.0932457430272,60535.85276503371,183506.47454042404,8269.064595563907,19068.880384088072,20601.295409725873,14.911003779585295,14.911003779585307,103.38227837862921,49813.07272008977,24643.78288852993,15076.989662114778,1,0.0019009465134068703,0.00198808294151864,4,1
357,4,3.74113267514691,3.6881526685161563,0,0.4283987518975663,1.6158295198992012,0.02267691132860831,6280.452224196318,62.80452224196318,0.0,229.60908367277526,155.64809558382115,60701.12708529747,184098.61442783166,8253.066138965112,19108.33724869504,20762.720465662,16.595498857902353,16.59549885790233,103.38227837862921,49813.07272008977,24782.49534872841,15076.989662114778,1,0.002419895691254184,0.0022180624147698637,4,1
358,4,3.649256040090917,3.638513659997664,0,0.4342432508556294,1.5886767248457951,0.005491598003667765,5533.507354550388,55.33507354550388,0.0,230.47192800911026,155.75876573091216,60714.94162440696,184223.0957597795,8285.949095127939,19033.16723307349,21005.67524485566,16.04261091707542,16.04261091707542,103.38227837862921,49813.07272008977,24810.162885501162,15119.370249070507,1,0.0021074332684089484,0.0021427584910233342,4,1
359,4,3.6780832347963495,3.694142821748919,0,0.4277040916495969,1.5809147280326463,0.0005789417928140825,6167.567059077647,61.67567059077647,0.0,232.8234308728739,155.8821170720937,60754.62596837848,184399.1985331547,8233.467844191584,19155.606248062322,21508.174055179297,16.993764134895397,16.993764134895386,103.38227837862921,49813.07272008977,24841.00072079655,15128.621599659124,1,0.002294036506587582,0.0022737884887502383,4,1
360,4,3.5086341161238783,3.526468299912479,0,0.44804032409399885,1.562357422889578,0.011166188044570919,6881.13456898142,68.8113456898142,0.0,238.25256770002812,155.8821170720937,60742.21871358532,184384.88494791914,8380.63070877962,18820.640135645725,21949.791855176627,17.209118944727717,17.209118944727706,103.38227837862921,49813.07272008977,24841.00072079655,15259.488555727245,1,0.0025079543767458834,0.0023031413839141378,4,1
361,4,3.6543282163203563,3.6485137275511446,0,0.4330530506350827,1.601749450939233,0.013765475277995482,6636.535428048486,66.36535428048487,0.0,239.95910928169377,156.49594050324976,61051.5794144256,185224.57915033455,8315.205868234882,18970.814324915373,22364.928489845122,17.85297198431524,17.852971984315257,103.38227837862921,49813.07272008977,24994.456578585563,15259.488555727245,1,0.0023739080341121876,0.0023919663058152175,4,1
362,4,3.3496716039456915,3.3776091596089515,0,0.4677865097283569,1.5261370721816288,0.03409046064453881,3596.1040076298796,35.961040076298794,0.0,223.61926738540558,156.49594050324976,60994.848684217344,185114.10905110292,8477.93745872949,18607.965747754228,22189.275175427392,15.401903112520325,15.401903112520305,103.38227837862921,49813.07272008977,24994.456578585563,15473.175006714308,1,0.0012965196850097162,0.0020594606986225955,4,1
363,4,3.4082131307507617,3.3994819192573167,0,0.4647767034881544,1.5843418790601766,0.002748024721630746,3878.133682774811,38.78133682774811,0.0,217.8797999098068,156.57350317690526,60999.36629531138,185202.51348980825,8563.737221084017,18422.18654379772,22259.631060518474,12.680176069320016,12.680176069320009,103.38227837862921,49813.07272008977,25013.847246999438,15507.79065630401,1,0.0013937818366283315,0.001688069851916745,4,1
364,4,3.40164805838153,3.3658419330496674,0,0.46942192516106046,1.6090348071418878,0.018376460216384668,4554.146730978255,45.54146730978255,0.0,221.74130423907542,156.66458611152484,61018.73325949999,185313.27065733875,8638.81091994465,18263.243443908636,22912.613802520285,10.76886118507865,10.768861185078638,103.38227837862921,49813.07272008977,25036.61798065433,15514.621876400477,1,0.0015900924338810509,0.0014267979851730328,4,1
365,5,3.3780724779620015,3.3827345116635263,0,0.46707774274103586,2.1404645174293075,0.35472437811981483,5279.095948490917,52.79095948490917,0.0,249.80914014152984,199.2872041868141,58071.29265432681,185592.46526127597,11648.911092335758,18384.264555109745,23177.320238436754,12.088084746612607,12.088084746612623,115.88660119218378,49697.18611889758,25063.013460396785,15522.540520323213,1,0.0018221592122582599,0.0016020111609225474,7,1
366,5,3.4308493502605244,3.427666030469067,0,0.4609550597856178,1.9149847310731805,0.21201565257796226,5267.774551922956,52.67774551922956,0.0,252.69043737898787,202.4478689179679,58916.945001583714,187969.63792125304,10934.365518923496,19589.796319204266,23228.26855448938,13.114921116471951,13.114921116471958,115.88660119218378,49697.18611889758,25853.179643185227,15522.540520323213,1,0.0018142633540044351,0.0017421716667145818,7,1
367,5,3.2859179180335105,3.338415437167612,0,0.4732784249705328,1.7564907343415406,0.11170299641869652,3404.683445332395,34.04683445332395,0.0,243.9842357187405,203.48833801735933,59296.411467610844,188885.25077575972,10701.015337309735,20018.698277505555,22517.920317409837,12.187447339753819,12.187447339753819,115.88660119218378,49697.18611889758,26113.296918033087,15522.540520323213,1,0.0012095907250191478,0.0016153377637606143,7,1
368,5,3.3060580860180413,3.3246682344926484,0,0.47523538848414193,1.6255961990513599,0.02885835382997456,5566.027059255661,55.66027059255661,0.0,250.33701962295615,204.79807577572268,59833.424401462165,190287.6304450784,10264.085848243842,20874.59606141573,22324.513872780597,12.620837894194107,12.620837894194125,115.88660119218378,49697.18611889758,26440.731357623925,15522.540520323213,1,0.0019945884030351402,0.0016728141606862411,7,1
369,5,3.406545126062709,3.4106443856749826,0,0.46325556737493484,1.6505158641834738,0.04463029378700872,5671.68764228675,56.7168764228675,0.0,256.1764182311643,205.81328983625042,60322.9731819726,191384.36075182067,10189.508965347664,21030.40804157871,22449.31775499171,13.131487618791352,13.131487618791365,115.88660119218378,49697.18611889758,26694.534872755863,15522.540520323213,1,0.002021152786623326,0.001741777304892538,7,1
370,5,3.511079118626912,3.474874234952746,0,0.4546927149498653,1.6028247342005815,0.014446034304165441,2892.878950732448,28.92878950732448,0.0,242.52880934192868,206.32781419264498,60728.16243925675,192450.6331800364,9891.335210860416,21667.53467996147,21840.01938814836,12.755471781780289,12.755471781780287,115.88660119218378,49697.18611889758,26823.1659618545,15522.540520323213,1,0.0010596616786163805,0.0016918009560916156,7,1
371,5,3.4064647672003656,3.459487264607268,0,0.4567150791865588,1.559531263481473,0.012954896530713283,4131.773710323602,41.31773710323602,0.0,242.7307501362727,206.41044966685146,60828.077371160696,192738.31907647502,9905.858541537484,21637.243767264245,22082.244118320043,11.540238190023048,11.540238190023048,115.88660119218378,49697.18611889758,26843.82483040612,15528.738180888698,1,0.0014968673249638675,0.001525893930067858,7,1
372,5,3.3816888494827038,3.4020886027304638,0,0.46442059114272227,1.5797356043061197,0.0001673390467597281,4355.701735625853,43.557017356258534,0.0,246.69766354507416,206.497563701564,60855.327944729484,192844.5572706734,10006.489963758691,21420.569012095326,22324.130088132762,10.422415280806602,10.422415280806597,115.88660119218378,49697.18611889758,26865.60333908425,15535.271733492138,1,0.0015608945901784694,0.0013724745312529056,7,1
373,5,3.55466133710445,3.4736790699446334,0,0.4548491579635719,1.6426152397078275,0.03962989854925788,5018.404335158207,50.18404335158207,0.0,250.7936111237015,206.95999948725714,60956.21093143757,193217.2988145642,9952.533229827903,21537.536133299967,22442.11329265843,12.201494721499092,12.20149472149908,115.88660119218378,49697.18611889758,26981.212285507536,15535.271733492138,1,0.0017889239822347378,0.0016155619657923581,7,1
374,5,3.4556560210593514,3.462199368405062,0,0.45635731275864155,1.589041455101027,0.005722439937358823,5317.770556732858,53.17770556732858,0.0,254.3213807474583,207.19665463783738,61096.136977148555,193642.14642888334,9928.600040232252,21591.52387093474,22967.846786793853,13.062525685344701,13.062525685344708,115.88660119218378,49697.18611889758,27040.3760731526,15535.271733492138,1,0.0018522487044072384,0.0017340224256068152,7,1
375,5,3.566560216594582,3.547783229560425,0,0.44534851702192757,1.6244370469068403,0.02812471323217737,4360.522064044367,43.60522064044367,0.0,250.72220846392491,207.687537222081,61374.96190760056,194347.52512174015,9881.711278642339,21695.958230815286,22866.020238515335,12.972672958982303,12.97267295898229,115.88660119218378,49697.18611889758,27163.096719213507,15535.271733492138,1,0.0015255902053999022,0.0017222542973472927,7,1
376,5,3.6362867401557533,3.6666306678009133,0,0.43091332156113116,1.5778423686197973,0.0013655894811409818,5970.283616158733,59.70283616158733,0.0,256.54160361848164,208.20813919991988,61675.96988003087,195212.2259043363,9645.786935246562,22229.626880716904,22957.77357733749,13.689681042310855,13.689681042310845,115.88660119218378,49697.18611889758,27293.247213673225,15535.271733492138,1,0.0020804399332702652,0.001819426281025802,7,1
377,5,3.655068451872715,3.6444482156928752,0,0.4335361367453574,1.6012868516305105,0.013472690905386374,3987.626703911025,39.876267039110246,0.0,250.3132733823198,208.43788472422858,61817.85365938773,195648.5346488783,9692.59371061012,22124.139377274783,23458.047636719777,12.473286097461834,12.473286097461846,115.88660119218378,49697.18611889758,27350.6835947504,15535.271733492138,1,0.0013599176762414075,0.0016553159383038583,7,1
378,5,3.7343875830540063,3.7837298150170002,0,0.4175773845503557,1.565291455313781,0.009309205497606938,8766.160471219526,87.66160471219526,0.0,265.6690074172429,208.9168905243861,62080.702169613105,196466.50003792162,9481.184835738768,22619.697311338838,23711.1552046637,15.977443903003202,15.977443903003213,115.88660119218378,49697.18611889758,27470.43504478978,15535.271733492138,1,0.0029576493917918695,0.0021326690004345138,7,1
379,5,3.656684614070128,3.62752613353496,0,0.4355585437120802,1.5612082120518507,0.011893536676043922,5850.092584052479,58.500925840524786,0.0,264.48116243378195,208.9168905243861,62034.24078319508,196381.29412466925,9569.165632866745,22413.039125130053,23603.85901592601,15.7397734174524,15.73977341745241,115.88660119218378,49697.18611889758,27470.43504478978,15740.006509509063,1,0.0019827580160024856,0.002100108361345254,7,1
380,5,3.7676867948204102,3.7482524788402727,0,0.4215297685840148,1.6114055541188539,0.01987693298661634,5454.974087142095,54.54974087142096,0.0,255.2339176648683,209.02599000612895,62065.69971611266,196564.98240241886,9577.67056139021,22393.905002407904,24126.68455267791,16.809145505409592,16.809145505409617,115.88660119218378,49697.18611889758,27497.709915225492,15748.188970639776,1,0.0018087770245370505,0.0022497281441104682,7,1
381,5,3.6412331661975488,3.6468729521348493,0,0.4332478868163151,1.5804279049855368,0.00027082594021309286,2682.2985749445775,26.822985749445774,0.0,239.07078498932665,209.02599000612895,62010.95336331066,196499.83113180954,9648.66950056358,22230.090524409185,24154.06849855675,11.749100936435296,11.749100936435296,115.88660119218378,49697.18611889758,27497.709915225492,15903.202011006922,1,0.0008883964455445177,0.0015599771620280177,7,1
382,5,3.253156191358796,3.205820956323497,0,0.4928534754517225,1.4632822372697656,0.0738720017279965,5983.408870197559,59.83408870197559,0.0,247.33656552536075,209.02599000612895,61957.45551196872,196235.72378497882,9822.703260279763,21837.74743735119,24371.15180253135,11.712850431339051,11.712850431339056,115.88660119218378,49697.18611889758,27497.709915225492,16254.270646372075,1,0.0019640955564770913,0.0015537563421862196,7,1
383,5,3.355132320868139,3.3311071594645605,0,0.4743167734819939,1.5920519518671168,0.007627817637415643,6923.622507498332,69.23622507498332,0.0,257.9785857904011,209.16446245627893,61977.053555747545,196347.60772667118,10089.312660027248,21262.483904059773,24930.81115089218,12.724913782762615,12.724913782762604,115.88660119218378,49697.18611889758,27532.328027762986,16303.351077081781,1,0.0022217078989026197,0.001691399966974743,7,1
384,5,3.3041739915945514,3.286858712250347,0,0.4807021348715818,1.6003284252000856,0.012866091898788283,5149.607548290069,51.496075482900686,0.0,251.9732852643824,209.26745460724473,62008.10515837295,196493.73678144088,10193.521559339197,21046.410404736656,24899.81527816612,14.580777582022268,14.58077758202225,115.88660119218378,49697.18611889758,27558.076065504436,16311.075488404216,1,0.0016545046590142702,0.0019467693714646604,7,1
385,5,3.38172098364465,3.348478900920836,0,0.47185604172852874,1.619837403358672,0.02521354642953919,6584.507497218849,65.84507497218848,0.0,255.75155450476592,209.66504073696248,62123.61937876471,196889.2671300707,10137.43873310197,21163.845959514547,25564.402862543197,14.811211940121655,14.811211940121638,115.88660119218378,49697.18611889758,27657.472597933876,16311.075488404216,1,0.0020605237783563263,0.0019789121120910723,7,1
386,5,3.3204863901777446,3.2702286837453705,0,0.4831466398216644,1.6043935227667143,0.015438938459945727,4705.817722875587,47.058177228755866,0.0,250.9938436507744,209.75915709141998,62148.45067488877,197021.23332425475,10181.819163699836,21072.505891207195,24967.070192187548,13.075933171410348,13.075933171410345,115.88660119218378,49697.18611889758,27681.001686548254,16318.13421498853,1,0.0015078477968466114,0.0017409587447390692,7,1
387,5,3.523035289540793,3.5432766834635254,0,0.4459149372595883,1.61378905674655,0.02138547895351264,6729.934657414704,67.29934657414704,0.0,257.3938599722226,211.28673395187212,62707.55003394534,198639.81590534936,9914.822673160224,21644.879806970053,24854.005677700607,14.33219813694553,14.332198136945545,115.88660119218378,49697.18611889758,28062.89590166129,16318.13421498853,1,0.0021662293779719875,0.0019115336510583086,7,1
388,5,3.5947763445252936,3.6233628752667295,0,0.43605900220073607,1.5905411346495721,0.006671604208589917,5799.144872152787,57.99144872152787,0.0,258.9156577348661,211.8528081934205,63026.226517430056,199524.23662940974,9744.999774300031,22024.63922681014,25316.62675082795,13.772669254319196,13.772669254319192,115.88660119218378,49697.18611889758,28204.41446204838,16318.13421498853,1,0.0018325173979074866,0.0018355315242420285,7,1
389,5,3.7410460506249223,3.778007342734239,0,0.41820988067654585,1.5789810327290372,0.0006449159942802816,5714.138502387652,57.14138502387652,0.0,256.61350078984725,212.55319481345714,63427.12972915778,200693.7455787671,9518.6362346722,22552.301614104665,25752.394310940384,14.413406518008392,14.413406518008385,115.88660119218378,49697.18611889758,28379.51111705754,16318.13421498853,1,0.0017751012766871518,0.0019246160175222088,7,1
390,5,3.5863108252631806,3.57153022539839,0,0.4423874082778503,1.567501928400535,0.00791017189839566,6313.915743810666,63.13915743810666,0.0,260.98616037739674,212.55319481345714,63382.33504694799,200610.07140353546,9686.746061644853,22162.449457335268,25237.585968825846,14.026143999987983,14.026143999987967,115.88660119218378,49697.18611889758,28379.51111705754,16512.96186383288,1,0.0020014325463964065,0.0018696837403303485,7,1
391,5,3.5304868264002156,3.534618102249221,0,0.44700727328776535,1.5792984418847305,0.00044402412358836594,6009.337878801071,60.09337878801072,0.0,263.09212906061714,212.67338157103316,63404.47969469246,200755.04443461832,9799.892590646032,21907.443693874142,25125.061454402945,14.227747943283257,14.22774794328327,115.88660119218378,49697.18611889758,28409.557806451547,16541.54413869993,1,0.001913416336021893,0.0018966500530351504,7,1
392,5,3.596826830035982,3.6128827584775594,0,0.43732390603945304,1.5836021622834302,0.0022798495464747674,4621.0032702150975,46.210032702150976,0.0,255.03328285998705,212.98030103599515,63619.412682729875,201399.4343863018,9722.847808890716,22083.450437418367,25815.314819454677,13.371301159779291,13.371301159779305,115.88660119218378,49697.18611889758,28486.287672692044,16541.54413869993,1,0.001432019187845089,0.0017822893567544628,7,1
393,5,3.6733149230192996,3.6728263768690055,0,0.43018641173746724,1.5976344420080184,0.011161039245581225,3595.1478052894367,35.951478052894366,0.0,245.95538150653243,213.2590422405061,63841.505270108966,202007.5180773473,9664.040461700226,22219.766369087574,25795.24465075921,11.201702106867845,11.20170210686784,115.88660119218378,49697.18611889758,28555.97297381978,16541.54413869993,1,0.0011149800217719196,0.0014868051818796339,7,1
394,5,3.7512972564731535,3.8131880131358917,0,0.4143514546246144,1.6338699153556482,0.03409488313648615,3558.033532354309,35.58033532354309,0.0,243.10715972768358,213.63032067391205,64031.94108280602,202536.4022788499,9671.312364169758,22204.930268458833,26342.464467723727,9.16387704563726,9.163877045637252,115.88660119218378,49697.18611889758,28648.79258217127,16541.54413869993,1,0.0010805468977175808,0.0012091820357781964,7,1
395,5,4.078523846553865,4.075031915663298,0,0.38772702464658404,1.6799963171710919,0.06328880833613405,8719.823075771434,87.19823075771434,0.0,262.91977220076376,215.69529346907976,64652.71724900009,204360.87990145467,9406.02411274298,22834.986751447752,26664.05861286334,12.068448937317717,12.068448937317708,115.88660119218378,49697.18611889758,29165.035780963197,16541.54413869993,1,0.0026162027926430664,0.001603909904044189,7,1
396,5,4.057388330997986,4.098396208476058,0,0.38551665569383914,1.5780681185744283,0.0012227097630201067,4118.984764507562,41.18984764507562,0.0,252.1206170771506,216.24764303427222,65037.71601778699,205567.30389360795,9140.582169492774,23501.45155111,27187.399255904653,12.283171820253417,12.283171820253418,115.88660119218378,49697.18611889758,29303.123172261316,16541.54413869993,1,0.0012120275943240102,0.0016362590948948857,7,1
397,5,4.2030775788990535,4.188195297750964,0,0.3772507936409868,1.600763865867939,0.013141687258189235,5971.927828544444,59.719278285444446,0.0,251.73765531202707,216.7594432152494,65285.19855901296,206408.14094737402,9045.589291781476,23750.731979199132,26600.02489053512,14.031219083260718,14.031219083260735,115.88660119218378,49697.18611889758,29431.07321750561,16541.54413869993,1,0.0017960668392214593,0.0018747657420628454,7,1
398,5,4.214382149473666,4.204984593464645,0,0.3757445395770591,1.6107290811267074,0.019448785523232506,6061.785996280703,60.61785996280703,0.0,257.85101559192475,216.880678935175,65317.1776903303,206589.32291467712,9061.639583825321,23709.270885159654,25848.494129689636,12.248971205903333,12.248971205903338,115.88660119218378,49697.18611889758,29461.382147487013,16550.63681769435,1,0.0018760972197039898,0.0016280638844164863,7,1
399,5,4.152054709210161,4.116268807248042,0,0.38384276488889446,1.5965284258997081,0.010461029050448128,3030.6316894007637,30.306316894007637,0.0,241.61403197255282,216.94129156896304,65332.35945052771,206731.6799810002,9089.156456374163,23637.95987294684,26648.18588734698,11.480433193899204,11.480433193899191,115.88660119218378,49697.18611889758,29476.535305934016,16555.182765228452,1,0.0009098200386960705,0.0015273280325405064,7,1
400,5,4.094473347943412,4.123494010177874,0,0.38317019403936137,1.5879571907643382,0.0050361966862899335,7096.586080147776,70.96586080147776,0.0,252.00676537582873,217.24692630245914,65526.19260695627,207330.51011179326,9128.742565434915,23538.035755497167,27152.902823326553,12.20556147868714,12.205561478687137,115.88660119218378,49697.18611889758,29552.943989308045,16555.182765228452,1,0.002090851538436983,0.0016255895989456812,7,1
401,5,4.105347641571234,4.109791537286244,0,0.3844477233614864,1.5827207817023237,0.001722013735647844,3327.9873318001896,33.2798733180019,0.0,243.2110693619957,217.31348604909516,65631.028775003,207682.82183696452,9101.856750949022,23608.893355300363,26934.572106553755,10.036484526149069,10.036484526149064,115.88660119218378,49697.18611889758,29569.583925967047,16560.174746226152,1,0.0009884656251109836,0.0013297124007480123,7,1
402,5,4.251488596903809,4.2664664738724465,0,0.3703298759467146,1.6233038119086978,0.02740747589158082,5630.17895817406,56.30178958174061,0.0,246.8547713706814,218.1713107246312,66078.8047742816,208968.31362190886,9058.69218124075,23725.02684270965,26710.275016103977,11.933656350564195,11.933656350564185,115.88660119218378,49697.18611889758,29784.040094851058,16560.174746226152,1,0.001686296065399417,0.0015885377429824613,7,1
403,5,4.281411915091476,4.3464562134387466,0,0.3635145328543332,1.5926957425843937,0.008035280116704844,6759.490678558191,67.59490678558191,0.0,256.4541510044386,218.8981835517668,66375.64029229786,210026.68922000288,8942.174989010206,24037.946182148866,27404.370974037734,11.651756405303715,11.651756405303725,115.88660119218378,49697.18611889758,29965.758301634956,16560.174746226152,1,0.0019732591373724947,0.001549340275960965,7,1
404,5,4.2402529350422276,4.3464562134387466,1,0.3635145328543332,1.5697454051276551,0.006490249919205648,3240.9850349562553,32.409850349562554,0.0,240.64721171315998,218.96300325246594,66495.5470722843,210448.84498252688,8920.75992235497,24097.078621801487,27398.667536643512,11.528213062256256,11.528213062256256,115.88660119218378,49697.18611889758,29981.963226809738,16565.036223778585,1,0.0009463190224478468,0.0015352914084065864,7,1
405,5,4.275773562162074,4.229447562491116,0,0.3735712469903258,1.6078483033615554,0.01762550845668057,4845.303284326049,48.45303284326049,0.0,240.4946501644303,219.05990931815245,66523.0606689981,210613.29180740556,8990.971626341709,23909.817050331832,27950.765386115498,10.792934241670007,10.792934241670007,115.88660119218378,49697.18611889758,30006.189743231367,16572.304178705075,1,0.0013868109062181021,0.0014354630220128146,7,1
406,5,4.240538980087083,4.204101934170469,0,0.3758234278664695,1.6119050539219932,0.02019307210252732,8156.102391587694,81.56102391587694,0.0,257.13230480552943,219.81250209229017,66879.99818307052,211617.88154391636,9040.175318974863,23782.552039066497,27444.262632679678,11.804518159076341,11.804518159076352,115.88660119218378,49697.18611889758,30194.337936765798,16572.304178705075,1,0.0023775030871117492,0.0015702110052592327,7,1
407,5,3.9919356165972446,4.045412379853088,0,0.3905658686043223,1.5757390533622504,0.002696801669461819,7275.242640726831,72.75242640726832,0.0,262.21026086396813,219.9580069451047,66922.55947255029,211837.24956516753,9212.6591796005,23339.10695692086,27970.743103772336,14.565314488725875,14.565314488725873,115.88660119218378,49697.18611889758,30230.714149969433,16583.217042666165,1,0.0020808149754864796,0.001948376322938777,7,1
408,5,4.03180705499954,4.019092848157319,0,0.393123537995496,1.613699552278394,0.02132883055594546,3633.2978209085945,36.332978209085944,0.0,239.36684392922783,220.03067290152288,66959.95217549549,212062.78382883815,9276.935347663693,23178.300651243157,28744.597676555222,13.613096464619842,13.613096464619836,115.88660119218378,49697.18611889758,30248.880639073977,16588.666989397527,1,0.001011194621484509,0.0018231708946942458,7,1
409,5,4.062076467086456,3.9801468548119634,0,0.3969702771368332,1.630910155559379,0.0322216174426449,4602.291487244071,46.02291487244071,0.0,234.7406407028903,220.26012923137242,67013.43846233658,212309.20683471073,9291.571025828142,23142.336736099063,29363.974468137203,10.866738167362199,10.866738167362197,115.88660119218378,49697.18611889758,30306.24472153636,16588.666989397527,1,0.0012538606426696112,0.0014486234132135333,7,1
410,5,3.9216744052176975,3.9408566930958755,0,0.4009280527170798,1.5954943782594468,0.009806568518637197,3046.733734664699,30.467337346646993,0.0,229.01567976916505,220.32106390606572,67031.22806537582,212418.4890081593,9353.295447998664,22990.102542931585,29557.23160655713,7.801051267475542,7.801051267475541,115.88660119218378,49697.18611889758,30321.478390209686,16593.237089999522,1,0.0008246330441823371,0.001029896102778819,7,1
411,5,3.81257200273071,3.7523444678257265,0,0.42107008392956036,1.5975670857518853,0.011118408703724847,3136.8754151202525,31.368754151202527,0.0,225.7247428490352,220.38380141436812,66987.80501751967,212374.24626522468,9492.599216693581,22653.958215267212,29497.019476494665,7.407175224105514,7.40717522410551,115.88660119218378,49697.18611889758,30337.16276728529,16744.3631101547,1,0.0008507640353615902,0.0009764192407378461,7,1
412,5,4.064299188937986,4.112172487328339,0,0.3842251279266059,1.5875717214721226,0.004792228779824356,5203.064699896389,52.030646998963896,0.0,234.2440019517382,221.162606549017,67361.18146859005,213585.94128596396,9165.853592976864,23465.252511122126,29984.239509512987,7.739931726519599,7.739931726519593,115.88660119218378,49697.18611889758,30531.864050947504,16744.3631101547,1,0.0013882132173459016,0.0010212034322966096,7,1
413,5,4.056668584851121,4.1012542286400375,0,0.3852480026637907,1.5751146973401702,0.0030919637087530967,4348.094418308453,43.48094418308453,0.0,235.45884351223987,221.40485724867108,67573.22959128272,214238.23995450273,9138.940224225245,23537.112420480567,30773.361729406133,8.477978667143704,8.477978667143706,115.88660119218378,49697.18611889758,30592.426725861027,16744.3631101547,1,0.001130352791883258,0.0011231100148635833,7,1
414,5,4.049759815600864,4.05130595615937,0,0.38999769879089485,1.5839007821968674,0.0024688494916881593,5311.844018817136,53.11844018817136,0.0,238.46833182485466,221.51109412904742,67605.1962325845,214402.28198535705,9172.451504116596,23452.368942199366,31625.119615823103,9.673413926322317,9.673413926322317,115.88660119218378,49697.18611889758,30618.98594595511,16752.330876182925,1,0.0013437024955717655,0.0012874228349336418,7,1
415,5,4.085501109035734,4.0975688503350565,0,0.38559449705666426,1.5919761404873738,0.007579835751502354,5398.196007966422,53.981960079664226,0.0,241.76435059191368,221.61905804920676,67711.5281957044,214782.31499838663,9155.81324295606,23496.63679429856,32242.214338995986,9.553124834537247,9.553124834537256,115.88660119218378,49697.18611889758,30645.976925994943,16760.428170194875,1,0.0013394107367960687,0.0012711553414170307,7,1
416,5,3.779389080088994,3.7494583510039057,0,0.42139419939868383,1.574847031905307,0.00326137221183109,6556.97096202872,65.5697096202872,0.0,248.02705900522298,221.61905804920676,67653.63758901268,214663.34901976038,9468.587994211737,22723.145387581564,32169.63680422789,10.778113062118338,10.778113062118338,115.88660119218378,49697.18611889758,30645.976925994943,16993.574479548315,1,0.0016305986920354591,0.0014379039748010976,7,1
417,5,4.098631883695026,4.141576099834365,0,0.3814972758953262,1.6328565176959906,0.03345349221265224,6330.7225462911065,63.30722546291106,0.0,251.28224213632816,222.82712884598692,68156.37730912682,216179.6429538808,9258.949814583168,23240.882777091723,32684.93500536648,11.278120716333586,11.278120716333595,115.88660119218378,49697.18611889758,30947.994625189986,16993.574479548315,1,0.0015495144892291636,0.001506507972686897,7,1
418,5,4.0381806279127055,4.093366661338482,0,0.3859903426006208,1.575345186725286,0.0029460843510849214,5578.78035136124,55.7878035136124,0.0,247.54785262558195,223.1932792965003,68451.55376636819,217056.28398756558,9162.87667292011,23487.77359294502,33024.2177590098,11.300381101988219,11.300381101988217,115.88660119218378,49697.18611889758,31039.53223781833,16993.574479548315,1,0.001351439817184276,0.001510517666149633,7,1
419,5,4.181941232479762,4.219233796704477,0,0.37447557450693847,1.59767460341735,0.011186457859082172,4272.3120545708,42.723120545708,0.0,239.0074208448355,223.4893996789446,68670.35189686458,217736.95867831705,9067.996588836617,23735.639754007912,33313.691275240046,9.817357579154002,9.817357579154,115.88660119218378,49697.18611889758,31113.562333429407,16993.574479548315,1,0.0010259594517515718,0.0013089712527216705,7,1
420,5,4.124405318737443,4.062900835538403,0,0.38888470675426257,1.6034841496844485,0.014863385876233197,5688.842588743422,56.888425887434224,0.0,243.10369858144776,223.60317653071948,68705.45544295685,217909.80131052958,9147.805130796745,23529.54729465617,34127.38560019863,9.289993192260608,9.289993192260606,115.88660119218378,49697.18611889758,31142.006546373123,17002.107743431432,1,0.0013335548536622303,0.0012369847075326928,7,1
421,5,4.057375350443612,4.093152164436736,0,0.38601056997777794,1.5863475344225777,0.004017426849732676,5428.838504993321,54.28838504993321,0.0,246.27788739262087,223.71175330081934,68782.91071434006,218199.61919867768,9173.90315615079,23463.94325671624,34276.247587665406,9.086965733923833,9.086965733923838,115.88660119218378,49697.18611889758,31169.15073889809,17010.25100118892,1,0.0012670788402046518,0.001208864381872818,7,1
422,5,3.942063848405479,3.932568884144467,0,0.40177300043498926,1.5856540056243513,0.0035784845723742117,5314.075874111599,53.14075874111599,0.0,246.808763456233,223.81803481830158,68816.23739150536,218365.65023818257,9305.342659579917,23133.832958036543,33710.88974695835,9.664099946969523,9.664099946969522,115.88660119218378,49697.18611889758,31195.721118268648,17018.222115000088,1,0.0012610941838676504,0.0012872426259115108,7,1
423,5,3.9482119236915856,3.8869822320072505,0,0.4064850070549674,1.606812937851707,0.016970213830194314,5730.137993202069,57.301379932020694,0.0,250.61222304337545,223.9326375781656,68812.54877216708,218444.6357976982,9360.094188736033,22999.339009712756,32926.99774070244,9.81739140285208,9.817391402852074,115.88660119218378,49697.18611889758,31224.371808234657,17115.18190764586,1,0.0013922041817055932,0.0013067924019259651,7,1
424,5,4.16648801403752,4.1240931545099855,0,0.38311452743790697,1.6318747729658891,0.03283213478853737,6476.10346109796,64.76103461097959,0.0,256.82261200464325,225.1102526062755,69212.4026787779,219796.8654765823,9183.181906152404,23446.41756620255,32016.08089183424,10.686801338549504,10.686801338549508,115.88660119218378,49697.18611889758,31518.775565262134,17115.18190764586,1,0.0016182126683093687,0.0014238370112942041,7,1
425,5,4.087158643249412,4.120869017006722,0,0.38341427341645173,1.5959983554206651,0.010125541405484226,4597.196882834297,45.97196882834297,0.0,249.4224916861878,225.2021965439322,69276.56060178223,220068.0384690596,9169.554920916515,23482.12046866176,32807.57887326628,10.33062948592145,10.330629485921436,115.88660119218378,49697.18611889758,31541.761549676306,17122.07770297011,1,0.001121008508574923,0.0013771417861966285,7,1
426,5,4.148805497643851,4.110099524824039,0,0.38441891503044384,1.6238869970106016,0.027776580386456647,2846.034430994361,28.46034430994361,0.0,234.66483904584894,225.35454893150714,69341.69874460172,220335.3568986079,9180.5342363424,23454.98854363712,32971.37105687168,8.605547697077087,8.60554769707708,115.88660119218378,49697.18611889758,31579.849646570045,17122.07770297011,1,0.0006905468204122399,0.001143255999098844,7,1
427,5,3.8114550845630935,3.8250369844199694,0,0.4130679014178453,1.5711519907111833,0.005600005878997971,3611.027084372396,36.11027084372396,0.0,234.90336695118287,225.35454893150714,69292.370866534,220245.73028341625,9421.762581586572,22856.23867674283,32530.242951311015,6.832589053616854,6.832589053616848,115.88660119218378,49697.18611889758,31579.849646570045,17285.6027724281,1,0.0008880418359683641,0.0008998657216518425,7,1
428,5,3.929710176615526,3.84947448765418,0,0.4104456348697174,1.6173558167595206,0.02364292199969651,4568.824073470988,45.68824073470988,0.0,240.69627950243185,225.54801133644858,69328.33095473268,220432.29449591506,9414.467237513949,22874.451822726438,32941.36550897144,6.807872910990739,6.80787291099074,115.88660119218378,49697.18611889758,31628.2152478054,17285.6027724281,1,0.0011095651932769303,0.0008960512832191782,7,1
429,5,3.825558950826073,3.792801995895812,0,0.4165785616306142,1.5953306794906073,0.009702961702915937,7353.328349127959,73.53328349127959,0.0,253.67937411644237,225.69507790343113,69341.58763022984,220565.13060375405,9476.89491826023,22725.332526147286,33768.15672256851,9.374092458984805,9.374092458984792,115.88660119218378,49697.18611889758,31664.98188955104,17340.64658947685,1,0.0017420739685713336,0.0012465603326055426,7,1
430,5,3.807798684283033,3.855626017013201,0,0.4097907818414304,1.583874569246932,0.00245225901704555,5669.091611457764,56.69091611457764,0.0,252.50385737616787,225.80845973566028,69415.7337620119,220836.15487880728,9464.978778163957,22754.790333804936,34677.579809364295,10.387173539566342,10.387173539566351,115.88660119218378,49697.18611889758,31693.327347608327,17349.15022689404,1,0.0013078401993732883,0.001386493120407184,7,1
431,5,3.9073471070395573,3.915947793167108,0,0.4034783106038655,1.5985445592752383,0.011737062832429264,7522.464344207808,75.22464344207808,0.0,259.1592154885235,226.5259674044595,69824.1632074642,221925.07960669644,9387.527848888307,22946.079025308773,33458.260739059246,12.080893589913597,12.080893589913604,115.88660119218378,49697.18611889758,31872.70426480813,17349.15022689404,1,0.0017986504206839579,0.0016161881962095264,7,1
432,5,3.8431940834406793,3.896582334652554,0,0.405483540267829,1.5837641448211865,0.002382370139991441,5685.335307041398,56.85335307041398,0.0,256.6442801875428,226.6396741106003,69854.37305182712,222106.8191996942,9421.975075648299,22863.555147060993,33191.198088065066,11.175810225561621,11.175810225561628,115.88660119218378,49697.18611889758,31901.130941343337,17357.678229854602,1,0.0013703236121713218,0.001492271410742856,7,1
433,5,3.927051034822588,3.9547165152410733,0,0.3995229478297222,1.5977573039720983,0.011238799982340621,4204.882379738753,42.048823797387534,0.0,244.5663456668231,226.88889353664626,70026.34559332524,222662.56786021817,9362.279589316504,23011.097904620077,33429.76095372882,10.426765851932526,10.426765851932517,115.88660119218378,49697.18611889758,31963.435797854825,17357.678229854602,1,0.0010062608310143439,0.0013917449546232078,7,1
434,5,4.08077070126283,4.0855767161376395,0,0.3867263081266227,1.5835111443567975,0.002222243263795852,5667.606643484614,56.67606643484614,0.0,248.80582615971667,227.55068529903647,70455.79222288,223877.28654552213,9143.833453830173,23564.019608320166,33637.482747304064,9.332955500038691,9.332955500038695,115.88660119218378,49697.18611889758,32128.883738452376,17357.678229854602,1,0.001347926463121288,0.001241503635435651,7,1
435,5,3.43035979615251,3.41018989886866,0,0.46331730691131584,1.4121427991985303,0.10623873468447456,5824.066964297017,58.24066964297017,0.0,253.6770314826507,227.55068529903647,70440.1755563847,223664.0200435514,9418.478760297265,22879.25194150131,33817.803931113194,9.354848422505594,9.354848422505583,115.88660119218378,49697.18611889758,32128.883738452376,17676.363952693253,1,0.0013777516662313452,0.001243979653455659,7,1
436,5,3.273595265956948,3.234592969662883,0,0.48846949672455126,1.405337903792834,0.11054563051086462,4540.726438628345,45.40726438628345,0.0,248.25037957129464,227.55068529903647,70372.54379331475,223374.0127547161,9618.456830446416,22405.241231294833,33717.64864671033,9.522778316537368,9.522778316537368,115.88660119218378,49697.18611889758,32128.883738452376,18069.080500791642,1,0.0010773530470539173,0.0012676770588021834,7,1
437,5,3.25419800810682,3.2357899379709174,0,0.48828880436867245,1.4463509445731937,0.0845880097638015,4249.8439112045535,42.49843911204554,0.0,244.39972447209553,227.55068529903647,70327.51742836095,223192.72388928672,9787.203339291069,22020.58755598624,33468.47235318973,8.712512638005293,8.712512638005283,115.88660119218378,49697.18611889758,32128.883738452376,18340.40699863151,1,0.0010158441332741666,0.001156982948853143,7,1
438,6,3.246707798428407,3.211371923332627,0,0.49200156123939154,2.058720887545322,0.3029879035096973,9031.097847829424,90.31097847829425,0.0,329.3545779811242,255.81416641125884,66778.63290086572,222959.30646162378,13586.565328766268,21426.70620074105,34011.0581773341,10.61596836941361,10.615968369413599,170.0552908866705,49527.13082801091,32128.883738452376,18651.767397560197,1,0.002124273299758253,0.001405823493362112,10,1
439,6,3.1653784316133344,3.156771264658153,0,0.5005113983673753,1.8448536755726541,0.16762890859028737,3018.255665146834,30.18255665146834,0.0,310.21243710691965,257.4710688379854,67458.42701408795,224566.16248663524,13026.817142101463,22351.261002517876,33528.345172048495,9.731068426492307,9.731068426492309,170.0552908866705,49527.13082801091,32543.10934513402,18651.767397560197,1,0.0007201681203552048,0.0012867618511292081,10,1
440,6,3.086137609036739,3.063854280076501,0,0.5156903219171863,1.6820484076392974,0.06458759977170718,4839.847978708544,48.39847978708544,0.0,305.38242061579876,258.89263777246236,68130.98008312476,226052.29011037154,12598.334125730578,23114.78824274461,33221.95458697435,10.092936096179526,10.092936096179525,170.0552908866705,49527.13082801091,32898.50157875327,18651.767397560197,1,0.0011654577315221902,0.0013366330505452158,10,1
441,6,3.0804225163050103,3.0726132383998492,0,0.5142202670528199,1.6023309228694793,0.014133495487012178,5214.34484953387,52.1434484953387,0.0,311.08144641202375,259.5870535997932,68510.61397733813,226963.60210265283,12308.266935166972,23662.19241146681,33596.48828348922,7.947647392638901,7.947647392638912,170.0552908866705,49527.13082801091,33072.10553558598,18651.767397560197,1,0.001241640448974288,0.0010424221002838943,10,1
442,6,3.2666577981020626,3.2546698119578763,0,0.4854563108659974,1.63553342600478,0.03514773797770883,2363.6944266795435,23.636944266795435,0.0,296.3939135536307,259.92349119333187,68766.62101147072,227604.76655356906,12075.914089224609,24119.274055522023,33543.83393744121,7.551521902401817,7.551521902401821,170.0552908866705,49527.13082801091,33156.21493397065,18651.767397560197,1,0.000563726717962604,0.0009902749661530276,10,1
443,6,3.3227093307307674,3.328759699995371,0,0.47465126425382925,1.6355346904078658,0.03514853823282642,4976.004079560845,49.76004079560845,0.0,301.7739467120175,260.536450870134,69100.38047426872,228345.67431973643,11974.034861070671,24326.134806381397,33606.837466187986,7.603149776575948,7.603149776575949,170.0552908866705,49527.13082801091,33309.45485317119,18651.767397560197,1,0.0011845218306107447,0.0009966296658492123,10,1
444,6,3.4926535215083216,3.4985696881982378,0,0.4516131278818972,1.6088066239500403,0.01823204047470898,3720.054771521965,37.20054771521965,0.0,302.4543264177051,261.19279990034363,69619.15479895363,229574.44615779124,11584.040837424292,25148.47988678009,33465.09843857616,6.747912903814664,6.7479129038146635,170.0552908866705,49527.13082801091,33473.5421107236,18651.767397560197,1,0.000889297792648057,0.0008791821137404686,10,1
445,6,3.506708365737384,3.5601189046463086,0,0.44380540153811804,1.5938840270697106,0.008787358904880051,2792.1554443156388,27.92155444315639,0.0,293.56217712544947,261.3725872525613,69811.20365170881,230079.64024744905,11507.440455947606,25317.549476472286,34227.37990040441,6.9473741653364405,6.947374165336437,170.0552908866705,49527.13082801091,33518.488948778024,18651.767397560197,1,0.0006526133060585566,0.0009088109764391195,10,1
446,6,3.531530644708874,3.5095962984739244,0,0.4501942290875536,1.6121357619741976,0.020339089857087052,3138.195345983646,31.38195345983646,0.0,292.60128310939143,261.5611041083458,69919.92983610087,230392.1410511158,11532.722158759627,25263.481327836555,34615.56994153719,5.825332449514009,5.825332449514011,170.0552908866705,49527.13082801091,33565.61816272414,18651.767397560197,1,0.0007252679303062284,0.0007557263430042807,10,1
447,6,3.646113077146822,3.59867395180996,0,0.4390506117413988,1.6238726613486123,0.027767507182665966,6794.929903437793,67.94929903437793,0.0,307.4428413843778,262.3010897605248,70172.92464110037,231140.40883310634,11391.820533217877,25578.27766136552,34152.74798421918,7.554447657326475,7.5544476573264685,170.0552908866705,49527.13082801091,33750.614575768894,18651.767397560197,1,0.0015916563801138342,0.0009898458721595397,10,1
448,6,3.7293128931157833,3.7369590054503394,0,0.42280367477822917,1.6013925006766978,0.01353955739031502,4702.359239013838,47.02359239013838,0.0,307.35651462609275,262.8278178003785,70473.20231831403,232029.31967782573,11186.354725315477,26050.713292623273,33623.60880421466,8.693968837064803,8.693968837064803,170.0552908866705,49527.13082801091,33882.29658573233,18651.767397560197,1,0.0011188232093455493,0.001145249173255204,10,1
449,6,3.687303577084563,3.6448508131096897,0,0.4334882498666622,1.6078057338553549,0.017598565731237206,4836.658327116792,48.36658327116792,0.0,303.2048017789582,262.92455096692083,70494.38775064325,232178.97458373287,11272.562227064367,25852.227136355123,34108.36848527689,9.680391092022308,9.680391092022303,170.0552908866705,49527.13082801091,33906.479877367914,18659.022385050874,1,0.0011344215022667105,0.0012816336972420312,10,1
450,6,3.8990723472924933,3.887592461127883,0,0.4064212017587884,1.6449186957704154,0.041087782133174246,5536.127272643817,55.36127272643817,0.0,307.18295563688855,263.94904752028486,70918.04605841578,233431.0291321769,11088.690989701412,26284.34372883478,34589.226758802855,8.92275617505788,8.922756175057874,170.0552908866705,49527.13082801091,34162.604015708916,18659.022385050874,1,0.0012804281081501515,0.0011778909399208037,10,1
451,6,3.968216719950184,3.908949750027793,0,0.40420064238195086,1.6116780803260988,0.020049417927910606,4853.5979458326065,48.53597945832607,0.0,306.15375543206943,264.4892872725131,71164.09002733383,234261.78516973343,10880.468274724317,26789.503844286657,34528.61742930117,8.936146102457771,8.936146102457776,170.0552908866705,49527.13082801091,34297.663953765965,18659.022385050874,1,0.0011245391926324436,0.001179796267683102,10,1
452,6,4.075305441132443,4.058716667537239,0,0.38928561154250696,1.6053488122797637,0.016043552075799748,2631.5910528272348,26.315910528272347,0.0,291.75633608848597,264.78223183676243,71484.28070624347,235143.30373050977,10715.968566861697,27203.337164786335,35190.939254479454,7.610420732354954,7.610420732354954,170.0552908866705,49527.13082801091,34370.9000948283,18659.022385050874,1,0.000598242867869407,0.0010010700562173341,10,1
453,6,4.17192839534684,4.213844729890563,0,0.37495448961192124,1.5865564090404247,0.0041496259749523095,3245.9674809721687,32.45967480972169,0.0,288.81040748340587,265.12471441914465,71831.86591186644,236137.50996488496,10529.535452723147,27687.93324631653,35548.04077596366,6.266190508631648,6.266190508631644,170.0552908866705,49527.13082801091,34456.52074042385,18659.022385050874,1,0.0007304970760958458,0.0008177597121992321,10,1
454,6,4.052678887237603,4.038964540500434,0,0.3911893714729755,1.5535231431664396,0.016757504325038284,4209.155864521039,42.09155864521039,0.0,294.1876918823845,265.12471441914465,71778.6290009561,236006.306566475,10571.78027202435,27578.62404394056,35085.29786377056,5.874717905943649,5.874717905943648,170.0552908866705,49527.13082801091,34456.52074042385,18863.815643070207,1,0.000959753770565524,0.0007628312381769256,10,1
455,6,3.8874188472250335,3.886153603870492,0,0.4065716801380078,1.5345229325848648,0.02878295406021218,3689.6692840439637,36.896692840439634,0.0,294.11631809782,265.12471441914465,71739.65588745616,235918.59344682592,10728.220218851022,27177.883490923774,35700.526963667886,6.425537256862659,6.425537256862668,170.0552908866705,49527.13082801091,34456.52074042385,19031.154059455683,1,0.0008268044419173774,0.0008390184295262491,10,1
456,6,4.055547744413553,4.0323628239118285,0,0.39182982013191686,1.6120253605170123,0.020269215517096338,8158.483822599172,81.58483822599172,0.0,310.43613221846186,265.59248074698746,71866.11598266843,236424.31262792536,10765.788585055901,27084.666707075583,36304.412731448625,9.034033319067932,9.034033319067936,170.0552908866705,49527.13082801091,34573.46232238456,19031.154059455683,1,0.0017977944186452907,0.001194784210376064,10,1
457,6,3.9933073217146773,4.019414172734212,0,0.3930921104667357,1.5889645875342737,0.005673789578654208,5190.299718134012,51.902997181340126,0.0,306.7974801904447,265.69628674135015,71896.15918675817,236599.43644604477,10771.624417668083,27070.714471103176,36977.3580940395,9.421785154576012,9.421785154576007,170.0552908866705,49527.13082801091,34599.413820975235,19038.939509032884,1,0.0011229141259760588,0.0012491709955129088,10,1
458,6,3.8321229312837928,3.796602842215848,0,0.41616151745749874,1.5499379606008477,0.019026607214653428,4814.455657893897,48.144556578938975,0.0,297.31731071088444,265.69628674135015,71852.23135592119,236532.9602334264,10860.200479554089,26851.154274526583,36996.30078821903,9.933650471572909,9.93365047157291,170.0552908866705,49527.13082801091,34599.413820975235,19230.23949751268,1,0.0010410674700594923,0.001320592004893614,10,1
459,6,3.814748557963691,3.7690664744745326,0,0.41920194581345954,1.563132079363593,0.010675899136966501,4343.2471851601795,43.4324718516018,0.0,293.9754281795495,265.69628674135015,71809.19389680879,236468.488513176,10931.348159071938,26677.428719520893,37680.60665078607,7.794274388050057,7.794274388050069,170.0552908866705,49527.13082801091,34599.413820975235,19393.02989623112,1,0.0009221183141582088,0.0010286999700645867,10,1
460,6,4.031853200880522,4.026173976054531,0,0.39243212275400197,1.5944674159506627,0.009156592373837081,6539.839399078836,65.39839399078836,0.0,302.15911510891425,266.2555303998966,72132.0057363065,237413.59176122668,10739.62145031381,27156.765128922954,38513.88626883195,8.368976404961296,8.368976404961293,170.0552908866705,49527.13082801091,34739.224735611846,19393.02989623112,1,0.0013584377028960212,0.0011072078290379074,10,1
461,6,4.092802965711644,4.081061828426781,0,0.38715414429510825,1.6116904306462259,0.02005723458621885,4608.848509186575,46.08848509186575,0.0,297.6158335975412,266.49742200487793,72226.0568048494,237804.28248825294,10717.072892753524,27215.44217497287,39340.29231622162,8.106067469053816,8.106067469053825,170.0552908866705,49527.13082801091,34799.69763685718,19393.02989623112,1,0.0009372270998171831,0.0010725943722904709,10,1
462,6,3.80743019468544,3.7865605915128624,0,0.41726520989559424,1.5612838934373123,0.01184563706499224,6809.9905394123825,68.09990539412382,0.0,303.8240485595666,266.49742200487793,72167.84719339214,237673.20897742207,10936.640580941998,26670.675174023112,39390.95883210716,9.233081301238107,9.233081301238109,170.0552908866705,49527.13082801091,34799.69763685718,19645.757234456498,1,0.0013830565675617178,0.0012262404567583074,10,1
463,6,3.7601879067713333,3.7761254174146752,0,0.4184183058945503,1.5770721622890471,0.0018530618423752859,5507.1953509447085,55.071953509447084,0.0,303.4737676487781,266.49742200487793,72104.80298350389,237568.01890299947,11061.025057471157,26372.62495156186,40007.21893855124,8.602578228071653,8.60257822807165,170.0552908866705,49527.13082801091,34799.69763685718,19863.53629093493,1,0.0011012403255329377,0.0011405079976372797,10,1
464,6,3.9467883640965096,3.928169504633632,0,0.4022229687736863,1.6081529008099085,0.01781829165184076,6020.411129057502,60.20411129057502,0.0,303.5120779995318,267.20902216132663,72405.65612666546,238582.05195429668,10902.816153763233,26758.0948987404,40512.47030409203,9.211444476752114,9.211444476752115,170.0552908866705,49527.13082801091,34977.59767596935,19863.53629093493,1,0.0011888509555438096,0.0012243826162128216,10,1
465,6,4.034166224326958,4.022315982831673,0,0.3928085229365036,1.626184341989357,0.029230596195795464,4077.8736131078144,40.77873613107815,0.0,295.7876732891275,267.6391932304714,72680.47900037414,239350.5716860498,10844.841740578457,26903.403955108995,39279.10554561592,7.868403463388392,7.8684034633883835,170.0552908866705,49527.13082801091,35085.14044325554,19863.53629093493,1,0.0008305430699529684,0.0010402114503432385,10,1
466,6,4.293492345698682,4.275669172122043,0,0.36953279975490616,1.640856624226173,0.038516850776058854,3754.184885087138,37.54184885087138,0.0,289.9636211562668,268.3892784470787,73095.63250323843,240660.83029111437,10560.188677403181,27631.962833405265,38974.771346206246,7.060507384845091,7.0605073848450814,170.0552908866705,49527.13082801091,35272.66174740737,19863.53629093493,1,0.000770587691558594,0.0009299939056851241,10,1
467,6,4.434925807630826,4.490127854909435,0,0.35188307572855704,1.5754724567631628,0.002865533694200784,5086.863783844222,50.86863783844222,0.0,295.2617675835686,269.2344203071237,73698.86016391302,242491.91613464593,10182.127375695245,28662.500116207062,39489.99269066248,6.676569950482697,6.676569950482689,170.0552908866705,49527.13082801091,35483.947212418614,19863.53629093493,1,0.0010305119727301495,0.0008772142447472372,10,1
468,6,4.688585171098685,4.69118950067207,0,0.336801572346128,1.594252718809142,0.009020708107051847,6013.196671206239,60.13196671206239,0.0,302.17621545310817,269.78028182884987,73988.52177858212,243529.91318393563,9962.16325541242,29298.021800634386,40085.44058517772,7.578008748539561,7.578008748539561,170.0552908866705,49527.13082801091,35620.41259285016,19863.53629093493,1,0.0012000759544461084,0.0010003918729116173,10,1
469,6,4.606978568965464,4.645760401889016,0,0.34009502499473604,1.5740697062105227,0.0037533504996692425,6431.656297891611,64.31656297891611,0.0,307.9901996178514,269.9089149548077,74026.15016177902,243748.2520989755,9986.3055776125,29227.864304662464,38256.65825299926,8.994320936859896,8.9943209368599,170.0552908866705,49527.13082801091,35652.57087433962,19873.183775381767,1,0.0013449488986429974,0.0011918456086064185,10,1
470,6,4.663100405001452,4.6452590634874955,0,0.3401317296637041,1.6019023877441496,0.01386227072414528,3318.2626049286946,33.182626049286945,0.0,293.1906074412655,269.9752802069063,74041.66974664737,243914.9636456893,10013.494213223621,29149.047581431383,38437.201127316446,8.15185458171243,8.151854581712433,170.0552908866705,49527.13082801091,35669.16218736426,19878.16116928916,1,0.0006906356358128232,0.001078553496300643,10,1
471,6,4.716064508750144,4.743519994275091,0,0.3330859787471934,1.586639917029444,0.004202479132559492,5536.184150798408,55.36184150798408,0.0,297.0880632586055,270.2133338505829,74181.7456750744,244507.68916861207,9909.840894212342,29455.611463535566,38560.29847038714,8.029340961335318,8.029340961335308,170.0552908866705,49527.13082801091,35728.67559828341,19878.16116928916,1,0.0011485770329397195,0.0010613871891318467,10,1
472,6,4.780703886846741,4.812390398305386,0,0.3283191655765032,1.59676526851269,0.010610929438411392,6053.384536597435,60.53384536597435,0.0,304.90741652080607,270.33440154131483,74254.7048949637,244846.25229515496,9874.157498395552,29563.157505226856,37183.914315646485,7.943808115439196,7.943808115439194,170.0552908866705,49527.13082801091,35758.9425209664,19887.241246094058,1,0.0013023662834873203,0.0010471929840799542,10,1
473,6,4.607718012170374,4.596713576189544,0,0.3437238309091567,1.5797398310651722,0.0001646638828024249,4944.986346413554,49.44986346413555,0.0,301.8520120368617,270.4333012682431,74217.58474889045,244863.20048081892,10004.312733633327,29180.15427329311,37166.41476696983,8.850439013977738,8.850439013977748,170.0552908866705,49527.13082801091,35783.667452698464,20070.338189792023,1,0.0010643988939838694,0.0011717807368036364,10,1
474,6,4.734573299748151,4.685748705415404,0,0.3371926450460234,1.6162411425935603,0.02293743202124067,8030.969029895583,80.30969029895583,0.0,313.0272816627417,271.3113622970126,74653.57323032073,246231.60250879708,9983.411688041375,29245.137481616934,37227.422185386495,10.265529607440603,10.265529607440596,170.0552908866705,49527.13082801091,36003.18270989083,20070.338189792023,1,0.0017258179177494842,0.001364194365073558,10,1
475,6,4.886875107111199,4.882122597649919,0,0.32362972629170683,1.6299257511444898,0.03159857667372767,6269.775126053747,62.69775126053747,0.0,313.9470410638944,271.84318586830045,74880.32663153003,247062.43751199008,9868.45361169999,29587.78966884557,36634.91436731564,10.43388410664163,10.43388410664163,170.0552908866705,49527.13082801091,36136.13860271281,20070.338189792023,1,0.0013691365702543947,0.0013864511273292493,10,1
476,6,4.7739631883600335,4.774560887344922,0,0.33092048405704166,1.6115335049579775,0.019957914530365484,6559.905225059519,65.5990522505952,0.0,312.2793753132635,271.97438397280166,74922.4122111628,247317.35406032138,9928.270789352211,29411.24036615894,37171.122945813004,11.27314587011942,11.273145870119428,170.0552908866705,49527.13082801091,36168.938128838105,20080.17804762961,1,0.0014118282591833154,0.001502260915729065,10,1
477,6,5.012507309159866,5.07735734573301,0,0.31118550309007215,1.5966477651594915,0.010536560227526203,6643.200922042599,66.432009220426,0.0,315.1459403059068,273.1074578489388,75336.76004870077,249163.36940921078,9645.067229897772,30279.67159830743,37009.5678419678,10.572079242929293,10.572079242929297,170.0552908866705,49527.13082801091,36452.20659787239,20080.17804762961,1,0.001435996432146262,0.0014056537538613238,10,1
478,6,4.779971542191254,4.751603395576133,0,0.33251933473046624,1.5822414185121616,0.0014186193114946394,5306.224978491696,53.06224978491696,0.0,308.61652147340135,273.1074578489388,75275.58815749196,249064.73121265697,9832.511070056016,29704.141576159218,37811.38921824585,9.959455676855594,9.959455676855592,170.0552908866705,49527.13082801091,36452.20659787239,20335.151174098428,1,0.0011226723139664346,0.0013234990017653373,10,1
479,6,4.821330496345143,4.810996095063882,0,0.3284143176963065,1.5992369436860616,0.012175280813963005,4034.172467395033,40.34172467395033,0.0,298.01308158536045,273.18814129828667,75375.9853554264,249480.87829200173,9842.93280042859,29674.17196778949,38203.00454149674,8.566469247873838,8.56646924787384,170.0552908866705,49527.13082801091,36472.37746020937,20341.20243279952,1,0.0008447864278346062,0.0011344850579824344,10,1
480,6,5.02666649468316,5.033338261146877,0,0.3139069774420421,1.610214676602623,0.019123213039634813,5279.100944350248,52.79100944350248,0.0,301.3755932657197,273.97187637220776,75827.9710993922,251041.46756970155,9673.511955396445,30198.158754025775,38801.84014325827,7.719475522175412,7.7194755221754185,170.0552908866705,49527.13082801091,36668.31122868964,20341.20243279952,1,0.0010884228015701426,0.001018627181123728,10,1
481,6,5.0468626352500925,5.078095704860711,0,0.3111402564720545,1.5794566977459017,0.0003438621861382131,4741.044856770627,47.410448567706275,0.0,302.38749813620234,274.2872222983392,76096.46232864825,252011.08685650997,9561.911162097214,30553.32395907999,38990.284910772585,7.354276556927797,7.35427655692779,170.0552908866705,49527.13082801091,36747.147710222496,20341.20243279952,1,0.000972764342219152,0.000968657857207967,10,1
482,6,4.7451750434387865,4.757795772157936,0,0.3320865534510698,1.5319056786975038,0.030439443862339394,3678.7730985048615,36.78773098504862,0.0,295.85984167536685,274.2872222983392,76046.01001455761,251891.66052968768,9711.841815968613,30083.046268320217,38520.56596379393,7.154992637322905,7.15499263732291,170.0552908866705,49527.13082801091,36747.147710222496,20577.812898590324,1,0.0007640122633634401,0.0009417331357175783,10,1
483,6,4.999072603841496,4.985289176360039,0,0.3169324675271138,1.6072063446941625,0.01721920550263442,6815.371023206677,68.15371023206677,0.0,306.9523571410357,274.84463129880703,76331.5610055065,252888.08816270297,9692.324210627223,30147.113709979985,38077.881450384266,8.004631245165742,8.004631245165744,170.0552908866705,49527.13082801091,36886.499960339446,20577.812898590324,1,0.0014318802966151677,0.0010562189673992532,10,1
484,6,4.934038002413505,4.878173275158,0,0.3238917338271108,1.6146135429502637,0.021907305664723823,8630.55275904697,86.30552759046971,0.0,321.11459650532555,275.01724235398797,76386.38516956854,253162.9367290244,9778.748022140599,29882.515582711087,38337.49257701904,10.031406675593606,10.031406675593614,170.0552908866705,49527.13082801091,36929.65272413468,20590.758727728895,1,0.001800963428520196,0.0013322853294996013,10,1
485,6,4.95094881265234,4.938338898883458,0,0.31994564009311566,1.6170182672457554,0.02342928306693373,5398.391610284917,53.98391610284917,0.0,309.5166779799249,275.3336457333392,76544.95244708101,253815.74802283247,9769.648058821118,29912.480543115907,38482.6525650638,10.89096338335647,10.890963383356466,170.0552908866705,49527.13082801091,37008.75356897249,20590.758727728895,1,0.0011222493774113293,0.0014516977008488974,10,1
486,6,4.951098194701553,4.938338898883458,1,0.31994564009311566,1.6079532233802587,0.01769191353180926,5209.42301858064,52.0942301858064,0.0,300.3543676894327,275.6547372503929,76682.44245072667,254474.8274170588,9742.434923588993,29998.230832099107,38987.92883742219,9.99540316062597,9.995403160625958,170.0552908866705,49527.13082801091,37089.0264482359,20590.758727728895,1,0.0010689304456881897,0.0013307144172065716,10,1
487,6,4.823201740999891,4.811956552141822,0,0.32834876684344444,1.6018035136540718,0.013799692186121353,6938.029820996006,69.38029820996006,0.0,307.7491730800401,276.0630328408885,76895.45609091535,255256.93660884563,9852.47153134765,29666.845801045263,39623.48187086549,9.023953268148666,9.02395326814867,170.0552908866705,49527.13082801091,37191.10034585981,20590.758727728895,1,0.0014007915495376853,0.001197323790879068,10,1
488,6,4.9205157125499,4.9507393138053155,0,0.31914425297937077,1.5876826022070467,0.004862406460156101,3816.3188837398775,38.16318883739878,0.0,297.7857830686112,276.243987636052,77054.31239447501,255895.8988190978,9711.80353701388,30098.63673926098,37263.66396291058,8.294998113231758,8.294998113231753,170.0552908866705,49527.13082801091,37236.33904465069,20590.758727728895,1,0.0008193115711945776,0.0010963445221401507,10,1
489,6,4.762530005343777,4.7278792181151,0,0.3341878942139962,1.5756913121525178,0.0027270176249887873,7109.836931285433,71.09836931285433,0.0,306.3520384526373,276.243987636052,77012.2224453487,255820.923351185,9834.616910438232,29725.148425829346,37917.425996802565,9.347314999023029,9.347314999023036,170.0552908866705,49527.13082801091,37236.33904465069,20812.69064170159,1,0.0015000674216409055,0.0012400568474577227,10,1
490,6,4.778877235135292,4.781600728573826,0,0.33043327740818196,1.5825870335547954,0.0016373630093641021,5542.66130944927,55.42661309449271,0.0,307.11080928283184,276.35484086224096,77013.98995963216,255964.25166919426,9839.448780746825,29711.80528313272,38839.45235618413,8.710463928656411,8.710463928656424,170.0552908866705,49527.13082801091,37264.05235119793,20889.25201326066,1,0.0011416559139133698,0.0011536783022496177,10,1
491,6,4.793424576296377,4.795818257916941,0,0.32945368548771314,1.602267691999396,0.014093475948984698,3638.598338311675,36.38598338311675,0.0,292.01246438475545,276.4276128290072,77035.92461386736,256149.17844555734,9885.589128563966,29574.225403556764,39495.640055741176,8.491455010386456,8.491455010386446,170.0552908866705,49527.13082801091,37282.245342889495,20894.709910768128,1,0.0007370126592558433,0.001126245331603373,10,1
492,6,4.899709059772235,4.913465883260675,0,0.32156527338121665,1.599620922563213,0.012418305419755003,5568.2079990092825,55.682079990092824,0.0,296.7593291174715,276.66329550636607,77180.11195324043,256695.83020683235,9769.99952695937,29925.937152351522,39845.01410275359,7.563674881487144,7.563674881487138,170.0552908866705,49527.13082801091,37341.16601222921,20894.709910768128,1,0.0011179733523797605,0.000998880641849658,10,1
493,6,4.8693877341954215,4.924851509911742,0,0.32082185560723947,1.5829698798330822,0.0018796707804317515,5250.657098904158,52.506570989041585,0.0,300.40975260512823,276.76830864834415,77305.53022591723,257208.10324786764,9749.54505431748,29990.662302737648,40105.02966588064,7.335833050803557,7.335833050803554,170.0552908866705,49527.13082801091,37367.41929772373,20902.585896416484,1,0.0010473812671673262,0.0009674557596009766,10,1
494,6,5.029709231028127,5.077947495165288,0,0.31114933770077724,1.606275746363798,0.016630219217593622,7158.628206978502,71.58628206978503,0.0,308.99262763596647,277.63272782141445,77732.09477784805,258724.88815966906,9663.96061667662,30260.627437116214,39236.25715036573,9.108153663649048,9.108153663649057,170.0552908866705,49527.13082801091,37583.52409099131,20902.585896416484,1,0.0014595945132165648,0.0012083163775878838,10,1
495,6,4.917330952946985,4.8971109702336655,0,0.32263920699444765,1.5878459376547687,0.0049657833258029095,4324.834887503471,43.24834887503471,0.0,299.90763640924746,277.7192245191645,77740.49396456992,258862.72602913162,9717.654956446086,30094.18254894983,39199.52450447029,8.527295025480397,8.527295025480402,170.0552908866705,49527.13082801091,37605.14826542883,20970.643463967917,1,0.0008826300710887999,0.0011298686171575636,10,1
496,6,4.843872445537446,4.893470699092343,0,0.32287921950632376,1.581445502000276,0.0009148746837189452,4850.284280065228,48.50284280065228,0.0,295.37851893542114,277.8162302047658,77812.4855462146,259221.0447642013,9771.663819328967,29930.018493608848,40103.897924134704,8.32260413420336,8.322604134203372,170.0552908866705,49527.13082801091,37629.39968682915,20977.918890388017,1,0.0009675437114348539,0.0011032560985800729,10,1
497,6,4.534267105895209,4.545971316039455,0,0.3475604860121575,1.507917816248442,0.04562163528579631,6336.969821012414,63.36969821012414,0.0,303.1491849493358,277.8162302047658,77780.02480737335,259081.13708625824,9862.443784287289,29656.095281167964,39943.49463792739,7.8674591840595705,7.867459184059582,170.0552908866705,49527.13082801091,37629.39968682915,21247.37997981682,1,0.0012691868607801373,0.0010397868811012638,10,1
498,6,4.580537760356304,4.619604914209516,0,0.3420205903626202,1.5702569222041936,0.0061665049340547595,8341.851188417226,83.41851188417226,0.0,314.8407788963917,277.98306722853414,77787.42753533661,259259.71900718476,10013.56494222687,29210.19591447834,40799.04693300465,9.704568577029827,9.704568577029834,170.0552908866705,49527.13082801091,37671.108942771236,21343.139515540206,1,0.0016356953047683147,0.001290808625661102,10,1
499,6,4.553688332257284,4.580965791668968,0,0.3449054351974028,1.6021732117468153,0.014033678320769108,4058.4098928552803,40.584098928552805,0.0,297.13241356449583,278.06423542639124,77809.78380411453,259458.21977869677,10144.80428028041,28833.509726317196,41101.22633510354,9.254589543341242,9.254589543341245,170.0552908866705,49527.13082801091,37691.40099223551,21349.227130379488,1,0.0007899345600574634,0.001231605575201972,10,1
500,6,4.346978534931808,4.333272598885882,0,0.3646204950056062,1.5492923515914399,0.01943522051174697,5618.820594737472,56.18820594737472,0.0,295.1495311689318,278.06423542639124,77769.82866502317,259384.11738245137,10210.695298896635,28648.9978766368,41135.245605098375,8.82328366754182,8.823283667541814,170.0552908866705,49527.13082801091,37691.40099223551,21563.159702646502,1,0.0010927506107397235,0.0011727934918551672,10,1
501,6,4.1508453048561025,4.0742399435826275,0,0.38780239305460457,1.516372158448066,0.0402707857923633,2946.4443901896934,29.464443901896935,0.0,285.20421846303736,278.06423542639124,77739.50271448717,259331.3027449709,10337.790577110085,28298.178148759973,40872.14093950697,6.239234715349102,6.239234715349107,170.0552908866705,49527.13082801091,37691.40099223551,21711.791524467546,1,0.0005767144705339696,0.0008197998804437189,10,1
502,6,4.130885214468956,4.076017770015016,0,0.38763324625892864,1.5498439880920916,0.019086083486018042,3433.3113870880043,34.33311387088004,0.0,280.64625122200295,278.06423542639124,77654.25551241306,259128.0236830058,10476.807396419548,27924.41632914661,41601.970992892166,5.915131009857529,5.915131009857523,170.0552908866705,49527.13082801091,37691.40099223551,22005.022549531455,1,0.0006602209087977291,0.000776561996690474,10,1
503,6,4.248987425364695,4.255240930583412,0,0.3713068251069336,1.5869923348156647,0.004425528364344706,3212.990460261805,32.12990460261805,0.0,281.1048784777983,278.2816023729933,77857.10416981416,259767.03861104618,10453.744292171341,27988.68467790885,40921.830627693475,4.789037511392531,4.789037511392529,170.0552908866705,49527.13082801091,37745.74272888603,22005.022549531455,1,0.0006281225274584746,0.0006216859689300577,10,1
504,6,4.2902827185783,4.320965799730608,0,0.36565899227864884,1.59318283688948,0.008343567651569598,4553.682313055362,45.53682313055362,0.0,286.31851582426236,278.49133577140896,77997.86937307783,260241.9364220589,10423.858182549415,28070.4119991754,41855.46240790202,5.502536743901599,5.502536743901596,170.0552908866705,49527.13082801091,37798.17607848994,22005.022549531455,1,0.0008703633028688095,0.0007195689130416711,10,1
505,6,4.1849006022093,4.154347591992599,0,0.38032445889829014,1.5871588314608434,0.004530905987875497,4482.544062606718,44.825440626067184,0.0,289.43909373153934,278.58098665266107,78008.37064826372,260333.6904709391,10534.58336628384,27776.794231115335,42039.6226170834,5.973280224633815,5.97328022463382,170.0552908866705,49527.13082801091,37820.58879880297,22059.966331661948,1,0.0008530131877606672,0.0007838330060293171,10,1
506,6,4.064826528307492,4.1636327468078305,0,0.3794763121726701,1.5618990712773806,0.011456284001657898,4846.7579415881,48.467579415881005,0.0,291.9553494285308,278.6779218114928,78037.99603275613,260487.65943596922,10603.81153878913,27596.31223084866,42187.99939491524,6.6825651290422465,6.682565129042247,170.0552908866705,49527.13082801091,37844.82258851091,22067.23646857433,1,0.0009190780337732274,0.0008808181748009014,10,1
507,6,4.028572558097726,4.009290449175378,0,0.3940846940447956,1.5842906195913125,0.002715582019817964,3711.590164936442,37.11590164936442,0.0,288.24305405870746,278.75215361479155,78047.03842581822,260581.39408454392,10727.686828702048,27278.621886383396,40450.822145682454,6.358355083765843,6.35835508376584,170.0552908866705,49527.13082801091,37863.380539335594,22107.92638640571,1,0.0007340449401140493,0.0008353787205493147,10,1
508,6,4.073075036139372,4.126105566598904,0,0.3829276722317054,1.5627639569909295,0.010908887980424402,4653.762703028191,46.53762703028191,0.0,290.8977777116094,278.84522886885213,78225.93859401265,261130.59082731404,10596.640871527718,27618.318945529794,41414.004760559714,6.466483056853935,6.466483056853939,170.0552908866705,49527.13082801091,37886.649352850734,22114.907030460254,1,0.0008989737128653956,0.0008506988955842241,10,1
509,6,3.8807269749881583,3.9113500831480166,0,0.4039525908988312,1.5139131519234479,0.04182711903579252,5575.203916266904,55.75203916266904,0.0,297.185823032622,278.84522886885213,78148.71398575489,260880.0157168852,10685.443262968376,27390.79705967419,41209.42833570655,6.870538096392687,6.8705380963926785,170.0552908866705,49527.13082801091,37886.649352850734,22464.920571164417,1,0.0010823161866453134,0.0009051116132082528,10,1
510,6,3.7762423415194366,3.697600113676491,0,0.42730418418043054,1.52519213530321,0.03468852195999367,3938.578609945555,39.38578609945555,0.0,291.6584552763564,278.84522886885213,78076.30628317605,260704.86809356746,10872.821698229702,26920.155643527367,40892.50254482624,6.9564086735287525,6.956408673528747,170.0552908866705,49527.13082801091,37886.649352850734,22736.69880400158,1,0.0007705233702687865,0.0009172710899264984,10,1
511,7,3.6767508233640482,3.7082242177422846,0,0.4260799528896792,2.0779439797472223,0.31515441756153306,2883.1649677404966,28.831649677404968,0.0,329.3963002334686,301.87629132644554,74104.06700953074,260527.51201987494,14964.1696090609,26477.866327160056,41514.01934352266,6.150156073450265,6.150156073450272,207.5700967176133,49319.56073129329,37886.649352850734,22976.00527236574,1,0.0005556031457966454,0.0008028142342369151,13,1
512,7,3.647965144066872,3.699824584710217,0,0.4270472731408565,1.8738671335536103,0.18599185667950016,4996.355378211329,49.96355378211329,0.0,336.1220003750217,304.8741045533723,74794.79121204047,262935.0287414951,14267.713650671722,27775.780444194694,40588.628587266474,5.9254675637828935,5.9254675637829,207.5700967176133,49319.56073129329,38636.10265958244,22976.00527236574,1,0.0009847793437945905,0.0007703019532866741,13,1
513,7,3.823000428303988,3.848905088207981,0,0.4105063553894064,1.8294978288194508,0.15791001824015866,4302.868732057777,43.028687320577774,0.0,338.5092124322477,306.8658358661493,75671.80349376667,265013.2741272541,13772.105879788216,28778.807959041427,40634.65415815849,6.113685877446868,6.113685877446867,207.5700967176133,49319.56073129329,39134.03548777669,22976.00527236574,1,0.0008471328369741002,0.0007958384421884454,13,1
514,7,3.912718137878215,3.861934491612311,0,0.40912138811043613,1.70223694429606,0.0773651546177595,6782.468732454028,67.82468732454028,0.0,347.88412521373505,309.30109216770916,76352.90603580954,267335.2507289466,13132.353781841655,30185.691250223877,40107.05410024394,8.066240834090692,8.06624083409068,207.5700967176133,49319.56073129329,39742.849563166645,22976.00527236574,1,0.0013528729814963449,0.0010615950540883452,13,1
515,7,3.7474465746972956,3.711464485132649,0,0.42570796684951445,1.6173195256270119,0.023619952928488477,3987.8673986603467,39.87867398660347,0.0,339.35931705437866,309.6051640408954,76496.62980966619,267830.9919604848,13080.152576577471,30307.661654310385,40960.7703372262,7.550989276469733,7.550989276469721,207.5700967176133,49319.56073129329,39818.86753146319,22976.00527236574,1,0.0007788657031259143,0.0009929571738654531,13,1
516,7,3.771252593785192,3.8484943131598386,0,0.4105501714260629,1.5562576359244116,0.015026812706068668,4369.299670764969,43.69299670764969,0.0,333.4909864797161,309.92854278579637,76885.20417016624,268929.2130386759,12790.980504086408,30996.164959819445,41723.95852298795,7.517501576659469,7.5175015766594635,207.5700967176133,49319.56073129329,39899.71221768844,22976.00527236574,1,0.0008377536217437642,0.0009898307687886746,13,1
517,7,3.8135152132436394,3.7324925891708984,0,0.4233096147555826,1.6010847439955425,0.01334477468072303,4630.323839173266,46.303238391732656,0.0,336.3421249153578,310.02114926257985,76772.79315910809,268732.32835965726,12902.160912942249,30730.78243343732,41053.701140098456,6.4283955017342596,6.428395501734265,207.5700967176133,49319.56073129329,39922.8638368843,23310.93172915642,1,0.0009022960094870825,0.000839638444785587,13,1
518,7,3.4119383131982013,3.4144454025688704,0,0.4627398636426523,1.4887967512874987,0.05772357513449456,3582.92024456334,35.8292024456334,0.0,332.64653438116324,310.02114926257985,76673.8664098599,268474.738214698,13153.693553990413,30144.874347768837,39490.754098933525,6.3077482415698105,6.307748241569809,207.5700967176133,49319.56073129329,39922.8638368843,23646.75413467473,1,0.000725824629347374,0.000821958086859407,13,1
519,7,3.2562602926223487,3.1810328666657655,0,0.496694019278114,1.4600658859337183,0.07590766713055806,8272.068690878803,82.72068690878802,0.0,349.25854953117107,310.02114926257985,76654.4103549196,268231.5933277624,13334.501927163466,29738.801218241544,39875.08969040268,8.319807870867846,8.319807870867834,207.5700967176133,49319.56073129329,39922.8638368843,23991.154379377826,1,0.0016595962552269341,0.001095905631353797,13,1
520,7,3.2329302541145926,3.228427843218515,0,0.48940229632787813,1.493401975795221,0.05480887607897406,2825.24384780907,28.2524384780907,0.0,331.92724564224665,310.02114926257985,76563.36990622367,268042.8436374427,13534.820311257254,29300.302783494073,40318.08896012451,7.469122511023958,7.469122511023967,207.5700967176133,49319.56073129329,39922.8638368843,24269.41491946643,1,0.0005605908257414283,0.000982003903438579,13,1
521,7,3.0473024685198395,3.063665941220596,0,0.5157220239784079,1.4504013655410548,0.08202445218920586,3103.042714857663,31.03042714857663,0.0,318.78848102196355,310.02114926257985,76513.76042090774,267912.0005135029,13739.10261445729,28865.9417365241,39959.407306869,7.2053267591210055,7.2053267591209975,207.5700967176133,49319.56073129329,39922.8638368843,24483.268208464197,1,0.0006212389870606017,0.0009471420226763214,13,1
522,7,2.980407392053102,2.988311612967029,0,0.5287266539218957,1.470030517040462,0.06960093858198615,3257.370463047683,32.57370463047683,0.0,320.314539647974,310.02114926257985,76382.03366182253,267584.35390461824,13986.593685890924,28357.062474455535,40293.068609090544,4.7396703697083336,4.73967036970833,207.5700967176133,49319.56073129329,39922.8638368843,24863.896003621147,1,0.0006467356447134009,0.0006095218191718103,13,1
523,7,3.112204675601449,3.091355339725191,0,0.5111026803345279,1.5795281154812202,0.0002986610878353708,2813.9113861017613,28.139113861017613,0.0,317.832981823823,310.02114926257985,76236.75076414274,267314.87801959587,14188.18390335198,27955.52155705218,40901.686042849884,4.708281284023089,4.708281284023094,207.5700967176133,49319.56073129329,39922.8638368843,25185.329060191554,1,0.000550375626697407,0.0006061167528238033,13,1
524,7,3.151306911762554,3.1372570377918563,0,0.5036246571342703,1.5904223903056431,0.006596449560533588,4425.154914803068,44.25154914803068,0.0,323.24668061602813,310.10965236087594,76259.69753918557,267409.4981392832,14148.584250752332,28034.39615339049,41764.02792924307,5.258087464292357,5.258087464292358,207.5700967176133,49319.56073129329,39944.98961145832,25191.96679256376,1,0.0008476490672403915,0.0006815867795503999,13,1
525,7,3.222102927248926,3.2027892952709522,0,0.4933199952719131,1.6059860495740539,0.0164468668190214,1999.4474081927945,19.994474081927944,0.0,313.7846198216986,310.2089314809606,76358.85091153196,267666.46424130665,14060.792135924994,28210.282095923973,41853.92161904414,4.605468087250133,4.605468087250135,207.5700967176133,49319.56073129329,39969.80939147948,25191.96679256376,1,0.0003821763564029837,0.000593400350113594,13,1
526,7,3.1207012811893704,3.1390961017297463,0,0.5033296047003364,1.56358399376646,0.010389877363000071,4026.770309006135,40.26770309006135,0.0,317.3909123534468,310.2894668871407,76352.57607340853,267700.29912495695,14097.660767590387,28137.01610823957,42060.29326502925,5.131708253087027,5.131708253087027,207.5700967176133,49319.56073129329,39989.943243024514,25255.076149840053,1,0.0007659043713523826,0.0006652432649985859,13,1
527,7,3.129188034284946,3.191611743432259,0,0.49504768343184136,1.5547770933924234,0.015963864941504206,6426.243579898719,64.26243579898718,0.0,330.3273462046614,310.41799175873865,76543.19007955586,268135.3480224589,14039.415659805369,28256.122165498928,43023.34780627661,5.981571456728506,5.9815714567285125,207.5700967176133,49319.56073129329,40022.07446092401,25264.7155152099,1,0.0011949313863411073,0.0007810040380321579,13,1
528,7,3.142414414610939,3.145201969688367,0,0.5023524769560505,1.5724967489580728,0.004748893064510939,2941.55631924592,29.4155631924592,0.0,317.1520592341219,310.47682288512357,76538.2145864757,268186.5373456668,14089.65396100297,28156.19919931317,43872.17251390271,6.34043329011683,6.340433290116822,207.5700967176133,49319.56073129329,40036.78224252024,25317.612318198328,1,0.0005363867163521508,0.0008324074913485469,13,1
529,7,3.207647601002952,3.1925356828109503,0,0.49490441360042947,1.6075991327589205,0.01746780554362054,7192.596630246486,71.92596630246486,0.0,327.2674077850422,310.6206748177285,76580.20605020797,268337.94278268144,14100.581399894321,28134.934374153225,44864.701305258524,7.59997208089824,7.59997208089825,207.5700967176133,49319.56073129329,40072.745225671475,25328.401213143698,1,0.0012825399783777814,0.001004619360357013,13,1
530,7,3.1805667801761066,3.1504040730612117,0,0.5015229676441892,1.6196625694397706,0.025102892050487678,6611.951414461016,66.11951414461016,0.0,334.6945244786282,310.75291384601775,76619.83122607414,268481.05355612154,14213.895425992263,27912.137047437787,44106.734581256394,7.621236048747323,7.621236048747317,207.5700967176133,49319.56073129329,40105.80498274378,25338.31914026539,1,0.001199263827120103,0.001006063507283345,13,1
531,7,3.2885574484729845,3.2235053281991575,0,0.4901496473972582,1.6294430351692508,0.031293060233703006,3874.3220339845393,38.743220339845394,0.0,318.4784956892899,311.1944053221824,76910.26454494336,269192.6945483837,14021.144026652451,28297.60637822544,44886.403362558194,7.978275694098046,7.97827569409805,207.5700967176133,49319.56073129329,40216.17785178493,25338.31914026539,1,0.0006905114678386176,0.0010574384244455006,13,1
532,7,3.357951943027554,3.3855621090414347,0,0.4666876427345622,1.5844474614592101,0.002814849024816484,2499.7999355569486,24.997999355569487,0.0,303.2159294411524,311.4503844359414,77293.7377302432,270107.034539796,13683.198828167458,28999.083408901115,44840.395526312546,5.930514471929316,5.930514471929319,207.5700967176133,49319.56073129329,40280.17263022469,25338.31914026539,1,0.00044599070212751444,0.0007785886656954116,13,1
533,7,3.3447536301335363,3.3159274352112336,0,0.4764881110552257,1.5857052220752583,0.0036109000476318063,4062.60801411693,40.626080141169304,0.0,307.12184392290465,311.53163659622373,77267.3741283142,270106.40880140255,13715.795063173973,28930.94800285742,44918.495274144756,4.775693602870776,4.7756936028707795,207.5700967176133,49319.56073129329,40300.485670295275,25441.35514231793,1,0.0007235519336651301,0.0006200180345437541,13,1
534,7,3.255607621953034,3.319019312644596,0,0.4760442320960933,1.5514312637409542,0.018081478644965746,2710.6878506168914,27.106878506168915,0.0,304.44804154305393,311.53163659622373,77271.8842970923,270141.64924114186,13751.377116388743,28856.63657732046,43462.53411546148,4.315668160656634,4.315668160656639,207.5700967176133,49319.56073129329,40300.485670295275,25460.014626971657,1,0.0004989470413143875,0.000556163225702344,13,1
535,7,3.034047425723689,3.0789767784532045,0,0.5131574914942196,1.4908129957088923,0.0564474710703214,4106.195586689523,41.06195586689523,0.0,307.9365006154554,311.53163659622373,77188.9209680359,269918.0588011164,13964.006467437079,28419.029078271742,44110.30766108138,5.0416934841977294,5.04169348419773,207.5700967176133,49319.56073129329,40300.485670295275,25745.53975906522,1,0.0007447140234412699,0.0006557376661402626,13,1
536,7,3.1783416695195474,3.132616456154992,0,0.5043707144216785,1.600531522176888,0.012994634289169638,5488.714709603619,54.88714709603619,0.0,316.43693412679465,311.6414108904158,77116.61847221084,269814.41659017367,14136.83053115392,28072.97259037482,43724.80834406501,5.734016578029392,5.734016578029386,207.5700967176133,49319.56073129329,40327.92924384329,25968.97915093341,1,0.0010042289340940942,0.0007492966662832505,13,1
537,7,3.159264018018219,3.092766102346093,0,0.5108695412826249,1.6078758638203332,0.017642951785020972,5036.187952382247,50.36187952382247,0.0,318.10465043676686,311.7421346494634,77091.83126562316,269822.11359216983,14212.289792104055,27925.275056469924,44796.09496563227,6.703488213159841,6.703488213159833,207.5700967176133,49319.56073129329,40353.110183605204,26088.933885742616,1,0.0008993976740599429,0.0008827802105317691,13,1
538,7,3.1895920813632044,3.177326839454323,0,0.49727336211698975,1.6089388108656488,0.01831570307952453,5317.737194344978,53.17737194344978,0.0,318.64615820993544,312.15583337892554,77359.03621633432,270446.69294704153,14149.779546592266,28050.802485498858,45504.94536322056,7.162634739879009,7.162634739878997,207.5700967176133,49319.56073129329,40456.53486597073,26088.933885742616,1,0.0009348851474315664,0.0009461705851952013,13,1
539,7,3.2517922508144395,3.2861641314644947,0,0.4808037385813306,1.5690141820891124,0.006953049310688422,3072.8840653637108,30.728840653637107,0.0,308.1392368586509,312.41814179461386,77750.2847162213,271364.1544949691,13839.494820688858,28682.44438248592,43882.8163525119,6.082868456126353,6.082868456126358,207.5700967176133,49319.56073129329,40522.111969892816,26088.933885742616,1,0.0005601981496682704,0.0007981603237199266,13,1
540,7,3.1440006410451518,3.127578226504278,0,0.5051832074448158,1.5483421044658563,0.020036642743128972,3289.2628824846124,32.89262882484613,0.0,303.83128235906304,312.41814179461386,77635.44386450353,271137.96879977535,13982.022415340136,28391.327284936244,44037.14899729061,5.343887278733691,5.343887278733695,207.5700967176133,49319.56073129329,40522.111969892816,26380.593547889996,1,0.0005975432937653589,0.0006975421969550652,13,1
541,7,3.144609179835613,3.15191250904447,0,0.5012829497856179,1.568749260388454,0.007120721273130373,3610.7440025603146,36.10744002560315,0.0,306.2483339402655,312.49035667466507,77631.42130311759,271170.6122877086,14072.642105609924,28209.07117998208,43298.921888185854,4.698677602732151,4.698677602732154,207.5700967176133,49319.56073129329,40540.16568990562,26437.96654096199,1,0.0006671286665076082,0.0006082900366470792,13,1
542,7,3.026118415121877,3.004379838289878,0,0.525898882645728,1.539381002585324,0.025708226211820256,2516.9872916718577,25.169872916718578,0.0,301.337075935283,312.49035667466507,77564.83736318928,271050.4967156383,14210.804885387217,27935.630155985775,42832.01565860752,4.478099991327661,4.478099991327658,207.5700967176133,49319.56073129329,40540.16568990562,26609.734293492376,1,0.0004701132557913687,0.0005782617386881119,13,1
543,7,2.9529232535223353,2.9358880040737922,0,0.538167667774662,1.5382212286053203,0.026442260376379607,2489.866775813917,24.89866775813917,0.0,297.9153460869277,312.49035667466507,77466.64377201174,270864.3638670972,14380.686868334882,27606.604216242507,43349.72798250481,4.136231908917347,4.1362319089173445,207.5700967176133,49319.56073129329,40540.16568990562,26843.00310678321,1,0.0004594938684401958,0.0005322452635797242,13,1
544,7,3.0074999598479835,2.962010084284289,0,0.5334215465312218,1.5996497448885294,0.012436547397803373,3181.093808248472,31.81093808248472,0.0,300.945500520085,312.55397855083004,77368.51633270744,270714.0015685134,14531.640127914468,27320.922746293807,42175.74701178609,3.990757984509825,3.9907579845098207,207.5700967176133,49319.56073129329,40556.07115894686,27064.966133779104,1,0.0006033977408598378,0.0005110016216971341,13,1
545,7,3.0877684815843893,3.118109903584582,0,0.5067172257730975,1.5851479011225214,0.003258165267418532,3421.9856976837764,34.21985697683777,0.0,303.7016214797819,312.80626667164785,77639.04695606606,271330.35624182853,14276.816827930634,27810.341853539427,42324.43159256562,4.422183111017097,4.4221831110171,207.5700967176133,49319.56073129329,40619.14318915131,27064.966133779104,1,0.0006468104721406076,0.000569900693813547,13,1
546,7,3.038352912674029,3.002446048458391,0,0.5262375991106494,1.5901289005358856,0.006410696541699718,2875.6212454571473,28.756212454571475,0.0,300.8969888951051,312.863779096557,77575.57674452063,271247.70340810873,14415.253552425842,27544.073693137223,43320.926470328464,4.587881265831577,4.5878812658315695,207.5700967176133,49319.56073129329,40633.521295378596,27225.580651672044,1,0.0005310359643257822,0.0005937480591087425,13,1
547,7,3.1482904366994844,3.174153312270758,0,0.4977705373877116,1.5926342423615052,0.00799635592500324,4568.58010030566,45.6858010030566,0.0,306.670292177815,313.40447512531455,78033.38133756917,272247.6666385874,14173.334614011232,28017.590376098942,43388.08071724779,5.173834890453924,5.17383489045393,207.5700967176133,49319.56073129329,40768.69530256799,27225.580651672044,1,0.0008423659262696157,0.0006734041209120019,13,1
548,7,3.1618746071918586,3.094300474024668,0,0.5106162162541827,1.6207774734113607,0.025808527475544695,4076.1178545628854,40.76117854562886,0.0,309.06359899112823,313.600187287734,78069.0164296775,272401.1095138269,14267.466708850556,27833.519058430396,42821.42130354505,5.458391139893707,5.458391139893709,207.5700967176133,49319.56073129329,40817.623343172854,27225.580651672044,1,0.0007615100537030399,0.000711637314766146,13,1
549,7,3.0785011228137584,3.0446330232193035,0,0.5189459576738596,1.591409811886414,0.00722139992811005,4270.994557358662,42.70994557358662,0.0,308.9518165807966,313.6856071788812,78080.98495120628,272488.72779093613,14327.958816051821,27716.705636343693,43899.75685147723,6.0535460155272895,6.053546015527292,207.5700967176133,49319.56073129329,40838.97831595965,27247.466549335168,1,0.0007783176698328238,0.0007940645499351597,13,1
550,7,3.0732387134748893,3.0634506866981814,0,0.5157582613816906,1.5908233874500197,0.006850245221531424,3664.891833807145,36.64891833807145,0.0,306.207852248397,313.75890501555733,78097.97784136624,272582.4226657165,14337.783883298876,27698.506850732865,43969.682527788005,5.6236575914297555,5.623657591429752,207.5700967176133,49319.56073129329,40857.302775128686,27252.96388708588,1,0.0006668034196500742,0.0007355437143953127,13,1
551,7,2.9174236408048406,2.9379838514723113,0,0.5377837591613088,1.5604194669845524,0.012392742414840322,3799.332557527572,37.99332557527572,0.0,305.6709389726729,313.75890501555733,77978.28789786204,272362.96723452606,14574.799211414827,27249.636831008793,43925.34803343802,5.454233777982914,5.454233777982914,207.5700967176133,49319.56073129329,40857.302775128686,27533.755957908914,1,0.0006919617446646694,0.0007123609447158558,13,1
552,7,2.4527422422062553,2.4495573289021113,0,0.6450145017459764,1.3651372009368972,0.13598911333107777,3229.209267502468,32.292092675024676,0.0,303.78168615580216,313.75890501555733,77899.03786608686,272098.7932534503,14868.198481379215,26713.694752262054,42369.08554160844,5.051704257448358,5.0517042574483515,207.5700967176133,49319.56073129329,40857.302775128686,27850.58645519238,1,0.0006097293300005226,0.000656164831438422,13,1
553,7,2.5212351313923023,2.5611513398243466,0,0.616910049567146,1.4547649367911786,0.07926269823343132,3973.322675275489,39.73322675275489,0.0,306.6884732740469,313.75890501555733,77819.1688843642,271872.8113455871,15139.015532451074,26237.240704536092,41781.041406433724,5.286626606894894,5.286626606894894,207.5700967176133,49319.56073129329,40857.302775128686,28128.946907162663,1,0.0007607895909772416,0.0006874935552141446,13,1
554,7,2.7346601089039018,2.6975570587862885,0,0.585715136165049,1.592162151747376,0.00769756439707342,2921.052290782437,29.21052290782437,0.0,302.9325473241032,313.81732606137297,77812.20550330398,271897.2070701657,15207.37645678765,26119.830641508703,42147.508555388486,4.946417017797976,4.946417017797975,207.5700967176133,49319.56073129329,40871.9080365826,28177.28176012557,1,0.0005544436463082913,0.0006416541890953519,13,1
555,7,2.562971699947427,2.5336232763539157,0,0.6236128372935321,1.5174574268416765,0.039583907062230105,2784.8286817344033,27.848286817344032,0.0,299.23636564784954,313.81732606137297,77714.08711562592,271716.90673841,15335.81718060658,25902.05480180704,42013.97209835128,4.750681790248514,4.75068179024852,207.5700967176133,49319.56073129329,40871.9080365826,28403.74880202325,1,0.0005302671549769865,0.0006151667974208399,13,1
556,7,2.646115960553054,2.599961168751339,0,0.6077013837705941,1.5932820552385847,0.008406364075053551,2866.2467791324475,28.662467791324474,0.0,298.85643282110016,313.8746509969556,77632.9564604981,271616.59632239706,15465.706922336058,25685.379304859587,43135.0685584252,4.185873623545604,4.185873623545607,207.5700967176133,49319.56073129329,40886.23927047826,28567.498264427843,1,0.000531585436151599,0.0005387654124789589,13,1
557,7,2.705629203272072,2.6883324278140734,0,0.5877249344809353,1.5966294577972007,0.010524973289367466,3909.6592966107464,39.096592966107465,0.0,303.277916521788,314.1095615710074,77867.11742738154,272047.26900201885,15311.155560687848,25946.101281378506,43046.56778982558,4.6090359428041054,4.609035942804109,207.5700967176133,49319.56073129329,40944.96691399121,28567.498264427843,1,0.000726591595538974,0.0005961480622225199,13,1
558,7,2.6465351100031356,2.647101899831294,0,0.596879175713144,1.5706365236725688,0.005926250840146383,5290.202980467403,52.90202980467403,0.0,311.4571926842328,314.21536563061676,77827.55313131785,272016.5417622914,15354.881164200537,25873.09762538936,41634.466165589256,5.808106004317928,5.808106004317926,207.5700967176133,49319.56073129329,40971.41792889354,28696.04845027238,1,0.0010165045391819603,0.0007582271902908444,13,1
559,7,2.611816505861106,2.6050310173543507,0,0.6065186899788378,1.5625889745930948,0.011019636333484373,3045.9684232106974,30.459684232106977,0.0,303.4682449542619,314.21536563061676,77764.12443970489,271933.97532162507,15417.207236347109,25769.35905019959,41636.595077575446,5.931668358399442,5.931668358399438,207.5700967176133,49319.56073129329,40971.41792889354,28835.198126587817,1,0.0005852483215854871,0.0007761148187688072,13,1
560,7,2.647914238804554,2.669413572021736,0,0.5918903000119814,1.5878847066388666,0.004990320657510465,2418.411984606365,24.184119846063652,0.0,293.3748358071835,314.2637338703089,77779.73494434082,272000.8148185733,15435.268506400942,25739.44259743156,42473.64064332109,5.2581271956735005,5.258127195673497,207.5700967176133,49319.56073129329,40983.50998881657,28838.825744564725,1,0.0004555130095704017,0.0006857552901126164,13,1
561,7,2.646837344146719,2.6210785171437037,0,0.6028052916635975,1.5882028685861216,0.00519168897855792,4422.0360599536725,44.220360599536725,0.0,299.8095079267456,314.35217459150795,77807.7114305176,272076.19664917234,15440.044189619033,25731.779210763438,43430.24414019554,4.7665695174087785,4.766569517408778,207.5700967176133,49319.56073129329,41005.62016911634,28845.458798654654,1,0.0008145542163067865,0.0006184385158208918,13,1
562,7,2.670829440786681,2.6210785171437037,1,0.6028052916635975,1.6156263144316436,0.02254830027319212,3108.048287570019,31.08048287570019,0.0,297.9848802425241,314.47651315772066,77834.57989803114,272171.81906763825,15502.849271582758,25628.12073606729,43575.86273896453,4.728554860316477,4.728554860316473,207.5700967176133,49319.56073129329,41036.704810669515,28845.458798654654,1,0.0005705999775496584,0.0006135557344756154,13,1
563,7,2.694665264850591,2.6672196236958645,0,0.5923771653309353,1.6176808559385454,0.02384864299907931,5491.937235913995,54.919372359139956,0.0,305.3178249701501,315.0661895126964,78121.32414972581,272792.1750835703,15444.627047071956,25727.015238843745,43623.41229689406,6.076744938404276,6.076744938404276,207.5700967176133,49319.56073129329,41184.12389941345,28845.458798654654,1,0.0010071540847903851,0.0007974360928822765,13,1
564,7,2.6592722354772578,2.689309182443517,0,0.5875114733235715,1.5697396788650402,0.006493874136050565,3715.4830335692072,37.154830335692075,0.0,302.78125352891124,315.14049917336774,78289.68418235735,273130.52744676184,15315.374035789602,25945.543390208313,43113.838549073625,5.773141750014587,5.7731417500145845,207.5700967176133,49319.56073129329,41202.701314581296,28851.032023205007,1,0.0006894274615497517,0.0007557271746299318,13,1
565,7,2.727662438952744,2.777348776595416,0,0.568887859283135,1.570081563012347,0.00627749176433737,3595.0996185470094,35.950996185470096,0.0,297.47453194876795,315.2124011657387,78519.15889290762,273575.5780517806,15124.203612083258,26274.891116232095,43773.743841040654,5.97517301490098,5.975173014900985,207.5700967176133,49319.56073129329,41220.67681267403,28856.424672632827,1,0.0006570330619381706,0.0007845382027594359,13,1
566,7,2.750972425002469,2.7311051042019114,0,0.5785203936564391,1.5953771699362873,0.009732386035624834,3022.341425816844,30.223414258168443,0.0,293.888893706444,315.272847994255,78538.4180631944,273646.28656095825,15181.01368328823,26177.226810873137,43939.72426728355,4.859507306308248,4.859507306308249,207.5700967176133,49319.56073129329,41235.788519803114,28860.958184771553,1,0.0005502704400113328,0.0006322436544997517,13,1
567,7,2.7488034627238145,2.7778604280593546,0,0.5687830763706895,1.5833569586439107,0.0021246573695636786,2992.3888160664487,29.92388816066449,0.0,292.2320537098648,315.3326957705763,78641.74704894316,273867.5067513026,15129.935768203744,26266.483753636356,43822.077765658774,4.510456425940567,4.5104564259405695,207.5700967176133,49319.56073129329,41250.75046388344,28865.44676799565,1,0.000546279677941047,0.0005845277266301835,13,1
568,7,2.8650043338586277,2.830731520455392,0,0.5581596094799618,1.6199851924731954,0.025307083843794504,5585.746144867016,55.85746144867016,0.0,302.23743522123596,315.8662976485629,78851.4295609305,274384.95738645544,14990.842939377508,26511.865780662814,44579.83399129253,5.354857208705773,5.35485720870578,207.5700967176133,49319.56073129329,41384.15093338009,28865.44676799565,1,0.0010023807887589787,0.0006996436355704528,13,1
569,7,2.788479326652589,2.7776922409257203,0,0.5688175157494892,1.5785596565770519,0.000911609761359612,2849.470006247574,28.49470006247574,0.0,293.7406415499588,315.9232870486879,78863.65320650644,274462.2248327984,14999.787131806805,26496.68395297114,45717.68640847778,5.216232286136579,5.216232286136586,207.5700967176133,49319.56073129329,41398.398283411334,28869.720973005024,1,0.0004986201586472539,0.0006824268751157598,13,1
570,7,2.768688919110742,2.764509972894658,0,0.5715298608040891,1.5738528785989252,0.0038905831652372613,3385.029211917273,33.850292119172735,0.0,288.7393696013202,315.99098763292625,78884.83797551027,274544.6500619219,15031.006171571184,26442.230272096243,46509.18430981901,5.295857759502479,5.29585775950248,207.5700967176133,49319.56073129329,41415.32342947092,28874.7985168229,1,0.0005822556146103172,0.0006944188540055166,13,1
571,7,2.7902485560176,2.791645837924518,0,0.5659743720122713,1.5946756319444821,0.009288374648406374,3624.086699512546,36.240866995125465,0.0,291.0673457737224,316.0634693669165,78902.44393680594,274618.798325288,15071.687100087185,26371.352471529735,47227.86202419629,4.348880159317978,4.348880159317974,207.5700967176133,49319.56073129329,41433.44386296848,28880.234646872166,1,0.0006138896057002649,0.0005649217929859454,13,1
572,7,2.669891280361322,2.6332802461101963,0,0.6000120960668465,1.558015056096018,0.013914521458216512,2788.9704459904833,27.889704459904834,0.0,286.7054986636208,316.0634693669165,78804.96137632633,274462.5242298508,15229.805010138698,26098.543424901636,48075.765127628954,4.257592019677709,4.257592019677715,207.5700967176133,49319.56073129329,41433.44386296848,29084.551858341983,1,0.000464095860121868,0.0005534136934774833,13,1
573,7,2.646902456447139,2.6462909548154667,0,0.5970620868899044,1.5720733133466347,0.005016890286940113,2567.1142212231553,25.671142212231555,0.0,282.6955609546346,316.1148116513409,78735.44006377843,274376.8037858992,15364.947197309559,25869.98719109471,48826.702984913056,3.857904765754605,3.8579047657546113,207.5700967176133,49319.56073129329,41446.2794340746,29234.12853810551,1,0.00042060824332396427,0.0004995312363820324,13,1
574,7,2.775214389101553,2.737498049372637,0,0.577169361038301,1.6188454759618263,0.02458574427963683,3312.9676794657926,33.129676794657925,0.0,285.6338695542384,316.4907381172465,79019.48777160823,274952.3895857984,15227.703264606716,26105.11122922135,47849.98536267605,3.718466435412866,3.7184664354128683,207.5700967176133,49319.56073129329,41540.261050550995,29234.12853810551,1,0.0005538923624499118,0.0004795321552985814,13,1
575,7,2.809555771651768,2.808996448750515,0,0.5624784611966342,1.5942381893285864,0.009011512233282492,2844.526813514052,28.44526813514052,0.0,284.96862708237995,316.6991245459883,79298.00356124836,275477.88782487536,15019.35611822314,26468.89213350151,48711.211030966995,3.7215860788863964,3.7215860788864004,207.5700967176133,49319.56073129329,41592.35765773644,29234.12853810551,1,0.00046716585415307565,0.00048055548664231723,13,1
576,7,2.429334859767569,2.4610684968383065,0,0.6419975722048369,1.4244908024186673,0.0984235427729954,2023.8264230956293,20.238264230956293,0.0,278.64489080537027,316.6991245459883,79172.29603421048,275218.4218161349,15268.324042527067,26038.68819915114,49065.23674768419,3.494815566685624,3.4948155666856286,207.5700967176133,49319.56073129329,41592.35765773644,29533.657734380828,1,0.0003299813158555524,0.0004503465108195133,13,1
577,7,2.4637369408155934,2.451077533259474,0,0.6446144516280952,1.4674801152347448,0.071215116940035,2416.345258722426,24.16345258722426,0.0,278.1681975224643,316.6991245459883,79112.78765393107,275081.3899041597,15388.691793174969,25835.91290135204,49574.69261844294,3.0933643470759837,3.0933643470759855,207.5700967176133,49319.56073129329,41592.35765773644,29705.91481992754,1,0.000389932061073192,0.00039569307702727336,13,1
578,7,2.5557156478605108,2.5927044646349815,0,0.6094022753273745,1.5422217874060353,0.023910261135420722,1791.4067301374814,17.914067301374814,0.0,275.1350195609804,316.6991245459883,79034.78320015252,274955.87054070673,15489.416463091899,25668.515614434025,50371.60623858492,2.643465088739739,2.6434650887397404,207.5700967176133,49319.56073129329,41592.35765773644,29861.63906419693,1,0.00028451055884975995,0.00033480797859283476,13,1
579,7,2.485297857571714,2.490835520092487,0,0.6343253046035465,1.527950734924543,0.03294257283256782,3363.3057604822434,33.63305760482243,0.0,279.887285567338,316.6991245459883,78961.17023185357,274810.49819726474,15634.757136803955,25430.812347278905,50868.043384379926,3.1290766625474977,3.129076662547496,207.5700967176133,49319.56073129329,41592.35765773644,30042.39503703311,1,0.0005289459608371751,0.0004011295269200424,13,1
580,7,2.4514938282368175,2.432670073159824,0,0.6494921022922436,1.5288351389108172,0.03238282347416635,3130.9245841101224,31.309245841101223,0.0,282.3849825552533,316.6991245459883,78887.53394838328,274673.99244877254,15746.965148715171,25250.327450635206,50662.607836040894,3.385886372725705,3.3858863727257003,207.5700967176133,49319.56073129329,41592.35765773644,30216.516095076597,1,0.0004943961186116144,0.0004359508794328498,13,1
581,7,2.4087278060381334,2.4284266874512612,0,0.6506270121986999,1.5321598227218833,0.030278593213997933,3703.7505389297053,37.03750538929705,0.0,285.03506621991784,316.6991245459883,78813.08130148133,274536.3428525524,15903.710595979292,25002.424266461272,49841.99790453219,4.145432352064738,4.145432352064732,207.5700967176133,49319.56073129329,41592.35765773644,30398.601539488627,1,0.0005944786637203272,0.0005392735810563722,13,1
582,7,2.4027876708552154,2.408151254939901,0,0.6561049671439477,1.5673824208536917,0.007985809586271103,4378.585829449919,43.78585829449919,0.0,289.72792555124965,316.6991245459883,78769.3987825459,274478.58250328165,16105.735718556807,24689.99441343939,48886.407018394144,4.609476300039325,4.609476300039332,207.5700967176133,49319.56073129329,41592.35765773644,30503.612683195784,1,0.0007165322381417672,0.000601802340157903,13,1
583,7,2.4424530573493897,2.4779928759748238,0,0.637612809673006,1.5762658636895128,0.0023633774117007883,2767.930094278988,27.67930094278988,0.0,282.9482723347802,316.7544831478739,78887.67427438525,274697.6679104036,16019.85429728043,24823.05999769566,49130.83319812872,4.497044816492797,4.4970448164927905,207.5700967176133,49319.56073129329,41606.19730820783,30507.764578337203,1,0.0004507035462829337,0.0005872381493816761,13,1
584,8,2.411863168180096,2.4307598626973745,0,0.6500025050795021,1.9470117943439256,0.2322859457872946,2866.7031199688636,28.667031199688637,0.0,328.66586849000606,331.74734309410104,74959.40072928103,274749.6737613088,20001.028331431135,24776.297554253106,49530.56658103368,4.209154878512854,4.209154878512849,247.6528329051684,49071.907898388126,41620.530823807676,30512.064633017155,1,0.0004630196370201162,0.000543418473814939,16,1
585,8,2.5132563826296916,2.5482120285509833,0,0.6200425954736789,1.9133083533341746,0.2109546540089712,2745.189685577322,27.45189685577322,0.0,328.4940553793109,333.2915338732154,75894.65007786249,276092.98880428297,19424.018915207536,25514.726588578702,47723.07705060635,3.5944221414295026,3.5944221414295,247.6528329051684,49071.907898388126,42006.57851858628,30512.064633017155,1,0.00046018653535961684,0.0004579699062208889,16,1
586,8,2.5094295315777315,2.4980806055818565,0,0.6324855957287993,1.7698850136091968,0.12018038836025109,2720.455871546433,27.204558715464334,0.0,329.2094696291609,334.4057410009104,76727.46792635726,277414.93258383515,18697.27182764834,26509.906419602718,43883.936183349215,3.7270637351822966,3.727063735182294,247.6528329051684,49071.907898388126,42285.13030051002,30512.064633017155,1,0.0004959365286067753,0.0004730475669955028,16,1
587,8,1.8594574628590421,1.8399036770933488,0,0.8587406067344022,1.3460585635443445,0.1480642002883896,2183.0311749473617,21.83031174947362,0.0,326.90952668363985,334.4057410009104,76593.30906296297,277134.0486015356,18942.735593510737,26167.66611816051,41990.78668109987,3.6227680330600633,3.6227680330600656,247.6528329051684,49071.907898388126,42285.13030051002,30821.704107346104,1,0.0004159066971574407,0.0004573432537079443,16,1
588,8,2.9703852684747822,2.9759666843482826,0,0.5309199220239288,2.01140254060804,0.2730395826633164,2523.328348759109,25.233283487591088,0.0,327.6954756372723,335.9197380101659,77459.71966974321,278674.6920846384,18322.029001940722,27057.48050784524,40443.170862633335,3.7291273126354643,3.729127312635469,247.6528329051684,49071.907898388126,42663.629552823884,30821.704107346104,1,0.0004991356107719017,0.0004703262788453726,16,1
589,8,2.9855412741828955,2.9894687845469683,0,0.5285219929932927,1.9513737929139279,0.23504670437590366,3160.8527163050317,31.60852716305032,0.0,330.98876936475733,337.7706943454254,78007.40813528077,279933.47257922735,18001.512504481736,27541.75482678541,40511.97170125716,4.04365487743545,4.043654877435452,247.6528329051684,49071.907898388126,43126.36863663876,30821.704107346104,1,0.0006241814621344525,0.0005130745900212649,16,1
590,8,2.8941957839367682,2.8608084106879312,0,0.5522914411524893,1.748881590691793,0.10688708271632459,4479.154962123513,44.79154962123513,0.0,337.854919949148,339.55615624523216,78973.54666258888,281750.73078710685,17310.01345709395,28646.06056467945,38755.92183603699,5.301423297795731,5.3014232977957265,247.6528329051684,49071.907898388126,43572.73411159046,30821.704107346104,1,0.0009245874694604413,0.0006826348474555984,16,1
591,8,2.9357223298037085,2.973201357586597,0,0.5314137221040809,1.6932445350557124,0.07167375636437487,2748.523417317393,27.485234173173932,0.0,332.37830939848493,340.22695003395273,79559.57064652555,282811.45999895077,16912.310301332032,29322.313447511657,38379.22656994783,5.478877429790923,5.478877429790925,247.6528329051684,49071.907898388126,43740.4325587706,30821.704107346104,1,0.0005729189799712276,0.0007072293038553738,16,1
592,8,3.1961950933132295,3.20812152462688,0,0.49250004648242296,1.6513037524424006,0.04512895724202563,6055.823533206296,60.558235332062964,0.0,342.5065134140851,342.1885651619225,80666.43200864627,285237.29386808065,16007.965957616858,30984.355344668722,37636.31334624928,7.108357386538085,7.1083573865380805,247.6528329051684,49071.907898388126,44230.83634076303,30821.704107346104,1,0.00128722991064369,0.000928245453358453,16,1
593,8,3.2830298670921505,3.3111096939490254,0,0.4771814122882768,1.6219932066647518,0.026577978901741583,2778.6673607067555,27.786673607067556,0.0,333.8113858084616,342.6178563929683,81189.07023704684,286335.0246928251,15654.741065352056,31686.31179709224,37391.42832799234,6.298840909472516,6.2988409094725135,247.6528329051684,49071.907898388126,44338.159148524486,30821.704107346104,1,0.0005945036036243766,0.0008182174980797648,16,1
594,8,3.284864218040191,3.3215845555326835,0,0.4756765855525888,1.5614686600513514,0.011728696170030785,3336.2194190252376,33.362194190252374,0.0,328.1555984214051,342.7846357157332,81550.89355214087,287145.2712526938,15356.1427984813,32304.74315391504,37369.270955825734,6.637334213054435,6.63733421305444,247.6528329051684,49071.907898388126,44379.85397921571,30821.704107346104,1,0.000714216645643205,0.000865316719970424,16,1
595,8,3.1582882887048522,3.1579708959537096,0,0.500321267059315,1.5503224200826065,0.018783278428730135,3688.9868470474157,36.889868470474156,0.0,330.8141844028271,342.7846357157332,81431.80722014824,286899.1441414144,15605.217185805735,31790.661118091703,38207.80293846404,5.380098766454578,5.380098766454576,247.6528329051684,49071.907898388126,44379.85397921571,31125.119505708262,1,0.0007724049148785133,0.0006937083880486982,16,1
596,8,3.298127126858193,3.339044483050283,0,0.47318926358137015,1.571677499995868,0.0052674050659063535,2275.0153634222347,22.750153634222347,0.0,323.5825546187283,342.9309525227729,81784.08713891653,287675.01470036653,15376.244409879317,32266.67608180301,38024.729582880005,5.092741732316137,5.092741732316132,247.6528329051684,49071.907898388126,44416.433180975626,31125.119505708262,1,0.00047863911478208585,0.0006550868917679347,16,1
597,8,3.429114912814311,3.4665855169572892,0,0.45577989992492857,1.5596372334046391,0.012887826959089214,6999.432114338917,69.99432114338917,0.0,338.9453307588376,343.61102898500144,82320.6147600118,289026.94590310793,15022.877202426731,33030.22725083553,38183.61162519959,6.936639260175469,6.93663926017547,247.6528329051684,49071.907898388126,44586.45229653277,31125.119505708262,1,0.0014664787989242137,0.0009058409428616042,16,1
598,8,3.5262292359010288,3.4665855169572892,1,0.45577989992492857,1.6200630560608564,0.025356364595478707,5114.970109553722,51.149701095537225,0.0,342.43720040707996,343.8420595128024,82367.19785119165,289232.97496162786,15099.132036465031,32864.77067946471,37038.9147314214,7.758867008720459,7.758867008720455,247.6528329051684,49071.907898388126,44644.20992848301,31125.119505708262,1,0.0011047775339301756,0.001016631815878825,16,1
599,8,3.6119206312551637,3.628239287844979,0,0.43547293181383673,1.6199271547122915,0.025270351083728777,2767.505967593758,27.675059675937582,0.0,325.9912357308919,344.17444566425394,82704.26822975333,290099.82838190976,14918.954981502397,33264.5089241843,36018.16473030595,8.082824455678573,8.082824455678562,247.6528329051684,49071.907898388126,44727.30646634589,31125.119505708262,1,0.0006146911678184776,0.0010619825002242888,16,1
600,8,3.531646232625129,3.5319811433303334,0,0.44734100661426673,1.585446383561065,0.003447078203205678,4795.727260516561,47.957272605165606,0.0,330.32477804396126,344.2703602094643,82726.08724304804,290221.78166388616,14926.224367269262,33248.77119816745,36131.745928617645,7.1015214013039545,7.101521401303951,247.6528329051684,49071.907898388126,44751.28510264848,31132.31309659904,1,0.0010618312815530283,0.0009270999944338939,16,1
601,8,3.3220616180644322,3.261624386030087,0,0.48442120029741076,1.520380903231127,0.03773360554991962,4112.692979945202,41.12692979945202,0.0,332.10279689935095,344.2703602094643,82637.16447673707,290008.8712872853,15071.03348203389,32930.499040619434,36773.9505891945,6.586262800759868,6.586262800759868,247.6528329051684,49071.907898388126,44751.28510264848,31417.66411963662,1,0.0008946970154800085,0.0008570731549505049,16,1
602,8,3.448879564802231,3.48940087828133,0,0.4527997943240656,1.5807156863708969,0.0004529660575296243,4647.228527320658,46.47228527320658,0.0,333.78801009075465,344.3633047800107,82658.94828908905,290133.1196793719,15082.092301012326,32906.81580496281,36418.825934952554,7.579463782739381,7.579463782739383,247.6528329051684,49071.907898388126,44774.52124528508,31424.634962427604,1,0.0010208409322411535,0.0009924564097580635,16,1
603,8,3.393186390722075,3.4241261420880544,0,0.4614315987309118,1.5626842668508785,0.010959324777925066,3664.5329680468785,36.645329680468784,0.0,330.1965111827071,344.4365954393717,82678.97863433188,290240.7265935281,15118.555218155727,32828.177068043406,36475.14245252209,6.947313381684224,6.947313381684221,247.6528329051684,49071.907898388126,44792.84391012532,31430.131761879675,1,0.0008037326730809778,0.0009064235402673799,16,1
604,8,3.5596324191056343,3.6056797985945876,0,0.4381975350711531,1.5762505469380403,0.00237307155820236,4577.344727550205,45.77344727550205,0.0,332.826780607987,344.81129330564784,83118.97059847366,291296.02876930276,14825.468565656196,33480.222187555395,36470.02915420006,7.21615279459481,7.216152794594814,247.6528329051684,49071.907898388126,44886.51837669437,31430.131761879675,1,0.0010040781065891867,0.0009428839039704392,16,1
605,8,3.744217621443092,3.713650283242068,0,0.4254574016109665,1.6126441284726005,0.020660840805443323,7039.023510904071,70.39023510904072,0.0,345.3119377240205,345.52271483363995,83390.67231067042,292178.9000603357,14621.973474848795,33949.121060364516,34711.01936761066,8.709747107594922,8.709747107594922,247.6528329051684,49071.907898388126,45064.373758692396,31430.131761879675,1,0.0016223144440344,0.001143375074568188,16,1
606,8,3.9521295263099394,4.020163398170624,0,0.39301885110415646,1.608262353615329,0.017887565579322168,5456.798401568,54.567984015680004,0.0,344.51944739903666,346.3411396548737,83903.11428648404,293683.293622268,14213.720093030639,34928.66865414876,35276.843108057576,9.758554830643444,9.758554830643437,247.6528329051684,49071.907898388126,45268.979964000835,31430.131761879675,1,0.001237479983081959,0.001287957511235182,16,1
607,8,4.077431309989701,4.072558363203116,0,0.38796251866537057,1.6086953123328451,0.018161590084079148,5855.441837694084,58.55441837694084,0.0,342.78165294713045,347.0903276369385,84327.1096441276,295012.6530378171,13996.324240367441,35475.36332388729,35831.91400716284,10.489134745681437,10.489134745681431,247.6528329051684,49071.907898388126,45456.27695951704,31430.131761879675,1,0.0013073132150347479,0.0013890358807170358,16,1
608,8,3.8764184348288837,3.9358180526207844,0,0.4014413214421609,1.5576279861631495,0.014159502428386463,5389.374593792921,53.89374593792921,0.0,342.2383315222968,347.0903276369385,84303.09888979273,295000.9338071231,14125.209948096744,35152.95354541439,35665.71721010011,9.484142731104326,9.484142731104326,247.6528329051684,49071.907898388126,45456.27695951704,31557.24080863098,1,0.0012088638648806902,0.0012512190209991324,16,1
609,8,3.9230186030047607,3.9358180526207844,1,0.4014413214421609,1.5900127329928926,0.0063371727803117174,7621.944215059594,76.21944215059594,0.0,350.88750065702715,347.48406389403686,84586.32050222352,295810.853250814,14187.02854674906,35003.4787491887,36789.69317756219,10.503849651267272,10.503849651267268,247.6528329051684,49071.907898388126,45554.71102379162,31557.24080863098,1,0.0016574085961028175,0.0013911952253394186,16,1
610,8,3.762291897853593,3.7520154931544685,0,0.4211070031247742,1.568406469719638,0.007337677392634196,4630.660265873827,46.306602658738264,0.0,340.9585981093544,347.48406389403686,84511.8927891456,295691.9825746,14388.549877418884,34515.23930231691,36816.18592454112,9.76110193324212,9.76110193324213,247.6528329051684,49071.907898388126,45554.71102379162,31794.397619386873,1,0.001006222703321823,0.0012908317214351103,16,1
611,8,3.8710848834962954,3.87528094877092,0,0.40771237515079034,1.5893956826312907,0.005946634576766232,4971.014261545926,49.71014261545926,0.0,334.7865142414672,347.7666730833553,84757.40935471802,296428.69243155065,14279.97579361002,34779.8846035751,37676.888548272895,9.37422538595588,9.374225385955887,247.6528329051684,49071.907898388126,45625.36332112123,31794.397619386873,1,0.0010555041996478868,0.0012397118330241758,16,1
612,8,3.631650773581324,3.6327964114136693,0,0.43492665733645053,1.5219367310201477,0.03674890441762808,3278.7342575923653,32.78734257592365,0.0,326.38932633278193,347.7666730833553,84662.79648836947,296215.4450842805,14427.197078637542,34426.228346643824,37601.01539234135,7.0311558185205225,7.03115581852053,247.6528329051684,49071.907898388126,45625.36332112123,32094.141861865464,1,0.0006975841951885553,0.0009197703660527551,16,1
613,8,3.7245921367159958,3.7915753488201074,0,0.4167133327553881,1.5599970323617924,0.012660106100131414,5316.613008768717,53.16613008768717,0.0,332.23716368755817,347.8730053435306,84697.45509860544,296356.8933811853,14423.214560611432,34436.34213668311,36611.068548982505,7.424002349036017,7.424002349036017,247.6528329051684,49071.907898388126,45651.94638616507,32102.116781378616,1,0.0011617498684378556,0.0009716127544247659,16,1
614,8,3.860365078511101,3.8176606376387436,0,0.4138660163825467,1.6127356357626768,0.020718756811820685,3796.3628116602436,37.963628116602436,0.0,330.2171407933314,348.0910497982215,84805.23070852955,296729.7025425789,14405.034165835907,34480.97109992512,36294.92355919812,6.892629618750695,6.892629618750701,247.6528329051684,49071.907898388126,45706.457499837794,32102.116781378616,1,0.0008367810017217997,0.0008987050217827368,16,1
615,8,3.609941750937424,3.8176606376387436,1,0.4138660163825467,1.516296186965966,0.04031886900888238,4199.150293786471,41.99150293786471,0.0,328.3190385212031,348.0910497982215,84840.00807859919,296828.42530126096,14444.2908759235,34388.43224951743,37124.6135480598,7.387753861333517,7.387753861333509,247.6528329051684,49071.907898388126,45706.457499837794,32158.297969805164,1,0.0009048768226719335,0.0009678025642771963,16,1
616,8,3.5541414587679374,3.5854404829335773,0,0.44067109955406575,1.5478494858043697,0.020348426706095202,4719.142313540514,47.19142313540514,0.0,331.51259257839416,348.0910497982215,84765.28404899586,296664.2392816035,14708.381906284321,33773.096417931905,38110.92077887336,6.966023231815484,6.966023231815484,247.6528329051684,49071.907898388126,45706.457499837794,32405.936203975936,1,0.0009906120801272378,0.0009107566348403236,16,1
617,8,3.435374167133908,3.4178453626723204,0,0.46227954525263865,1.538816214952098,0.026065686739178473,2839.865156861571,28.398651568615712,0.0,321.74439004883646,348.0910497982215,84657.85976161255,296445.80988961656,14917.10361575341,33302.11360660397,39044.417430830756,6.329026293076707,6.329026293076702,247.6528329051684,49071.907898388126,45706.457499837794,32700.00721694397,1,0.0005818737414930147,0.0008257875480973953,16,1
618,8,3.5093508344825706,3.44719201776605,0,0.4583440643448454,1.5959136634566882,0.010071938896638037,5257.9218203218625,52.57921820321862,0.0,327.81646375723784,348.19620823462793,84596.49543989575,296364.26181149494,15030.752496779782,33052.02845574024,39457.00750778933,6.7237005279641116,6.7237005279641116,247.6528329051684,49071.907898388126,45732.7471089394,32915.87541538094,1,0.0010660558724396685,0.0008795138980199737,16,1
619,8,3.6969697513563946,3.7081768319997224,0,0.42608539764484415,1.5910832055363615,0.007014687048330025,7188.416509656335,71.88416509656335,0.0,340.19096976764706,349.06422784054496,85097.03144280755,297745.9608818984,14623.14773708142,33977.69184257174,40136.43224638171,7.805802147100804,7.80580214710081,247.6528329051684,49071.907898388126,45949.75201041866,32915.87541538094,1,0.0014327963114468142,0.0010269086417931657,16,1
620,8,2.7497798044720194,2.747472807389576,0,0.5750739354909892,1.245156788555722,0.21192608319258105,3347.405650461054,33.47405650461054,0.0,325.1125341968994,349.06422784054496,84994.3512558852,297342.9335727404,15000.241902281148,33126.23970265716,39492.906440320075,8.031002927206767,8.031002927206762,247.6528329051684,49071.907898388126,45949.75201041866,33415.02713322971,1,0.0006780773464762853,0.0010589765101209226,16,1
621,8,2.739247113825451,2.77597111506913,0,0.5691701874789332,1.2859532552272954,0.18610553466626875,3276.8288722139628,32.76828872213963,0.0,315.7363701396189,349.06422784054496,84886.21917007508,296955.13958341564,15273.779102029834,32535.129214356726,38169.85109633027,7.109569181686045,7.1095691816860525,247.6528329051684,49071.907898388126,45949.75201041866,33882.07944401076,1,0.0006867889243673795,0.0009325541940968263,16,1
622,8,2.6556614419252504,2.6511960317840773,0,0.5959574399848381,1.2952052974253507,0.18024981175610716,3890.458672810013,38.90458672810013,0.0,319.25265221940487,349.06422784054496,84755.69467977616,296467.415349236,15568.488210542382,31921.297675350303,36360.22965476251,5.724541809804178,5.7245418098041725,247.6528329051684,49071.907898388126,45949.75201041866,34428.18178194778,1,0.0008559811001744728,0.0007402824570060458,16,1
623,8,2.68918733044165,2.7289756306270583,0,0.5789718245439044,1.364500406504737,0.13639214778181205,4419.87768236199,44.1987768236199,0.0,323.38387239464186,349.06422784054496,84634.02636275977,296040.5549016563,15880.145735701404,31296.939535112524,36486.123327628935,6.435745221429783,6.435745221429778,247.6528329051684,49071.907898388126,45949.75201041866,34918.35580747642,1,0.0009691087524258978,0.0008372929256559167,16,1
624,8,2.6718856343269293,2.688708092108351,0,0.5876428179903468,1.3889484197517923,0.12091872167608088,3799.888101989355,37.99888101989355,0.0,321.9617679872453,349.06422784054496,84592.20834659228,295844.9829205606,16073.91874030706,30920.998907388996,36099.64608944941,6.815666932690855,6.81566693269085,247.6528329051684,49071.907898388126,45949.75201041866,35178.73769273193,1,0.0008420887213295804,0.000889059524643317,16,1
625,8,2.6187837883304512,2.57919575601237,0,0.6125940601122881,1.4081590126125436,0.10876011859965598,4147.880864364777,41.478808643647774,0.0,323.0139741598735,349.06422784054496,84520.06988647554,295588.476175397,16348.444044890612,30403.555170773237,35650.86740559636,7.002848105569075,7.002848105569082,247.6528329051684,49071.907898388126,45949.75201041866,35498.79794437087,1,0.000930778108072323,0.000913991860609267,16,1
626,8,2.4998479844128685,2.5033498320263408,0,0.6311542956507467,1.3793565586053436,0.12698951987003576,3514.534075658408,35.145340756584076,0.0,322.04293806262353,349.06422784054496,84440.26168872153,295322.44451470405,16561.25670213139,30014.446901261777,33587.34283380722,6.700911737905016,6.700911737905015,247.6528329051684,49071.907898388126,45949.75201041866,35820.66641814808,1,0.0008371091677120385,0.0008699919990379806,16,1
627,8,2.5520794714527466,2.566848103532292,0,0.6155409031900758,1.4412228566197043,0.08783363505082012,2721.7439798538016,27.217439798538017,0.0,316.19978620240556,349.06422784054496,84371.6950547539,295154.3931338339,16754.791727411844,29668.94385527848,34113.55401636109,6.193323497096195,6.1933234970961974,247.6528329051684,49071.907898388126,45949.75201041866,36039.965930121354,1,0.0006382786099738385,0.0008020552952527333,16,1
628,8,2.6896577151515535,2.6544385041192826,0,0.5952294609756759,1.5549216183333598,0.015872393459898878,3791.5039021361054,37.91503902136105,0.0,318.9961227666882,349.06422784054496,84230.15516051618,294900.2461271284,16952.637111834825,29324.173426107438,34831.32168575144,6.043399338335467,6.0433993383354725,247.6528329051684,49071.907898388126,45949.75201041866,36343.9191428303,1,0.0008708263065853416,0.0007820713614237395,16,1
629,8,2.7853026780690278,2.8427470320014483,0,0.5558004219909762,1.557276257687437,0.014382115387698114,3001.0826686214014,30.010826686214013,0.0,316.84955614509937,349.1242494939174,84547.8790800489,295504.62078552396,16672.229230966746,29819.50344208797,35882.989982958155,5.622552540381514,5.622552540381517,247.6528329051684,49071.907898388126,45964.75742376177,36348.42076683323,1,0.0006690819622437707,0.000726062292934317,16,1
630,8,2.8690768567591602,2.8852611729617554,0,0.5476107379139307,1.5840506738776627,0.002563717644090297,5378.248092056552,53.782480920565526,0.0,324.6629549909492,349.2318144557585,84723.81886066242,295883.46340948454,16568.06600610682,30008.544248787337,36130.40880236,6.972835059425393,6.972835059425394,247.6528329051684,49071.907898388126,45991.64866422205,36356.48813897132,1,0.001190852419406946,0.000910253562745353,16,1
631,8,2.909905141049141,2.894459214881512,0,0.5458705349436679,1.6090802077264856,0.018405194763598455,2905.9744943460396,29.059744943460398,0.0,317.55833804521313,349.28993394564543,84737.64707579928,295961.84677932895,16580.971611827215,29985.487550691032,36171.5262744824,6.410209698244803,6.410209698244806,247.6528329051684,49071.907898388126,46006.17853669378,36360.84710071284,1,0.000642709842497543,0.0008342147413827533,16,1
632,8,2.868653864888867,2.870028593575338,0,0.5505171633261379,1.597137014174183,0.010846211502647403,2692.378532539479,26.92378532539479,0.0,309.0098975526945,349.34378151629625,84751.5858239051,296037.4346034992,16637.768313615685,29883.471456991712,37074.4857154273,6.179574581608579,6.17957458160858,247.6528329051684,49071.907898388126,46019.64042935648,36364.88566851165,1,0.0005809663396450862,0.0008048428671831916,16,1
633,8,2.6842853537020477,2.7643238575935234,0,0.5715683405400501,1.5200895891659438,0.03791798154054192,4010.895037852018,40.108950378520184,0.0,313.85572619468263,349.34378151629625,84659.50407142729,295839.72989046975,16779.94729684903,29631.25797706321,37025.469217612525,5.395798568190116,5.395798568190116,247.6528329051684,49071.907898388126,46019.64042935648,36610.826371033356,1,0.0008666240018250117,0.0006967667279892136,16,1
634,8,2.5609768305732614,2.554806587273693,0,0.6184421192079606,1.488163959849652,0.05812407604452403,4014.4517011243743,40.14451701124374,0.0,317.4380761661235,349.34378151629625,84574.86020755378,295634.83746209927,16998.13658525388,29252.04153052656,35657.6448834949,6.039026468020967,6.0390264680209675,247.6528329051684,49071.907898388126,46019.64042935648,36866.404436306126,1,0.0009006655855687367,0.0007827519756796114,16,1
635,8,2.433440104087706,2.4377362644621257,0,0.6481423044131557,1.456642893987056,0.07807411772971148,4420.07874193648,44.2007874193648,0.0,320.1078833387915,349.34378151629625,84468.64093175242,295358.40548015287,17252.68134680719,28822.00357113717,36002.98422131335,7.014850127812337,7.014850127812333,247.6528329051684,49071.907898388126,46019.64042935648,37200.57147625555,1,0.0009821583043818562,0.000916482630591868,16,1
636,8,2.3938060082868002,2.397773403129431,0,0.6589446683902149,1.4740239109949895,0.06707347405380414,4934.134552433727,49.34134552433727,0.0,323.96324315371766,349.34378151629625,84393.04361847503,295144.26711043686,17498.94470748331,28418.181460283275,35673.04740749326,7.605552586699008,7.605552586699014,247.6528329051684,49071.907898388126,46019.64042935648,37475.0032491771,1,0.0011065238124617959,0.0009964492341374628,16,1
637,8,2.594556765044408,2.596145959321236,0,0.6085944414362172,1.5987678897425512,0.011878411229462765,4994.5120835670305,49.94512083567031,0.0,326.0342806718823,349.4436717579676,84417.93492099445,295241.24567346135,17505.248899045328,28408.352610908347,36527.31107560276,8.06999845448536,8.06999845448536,247.6528329051684,49071.907898388126,46044.612989774316,37482.49501730245,1,0.00109386909389078,0.0010608504035781441,16,1
638,8,2.915519922530579,2.9290644413803935,0,0.5394213857771549,1.6790720497248048,0.06270382893974985,5169.334152629847,51.693341526298475,0.0,328.85223290023305,350.80231699176414,85015.92906850258,296618.6484540479,16924.381067307615,29387.285784622483,34818.16190394476,8.589176176604777,8.589176176604768,247.6528329051684,49071.907898388126,46384.274298223456,37482.49501730245,1,0.0011877328083868051,0.0011293752382464603,16,1
639,8,2.873971304043956,2.865649941362707,0,0.55135834185269,1.600892252409283,0.013222944562837303,4693.126431608024,46.931264316080245,0.0,328.17209024409567,351.2174381743428,85373.5493399033,297350.6301236203,16645.236834918443,29882.04417916118,34713.399607858606,8.528783266728238,8.528783266728244,247.6528329051684,49071.907898388126,46488.05459386812,37482.49501730245,1,0.0010815711476545949,0.0011210576833107265,16,1
640,8,2.9349169726736974,2.9461563667400843,0,0.5362919693730536,1.6083057749432288,0.017915047432423243,3845.3007933284453,38.453007933284454,0.0,322.0950625243628,351.5373673029257,85660.67962452851,297953.9095797152,16510.146475486603,30128.542636082304,35505.34767206181,7.9613705219751445,7.96137052197515,247.6528329051684,49071.907898388126,46568.03687601384,37482.49501730245,1,0.0008664161418938495,0.001045240032645083,16,1
641,8,2.8839389802432818,2.895974621007164,0,0.5455848917110008,1.5922978948849336,0.007783477775274361,3327.0977733703403,33.270977733703404,0.0,316.70165548339855,351.6039092583931,85675.21235894157,298038.8155437878,16572.44832949692,30015.696113796366,35702.518881337186,6.877965954208132,6.877965954208125,247.6528329051684,49071.907898388126,46584.67236488069,37487.48566396251,1,0.0007455155272216981,0.0008978342722567142,16,1
642,8,2.9404618504435245,2.9626134248971714,0,0.5333129144430444,1.5822673308181971,0.0014350195051880236,4872.719325711419,48.72719325711419,0.0,321.9251032636199,351.83986701866394,85939.45881719814,298592.91382107825,16361.036449544546,30405.104483023322,36751.55686336608,6.823084153291249,6.82308415329125,247.6528329051684,49071.907898388126,46643.66180494839,37487.48566396251,1,0.0010606830820968113,0.000890871583737453,16,1
643,8,3.0476182975536537,3.0735393430236324,0,0.5140653245862328,1.5883393609576966,0.005278076555504111,2617.8335711868326,26.17833571186833,0.0,312.9902236048193,352.0558303714417,86294.95565176988,299334.2460434612,16102.192184240208,30896.001659133406,37519.80309463464,6.057795544872403,6.057795544872403,247.6528329051684,49071.907898388126,46697.65264314283,37487.48566396251,1,0.0005581763986519823,0.0007881250026568306,16,1
644,8,2.9460990230033253,2.988541398952392,0,0.5286860006536486,1.5543921491389834,0.01620750054494727,3728.749132708058,37.28749132708058,0.0,312.51658665267075,352.0558303714417,86301.18661743688,299371.0239880661,16201.52319794523,30707.36795156338,38268.424432745676,6.134067432729996,6.1340674327299975,247.6528329051684,49071.907898388126,46697.65264314283,37511.61499468638,1,0.0007794936296394639,0.0007994510367960858,16,1
645,8,2.8647361598436643,2.858804705421658,0,0.5526785362440344,1.5589417216952084,0.013328024243539035,4667.918023512249,46.679180235122494,0.0,318.879193010265,352.0558303714417,86181.73735198674,299140.9443977566,16454.470515702156,30236.997330570754,37244.38195395093,6.00730196311232,6.007301963112323,247.6528329051684,49071.907898388126,46697.65264314283,37797.91459588377,1,0.0010026571050170579,0.000780109044436168,16,1
646,8,2.865699641111975,2.9129596764829215,0,0.5424036634477811,1.5725551317695088,0.004711941918032459,4165.834275542608,41.658342755426084,0.0,318.9316606596973,352.13914705695254,86201.45695914251,299235.5536429537,16523.642797112836,30111.374969897803,38117.01440314512,6.76949377044987,6.769493770449871,247.6528329051684,49071.907898388126,46718.48181452054,37804.163347297086,1,0.0008743254089069214,0.000885492047854481,16,1
647,8,2.8125242599790212,2.749638282025311,0,0.5746210366391225,1.566429122961616,0.008589162682521518,5791.717122398017,57.91717122398017,0.0,325.01746893826305,352.13914705695254,86146.20317049275,299150.1007023925,16646.97265173705,29889.647576071682,38301.00283296127,7.820726248982665,7.820726248982657,247.6528329051684,49071.907898388126,46718.48181452054,37963.22303192422,1,0.001209726470642435,0.0010289029948554714,16,1
648,8,2.7715120596780616,2.785644184412181,0,0.5671937603665658,1.5665873167396858,0.008489040038173612,3598.7421426030423,35.98742142603042,0.0,317.5393318529374,352.13914705695254,86061.44768292212,299027.9897009086,16770.782782202754,29669.860233420754,38631.54604807432,7.184639239607004,7.184639239606995,247.6528329051684,49071.907898388126,46718.48181452054,38152.63138422077,1,0.000745244239125124,0.0009430987062248267,16,1
649,8,2.608242817864625,2.5855478746752167,0,0.611089052140824,1.5041349381973683,0.04801586190039984,2515.385316929847,25.15385316929847,0.0,305.0355889009892,352.13914705695254,85984.72136244635,298895.32926053077,16939.880294063223,29374.572713155925,39258.14138850764,6.287987187727709,6.28798718772771,247.6528329051684,49071.907898388126,46718.48181452054,38343.99036123332,1,0.0005125836787915174,0.0008225181295196922,16,1
650,8,2.4958155317776862,2.4982203137019994,0,0.6324502251999824,1.4834932358943325,0.06108023044662506,3704.2722583132577,37.04272258313258,0.0,307.8171204664855,352.13914705695254,85871.22023279709,298643.1082558823,17198.43729884773,28934.494539094936,39765.42606774646,5.156634760912937,5.156634760912937,247.6528329051684,49071.907898388126,46718.48181452054,38643.39693052127,1,0.0007452247089222614,0.0006676842089463009,16,1
651,8,2.626410785210211,2.6252541549512003,0,0.6018464905655467,1.58713005456215,0.004512692760854424,3913.9853154056323,39.139853154056325,0.0,311.52075545290415,352.2174267632607,85890.58647573605,298715.061965386,17341.363093414493,28696.793263961612,39150.590970024525,5.297229868741909,5.297229868741909,247.6528329051684,49071.907898388126,46738.05174109757,38649.267908494374,1,0.0007997805843395535,0.0006858629906844441,16,1
652,8,2.5699750723784005,2.5277014104874853,0,0.6250738293077448,1.5800991688098762,6.276506954186642e-05,3406.4079204128084,34.064079204128085,0.0,309.27876691259684,352.2855549216689,85773.02992944547,298559.3929018147,17492.154288871083,28450.366516207378,39896.13828883117,5.704565354970783,5.704565354970783,247.6528329051684,49071.907898388126,46755.083780699635,38881.500702120735,1,0.0006830551660417569,0.0007426868197678572,16,1
653,8,2.524167237396578,2.5222818278574946,0,0.6264169144580095,1.574255107644848,0.0036360078197164333,2370.8174336450534,23.708174336450533,0.0,301.45911500728926,352.33297127034183,85747.05397716745,298553.90597831097,17617.728441911706,28248.33962073181,40659.45817314293,5.013937841610811,5.013937841610808,247.6528329051684,49071.907898388126,46766.93786786786,38949.751420664536,1,0.00046647300090409284,0.0006497695837618011,16,1
654,8,2.3620644529193897,2.362782925054941,0,0.6687029871621664,1.4856029009941103,0.05974499937081631,4310.555506206712,43.105555062067126,0.0,307.0094667591666,352.33297127034183,85669.29230717545,298357.5929182286,17692.43378461343,28130.443808571377,41268.4991791646,5.102042291326648,5.102042291326643,247.6528329051684,49071.907898388126,46766.93786786786,39191.83401798903,1,0.0008356117798212542,0.0006617133155890346,16,1
655,8,2.44957198264852,2.4673007445549175,0,0.6403759263992846,1.5635188283412063,0.01043112130303406,2958.4504970127805,29.584504970127806,0.0,304.6635414398613,352.33297127034183,85604.77950496388,298271.1655976569,17823.626951744984,27924.356533969156,41612.7506269913,4.819616275131757,4.819616275131763,247.6528329051684,49071.907898388126,46766.93786786786,39321.27148441958,1,0.0005687584603155436,0.0006236144136802969,16,1
656,8,2.531165036739882,2.5213081930505883,0,0.6266588132124864,1.5931750737834642,0.008338654293331749,1829.956730335044,18.29956730335044,0.0,293.9795963901598,352.413302039588,85769.01126447979,298570.2901932082,17699.824664237898,28120.68684965776,42362.33325985126,4.511513851306184,4.511513851306188,247.6528329051684,49071.907898388126,46787.020560179415,39321.27148441958,1,0.0003455818581304404,0.0005833173660890794,16,1
657,9,2.492811652560231,2.492686331483736,0,0.6338543201540836,1.9638324276004333,0.24293191620280583,3632.706579376396,36.32706579376396,0.0,270.9351102053716,373.22456924824996,81505.98112791385,298622.11704501166,22065.17658390884,28008.667405179665,41654.75923025674,4.159987453142116,4.159987453142113,208.2737961512837,48863.63410223684,46805.1840930763,39326.72054428865,1,0.0006976790448929464,0.0005373397877796435,19,1
658,9,2.513630950592604,2.482601976525064,0,0.6364290429719025,1.842561281244587,0.16617802610416899,2218.0335218743185,22.180335218743185,0.0,268.2441090741982,374.33949865332926,82509.43567673086,300064.0258659066,21285.549836893453,29037.849332347098,41032.811636828425,3.829486242072953,3.82948624207295,208.2737961512837,48863.63410223684,47083.91644434612,39326.72054428865,1,0.00043244095315828735,0.0004919006187272247,19,1
659,9,2.531202648253167,2.5420254330982974,0,0.6215516097627113,1.761147970417128,0.11465061418805565,1776.0024128274279,17.760024128274278,0.0,262.04723764244324,374.95363054232735,83205.0121131139,301099.5401391663,20738.503853829614,29806.329029348384,40379.495048513454,3.8430275844217956,3.8430275844217903,208.2737961512837,48863.63410223684,47237.44941659564,39326.72054428865,1,0.0003518622331841785,0.0004939940770784708,19,1
660,9,2.517804363649589,2.557689607877106,0,0.6177450129734106,1.6378833655902103,0.03663504151279129,3010.3319587876904,30.103319587876904,0.0,265.9914342549232,375.58736226718213,83881.39687352156,302263.3192093959,20053.884388191105,30827.44393250325,40822.06049697832,3.5818265057831713,3.581826505783175,208.2737961512837,48863.63410223684,47395.88234780934,39326.72054428865,1,0.000589942187560183,0.0004580817913008829,19,1
661,9,2.4902183249232293,2.4803176112871794,0,0.63701519225195,1.600653484969292,0.013071825929931561,2008.5341157099938,20.08534115709994,0.0,263.5549766955986,375.6835491640988,84031.00119729259,302522.5423456531,19934.398276534208,31012.960862978955,40829.90410346005,3.484948072711482,3.484948072711479,208.2737961512837,48863.63410223684,47419.929072038496,39326.72054428865,1,0.0003935417747973177,0.000445115398513893,19,1
662,9,2.5745383873552816,2.5664128745458634,0,0.6156452906197282,1.5883638057903993,0.0052935479686070834,2352.778417781249,23.527784177812492,0.0,262.2484727295439,375.9147648538999,84484.81706404031,303311.7120935008,19530.63247988974,31656.704128801637,41812.74458425859,3.7174492064593774,3.7174492064593756,208.2737961512837,48863.63410223684,47477.732994488775,39326.72054428865,1,0.0004501552703463545,0.0004778797442346184,19,1
663,9,2.6527581052132896,2.6785358607983727,0,0.5898744993950017,1.5747514967225218,0.003321837517391315,2356.0476044757447,23.560476044757447,0.0,262.9232474042853,376.09262832287544,84903.86454832446,304063.32170567487,19158.661839628086,32273.85119867535,41786.458550558345,3.380246497033348,3.3802464970333497,208.2737961512837,48863.63410223684,47522.198861732664,39326.72054428865,1,0.0004510643277654385,0.00043158712430303687,19,1
664,9,2.758185710238961,2.738108051532021,0,0.5770407778889374,1.6096093591007308,0.018740100696665003,2515.6913254305496,25.156913254305497,0.0,263.69208983030074,376.28631168800985,85124.34553718154,304495.4374452562,18996.204970706687,32551.414293618418,41893.62348542709,3.591674242913235,3.591674242913237,208.2737961512837,48863.63410223684,47570.61970301627,39326.72054428865,1,0.0004803960347436924,0.0004605385442851618,19,1
665,9,2.810953310795327,2.7906971284427606,0,0.566166777432296,1.6081141520306683,0.017793767108017878,4085.2318818032736,40.852318818032735,0.0,270.0215361733744,376.577447458627,85370.49354931821,304972.59694097587,18808.675519392014,32877.2112701995,42882.70238770648,4.350881923447026,4.350881923447029,208.2737961512837,48863.63410223684,47643.40364567056,39326.72054428865,1,0.0007621220966660756,0.0005645274863917355,19,1
666,9,2.631829125037278,2.6252174455449784,0,0.6018549064121438,1.5276956565700852,0.03310401482906004,2252.724505164344,22.52724505164344,0.0,264.3801302332798,376.577447458627,85298.79288129244,304853.3413473088,18946.225328121272,32639.50343356951,42075.585750168306,4.29505120718094,4.2950512071809435,208.2737961512837,48863.63410223684,47643.40364567056,39488.609885193444,1,0.00042831955206334033,0.0005569458944910361,19,1
667,9,2.6860046652494045,2.6353224668376574,0,0.5995471217971945,1.5739542416931975,0.003826429308102873,4068.981825131115,40.68981825131115,0.0,268.4451206223501,376.6588270951296,85234.54083224742,304781.94853206514,19036.22544618211,32485.94463723383,42803.43564657015,4.976194978361341,4.976194978361339,208.2737961512837,48863.63410223684,47663.74855479621,39641.942253910056,1,0.0007604963038441825,0.0006503126508578661,19,1
668,9,2.697441365032226,2.6737661993380493,0,0.5909267610575542,1.5839468684139777,0.0024980179835301405,2776.093786837999,27.760937868379987,0.0,265.9961124311118,376.71434897086635,85234.06304160856,304821.920647936,19056.126782699805,32452.341468008373,43641.046738090656,4.3535694251099875,4.353569425109993,208.2737961512837,48863.63410223684,47677.629023730406,39668.56812798432,1,0.0005088959123274147,0.0005659039227449791,19,1
669,9,2.6278062251911916,2.596249360568268,0,0.608570202846066,1.5704203216819606,0.006063087543062987,4389.088992789815,43.89088992789815,0.0,270.0704918102419,376.71434897086635,85139.44180040288,304675.24663056806,19224.679685106505,32168.9246225002,44748.49372273902,5.218501614655908,5.218501614655912,208.2737961512837,48863.63410223684,47677.629023730406,39868.682506416444,1,0.0007846680194394106,0.0006846867452036692,19,1
670,9,2.8583722370806512,2.8801841586803,0,0.5485760329728208,1.6222448014515563,0.026737216108579858,4984.694264514208,49.84694264514208,0.0,276.134853887577,377.60143683079485,85741.46909625756,305953.5032068357,18735.81115959804,33012.232438570165,44687.84998028241,5.544616904535268,5.544616904535274,208.2737961512837,48863.63410223684,47899.40098871253,39868.682506416444,1,0.0008923578586508147,0.0007286405968058799,19,1
671,9,2.8898065425281425,2.87379388310231,0,0.5497958671602303,1.5804760303408427,0.0003012850258497772,2597.5551699472453,25.975551699472454,0.0,265.35833992538915,377.79698572653905,86160.97623177993,306764.69398963166,18392.866480360968,33630.26383850381,43902.27595795686,5.453159246390649,5.453159246390647,208.2737961512837,48863.63410223684,47948.28821264858,39868.682506416444,1,0.0004733340335129416,0.0007167866372010556,19,1
672,9,2.888907915656888,2.8723081126690704,0,0.5500802622918463,1.5878922316585429,0.0049950833281916475,4332.393522338592,43.323935223385924,0.0,268.4336372067592,377.8836335969858,86179.1852649245,306855.8334281389,18439.0070566247,33546.73093091313,44490.21485354903,5.439044106088028,5.43904410608802,208.2737961512837,48863.63410223684,47969.95018026027,39875.181096699955,1,0.0007790285637594296,0.000714906818641062,19,1
673,9,3.0360568987708585,3.0278480405452473,0,0.5218227529395688,1.594951128802509,0.009462739748423443,4978.849372435958,49.788493724359576,0.0,274.9346092675319,378.49989814248187,86709.01994387015,308006.6688244905,18027.40505516941,34315.92761451991,44348.18420701204,5.4591652270489694,5.459165227048967,208.2737961512837,48863.63410223684,48124.01631663428,39875.181096699955,1,0.0008981381242930321,0.0007168335738551345,19,1
674,9,3.1347004986109077,3.1269781284249007,0,0.5052801571067804,1.5953113342215437,0.009690717861736472,5515.295199222241,55.152951992222405,0.0,279.3244664937822,378.9292493103348,87120.22037449306,308865.7571519095,17744.041702226372,34866.0823615871,45265.79960248895,6.678204460832848,6.678204460832858,208.2737961512837,48863.63410223684,48231.354108597516,39875.181096699955,1,0.0009747394717700258,0.0008839687199408292,19,1
675,9,3.1968233186547157,3.1269781284249007,1,0.5052801571067804,1.6179597670449533,0.024025169015793154,3443.6252457254573,34.436252457254575,0.0,269.70762008079214,379.1613162341506,87295.5231412852,309283.07983059465,17695.366856050066,34963.144665141066,45330.3980093944,6.253332790030599,6.253332790030601,208.2737961512837,48863.63410223684,48289.37083955147,39875.181096699955,1,0.0006077379236796978,0.0008268718399142518,19,1
676,9,3.326234490331448,3.310666093605271,0,0.4772453504301913,1.6215579468172368,0.026302497985592834,3027.763792537197,30.27763792537197,0.0,262.3910071921939,379.59077379401475,87759.4723225894,310330.4181656146,17367.765157955306,35625.775570805934,44782.55595265541,5.380704589724609,5.380704589724615,208.2737961512837,48863.63410223684,48396.73522951751,39875.181096699955,1,0.0005408827125880319,0.0007077867026792519,19,1
677,9,3.5584468971662955,3.5207294465709746,0,0.44877063801049694,1.646388472488115,0.04201802056209808,3279.978067225817,32.79978067225817,0.0,263.1262136238939,380.2605182708852,88413.9854863889,311788.70316592074,16920.437370406074,36571.246012446056,44604.397936328554,4.441772935435558,4.441772935435566,208.2737961512837,48863.63410223684,48564.17134873512,39875.181096699955,1,0.0005882788637852058,0.0005789665000176452,19,1
678,9,3.6846440830214666,3.72794456753216,0,0.4238260444537498,1.5850259710208152,0.0031809943169716108,7264.137585746142,72.64137585746141,0.0,278.96550386933285,381.2842265372363,89222.34358686821,313714.50494378444,16316.34133584596,37929.92143905626,45333.38801455744,6.0915368637871135,6.091536863787116,208.2737961512837,48863.63410223684,48820.0984153229,39875.181096699955,1,0.0012819050865403635,0.0008036888876378671,19,1
679,9,3.5457698557265727,3.6249826195975166,0,0.4358641587571055,1.5512308943040434,0.01820829474427639,3060.211230310359,30.602112303103592,0.0,267.42191580370934,381.2842265372363,89227.40910573505,313778.48142478016,16454.731894684566,37611.86845264022,44903.08376906754,6.094839973752305,6.094839973752312,208.2737961512837,48863.63410223684,48820.0984153229,39896.98614819698,1,0.0005452117713872386,0.0008051319072376026,19,1
680,9,4.751059351192807,4.742742451441741,0,0.33314058610112757,2.007016768374918,0.2702637774524797,4320.311302051893,43.203113020518934,0.0,263.883061645776,383.8764133184674,90220.34336590108,316553.1019529461,16169.983991166837,38277.982954809115,44977.024228815564,6.530021557074021,6.530021557074026,208.2737961512837,48863.63410223684,49468.145110630685,39896.98614819698,1,0.0007684476909940142,0.0008651881829738721,19,1
681,9,4.766461014767413,4.742742451441741,1,0.33314058610112757,1.824396458613769,0.15468130292010696,8743.675197232784,87.43675197232784,0.0,283.8839004553061,388.5733086520755,91232.88143688765,320803.40548259486,15393.112929622679,40216.40818723575,43945.91997825973,7.305530118730031,7.305530118730036,208.2737961512837,48863.63410223684,50642.36894403271,39896.98614819698,1,0.0015917154905954092,0.0009684583176588872,19,1
682,9,4.936315739993466,4.909496205594926,0,0.32182528182818665,1.7544375999912578,0.11040354429826439,6096.234598647796,60.962345986477956,0.0,284.2006725340364,391.14739242420217,92120.50485325622,324147.00255104696,14834.440602863366,41738.43666043037,42975.76106814762,8.74584224290537,8.745842242905361,208.2737961512837,48863.63410223684,51285.88988706436,39896.98614819698,1,0.0011348228763615586,0.0011649953526503274,19,1
683,9,4.890870656518907,4.850277417423813,0,0.32575456288832333,1.6464968135865916,0.042086590877589584,5611.574562014786,56.11574562014786,0.0,276.6374354557816,392.36518946330114,92827.06057331826,326510.72450470546,14438.383038849706,42888.79477298576,42760.1425256737,9.425398023712846,9.425398023712848,208.2737961512837,48863.63410223684,51590.339146839106,39896.98614819698,1,0.0010498701324291482,0.0012588028331287054,19,1
684,9,4.831923617820529,4.74423969350505,0,0.3330354497398284,1.6263664795404755,0.0293458731268832,4128.346727182369,41.283467271823696,0.0,267.5777270961332,392.6899263715409,92981.4037387597,327142.72267286683,14437.494765796842,42893.69758821193,43596.362641846434,7.383500463298488,7.383500463298476,208.2737961512837,48863.63410223684,51671.52337389904,39896.98614819698,1,0.0007575580120933726,0.000980750340294693,19,1
685,9,4.872429019205075,4.849634614000467,0,0.32579774060476213,1.613268823233481,0.02105621723638039,7301.391674185718,73.01391674185719,0.0,277.750600852323,393.4475575796533,93382.92017285882,328533.0038159197,14320.099459157564,43249.870795156494,44340.8779985886,7.832189714312857,7.832189714312862,208.2737961512837,48863.63410223684,51860.93117592714,39896.98614819698,1,0.0013173201801584763,0.0010415827748936658,19,1
686,9,5.033048604838503,4.9755035501084866,0,0.3175557979383915,1.6147053580655306,0.02196541649717123,6155.495169199352,61.55495169199352,0.0,281.3488774097441,394.4576913233458,93967.05423962136,330631.5250543514,14097.038100191774,43940.57255592879,44182.28161964382,7.993403729722004,7.993403729722017,208.2737961512837,48863.63410223684,52113.46461185027,39896.98614819698,1,0.0011145635659454158,0.0010631472527324215,19,1
687,9,5.105256510377141,5.145164836949725,0,0.30708442782110984,1.589706270984958,0.006143209484150646,4015.525178514939,40.15525178514939,0.0,267.2933083728521,394.76870937460995,94300.49659259392,331855.36692137335,13888.789119922141,44603.10207608701,44487.34373426769,7.893990744637336,7.893990744637342,208.2737961512837,48863.63410223684,52191.21912466631,39896.98614819698,1,0.0007220975390215285,0.0010513270950418068,19,1
688,9,5.140798712545721,5.106610213807282,0,0.3094028981746026,1.5911573204320069,0.007061595210130879,7785.284834607453,77.85284834607454,0.0,279.25040823466503,395.27187978836474,94635.66584996789,333072.4484707957,13847.679843463824,44739.84677498529,43652.29962811448,8.174538901797403,8.174538901797398,208.2737961512837,48863.63410223684,52317.011728105004,39896.98614819698,1,0.0014267811594683186,0.0010878140881450877,19,1
689,9,5.109503237739034,5.150411740474175,0,0.3067715902368878,1.595206101974017,0.009624115173428378,8655.650188230034,86.55650188230035,0.0,291.66249517501757,395.44499279212937,94763.11368047622,333624.6919851187,13908.03190787901,44547.93269405579,43657.84832177434,9.332263111500982,9.332263111500975,208.2737961512837,48863.63410223684,52360.28997904615,39909.96962347932,1,0.001586088278915575,0.001244988992468474,19,1
690,9,3.0928022432126605,3.0394768885833034,0,0.5198262917986641,1.0317013711645067,0.3470244486300591,4423.395494397368,44.23395494397368,0.0,272.7933000273172,395.44499279212937,94682.9846655674,333101.49300865835,14377.069274530326,43099.130568084816,43018.42358318196,9.564445373487851,9.56444537348786,208.2737961512837,48863.63410223684,52360.28997904615,40602.60443198043,1,0.0008226048517736373,0.0012784914300525104,19,1
691,9,3.2813852938293238,3.30735819769063,0,0.4777226733721308,1.1337067079335392,0.2824641089028233,3368.991195206955,33.68991195206955,0.0,257.2348510045094,395.44499279212937,94622.18855801721,332712.9359548974,14632.065860458786,42350.85264721415,42145.479121752716,7.640041607315651,7.640041607315648,208.2737961512837,48863.63410223684,52360.28997904615,41119.08114819179,1,0.0006394975243677994,0.0010160635516856707,19,1
692,9,3.2640138884665766,3.2878845915636448,0,0.4805521471325693,1.1747965622601353,0.25645787198725617,3623.1745775303875,36.23174577530388,0.0,257.0436557457761,395.44499279212937,94527.75216673322,332189.72085000935,14934.946190906336,41494.73479632555,41100.70901271099,5.502109617904465,5.5021096179044635,208.2737961512837,48863.63410223684,52360.28997904615,41728.31291634116,1,0.0007052286278389735,0.0007224436679934701,19,1
693,9,3.339586278662393,3.2590242765664352,0,0.4848076804339177,1.2472940307991383,0.21057339822839355,3741.721391602322,37.41721391602322,0.0,259.04529246672354,395.44499279212937,94471.89332396784,331825.11393069924,15214.217997522353,40735.538221529656,41145.88260404008,5.272221193457825,5.272221193457827,208.2737961512837,48863.63410223684,52360.28997904615,42172.39943102976,1,0.0007275034399159882,0.0006907431973742537,19,1
694,9,3.2788974919613647,3.3468026742062023,0,0.4720923680912099,1.282116907271499,0.18853360299272215,6163.609926814701,61.636099268147014,0.0,269.58848658075374,395.44499279212937,94416.95372599104,331325.29917572375,15567.767993162413,39813.15209144763,40048.59520201842,6.72799943181242,6.727999431812422,208.2737961512837,48863.63410223684,52360.28997904615,42766.45443751042,1,0.001231226193223189,0.0008879860869927169,19,1
695,9,3.4045395580964932,3.5035260199308778,0,0.4509742445215727,1.3741417481622722,0.13029003280868853,3155.5096820371914,31.555096820371915,0.0,261.05369134127767,395.44499279212937,94311.7456136879,330984.7987016516,15817.047801469125,39187.925848568055,39187.80327519477,6.57690024446424,6.57690024446424,208.2737961512837,48863.63410223684,52360.28997904615,43194.486483722,1,0.0006441819991547374,0.0008676372107646382,19,1
696,9,3.4683395142371585,3.5035260199308778,1,0.4509742445215727,1.4259765571512804,0.09748319167640487,4609.978625111792,46.09978625111792,0.0,261.85680395162916,395.44499279212937,94229.48779349588,330684.113108581,15964.114825441091,38828.808216531244,39625.99086461639,7.069391251062213,7.069391251062219,208.2737961512837,48863.63410223684,52360.28997904615,43588.47044685369,1,0.0009306979635385167,0.0009353687186388144,19,1
697,9,3.7385889620330635,3.8052227348119034,0,0.4152187953534082,1.5463004767399362,0.02132881218991384,5445.973656763546,54.45973656763547,0.0,268.9559049556223,395.44499279212937,94223.99615855677,330687.3696110449,16012.026844682065,38713.29519830019,38914.90921228799,6.808749464300324,6.808749464300334,208.2737961512837,48863.63410223684,52360.28997904615,43672.85197316955,1,0.0011195654862366008,0.0008981484829766183,19,1
698,9,3.795195314074197,3.859201615641315,0,0.4094111055499853,1.5598815939528397,0.012733168384278746,2769.092424094932,27.69092424094932,0.0,256.5137431460526,395.50037464061126,94333.89862883209,331027.2496650926,15962.074522901057,38835.76206493063,39863.4117443882,6.576087690714631,6.576087690714625,208.2737961512837,48863.63410223684,52374.135441166625,43677.00561180569,1,0.000555716092109904,0.0008686598472950071,19,1
699,9,3.739989137281613,3.731316459468277,0,0.4234430440738212,1.5710612201968122,0.005657455571637919,5505.9897046901615,55.05989704690162,0.0,262.48548152427236,395.50037464061126,94274.99765865656,330923.0683829441,16137.232966240452,38415.48325657316,40657.71238463728,6.948396423664459,6.9483964236644535,208.2737961512837,48863.63410223684,52374.135441166625,43873.21886655189,1,0.0010833840630483928,0.0009195552137982991,19,1
700,9,3.8038355916328555,3.8027936073214597,0,0.4154840265214632,1.5946644113898616,0.009281273031557924,5523.04000291206,55.2304000291206,0.0,268.56317587074045,395.6108354406695,94413.61047273407,331337.39476372005,16121.46047541081,38455.35443537136,41369.68878030401,6.8243150237029395,6.824315023702947,208.2737961512837,48863.63410223684,52401.750641181185,43881.50342655626,1,0.0010680360748648542,0.0009023787433410503,19,1
701,9,3.597174223163097,3.626861753353055,0,0.4356383307247046,1.5476385897356404,0.020481905230607392,5135.833821996121,51.358338219961205,0.0,267.92967236936573,395.6108354406695,94332.77463253014,331168.9515565919,16332.139807119072,37960.76985473717,40768.71572021473,7.927309130554603,7.927309130554611,208.2737961512837,48863.63410223684,52401.750641181185,44152.85562551706,1,0.0010077989912151337,0.0010530730430427936,19,1
702,9,3.615910645340866,3.6343540745832152,0,0.43474025028262914,1.5779320503959056,0.0013088288633509556,4954.229836190197,49.54229836190197,0.0,267.3280906769903,395.7099200373933,94358.1714975257,331313.48879342724,16448.686882370184,37692.99317097852,40681.298230795335,7.66173029915045,7.6617302991504435,208.2737961512837,48863.63410223684,52426.52179036214,44160.28697027135,1,0.0009742520620819117,0.0010166957093872997,19,1
703,9,3.3691173232924867,3.459404263987855,0,0.456726037036979,1.492829078875183,0.05517146906633991,3437.0328352005613,34.370328352005615,0.0,259.42351540938836,395.7099200373933,94297.12007876948,331170.31000547897,16574.919691073967,37407.39636814653,40274.49302055563,6.719390456214001,6.719390456214007,208.2737961512837,48863.63410223684,52426.52179036214,44387.17536641048,1,0.0006827215098044988,0.0008882575210338481,19,1
704,9,3.4139499450599846,3.416662763761203,0,0.4624395526413239,1.5394877608058364,0.02564065771782512,4264.02932483707,42.6402932483707,0.0,261.01548377061664,395.7099200373933,94199.41411028153,330954.26234658126,16721.345055572612,37081.05805525852,39784.143976923966,6.357858020670109,6.357858020670115,208.2737961512837,48863.63410223684,52426.52179036214,44679.99608198127,1,0.0008574329164524118,0.0008381354961129408,19,1
705,9,3.437793721141031,3.4702016208336817,0,0.4553049570705983,1.5677291934694426,0.0077663332471882614,3413.6942213024804,34.1369422130248,0.0,258.57202875713904,395.77819392181937,94213.9938514945,331053.6640824943,16815.56779173389,36874.004523646,40988.86311253364,5.599215117837616,5.599215117837616,208.2737961512837,48863.63410223684,52443.59026146865,44685.116623313224,1,0.0006662676565447136,0.0007354740276005414,19,1
706,9,3.434838823433361,3.4277528247220483,0,0.4609433879259133,1.5730453411804401,0.004401682797189824,2497.2232845940807,24.97223284594081,0.0,250.83928870788935,395.8281383875113,94214.14090587103,331105.37094112573,16851.45707522002,36796.16694961306,41348.227557746526,5.104786838494112,5.104786838494111,208.2737961512837,48863.63410223684,52456.07637789162,44722.296373477446,1,0.0004831594352829724,0.000668953336093366,19,1
707,9,3.4188149628507345,3.418907690637815,0,0.46213590508062036,1.578518202525011,0.0009378465031575946,2472.143451167304,24.721434511673042,0.0,248.18230759105884,395.8775812565346,94224.4778546872,331178.2559381846,16920.38049051795,36646.80578632341,41283.45649480398,4.18207150098433,4.1820715009843275,208.2737961512837,48863.63410223684,52468.437095147456,44726.0045886542,1,0.00047905745517766007,0.0005428281823351154,19,1
708,9,3.4350824131331334,3.4532822831861045,0,0.45753572121600306,1.5785260611189786,0.0009328727095072344,5174.731912142926,51.747319121429264,0.0,258.9015316640654,395.98107589477746,94376.97633227654,331551.4293959789,16880.772476519058,36734.80348692311,39881.73070630025,5.104180430386407,5.104180430386407,208.2737961512837,48863.63410223684,52494.31075470817,44733.76668652242,1,0.0010380155164781666,0.0006667441356462663,19,1
709,9,3.4042405522991794,3.386254251215168,0,0.4665922529098375,1.5854784372231503,0.003467365331107736,4177.755182890007,41.777551828900066,0.0,261.3872251762247,396.06463099843523,94398.96889207557,331657.9592476998,16994.556978956287,36489.654275871646,40172.8514860538,5.9534598759949455,5.9534598759949375,208.2737961512837,48863.63410223684,52515.199530622616,44740.03331929675,1,0.0008319559161669835,0.0007830096292742702,19,1
710,9,3.6515781738185247,3.6768248706854747,0,0.4297185902426293,1.6152432513716604,0.02230585529851917,4887.45917843328,48.8745917843328,0.0,263.1461546975463,396.87536036600426,95075.414352153,333290.31412627443,16563.259347208972,37444.537389772566,40800.774495903264,7.11755266662446,7.11755266662445,208.2737961512837,48863.63410223684,52717.881872514874,44740.03331929675,1,0.0009583071378067143,0.0009427595234839549,19,1
711,9,3.8369110555702712,3.7909113149482185,0,0.41678632622445877,1.6165149622860184,0.023110735624062254,3196.7059925541785,31.967059925541786,0.0,255.69744368544605,397.3644803618347,95537.45131653461,334567.5742972632,16165.430500053546,38369.7772373194,41511.955533928725,6.080199695331606,6.080199695331615,208.2737961512837,48863.63410223684,52840.161871472475,44740.03331929675,1,0.000616055004191057,0.0008021060193882517,19,1
712,9,3.790928222606074,3.7934677760646482,0,0.4165054491748169,1.6008193261388133,0.013176788695451398,3873.644509869073,38.73644509869073,0.0,254.6493458177966,397.4419532520321,95555.43574770994,334686.32244919287,16184.226284301329,38326.149104024975,42600.46449760636,5.819227785665869,5.819227785665861,208.2737961512837,48863.63410223684,52859.53009402182,44745.84378606155,1,0.0007274370466240764,0.0007672663962072825,19,1
713,9,3.7495152507512177,3.7404537580458643,0,0.4224086440318524,1.590022979379054,0.006343657834844196,3791.798408362858,37.91798408362858,0.0,256.14382108051313,397.51778922019935,95575.52963141468,334795.67312552873,16218.550203184232,38245.800293818465,43189.587647850676,5.1946958066960525,5.19469580669605,208.2737961512837,48863.63410223684,52878.48908606364,44751.531483674094,1,0.0007023541765259815,0.0006819487424470382,19,1
714,9,3.903573360827069,3.933984946857875,0,0.40162837970744314,1.5859866651047436,0.0037890285473060436,2866.220799354879,28.66220799354879,0.0,250.9699031931824,397.7943627017473,96021.63842491298,335938.75434198946,15875.781381118331,39074.90437667396,43234.958137669375,4.981557839357714,4.981557839357706,208.2737961512837,48863.63410223684,52947.63245645062,44751.531483674094,1,0.0005303524597346838,0.0006533812276282472,19,1
715,9,4.061138877645775,4.064996136574902,0,0.38868425624908015,1.5929854863683726,0.008218662258463601,4789.031763341189,47.89031763341189,0.0,257.28031186803344,398.1215218698394,96312.21331024588,336767.0668225006,15599.56937087011,39769.36273977006,43193.22732207229,5.375357136844493,5.375357136844491,208.2737961512837,48863.63410223684,53029.42224847365,44751.531483674094,1,0.0008869967928317193,0.0007065678096974615,19,1
716,9,4.065795856870675,4.065759409775065,0,0.38861128777106174,1.600373133776656,0.012894388466237942,4698.672872491568,46.986728724915686,0.0,261.57244025729693,398.2154953272892,96341.48788930682,336904.651367189,15626.953818010714,39700.74400014532,43440.500891877215,5.7742452415332695,5.774245241533273,208.2737961512837,48863.63410223684,53052.915612836114,44758.57949298283,1,0.0008653073101871451,0.0007608855209178494,19,1
717,9,4.006788281061256,4.044727867071372,0,0.3906319663339961,1.5773010899992952,0.0017081708865220755,4633.369822981512,46.33369822981512,0.0,261.2834535910266,398.3081627237488,96366.6612056112,337054.7751012012,15627.844589077129,39699.11956238411,44508.59579058813,6.504700676906321,6.5047006769063165,208.2737961512837,48863.63410223684,53076.082461951024,44765.529547717306,1,0.0008328044937263634,0.0008617028655817427,19,1
718,9,4.1006154301510405,4.083957834909403,0,0.3868796064675948,1.6070825920042413,0.017140881015342554,4227.403798193145,42.27403798193145,0.0,260.2674442359653,398.5380942656239,96516.41463631026,337545.04800583207,15593.463883747934,39788.1222342498,43034.05525643139,6.265108828403124,6.265108828403118,208.2737961512837,48863.63410223684,53133.5653474198,44765.529547717306,1,0.0007858713333898719,0.0008279943791011268,19,1
719,9,3.96486175527889,3.9809643722487924,0,0.39688875665759343,1.576836197748781,0.002002406488113316,4769.328406532507,47.693284065325074,0.0,262.7991240506496,398.63348083375456,96658.85502799835,337976.283738835,15708.75207872397,39498.731972928275,44254.93580667251,6.253437046691412,6.253437046691405,208.2737961512837,48863.63410223684,53157.41198945246,44772.6835403271,1,0.0008621552953762804,0.0008269437074975051,19,1
720,9,4.109433248312892,4.168861892615342,0,0.3790003220780203,1.5896956833814675,0.006136508469283179,5449.92121209478,54.499212120947796,0.0,267.3087641924913,399.02424537188745,96993.56137147505,338962.4476722736,15493.35198703043,40050.996205692856,45079.66021175027,6.580061543881015,6.580061543881009,208.2737961512837,48863.63410223684,53255.10312398569,44772.6835403271,1,0.0009671627845454304,0.0008717298044371942,19,1
721,9,4.138577957833532,4.193764455495727,0,0.3767498191104858,1.5851008271697322,0.0032283716264127514,6380.725910813145,63.80725910813145,0.0,273.55660554455903,399.473078110728,97402.79419722951,340110.6188289827,15417.19407157531,40253.1236263314,45233.65104773216,7.418076208488556,7.418076208488548,208.2737961512837,48863.63410223684,53367.31130869583,44772.6835403271,1,0.0011284918662134923,0.0009859366487117343,19,1
722,9,4.0955396926460415,4.070178088812873,0,0.3881894024103575,1.5859237105968291,0.0037491839220437067,4218.66696704721,42.1866696704721,0.0,264.5235853748871,399.557451450069,97402.36605313732,340220.39715638594,15502.211807238278,40033.40347087527,46186.39970658755,7.086558786024184,7.086558786024185,208.2737961512837,48863.63410223684,53388.40464353107,44830.443676443494,1,0.0007307202109447822,0.0009421249539012349,19,1
723,9,4.06449423548118,4.079916421902095,0,0.3872628349733177,1.5925703639778512,0.007955926568260229,3519.4244419591187,35.194244419591186,0.0,254.47680092357214,399.62783993890815,97418.55547943451,340360.2301897833,15594.078185952498,39798.581166695774,47189.899797979044,6.172737751863129,6.172737751863135,208.2737961512837,48863.63410223684,53406.00176574086,44835.72281310643,1,0.0005966402907445617,0.0008186174559676121,19,1
724,9,3.9839605853453772,3.9920576063245794,0,0.3957858718012538,1.5755110518651598,0.0028411064144558498,2959.21659989021,29.5921659989021,0.0,250.02409408424123,399.68702427090597,97431.4143575745,340466.08711917204,15666.478275013444,39615.483423574835,46185.693185607975,4.674772760907678,4.674772760907683,208.2737961512837,48863.63410223684,53420.79784874031,44840.16163800627,1,0.0005125771893036933,0.0006133125636643457,19,1
725,9,4.025177257995364,4.027008673532775,0,0.3923507814583158,1.586587210589549,0.004169120626296855,4499.647875895979,44.996478758959796,0.0,255.6682170126998,399.77701722842386,97455.39284771142,340590.70365974936,15640.889551233957,39680.99105819109,46193.61235564081,4.7973304571811095,4.797330457181108,208.2737961512837,48863.63410223684,53443.29608811979,44846.91110982011,1,0.0007792675474268715,0.0006294950091583754,19,1
726,9,3.9893268999139875,3.953790896516147,0,0.39961647981743426,1.5890838189668004,0.005749252510633119,5450.2575868212825,54.50257586821283,0.0,262.7607932987743,399.8860223801603,97479.6898338099,340738.4364318619,15723.525737640204,39473.23825085685,47599.360813554915,5.573965123516566,5.57396512351656,208.2737961512837,48863.63410223684,53470.547376053895,44855.08649620034,1,0.0009160219790630816,0.0007359555719312154,19,1
727,9,4.125574546466978,4.175147178313053,0,0.37842977325613486,1.5806137148770587,0.0003884271373788831,8028.050830981464,80.28050830981464,0.0,275.4948199674426,400.46222980139567,97869.8013375067,341947.176457696,15421.046726401602,40250.617374447385,47689.308218928876,7.613092190979272,7.613092190979266,208.2737961512837,48863.63410223684,53614.599231362736,44855.08649620034,1,0.0013467254830582698,0.0010140050031827409,19,1
728,9,4.382338806648958,4.4196386626123125,0,0.3574952887813934,1.616845424544239,0.02331988895204993,4605.364370416315,46.05364370416315,0.0,265.2577716880218,400.9947046884013,98289.31104207996,343215.01013169443,15133.556091525092,41018.37388764836,47348.65935406461,7.603924089378435,7.6039240893784275,208.2737961512837,48863.63410223684,53747.71795311415,44855.08649620034,1,0.0007781194962211272,0.001013622319447493,19,1
729,9,4.243487970458304,4.200920248727421,0,0.37610806834017557,1.6237084475630594,0.027663574406999594,8517.556523432775,85.17556523432775,0.0,275.32329404126284,401.3418429158415,98385.23323992618,343587.12747654924,15412.288437707879,40279.31287837129,48570.33650664483,8.79113792611223,8.791137926112217,208.2737961512837,48863.63410223684,53834.50250997419,44855.08649620034,1,0.0014029232055688973,0.0011759227282827649,19,1
730,10,4.521593996916022,4.5846849075738,0,0.34462564644079996,2.22286655454663,0.4068775661687532,5228.495109168126,52.28495109168126,0.0,318.51528669446384,431.8537772405078,94007.27652745866,345421.91293897096,20126.04206206261,40938.93571045345,49223.37453108127,7.611133301055035,7.6111333010550455,246.11687265540633,48617.517229581434,54133.83509210852,44855.08649620034,1,0.0008497580930160213,0.0010102669316020153,22,1
731,10,4.375493704517831,4.36736662530252,0,0.3617740701790879,1.972047725871161,0.24813147207035505,5324.747061379334,53.24747061379334,0.0,312.53877587872415,435.0486254773354,95107.88498548121,348989.6381355752,19272.041556902706,42759.96741822412,47185.96509180067,7.920019525038416,7.920019525038426,246.11687265540633,48617.517229581434,54932.54715131542,44855.08649620034,1,0.0009027679397498805,0.0010518164127782663,22,1
732,10,4.154385473815856,4.205927416609685,0,0.3756603106749775,1.7176193519521248,0.08710085566590171,5502.589397320622,55.02589397320622,0.0,315.385889479275,437.15970414286716,96030.932861717,351958.4785938099,18459.81824401851,44648.54257439048,47264.90975902162,6.7743474638214,6.774347463821395,246.11687265540633,48617.517229581434,55460.31681769835,44855.08649620034,1,0.0009313614561627846,0.0008946291629762288,22,1
733,10,4.139095971618437,4.181199352388544,0,0.37788200629501495,1.6038522799632928,0.01509637972360301,4306.728587915376,43.06728587915376,0.0,309.54250578509743,437.90101160461563,96767.31374781117,354043.6619871216,17872.034328409703,46122.742235987,48052.668890679575,6.442874780803889,6.4428747808038835,246.11687265540633,48617.517229581434,55645.64368313547,44855.08649620034,1,0.0007170013549446316,0.0008503769169524323,22,1
734,10,4.066146355039287,4.07320976491313,0,0.38790047436550257,1.5902620265149017,0.006494953490444051,4240.471599199661,42.40471599199661,0.0,305.71802615651495,437.98582103659965,96793.56008470095,354191.08781665715,17955.211393394027,45909.74074958512,49143.76264867839,5.917800474190661,5.91780047419067,246.11687265540633,48617.517229581434,55666.84604113147,44861.44720359914,1,0.0006902966107034458,0.0007795531406036208,22,1
735,10,4.1360685612675265,4.091976653284307,0,0.3861214600850321,1.6048402345352328,0.015721667427362508,5321.6213009396415,53.21621300939642,0.0,310.2808912140912,438.27849552919804,96975.2260608801,354785.9392692441,17884.591193128257,46092.996532107994,50458.38760570986,5.701935013378223,5.701935013378226,246.11687265540633,48617.517229581434,55740.01466428107,44861.44720359914,1,0.0008437243524345116,0.0007503407726941963,22,1
736,10,4.138981631085295,4.112572302680214,0,0.38418777439372787,1.6043176290302128,0.015390904449501726,5942.256493606102,59.422564936061015,0.0,315.7352893176346,438.6030154996638,97194.20872955823,355455.33069516235,17875.883328415734,46118.0201457122,50821.322651684844,6.235676000760687,6.235676000760683,246.11687265540633,48617.517229581434,55821.14465689751,44861.44720359914,1,0.0009353958037389415,0.0008231389222922996,22,1
737,10,4.327533765369549,4.274110755515817,0,0.36966753796938495,1.6211217341638104,0.026026414027728085,6023.008207826687,60.23008207826687,0.0,318.6258756219356,439.48455813414216,97702.38444932965,357107.5375581123,17574.38226505144,46914.26378090668,51682.67163051373,6.822827741868765,6.8228277418687675,246.11687265540633,48617.517229581434,56041.5303155171,44861.44720359914,1,0.0009323060155846387,0.0009038087239193639,22,1
738,10,4.586610599770048,4.62154326547076,0,0.3418771413014259,1.610953813133007,0.019591020970257552,8036.380183844309,80.3638018384431,0.0,328.17464273542436,441.05012108617325,98623.36556863219,360029.4714369322,17018.41739457307,48453.81225514695,51448.007307059845,7.818335495510495,7.81833549551049,246.11687265540633,48617.517229581434,56432.92105352488,44861.44720359914,1,0.001249631323659299,0.0010391110476609597,22,1
739,10,4.128911021697196,4.131987863029638,0,0.38238253653570015,1.4822753033609564,0.06185107382217956,3577.1900244468648,35.77190024446865,0.0,309.46607180619884,441.05012108617325,98512.07648616472,359743.7421268557,17205.93695128354,47927.52234062008,52144.98491909346,6.861428051010973,6.861428051010962,246.11687265540633,48617.517229581434,56432.92105352488,45283.966610650714,1,0.0005488067594607032,0.0009102480329015468,22,1
740,10,4.274692918486038,4.3244481117144815,0,0.36536454113530553,1.5555816118750674,0.01545467602843841,3943.21960976727,39.4321960976727,0.0,299.0350665606156,441.05012108617325,98518.45448408437,359839.101133002,17323.318507072792,47603.97421874994,53172.691671215005,6.0250931363496685,6.025093136349674,246.11687265540633,48617.517229581434,56432.92105352488,45309.32038491479,1,0.0005932698888594243,0.0007972359906598088,22,1
741,10,4.3956835889432435,4.390320424966334,0,0.35988261608766653,1.6006575063208035,0.013074371089116096,3103.8455478599158,31.038455478599158,0.0,295.3157338882796,441.11219799713047,98550.90960582824,360006.6299265017,17329.165443500242,47588.89884267952,53382.13538838526,4.112843038810722,4.1128430388107216,246.11687265540633,48617.517229581434,56448.44028126418,45313.97615323658,1,0.00046515120090684755,0.0005357426164089916,22,1
742,10,4.422748110080639,4.4052358174845265,0,0.35866411367330847,1.6067517108300595,0.016931462550670538,5674.4013301483155,56.74401330148316,0.0,304.3548345839333,441.22568602373343,98616.8565265198,360261.52642213623,17309.06282491514,47644.962429579326,52255.787083181305,4.901944281347765,4.9019442813477605,246.11687265540633,48617.517229581434,56476.81228791492,45322.48775523181,1,0.000868711642768407,0.0006423775775115597,22,1
743,10,4.408434217891034,4.367969368528415,0,0.3617241483843802,1.6099742881756223,0.01897106846558367,4104.924039312255,41.04924039312255,0.0,302.9284592920661,441.3077845045197,98639.5477561457,360408.6292844172,17354.688460956455,47520.636207684234,53618.0968332937,4.9422884130333165,4.942288413033312,246.11687265540633,48617.517229581434,56497.33690811149,45328.64514129078,1,0.0006124684435667382,0.0006487770957473309,22,1
744,10,4.34441420889324,4.3011494069022165,0,0.3673436680587088,1.6133437372146004,0.02110363114848125,5459.892188824075,54.598921888240746,0.0,306.56924787312926,441.4169823482962,98666.90229379537,360584.50364612904,17500.62024656696,47125.69399184213,52808.694384130366,5.828756727408636,5.828756727408645,246.11687265540633,48617.517229581434,56524.63636905561,45336.834979574014,1,0.0008271201933694974,0.0007694334265682142,22,1
745,10,4.621552519424668,4.561590701595012,0,0.34637040088834253,1.615120131502197,0.022227931330504398,5184.864014151518,51.84864014151518,0.0,309.4317412513189,442.35309991201234,99444.81805223515,362923.3471993514,16978.166575618696,48581.828052494646,53466.72667301777,5.601991885838852,5.601991885838848,246.11687265540633,48617.517229581434,56758.66575998465,45336.834979574014,1,0.0007757892561271134,0.0007384592976877831,22,1
746,10,4.6343024652554545,4.580589758121142,0,0.3449337494585155,1.604379365935715,0.015429978440325943,6940.03435561142,69.40034355611421,0.0,316.6324450004662,442.7356542146297,99670.16791709117,363717.9224636438,16898.799052494498,48812.7357977812,54709.010845358585,6.581075967429666,6.58107596742966,246.11687265540633,48617.517229581434,56854.30433563899,45336.834979574014,1,0.0010148287089639752,0.0008725793861535286,22,1
747,10,4.542018235662767,4.536026641264996,0,0.3483224691906513,1.5840595632971588,0.0025693438589612216,5194.837488790117,51.948374887901174,0.0,312.0737200472892,442.8395509644055,99699.20079819081,363920.63462544663,16961.386713511918,48633.85793053498,55733.48693176353,6.3760080098296035,6.376008009829601,246.11687265540633,48617.517229581434,56880.27852308294,45344.6272358072,1,0.0007456683979095497,0.0008454287876668794,22,1
748,10,4.76838321248954,4.714576031254958,0,0.33513087699201344,1.5958332885132145,0.01002106867924963,6016.722861516563,60.167228615165634,0.0,313.20880950311783,443.3783774536102,100100.60428944202,365326.60311929113,16615.9640419125,49648.84776316616,55189.61099540356,6.613257812831233,6.613257812831227,246.11687265540633,48617.517229581434,57014.98514538412,45344.6272358072,1,0.0008721529654583235,0.0008775500241106161,22,1
749,10,4.558213728394298,4.6043867894351775,0,0.34315101494629635,1.5640000802606688,0.010126531480589389,4366.275160210924,43.66275160210924,0.0,306.8757584821591,443.3783774536102,100026.3246171285,365180.11524530186,16824.713122633184,49034.932478456394,56049.50658554264,5.652999010376221,5.652999010376224,246.11687265540633,48617.517229581434,57014.98514538412,45617.68479346677,1,0.000623202654395842,0.0007470080059212384,22,1
750,10,4.7166456321795955,4.743236242705716,0,0.3331059047353522,1.589584860669394,0.006066367512274692,3704.242298391183,37.04242298391183,0.0,299.43833149954764,443.5468128871388,100232.5666044245,365911.0884056657,16674.80427884092,49477.788015749284,55174.56976772927,5.14371719210789,5.143717192107894,246.11687265540633,48617.517229581434,57057.094003766266,45617.68479346677,1,0.0005370941452172751,0.0006774832550238136,22,1
751,10,4.796483513466678,4.756559739739727,0,0.3321728489604665,1.6120566864727064,0.020289042071333113,4638.731636605612,46.38731636605612,0.0,303.20498309660394,443.7782481633335,100348.24183594364,366363.8547493274,16652.192254083442,49546.62344073907,53828.39274656271,4.706551634562211,4.706551634562214,246.11687265540633,48617.517229581434,57114.95282281494,45617.68479346677,1,0.0006894103873315927,0.0006165690623149032,22,1
752,10,4.718405486339468,4.7227526456109645,0,0.3345506569073345,1.5936186015579368,0.008619368074643483,6102.523318809647,61.02523318809647,0.0,311.4983129520793,443.9002986297097,100466.48894434626,366799.2613321941,16693.54511182085,49426.45295748156,54493.22581007143,5.37314861745623,5.373148617456225,246.11687265540633,48617.517229581434,57145.46543940899,45626.838578444986,1,0.0008958945965253215,0.0007074663763580631,22,1
753,10,4.7006293965166694,4.77524699669173,0,0.3308729372731122,1.561746523692556,0.011552833105977219,6758.0418777916675,67.58041877791668,0.0,317.84442245440556,444.0354594672655,100764.28959634878,367827.2544669418,16557.745772026316,49836.40132075517,55869.418264027874,6.419940962671542,6.419940962671533,246.11687265540633,48617.517229581434,57179.255648797945,45636.97564126167,1,0.0009676910320926547,0.0008509986719831896,22,1
754,10,4.631827174893229,4.514888236662518,0,0.34995329168279987,1.5968374626935369,0.010656621957934688,7105.086638170395,71.05086638170395,0.0,322.60342698922454,444.17756120002895,100680.68263225578,367721.9705305472,16867.12212460666,48925.201496221234,55177.56955536937,7.254804574959341,7.254804574959346,246.11687265540633,48617.517229581434,57214.781081988796,45997.77969182481,1,0.0010301412976938915,0.0009645756421039559,22,1
755,10,4.8777811490516365,4.868868568597859,0,0.32451071080257354,1.6070859575571323,0.017143011112109037,4561.197628581833,45.61197628581833,0.0,310.34116251711947,444.8168472601175,101250.21958744132,369652.6570306631,16489.879688891528,50049.60930582029,55927.86234537639,6.65153312480698,6.651533124806985,246.11687265540633,48617.517229581434,57374.60259701095,45997.77969182481,1,0.0006524401165794117,0.0008834241487886527,22,1
756,10,4.7957186031123085,4.7381750517952845,0,0.33346171948656506,1.5960207112498142,0.01013969066443929,4698.542064497161,46.98542064497161,0.0,305.6252699279105,444.9108181014075,101270.2975495496,369846.6712524623,16573.17120664948,49799.01883983364,54488.77933355964,5.977610005487579,5.977610005487583,246.11687265540633,48617.517229581434,57398.09530733343,46004.82750492156,1,0.0006898362741047244,0.0007908058961260092,22,1
757,10,4.776107895210007,4.764986485274827,0,0.33158541055313645,1.5956532266689918,0.009907105486703618,7527.486797818111,75.2748679781811,0.0,317.6542940333246,445.2304107917752,101477.29099215358,370596.2321563373,16605.789480316507,49704.43509753108,55482.27663805123,6.11629545574838,6.116295455748373,246.11687265540633,48617.517229581434,57477.993479925375,46004.82750492156,1,0.0010853897502332208,0.0008092220469724524,22,1
758,10,4.912015633730779,4.962518740424239,0,0.3183867069618216,1.5730547815151656,0.00439570790179394,6084.878913419009,60.84878913419009,0.0,318.74827685388385,445.8553037103846,101999.2377985538,372533.6205372784,16259.10758770999,50770.63532677246,55425.607878579496,6.666765732724669,6.666765732724664,246.11687265540633,48617.517229581434,57634.21670957772,46004.82750492156,1,0.0008782769043145706,0.0008845009762175052,22,1
759,10,4.961311759776559,4.976089283557019,0,0.3175184185743912,1.5991605306764274,0.012126918149637539,5140.282879582467,51.402828795824675,0.0,311.1930051163543,445.95810936797625,102078.67565976926,372914.6931044226,16312.055875923299,50607.298698848215,54897.80512451695,6.807894376348708,6.807894376348702,246.11687265540633,48617.517229581434,57659.91812397563,46012.537929240934,1,0.0007490693470055482,0.0009042453338511131,22,1
760,10,4.667500906105041,4.664537435178897,0,0.33872597700342033,1.563983425180283,0.01013707267070694,5915.844445560081,59.158444455600815,0.0,313.7416825357038,445.95810936797625,101991.24220427897,372712.6705599017,16632.171589677393,49636.50810836766,56023.09991202483,6.21989618206817,6.219896182068171,246.11687265540633,48617.517229581434,57659.91812397563,46357.00367066744,1,0.0008447721678878826,0.0008240394730693337,22,1
761,10,3.250541478112835,3.2115982401299155,0,0.49196689058345167,1.1333563299764746,0.28268586710349713,4116.752891046415,41.167528910464156,0.0,306.3845853393313,445.95810936797625,101887.35218658562,372118.6435832064,16966.67105479405,48661.54319731843,56076.75886374901,5.506874289673856,5.506874289673859,246.11687265540633,48617.517229581434,57659.91812397563,47072.43046146031,1,0.0005873025437934436,0.0007270480195622915,22,1
762,10,3.1197101556139066,3.155651242973961,0,0.5006890427191093,1.1209231430239692,0.29055497276963976,2691.4448435658883,26.914448435658883,0.0,295.1590961337386,445.95810936797625,101824.5525596985,371767.2774420066,17223.970730111494,47937.092512663454,53182.13996904395,4.672459112482726,4.672459112482725,246.11687265540633,48617.517229581434,57659.91812397563,47518.61311313537,1,0.0004048644669255527,0.0006123130595356263,22,1
763,10,3.2069692362017275,3.2056249830330232,0,0.4928836056503006,1.2106894888911552,0.23374082981572455,4649.550618963061,46.49550618963062,0.0,301.30040491540694,445.95810936797625,101704.21308927026,371118.08499764366,17655.806583430047,46768.08469300137,51249.319843822166,4.394957235087218,4.394957235087216,246.11687265540633,48617.517229581434,57659.91812397563,48249.38252329266,1,0.0007257931435003879,0.0005726533847397946,22,1
764,10,2.611666989227394,2.582024782178525,0,0.6119228641434303,1.0261780565968113,0.35052021734379035,3400.0473327021123,34.000473327021126,0.0,300.28879227493127,445.95810936797625,101590.48991126505,370559.42485155095,18012.95609201287,45843.742712573105,51289.319843822166,4.2554421702031755,4.25544217020318,246.11687265540633,48617.517229581434,57659.91812397563,48884.06788937691,1,0.0005303322162283111,0.0005536632755514171,22,1
765,10,2.608216871748057,2.615134581398741,0,0.6041754069708012,1.05438695092134,0.33266648675864563,2736.8091233105665,27.368091233105666,0.0,293.58113869874086,445.95810936797625,101542.38510626083,370239.06733993604,18271.320881988468,45197.417657609214,50546.119415717,4.32258902584797,4.322589025847967,246.11687265540633,48617.517229581434,57659.91812397563,49278.461961598994,1,0.0004331583361803356,0.0005630945653030115,22,1
766,10,3.278830585712227,3.300522386898322,0,0.478712099112532,1.3662687297151321,0.13527295587649868,3763.35101592044,37.633510159204405,0.0,297.0415894104552,445.95810936797625,101404.51018679792,369767.78936438763,18550.743263491106,44518.87324736744,49702.40538751584,4.036603287401649,4.036603287401654,246.11687265540633,48617.517229581434,57659.91812397563,49815.576564851304,1,0.0006057414705109161,0.0005230773409731876,22,1
767,10,3.068916724523563,3.0343342715746724,0,0.5207072980723566,1.3146320036572607,0.1679544280650249,3104.9820974308527,31.049820974308528,0.0,296.4282191371797,445.95810936797625,101329.6098114968,369461.1454641422,18809.24189097964,43908.86335814925,49762.629644364635,3.9600537513909138,3.96005375139091,246.11687265540633,48617.517229581434,57659.91812397563,50185.16467493232,1,0.0004991668840044873,0.0005126888968985797,22,1
768,10,2.9037231293233163,2.8705189560281092,0,0.5504231200710203,1.2738352989060502,0.19377512727465182,2601.890340002773,26.01890340002773,0.0,292.2848375396504,445.95810936797625,101239.92239614409,369131.01618399436,19034.843460112046,43390.158261152494,48417.85118141487,3.9550549778554944,3.9550549778554913,246.11687265540633,48617.517229581434,57659.91812397563,50575.055558757376,1,0.00042990595848689886,0.0005116047710007674,22,1
769,10,2.930810801272184,2.929579342365154,0,0.5393265774206374,1.3187411926297188,0.16535367555081093,3477.7065394745996,34.777065394745996,0.0,295.4160633046032,445.95810936797625,101136.22908348507,368738.5665684691,19278.201432356607,42844.46508748448,47650.824314979276,3.907767686145462,3.907767686145462,246.11687265540633,48617.517229581434,57659.91812397563,51024.08426690579,1,0.0005838650792668643,0.0005043126405860835,22,1
770,10,2.9468023048403307,2.951019225015926,0,0.5354082367902816,1.3560815026658846,0.1417205679329845,2863.348204049189,28.63348204049189,0.0,294.686456126722,445.95810936797625,101048.79501131359,368448.78995551256,19496.441043454208,42366.301206889715,47194.77797414259,3.8758101964858658,3.875810196485865,246.11687265540633,48617.517229581434,57659.91812397563,51368.240976783985,1,0.00048536695405037916,0.0004997126639347141,22,1
771,10,2.94918407087965,2.979235146895196,0,0.5303374598163538,1.3980277318544183,0.1151723216111277,4699.614812862437,46.99614812862438,0.0,301.173689951817,445.95810936797625,100880.12980920121,367926.4381299037,19788.186782582285,41743.81088519068,46810.3829663629,4.791027520600756,4.791027520600758,246.11687265540633,48617.517229581434,57659.91812397563,51955.264020371964,1,0.0008031747685105668,0.0006241356006092702,22,1
772,10,2.865207205504786,2.8488884185298406,0,0.5546022756536578,1.3974091019468322,0.11556385952732143,3092.744032965468,30.92744032965468,0.0,297.4346163488532,445.95810936797625,100732.69176930825,367538.6008995358,20072.06635214568,41155.184306024436,47184.68901063221,4.641486261204015,4.641486261204008,246.11687265540633,48617.517229581434,57659.91812397563,52404.57582164762,1,0.0005243639999015061,0.000604301907487484,22,1
773,10,2.890594095275769,2.892064636067576,0,0.5463225061762008,1.4425680825353568,0.08698222624344508,4257.814225063868,42.578142250638685,0.0,299.6202376871152,445.95810936797625,100676.20971374003,367342.6856556218,20304.474787111856,40685.771186721606,47718.383167237975,5.196496219584838,5.196496219584831,246.11687265540633,48617.517229581434,57659.91812397563,52668.46508538727,1,0.0007138237203287571,0.00068045416291361,22,1
774,10,2.934441930259947,2.946810460961498,0,0.5361729303365073,1.5099360446915162,0.044344275511698644,4143.611770506424,41.43611770506424,0.0,302.6521261439663,445.95810936797625,100527.15622271203,367014.0369229613,20617.86261497334,40069.194177080164,46012.40497356316,5.006062298257942,5.006062298257941,246.11687265540633,48617.517229581434,57659.91812397563,53058.33608741317,1,0.000720433852199149,0.0006528738574764706,22,1
775,10,3.1692181202376926,3.1390177061966487,0,0.5033421751272589,1.5920664254508885,0.0076369781334736896,2560.010243646863,25.600102436468628,0.0,294.681703932041,446.1221743611272,100842.70407027355,367689.1902918435,20372.436225511738,40554.02023881839,44728.6911077899,4.8446550033278655,4.844655003327866,246.11687265540633,48617.517229581434,57700.93437226336,53058.33608741317,1,0.0004578734910847439,0.00063071035453755,22,1
776,10,3.1647129729737005,3.1665021826901176,0,0.49897328624536214,1.5942501593737382,0.009019088211226633,2881.4842732385328,28.81484273238533,0.0,292.05876183349454,446.1798040465919,100861.02942668294,367766.0349688192,20401.039892200733,40497.68176555416,45703.66525612737,4.32777657745379,4.32777657745379,246.11687265540633,48617.517229581434,57715.34179362955,53062.65831382303,1,0.0005043769259363232,0.0005608947564067387,22,1
777,10,3.3277837600406523,3.3089197469070384,0,0.477497225938127,1.5838112052634181,0.0024121552300114236,4701.45496673558,47.014549667355794,0.0,299.7491661232568,446.7532528746174,101565.10191684333,369295.0020591965,19830.73243433098,41666.82817078711,45839.1623592076,4.576737218836144,4.576737218836147,246.11687265540633,48617.517229581434,57858.70400063591,53062.65831382303,1,0.0008205132423483231,0.0005942545531231301,22,1
778,10,3.170990008160321,3.247889397057282,0,0.4864697675455154,1.54171400019992,0.024231645443088583,5943.066103876538,59.430661038765386,0.0,308.3547173375762,446.7532528746174,101575.3332880205,369319.25602078054,20043.69947658376,41225.78555982075,47081.75655288711,5.9202014020139195,5.920201402013922,246.11687265540633,48617.517229581434,57858.70400063591,53116.794135170996,1,0.00100982912091662,0.0007782397630670888,22,1
779,10,3.163826180632204,3.1210652356262742,0,0.5062374159836991,1.5607900591592692,0.012158190405525892,4294.051913041059,42.94051913041059,0.0,304.6089972598362,446.7532528746174,101513.2842051257,369228.39700410044,20190.424473489606,40927.34520728078,44650.41306056309,6.5749580444698,6.574958044469803,246.11687265540633,48617.517229581434,57858.70400063591,53289.150502458026,1,0.0007693638860122843,0.0008665687497590759,22,1
780,10,3.077762949434586,3.119961892581305,0,0.5064164417382626,1.5510032545047785,0.018352370566595933,1562.5539060074468,15.625539060074468,0.0,285.7042302683334,446.7532528746174,101348.43057801883,368938.7434998202,20406.83811088547,40494.69920219273,44670.89287498651,5.243744040605973,5.2437440406059705,246.11687265540633,48617.517229581434,57858.70400063591,53642.58283886962,1,0.00027983392414032536,0.0006863423103564099,22,1
781,10,2.8884942444246358,2.8775034817825014,0,0.5490870853859928,1.4793041341826618,0.06373156064388497,3860.0414187960964,38.600414187960965,0.0,290.02740961805745,446.7532528746174,101247.27252120519,368683.0945841309,20572.46967690789,40169.87371442801,43347.741764564,4.530732114200113,4.530732114200117,246.11687265540633,48617.517229581434,57858.70400063591,53950.65163944501,1,0.0007123861611543716,0.0005871946571023271,22,1
782,10,2.9635604273541998,2.9542164366936348,0,0.534828789243465,1.540980924926142,0.024695617135353263,2888.5196653786525,28.885196653786526,0.0,291.1681629835395,446.7532528746174,101135.55327725013,368467.78612764674,20729.65191362675,39866.53896250919,43089.9954955262,3.9659801705111892,3.9659801705111914,246.11687265540633,48617.517229581434,57858.70400063591,54210.90026707674,1,0.0005362766242439829,0.0005094989031795599,22,1
783,10,2.9205376919220294,2.8918615914363586,0,0.5463608648072364,1.5573281935153023,0.014349244610568227,7092.123170106374,70.92123170106375,0.0,305.98029129692594,446.7532528746174,101059.5727017578,368310.4458003446,20992.756508082137,39368.79643898448,42223.50848286621,6.572659071056497,6.572659071056501,246.11687265540633,48617.517229581434,57858.70400063591,54439.344331998494,1,0.0013437297704399478,0.0008641308519461008,22,1
784,10,2.884655971501893,2.8346405871736002,0,0.5573898882099217,1.5899202142004103,0.006278616582538118,6866.728629597342,68.66728629597343,0.0,314.15307819945673,446.8905874472093,101004.82257079573,368268.9350684296,21343.343990285,38724.0844814078,43366.522864635146,7.921478213686153,7.921478213686147,246.11687265540633,48617.517229581434,57893.03764378389,54624.64138638832,1,0.001266733540252926,0.0010489133116456189,22,1
785,10,2.8152923750042187,2.820889959588061,0,0.5601069246354898,1.570435229620553,0.006053652138890525,3191.2614768742733,31.912614768742735,0.0,293.8112564701888,446.9544126767468,100951.80894253422,368251.66589458747,21472.14102986682,38492.739959103725,42956.478238827185,8.047967860087583,8.047967860087594,246.11687265540633,48617.517229581434,57908.99395116827,54754.0010659292,1,0.0005943246015898538,0.0010682626374275757,22,1
786,10,2.996909091400111,2.9989982505342203,0,0.5268425880937243,1.5804481249148086,0.0002836233638028487,3900.149652277962,39.001496522779625,0.0,287.9299737790051,447.40383451794116,101649.25738811617,369648.0723762155,20878.701300987002,39591.030391413886,43770.8232684825,6.503231690985176,6.503231690985178,246.11687265540633,48617.517229581434,58021.349411466865,54754.0010659292,1,0.0007128309428141451,0.000857963028218975,22,1
787,10,2.963321000595191,2.93663611580572,0,0.5380305688866385,1.584326573865679,0.002738337889670271,4659.711793225668,46.59711793225668,0.0,292.8382904351347,447.4970287538057,101574.1434629722,369564.3830317311,21022.762446572797,39320.9294573978,43842.668681807794,5.493507060803527,5.493507060803527,246.11687265540633,48617.517229581434,58044.64797043299,54940.42643287913,1,0.0008502606129282787,0.0007191387191107591,22,1
788,10,3.0440387542800806,3.0260325017422924,0,0.5221358326753882,1.5972657217915325,0.01092767201995722,2717.1737539664823,27.171737539664825,0.0,284.24125470853295,447.65932152580217,101828.55030385533,370111.41872682946,20827.159008774754,39692.005093025065,44097.66943037306,5.238272566252219,5.238272566252218,246.11687265540633,48617.517229581434,58085.221163432114,54940.42643287913,1,0.0004929373890394272,0.0006853429815939504,22,1
789,10,2.9925312518994653,2.9958240358067636,0,0.5274008022886139,1.581018388610466,0.0006445497534594887,4489.0942275398165,44.89094227539817,0.0,287.94507137288093,447.749103410353,101847.66643602829,370208.3987995042,20898.663803707932,39556.721797841674,44842.14000629539,5.4516113636392385,5.451611363639232,246.11687265540633,48617.517229581434,58107.66663456981,54947.16007422044,1,0.0008008706501357148,0.0007146895507011402,22,1
790,10,2.8263810449694478,2.8294288528143,0,0.558416585887448,1.523921262688091,0.0354928717163982,4079.1217112156005,40.791217112156005,0.0,290.35815598633906,447.749103410353,101745.24443007432,369999.0611425619,21112.741829248447,39157.307384938635,45639.350907432,5.120357714383115,5.120357714383114,246.11687265540633,48617.517229581434,58107.66663456981,55215.778505471295,1,0.000715018356766568,0.0006696087986472367,22,1
791,10,2.9117142203204045,2.881299572384028,0,0.548363667264451,1.591312941285802,0.0071600894213936445,3400.780401839226,34.007804018392264,0.0,285.88250044247087,447.81711901838975,101661.54163046862,369902.6279347281,21256.322442881657,38893.88109836174,45227.417811468935,5.383134733660136,5.383134733660131,246.11687265540633,48617.517229581434,58124.670536579004,55402.6637157771,1,0.000601543146418913,0.0007058107177737319,22,1
792,10,2.345257471555088,2.337402480146488,0,0.6759640299093802,1.3258406259306055,0.16086036333505987,3560.179730767317,35.601797307673166,0.0,285.33340394349216,447.81711901838975,101519.57051259141,369485.3356075508,21619.58318564096,38242.52176798589,45296.399588211825,4.963585262367499,4.963585262367498,246.11687265540633,48617.517229581434,58124.670536579004,55874.37049082588,1,0.000628779287207425,0.0006484469301309687,22,1
793,10,2.309336409052325,2.314577340125443,0,0.6826300303771093,1.3459689525476588,0.14812091610907674,3727.5669084417377,37.27566908441738,0.0,287.0981734397732,447.81711901838975,101385.45621429055,369092.5713697684,21952.465919383725,37664.783218183555,45215.91501339498,4.830358852005788,4.830358852005789,246.11687265540633,48617.517229581434,58124.670536579004,56318.38482413037,1,0.0006595141391852786,0.0006299455242705388,22,1
794,10,2.1193706913482675,2.0993960473891438,0,0.7525973967441368,1.2739208481550943,0.19372098218032008,4052.07219322343,40.5207219322343,0.0,289.88613653112947,447.81711901838975,101274.54559806873,368666.04608651856,22294.101909458077,37089.79741187537,44001.35544705242,5.167993402471375,5.167993402471371,246.11687265540633,48617.517229581434,58124.670536579004,56796.64443819997,1,0.0007367177037260786,0.000675003710039594,22,1
795,10,2.189380155370654,2.1450204006387326,0,0.7365897310484861,1.3421149963859262,0.15056012886966696,2242.995335335975,22.429953353359753,0.0,282.1766011204712,447.81711901838975,101162.73647451703,368401.42161988025,22514.612381976236,36727.88523166679,41551.774070988366,4.696192658697761,4.6961926586977665,246.11687265540633,48617.517229581434,58124.670536579004,57104.86753051477,1,0.0004318458858587306,0.0006093592429233626,22,1
796,10,2.1107513755982135,2.1298747046805535,0,0.7418276748992961,1.3255628013312573,0.16103620168907773,4094.644377182631,40.94644377182631,0.0,287.66163891455466,447.81711901838975,101016.71515827233,367957.7933810481,22788.934654936842,36287.81308815948,37706.44024043293,5.235900475392584,5.235900475392587,246.11687265540633,48617.517229581434,58124.670536579004,57591.45487764612,1,0.0008687416475431505,0.0006791017457093199,22,1
797,10,1.938649462480423,1.944139367857032,0,0.8126989382153131,1.2517496917721576,0.207753359637875,3055.2261566321245,30.552261566321246,0.0,288.16028875041013,447.81711901838975,100880.50179951776,367552.9948133017,23107.96188731559,35788.49524495557,36623.96280934074,5.075886599893442,5.075886599893446,246.11687265540633,48617.517229581434,58124.670536579004,58035.626402754824,1,0.0006673720531089894,0.0006559865288369568,22,1
798,10,1.769730759634621,1.7245598712609196,0,0.916175788576581,1.1772621090880515,0.25489739931135985,2690.954983906714,26.90954983906714,0.0,283.6284258154574,447.81711901838975,100794.75500742094,367221.228136998,23455.52859504927,35259.752367553214,36680.041656857735,5.448244446407877,5.448244446407879,246.11687265540633,48617.517229581434,58124.670536579004,58408.51433812036,1,0.0005869033648501564,0.0007076723551674322,22,1
799,10,1.7159063437310635,1.7160218037212576,0,0.920734221776035,1.168206442006654,0.2606288341730038,1108.6389016762637,11.086389016762636,0.0,273.8975986051528,447.81711901838975,100641.42781779454,366922.16064236034,23729.206089558884,34854.36631460037,35343.84920290129,3.945542938194089,3.9455429381940945,246.11687265540633,48617.517229581434,58124.670536579004,58735.654596858585,1,0.00025093789763798745,0.000501737771865711,22,1
800,10,1.7152605512211279,1.7598427237837024,0,0.8978075021402843,1.194365125890831,0.2440727051323855,2703.6624785136237,27.036624785136237,0.0,277.30024745960714,447.81711901838975,100567.00483441442,366609.02244902885,23998.386501084573,34464.74178284948,34464.48799479196,3.8595417198715936,3.859541719871592,246.11687265540633,48617.517229581434,58124.670536579004,59074.88783695456,1,0.0006275822182931446,0.0004884744935937628,22,1
801,10,1.7162241722945633,1.712143053510106,0,0.9228200860674601,1.2195374062155635,0.22814088214204845,1774.2140695773896,17.742140695773898,0.0,276.15307061736524,447.81711901838975,100448.46872711969,366322.0579031083,24243.558824309974,34117.34766368575,34509.70089032166,3.4306331132917482,3.43063311329175,246.11687265540633,48617.517229581434,58124.670536579004,59384.63637140218,1,0.0004112963077173405,0.0004299388078828242,22,1
802,10,1.781818270789972,1.7823899138886647,0,0.8864502585480256,1.292445923090618,0.18199625120846966,1952.9108596947544,19.529108596947545,0.0,274.191521695568,447.81711901838975,100300.94983046965,366014.7308081143,24494.537073965377,33769.16040600467,34560.001983311246,3.917539960782506,3.9175399607825088,246.11687265540633,48617.517229581434,58124.670536579004,59717.495393243415,1,0.0004520626730606786,0.0004969803996903879,22,1
803,11,1.7751568246465028,1.782526065800413,0,0.8863825501987977,1.581186775127837,0.0007511234986309725,1412.4081979686744,14.124081979686745,0.0,206.545360815226,463.78046079627165,95125.58758476107,365710.57270488946,29763.81373983006,33415.051225365205,33871.488164368784,3.135155097285653,3.1351550972856526,169.3574408218439,48448.15978875959,58124.670536579004,60037.96217074835,1,0.0003335922392579046,0.0003989837400119746,25,1
804,11,1.7109444650497696,1.702918634107062,0,0.9278188448671741,1.5432509996300185,0.02325886099365919,1667.2889267639462,16.672889267639462,0.0,206.0514713604107,463.78046079627165,94989.38254532637,365554.5915135445,29951.627521804992,33206.24534826175,35064.42723349889,3.0518740610029442,3.051874061002945,169.3574408218439,48448.15978875959,58124.670536579004,60210.16199745842,1,0.00038039439016898527,0.0003886831008291895,25,1
805,11,1.8793409358423188,1.9035335319338718,0,0.8300352862157454,1.6410110704996563,0.038614601582060926,1468.1015538558408,14.681015538558409,0.0,205.04813320352983,463.99752099661106,95507.17157556448,366181.1104383183,29470.320961784746,33750.40033034661,35855.02553683473,2.743176271478515,2.7431762714785117,169.3574408218439,48448.15978875959,58178.93558666386,60210.16199745842,1,0.0003275639120318294,0.0003471835138195731,25,1
806,11,1.92146488829028,1.9138488459159118,0,0.8255615397065794,1.6320432132195044,0.03293874254399008,2018.6609201847625,20.186609201847627,0.0,206.67715418354283,464.2489011000743,95992.97071978419,366762.9271424122,29066.51456822193,34221.08355675302,36879.65814827439,2.992783935432553,2.99278393543255,169.3574408218439,48448.15978875959,58241.78061252966,60210.16199745842,1,0.00043789146028821665,0.00038194992082967713,25,1
807,11,1.9311080937250897,1.924383149632825,0,0.8210423170154375,1.588598449114075,0.005442056401313243,1852.361187183975,18.52361187183975,0.0,206.82307759325326,464.3867248623831,96487.81127403851,367374.73261533707,28606.127602054512,34773.74951062498,37708.92669737866,3.0190541433411253,3.0190541433411293,169.3574408218439,48448.15978875959,58276.236553106864,60210.16199745842,1,0.0003929809409956486,0.0003861454377718982,25,1
808,11,1.9300410821639085,1.9415724773467542,0,0.8137733813363182,1.5843111612068375,0.0027285830423021446,3385.234106491078,33.85234106491078,0.0,212.56748328463254,464.45442954451295,96604.04240650499,367529.0815783107,28575.717432309888,34811.53825530937,37041.86954089973,4.010294355591049,4.010294355591051,169.3574408218439,48448.15978875959,58293.16272363932,60215.239848618156,1,0.0007311151728458579,0.0005206625247099078,25,1
809,11,1.9634615510940185,1.953030498946576,0,0.8089991430508735,1.5917058463457125,0.007408763509944606,2151.6683942294226,21.516683942294225,0.0,210.28197257659056,464.5607160918325,96894.86497916885,367907.1579880124,28398.037002721867,35030.6269901575,36746.038663682004,4.084047380321524,4.084047380321527,169.3574408218439,48448.15978875959,58319.73436046921,60215.239848618156,1,0.00046844089267364256,0.0005308456688383831,25,1
810,11,2.000033582943413,1.9931223105632483,0,0.7927260618308459,1.6011447136753703,0.013382730174284927,1437.8704877688576,14.378704877688577,0.0,202.52482119788496,464.63412846393646,97096.52972259004,368184.29469029745,28220.872220590416,35251.46209399992,37738.272812750605,3.856501127940104,3.856501127940099,169.3574408218439,48448.15978875959,58338.08745349521,60215.239848618156,1,0.00030480896566798796,0.0005014550103958295,25,1
811,11,1.8774720638505584,1.8785017150396761,0,0.8410958517366212,1.5171323463041853,0.03978965423785748,2696.8864000500357,26.968864000500357,0.0,206.05856243882081,464.63412846393646,96978.20764789746,368010.6611518911,28353.312968763672,35087.61325018404,37718.20054752876,3.472862819775109,3.472862819775107,169.3574408218439,48448.15978875959,58338.08745349521,60411.01305704969,1,0.000572007436389058,0.00044841909824356284,25,1
812,11,1.8791612925174692,1.874303255174536,0,0.8429799156769163,1.5432064250773836,0.023287072735833213,4739.252517817957,47.39252517817957,0.0,216.57521410628024,464.63412846393646,96878.15449967179,367856.94568964536,28583.527325173334,34806.1395288629,36457.45031328607,4.880965878528115,4.880965878528113,169.3574408218439,48448.15978875959,58338.08745349521,60594.29828991736,1,0.0010399525972535379,0.0006389229997701946,25,1
813,11,1.8174058635474266,1.8211676618264303,0,0.8675752557649933,1.5227063038030257,0.036261833036059704,3612.976055824486,36.12976055824486,0.0,217.83178962238873,464.63412846393646,96627.23875702595,367516.4754590635,28872.11073572791,34459.9238954029,34852.991218172334,6.168540595090726,6.168540595090725,169.3574408218439,48448.15978875959,58338.08745349521,60969.852946431136,1,0.0008293063934072166,0.0008137554756832708,25,1
814,11,1.8348554382683722,1.7879988450883215,0,0.8836694745862395,1.5643360051979407,0.009913920760797074,1951.4110712648514,19.514110712648513,0.0,206.6592613532249,464.63412846393646,96422.03206981014,367286.844904932,29125.067008717655,34161.6426479389,34444.21904558921,5.870393012405886,5.87039301240589,169.3574408218439,48448.15978875959,58338.08745349521,61231.97674589956,1,0.0004532339243765763,0.0007741643050124435,25,1
815,11,1.8924851060652497,1.8579148177171163,0,0.850415737542478,1.612085457735733,0.02030725173147659,2015.5906671166385,20.155906671166385,0.0,202.2561518469802,464.6744402772788,96433.10847603255,367320.30387327407,29112.666633005563,34176.406552410874,35372.891373401166,4.4387833780980435,4.438783378098047,169.3574408218439,48448.15978875959,58348.16540683079,61235.00013190024,1,0.0004558497965777878,0.0005794633714538602,25,1
816,11,1.956201715318725,2.0041721371591295,0,0.7883554364944,1.5983074459070046,0.011586991080382598,2078.2900887566,20.782900887566,0.0,202.54671110044447,464.89100770493815,97072.02080577447,368107.45914436015,28512.933067533406,34897.57162698106,35694.148505279765,3.5526689775757627,3.552668977575762,169.3574408218439,48448.15978875959,58402.307263745635,61235.00013190024,1,0.0004657996172003792,0.0004582944460515811,25,1
817,11,1.8763970144957736,1.8523148888626593,0,0.8529867192128098,1.5534447629975867,0.016807112026843894,2568.9383736139007,25.689383736139007,0.0,204.9465448968831,464.89100770493815,96909.75714733748,367903.54980389436,28701.877379799327,34668.83297604763,35228.93058896919,3.8745553761673723,3.874555376167373,169.3574408218439,48448.15978875959,58402.307263745635,61461.43504975424,1,0.0005833701632528764,0.0005016731923436811,25,1
818,11,1.941183089097548,1.9535809078346773,0,0.8087712127322388,1.5817255759468467,0.0010921366752193898,1092.6680045601747,10.926680045601747,0.0,198.03824465196845,464.91286106502935,97173.86065202436,368242.07161426236,28475.020451311997,34946.15564315259,35041.228136762446,3.3662789118130347,3.3662789118130356,169.3574408218439,48448.15978875959,58407.77060376843,61463.07405176108,1,0.0002494588375260364,0.0004328762059930973,25,1
819,11,1.9600389780401641,1.9821476021111164,0,0.7971152089366085,1.5593695242739372,0.013057263117761337,2151.401371857676,21.514013718576763,0.0,199.38326126779356,464.9558890924665,97521.41080826965,368692.31992551184,28137.30854371415,35366.99969078908,36128.82487525277,3.387184427486923,3.387184427486925,169.3574408218439,48448.15978875959,58418.52761062772,61466.30115381887,1,0.00047638446681532137,0.0004364044891980781,25,1
820,11,1.8380205354425627,1.8265094824284536,0,0.8650379399614699,1.4897671978837816,0.05710936842798634,2406.8816733963627,24.068816733963626,0.0,202.35019643907728,464.9558890924665,97352.16354675764,368442.9847109293,28400.85170080843,35039.93692725742,36762.52768365764,3.2416271959742944,3.241627195974295,169.3574408218439,48448.15978875959,58418.52761062772,61735.717473566,1,0.0005237684838447743,0.0004165372627287107,25,1
821,11,1.8479419804463746,1.8441194820258378,0,0.8567774568838175,1.5307540659900511,0.031168312664524633,2626.340419005638,26.26340419005638,0.0,203.96445354784038,464.9558890924665,97130.38354753707,368152.058214886,28712.033677867556,34661.46101203067,37455.332890170444,3.9974560268838384,3.9974560268838353,169.3574408218439,48448.15978875959,58418.52761062772,62051.345906778355,1,0.0005609541213704987,0.0005203690240101981,25,1
822,11,1.772100700907434,1.791564991292075,0,0.8819105126967822,1.4855024234621306,0.05980859274548702,1976.4219494324334,19.764219494324333,0.0,200.69092235143833,464.9558890924665,96987.3124416853,367955.52963881684,28883.728681350014,34456.27218954541,38105.30686620327,3.841412604830616,3.8414126048306145,169.3574408218439,48448.15978875959,58418.52761062772,62271.76507679917,1,0.00041493893884589204,0.0004998871813537217,25,1
823,11,1.744597234597857,1.7268931201221076,0,0.9149379203550705,1.4903182998799878,0.05676056969621032,2274.715222958675,22.74715222958675,0.0,200.4267259760687,464.9558890924665,96764.13531685312,367657.13043069316,29158.13299639848,34133.10981664099,38500.81823525905,3.7148186184075205,3.7148186184075236,169.3574408218439,48448.15978875959,58418.52761062772,62593.054155974736,1,0.0004726580529398704,0.00048285037105208706,25,1
824,11,1.7033698229483802,1.7130695797812316,0,0.9223209720423468,1.4861659449481734,0.05938864243786495,2580.804822994138,25.808048229941377,0.0,202.39485031823762,464.9558890924665,96537.46033225456,367349.2787689181,29468.283152125125,33775.08711328906,39295.43577943095,3.6263275584983625,3.6263275584983647,169.3574408218439,48448.15978875959,58418.52761062772,62923.22279719668,1,0.0005254156920372011,0.0004710042279409878,25,1
825,11,1.7513709151173649,1.7857475981794007,0,0.8847834943811972,1.5399120718863981,0.025372106401013894,2620.119803766452,26.201198037664522,0.0,203.2747732684536,464.9558890924665,96477.650526573,367274.22628598864,29582.787509254056,33645.05972625882,40234.25549871136,3.880755201084725,3.880755201084727,169.3574408218439,48448.15978875959,58418.52761062772,63022.54834076373,1,0.0005209729413485224,0.0005063488954418646,25,1
826,11,1.689041591011511,1.6969834626494982,0,0.931063875857192,1.519415367286053,0.03834470424933353,1839.8624538661718,18.398624538661718,0.0,198.6206168160694,464.9558890924665,96229.06759850265,366981.9770146376,29923.090116792373,33263.6781403124,41186.55378827418,3.5918361590773036,3.5918361590773045,169.3574408218439,48448.15978875959,58418.52761062772,63337.303678596916,1,0.0003573714787256575,0.00046792003737046033,25,1
827,11,1.670199275501237,1.6919709439134418,0,0.9338221827530568,1.52487449183854,0.0348895621275064,2779.3768982066413,27.793768982066414,0.0,200.91277969038336,464.9558890924665,96022.05960162544,366726.2644730474,30145.90036853779,33018.888586796245,42076.323161652595,3.5974732175032984,3.5974732175032944,169.3574408218439,48448.15978875959,58418.52761062772,63615.67028201857,1,0.0005284448239507206,0.00046892974800830014,25,1
828,11,1.605212394634544,1.5835731538140072,0,0.9977436130402936,1.4836669566914567,0.06097028057502748,2012.0124842849402,20.120124842849403,0.0,199.27377346669218,464.9558890924665,95883.64783990671,366546.20993759617,30332.074575376737,32816.94846931845,41880.52900469768,3.264370827610324,3.2643708276103265,169.3574408218439,48448.15978875959,58418.52761062772,63815.952914136134,1,0.00038433372874717143,0.0004233833438078498,25,1
829,11,1.6343205475868645,1.6464074739204342,0,0.959665225667189,1.5343620368827589,0.02888478678306406,2545.215278338956,25.45215278338956,0.0,200.13526247819198,464.9558890924665,95681.54411835129,366311.44468727364,30570.50199567906,32562.067074526523,42670.37662609883,3.553442561234228,3.55344256123423,169.3574408218439,48448.15978875959,58418.52761062772,64072.79290737696,1,0.0004771863722959887,0.00046332164166462686,25,1
830,11,1.6741967787843484,1.6973711079318126,0,0.9308512396709608,1.573868380917173,0.0038807715714095636,1909.3402679382418,19.093402679382418,0.0,197.88868618496565,464.99407589782527,95692.05163040865,366337.930390819,30590.706147219396,32540.75265338756,43106.1730706564,3.1261815993417676,3.126181599341766,169.3574408218439,48448.15978875959,58428.074311967415,64075.65691777887,1,0.00035435115333640866,0.0004052904181265229,25,1
831,11,1.901856108279158,1.9265975108042064,0,0.8200986408108,1.6934204522086844,0.07178509633461035,1835.516453542339,18.35516453542339,0.0,195.5396015670959,465.497017883151,96605.1845517352,367432.28390568536,29773.073522186507,33437.709853191824,43517.8136992718,3.0084892314135896,3.008489231413587,169.3574408218439,48448.15978875959,58553.80980829885,64075.65691777887,1,0.0003374280640524096,0.0003896551965616023,25,1
832,11,1.963727654660546,1.9706070425206772,0,0.8017833925829083,1.6279056100228004,0.03032000634354453,3131.3513574998588,31.313513574998588,0.0,200.48536454199535,466.1665590205022,97829.59994523312,368891.7247259155,28729.597533865726,34656.250852117504,43720.02702643089,3.244963616835093,3.2449636168350913,169.3574408218439,48448.15978875959,58721.195092636655,64075.65691777887,1,0.0005729825108491912,0.00042158724274600316,25,1
833,11,1.914671073008395,1.9086927651753838,0,0.8277916848785346,1.5915270638922154,0.007295610058364152,1837.519206509065,18.37519206509065,0.0,196.98206203181007,466.20330940463236,97840.84144719687,368922.4634595395,28768.446031029707,34609.59771322251,43546.76107158643,3.2018631556062096,3.201863155606208,169.3574408218439,48448.15978875959,58730.382688669204,64078.41319658863,1,0.0003375716882343321,0.00041599408771197764,25,1
834,11,1.8125578077734892,1.775530204953551,0,0.8898750331545804,1.5336401945039162,0.02934164904815435,1629.0573004595053,16.290573004595053,0.0,191.97116691598572,466.20330940463236,97657.03126255471,368700.7434930445,29025.390690856682,34304.13385677203,44559.938646290306,3.0846072963121567,3.0846072963121562,169.3574408218439,48448.15978875959,58730.382688669204,64322.368244005476,1,0.00029247029505865397,0.0004010081647140591,25,1
835,11,1.8896648555359066,1.9066531543250562,0,0.8286772014175334,1.5761647654573248,0.0024273636346046294,2649.0625851641985,26.490625851641987,0.0,195.41856450209622,466.25629065633564,97949.73394069156,369064.2668750736,28818.981791667786,34551.09405915615,45824.30248688803,2.8141079301521157,2.8141079301521117,169.3574408218439,48448.15978875959,58743.628001595025,64326.34183788322,1,0.0004624729571689066,0.00036417164682063085,25,1
836,11,1.8667351207017249,1.8703681982504416,0,0.8447534562862786,1.568377006422557,0.007356325049014562,1638.7553663909114,16.387553663909113,0.0,192.16275798905912,466.2890657636635,97889.62963019284,369009.54225293524,28923.921924212045,34426.22575009506,47026.14297620294,2.6645479700508874,2.6645479700508896,169.3574408218439,48448.15978875959,58751.82177842698,64410.68628345556,1,0.00027878201573455606,0.0003445750893207055,25,1
837,11,1.949985596349496,1.9827254183624972,0,0.7968829094373028,1.555220981887151,0.01568292285623361,2584.138287437504,25.84138287437504,0.0,194.2135930305883,466.48135947154566,98688.0142918669,370018.1853563532,28182.052965825802,35335.55552487171,46745.80538358015,3.031495938985436,3.031495938985436,169.3574408218439,48448.15978875959,58799.89520539752,64410.68628345556,1,0.00044224516253091735,0.00039450004514479333,25,1
838,11,1.9840207878557286,1.981477752649198,0,0.7973846781209479,1.5806535359986877,0.00041363037891624745,1245.8845363025048,12.458845363025048,0.0,189.32914304621713,466.5062771622717,98693.8065763729,370043.1140070955,28166.873549049895,35354.782928385546,46508.34575972049,2.4245670041423715,2.4245670041423684,169.3574408218439,48448.15978875959,58806.12462807904,64412.555110260015,1,0.0002143072630859348,0.0003117781471171361,25,1
839,11,2.0128692032656286,1.9803540860006008,0,0.7978371197197716,1.6087061819258763,0.018168469573339407,2404.239842370345,24.04239842370345,0.0,191.55867322704046,466.55436195911915,98704.97778327833,370075.6929299826,28211.496602953364,35299.20710700311,46413.38002307053,2.7566393364667015,2.756639336466702,169.3574408218439,48448.15978875959,58818.145827290886,64416.16147002357,1,0.0004144046119761635,0.00035698567919767183,25,1
840,11,2.066384978599101,2.0728064060718223,0,0.7622516002322955,1.5908031670008353,0.006837447468883088,1680.6297825037682,16.80629782503768,0.0,190.45687944647585,466.7005868460846,99255.95560475421,370798.19737672515,27689.289735968112,35967.197932069954,47446.881309167315,2.365914946116176,2.365914946116177,169.3574408218439,48448.15978875959,58854.702049032254,64416.16147002357,1,0.0002833703267538556,0.00030402740060531797,25,1
841,11,2.0930149306445682,2.1117094562629712,0,0.7482089902633096,1.5677002406947502,0.007784657788132814,2725.4293020600794,27.254293020600795,0.0,193.3131852779515,466.8195155172412,99684.07806188207,371401.63465502416,27312.766220531837,36464.896804151635,47668.1192933187,2.958949574278876,2.958949574278878,169.3574408218439,48448.15978875959,58884.4342168214,64416.16147002357,1,0.00045740076889370105,0.0003850585692079067,25,1
842,11,2.0694621045445656,2.0328986105323197,0,0.7772153474915667,1.5790307941857267,0.0006134214014388604,3638.558372666308,36.38558372666308,0.0,199.12785268590855,466.8922866846945,99514.61092425791,371194.11321173684,27567.220316500785,36129.32564880634,47670.60444860867,3.4408433841909196,3.440843384190922,169.3574408218439,48448.15978875959,58902.62700868473,64675.277905362454,1,0.0006106166959286382,0.0004504625971920649,25,1
843,11,2.0527722167975084,2.0769465121070003,0,0.7607321569379931,1.567083679819718,0.008174886190051894,1927.3619075428435,19.273619075428435,0.0,192.11138422748638,466.93083392284535,99523.4099940205,371233.8417327176,27574.21580703652,36120.332843473356,48479.41860321914,3.517405026071147,3.5174050260711494,169.3574408218439,48448.15978875959,58912.26381822244,64678.16894822377,1,0.00031805033361763336,0.00046202259947999085,25,1
844,11,2.1049053689568478,2.1250815777750027,0,0.7435008691074756,1.5672421399364598,0.008074594976924237,3158.3459308489655,31.583459308489655,0.0,194.36173149617625,467.082464566417,100018.49849094414,371920.31344319927,27232.84105823185,36575.42883433744,47672.95877941684,3.6982379679087165,3.6982379679087183,169.3574408218439,48448.15978875959,58950.17147911535,64678.16894822377,1,0.0005300020828096964,0.0004862230374519893,25,1
845,11,2.1531742094937276,2.13857964845166,0,0.7388081155377711,1.6085066573215432,0.018042188178191844,1204.57771135435,12.0457771135435,0.0,186.65679352362895,467.1065561206441,100025.29760302584,371950.2147798688,27278.130289010223,36514.966446772596,48664.99141047108,2.68543929880943,2.6854392988094338,169.3574408218439,48448.15978875959,58956.19436767212,64679.9758147908,1,0.00019801959091194502,0.00034869066911309156,25,1
846,11,2.0710918192509373,2.0940979930584014,0,0.7545014632731832,1.5509944095143857,0.018357968661781236,2147.33449750619,21.473344975061902,0.0,186.17336841082204,467.1065561206441,100029.01381850902,371962.0483979335,27311.76451752299,36470.26173309056,49741.20062672641,2.7485117628844455,2.7485117628844433,169.3574408218439,48448.15978875959,58956.19436767212,64693.10272735553,1,0.000345361104348158,0.0003577942593565998,25,1
847,11,1.974855814113289,1.9716340467324593,0,0.8013657517319176,1.5117112927628367,0.043220700783014813,2192.1106535472445,21.921106535472447,0.0,188.20956024051026,467.1065561206441,99791.08091404424,371621.764173532,27613.392340553448,36073.33534663792,50726.952257523015,2.29888145271123,2.2988814527112287,169.3574408218439,48448.15978875959,58956.19436767212,65054.19913352795,1,0.00034571139104413995,0.000296364028768081,25,1
848,11,2.0240976599735503,2.007911457464696,0,0.7868872873483169,1.579612899610587,0.0002450002464640139,2331.37662735026,23.3137662735026,0.0,188.95408481442064,467.1531836531911,99558.87620480233,371341.3925932746,27881.743014492306,35727.342316291826,51694.84933459238,2.6929475499579594,2.6929475499579603,169.3574408218439,48448.15978875959,58967.851250808875,65373.02616315042,1,0.0003607905479728612,0.00035062101445505306,25,1
849,11,2.1127138375458854,2.1069424246624973,0,0.7499018395118671,1.5920735613076322,0.007641494498501362,1582.2104947836929,15.822104947836928,0.0,185.10195008844607,467.2821709082725,100040.89154059302,372001.98842279124,27398.93831853407,36358.945670882815,51519.90104422808,2.4481271098257484,2.448127109825749,169.3574408218439,48448.15978875959,59000.09806457923,65373.02616315042,1,0.0002456853313325147,0.000317395756783172,25,1
850,11,2.034613375355828,2.0568985260985007,0,0.7681467899133188,1.552959150492635,0.017114461713522197,3105.957824721858,31.059578247218578,0.0,189.76455794592903,467.2821709082725,99939.81759615307,371862.0204951006,27575.014312846313,36127.47503934527,51687.721811510564,2.7795308934653344,2.7795308934653336,169.3574408218439,48448.15978875959,59000.09806457923,65538.69921120396,1,0.000480726596702922,0.0003624008253360993,25,1
851,11,1.9871984358121473,1.9949472831727968,0,0.7920008780819222,1.5372178748318996,0.02707729441019014,2025.59884023052,20.2559884023052,0.0,187.91018969268833,467.2821709082725,99785.32873902368,371656.10062769137,27760.64798405804,35886.85582847804,52517.61793950675,2.6490280809219398,2.649028080921943,169.3574408218439,48448.15978875959,59000.09806457923,65769.21679154769,1,0.00030855913420349535,0.00034499035407964396,25,1
852,11,2.002817344985843,2.0336331489228128,0,0.7769346210927492,1.5558061989391259,0.015312532317008992,1704.7376129783042,17.047376129783043,0.0,182.8418588434509,467.3162656605321,99795.43687943881,371689.0861614777,27819.00658772179,35811.908290477666,53474.24987510549,2.6659874403151123,2.6659874403151123,169.3574408218439,48448.15978875959,59008.62175264412,65771.77389796716,1,0.00025503678753192665,0.00034810750614611466,25,1
853,11,2.0446080160698683,2.03626207720244,0,0.775931555023956,1.5907578465981207,0.0068087636696965975,2568.311087717529,25.68311087717529,0.0,185.72706642050943,467.36763188228645,99807.64572571713,371723.8806025225,27840.89611433726,35784.025514427194,53807.74745192044,2.426571371244507,2.4265713712445085,169.3574408218439,48448.15978875959,59021.463308082704,65775.62636459873,1,0.0003818500062672093,0.00031514864266754376,25,1
854,11,2.055109463819318,2.0322825236339925,0,0.7774509604967468,1.6011457442573407,0.01338338244135482,1698.280092255766,16.98280092255766,0.0,182.99856149490532,467.40159748413157,99815.31685928768,371753.6868947882,27860.274329619944,35759.338988819756,55122.470172243426,2.270685280409266,2.270685280409266,169.3574408218439,48448.15978875959,59029.954708543984,65778.17378473711,1,0.00024647372832880404,0.00029445350737598,25,1
855,11,2.032175128950836,2.0450826852158084,0,0.7725848990957888,1.5876870906456282,0.0048652472440684266,4330.571578602876,43.30571578602876,0.0,191.50115426117168,467.48820891570364,99834.53229585003,371804.57478699926,27899.332676513663,35710.01509905899,55425.49285671879,3.176025710715075,3.1760257107150776,169.3574408218439,48448.15978875959,59051.607566437,65784.66964210501,1,0.000625065666414247,0.0004177964670034201,25,1
856,11,2.1142184735001015,2.1177388844931526,0,0.746078759553092,1.594045438907571,0.008889518295931037,2070.1443980379527,20.701443980379526,0.0,186.48558937780766,467.6827343029157,100380.57754572362,372569.1537334198,27408.226415040823,36352.14981842983,55518.062075803995,2.9692181090223664,2.969218109022369,169.3574408218439,48448.15978875959,59100.23891324003,65784.66964210501,1,0.0002983021122331527,0.00038994716899206787,25,1
857,11,1.6021779697229597,1.6115398042748175,0,0.9804287773772922,1.2373658027437253,0.21685708687105995,1041.52511591333,10.4152511591333,0.0,174.52113868247352,467.6827343029157,100127.8471945021,372185.6276707549,27740.083918017943,35918.68405702138,55573.68095583558,2.726315957998575,2.7263159579985765,169.3574408218439,48448.15978875959,59100.23891324003,66195.09002826737,1,0.00014993070072015282,0.00035776615978918414,25,1
858,11,1.5871184638820452,1.5429497252315996,0,1.024012626051597,1.2548529027043889,0.20578930208582985,2171.3386448718616,21.713386448718616,0.0,177.04625768855104,467.6827343029157,99951.4574177245,371820.01269110106,28068.180808562505,35500.199196928086,55573.9496525061,1.9675659724273808,1.967565972427383,169.3574408218439,48448.15978875959,59100.23891324003,66579.59415629768,1,0.0003125692751296392,0.0002536006960276482,25,1
859,11,1.6256366902517525,1.6355755640537784,0,0.9660207909220445,1.3196261547771913,0.16479357292582836,2893.674870938665,28.936748709386652,0.0,182.0705252335331,467.6827343029157,99784.11184581288,371458.6259597468,28440.997331961014,35036.232498737045,55641.626604003315,2.257227127631108,2.2572271276311078,169.3574408218439,48448.15978875959,59100.23891324003,66962.10267807444,1,0.00041604461228751655,0.00029284819604576953,25,1
860,11,1.4957576418353387,1.4994989143858255,0,1.0536853243719397,1.2500744901353873,0.2088136138383625,1860.4245644541877,18.604245644541876,0.0,178.83757606775725,467.6827343029157,99545.73632249473,371054.0771329822,28858.82340370076,34530.58676190323,54227.98960448295,2.561185077202499,2.561185077202498,169.3574408218439,48448.15978875959,59100.23891324003,67389.38801071826,1,0.0002744596770816507,0.0003343578548329355,25,1
861,11,1.4835030903059363,1.4842172341989566,0,1.0645341959344234,1.273340201204983,0.19408848025001077,1860.4155899313973,18.604155899313973,0.0,176.52378260439957,467.6827343029157,99378.63221592616,370751.1166632381,29246.774531665327,34073.910772743984,53297.47696361654,2.480625371480139,2.4806253714801376,169.3574408218439,48448.15978875959,59100.23891324003,67713.41739538395,1,0.0002792500802544793,0.0003232514565412155,25,1
862,11,1.5333322179003726,1.5403630557925763,0,1.0257322090778327,1.3449751967100791,0.14874987549994995,2112.7247696810914,21.127247696810915,0.0,177.88927297196315,467.6827343029157,99193.06510748598,370441.7238526663,29566.347100360992,33706.96551542513,53447.232659977366,2.2383451236606215,2.238345123660621,169.3574408218439,48448.15978875959,59100.23891324003,68041.44593388203,1,0.00031623336356767495,0.0002899810403012683,25,1
863,11,1.5269149696058737,1.5444893675366045,0,1.0229918270787668,1.369218338515925,0.13340611486333873,1305.080183151462,13.05080183151462,0.0,174.37821617497056,467.6827343029157,98967.74194107766,370140.62698637624,29894.73999826808,33337.799189358506,51544.58401591135,2.0653764256453857,2.065376425645388,169.3574408218439,48448.15978875959,59100.23891324003,68358.78812616249,1,0.00020255554806667496,0.0002660129972962764,25,1
864,11,1.6964350781750936,1.704956402023529,0,0.9267099135935533,1.5310214124193529,0.03099910606370077,1209.0647857597723,12.090647857597723,0.0,171.5982539904821,467.6827343029157,98888.31992385794,370050.540925361,29990.964182707234,33231.22933169126,51800.98971483925,1.8376610249169831,1.8376610249169836,169.3574408218439,48448.15978875959,59100.23891324003,68463.30477716646,1,0.00018672458459432345,0.00023517116540955777,25,1
865,11,1.5646776242571458,1.5594523448857682,0,1.0131761994405395,1.4391298971001796,0.08915829297456992,2397.608585039982,23.97608585039982,0.0,176.03687049948715,467.6827343029157,98676.46069570098,369748.3818389032,30277.0177163182,32918.34340000688,50274.13104848164,2.0034335176184053,2.0034335176184075,169.3574408218439,48448.15978875959,59100.23891324003,68780.40914908898,1,0.00038152561327858397,0.0002569352486465275,25,1
866,11,1.604016126455459,1.620947443124319,0,0.9747385744688958,1.4927105743418618,0.05524647193553053,2541.5275351985583,25.415275351985585,0.0,179.32206888072338,467.6827343029157,98594.3913807846,369622.3878520173,30455.364474693695,32726.301129089145,49155.55346138776,2.5223961835863116,2.5223961835863102,169.3574408218439,48448.15978875959,59100.23891324003,68924.59913156698,1,0.0004136301770574032,0.00032729345831010356,25,1
867,11,1.5873569437908777,1.5450639755699027,0,1.0226113772520073,1.4957057370105502,0.0533507993604113,1688.874470676207,16.888744706762072,0.0,175.01312209386384,467.6827343029157,98460.05768066623,369461.77837292646,30645.79361155454,32523.652269002487,50027.487052396,2.7197423246588275,2.7197423246588306,169.3574408218439,48448.15978875959,59100.23891324003,69104.96928401553,1,0.0002700714459484842,0.00035507574542815713,25,1
868,11,1.5966789549610858,1.619693866161636,0,0.9754929823524597,1.528606205966854,0.03252771774249756,1663.1873761897073,16.631873761897072,0.0,172.25895767561778,467.6827343029157,98258.61195898055,369240.3071324122,30890.85643569866,32266.505381879742,50797.8925786894,2.4248111589290633,2.4248111589290673,169.3574408218439,48448.15978875959,59100.23891324003,69344.04068602424,1,0.0002619301379266184,0.00031521058697750194,25,1
869,11,1.576209508519729,1.557439494086678,0,1.014485638767336,1.5331536915982216,0.029649562279606644,1458.939968571589,14.58939968571589,0.0,170.956405523014,467.6827343029157,98034.9547523746,368999.88940699253,31137.458923704733,32011.897499671923,50459.02175211892,1.9810468670388022,1.9810468670388037,169.3574408218439,48448.15978875959,59100.23891324003,69598.51071148673,1,0.00023130689702843065,0.00025443616030117774,25,1
870,11,1.5933863275154765,1.5956250069932427,0,0.9902075945634081,1.563980739362101,0.010138772555632308,2384.984358787506,23.84984358787506,0.0,174.26043250828894,467.73043399009146,97918.35515823825,368893.69447745173,31279.268528525434,31867.373781320173,50725.79809003652,2.240867994499054,2.240867994499053,169.3574408218439,48448.15978875959,59112.16383503396,69731.95987373935,1,0.00037613749982669443,0.0002897915115939145,25,1
871,11,1.5964148513079122,1.590128095511698,0,0.9936306417449728,1.578809502412807,0.0007534794855652082,2826.04725187813,28.2604725187813,0.0,178.19068621852094,467.786954935129,97868.45140626286,368852.9322043461,31397.643819566856,31747.7598234818,49379.83447022559,2.7239204118832268,2.7239204118832254,169.3574408218439,48448.15978875959,59126.294071293356,69804.8052755322,1,0.0004578463710455964,0.0003550969226335738,25,1
872,11,1.556378979397507,1.5428543650647086,0,1.024075917841885,1.564934000272568,0.009535442865463326,1062.187795044847,10.62187795044847,0.0,169.52081603657527,467.786954935129,97655.47894676267,368647.8424719255,31659.295373507874,31486.22358085533,50261.24811447343,2.5638633073405086,2.563863307340505,169.3574408218439,48448.15978875959,59126.294071293356,70027.4537329243,1,0.00016906668017883548,0.0003343501836837088,25,1
873,11,1.5977110901802518,1.6222176309378404,0,0.9739753593274453,1.5604703200041377,0.01236055695940659,1730.5909841205007,17.305909841205008,0.0,168.17108395568877,467.82156675481144,98119.48428766629,369130.99004121794,31203.244547740866,31947.91289808054,50690.83620092331,2.311174465230109,2.3111744652301085,169.3574408218439,48448.15978875959,59134.94702621396,70030.04961940048,1,0.00027312092106919776,0.00030001132409787656,25,1
874,11,1.6599718957891736,1.6750085205090994,0,0.9432787837519641,1.5804285088179841,0.0002712081126481414,2073.5434292825694,20.735434292825694,0.0,171.003195245397,467.9412176454843,98601.61407455988,369642.5109358687,30808.374572988116,32358.9682549797,48987.98405245383,2.027378140217689,2.027378140217688,169.3574408218439,48448.15978875959,59164.859748882176,70030.04961940048,1,0.00033862074047583997,0.0002602694472412911,25,1
875,11,1.6152097817310405,1.6151337912640418,0,0.9782471325570217,1.5598824448649142,0.012732629832332809,1161.8821098582987,11.618821098582988,0.0,166.67522400839616,467.9412176454843,98417.40484522043,369454.3633471996,31029.004226261655,32129.569320188017,50255.01861581893,2.0596908030111827,2.059690803011186,169.3574408218439,48448.15978875959,59164.859748882176,70232.86756886783,1,0.00018495778401603368,0.0002655664818536905,25,1
