epoch,year,xfg_price,oracle_price,oracle_stale,redemption_price,heat_price,peg_deviation,swap_volume,total_fees,cd_pool,swf_balance,yem_reserve,treasury,heat_supply,pool_xfg,pool_heat,cd_locked,cd_apy_mean,cd_apy_min,bonds_outstanding,bond_migrations_remaining,xfg_burned,heat_burned_lifetime,lag_complete,organic_rate,rolling_avg_rate,payout_queue_len,solvent
0,0,3.3436156903953957,3.306520815371949,0,0.47784365749479385,1.537401091239675,0.026961334658433624,2917.3442858800363,29.173442858800364,0.0,24.79742642998031,0.0,29968.148686143835,88483.68669010149,5046.347585229599,10975.045524104002,80109.03194032659,0.011298427190688107,0.011298427190688022,0.0,50000,0.0,123.90824660735791,0,0.0,0.0,0,1
1,0,3.299289869576544,3.2890005231386916,0,0.48038909963206905,1.516309497185093,0.04031044481956143,4978.747378148534,49.787473781485346,0.0,67.11677914424286,0.0,29939.760874446536,88289.39874288478,5045.435391045441,10978.203265350388,80322.53979760809,0.03049906595256625,0.0304990659525661,0.0,50000,0.0,318.19619382407006,0,0.0,0.0,0,1
2,0,3.5455218441632,3.5088459624461716,0,0.45029049918694986,1.600212238215942,0.01279255583287467,4618.10757584825,46.1810757584825,0.0,106.37069353895299,0.0,30037.45494543694,88563.06328191221,5000.131055626987,11078.576615042706,80614.76301774413,0.04816152983439534,0.048161529834395214,0.0,50000,95.60193798355172,318.19619382407006,1,0.0,0.0,0,1
3,0,3.366783467722059,3.348611176361496,0,0.47183740266816593,1.602338889924627,0.014138537926979017,5091.099467572895,50.91099467572895,0.0,108.37166205637574,0.10182198935145792,30060.18128463695,88693.84162265918,5134.784190514657,10789.04508381404,80926.04052263395,3.722853269795828,3.7228532697957952,0.0,50000,121.0574353214162,325.8328430254294,1,0.000503284177473033,0.000503284177473033,0,1
4,0,3.312556476450962,3.298515452924469,0,0.47900336455879555,1.6104620805167584,0.01927979779541668,2347.485347400961,23.47485347400961,0.0,97.92979852817155,0.14877169629947715,30074.0792040105,88776.29912923047,5189.90221811881,10675.100278834401,81297.29279619291,2.724114079554203,2.7241140795542176,0.0,50000,132.794862058421,329.3540710465308,1,0.00023100256027328792,0.0003671433688731605,0,1
5,0,3.3754259917443346,3.387231284305385,0,0.4664576662718231,1.5992725422055047,0.01219781152247131,1990.546781511499,19.90546781511499,0.0,89.09186942481459,0.36612391650795545,30254.172579342223,89206.90423589441,5123.743211633416,10814.17679298133,81527.38818554008,2.301942973190282,2.301942973190266,0.0,50000,187.13291711054057,329.3540710465308,1,0.0001953254557333701,0.000309870731159897,0,1
6,0,3.3137190026242678,3.3342860517736495,0,0.4738645621480288,1.5974152447624377,0.011022306811669373,3822.9711552274734,38.229711552274736,0.0,95.97102952929556,0.44258333961250496,30278.643357688772,89285.82086085415,5168.348897446945,10721.355020127603,82012.23989868136,1.9875422950282202,1.9875422950282218,0.0,50000,206.24777288667795,335.08852777937204,1,0.00037291713138920784,0.0002664150491319553,0,1
7,0,3.0960021991172377,3.0905954115841543,0,0.5112283523355571,1.5649895811737982,0.009500265079874627,3996.719314667078,39.96719314667078,0.0,101.09936254499203,0.44258333961250496,30252.710154921606,89223.85459741246,5292.745955115222,10470.582880248468,82408.64459347136,2.3716117458492123,2.371611745849199,0.0,50000,206.24777288667795,450.09749449677145,1,0.00038799029731729964,0.0003187442948132925,0,1
8,0,4.800069740292188,4.7353022266965,0,0.33366402488363645,1.9178183018087298,0.21380905177767703,7374.054617173272,73.74054617173272,0.0,115.5218482273814,4.867016109916469,31048.48730607622,92810.71983896442,4706.427082229051,11779.623857480745,82448.64459347136,3.643745652908138,3.643745652908141,0.0,50000,1312.3559654626688,450.09749449677145,1,0.0007155052363596703,0.0004921375550220593,0,1
9,0,4.528465401203446,4.494020330038229,0,0.35157829381394,1.8229917682117815,0.153792258361887,9241.548795986851,92.41548795986851,0.0,131.14998072706408,8.49475791045397,32017.539958827525,95637.8502110679,4724.76076114446,11736.70447058252,82488.64459347136,4.924136690016668,4.92413669001667,0.0,50000,2219.291415597044,450.09749449677145,1,0.0008962735505263262,0.0006665896947344322,0,1
10,0,4.49726113113378,4.486487549432601,0,0.3521685912624053,1.7008417633525423,0.07648212870414067,5385.438466775201,53.854384667752015,0.0,117.95129277386542,10.704481564249154,32584.488194163772,97719.86910223318,4580.326409576367,12111.017246595968,81793.85260644957,5.256346642920507,5.256346642920449,0.0,50000,2771.72232904584,450.09749449677145,1,0.0005267328333523737,0.0007128372067461234,0,1
11,0,4.387475944229129,4.486487549432601,1,0.3521685912624053,1.587509109556425,0.004752600985079133,6124.225750323542,61.24225750323542,0.0,114.09186580385918,10.826966079255625,32702.684029146585,98184.78692248318,4480.441541553794,12382.813657418856,82176.04065640886,4.9640915432989905,4.964091543298987,0.0,50000,2802.3434577974576,459.28383312225674,1,0.0005962054829027266,0.0006730706222604755,0,1
12,0,4.5771026192989925,4.689339049469127,0,0.3369344769768502,1.5792678154670792,0.00046340793222841685,5789.820416965818,57.898204169658186,0.0,116.42576657915411,11.876931889370436,32970.97208745317,99406.76305638581,4375.802414551368,12682.140734473436,82431.37845676971,4.151336672699537,4.151336672699563,0.0,50000,3064.8349103261603,459.28383312225674,1,0.0005619045101862253,0.0005616142754804419,0,1
13,0,4.819392587107695,4.797585298813527,0,0.3293323414991171,1.6255916727492175,0.02885548908178315,6285.999532931422,62.85999532931422,0.0,120.18276603014357,12.804167681804094,33248.72217596491,100489.2810542236,4326.958731717871,12828.137093674133,82645.39912466527,4.351778296504123,4.3517782965041505,0.0,50000,3296.6438584345747,459.28383312225674,1,0.0006084790780379096,0.0005888630237089539,0,1
14,0,4.831228785636901,4.823228776220448,0,0.32758139273628045,1.6258064139466433,0.028991401232052655,4673.374100887825,46.733741008878255,0.0,114.49504065366844,13.219105511385953,33354.93920714095,101036.13858815363,4322.212791661105,12843.840864196804,82886.86895033221,3.99593290649266,3.9959329064926377,0.0,50000,3400.3783158300394,459.28383312225674,1,0.0004510605030756535,0.0005404813637665962,0,1
15,0,4.787554548409799,4.793819828820321,0,0.3295910268677769,1.6240741631764357,0.02789503998508585,8036.823698321182,80.36823698321182,0.0,126.22770036371388,13.864529853001587,33451.30386805682,101654.21425706413,4339.825769360623,12793.228950069397,83281.6816417871,4.51210139268966,4.51210139268969,0.0,50000,3561.734401233948,459.28383312225674,1,0.0007720135847294089,0.0006105177219476573,0,1
16,0,4.874564179334942,4.8829406225246235,0,0.3235755095426685,1.6187098035392955,0.024499875657781917,5626.559505864017,56.26559505864017,0.0,124.44802318677786,14.414691817742796,33692.641909718695,102504.13703225998,4294.155313347209,12931.37017220454,83288.66517358088,4.345753615431493,4.345753615431528,0.0,50000,3699.27489241925,459.28383312225674,1,0.0005404393977632154,0.0005878378285227592,0,1
17,0,5.057049585937194,4.951618859978338,0,0.31908756402283195,1.6763295995737524,0.060968100996045764,9759.848578170282,97.59848578170282,0.0,138.23123276315533,15.33237248559276,33901.918840505765,103380.22741316092,4290.541047444564,12943.444316048099,83584.88499434025,5.527037843991629,5.527037843991637,0.0,50000,3928.695059381741,459.28383312225674,1,0.0009341256930681808,0.0007488595585202684,0,1
18,0,5.2982720074813905,4.951618859978338,1,0.31908756402283195,1.7483133234110937,0.106527419880439,5922.672311976749,59.22672311976749,0.0,131.01282062465282,16.674960125512406,34175.916904202386,104555.81474251342,4281.099882934256,12973.893962397575,83539.28497782309,5.025475916725045,5.025475916725006,0.0,50000,4264.341969361652,459.28383312225674,1,0.0005671748149196175,0.0006805799685836713,0,1
19,0,5.142619478937521,5.172567044159075,0,0.30545761640424846,1.679648827600645,0.06306887822825624,6548.819067926526,65.48819067926526,0.0,126.70688163604623,17.78320910901324,34550.88564898862,105897.7880960345,4259.557954788643,13041.58664001852,83599.4136646058,5.233420617228884,5.233420617228899,0.0,50000,4541.40421523686,459.28383312225674,1,0.0006266856458299928,0.0007093287179392637,0,1
20,0,6.420971255806212,6.418909638817587,0,0.24614772428718104,1.7970127978611294,0.13734987206400592,9596.871188699713,95.96871188699714,0.0,142.02005751490972,23.54133182223307,35682.0857702809,111918.13679906768,3943.8077495637854,14091.761743998319,82927.32785204078,5.220374712719593,5.220374712719571,0.0,50000,5980.9348935418175,459.28383312225674,1,0.0009258102425123341,0.0007065569010873148,0,1
21,0,5.716705995769853,5.808254349528186,0,0.2720266546399343,1.6174990891163303,0.02373360070653814,8706.861363917522,87.06861363917523,0.0,148.03776008655825,24.114689971756107,35826.83546482792,112790.62764895179,3965.7101098377298,14015.957668810775,82958.55790561644,5.885984768536364,5.885984768536334,0.0,50000,6124.274430922577,459.28383312225674,1,0.0008396347847631091,0.0007973768910351453,0,1
22,0,5.531738000945369,5.600632943473534,0,0.28211097137533137,1.6103637916721814,0.01921758966593752,9014.347992826226,90.14347992826227,0.0,150.89720667270024,24.114689971756107,35841.41412763702,112973.02153683416,4022.8821361326345,13818.945818858354,83199.7450135681,6.471248087812736,6.471248087812696,0.0,50000,6124.274430922577,534.2288673196479,1,0.0008667668864952583,0.0008774039712569006,0,1
23,0,5.854217937854721,5.7738245110317346,0,0.27364877421909506,1.657513786151135,0.04905935832350318,9356.269983442939,93.56269983442938,0.0,156.64307476583826,25.315972805525924,36165.39513055185,114478.84354516886,3967.6497584282884,14013.449891630593,83232.46894050497,6.409210171798313,6.409210171798266,0.0,50000,6424.595139365031,534.2288673196479,1,0.0008992903949664982,0.0008685640220749552,0,1
24,0,5.794834556500301,5.745550848291483,0,0.274995390645587,1.6489444146224435,0.04363570545724264,12016.29143501635,120.1629143501635,0.0,171.19978614179618,27.324352705505937,36494.218983998224,116443.15260085808,3978.2394916248254,13980.60448591907,83280.46202387451,7.181226893716931,7.181226893716904,0.0,50000,6926.690114360034,597.3826009888834,1,0.0011542963276617334,0.0009734512030411634,0,1
25,0,5.8685458443458485,5.854328996629694,0,0.2698857547824179,1.6439823429900886,0.040495153791195275,5632.19487010756,56.3219487010756,0.0,146.38197541634156,28.20435854845256,36650.969212734264,117612.5804809188,3947.604605245238,14091.81716580769,82979.98924121537,6.382732477808849,6.38273247780885,0.0,50000,7146.69157509669,597.3826009888834,1,0.0005429930682430219,0.0008655265969570846,0,1
26,0,5.815946027842762,5.826263907476787,0,0.27118579334732873,1.6432997584698605,0.040063138272063585,8062.355829513645,80.62355829513646,0.0,145.85508389795984,28.365605665042835,36693.07251302983,117989.69605753924,3964.7841275008636,14032.114578452669,82729.38286803917,6.091537254363934,6.09153725436394,0.0,50000,7187.003354244258,609.4761347331538,1,0.000779636501567897,0.0008256419658242174,0,1
27,0,5.938563540034435,5.854330968451498,0,0.26988566388106316,1.6469969962875803,0.04240316220732928,6535.501029192737,65.35501029192737,0.0,146.65461303314208,29.60525078033817,36905.90318345224,119363.67228114231,3928.500655214552,14164.962541306882,82967.93039703893,4.816333060038463,4.816333060038484,0.0,50000,7496.9146330680915,609.4761347331538,1,0.0006301712961060902,0.0006509336219723364,0,1
28,0,5.544387683669748,5.521391732935231,0,0.28615973588239774,1.6140057000607688,0.021522594975170093,6963.105501879464,69.63105501879464,0.0,147.63775658100735,29.60525078033817,36894.28514149009,119429.19557709491,4025.088368376487,13826.872094980032,82743.81326660045,5.133828618553199,5.133828618553162,0.0,50000,7496.9146330680915,746.2159766464134,1,0.0006732206531931854,0.0006943428169557241,0,1
29,0,5.744050305762923,5.67088403091209,0,0.27861617190325033,1.6394635046332686,0.03763512951472693,10407.68461917114,104.0768461917114,0.0,164.19118260906902,32.64140540401321,37386.02603187658,122216.17228725985,3986.318261700298,13966.527809418903,82463.6145625904,5.701137915805964,5.701137915805965,0.0,50000,8255.953288986853,775.7932141489603,1,0.0010096753264456186,0.0007710224252482981,0,1
30,0,5.75118432796488,5.744874720170164,0,0.27502775551443187,1.6425167280405184,0.03956754939273312,5411.646952405837,54.11646952405837,0.0,148.79208059227324,33.65881702872783,37706.12172170664,123703.05695822394,3988.091160665632,13964.087543313988,82237.80572339022,5.442087181219692,5.442087181219687,0.0,50000,8510.306195165507,775.7932141489603,1,0.000526438846932089,0.0007364449421902976,0,1
31,0,5.782323554575013,5.833073039352115,0,0.2708692295365964,1.628960194398477,0.03098746480916265,9314.139376340492,93.14139376340492,0.0,157.53335636177457,34.370259081027264,37952.49292294079,124816.62135556937,3961.2528099241,14061.267738287954,82222.70489364845,6.012981934250558,6.012981934250588,0.0,50000,8688.166708240366,775.7932141489603,1,0.0009062352680698532,0.0008141164804825202,0,1
32,0,5.485607587633938,5.413719779019759,0,0.2918510865898723,1.634662655484268,0.034596617395106305,9201.843135255318,92.01843135255318,0.0,167.61263852614397,34.55429594373237,37964.736258968114,125079.8053480991,4074.3224548383027,13672.627864681417,81948.62445132976,5.746700632907242,5.746700632907233,0.0,50000,8734.175923916642,881.5896101197573,1,0.0008983036088148521,0.0007769925746055981,0,1
33,0,5.609023434362433,5.494132979302771,0,0.2875794972477184,1.7173406012561325,0.08692443117476738,9267.69065250404,92.6769065250404,0.0,171.635880860587,36.544207183647266,38588.40320800627,127343.6300565188,4130.397590184003,13490.333169570757,81755.60196984964,6.6743835992850515,6.67438359928504,0.0,50000,9231.653733895366,881.5896101197573,1,0.0009068678284256866,0.000903802235103464,0,1
34,0,5.501244736122645,5.5051199608489,0,0.2870055532370926,1.6451446729308508,0.04123080565243714,7350.334060732751,73.50334060732752,0.0,164.5634883674124,37.6570135252056,38901.2432118455,128772.40818845261,4082.456894792986,13651.44043102129,81553.67118428757,6.22074273762155,6.22074273762155,0.0,50000,9509.855319284949,881.5896101197573,1,0.0007210303550037017,0.0008420672640814135,0,1
35,0,5.752716867622669,5.7550726419231895,0,0.2745404095319997,1.5202883291436828,0.037792196744504576,20102.29539342229,201.0229539342229,0.0,212.57618007993563,41.228282909570815,39431.52572134057,132137.24577594988,3838.6815860981305,14525.43434456123,79372.15483743357,8.989225460760249,8.989225460760194,0.0,50000,10402.672665376253,983.8042610964818,1,0.0020261307441729304,0.0012180096425341064,0,1
36,0,4.6884882046389125,4.67862567326346,0,0.33770600820430885,1.3955974688764894,0.11671046273639916,6458.018681515801,64.58018681515802,0.0,176.98539602814694,41.228282909570815,39424.756576524494,131932.04358769764,4074.3965546748145,13687.87248015917,78827.0485140044,8.361544326884058,8.361544326884015,0.0,50000,10402.672665376253,1498.9572925172445,1,0.0006554114409465396,0.0011341908467077239,0,1
37,0,4.7247070711669545,4.733710205139256,0,0.33377624136869183,1.5046380594725575,0.04769743071357127,5160.840658736738,51.608406587367384,0.0,136.28010436450944,41.228282909570815,39421.85238715298,131977.11392324945,4214.586122446803,13234.202557488681,78215.10339733784,7.873145169969578,7.873145169969602,0.0,50000,10402.672665376253,1724.0775917384724,1,0.0005278612886331511,0.0010698011579175404,0,1
38,0,4.833495643427638,4.787629846317284,0,0.33001715895295447,1.567771838404602,0.007739342781897518,4827.792499645669,48.27792499645669,0.0,133.51024598643045,41.228282909570815,39410.721880534315,131984.06282964326,4253.605650051119,13114.015620604172,76664.94088902407,4.168727974129681,4.1687279741296654,0.0,50000,10402.672665376253,1853.1803857219784,1,0.0005037809923191999,0.0005623512406329636,0,1
39,0,4.685062711634858,4.666075386992418,0,0.33861433195111973,1.6019578679282145,0.013897384764692667,4995.048974052438,49.95048974052438,0.0,135.65745675959883,41.328183889051864,39401.302092597514,132074.0282448989,4367.620926906712,12773.480721856078,76510.63709452236,3.8459405766252326,3.8459405766251993,0.0,50000,10427.647910246515,1951.917657213745,1,0.0005222854404290459,0.0005179759071271324,0,1
40,0,4.499081425485318,4.510377431067165,0,0.3503032781950952,1.5903642984127129,0.006559682539691647,3505.4572220318273,35.05457222031827,0.0,129.29805368474985,41.3982930334925,39410.290250800936,132181.17440162617,4440.972495464164,12563.345948708507,76371.81699790753,3.4520740847917812,3.452074084791803,0.0,50000,10445.175196356673,1995.1179558422098,1,0.0003671990385802,0.0004644218237761486,0,1
41,0,4.723389177044441,4.640402603113778,0,0.34048769797254164,1.6863107974211737,0.06728531482352763,4549.775422020058,45.49775422020058,0.0,132.30002586294194,42.50529075463207,39754.95920143891,133342.7742780527,4463.53985165709,12502.46150286491,75535.20255947695,3.4008941549608585,3.400894154960842,0.0,50000,10721.924626641565,1995.1179558422098,1,0.0004818707323582042,0.00045711840378915,0,1
42,0,4.78332624106509,4.640402603113778,1,0.34048769797254164,1.680570586529778,0.06365226995555563,4820.345116368295,48.20345116368295,0.0,137.17127561556552,43.541928694362845,40082.457138739985,134428.12338241024,4428.350935330511,12604.199670869488,73962.68841837552,3.402457152778431,3.4024571527784513,0.0,50000,10981.084111574259,1995.1179558422098,1,0.0005213812769056366,0.00045681701594801357,0,1
43,0,4.645604553027799,4.640402603113778,1,0.34048769797254164,1.6216313652921994,0.026348965374809716,4847.677379099555,48.47677379099555,0.0,139.95731055342185,44.06315204868902,40223.39578574306,135046.06194409946,4414.280141210981,12645.907301290268,73419.1702875649,3.7961591909820482,3.796159190982034,0.0,50000,11111.389950155803,1995.1179558422098,1,0.0005282192495624661,0.0005104904196087689,0,1
44,0,4.555303457539464,4.5482992691477016,0,0.34738259435071733,1.6192426387427303,0.02483711312831029,6511.950003569681,65.11950003569682,0.0,148.26698675356053,44.19339104876041,40260.857496931494,135249.0421238811,4454.746554117652,12532.23074473295,73146.39507695669,4.361057603088893,4.361057603088868,0.0,50000,11143.94970017365,2004.8858808475643,1,0.0007122100819014816,0.0005872702027898614,0,1
45,0,4.970665708570136,5.025300828896766,0,0.314409038144462,1.7097628943000713,0.08212841411396915,6367.056269673622,63.670562696736226,0.0,153.42538773742567,45.5503785833942,40627.98790308819,136582.77408188692,4382.522427002075,12740.979475903623,72335.26011547577,4.809280408882155,4.809280408882137,0.0,50000,11483.196583832098,2004.8858808475643,1,0.0007041717977660438,0.0006482003764099972,0,1
46,0,3.3838612862124293,3.349013682125659,0,0.4717806942482108,1.3442195843371083,0.14922811117904541,6260.6503150835115,62.60650315083512,0.0,155.42006680004488,45.5503785833942,40624.90186717457,136185.30694578675,4710.331568126462,11857.518536651636,71470.1374578736,5.231146281644051,5.231146281644087,0.0,50000,11483.196583832098,2532.3199015939636,1,0.0007007850313732732,0.0007057223036802661,0,1
47,0,3.3330730721804187,3.36765172576438,0,0.46916965549380735,1.4374732069687972,0.09020683103240687,4752.484983856432,47.52484983856432,0.0,149.51580385318192,45.5503785833942,40595.550627093544,135967.59317919382,4908.368993474461,11381.048663142248,70119.11638526803,4.815955929285282,4.81595592928527,0.0,50000,11483.196583832098,2858.0876961852136,1,0.0005422184680986569,0.000649058432412658,0,1
48,0,3.2758857789801756,3.323025342826369,0,0.4754703431350137,1.5258837448788833,0.03425079438045363,4920.40593550354,49.2040593550354,0.0,148.99112509839256,45.5503785833942,40583.75750708516,135896.57928546882,5101.368513185841,10952.014281408583,68705.75993522727,4.497911024001876,4.497911024001857,0.0,50000,11483.196583832098,3020.503855332577,1,0.0005729249996090319,0.000605309499693654,0,1
49,0,3.1382722747780156,3.126776585058846,0,0.5053127260674637,1.5664881204823777,0.008551822479507809,5007.476804542026,50.074768045420264,0.0,151.9008084968054,45.5503785833942,40562.59427731156,135842.98034396913,5281.254729667698,10580.364496509981,67988.99256909537,4.228809018347563,4.228809018347541,0.0,50000,11483.196583832098,3153.356735439391,1,0.0005892102959993783,0.0005681179212356889,0,1
50,0,3.091534597947867,3.0507625580157907,0,0.5179033012086095,1.59901517278038,0.012034919481253169,4708.16970624965,47.081697062496495,0.0,152.4508589102596,45.64454197751919,40551.10586111956,135886.2879945759,5376.221647131096,10394.382436935679,67486.97463637199,4.268389812250921,4.268389812250934,0.0,50000,11506.737432363347,3229.8743548269226,1,0.0005581129966625814,0.0005734160974236638,0,1
51,0,2.865138946806132,2.8342233948769224,0,0.5574719349420275,1.5628664724902142,0.010844004753029062,5771.968498292399,57.719684982923994,0.0,158.36139720919923,45.64454197751919,40511.41994582613,135754.29042502906,5521.509052367371,10122.355882312544,65281.22766735097,4.601546666901564,4.601546666901551,0.0,50000,11506.737432363347,3437.6208006727866,1,0.00070733577838998,0.0006182196903506466,0,1
52,0,2.904066170597824,2.8848929622792276,0,0.5476806317111022,1.6016722334905042,0.013716603475002644,3667.392123960917,36.67392123960917,0.0,152.10573835495524,45.717889819998405,40518.56285725339,135823.84167317217,5552.164681104911,10066.887148843378,63648.10170181314,4.288151919313827,4.28815191931386,0.0,50000,11525.074392983151,3467.995565997108,1,0.00046095855504283735,0.0005754691100317995,0,1
53,0,3.001145636942519,2.9890547746547425,0,0.5285951978523048,1.6109349402182596,0.019579076087506003,4398.227551490666,43.98227551490666,0.0,152.8344336629032,46.043306983613085,40640.80441790582,136148.52704019003,5477.748924471801,10204.957304307889,62029.166256715034,4.313081888617807,4.313081888617818,0.0,50000,11606.428683886821,3467.995565997108,1,0.0005672463864225525,0.0005785135732851232,0,1
54,0,2.855958864589465,2.8310844972359406,0,0.558090018698698,1.5662085177038163,0.008728786263407446,2454.3390098626624,24.543390098626624,0.0,145.8204768134331,46.043306983613085,40614.25243510993,136117.00201778766,5536.885972521736,10096.432497141426,59989.86844546847,3.387118937189833,3.387118937189852,0.0,50000,11606.428683886821,3550.455724594594,1,0.00032730046902419024,0.00045183513682986004,0,1
55,0,2.960631057168266,3.0224152194560037,0,0.5227607344712816,1.561022645745158,0.012010983705596296,4483.137346856849,44.83137346856849,0.0,151.35489035887434,46.4246349785453,40864.06672267036,136652.07388983382,5429.629951585408,10297.820539253793,59298.227012213225,3.7416374001493575,3.741637400149385,0.0,50000,11701.760682619875,3550.455724594594,1,0.0006048258199603155,0.0004997908918023527,0,1
56,0,2.7872505691006872,2.8202026304248333,0,0.5602434317856054,1.5471888434962877,0.020766554749185036,2825.687099809088,28.256870998090882,0.0,148.93979607986643,46.4246349785453,40820.832232567824,136563.3229079593,5571.367179147872,10036.781486646014,58364.721302217746,3.303782640384693,3.3037826403846724,0.0,50000,11701.760682619875,3686.9098350657546,1,0.0003873143963357492,0.00043981356177341826,0,1
57,0,2.696935727149586,2.8202026304248333,1,0.5602434317856054,1.539492192125614,0.025637853085054507,3231.2252397013467,32.31225239701347,0.0,148.16508562447052,46.4246349785453,40826.844273089446,136571.2979916543,5650.008582400594,9897.880666441624,57060.72690190375,3.611339652400009,3.611339652399993,0.0,50000,11701.760682619875,3728.506133958719,1,0.00045302265360289926,0.000481720956632988,0,1
58,0,2.821168478312088,2.82265941187592,0,0.559755808069647,1.5951389544316061,0.009581616728864598,2786.5127241043056,27.865127241043055,0.0,147.99513104378508,46.644331206225864,40938.87770860189,136847.06693565016,5623.436484505065,9945.629943899694,55966.18795698396,3.1105696515201178,3.1105696515201338,0.0,50000,11756.684739540016,3728.506133958719,1,0.0003983137427542559,0.00041288359756430144,0,1
59,0,2.7442604225753455,2.771131764856745,0,0.5701641546018938,1.560773810732961,0.01216847421964501,3296.731741380643,32.967317413806434,0.0,150.2181502428843,46.644331206225864,40918.29222190607,136807.83761425654,5640.130446352647,9916.867297266546,55947.08386735879,3.3166785508857424,3.3166785508857517,0.0,50000,11756.684739540016,3812.4914153329855,1,0.000471407124517395,0.00044091450695818343,0,1
60,0,2.7658585372266087,2.765978203268688,0,0.5712264825994792,1.5962517150372408,0.010285895593190358,2092.140002969777,20.92140002969777,0.0,145.82696051356402,46.686174006285256,40931.80181662305,136860.55330183354,5681.694223132736,9844.789718892269,54634.83483537575,2.959183691417595,2.9591836914176044,0.0,50000,11767.145439554864,3815.6296253374403,1,0.0003063452113324781,0.0003920220262013763,0,1
61,0,3.46022044888487,3.5080665207972546,0,0.45039054722398025,1.7774783907880864,0.12498632328359897,3134.1705223519325,31.341705223519327,0.0,148.87421043157363,48.240701825554474,41451.466407601365,138134.84875578154,5360.875479118665,10436.026144063213,52118.126193150936,3.1674376379545497,3.1674376379545524,0.0,50000,12155.77739437217,3815.6296253374403,1,0.00048108721495268304,0.0004196131836008521,0,1
62,0,3.226805353718471,3.5080665207972546,1,0.45039054722398025,1.5846565122606304,0.002947159658626805,4209.548888823538,42.09548888823538,0.0,156.00306005131063,48.793112567714424,41720.39975393772,138788.93149269818,5242.008027290046,10674.199383792202,50757.01766558537,3.642743297152011,3.6427432971520046,0.0,50000,12293.880079912156,3815.6296253374403,1,0.000663482463301263,0.00048363829652880807,0,1
63,0,3.224302916643015,3.285373203864903,0,0.4809194882764895,1.5794921367447814,0.00032143244001182073,3067.295110958665,30.672951109586652,0.0,154.0774492047002,48.8544584699336,41733.79482326145,138871.9139066721,5235.589893932196,10687.693450720844,49880.27155725429,4.094932756112036,4.09493275611205,0.0,50000,12309.21655546695,3820.2305680038785,1,0.0004919452144422139,0.0005455049642320533,0,1
64,0,3.1103554277075536,3.0767147612029726,0,0.5135347676435991,1.5931373380394689,0.008314770911056212,3830.893072758089,38.30893072758089,0.0,156.50907818726895,48.8544584699336,41702.52059446682,138831.0775673238,5353.900082754989,10452.66580864502,48790.14462173948,4.4571045655291925,4.457104565529177,0.0,50000,12309.21655546695,3919.371045431678,1,0.000628142113938503,0.0005945232638939933,0,1
65,0,3.1678239081786588,3.1697373569902854,0,0.4984640120152524,1.606570990671178,0.01681708270327719,4857.555598020852,48.57555598020852,0.0,163.3258160993537,49.2978175283368,41832.54278532248,139221.68563304498,5327.712274797036,10505.140711490216,47672.194667502125,4.834150410600701,4.83415041060068,0.0,50000,12420.05632006775,3919.371045431678,1,0.0008151595506606237,0.0006450822930137802,0,1
66,0,3.381421927016188,3.3513170957040646,0,0.47145643186833813,1.6905687609741793,0.06998022846467039,3243.658630613895,32.43658630613895,0.0,159.34629646974943,50.06578130516901,42135.606470103725,139925.35234175195,5290.223455582945,10581.336887601896,45886.71368416298,5.014851655603165,5.014851655603181,0.0,50000,12612.047264275803,3919.371045431678,1,0.0005655072451585721,0.000669602969919233,0,1
67,0,3.4725526566258194,3.463981632681171,0,0.4561225108971082,1.6448597858879326,0.04105049739742564,3464.18619696886,34.6418619696886,0.0,158.58584299011315,50.89999496782054,42359.5692606249,140667.4104159206,5149.787900871027,10871.99639121555,43811.03625111126,5.0309945811329735,5.03099458113298,0.0,50000,12820.600679938685,3919.371045431678,1,0.0006325686846781199,0.0006710784934991052,0,1
68,0,3.46092029278139,3.4225147546542964,0,0.4616488498263885,1.6292573182194858,0.031175517860434022,4716.795975123227,47.167959751232274,0.0,165.28682256473712,51.434200055947635,42490.49686345078,141096.5898407137,5134.1662311623695,10906.159448994444,42853.43088312693,5.198758697760461,5.198758697760445,0.0,50000,12954.15195197046,3919.371045431678,1,0.0008805448484136032,0.0006928735927500983,0,1
69,0,3.50750751783868,3.4662751055816896,0,0.4558207158617475,1.6319968223191774,0.03290938121466921,6028.177545914999,60.28177545915,0.0,174.37971266291126,51.839480754498766,42635.788719570846,141471.07283574893,5104.400842265102,10970.440679452144,41987.8079529675,6.628321625762191,6.6283216257621875,0.0,50000,13055.472126608242,3919.371045431678,1,0.0011485577056401595,0.000887223746243961,0,1
70,0,3.5248900204087565,3.5180356077458415,0,0.44911427176041996,1.6275507114053154,0.030095386965389433,7301.248721063852,73.01248721063853,0.0,184.4583298526247,52.296048940779954,42800.068999624804,141914.7971694706,5085.18235422243,11013.302631215827,40416.666063488454,8.620708606016711,8.620708606016727,0.0,50000,13169.614173178537,3919.371045431678,1,0.0014451956447065076,0.0011580993995867568,0,1
71,0,3.55664511377385,3.5300707427124625,0,0.44758309823160874,1.6344675804058704,0.03447315215561411,5532.682681184825,55.32682681184825,0.0,180.92758098156565,52.61723268636933,42851.611501757725,142196.016965863,5073.345909043797,11039.736213920176,40329.90394095576,9.145759034624236,9.145759034624245,0.0,50000,13249.910109575882,3919.371045431678,1,0.0010974849212207092,0.0012304127571891256,0,1
72,0,3.67629814430497,3.5300707427124625,1,0.44758309823160874,1.6788074471891365,0.06253635898046613,3549.5003159876005,35.495003159876006,0.0,168.1189192060776,53.215442990797115,43037.70494834179,142746.4801980826,5057.59271306603,11075.253887410381,38464.015967923675,8.14312866586064,8.14312866586065,0.0,50000,13399.462685682827,3919.371045431678,1,0.0007382485113250032,0.00109364302575074,0,1
73,1,3.933913287427661,3.914427962301768,0,0.403634966645529,2.369782928985499,0.49986261328196135,5358.189092661825,53.58189092661826,0.0,178.06015505994563,109.86729425839982,41207.05225870517,144075.88546895562,7001.368660830554,11622.48949814655,37018.67970871625,7.4601774085456345,7.460177408545644,0.0,50000,13829.013720283527,3919.371045431678,1,0.0011579427758792189,0.000997892069474977,0,1
74,1,3.9176897495783685,3.86036342544665,0,0.40928788973208957,2.045935812682394,0.2948960839761986,5107.640516759138,51.07640516759138,0.0,183.3311430464408,112.9318785684553,42048.563611158235,146440.91055951206,6519.667553314982,12484.279607380757,34504.53571815554,7.689612488708105,7.689612488708102,0.0,50000,14595.159797797398,3919.371045431678,1,0.0011842247195510843,0.001026805335585102,0,1
75,1,3.8848352419790215,3.908394481655198,0,0.4042580674535373,1.8214309909964317,0.15280442468128583,5079.617245991243,50.796172459912434,0.0,186.06989963728364,115.97964891605005,42652.80640261529,148705.4016179726,6178.5597545873325,13177.92812241721,33085.19649972572,8.893293868160825,8.893293868160823,0.0,50000,15357.102384696085,3919.371045431678,1,0.001228251371221774,0.0011901396222173592,0,1
76,1,3.84755222435882,3.862932082912914,0,0.40901573366740956,1.7101526042931576,0.08237506600832757,6184.379585853991,61.843795858539906,0.0,192.87898488638592,118.302735696065,43231.27340693335,150505.9940752974,6016.509759997771,13536.122713167973,32136.345329125084,9.835630131887685,9.83563013188769,0.0,50000,15937.87407969982,3919.371045431678,1,0.0015395352576695407,0.0013173371161474664,0,1
77,1,3.799479012624962,3.782428911970413,0,0.41772100329492173,1.6319032250704981,0.03285014244968231,4315.831792573128,43.15831792573128,0.0,187.84120136160277,119.0296735644455,43533.1407288899,151363.62059210156,5914.7206656168955,13770.949581633256,31691.335060670754,9.602326277786323,9.602326277786341,0.0,50000,16119.608546794947,3919.371045431678,1,0.001089466703579583,0.0012857511108236325,0,1
78,1,3.8820415651751428,3.8686132327603144,0,0.4084150844080751,1.6358911509010259,0.035374146139889755,4252.525051218585,42.52525051218585,0.0,185.3493415039462,119.75953375288886,43853.691897246106,152245.37420423338,5859.081108238584,13903.856857094,30066.640183649688,9.375546891844271,9.375546891844271,0.0,50000,16302.073593905783,3919.371045431678,1,0.0011314932497262847,0.0012534984036584695,0,1
79,1,3.701812686681353,3.652118591879637,0,0.4326256007986917,1.6280945142156487,0.030439565959271258,5632.876543393445,56.32876543393445,0.0,192.44325597559356,119.87219128375672,43887.34206386872,152385.31116163594,5985.974559172515,13610.362526141145,29679.129017968964,9.335634167307393,9.335634167307404,0.0,50000,16330.23797662275,3927.820360246768,1,0.0015183401210953516,0.0012464333581337398,0,1
80,1,3.6616188470970132,3.623910333125089,0,0.4359931275224138,1.628147844827566,0.030473319511117623,4922.245906728089,49.22245906728089,0.0,194.67682583919185,120.39395521911939,44026.36496006372,152879.02367331352,6019.20067581245,13536.86565322215,28875.41116190531,10.0123939776779,10.012393977677894,0.0,50000,16460.678960463414,3927.820360246768,1,0.0013637197071595362,0.001337851025993724,0,1
81,1,3.731218378151039,3.718355003657687,0,0.42491908342419676,1.6183867661730804,0.024295421628531863,3683.244423879255,36.832444238792554,0.0,188.83835746626085,120.77313433252515,44159.30302781918,153347.88297005463,5945.2273235567345,13706.823310472015,27419.418931272827,9.879341826926968,9.87934182692695,0.0,50000,16555.473738814853,3927.820360246768,1,0.0010746382140661291,0.001318899347440339,0,1
82,1,3.6210774960277696,3.6198979615658695,0,0.436476391537991,1.5877318594836658,0.0048935819516871685,3344.644924858042,33.44644924858042,0.0,184.79323039719696,120.8400272310223,44174.566363651255,153453.5091656606,5977.693315007021,13633.089625200813,27809.29190214701,8.517151717387721,8.517151717387728,0.0,50000,16572.196963439143,3932.837327634055,1,0.0009621661527023116,0.0011335080246426589,0,1
83,1,3.6630316722047476,3.624818464408226,0,0.4358838975010421,1.6081817791835258,0.017836569103497287,9206.923230290118,92.06923230290118,0.0,207.10524321850193,121.02416569562811,44228.79735901793,153641.01621842713,5981.658942603095,13624.707382399345,27458.24104962523,11.758824555057553,11.758824555057537,0.0,50000,16618.231579590592,3946.64771247949,1,0.002682450988364612,0.0015730851183776843,0,1
84,1,3.624320370292209,3.624818464408226,1,0.4358838975010421,1.6217551119412872,0.026427286038789313,5755.608556362659,57.556085563626596,0.0,206.28728192818951,121.32949258062297,44353.517002416316,154020.49573381132,6039.0795299670235,13496.217028768386,27445.21139621035,13.225321082731854,13.225321082731863,0.0,50000,16694.56330083931,3946.64771247949,1,0.0016777013587608647,0.0017741061666092627,0,1
85,1,3.4626206165801823,3.624818464408226,1,0.4358838975010421,1.5328336077619182,0.02985214698612774,2878.224656852632,28.782246568526322,0.0,182.48489224021685,121.32949258062297,44434.298620518464,154282.6004142148,6006.925420517339,13569.446610524446,27214.69233138587,12.913244271772083,12.913244271772061,0.0,50000,16694.56330083931,3966.965114877992,1,0.0008460796460398014,0.001735410664388426,0,1
86,1,2.8074209964537538,2.8100022869657657,0,0.5622771224524805,1.384398951276883,0.1237981321032386,6123.947098664197,61.239470986641976,0.0,191.15195611112554,121.32949258062297,44413.85777492215,153918.09986653025,6340.432454515551,12857.755477917632,26616.61168545269,10.88222025412243,10.88222025412242,0.0,50000,16694.56330083931,4412.134607579856,1,0.0018406391229763453,0.0014548067092590036,0,1
87,1,2.779533784425953,2.7823280143829288,0,0.5678697809289089,1.43086423952084,0.09438972182225323,2283.194073890242,22.83194073890242,0.0,180.3802558745696,121.32949258062297,44391.6215700222,153837.40897247338,6478.456936251947,12584.764807100817,25825.77473523019,8.513617535791811,8.513617535791816,0.0,50000,16694.56330083931,4551.547278433412,1,0.0007072605866961665,0.0011313264519041044,0,1
88,1,2.688577183721381,2.7025199144399954,0,0.5846395401409654,1.4827413543772832,0.06155610482450437,3056.5663164094226,30.565663164094225,0.0,175.75689441576714,121.32949258062297,44344.26135541251,153701.6920727742,6705.824831493367,12159.320697949479,25366.527019380963,8.798443057791053,8.798443057791067,0.0,50000,16694.56330083931,4742.844303716983,1,0.0009639684026352029,0.0011706227041025717,0,1
89,1,3.123693807470517,3.1752255325978305,0,0.4976024486384478,1.6196136179738179,0.02507191011001126,5712.39540882041,57.1239540882041,0.0,188.03788593276911,122.66877039149767,44730.81101254218,154739.49551871134,6502.797115872339,12541.724061013627,24888.965762260017,8.810312739547639,8.810312739547644,0.0,50000,17029.382753557988,4742.844303716983,1,0.001836121424533376,0.0011691168046215818,0,1
90,1,3.093837512429855,3.061920161355293,0,0.5160160672839513,1.626967236827908,0.029726099258169575,2994.5714988524724,29.945714988524724,0.0,181.57234215584566,122.72866182147472,44748.00938957436,154823.38127724684,6549.038675275806,12453.638318756992,24627.28313797913,9.449722346300282,9.44972234630027,0.0,50000,17044.35561105225,4747.336160965261,1,0.0009727655241789539,0.0012576184504491776,0,1
91,1,3.116603106002413,3.148450724095471,0,0.5018341204796603,1.606696519587439,0.016896531384455002,3063.3949016902297,30.6339490169023,0.0,175.26752158938652,123.13655700017436,44946.304433326135,155348.7829307105,6484.763435116716,12578.874490102955,24841.623446911537,9.49305150612921,9.49305150612923,0.0,50000,17146.329405727163,4747.336160965261,1,0.0009865361362511402,0.0012651410283211568,0,1
92,1,3.0897661584503937,3.1279408992841815,0,0.5051246333847221,1.5857602109747717,0.0036457031485896455,4180.151067824767,41.801510678247666,0.0,180.60167716968442,123.36662566653371,45109.7181388108,155709.55649037106,6470.647113299942,12607.698399532464,24499.368252401724,8.35815799855278,8.358157998552796,0.0,50000,17203.846572317,4747.336160965261,1,0.0013649824843675233,0.0011080947149325392,0,1
93,1,3.004782065942058,3.016268627407123,0,0.5238260232007972,1.571450301842138,0.0054112013657355105,2696.493267749959,26.964932677499593,0.0,176.97544079069843,123.36662566653371,45088.45568866553,155690.9650638007,6532.017016402006,12489.919383581488,23532.916975571246,8.227087377289045,8.22708737728904,0.0,50000,17203.846572317,4816.741447555861,1,0.0009166711531933253,0.001089396591270663,0,1
94,1,2.766408907842024,2.8223018316265733,0,0.5598267280609746,1.525870317250613,0.03425929287935894,2890.7232310313816,28.907232310313816,0.0,175.22595718175023,123.36662566653371,45045.12570933519,155592.6542041979,6708.485311016581,12162.510347513078,23298.80156158574,8.241797092977022,8.241797092977027,0.0,50000,17203.846572317,4962.815956846883,1,0.0009925740509494725,0.0010914092295034403,0,1
95,1,2.6944062247812015,2.6553810744005157,0,0.5950181746914439,1.5343533404005323,0.028890290885739106,2474.8632740461294,24.748632740461293,0.0,174.23951250900691,123.36662566653371,45008.56455054251,155518.3994033587,6816.645105543434,11970.392034800803,22848.029361079847,7.032778986795178,7.032778986795189,0.0,50000,17203.846572317,5075.7528894855,1,0.0008665476518554901,0.0009252642853327626,0,1
96,1,2.872713387891017,2.8850534155109453,0,0.5476501722655908,1.593749109249543,0.008701967879457581,7346.999764566394,73.46999764566395,0.0,192.72563630652394,123.51356566182504,45091.75049816271,155705.88762585673,6728.520090617936,12128.075638023995,21956.702140282698,11.358044017489561,11.358044017489572,0.0,50000,17240.58157113983,5086.77338913235,1,0.0026769046526663137,0.001512008785157092,0,1
97,1,2.899374616404439,2.926639902025441,0,0.5398682628862296,1.5739969096935358,0.00379942424459765,6514.311365960751,65.14311365960751,0.0,200.568196329009,123.51356566182504,45102.801235524625,155740.71902726343,6656.195289078656,12261.017505265003,22114.653039920337,14.687730542890247,14.687730542890264,0.0,50000,17240.58157113983,5134.16533271989,1,0.0023565592837297227,0.0019666705294171757,0,1
98,1,2.81220095279457,2.7822274623550314,0,0.56789030421783,1.6005033761007343,0.012976820316920424,5193.018251358363,51.93018251358363,0.0,192.70420093176074,123.61742602685221,45094.51532844014,155805.56948970677,6815.593860371203,11975.49460638587,22136.313365239723,17.132579134750817,17.132579134750817,0.0,50000,17266.546662396624,5204.553091544518,1,0.001876741864167092,0.002303401933521043,0,1
99,1,2.9278142199351724,2.958787293139393,0,0.5340025637069559,1.578247521649762,0.0011091635128089002,2414.9270712665384,24.149270712665384,0.0,174.97863328847558,123.86078976333268,45314.18641200052,156316.4805947303,6633.451271507389,12305.745894449326,21857.469732806334,12.744010003681062,12.744010003681053,0.0,50000,17327.38759651674,5204.553091544518,1,0.0008838816572229032,0.0017057276017065726,0,1
100,1,2.991891092605379,2.959512338513576,0,0.5338717394209479,1.6259330819883948,0.029071570878730846,4238.0934618411675,42.38093461841168,0.0,178.80645326569578,124.08709259050552,45353.82774139043,156474.39773469517,6660.608346246907,12256.23305363769,20505.934083024265,11.059089187558886,11.059089187558872,0.0,50000,17383.96330330995,5204.553091544518,1,0.0016534115226088247,0.0014713450146662734,0,1
101,1,1.5342525843043624,1.5253349689704843,0,1.035838050094932,0.9122861488931604,0.422603703232177,2698.221658779547,26.98221658779547,0.0,176.26828231405779,124.08709259050552,45325.58821734247,156198.15671393424,6967.6645526138955,11717.987124307105,20545.934083024265,9.043707399156123,9.043707399156128,0.0,50000,17383.96330330995,5523.662052842479,1,0.0010506104605908992,0.0011959678801408758,0,1
102,1,1.0548034932756163,1.5253349689704843,1,1.035838050094932,0.660575931572935,0.5819139673589019,1102.6127022492276,11.026127022492275,0.0,163.44603758283196,124.08709259050552,45284.44304779474,156057.0521354272,7150.950760571846,11418.593203255836,20380.81161893819,7.925659346554655,7.92565934655466,0.0,50000,17383.96330330995,5700.210280642849,1,0.0004328042367948336,0.0010456087399981857,0,1
103,1,1.083296917949309,1.0810101922817963,0,1.461595839966075,0.7078607984136369,0.5519868364470653,894.7675359905718,8.947675359905718,0.0,157.96748862116385,124.08709259050552,45255.000300330496,155940.08760897533,7304.747455837767,11179.048794679888,19978.01255225846,4.77011595795529,4.770115957955296,0.0,50000,17383.96330330995,5837.174179058107,1,0.00035830092053452863,0.0006139052059734205,0,1
104,1,1.0450626808534103,1.0496607090527088,0,1.5052483020212393,0.7158563832112914,0.546926339739689,1108.3126825088536,11.083126825088536,0.0,158.46203703359237,124.08709259050552,45230.58238448379,155804.12235003756,7479.38587539412,10918.98771512305,19635.82450229917,3.3183441236152174,3.3183441236152147,0.0,50000,17383.96330330995,5986.146895310226,1,0.00045154719421293697,0.00041421745051409975,0,1
105,1,1.015303823431691,1.0093180578445382,0,1.5654133875046174,0.7339631537198466,0.5354663584051604,1351.5869054196187,13.515869054196187,0.0,159.9650345432389,124.08709259050552,45200.2949236674,155637.3494872626,7683.96694785429,10629.363315773551,18648.31499847979,3.69462614740994,3.694626147409943,0.0,50000,17383.96330330995,6165.946845652498,1,0.000579821568020403,0.0004632232275892895,0,1
106,1,0.9810284096339588,0.9703326890550122,0,1.6283075050668763,0.7703678101065804,0.5124254366414048,1840.535018227207,18.40535018227207,0.0,162.58091408278466,124.08709259050552,45151.41166238937,155403.21243177002,8009.138226082686,10199.273688999805,17992.80847764393,4.830773841744532,4.830773841744533,0.0,50000,17383.96330330995,6415.21281447192,1,0.0008183425152394958,0.0006165704258242786,0,1
107,1,0.9966606415692458,1.0072914680557161,0,1.568562873911492,0.8191103454852501,0.48157573070553794,1012.445681509035,10.124456815090351,0.0,159.28577868349765,124.08709259050552,45117.246735000306,155274.16804912634,8193.933121778173,9970.049441005362,17992.80847764393,4.820703420727286,4.8207034207272885,0.0,50000,17383.96330330995,6558.715321496846,1,0.00045015570871751316,0.000616106597325804,0,1
108,1,0.9636413796148123,0.9679873120961873,0,1.6322527994488818,0.8345442796185106,0.471807417962968,922.20161198231,9.2220161198231,0.0,156.5692469860344,124.08709259050552,45067.08138542833,155135.5557604973,8411.627563407468,9712.836799640276,17258.140134754987,4.4580300790158285,4.45803007901583,0.0,50000,17383.96330330995,6709.4943678857135,1,0.0004274859769507382,0.000565328066969249,0,1
109,1,1.0248556042310415,0.9679873120961873,1,1.6322527994488818,0.9289180047262456,0.41207721219857874,856.3480037022711,8.56348003702271,0.0,155.71910028042754,124.08709259050552,45009.395498246355,154994.96518026444,8605.702930439908,9494.4901829177,17298.140134754987,3.427871748807149,3.427871748807147,0.0,50000,17383.96330330995,6859.03516611805,1,0.0003960416539725994,0.00042456111321361687,0,1
110,1,1.039070487990011,1.010020845267406,0,1.5643241497473157,0.9994337289629251,0.36744700698549043,1275.5018487408781,12.755018487408782,0.0,157.18219685282781,124.08709259050552,44952.682055933015,154818.57526703077,8865.489933776586,9217.088321922633,16922.259859098904,3.8102315077964097,3.810231507796414,0.0,50000,17383.96330330995,7044.585233195365,1,0.0006029936234811124,0.0004755070848014833,0,1
111,1,1.026564449258589,1.0382744899339795,0,1.5217555813207615,1.0401488854070409,0.3416779206284552,1337.7460298538942,13.377460298538942,0.0,158.36883076370245,124.08709259050552,44914.21423824291,154658.655939311,9099.58586708279,8980.744473390994,16463.24841684046,4.363892250368367,4.3638922503683695,0.0,50000,17383.96330330995,7214.196443540463,1,0.0006500520412413859,0.0005496957728983659,0,1
112,1,1.0691121749112797,1.0382744899339795,1,1.5217555813207615,1.1370604341614692,0.28034149736615877,1037.5978019882161,10.375978019882162,0.0,157.10155301664207,124.08709259050552,44865.14863908168,154520.1681811663,9323.154000221484,8766.022588377346,15623.118041224712,4.708975453883759,4.708975453883753,0.0,50000,17383.96330330995,7362.150080987981,1,0.0005313140689331323,0.0005947865778852101,0,1
113,1,1.1373571972786167,1.127121603896969,0,1.4018008301297977,1.2582540628200687,0.20363666910122238,1105.4023462695525,11.054023462695525,0.0,156.59350315441026,124.08709259050552,44840.7467104652,154425.38459886986,9508.921552398271,8595.275537389218,15663.118041224712,4.6134021321515215,4.613402132151524,0.0,50000,17383.96330330995,7465.868478554133,1,0.0005645886564144773,0.0005819849221963318,0,1
114,1,1.1511424766614755,1.1563608446365714,0,1.3663554999534533,1.3098091407029187,0.17100687297283634,1360.8822662732466,13.608822662732466,0.0,157.71512773519194,124.08709259050552,44812.74874161682,154322.74916648192,9643.755521014546,8475.537595363587,15703.118041224712,4.720329771785068,4.72032977178507,0.0,50000,17383.96330330995,7577.408515737288,1,0.0006933055015955847,0.0005964027423143981,0,1
115,1,1.1545345649259298,1.1793050096631825,0,1.3397721429600802,1.3624168048778618,0.13771088298869513,1482.3981306257197,14.823981306257197,0.0,158.89488345147683,124.08709259050552,44762.26711987789,154209.22763363377,9821.32541507404,8322.753818428575,15222.856240493411,5.337519074990774,5.3375190749907695,0.0,50000,17383.96330330995,7700.342692506641,1,0.0007790381028140993,0.0006789774202747204,0,1
116,1,1.1967313282206027,1.20019792532699,0,1.3164495344128628,1.4345380472008784,0.09206452708805168,1787.9579290980412,17.879579290980413,0.0,160.70550717577953,124.08709259050552,44720.41551609388,154115.9963759023,9898.963871702717,8257.98953558999,14689.010137162195,6.351530053978915,6.351530053978912,0.0,50000,17383.96330330995,7804.2137359473345,1,0.0009737663259280513,0.000815369976779245,0,1
117,1,1.2170004378663857,1.2206541646013542,0,1.2943879157746554,1.489587388879965,0.057223171594958974,1470.9287919472188,14.709287919472189,0.0,160.24757586470324,124.08709259050552,44685.995791722264,154061.92741319732,10002.965559313881,8172.473502746841,14087.956884299676,6.712859213337651,6.712859213337648,0.0,50000,17383.96330330995,7868.853688777374,1,0.0008352829606322806,0.0008626957964581438,0,1
118,1,1.1694764753442608,1.1661643951590528,0,1.354869010371822,1.4689160102144143,0.07030632264910491,2002.247722701052,20.02247722701052,0.0,161.96833848645642,124.08709259050552,44629.12839582318,153963.39344981915,10133.406933167482,8067.704988592214,14382.714422769797,7.5230534182730775,7.5230534182730695,0.0,50000,17383.96330330995,7979.167290068238,1,0.0011136967133443022,0.000974248666634878,0,1
119,1,1.1862287219971517,1.1661643951590528,1,1.354869010371822,1.5246653286750642,0.03502194387654168,1690.975713122718,16.90975713122718,0.0,161.79895514298818,124.08709259050552,44582.60120667937,153907.57210213886,10250.930634443841,7975.486893471091,14191.024146739888,7.47828328036223,7.478283280362224,0.0,50000,17383.96330330995,8046.285295783067,1,0.0009532649345882126,0.0009674148695215985,0,1
120,1,1.1734644683851134,1.1746121551685635,0,1.3451248508264084,1.5384668154411818,0.026286825670138146,2220.2237125559145,22.202237125559147,0.0,163.48409596433603,124.08709259050552,44554.30221060348,153866.42428352265,10353.315090289105,7896.983715547788,14613.139339459243,8.395585970875064,8.395585970875075,0.0,50000,17383.96330330995,8100.232224526132,1,0.0012154670730118824,0.0010941429069814656,0,1
121,1,1.1798504405144046,1.1746121551685635,1,1.3451248508264084,1.5621025550458802,0.011327496806404951,972.8997786720323,9.728997786720324,0.0,157.90775204469017,124.10655058607897,44542.99880066942,153866.13901541196,10404.34986405926,7858.368025021097,14430.192199046382,6.989127276672833,6.989127276672834,0.0,50000,17388.82780220331,8114.393413531717,1,0.0005393689925966899,0.0009027003333989284,0,1
122,1,1.1965401302640226,1.1763089241420188,0,1.3431845730086824,1.596895004934158,0.010693041097568261,1836.406587041779,18.36406587041779,0.0,159.06956440586194,124.1432787178198,44513.461909957594,153851.53872477778,10446.17405071397,7827.231233600926,14692.010968785144,7.098492256281457,7.0984922562814505,0.0,50000,17398.009835138517,8146.17423234173,1,0.0009999483887908522,0.0009182614847998081,0,1
123,1,1.418233783855088,1.4098523857826433,0,1.1206847014149668,1.8070201895239382,0.143683664255657,2539.076426471134,25.39076426471134,0.0,163.44768176653926,125.17807944880725,44855.55769905095,154221.9590952685,10207.290201847494,8011.157755623606,14732.010968785144,7.505728877422878,7.50572887742287,0.0,50000,17656.71001788538,8146.17423234173,1,0.0013788077849526694,0.0009727083887800704,0,1
124,1,1.4555787308764068,1.4430227286758155,0,1.0949238488085917,1.7151301879173526,0.08552543539072945,2188.876625098268,21.88876625098268,0.0,164.16361180973715,125.9110054509815,45309.05067729017,154663.9585540995,9816.606053927288,8331.054448315543,14162.619683471614,9.220023741268962,9.220023741268966,0.0,50000,17839.941518428943,8146.17423234173,1,0.0012364247146467015,0.0012050602961300744,0,1
125,1,1.5108193833635724,1.4837341984155124,0,1.0648807594293441,1.7148025882227187,0.08531809381184723,1672.3377992997998,16.723377992998,0.0,160.6111608699818,126.3605350721459,45572.52558226664,154945.71448212428,9634.972060018596,8488.850347216712,14319.288094694592,9.046627655366763,9.046627655366763,0.0,50000,17952.32392372004,8146.17423234173,1,0.0009343133754921318,0.0011831819583638342,0,1
126,1,1.4879792213744278,1.4939608605643815,0,1.0575912941943573,1.5886946136008124,0.005502920000514153,3498.831487983441,34.98831487983441,0.0,166.69666245561447,126.71465618126462,45832.600179173,155226.69910513467,9345.423341228912,8752.969656753854,14679.553509968933,10.336439378426011,10.336439378426022,0.0,50000,18040.85420099972,8146.17423234173,1,0.0019067781513149556,0.0013591720804845963,0,1
127,1,1.6240447694323066,1.6032615340683034,0,0.9854911169675001,1.6139542746090625,0.02149004722092558,1484.6073686085497,14.846073686085496,0.0,160.81629085144866,126.98133269014484,46163.63175883247,155592.74250453885,9016.78834852081,9073.16160368944,14469.846846943758,9.316261167823924,9.316261167823917,0.0,50000,18107.523328219777,8146.17423234173,1,0.0008208005982714989,0.0012206307083595287,0,1
128,1,1.7188029162470897,1.7272326195468355,0,0.9147580830279456,1.6522825538499504,0.045748451803766015,2024.308457224226,20.24308457224226,0.0,159.26681380384306,127.30980401254087,46377.71016748807,155850.1319279903,8868.514436506854,9225.557965693855,13802.132192790978,9.913397492900973,9.913397492900978,0.0,50000,18189.641158818784,8146.17423234173,1,0.0011733308616079172,0.0013003032037314573,0,1
129,1,1.7103231729437074,1.7118876805409575,0,0.9229577488989926,1.5813443038054202,0.0008508251933039025,1520.8458062079415,15.208458062079416,0.0,157.9001109780946,127.43413576941542,46595.81729407872,156095.20109199223,8697.914700833566,9407.340977751965,14198.914216514237,7.343362402513379,7.343362402513379,0.0,50000,18220.724098037423,8146.17423234173,1,0.00085688005886484,0.000950337172914752,0,1
130,1,1.811759427185818,1.813689447991322,0,0.8711524466053794,1.6139654918076656,0.021497146713712344,2052.598110613687,20.525981106136868,0.0,159.24221330411567,127.72393261833457,46872.42739532448,156423.31178849435,8538.106829910485,9584.464858715432,14224.461593883174,8.157847141441035,8.157847141441028,0.0,50000,18293.17331026721,8146.17423234173,1,0.0011544046694864562,0.0010615385299864045,0,1
131,1,1.8204053844893269,1.8026031882810298,0,0.8765101550201377,1.6132860428890676,0.021067115752574403,2547.2255530578573,25.472255530578572,0.0,162.37062172326625,127.86175764279365,46941.503432678815,156521.40210196006,8516.174976175143,9609.511499969321,14455.384081019873,8.734392065496946,8.734392065496953,0.0,50000,18327.62956638198,8146.17423234173,1,0.001409703423323024,0.0011403293838914402,0,1
132,1,1.7588255565413053,1.7815395245037653,0,0.8868733913945005,1.560898897596129,0.01208930531890568,1510.6747857987823,15.106747857987823,0.0,157.65865749674597,127.89197113850962,46951.3083211216,156546.98690175405,8522.194974405795,9602.834842087956,14869.034636727318,8.604133081195245,8.604133081195249,0.0,50000,18335.182940310973,8148.440244520429,1,0.0008127897056974144,0.0011256325995022982,0,1
133,1,1.8015761537226178,1.8393906542506913,0,0.8589801173278448,1.5616355518065717,0.011623068476853429,2904.590315779634,29.04590315779634,0.0,161.0712040600994,128.0818786339237,47185.74295188038,156843.50877370633,8422.925340997723,9717.082466118834,15426.605053419325,9.454439112146812,9.454439112146801,0.0,50000,18382.659814164494,8148.440244520429,1,0.0015062758426609636,0.0012429229905604675,0,1
134,1,1.7664280815293543,1.787516431172784,0,0.8839079588003378,1.5592101319478844,0.013158144336782081,3760.1861192862384,37.60186119286239,0.0,167.18122603116387,128.0818786339237,47175.77437574896,156817.8436547381,8500.01644118098,9629.66275520915,15768.87894374675,10.671977842112748,10.671977842112742,0.0,50000,18382.659814164494,8200.19025768296,1,0.0019076491779537008,0.0014089049087706931,0,1
135,1,1.749667452273385,1.7522044756623363,0,0.9017212442644614,1.5656428167350058,0.009086824851262179,2092.5806921398957,20.92580692139896,0.0,160.3225786615344,128.0818786339237,47141.96747900752,156786.15192593538,8558.374461920344,9564.320214247347,16014.614013354741,11.216269550372052,11.216269550372054,0.0,50000,18382.659814164494,8259.421072703222,1,0.0010453355618286512,0.0014864201941477719,0,1
136,1,1.7609930231038033,1.7585393996339307,0,0.8984729033247156,1.5758882418128606,0.002602378599455374,2925.3522191187876,29.253522191187876,0.0,160.38471924720855,128.14038567830607,47155.90847536261,156824.94343230344,8558.848970659123,9564.176521674764,16451.3086036369,11.002976342821805,11.0029763428218,0.0,50000,18397.28657526009,8263.8091010319,1,0.001422550528763203,0.0014585117561818517,0,1
137,1,1.7167894567855728,1.696259608043114,0,0.9314611940932576,1.5652154128270426,0.009357333653770568,2933.1330411245485,29.331330411245485,0.0,162.4374435953142,128.14038567830607,47103.936512710825,156756.15624283202,8639.131127857941,9475.73676731579,16845.011766239826,9.74678912303609,9.746789123036095,0.0,50000,18397.28657526009,8357.252339181172,1,0.0013929977998605046,0.0012869612968174529,0,1
138,1,1.6689854139163163,1.6603544597901965,0,0.9516040329121349,1.5512919449404776,0.018169655100963578,1541.0689100467987,15.410689100467987,0.0,154.34273178862458,128.14038567830607,47060.978790034744,156712.07611284367,8723.0916513893,9384.895459495567,17334.0024672883,8.906837348156795,8.906837348156804,0.0,50000,18397.28657526009,8424.121161122684,1,0.0007112351174311934,0.0011755944820183003,0,1
139,1,1.6451751479662313,1.6603544597901965,1,0.9516040329121349,1.5588988825826562,0.01335513760591385,2086.9697108903097,20.869697108903097,0.0,153.32279799457996,128.14038567830607,47036.924645708015,156685.1437202641,8807.689745193336,9295.145722205496,17702.877740833883,7.7313233746659735,7.731323374665967,0.0,50000,18397.28657526009,8470.833681498523,1,0.0009431098113845999,0.001015780909558766,0,1
140,1,1.5770813159460517,1.5713455145824469,0,1.00550769091663,1.5290476876800392,0.03224829893668411,1491.7783007123114,14.917783007123115,0.0,151.27818623130614,128.14038567830607,46963.7780301169,156594.9133912536,8909.475505641214,9189.358492896132,18091.103447535854,5.935992597642098,5.935992597642098,0.0,50000,18397.28657526009,8576.230805961244,1,0.0006596737695026571,0.00077133956610615,0,1
141,1,1.558899303824313,1.5681429112925327,0,1.0075612296698737,1.546412370153268,0.021257993573881098,3689.2781097802917,36.89278109780292,0.0,158.52281684541975,128.14038567830607,46908.40129455485,156494.27091870617,9012.285795541462,9085.057985628298,18550.00883189459,8.083610383051221,8.083610383051216,0.0,50000,18397.28657526009,8697.538164180696,1,0.0015910625782288603,0.001064615386372039,0,1
142,1,1.4967788168027767,1.5043569469676736,0,1.05028264946348,1.5343321058559487,0.028903730470918588,1719.244756272031,17.19244756272031,0.0,153.54250485217645,128.14038567830607,46844.40358284671,156419.06135086957,9161.685258050971,8937.449961535529,18943.570475995664,7.53935258687255,7.539352586872543,0.0,50000,18397.28657526009,8791.845558519717,1,0.0007260488759288842,0.000992261741220134,0,1
143,1,1.4679220405849702,1.4583236892220643,0,1.0834357363027158,1.528990405466975,0.03228455350191463,2604.7231712760213,26.04723171276021,0.0,153.03698720932255,128.14038567830607,46793.5337822245,156339.49662847852,9235.532076463523,8866.661977142867,19324.290745263595,8.551277051095543,8.551277051095536,0.0,50000,18397.28657526009,8893.139527309273,1,0.0010783208369660622,0.0011318107637079357,0,1
144,1,1.3632744654890079,1.3708109128336865,0,1.1526024378766333,1.4550073987481744,0.07910924129862383,1327.0694161706463,13.270694161706462,0.0,148.25790784670363,128.14038567830607,46732.12703035637,156251.03949996622,9348.929167472339,8759.513130067813,19538.925304569544,5.9897501721630375,5.98975017216303,0.0,50000,18397.28657526009,8996.624026151454,1,0.0005433541079601901,0.0007825746069517122,0,1
145,1,1.610364107688892,1.609719716915935,0,0.9815373343547814,1.6515005980044373,0.04525354304078304,1617.3464186404638,16.173464186404637,0.0,146.9294503909613,128.4487449846619,46975.395768064256,156530.22048891446,9164.69151167421,8936.412306646678,18532.03446943641,5.934377017032891,5.934377017032898,0.0,50000,18474.37640184904,8996.624026151454,1,0.00069818407528125,0.0007732863400691675,0,1
146,2,1.6272389335727173,1.6195126567932372,0,0.9756021315254952,2.003862369174108,0.2682673222620936,2297.06050711849,22.970605071184902,0.0,154.6729361692735,147.5452741301964,44917.042698949976,156847.61166435652,11296.183659598513,9173.080015102341,18692.5101612212,5.715292963762924,5.715292963762931,0.0,50000,18538.7612042581,8996.624026151454,1,0.0009830934368071716,0.0007415438733495372,0,1
147,2,1.5850418782851445,1.5946716645596752,0,0.9907995702903981,1.8898547706800706,0.196110614354475,1600.8161931295947,16.008161931295948,0.0,152.73548121485726,148.3325223882632,45184.039292530724,157179.05822534568,11115.65743342193,9322.823536490661,18732.5101612212,6.052265978975354,6.05226597897535,0.0,50000,18735.573268774795,8996.624026151454,1,0.0006836526143489296,0.0007883100421457838,0,1
148,2,1.4525269590253094,1.4631180540977093,0,1.0798855195416002,1.6547735311661405,0.0473250197254053,2218.805916112269,22.18805916112269,0.0,154.26105020752303,148.751700942966,45538.08597172272,157503.8638640413,10866.021303261696,9537.975186978196,18666.545632775873,6.6712987282166445,6.671298728216649,0.0,50000,18840.3679074505,8996.624026151454,1,0.0009509229869360951,0.0008725563460307322,0,1
149,2,1.4553638951563497,1.4369796661757805,0,1.099528432580287,1.6187954217671716,0.02455406440960224,2123.844551755641,21.23844551755641,0.0,155.3750588394537,148.95643577578673,45721.06335173717,157683.18348206228,10737.136469616167,9653.128829699275,19204.517940862963,6.42560807943948,6.4256080794394705,0.0,50000,18891.55161565568,8996.624026151454,1,0.0008847270452903461,0.0008397675488584569,0,1
150,2,1.4036743445292164,1.403611912504693,0,1.1256672773463066,1.5713360331526505,0.005483523321107343,2149.3717638524013,21.493717638524014,0.0,155.51396244226763,148.95643577578673,45673.12831072258,157639.18810686556,10771.852865254743,9622.495246713872,18985.399327934298,6.969585590892559,6.969585590892552,0.0,50000,18891.55161565568,9056.79424072648,1,0.0009056946242641981,0.0009137815521635465,0,1
151,2,1.4532578848237612,1.4553860251345314,0,1.0856226270648364,1.5761679460724183,0.002425350587077083,2694.271755618229,26.942717556182288,0.0,158.20095934792568,149.14393722506108,45896.23023936453,157874.43872417827,10603.149176778727,9776.312342547964,19021.288143992875,7.417622396655828,7.417622396655831,0.0,50000,18938.426977974268,9056.79424072648,1,0.0011331605873260938,0.0009745274189602128,0,1
152,2,1.5174474152297168,1.524170696333328,0,1.0366292986743413,1.5891260209237288,0.005775962609954884,2201.2803505952697,22.012803505952697,0.0,157.04322921584583,149.30669510251644,46085.06406133871,158084.3846682548,10419.363723460508,9949.39126433339,19425.642543746857,7.462221384747064,7.462221384747057,0.0,50000,18979.11644733811,9056.79424072648,1,0.0009065462192616594,0.0009818004769506505,0,1
153,2,1.4987921207214756,1.5072764614175105,0,1.0482483077550997,1.5699293901764404,0.006373803685797261,1910.2780285648819,19.10278028564882,0.0,154.21230166692317,149.34490066308774,46096.80838014779,158108.35834646772,10420.555824639036,9948.375424548216,19391.351980321895,7.171255077580256,7.171255077580255,0.0,50000,18988.667837480934,9059.659657769327,1,0.0007880948292840679,0.000942600545290607,0,1
154,2,1.5007779233463097,1.5081307451444854,0,1.0476545253698342,1.5652460222553612,0.009337960597872673,1906.1716068869855,19.061716068869856,0.0,153.48418525550395,149.3830240952255,46107.74285308617,158130.352498939,10398.264977450794,9969.989571848479,19599.945115945382,6.302662247220113,6.302662247220114,0.0,50000,18998.19869551537,9062.518915179659,1,0.0007780314059496971,0.0008242241514984748,0,1
155,2,1.5318271965009762,1.5219020315728322,0,1.0381745784037923,1.6023557126802097,0.01414918524063901,1949.0696807372115,19.490696807372114,0.0,153.56618849027245,149.42200548884023,46118.26385071834,158152.08367056167,10413.787505662316,9955.419257733345,20142.583782493726,5.972847077190353,5.9728470771903535,0.0,50000,19007.944043919055,9065.442519700764,1,0.0007741091021028523,0.0007800784457788725,0,1
156,2,1.4929394838245829,1.4923114070882715,0,1.0587602510409155,1.5799447425711168,3.4973056255213594e-05,2277.6908208683053,22.776908208683054,0.0,155.25017204492696,149.4675593052576,46128.775146536886,158175.22320694584,10474.692995021614,9897.866888534323,20228.057151651596,6.248970251828554,6.248970251828559,0.0,50000,19019.332498023396,9068.859055932067,1,0.0009008045819891645,0.000817648363347238,0,1
157,2,1.4502642139929014,1.4473203259342902,0,1.0916726392134797,1.5555395458858012,0.015481300072277744,1554.9579416625452,15.549579416625452,0.0,152.23452700387833,149.4675593052576,46076.33172154428,158123.46793713197,10545.443314936465,9831.752012215191,20250.765552370183,5.844761757143998,5.8447617571439965,0.0,50000,19019.332498023396,9135.726375312473,1,0.000614281149082011,0.0007630649443913425,0,1
158,2,1.4527729478924134,1.4585154498518456,0,1.0832932898725858,1.5737917032901445,0.003929301715098459,1936.5856120659862,19.365856120659863,0.0,152.27938510925634,149.5062910174989,46084.997533567745,158144.18631365104,10598.122638280998,9783.166244397386,20762.938329325614,5.7700873447015715,5.770087344701576,0.0,50000,19029.015426083726,9138.631253730573,1,0.0007461701542813905,0.0007537519617841887,0,1
159,2,1.4640741860928277,1.4622626215075376,0,1.0805172591850016,1.5943560429810772,0.009086103152580492,1412.6609095686142,14.126609095686142,0.0,150.23032384860238,149.53454423569028,46092.984772240015,158161.16380848805,10625.981426126096,9757.685666499345,21003.29787277902,4.880813740053331,4.880813740053335,0.0,50000,19036.07873063157,9140.750245094925,1,0.0005380720373059014,0.0006328411135564344,0,1
160,2,1.4685366979702132,1.4575498006485526,0,1.0840109883703197,1.6011277648720592,0.013372003083581734,2052.8884522302956,20.528884522302956,0.0,152.0005229850105,149.5756020047349,46153.116828345366,158225.7850875145,10632.561713337102,9752.068143491513,20913.959484466614,5.301091582949083,5.301091582949083,0.0,50000,19046.34317289272,9143.829577773271,1,0.0007852701268757966,0.0006898374394876962,0,1
161,2,1.4377238913729276,1.4367582743171152,0,1.0996978602757426,1.5710208190080013,0.005683025944303033,1673.5498099583326,16.735498099583328,0.0,151.6979995216174,149.60907300093405,46161.7279425049,158243.7767314636,10644.518612219741,9741.359589757401,21084.594257868117,5.027870174010043,5.0278701740100376,0.0,50000,19054.71092194251,9146.33990248821,1,0.0006349848764422169,0.0006527756802079716,0,1
162,2,1.472458882088181,1.4580680010510785,0,1.083625728608696,1.59993559995511,0.012617468326018892,2050.299299036322,20.502992990363218,0.0,152.6473428456519,149.65007898691476,46171.88299823473,158264.83192412142,10614.736833666071,9768.995409689434,21644.9584417212,5.557326369221074,5.557326369221075,0.0,50000,19064.96241843769,9149.415351436764,1,0.0007577928336732008,0.000726015945663738,0,1
163,2,1.4232377830923657,1.3947675923122136,0,1.1328052133622581,1.5637789448343333,0.010266490611181482,1446.8378988418046,14.468378988418047,0.0,150.01469746716398,149.6790157448916,46147.96528331215,158253.81447797373,10674.17592980154,9714.858060247168,22198.113678676822,4.9045656813041765,4.904565681304174,0.0,50000,19072.1966079319,9180.066686153392,1,0.0005214273319923092,0.0006380683473692423,0,1
164,2,1.3663792514961932,1.347997948977839,0,1.1721086083239842,1.5423364095946082,0.023837715446450577,1722.0640675062675,17.220640675062675,0.0,149.8909141706662,149.6790157448916,46096.458408698694,158196.64899560728,10819.274077977276,9584.959237449642,22079.338558304506,4.878848494903253,4.878848494903253,0.0,50000,19072.1966079319,9250.28803406531,1,0.0006239549479107247,0.0006343917045254115,0,1
165,2,1.3832696874903405,1.3847514403320942,0,1.140998993740769,1.568281420605727,0.0074168224014386835,1878.0734308475064,18.780734308475065,0.0,151.2275467760508,149.71657721350854,46081.156122554494,158189.87384977227,10843.182110126862,9564.001034382503,22524.135944069803,4.655298840792801,4.655298840792805,0.0,50000,19081.586975086135,9277.528018464744,1,0.0006670438983358984,0.0006041420594129774,0,1
166,2,1.4404581800782736,1.4561731569567424,0,1.0850357956755936,1.59777115824025,0.01124756850648734,1075.9923680678064,10.759923680678064,0.0,147.07136226559345,149.79775041975233,46253.343648415306,158354.94534719785,10725.473247959419,9669.46711708683,22480.21902771959,4.311974703185538,4.3119747031855375,0.0,50000,19101.88027664708,9277.528018464744,1,0.0003829117026808456,0.0005579701829758228,0,1
167,2,1.426426093230785,1.4222542794020445,0,1.110912459805905,1.5811611559284489,0.0007349088154739159,1473.148254446227,14.731482544462269,0.0,147.13663366790755,149.82721338484126,46261.02547819404,158370.2512547079,10721.978845697347,9672.708148203004,22255.380301173114,4.084759018799794,4.084759018799799,0.0,50000,19109.24601791931,9279.737740846413,1,0.0005295432329659449,0.0005264996113275629,0,1
168,2,1.4261071254509436,1.4406547293058385,0,1.0967235714842676,1.5575326856416283,0.014219819214159362,2448.222184114457,24.48222184114457,0.0,151.60983311881202,149.87617782852354,46362.20274687747,158472.04453968952,10642.998687765157,9744.935952040267,22686.821202322633,4.564949462119351,4.564949462119349,0.0,50000,19121.487128839883,9283.410074122585,1,0.0008633107872737367,0.0005919219076401757,0,1
169,2,1.4065699668218066,1.4070760920385703,0,1.1228959179534475,1.5543004939519793,0.01626551015697515,2365.4530603204926,23.654530603204925,0.0,153.64210051308117,149.87617782852354,46298.757791954275,158399.17314767308,10705.783168383849,9688.237978788393,22477.342058043676,5.687388932410893,5.687388932410887,0.0,50000,19121.487128839883,9372.103488242044,1,0.0008418977846089231,0.0007449172682828681,0,1
170,2,1.4568599915660025,1.4070760920385703,1,1.1228959179534475,1.62617627960259,0.029225493419360735,1590.1213981363649,15.901213981363648,0.0,149.25882676971239,149.9448673937277,46287.41062185173,158405.89997038213,10760.005286195785,9639.681384559513,22671.941084970564,5.754951522889148,5.754951522889154,0.0,50000,19138.659520140918,9395.919143868154,1,0.0005610887544835659,0.0007554324421220753,0,1
171,2,1.4991398192930974,1.5112921438288534,0,1.0454629877166406,1.5871985036945344,0.004556014996540722,2772.456918535104,27.72456918535104,0.0,152.70725294061666,150.23557309643468,46568.34688710333,158707.77161210237,10479.848590114038,9898.42057249457,22657.84127230868,6.0419119568988435,6.0419119568988435,0.0,50000,19211.335945817664,9395.919143868154,1,0.00097889534495891,0.0007939606280171329,0,1
172,2,1.4551716705498243,1.4550357557481888,0,1.085883967976824,1.5694771902992237,0.006660006139731865,1441.8339483854527,14.418339483854528,0.0,148.44638838573943,150.23557309643468,46513.3090041243,158659.55389881754,10577.640146555415,9807.267271978235,23190.671400817933,5.191237055683696,5.191237055683692,0.0,50000,19211.335945817664,9459.428347999286,1,0.0004973841156956239,0.0006791227383793665,0,1
173,2,1.4553616184429294,1.466394830915063,0,1.0774724287687545,1.5755220397523806,0.0028341520554553694,3785.539841760149,37.85539841760149,0.0,155.13708839321401,150.3112838932699,46532.643212694944,158691.1334531383,10597.467466169857,9789.229864017172,23250.272441894198,7.005330176686628,7.005330176686625,0.0,50000,19230.263645026465,9465.106657761926,1,0.0013025360803735138,0.0009262718470093492,0,1
174,2,1.4207610309947567,1.431582555834564,0,1.1036736886465577,1.559641977177724,0.012884824571060865,1580.464622230206,15.804646222302061,0.0,149.39651607382865,150.3112838932699,46522.46002603599,158686.79664247434,10671.655325776615,9721.379806991017,23634.902330406203,5.9122577033929415,5.912257703392944,0.0,50000,19230.263645026465,9486.889507725735,1,0.0005349595611222628,0.0007782932523971335,0,1
175,2,1.4331994163768258,1.455561157136585,0,1.085492005782989,1.5747806107258489,0.0033034109330071014,1376.1849835837888,13.76184983583789,0.0,142.16208719375592,150.33880759294158,46530.58581268207,158707.96314513107,10676.744055748808,9716.847696296549,23692.711830876047,5.820964607609993,5.820964607609987,0.0,50000,19237.144569944383,9488.95378520111,1,0.0004646779122313426,0.0007673911845757064,0,1
176,2,1.4139095114325027,1.3925385124913285,0,1.134618529991887,1.5821848925342694,0.0013828433761198385,1817.4817862819855,18.174817862819854,0.0,143.72216465037704,150.33880759294158,46439.855245959574,158623.8834449033,10774.83768361942,9628.865473875632,23685.54998481168,4.147681405361341,4.147681405361344,0.0,50000,19237.144569944383,9585.035746411284,1,0.0006138702415430311,0.0005378359049655455,0,1
177,2,1.4472532433808576,1.448206011436221,0,1.091005000340439,1.5953853953875743,0.009737592017452036,1473.6075690348443,14.736075690348443,0.0,142.93935896255437,150.41974427277623,46558.68887162347,158745.2509544186,10694.575030594146,9701.579595974192,24078.354688359217,4.032516618792016,4.032516618792016,0.0,50000,19257.378739903048,9585.035746411284,1,0.0004896040740681559,0.0005227174092808433,0,1
178,2,1.59481582114732,1.6055548512123137,0,0.9840834766915514,1.6714366665853537,0.057871307965413704,2758.137211966577,27.581372119665772,0.0,147.34814515289756,151.00356854481845,46923.251372301434,159120.65859771505,10428.32615520976,9950.278029014169,24302.17964908807,5.115764747146732,5.115764747146736,0.0,50000,19403.334807913605,9585.035746411284,1,0.000907947271164239,0.0006704738622584754,0,1
179,2,1.5136696303413746,1.4973282250935198,0,1.055212860828371,1.5936684598054642,0.008650923927508963,2636.5343742511145,26.365343742511147,0.0,149.73753415595823,151.05629923230347,46901.03068099157,159114.5648169032,10452.351310382692,9927.665096739405,24756.83261389481,5.6946186738583,5.694618673858298,0.0,50000,19416.51747978486,9621.314502349831,1,0.0008519779296068289,0.0007498430916130747,0,1
180,2,1.4663514688377857,1.4591636094351077,0,1.0828120916554878,1.5671800494869212,0.008113892729796726,1860.9197544227711,18.60919754422771,0.0,145.3656077412055,151.05629923230347,46858.14078012637,159076.93290724506,10531.210599574692,9853.657935718433,24672.557116140415,5.965802239188275,5.965802239188271,0.0,50000,19416.51747978486,9677.816701453681,1,0.0006033974494537936,0.0007877742167416205,0,1
181,2,1.3669230773174041,1.372007590388777,0,1.151597127500064,1.5100658786845076,0.04426210209841296,2115.1297539105176,21.151297539105176,0.0,145.37532237801054,151.05629923230347,46793.889369320466,158986.1626049575,10707.236173182893,9692.27132803073,23903.990471655066,5.485888977541321,5.48588897754132,0.0,50000,19416.51747978486,9784.831041610261,1,0.0007078750324699473,0.0007210834705101899,0,1
182,2,1.4506707876013878,1.467347677944134,0,1.0767727538259375,1.580980325555728,0.0006204592124860204,1417.5937865686035,14.175937865686036,0.0,142.27067006989807,151.08465110803485,46870.74183585937,159068.3845280452,10635.025528370743,9758.45215150252,24350.839997323674,4.537275322826443,4.537275322826442,0.0,50000,19423.605448717703,9786.957432290114,1,0.00046572316576328605,0.0005923318825623423,0,1
183,2,1.5435305703972044,1.553265017819397,0,1.017212118906879,1.6190056565019915,0.02468712436834898,1985.6346339101035,19.856346339101034,0.0,143.43075217114534,151.3243517021605,47120.22773885364,159319.05853445153,10433.756693911833,9947.354017240008,24527.02973950646,4.645165522260817,4.6451655222608235,0.0,50000,19483.53059724912,9786.957432290114,1,0.0006476559632369277,0.0006070847204900537,0,1
184,2,1.522701141963595,1.508066485621704,0,1.0476991664917488,1.6079121427171084,0.017665913112093853,1849.2300030151125,18.492300030151124,0.0,144.20278893916824,151.3613363022208,47131.318243670736,159338.8006741685,10468.881461586383,9914.085062944703,25040.96180259959,4.356992556239275,4.3569925562392715,0.0,50000,19492.776747264194,9789.731277294637,1,0.0005907856152148716,0.0005680549147383618,0,1
185,2,1.4477763227040876,1.4603324495542893,0,1.0819454162524669,1.5415472230110547,0.024337200625914768,1963.924700479245,19.639247004792452,0.0,144.66708458608906,151.3613363022208,47091.05070366099,159288.47835430168,10512.644977867103,9873.170448986551,24868.370526435676,4.76321013801951,4.763210138019511,0.0,50000,19492.776747264194,9855.27323236774,1,0.0006317823512856369,0.0006234079765791454,0,1
186,2,1.4332115330944173,1.4193899463869624,0,1.1131542843612978,1.5501614271852138,0.018885172667586266,1663.2262534934973,16.632262534934974,0.0,143.53099462630678,151.3613363022208,47043.91051357772,159238.44441175277,10595.58499136479,9796.214989738444,24810.276140813556,4.491075550333242,4.491075550333239,0.0,50000,19492.776747264194,9919.406358156184,1,0.0005363023753717748,0.0005862901139574277,0,1
187,2,1.4221713567302445,1.4518702559918757,0,1.0882515110970366,1.5481829969746415,0.02013734368693583,2482.430437626244,24.82430437626244,0.0,146.3696165434172,151.3613363022208,47048.73380208335,159234.01056102655,10630.054452833308,9764.839810826283,25306.614912640962,4.963015737432327,4.9630157374323245,0.0,50000,19492.776747264194,9939.615709357975,1,0.000784753060398051,0.0006509459290184876,0,1
188,2,1.427433925709279,1.421399566205944,0,1.1115804715048554,1.575054533961424,0.0031300417965671847,1778.564027901691,17.78564027901691,0.0,144.85636063681298,151.39690758277882,46998.35148417131,159200.26219515508,10702.361704241881,9699.29221652004,25325.019544116123,4.790478965043752,4.790478965043757,0.0,50000,19501.669567403704,9996.014716391748,1,0.0005618361793730304,0.000627630538380952,0,1
189,2,1.3460431297951958,1.3299229885388522,0,1.188038716238675,1.5074844109109893,0.04589594246139923,1419.0847606540397,14.190847606540396,0.0,141.1439212224431,151.39690758277882,46965.32649910561,159155.82899940002,10782.352074790562,9627.635833749113,25091.402791130273,4.58298867326088,4.582988673260883,0.0,50000,19501.669567403704,10054.511533003066,1,0.00045245290507414166,0.0005996807149484078,0,1
190,2,0.6237325100926552,0.612485347652888,0,2.579653547721159,0.7441069856501498,0.5290462116138293,1281.4232855017656,12.814232855017655,0.0,139.57845735773776,151.39690758277882,46943.39607323411,159018.37229387497,11128.982961448752,9328.643073089559,24642.412090081798,3.6871258925290467,3.687125892529043,0.0,50000,19501.669567403704,10202.390875719691,1,0.00041600579710052626,0.0004767649605158995,0,1
191,2,0.6172740852199328,0.612485347652888,1,2.579653547721159,0.7557482980698622,0.5216782923608467,453.85313512295556,4.5385313512295555,0.0,134.3816885362309,151.39690758277882,46916.70563330801,158958.20551318728,11274.456352232677,9208.660805390458,24682.412090081798,2.669918738459077,2.6699187384590815,0.0,50000,19501.669567403704,10269.936875451918,1,0.00014710171225293774,0.00033852013814253526,0,1
192,2,0.5995234245769817,0.5856350169196708,0,2.6979261047443863,0.7583816953559281,0.520011585217767,578.7009744323711,5.787009744323711,0.0,132.53089887625734,151.39690758277882,46889.24900337717,158883.48026381183,11460.361355558114,9059.758600251129,24257.482310649415,2.0340546572016613,2.034054657201658,0.0,50000,19501.669567403704,10350.000911768033,1,0.00019085277425623428,0.0002513200945365661,0,1
193,2,0.5874887566796974,0.5931185674617813,0,2.6638855815314035,0.7782714739433558,0.5074231177573697,944.3884019640368,9.443884019640368,0.0,134.0366926212215,151.39690758277882,46831.04718298778,158749.11013073305,11728.457622559315,8853.384991146911,23515.50469841039,1.8121893825432704,1.8121893825432722,0.0,50000,19501.669567403704,10488.762717958123,1,0.0003212819504666216,0.0002197454789919312,0,1
194,2,0.58729682444989,0.5878191708099032,0,2.6879014473499736,0.8011848338373349,0.49292099124219313,485.44642963499354,4.854464296349936,0.0,132.27152972911668,151.39690758277882,46779.924299508915,158667.2944692471,11902.081371483933,8724.646671526862,22995.140514557308,1.8671054521773274,1.8671054521773276,0.0,50000,19501.669567403704,10574.886202635058,1,0.00016888661474459852,0.00022700711315581812,0,1
195,2,0.6080803376451666,0.5878191708099032,1,2.6879014473499736,0.860402402745733,0.45544151724953613,762.4672327279982,7.624672327279982,0.0,132.29229084481614,151.39690758277882,46749.46495571626,158574.3324844546,12121.844080756018,8566.98565460246,23035.140514557308,2.0467154680518402,2.0467154680518385,0.0,50000,19501.669567403704,10672.402603243305,1,0.00026480141755459187,0.0002516566609219373,0,1
196,2,0.5966927828426826,0.603940459439334,0,2.616151932372253,0.8707298164789801,0.4489051794436835,560.9364694028308,5.609364694028308,0.0,131.621875306949,151.39690758277882,46683.33740564231,158476.95227422236,12310.520311715309,8436.139987421808,22686.914807855337,1.7483837900005161,1.7483837900005146,0.0,50000,19501.669567403704,10773.500079301319,1,0.0001978008818399959,0.0002104963047130621,0,1
197,2,0.6099605867472063,0.610299328603346,0,2.5888935575527974,0.9370115477109445,0.40695471663864274,1306.9708002882476,13.069708002882477,0.0,133.96183739463763,151.39690758277882,46651.68151162824,158332.42871957613,12631.423347251028,8222.5991933222,22686.914807855337,2.4626465039717944,2.462646503971791,0.0,50000,19501.669567403704,10922.988308824122,1,0.00046087211464670714,0.00030782480468043166,0,1
198,2,0.6447715168137402,0.6402226750898571,0,2.4678913469883623,1.0200166468120209,0.35441984378986024,680.8374398238202,6.808374398238202,0.0,132.41326742951955,151.39690758277882,46613.62141973847,158246.24299721973,12818.642401520463,8102.902565907291,22083.53967467759,2.4217845774403606,2.4217845774403606,0.0,50000,19501.669567403704,11013.799792392363,1,0.000246640692517065,0.0003017712296679227,0,1
199,2,0.6610961719463181,0.666215329694804,0,2.3716055899281163,1.0729709218266024,0.3209044798565808,601.3958678585035,6.013958678585035,0.0,130.1841488169605,151.39690758277882,46577.81527843015,158170.0190677051,12984.141375423442,7999.998867340619,21513.49613834754,2.4866642234405107,2.4866642234405107,0.0,50000,19501.669567403704,11094.53574908262,1,0.0002236348249456388,0.00031038254403647033,0,1
200,2,0.6581097512207772,0.6548863877085095,0,2.412632220878073,1.0993390675525043,0.3042157800300606,660.4288305659536,6.604288305659536,0.0,130.01165500280288,151.39690758277882,46535.23464674935,158083.6069070209,13172.817768943014,7885.792546330736,21513.49613834754,1.9625106332362072,1.9625106332362086,0.0,50000,19501.669567403704,11184.40285748855,1,0.0002455867986565875,0.00023862077203976376,0,1
201,2,0.6494043817217915,0.6431856844641963,0,2.456522335872904,1.1209482896887406,0.29053905715902495,1183.8157594202864,11.838157594202865,0.0,132.01423614097723,151.39690758277882,46509.20176400223,157957.45954905872,13391.07904240703,7757.9184393391615,21159.79297574461,2.458584480122188,2.4585844801221883,0.0,50000,19501.669567403704,11314.664547951652,1,0.0004475717737984639,0.0003055977991335634,0,1
202,2,0.616114497642977,0.612094001773672,0,2.58130286430126,1.102661720012538,0.3021128354351026,809.4625810289876,8.094625810289877,0.0,131.1757336146856,151.39690758277882,46469.49959164284,157860.74329568772,13635.861096019224,7619.065354883064,21199.79297574461,2.6558204424393237,2.6558204424393215,0.0,50000,19501.669567403704,11415.683268398887,1,0.00030546056065929353,0.0003328730443714483,0,1
203,2,0.6169773517478142,0.6169440228255407,0,2.5610103048956714,1.1344907374519748,0.2819678876886236,617.0618572685524,6.170618572685525,0.0,128.78642283006073,151.39690758277882,46441.73492078797,157789.86570219495,13821.903268491058,7516.854032551384,21239.79297574461,2.619243314295574,2.619243314295575,0.0,50000,19501.669567403704,11490.702524063112,1,0.0002324172775029301,0.00032848320398689586,0,1
204,2,0.6102932119831883,0.6049668333171361,0,2.6117134245799747,1.162573098013795,0.26419424176342093,907.1479050624233,9.071479050624234,0.0,129.50946293405548,151.39690758277882,46402.00067872817,157687.3291647792,14068.762001882094,7385.402230126068,20875.43857599063,2.381208334685655,2.3812083346856574,0.0,50000,19501.669567403704,11596.803965517842,1,0.0003476421927176207,0.00029517334362661477,0,1
205,2,0.6229587616527891,0.6215682175081051,0,2.541957512458232,1.2191805419277912,0.22836674561532203,908.8141972545111,9.088141972545111,0.0,130.05574420983518,151.39690758277882,46359.484576785384,157595.1475226618,14260.388061099395,7286.561244804423,20915.43857599063,2.4843036329196453,2.484303632919642,0.0,50000,19501.669567403704,11692.613246166036,1,0.0003476146843213749,0.0003092247181806419,0,1
206,2,0.6091367898074576,0.614879524346385,0,2.5696090655800177,1.220746093839396,0.22737588997506591,705.7293188070257,7.057293188070258,0.0,128.66398459808804,151.39690758277882,46337.74206114167,157532.3093766231,14430.784799283183,7200.778254707312,20955.43857599063,2.5714885620944594,2.5714885620944616,0.0,50000,19501.669567403704,11759.129957926289,1,0.0002694209682122728,0.0003215592817504228,0,1
207,2,0.6373361273081415,0.6470292549173822,0,2.4419297705507104,1.2971649743221036,0.17900950992271925,475.7288272389658,4.7572882723896575,0.0,126.47624879793463,151.39690758277882,46290.111083429976,157482.4262571899,14543.026303494325,7145.42579169883,20995.43857599063,2.162417827051883,2.162417827051884,0.0,50000,19501.669567403704,11812.066889997901,1,0.0001812694030723364,0.0002661016852019947,0,1
208,2,0.6386627673522564,0.6467011233558029,0,2.443168788390543,1.3246692308969306,0.16160175259687942,605.1297393958728,6.051297393958728,0.0,126.28308288908262,151.39690758277882,46242.43356833591,157427.58393293928,14681.334480760808,7078.311694126121,20563.08843375939,1.8936998406711218,1.8936998406711247,0.0,50000,19501.669567403704,11869.475444296713,1,0.0002354236782456872,0.00022870468317676544,0,1
209,2,0.6329152184644177,0.6467011233558029,1,2.443168788390543,1.3375345453045027,0.15345914854145404,451.711449993863,4.51711449993863,0.0,125.56181199187819,151.39690758277882,46178.55581317642,157375.09309873867,14819.496167162148,7012.517685692149,19609.466424182006,1.6960891326949334,1.6960891326949323,0.0,50000,19501.669567403704,11924.118624709983,1,0.00018428301524281004,0.00020032536552027787,0,1
210,2,0.6039567364808559,0.5988786302120847,0,2.638264116120598,1.3151269836941555,0.16764114956066112,954.944047041641,9.54944047041641,0.0,127.06758459754472,151.39690758277882,46142.37976521877,157303.39027429753,15043.343492757072,6908.480134842251,19649.466424182006,2.203381708578699,2.2033817085786978,0.0,50000,19501.669567403704,11998.535671305812,1,0.0003887918486647231,0.00026949951405107344,0,1
211,2,0.5632120214355008,0.5718569726915612,0,2.762928626302148,1.2615551765455228,0.20154735661675774,891.7031754071618,8.917031754071617,0.0,127.82591802987287,151.39690758277882,46091.658418887964,157219.17755735212,15257.78434177794,6811.725496851144,18831.989885276816,2.5639886640935865,2.563988664093588,0.0,50000,19501.669567403704,12085.69305359808,1,0.0003788035914799683,0.00031729281846250046,0,1
212,2,0.5362324862934268,0.541142297718838,0,2.919749586495866,1.2306365916769977,0.22111608121709012,690.8872601431519,6.908872601431519,0.0,126.48182609704415,151.39690758277882,46056.88552495627,157153.79811259895,15444.429432869112,6729.691649169237,18499.631034044934,2.8443679474823034,2.8443679474823016,0.0,50000,19501.669567403704,12154.209076348949,1,0.00029876801710118856,0.00035545448574862665,0,1
213,2,0.5383404045041426,0.5347908891578058,0,2.9544257990037943,1.2493897150285689,0.20924701580470328,329.8158616525454,3.2981586165254537,0.0,123.75304853441739,151.39690758277882,46038.84684642623,157125.23922999276,15531.316824162772,6692.175612643484,17796.50903855346,2.2633388837633954,2.263338883763394,0.0,50000,19501.669567403704,12185.145389154659,1,0.00014826092507830562,0.0002752775112198208,0,1
214,2,0.560070000549489,0.554991913759056,0,2.846888325450343,1.3282432252381817,0.15933973086191033,749.5114591026611,7.495114591026611,0.0,124.59959663035956,151.39690758277882,45996.53507215368,157067.02123791628,15700.464215441843,6620.292755638119,17384.34297305171,2.1886676553835973,2.1886676553835978,0.0,50000,19501.669567403704,12245.55428161533,1,0.00034491333276823367,0.0002639807583159093,0,1
215,2,0.5547417584716532,0.5582366935264909,0,2.8303406392346404,1.340375113185303,0.1516613207687956,845.9216004711296,8.459216004711296,0.0,125.63319319863476,151.39690758277882,45973.54257769106,157014.31589836942,15847.848919702936,6558.957631507219,17450.68455815265,2.4064791090929445,2.4064791090929476,0.0,50000,19501.669567403704,12300.63295264015,1,0.0003877998471187447,0.00029365803498842803,0,1
216,2,0.5574461990666479,0.555021700170512,0,2.8467355411772144,1.3563088446961173,0.14157668057207767,488.9039865526114,4.889039865526114,0.0,123.79379994140281,151.39690758277882,45957.458375842805,156986.4579188052,15903.238272246732,6536.269200324683,16631.111863399994,2.6268840682794714,2.626884068279472,0.0,50000,19501.669567403704,12330.948457782173,1,0.0002351756108999736,0.000322629596928984,0,1
217,2,0.5638330977266366,0.555021700170512,1,2.8467355411772144,1.3804737272576202,0.1262824511027721,542.8172555236804,5.428172555236804,0.0,122.84929833488295,151.39690758277882,45955.028453756015,156964.3082557557,15953.30763010265,6515.881238780101,16809.375919864717,2.411290692915524,2.4112906929155233,0.0,50000,19501.669567403704,12355.362360999725,1,0.0002583402301722331,0.0002937718960636505,0,1
218,2,0.5995933381310135,0.6010251132235325,0,2.628841899011246,1.4843372188228536,0.06054606403616863,704.6440374313075,7.046440374313075,0.0,123.43221682124799,151.39690758277882,45915.854698387826,156934.4928303037,16041.8647003311,6480.06065167966,16763.99674907196,2.2878815102836287,2.2878815102836314,0.0,50000,19501.669567403704,12387.293975833518,1,0.0003362654135424196,0.0002765937515382088,0,1
219,3,0.6343458413032108,0.6010251132235325,1,2.628841899011246,1.7963678526215745,0.1369416788744142,616.8464949771476,6.168464949771476,0.0,206.9860993923217,155.27321489516035,43596.10309440233,156924.66211439617,18343.45146635464,6477.566460481869,16115.942310770826,2.66076103499135,2.6607610349913524,80.57971155385414,49919.42028844615,19504.75379987859,12400.309651649837,1,0.00030620436985053656,0.0003002700045217298,1,1
220,3,0.6362619666125388,0.6010251132235325,1,2.628841899011246,1.7493618552265608,0.10719104761174732,925.359543805579,9.253595438055791,0.0,207.75886815476474,155.52700327094945,43850.753775394915,157029.27098544105,18075.00512028177,6574.076295308702,15788.409545356915,3.1845871540797925,3.184587154079791,80.57971155385414,49919.42028844615,19568.200893825866,12400.309651649837,1,0.00046888043594116703,0.0003704500731113744,1,1
221,3,0.6104435752654251,0.6173812261643428,0,2.5591967054395246,1.6490828452840287,0.043723319800018125,630.5170237192825,6.305170237192826,0.0,206.27601475307586,155.60645258504715,44031.560071473374,157100.15495858993,17916.85364410026,6632.309727367371,15948.572501725386,3.127726952607785,3.127726952607781,80.57971155385414,49919.42028844615,19588.06322235029,12400.309651649837,1,0.0003162750891472302,0.00036378663164631127,1,1
222,3,0.5911643900332707,0.5985388855005914,0,2.6397616567193594,1.5725616512339082,0.004707815674741671,952.1328058093748,9.521328058093747,0.0,206.59904102192965,155.62549524116335,44132.456146420416,157139.40812505264,17779.47104356809,6683.738056525804,16037.54119458719,3.53646249040272,3.536462490402718,80.57971155385414,49919.42028844615,19592.823886379338,12401.737850858552,1,0.00047495201128747985,0.00042003584545862566,1,1
223,3,0.5961027649429175,0.6001750497778772,0,2.6325652833864934,1.5820313166222073,0.0012856434317767313,685.9025177808905,6.859025177808905,0.0,205.3265641142095,155.63921329151896,44136.33378758792,157142.2861483845,17758.9819829329,6691.509928640533,16071.991079586436,3.2223990960498083,3.222399096049813,80.57971155385414,49919.42028844615,19596.25339896824,12402.766704635224,1,0.00034141508137200394,0.0003775473939355713,1,1
224,3,0.6012393100351233,0.6041315401194833,0,2.615324470044243,1.5826413509263944,0.0016717410926546084,543.7072339943625,5.437072339943625,0.0,202.97865482341317,155.65008743619885,44216.6025236832,157174.44176986787,17686.536588306342,6719.046642525664,16505.59940801373,3.076601406027945,3.076601406027942,80.57971155385414,49919.42028844615,19598.971935138212,12403.582265486215,1,0.0002635261988633428,0.00035996443050760883,1,1
225,3,0.5841100458103008,0.6041315401194833,1,2.615324470044243,1.5362689557753875,0.027677876091526964,673.3824417004938,6.733824417004938,0.0,202.48585975808874,155.65008743619885,44218.40546257513,157170.7358954914,17679.250624389628,6721.888021809271,16882.37861878882,2.686262952571554,2.6862629525715542,80.57971155385414,49919.42028844615,19598.971935138212,12409.645491968893,1,0.000319093633382239,0.0003080116378725286,1,1
226,3,0.5794995387967179,0.6041315401194833,1,2.615324470044243,1.5257545651303084,0.03433255371499474,1040.2279408039135,10.402279408039135,0.0,203.82354906938153,155.65008743619885,44221.529847951235,157161.4115809689,17688.691690548607,6718.373263208813,16323.990733072254,3.113943607698852,3.1139436076988543,80.57971155385414,49919.42028844615,19598.971935138212,12421.606099402597,1,0.0005097909979556268,0.00036413694340040287,1,1
227,3,0.5884366213409944,0.5840093179328016,0,2.70543628583303,1.5552223702075358,0.015682044172445713,742.6410448989989,7.426410448989989,0.0,202.50857039923417,155.65008743619885,44196.762059333865,157149.63703762664,17722.66417611012,6705.577818791065,16743.260434080996,3.3218542724400772,3.3218542724400764,80.57971155385414,49919.42028844615,19598.971935138212,12436.259150467018,1,0.00035483700337711965,0.0003945738782383285,1,1
228,3,0.5724618011511544,0.5736779534528121,0,2.754158479492559,1.521643356995802,0.036934584179872124,654.8325150361347,6.5483251503613475,0.0,200.39085658611228,155.65008743619885,44157.50579287993,157128.13815366372,17773.386642709887,6686.576643116539,17082.688312060076,3.2783142865556467,3.278314286555643,80.57971155385414,49919.42028844615,19598.971935138212,12460.64134941561,1,0.0003066648541840266,0.0003904309518389243,1,1
229,3,0.559563098668539,0.5736779534528121,1,2.754158479492559,1.4974448548785035,0.052250091849048434,702.0618691842411,7.020618691842412,0.0,199.7232754993952,155.65008743619885,44128.040332391014,157105.95526045604,17833.70029213313,6664.072178472112,17048.625834013492,2.838885787532425,2.838885787532423,80.57971155385414,49919.42028844615,19598.971935138212,12485.297121969246,1,0.00032943974535874516,0.00033031386763996383,1,1
230,3,0.5949991826982414,0.593012011020817,0,2.664364246653574,1.5960006732677379,0.010127008397302403,643.0404767639596,6.430404767639597,0.0,198.8468408661874,155.66294824573413,44131.588201559,157108.49529150742,17854.584433397973,6656.302420936631,17106.998306171477,2.703858866702576,2.7038588667025776,80.57971155385414,49919.42028844615,19602.187137522033,12486.261682684391,1,0.0003007145801993693,0.00031227305991404704,1,1
231,3,0.5797313230623771,0.587108120458806,0,2.6911567817615625,1.5537595824670227,0.016607859198086928,562.1600084296231,5.621600084296231,0.0,197.5331918519932,155.67419144590272,44134.7736464593,157110.91126248977,17847.228952322344,6659.072465444693,17125.691182849216,2.5933819688388544,2.5933819688388517,80.57971155385414,49919.42028844615,19604.99793756418,12487.104922697035,1,0.0002626042954658002,0.00029758620700797155,1,1
232,3,0.577238738741288,0.5727185131992316,0,2.7587723525367607,1.5545447378229422,0.016110925428517622,657.816802912026,6.57816802912026,0.0,197.23856244108924,155.67419144590272,44099.52615984442,157095.06686758396,17890.356810732257,6643.106981611301,16736.08179512567,2.5660467435482137,2.5660467435482137,80.57971155385414,49919.42028844615,19604.99793756418,12505.129113846802,1,0.000314442441648971,0.0002925871057713802,1,1
233,3,0.5793383465980299,0.5852890361123195,0,2.6995209247295575,1.5557657007490067,0.015338164082907219,1081.9496928368449,10.81949692836845,0.0,198.78586125301769,155.69583043975945,44106.68049685671,157097.93955100045,17865.056718834418,6652.616403862549,16138.86986882744,3.158770412904884,3.1587704129048815,80.57971155385414,49919.42028844615,19610.407686028364,12506.752038386057,1,0.0005363199290312902,0.00037112222204868715,1,1
234,3,0.57956875761353,0.5777670062282784,0,2.7346663671821627,1.5649349200680942,0.009534860716396119,301.2318122267252,3.012318122267252,0.0,194.85416381197996,155.701855076004,44065.04142786843,157084.27153127658,17914.161353115247,6634.453679812799,16552.920492279834,2.8541078810296203,2.8541078810296217,80.57971155385414,49919.42028844615,19611.913845089497,12523.341295109069,1,0.00014558485307397816,0.00033211574125141313,1,1
235,3,0.6090986287772541,0.609916498139284,0,2.590518546096424,1.6006198774600806,0.013050555354481352,784.6738906581222,7.846738906581223,0.0,194.5785931615478,155.76124589886186,44289.0198227657,157173.39927101444,17673.054431915105,6725.290228100227,17054.88483384567,2.9713658303735997,2.9713658303735997,80.57971155385414,49919.42028844615,19626.76155080396,12523.341295109069,1,0.00036806998032653984,0.0003499915874772694,1,1
236,3,0.6048575237220705,0.6102034455782784,0,2.5893003578546883,1.5778122527598764,0.0013846501519770356,773.3484887957092,7.733484887957092,0.0,195.03980129489602,155.77671286863776,44389.72840634797,157212.79128232383,17608.290988879442,6750.174024749535,17670.28513058495,2.504738487427074,2.5047384874270753,80.57971155385414,49919.42028844615,19630.628293247937,12524.501317842261,1,0.0003501238301841068,0.00028792622119487495,1,1
237,3,0.6129950513259703,0.6066784060215981,0,2.6043452087921377,1.5981127647933115,0.011463775185640174,1072.340313300234,10.72340313300234,0.0,195.80803756218586,155.79815967490376,44396.830603958886,157216.27283856555,17603.263816955936,6752.160326042508,18189.344849050805,3.288170860101646,3.288170860101648,80.57971155385414,49919.42028844615,19635.989994814438,12526.109828312212,1,0.000471634496876865,0.0003966094357958372,1,1
238,3,0.591157049275802,0.5895566995352696,0,2.67997972246854,1.547151163947978,0.020790402564570914,599.6259190677862,5.996259190677862,0.0,193.23184455840848,155.79815967490376,44353.58121533257,157197.0225701354,17637.477861686366,6739.1730118831365,18594.77943088587,3.0066515817448742,3.0066515817448716,80.57971155385414,49919.42028844615,19635.989994814438,12548.284385207742,1,0.00025797602872204426,0.000359911451927672,1,1
239,3,0.5715269067505019,0.5793053909211948,0,2.727404275467779,1.5053268937240678,0.04726145966831156,824.4687644447691,8.24468764444769,0.0,192.81589427365014,155.79815967490376,44309.605671877,157167.82221611563,17693.912314833586,6717.841165113151,17504.39803135431,3.0943363533649135,3.0943363533649095,80.57971155385414,49919.42028844615,19635.989994814438,12580.296105462348,1,0.0003768053093710325,0.0003688052783233139,1,1
240,3,0.6000692417764272,0.6045026562301353,0,2.6137188707380816,1.5753792373973987,0.0029245332927856694,907.1023713967434,9.071023713967433,0.0,193.3785775443189,155.8163017223317,44315.06166927978,157170.7979367451,17665.30643250475,6728.796968413613,17437.399575824675,2.9620808931744205,2.9620808931744174,80.57971155385414,49919.42028844615,19640.52550667142,12581.656759019443,1,0.00041616405815663295,0.00035031513208323657,1,1
241,3,0.5955860170541721,0.6070708588153504,0,2.6026615790506598,1.5652133469028944,0.009358641200699807,441.281270257178,4.41281270257178,0.0,190.34055816386626,155.82512734773684,44317.005130970356,157173.51789438492,17674.4166139209,6725.367768982044,17570.025613480775,2.813889079834912,2.8138890798349108,80.57971155385414,49919.42028844615,19642.731913022704,12582.31868092483,1,0.00020092458825721944,0.0003312979852616283,1,1
242,3,0.559911063142885,0.5606367819900948,0,2.818223938842306,1.4826904005302222,0.06158835409479614,849.6606323568196,8.496606323568196,0.0,190.84711110219246,155.82512734773684,44273.49510545211,157139.64612255548,17741.978238056523,6699.935397150816,16730.944961909536,2.906522734565155,2.9065227345651525,80.57971155385414,49919.42028844615,19642.731913022704,12618.69928433947,1,0.0004062702420173863,0.00034111962947707954,1,1
243,3,0.5656981092062328,0.5682653650675226,0,2.7803911642798447,1.5094230547671643,0.04466895267900997,570.5775899725272,5.705775899725272,0.0,189.74598827621816,155.82512734773684,44228.54425949534,157115.17229939695,17809.55374557676,6674.6236900652375,17163.338329595517,2.5281755349668655,2.5281755349668678,80.57971155385414,49919.42028844615,19642.731913022704,12645.397474070043,1,0.0002659517998261001,0.00029104887670023527,1,1
244,3,0.5637816166889029,0.5541132466622932,0,2.851402686214679,1.5146113535758263,0.04138521925580617,836.423213362722,8.36423213362722,0.0,189.8563407226447,155.82512734773684,44197.24132530479,157092.604411669,17870.591030131396,6651.944525813495,17038.843095524822,2.99804689699329,2.9980468969932925,80.57971155385414,49919.42028844615,19642.731913022704,12670.563882485847,1,0.0003927136173147366,0.00035497855305274107,1,1
245,3,0.5659965618335738,0.5634756617180073,0,2.80402527978345,1.5330135414214545,0.029738264923130097,1047.8113067015834,10.478113067015833,0.0,190.85530170828883,155.82512734773684,44169.44441451387,157072.24255105955,17943.806406585827,6624.946523902048,17511.167658059072,3.165390283340428,3.165390283340426,80.57971155385414,49919.42028844615,19642.731913022704,12693.721055497896,1,0.0004786939750276925,0.00037911979738950975,1,1
246,3,0.5733895304692446,0.5758380102354105,0,2.743827208200574,1.5599596413480423,0.012683771298707434,392.1712379729528,3.9217123797295277,0.0,186.98660496009026,155.8329707724963,44133.570296503814,157060.92115193547,17983.843670882092,6610.265679417488,17905.875776535242,2.927940955022839,2.9279409550228377,80.57971155385414,49919.42028844615,19644.69276921257,12708.361753613373,1,0.00017521454649512252,0.0003488740462791839,1,1
247,3,0.5831701918762013,0.5919809360675504,0,2.6690048677846403,1.5696182083207437,0.006570754227377434,417.39885860992854,4.173988586099285,0.0,184.55492924618227,155.84131874966852,44236.92792021685,157100.57308665014,17887.709223518534,6645.933874114028,18032.45746682838,2.4153368045186157,2.415336804518616,80.57971155385414,49919.42028844615,19646.77976350562,12708.98785190129,1,0.00018517669458098206,0.000279695072034599,1,1
248,3,0.5701669117548891,0.5710433826168075,0,2.7668650895832934,1.5377953864132354,0.026711780751116857,795.2871446222888,7.952871446222888,0.0,185.60751023702173,155.84131874966852,44218.92092748697,157087.47985876692,17906.364911762186,6639.125642266708,18523.25436407577,2.0784829947390184,2.0784829947390167,80.57971155385414,49919.42028844615,19646.77976350562,12724.030016031642,1,0.0003434762073622133,0.00023462248281277262,1,1
249,3,0.5534431191534142,0.5518386698280668,0,2.863155640202365,1.5012768724459227,0.04982476427473253,810.0196590661312,8.100196590661312,0.0,186.05726494409708,155.84131874966852,44193.25767423682,157065.2087466513,17957.94006449691,6620.163505664898,18814.617908627468,2.48542837779084,2.4854283777908415,80.57971155385414,49919.42028844615,19646.77976350562,12748.656290898192,1,0.00034442141232948265,0.00029102477142422595,1,1
250,3,0.5656046551073787,0.5677241328090863,0,2.7830418132521433,1.5339714518221528,0.02913199251762487,913.089719322816,9.13089719322816,0.0,186.05562121474247,155.84131874966852,44158.26437431931,157044.02431148753,17956.433520287905,6620.880966289664,19168.97769622553,2.955425861647569,2.9554258616475675,80.57971155385414,49919.42028844615,19646.77976350562,12772.69570558215,1,0.00038106976127479477,0.00035632246032216353,1,1
251,3,0.5386462188338852,0.5398950378645374,0,2.9264947613695806,1.4705549035861314,0.06926904836320802,1328.7224232850958,13.287224232850958,0.0,187.59034716131396,155.84131874966852,44114.90358590763,156995.025000936,18016.34585069282,6599.166441194249,19444.668487746178,3.4477173147292337,3.4477173147292364,80.57971155385414,49919.42028844615,19646.77976350562,12825.048856130863,1,0.0005466680696037343,0.0004240530810693372,1,1
252,3,0.5387894261683106,0.538071435356738,0,2.9364130785951685,1.4889069664523127,0.05765381870106796,844.0974140015709,8.440974140015708,0.0,185.45227797148598,155.84131874966852,44074.77287772142,156965.22476666665,18126.172191677724,6559.301644650359,19796.24605702998,3.4294737055563194,3.4294737055563194,80.57971155385414,49919.42028844615,19646.77976350562,12858.21075715949,1,0.0003411141330815365,0.0004229506546533552,1,1
253,3,0.5299382297502411,0.5336854548658458,0,2.9605453654290983,1.4763350313084844,0.06561073967817446,715.7128310402513,7.157128310402514,0.0,182.81752755974625,155.84131874966852,44027.30413821913,156933.6251570958,18199.822964647996,6532.922242659998,19872.074152034806,3.197171494856114,3.1971714948561125,80.57971155385414,49919.42028844615,19646.77976350562,12892.9319566972,1,0.00028812808388880364,0.00039197009552469146,1,1
254,3,0.5303225036524766,0.5306766335609296,0,2.977331014930757,1.498427204651415,0.05162835148644618,979.0345805651197,9.790345805651198,0.0,183.34303958840314,155.84131874966852,43973.021577537686,156896.8501738762,18329.04037975699,6487.003541824601,20238.587909335958,2.8035057378299366,2.803505737829936,80.57971155385414,49919.42028844615,19646.77976350562,12932.450613892912,1,0.0003869971897055115,0.0003387464688919505,1,1
255,3,0.5272661990598644,0.5233906590768826,0,3.018777604450729,1.500740259949218,0.05016439243720391,540.0604636048164,5.400604636048164,0.0,181.06786561649278,155.84131874966852,43931.932611513264,156874.62034957178,18396.41525910106,6463.348927762709,20029.444179330047,2.4976540217633856,2.497654021763385,80.57971155385414,49919.42028844615,19646.77976350562,12957.086272577733,1,0.00021570662022150254,0.0002969439646052726,1,1
256,3,0.5221394809940276,0.532376691278043,0,2.967823396262887,1.4979097816420521,0.051955834403764514,876.1489864136643,8.761489864136642,0.0,181.27361366910787,155.84131874966852,43891.14149257498,156845.3350313286,18469.251634939093,6437.9881760593635,19898.288023433335,2.6562387601160244,2.656238760116023,80.57971155385414,49919.42028844615,19646.77976350562,12988.889244460757,1,0.0003522510018477418,0.00031831827059158527,1,1
257,3,0.5609142158090034,0.5615106250897403,0,2.8138381170391664,1.5920125876405664,0.0076029035699786965,1074.8259166176479,10.74825916617648,0.0,182.42347093327677,155.86281526800087,43973.61502397265,156875.47144661465,18370.843235907963,6472.604053144535,20085.702337453607,2.755232607581946,2.755232607581948,80.57971155385414,49919.42028844615,19652.153893088707,12990.501483335684,1,0.00042809592557325945,0.00033201784921416794,1,1
258,3,0.5631305422597499,0.568247922813912,0,2.7804765078171934,1.579648187059201,0.0002226664182272862,512.0479290413697,5.120479290413697,0.0,179.24554333156436,155.8730562265817,44098.48051614062,156921.52325014657,18263.524085775887,6510.784050684023,20189.006435844738,2.716632263783578,2.716632263783579,80.57971155385414,49919.42028844615,19654.714132733916,12991.269555229246,1,0.00020290168539735567,0.000327749537606119,1,1
259,3,0.5670346815288002,0.5665516505512702,0,2.788801336052268,1.5891954360164362,0.00581989621293426,600.7498839786392,6.007498839786392,0.0,177.49278362415356,155.88507122426128,44102.02596967539,156924.08630297676,18255.49979890992,6513.674328546777,20726.2485473409,2.4122424584493714,2.4122424584493714,80.57971155385414,49919.42028844615,19657.717882153807,12992.170680055215,1,0.00023187983396279912,0.00028762581497780476,1,1
260,3,0.5606037495075468,0.5678080017356686,0,2.7826307399160903,1.5748226454692682,0.003276806665020171,669.0441012884843,6.690441012884843,0.0,177.4159932106084,155.89845210628704,44105.9476230818,156926.27104067625,18276.730511579735,6506.131774906921,21323.890310945062,1.972423558064306,1.9724235580643033,80.57971155385414,49919.42028844615,19661.06310266025,12993.174246207147,1,0.00025100264221302224,0.00022859472052439233,1,1
261,3,0.5364542421466917,0.5305387727720557,0,2.9781046760155303,1.5131707649978015,0.042296984178606715,962.5272123308811,9.625272123308811,0.0,178.34753202309977,155.89845210628704,44076.21247688749,156902.22927886047,18314.433652324093,6492.892839703828,21704.24695551972,2.338237120390669,2.338237120390667,80.57971155385414,49919.42028844615,19661.06310266025,13019.673400241749,1,0.0003547793072216572,0.0002792205944658262,1,1
262,3,0.5220641013002613,0.5305387727720557,1,2.9781046760155303,1.4975154882323587,0.05220538719470973,1223.8851835433527,12.238851835433527,0.0,179.67795755726294,155.89845210628704,44028.09987767638,156862.4922609403,18469.07233248613,6438.69110194659,21963.936228092818,2.857392055268016,2.8573920552680168,80.57971155385414,49919.42028844615,19661.06310266025,13062.39872662414,1,0.00044577990787569345,0.0003505206191034577,1,1
263,3,0.5181429096522213,0.5159850161140896,0,3.062104422913408,1.5027091777868637,0.048918241907048306,814.0115193069851,8.140115193069851,0.0,177.5780109650738,155.89845210628704,43995.71565632658,156839.18223833223,18571.09931278072,6403.42361356721,22289.128122166516,2.9497574232053982,2.949757423205399,80.57971155385414,49919.42028844615,19661.06310266025,13088.810745530225,1,0.00029216450812984525,0.000364241241075732,1,1
264,3,0.5425575518239439,0.5506875997371612,0,2.8691403270277402,1.5721973199139463,0.004938405117755558,592.6596196712477,5.926596196712477,0.0,174.55478494593066,155.91030529868047,43998.59155471933,156842.04903871074,18563.358478748672,6406.123584036768,22729.498219994144,2.583555298239358,2.5835552982393555,80.57971155385414,49919.42028844615,19664.026400758605,13089.699734959731,1,0.00020859576007706534,0.0003155133920275347,1,1
265,3,0.5246817599210677,0.5506875997371612,1,2.8691403270277402,1.5137430394244733,0.04193478517438403,973.3795919554819,9.73379591955482,0.0,175.3106930464219,155.91030529868047,44088.35508650511,156863.9118791713,18522.888095536655,6420.258439954377,23169.489602553007,2.3125112458597408,2.312511245859741,80.57971155385414,49919.42028844615,19664.026400758605,13100.421045247367,1,0.0003360901284068776,0.00027895013220459604,1,1
266,3,0.5230400884150624,0.5211834647186265,0,3.031562025577694,1.5131142511083726,0.04233275246305535,970.5062117077719,9.705062117077718,0.0,175.81518899933246,155.91030529868047,44061.206719337206,156841.16904030732,18548.286500726503,6411.609304572637,23490.503848685625,2.4028494316418594,2.40284943164186,80.57971155385414,49919.42028844615,19664.026400758605,13125.829699773083,1,0.0003305186531406222,0.0002917348472081884,1,1
267,3,0.5173282173738916,0.5066975799093099,0,3.118230800081565,1.5150030154301182,0.041137332006254364,1150.1532895910718,11.501532895910719,0.0,176.35135838987338,155.91030529868047,44025.28721648659,156812.70103319973,18662.210062177805,6372.586566095105,23812.048162206775,2.8326649809339988,2.8326649809339988,80.57971155385414,49919.42028844615,19664.026400758605,13157.445028762084,1,0.0003864105369706196,0.00035100643950603986,1,1
268,3,0.535716583474097,0.538331852973274,0,2.9349925910448413,1.573013076173548,0.004422103687627951,1115.2460020570252,11.152460020570253,0.0,176.14789731597654,155.9326102187216,44032.04430233311,156816.1226221936,18686.97243343976,6364.168981906475,24372.774575008734,2.899074969117465,2.8990749691174673,80.57971155385414,49919.42028844615,19669.602630768888,13159.117897765169,1,0.0003660628784383284,0.00036099735618319004,1,1
269,3,0.5374342321542732,0.538331852973274,1,2.9349925910448413,1.5646437787999454,0.009719127341806735,1439.2305250401594,14.392305250401593,0.0,177.309526016456,155.9613948292224,44007.0553303142,156808.97952114962,18607.653203951555,6391.480250877827,24139.867469332698,3.2597265122088372,3.259726512208841,80.57971155385414,49919.42028844615,19676.79878339409,13172.28309558959,1,0.00047696385305132555,0.0004098124228200911,1,1
270,3,0.5324758336407867,0.5299769982594582,0,2.981261460759637,1.5585417852911891,0.013581148549880335,616.2920465164143,6.162920465164143,0.0,173.13081672275882,155.9613948292224,43960.881877314045,156792.05849285616,18657.73004507068,6374.413861311778,24503.343539334222,2.79887228455874,2.7988722845587395,80.57971155385414,49919.42028844615,19676.79878339409,13192.413475338939,1,0.00020121075983842146,0.00034807916377602513,1,1
271,3,0.521263810686228,0.5195552166662023,0,3.041062719258769,1.5397934211569093,0.02544720179942453,742.4412834231666,7.424412834231666,0.0,170.96853454209185,155.9613948292224,43914.68641365925,156771.03080932732,18743.68455072643,6345.2696322545235,24885.977918762073,2.481745700485286,2.4817457004852854,80.57971155385414,49919.42028844615,19676.79878339409,13216.302209487289,1,0.00023866975558583107,0.00030561478949185937,1,1
272,3,0.5098061526346058,0.5052262215905642,0,3.1273119495377926,1.5090890163970847,0.044880369368933776,578.406537953503,5.784065379535029,0.0,169.8539951540114,155.9613948292224,43884.592619250856,156753.20753682614,18763.4050384396,6338.724375457689,24772.33277939572,1.7751669573321618,1.7751669573321642,80.57971155385414,49919.42028844615,19676.79878339409,13236.157436367173,1,0.0001867911409407805,0.00020889055212167768,1,1
273,3,0.5168046161501031,0.5213465021941895,0,3.030613983886453,1.5437739303187004,0.022927892203354245,701.3509950159226,7.013509950159227,0.0,169.58563771051632,155.9613948292224,43839.63904437597,156733.18030091954,18849.003029948846,6310.024793393057,24739.393841879428,1.8373628782673526,1.8373628782673495,80.57971155385414,49919.42028844615,19676.79878339409,13258.264648442953,1,0.00022679650099709695,0.00021741913250790284,1,1
274,3,0.49760745077830115,0.5014393801696159,0,3.1509292299012346,1.5006797303073514,0.05020270233711944,1437.7712358132917,14.377712358132918,0.0,172.32267635985025,155.9613948292224,43815.47233278358,156698.98006259624,18939.406613596213,6280.0807220306215,25046.702840085913,2.3749755774736796,2.3749755774736774,80.57971155385414,49919.42028844615,19676.79878339409,13295.156603763475,1,0.00045922890369816367,0.000290938848545347,1,1
275,3,0.38776697865335186,0.3843978783108426,0,4.110324455855441,1.200807497675732,0.23999525463561275,843.4471791459536,8.434471791459536,0.0,170.64235774900794,155.9613948292224,43804.145115007756,156626.7636688259,19192.39411277577,6197.6434129870295,25086.702840085913,2.572099617719989,2.572099617719988,80.57971155385414,49919.42028844615,19676.79878339409,13370.22347422692,1,0.00026897027784718324,0.00031833189418081466,1,1
276,3,0.39324699203227886,0.3959474140556946,0,3.990428890079213,1.260522694124345,0.20220082650357912,1021.4498784335449,10.214498784335449,0.0,169.64596847873457,155.9613948292224,43770.46931175813,156544.4262022945,19526.827567820852,6091.811151653128,25126.702840085913,2.809743777783665,2.809743777783664,80.57971155385414,49919.42028844615,19676.79878339409,13455.572856637496,1,0.000325215730829267,0.0003511383041248713,1,1
277,3,0.38728491848150515,0.38760271244891237,0,4.07633886258794,1.2712149729354565,0.1954335614332554,1093.8075744168918,10.938075744168918,0.0,170.1909807308044,155.9613948292224,43750.51256825546,156463.20566856218,19760.500307992632,6020.180625518205,25166.702840085913,2.5387553513628127,2.5387553513628096,80.57971155385414,49919.42028844615,19676.79878339409,13539.453036929683,1,0.00034769992123867994,0.00031396197663837675,1,1
278,3,0.38916229656955104,0.38505921170119917,0,4.103265035576032,1.309981850523452,0.17089756295984057,752.0454268967825,7.520454268967825,0.0,168.07108241110788,155.9613948292224,43707.34064402291,156407.15485068265,20011.47901304972,5944.901547574825,25206.702840085913,2.4615903059064435,2.4615903059064466,80.57971155385414,49919.42028844615,19676.79878339409,13598.02612461028,1,0.0002386810942050902,0.00030386558209101244,1,1
279,3,0.38863766558194013,0.38505921170119917,1,4.103265035576032,1.3566649509294106,0.14135129688011988,1645.0271591096691,16.45027159109669,0.0,170.7184269733659,155.9613948292224,43695.39785415623,156315.77699036922,20379.38933227673,5837.991385165239,25005.713531298323,2.956687560256113,2.9566875602561113,80.57971155385414,49919.42028844615,19676.79878339409,13692.295420571216,1,0.0005262884123024687,0.0003708898092487463,1,1
280,3,0.38517909949474777,0.37876843291146206,0,4.171414148362592,1.3677164596921219,0.13435667108093557,677.2980478323411,6.7729804783234115,0.0,167.63727083713232,155.9613948292224,43663.06888232161,156276.94096218116,20554.150828193167,5788.501886322858,24223.6166908234,2.6583132319192684,2.658313231919271,80.57971155385414,49919.42028844615,19676.79878339409,13733.614078160272,1,0.0002236818907686633,0.0003295504657587407,1,1
281,3,0.3751608658540757,0.37780025693863206,0,4.182104090672038,1.3579990963379691,0.14050690105191832,982.1379956720691,9.82137995672069,0.0,166.6129525311855,155.9613948292224,43637.09904963722,156222.16636407044,20753.066918265256,5733.242809350375,23652.196189553262,2.8903816829690667,2.89038168296907,80.57971155385414,49919.42028844615,19676.79878339409,13790.971319592261,1,0.0003321934209579612,0.00036072124134303105,1,1
282,3,0.3573290926389382,0.3540922773005415,0,4.46211369546179,1.3225872749286594,0.16291944624768398,987.6787086944115,9.876787086944116,0.0,167.19986341704808,155.9613948292224,43607.11814081718,156157.50416674206,20986.064302361017,5669.895255592542,23082.334351918274,2.449988919506771,2.4499889195067714,80.57971155385414,49919.42028844615,19676.79878339409,13857.720862845206,1,0.0003423150167174768,0.00029939677614803376,1,1
283,3,0.34238849822753925,0.34112492728828675,0,4.631734222884077,1.306966739084605,0.17280586133885767,1167.8580985990918,11.678580985990918,0.0,167.90374114814276,155.9613948292224,43585.122288540755,156079.233745991,21312.69493535106,5583.326181052994,23082.334351918274,2.89173159174075,2.8917315917407485,80.57971155385414,49919.42028844615,19676.79878339409,13938.38031851888,1,0.00040476256198135736,0.00035975699988559845,1,1
284,3,0.3282171990853104,0.3316139079967499,0,4.7645770032524855,1.2731874381352748,0.19418516573716788,663.1576372763536,6.631576372763536,0.0,165.3000417114246,155.9613948292224,43571.2996856268,156033.02783979027,21485.204966324283,5538.7082723255,22611.878129726112,2.6556307830873243,2.655630783087324,80.57971155385414,49919.42028844615,19676.79878339409,13986.705007278952,1,0.00023462275304042115,0.00032723344391308507,1,1
285,3,0.33154583588206415,0.3285485759011395,0,4.809030127938899,1.3035168676718294,0.17498932425833585,629.8243196581678,6.298243196581678,0.0,163.32814420684144,155.9613948292224,43541.21063050201,155988.6905716865,21630.63851368458,5501.691849597006,22605.138810869128,2.36194003107926,2.361940031079263,80.57971155385414,49919.42028844615,19676.79878339409,14032.90051098926,1,0.00022289597951252827,0.00028742709817810224,1,1
286,3,0.3156862754940695,0.31722609136905705,0,4.980674802571164,1.2812603485620602,0.18907572875818981,951.4932957773061,9.51493295777306,0.0,164.33035017021817,155.9613948292224,43524.184978019686,155921.25276770536,21977.78691172218,5415.0475362407005,22151.08818741673,2.220259737002134,2.2202597370021335,80.57971155385414,49919.42028844615,19676.79878339409,14101.993142904117,1,0.0003436375812246792,0.00026705210459254284,1,1
287,3,0.32418767928123654,0.3225964056661068,0,4.897760707338224,1.3323642166267011,0.15673150846411324,537.5005203255168,5.375005203255169,0.0,162.44342588876592,155.9613948292224,43504.62420768898,155889.01596043614,22116.261399656043,5381.275906436707,22237.068228057396,2.1157362983969574,2.11573629839696,80.57971155385414,49919.42028844615,19676.79878339409,14135.79647542202,1,0.00019337100190117005,0.0002533015208794592,1,1
288,3,0.3107126414329075,0.3070469111509214,0,5.145793501317424,1.3239588334839494,0.1620513712126903,1346.592912325103,13.46592912325103,0.0,164.5983447313756,155.9613948292224,43474.43289423472,155799.9395671855,22520.146419232442,5285.129720357257,21769.901258826452,2.7868155612566263,2.786815561256629,80.57971155385414,49919.42028844615,19676.79878339409,14226.816412268805,1,0.0004948457583946593,0.0003439514471735028,1,1
289,3,0.2986476060371193,0.3000878321502478,0,5.265125175781624,1.2907387556419352,0.1830767369354841,393.6716925735324,3.9367169257353245,0.0,161.3070621924869,155.9613948292224,43445.80293700675,155770.3714225705,22680.765480038564,5247.813536314014,20765.513647030144,2.3272419627302456,2.327241962730246,80.57971155385414,49919.42028844615,19676.79878339409,14257.91616255499,1,0.00015166364743588603,0.0002799601359105718,1,1
290,3,0.2972065798827203,0.29906979980866455,0,5.283047639751103,1.3182274882409142,0.16567880491081385,1010.0776601732903,10.100776601732903,0.0,161.97321702783162,155.9613948292224,43437.64375126155,155709.37097612812,22977.08485308856,5180.396301684066,19997.359519518406,2.8520851116370607,2.852085111637062,80.57971155385414,49919.42028844615,19676.79878339409,14320.67323129843,1,0.0004040844129195777,0.0003501979395833744,1,1
291,3,0.29942771735353924,0.3048010816761395,0,5.183708638143215,1.3574698095599218,0.14084189268359384,839.4331751504103,8.394331751504103,0.0,162.3403465426012,155.9613948292224,43408.17079631995,155661.80198149776,23230.318426431742,5124.092757596811,20068.082665837537,2.4618626729204602,2.4618626729204602,80.57971155385414,49919.42028844615,19676.79878339409,14369.73106323927,1,0.0003346341308746554,0.000296794063743373,1,1
292,4,0.30173035485234073,0.30002193344039657,0,5.266281641085046,1.5170438281979892,0.03984567835570307,906.8009718963502,9.068009718963502,0.0,182.77651370994238,156.64957476328445,41211.343245931064,155616.8421867992,25573.29162445932,5086.364818975724,19589.215597977294,3.039238552918787,3.0392385529187833,97.94607798988648,49821.47421045626,19676.79878339409,14416.309514493323,1,0.00037032660847940557,0.0003696817174245462,4,1
293,4,0.2969265813535902,0.29396554365253386,0,5.374779575757199,1.5081634222192246,0.045466188468845224,919.1803937494348,9.191803937494347,0.0,182.6287380211337,156.64957476328445,41196.28416043417,155599.75919278865,25703.960714194,5060.584993423349,19547.815401841453,2.971776431864393,2.9717764318643947,97.94607798988648,49821.47421045626,19676.79878339409,14434.9556113929,1,0.00037617723509414587,0.0003603793248160689,4,1
294,4,0.29616480916901383,0.29164869878429245,0,5.417476596281991,1.5129086604930753,0.04246287310564861,829.3453454881438,8.293453454881439,0.0,181.57468812999215,156.64957476328445,41166.21372495735,155582.01071993212,25777.690605328055,5046.20339502631,19999.953366064565,2.9550986163584416,2.9550986163584434,97.94607798988648,49821.47421045626,19676.79878339409,14454.286149164862,1,0.00033173891170980703,0.0003594142517611195,4,1
295,4,0.4735025613393627,0.473177001865217,0,3.3391310096893894,2.3460909301351913,0.4848676773007539,1200.3409015563768,12.003409015563768,0.0,182.81344152718958,157.36977930421827,41471.72961708407,155663.1391380804,25387.85557425406,5123.9338113081585,18759.166426771735,3.3239105438794567,3.3239105438794563,97.94607798988648,49821.47421045626,19856.849918627548,14454.286149164862,1,0.0005118951980055303,0.00040660378160316106,4,1
296,4,0.5005419787217572,0.5034557237231798,0,3.1383097371810744,2.431923945806682,0.5391923707637228,527.8103459132755,5.278103459132755,0.0,179.69040913423626,157.68646551176624,41700.25148615804,155725.77128060872,25140.669066770697,5174.4875750611145,18799.166426771735,2.9482767455258925,2.948276745525889,97.94607798988648,49821.47421045626,19936.021470514537,14454.286149164862,1,0.0002246101061849743,0.00035608140530010387,4,1
297,4,0.47006840954400736,0.4681637591575427,0,3.374887459984512,2.2494969307211528,0.4237322346336409,567.4102241942614,5.674102241942615,0.0,177.4753828708561,158.0269116462828,41925.8979387279,155784.55090347418,24951.126433547215,5213.937462536984,18839.166426771735,2.7223228075443346,2.722322807544333,97.94607798988648,49821.47421045626,20021.133004143678,14454.286149164862,1,0.000240949184837789,0.00032581816300943117,4,1
298,4,0.4814691996347835,0.47195063319297537,0,3.347807776653529,2.2114406177680785,0.39964596061270785,1720.9729861357507,17.20972986135751,0.0,181.5602297478633,159.05949543796424,42218.70517554854,155901.16597655776,24445.28910458477,5322.165870275087,18770.38647176125,3.2707261319370033,3.270726131937001,97.94607798988648,49821.47421045626,20279.27895206404,14454.286149164862,1,0.000733484305706688,0.0003996811989098171,4,1
299,4,0.46567336226720657,0.46474013633616174,0,3.399749400721298,2.091098969516805,0.3234803604536741,734.3052102711388,7.343052102711388,0.0,179.07799500359943,159.50007856412694,42505.188265995996,155977.2395713452,24171.08929840812,5382.735388106243,18029.075198785675,3.526523051857908,3.5265230518579096,97.94607798988648,49821.47421045626,20389.424733604712,14454.286149164862,1,0.0003258315591564439,0.0004334216832336403,4,1
300,4,0.4912229093108838,0.48559735395447795,0,3.2537244841497146,2.170576312421539,0.37378247621616384,797.4983635172313,7.974983635172313,0.0,176.62188655821097,159.97857758223728,42775.73697849046,156054.8938198837,23977.50728950232,5426.347289136378,17589.083816226812,3.82681460316266,3.82681460316266,97.94607798988648,49821.47421045626,20509.049488132296,14454.286149164862,1,0.0003627242313924272,0.00047401336541851973,4,1
301,4,0.4831837974050005,0.4901108106216291,0,3.2237607613592867,2.0826966525955495,0.31816243835161356,834.1117746354757,8.341117746354758,0.0,177.0554667264738,160.47904464701855,43079.05027989919,156145.2595623604,23682.17284647349,5494.243337117804,15405.553185898583,3.148973929816795,3.148973929816791,97.94607798988648,49821.47421045626,20634.166254327618,14454.286149164862,1,0.0004331486261195616,0.0003739014722228109,4,1
302,4,0.4859891843849099,0.4822161001849445,0,3.276539293055587,2.055718511965636,0.3010876658010353,860.1818366747872,8.601818366747873,0.0,177.18809644185328,160.99515374902342,43343.84232852287,156222.80209241563,23460.63562094862,5546.292016251969,15069.001936427347,3.4770205041140523,3.477020504114055,97.94607798988648,49821.47421045626,20763.193529828837,14454.286149164862,1,0.0004566629377598844,0.0004175119317572911,4,1
303,4,0.4924827822282008,0.4937552164525379,0,3.1999661924622465,2.0431677906097123,0.2931441712719698,582.4139504928454,5.824139504928454,0.0,175.33774025518815,161.34460211931912,43574.920845502624,156296.14287568812,23234.576897659495,5600.435327457747,14701.003755594998,3.371757436390115,3.371757436390119,97.94607798988648,49821.47421045626,20850.555622402764,14454.286149164862,1,0.0003169383316543603,0.0004022499651779354,4,1
304,4,0.4942805008744689,0.4953239859525371,0,3.1898313928035753,2.000626986159046,0.26621961149306705,594.1307217632897,5.941307217632897,0.0,174.32422103127757,161.6920293421048,43846.2607322506,156375.7277066429,22950.015762638355,5670.09510754047,13964.976074209773,3.166254281256725,3.166254281256722,97.94607798988648,49821.47421045626,20937.412428099185,14454.286149164862,1,0.00034035473808538373,0.0003713186691665428,4,1
305,4,0.48782371094671856,0.4916286659245137,0,3.2138077160915564,1.932050099730351,0.22281651881667774,1586.668608293785,15.86668608293785,0.0,177.82846747286848,162.48982196549375,44178.07900955437,156487.18412110762,22702.45661386994,5732.147750480475,14004.976074209773,4.268313659496501,4.2683136594965045,97.94607798988648,49821.47421045626,21136.86058394642,14454.286149164862,1,0.0009063456302310391,0.0005212128999902611,4,1
306,4,0.48935770832045,0.4829897407110009,0,3.2712910168114733,1.8946129793674855,0.19912213884018065,723.5853249512464,7.235853249512465,0.0,175.39588557445384,162.8133736308339,44441.00577249578,156566.4286635892,22446.573220289192,5797.703145892642,13866.712017745049,4.5111142800203154,4.511114280020322,97.94607798988648,49821.47421045626,21217.748500281457,14454.286149164862,1,0.00041745170680708383,0.0005547173583745022,4,1
307,4,0.48673079884451836,0.49384021213039403,0,3.1994154408446907,1.844157945627781,0.16718857318213984,628.4293750035333,6.284293750035333,0.0,172.2287978588926,163.05231209832522,44699.34270967118,156641.87841176882,22205.73717845548,5860.786610726972,13493.852272949383,4.593700468258192,4.593700468258195,97.94607798988648,49821.47421045626,21277.48311715429,14454.286149164862,1,0.0003725722572275803,0.000565456531421901,4,1
308,4,0.5171168874585713,0.5152075213824079,0,3.0667254153443544,1.9108499177136262,0.20939868209723173,715.3656884677453,7.153656884677453,0.0,171.9748094309938,163.39144946519795,44949.229967378895,156726.23030933682,21929.968839161942,5934.718955709441,13533.852272949383,3.415157012171174,3.4151570121711785,97.94607798988648,49821.47421045626,21362.267458872473,14454.286149164862,1,0.0004228600543527867,0.00040429467279581697,4,1
309,4,0.5186481939525762,0.5155665273812412,0,3.0645899531636043,1.8738150143422083,0.18595886983684065,570.6526551078884,5.706526551078885,0.0,170.8432890101562,163.63065424012598,45170.57779206753,156798.9138811321,21684.74836073365,6002.062897099105,13573.852272949383,3.213338449407267,3.213338449407266,97.94607798988648,49821.47421045626,21422.06865260448,14454.286149164862,1,0.0003363246592834149,0.00037725232362126066,4,1
310,4,0.5146429625695061,0.5155665273812412,1,3.0645899531636043,1.8353048415557753,0.16158534275681977,485.6930437596256,4.856930437596256,0.0,169.44693184658843,163.80055061001624,45301.31036288701,156843.8628233995,21544.336619031867,6041.30767443208,13333.26072258982,3.020328677484114,3.02032867748411,97.94607798988648,49821.47421045626,21464.542745077044,14454.286149164862,1,0.0002914174132584041,0.0003502007089648686,4,1
311,4,0.5479476142591699,0.542880415622252,0,2.910401544305106,1.899645723286241,0.20230741980141825,540.9140152751927,5.409140152751927,0.0,169.05418985714158,164.05563069564062,45611.47408638149,156943.8243825656,21242.664529575373,6127.3884950256115,12900.93616005557,2.8220063998237186,2.8220063998237155,97.94607798988648,49821.47421045626,21528.312766483137,14454.286149164862,1,0.0003354262100451246,0.0003210560941956479,4,1
312,4,0.5093172850082037,0.5061196119753293,0,3.1217916923500226,1.7224503840871779,0.09015847094125178,1031.1936795967945,10.311936795967945,0.0,170.7640351974252,164.2772061813657,45831.95483254362,157011.8608336952,20981.20685415071,6204.005299586443,12737.322792868888,3.590650741909109,3.590650741909106,97.94607798988648,49821.47421045626,21583.70663791441,14454.286149164862,1,0.0006476674550002726,0.0004248370261012671,4,1
313,4,0.4987884167066966,0.5003020125394927,0,3.158092432968733,1.6469894782623682,0.04239840396352412,749.8665185585639,7.498665185585639,0.0,169.95393329852786,164.37091976475088,46043.36609467535,157080.17731688044,20732.266759766244,6278.737446917276,13209.204480039605,3.96690865331192,3.9669086533119255,97.94607798988648,49821.47421045626,21607.135033760704,14454.286149164862,1,0.0004541478752587624,0.0004790805134347198,4,1
314,4,0.5024847553685583,0.5047190100012197,0,3.1304547058692758,1.6413844357571281,0.03885090870704306,438.5212059773251,4.385212059773251,0.0,167.0481738021558,164.41270418745623,46138.63546931589,157112.55747260957,20620.893502511444,6312.771341901374,12560.001032063248,3.8461956967567783,3.846195696756774,97.94607798988648,49821.47421045626,21617.58113943704,14454.286149164862,1,0.00027931284709793605,0.0004603760591189903,4,1
315,4,0.4902943452155999,0.4875442446799001,0,3.240731517684837,1.6035963541984644,0.014934401391433092,551.3479152675401,5.513479152675401,0.0,166.41832967638882,164.42373114576156,46142.07724623402,157114.15955465223,20633.993438802947,6308.776068100744,12309.129722825484,3.15017793487877,3.150177934878773,97.94607798988648,49821.47421045626,21620.337879013376,14455.113171037763,1,0.00035833429506890055,0.0003639316724751997,4,1
316,4,0.3058919697328367,0.3058662509890447,0,5.165656540696905,1.0551759600896242,0.33216711386732645,1290.652201858219,12.90652201858219,0.0,169.17306805617764,164.42373114576156,46151.31747948314,156993.39817874855,21191.53384514004,6143.3545443921685,11914.769935227421,4.178558742459522,4.1785587424595185,97.94607798988648,49821.47421045626,21620.337879013376,14577.843317426254,1,0.0008665897596845769,0.0005014123006171378,4,1
317,4,0.2970114023524038,0.29857823169127334,0,5.291745453277729,1.0493851332474626,0.3358321941471756,504.56641885389985,5.045664188538999,0.0,166.52331538112605,164.42373114576156,46131.19456782793,156940.64309231594,21447.354298594295,6070.324969500182,11623.40639067572,4.348606149443874,4.348606149443878,97.94607798988648,49821.47421045626,21620.337879013376,14632.55699460602,1,0.0003472761095292426,0.0005240667214275733,4,1
318,4,0.309563459260485,0.313528196003682,0,5.039419165928685,1.1433476438643366,0.2763622507187743,1156.568757906911,11.565687579069111,0.0,167.6153300015942,164.42373114576156,46143.31867966825,156834.53742175392,21929.257052867728,5937.38633103232,11063.763520457183,5.5416931044409985,5.5416931044409985,97.94607798988648,49821.47421045626,21620.337879013376,14740.930035804915,1,0.0008362931877698838,0.0006833863523279011,4,1
319,4,0.27570301773253914,0.313528196003682,1,5.039419165928685,1.0599796133112047,0.3291268270182249,909.8296856448482,9.098296856448481,0.0,167.70162741453933,164.42373114576156,46128.978415463054,156745.1916407765,22374.358797374123,5819.6197009833795,11103.763520457183,5.02635941775486,5.0263594177548585,97.94607798988648,49821.47421045626,21620.337879013376,14832.259595351286,1,0.0006555108519511317,0.0006130267164167527,4,1
320,4,0.2983365563316327,0.2982194606951506,0,5.29811165346827,1.1708222896617673,0.25897323439128656,481.62704847292514,4.816270484729252,0.0,164.41775296488507,164.42373114576156,46097.75717632861,156696.47714180147,22605.942279947285,5760.207191118151,10565.033786947513,5.085510544751175,5.085510544751179,97.94607798988648,49821.47421045626,21620.337879013376,14882.848975107343,1,0.0003646951316467705,0.0006188330571225953,4,1
321,4,0.5310656655826759,0.5328292654969589,0,2.9653025881120976,2.051200750804866,0.2982283232942189,755.3400721983027,7.553400721983027,0.0,164.3934866291363,164.87693518908054,46336.26099198431,156777.29555386273,22426.794608437765,5806.404176160033,10605.033786947513,4.43481142994409,4.43481142994409,97.94607798988648,49821.47421045626,21733.63888984312,14882.848975107343,1,0.0005697973904641111,0.0005300011246873378,4,1
322,4,0.5397723456047823,0.5463573859782332,0,2.8918800048269997,2.0159484215396524,0.2759167224934508,1016.4236623353675,10.164236623353675,0.0,165.6700081900922,165.48678938648177,46624.967213737254,156887.29326286356,22053.776930414708,5904.922356139972,10645.033786947513,4.700728791278119,4.7007287912781175,97.94607798988648,49821.47421045626,21886.102439193426,14882.848975107343,1,0.0007638669318883049,0.0005661198179997288,4,1
323,4,0.5431010002655536,0.5400087105743406,0,2.925878729473732,1.985517928450533,0.2566569167408437,654.0118514009959,6.540118514009959,0.0,164.12319557488505,165.85527024961726,46913.84868406781,156976.10221939182,21819.910238736724,5968.425117979361,10194.236889700122,5.0817705782413505,5.08177057824135,97.94607798988648,49821.47421045626,21978.222654977297,14882.848975107343,1,0.0005132404580959151,0.0006156349268161104,4,1
324,4,0.5240087239711226,0.5158534816745438,0,3.062885210876283,1.8640691225378043,0.17979058388468622,621.5111378857168,6.215111378857168,0.0,162.70820259296565,166.10692900072607,47150.61845423572,157051.3317335136,21524.219686349425,6050.676316639292,9909.044995626426,4.927944627687755,4.927944627687754,97.94607798988648,49821.47421045626,22041.137342754497,14882.848975107343,1,0.000501772784893022,0.000592960058292414,4,1
325,4,0.5095496263235382,0.5158534816745438,1,3.062885210876283,1.76931060162651,0.1198168364724747,1331.7444352529776,13.317444352529776,0.0,165.1566845208316,166.4761661828488,47372.77000555823,157127.09469530176,21265.893142366356,6124.435073280866,9797.164085670704,5.731303634495232,5.73130363449523,97.94607798988648,49821.47421045626,22133.446638285182,14882.848975107343,1,0.0010874530005684255,0.0007008220811857875,4,1
326,4,0.5259474400614575,0.5247789528787311,0,3.0107914795986788,1.7864808153670801,0.13068406035891142,933.2616314308626,9.332616314308627,0.0,164.4910606083565,166.76429775663905,47598.01736275477,157207.87992808063,21033.50688937804,6192.352589977476,9970.012255254489,6.291528023018755,6.291528023018753,97.94607798988648,49821.47421045626,22205.479531732744,14882.848975107343,1,0.0007488549522606707,0.0007793602459073727,4,1
327,4,0.5476707774597541,0.5521863799283148,0,2.8613527197195934,1.8220537483263766,0.1531985748901117,605.7278891749955,6.057278891749956,0.0,161.41972037856647,166.9716875774969,47817.56323675778,157277.91514188834,20816.712552728743,6257.0630303201215,9444.140267932666,6.340761472141826,6.340761472141835,97.94607798988648,49821.47421045626,22257.32698694721,14882.848975107343,1,0.0005131036786751074,0.0007831372105014012,4,1
328,4,0.567765105667769,0.5643158486694491,0,2.799850480409763,1.8390759054428194,0.16397209205241728,907.4366761570914,9.074366761570914,0.0,161.8978972305731,167.31400030124234,48112.09837309746,157375.22158838823,20540.735295169816,6341.398259223928,9484.140267932666,5.556393573741823,5.556393573741817,97.94607798988648,49821.47421045626,22342.905167883568,14882.848975107343,1,0.000765435053064556,0.000675797894666778,4,1
329,4,0.5504541669883802,0.5643158486694491,1,2.799850480409763,1.750247460589188,0.10775155733492907,691.2716542541523,6.912716542541523,0.0,160.96182435293716,167.4903383198837,48310.982469500515,157445.73564716915,20351.5274672055,6400.570977049499,9754.745223494307,5.092901418463951,5.092901418463948,97.94607798988648,49821.47421045626,22386.989672543907,14882.848975107343,1,0.0005669213400585589,0.000615153357266074,4,1
330,4,0.5557983688950662,0.5548808305100047,0,2.8474582525184426,1.7365565963055887,0.09908645335796747,832.675605031213,8.32675605031213,0.0,160.56282057369745,167.67956262479106,48467.57004264186,157503.54057998944,20174.390588449623,6456.969733302662,10018.46207390849,5.444996298880087,5.444996298880089,97.94607798988648,49821.47421045626,22434.295748770746,14882.848975107343,1,0.000664912916883549,0.000665756436668888,4,1
331,4,0.5777530811535642,0.577609596896817,0,2.735411614503088,1.781305716759895,0.12740868149360432,1163.4548147320172,11.634548147320173,0.0,162.17863737223533,168.01421380551747,48679.55215449858,157580.1892112713,20040.94804988569,6500.130424619686,8952.228595681232,6.1886360390674335,6.188636039067436,97.94607798988648,49821.47421045626,22517.95854395235,14882.848975107343,1,0.0010397007201476474,0.0007571783256965851,4,1
332,4,0.5995729785220996,0.6048941586623499,0,2.612027207361332,1.8151595070158064,0.14883513102266224,710.5659805503853,7.105659805503854,0.0,160.68640490024873,168.25216441468868,48902.55321113473,157658.53794007137,19859.256165516526,6559.794510823906,8490.835081761634,6.467736246843573,6.467736246843578,97.94607798988648,49821.47421045626,22577.44619624515,14882.848975107343,1,0.000669489842832242,0.0007913678266211463,4,1
333,4,0.6141835499400574,0.6048941586623499,1,2.612027207361332,1.8268640595146763,0.15624307564220016,618.8061915250528,6.188061915250528,0.0,158.60612669222076,168.47098778820884,49082.704215045414,157732.10871425748,19685.120959763815,6618.049881215062,8574.237521111623,6.239124074114709,6.239124074114705,97.94607798988648,49821.47421045626,22632.15203962519,14882.848975107343,1,0.0005773632372571145,0.0007621846000790013,4,1
334,4,0.6680699945642974,0.6746451882713177,0,2.341971791199646,1.934603648023245,0.22443268862230686,724.8545956957231,7.248545956957231,0.0,158.6261757914452,168.8405790631865,49337.7476573933,157841.63950985475,19423.532731350228,6707.461458325899,8212.900124862204,5.45707018872133,5.457070188721326,97.94607798988648,49821.47421045626,22724.54985836961,14882.848975107343,1,0.0007060644446425772,0.0006509725082439779,4,1
335,4,0.6625171857747453,0.6581990348699136,0,2.400489694294783,1.862528693609223,0.17881562886659672,958.1146100911423,9.581146100911424,0.0,159.67841861111717,169.25572817398938,49720.238400204704,157988.5014838072,19138.482679459357,6807.71991771227,7851.885878729586,6.2406736627090895,6.240673662709094,97.94607798988648,49821.47421045626,22828.337136070324,14882.848975107343,1,0.0009761880138239226,0.0007532052319078713,4,1
336,4,0.647285483635892,0.6504118892195673,0,2.4292298867658317,1.786286781894249,0.13056125436344865,651.4110862781058,6.514110862781059,0.0,158.23765176998918,169.45052127448537,49882.65957698236,158060.21389158675,18962.202108982554,6871.213674826902,7919.1042960821815,6.424107790439545,6.424107790439542,97.94607798988648,49821.47421045626,22877.035411194316,14882.848975107343,1,0.0006580654194443465,0.0007801059593036154,4,1
337,4,0.666045450565668,0.6719525740317105,0,2.3513564216593617,1.7933139859304437,0.13500885185471112,683.0548277383581,6.830548277383581,0.0,157.16461224638945,169.6716347324731,50129.82150203919,158162.07791900742,18730.36857766904,6956.549090928954,7828.584054357251,6.407941530921486,6.407941530921481,97.94607798988648,49821.47421045626,22932.31377569125,14882.848975107343,1,0.0006980111069849797,0.0007774215134177496,4,1
338,4,0.6851805099717515,0.6789203914382453,0,2.3272242518049584,1.7997603010795125,0.13908879815159012,1310.3854616250364,13.103854616250365,0.0,159.40794297047802,170.09650413015441,50330.59135502638,158262.67809339703,18500.580504571295,7043.2919190918265,7859.571445445082,7.285655815748538,7.285655815748533,97.94607798988648,49821.47421045626,23038.531125111575,14882.848975107343,1,0.0013337983840169345,0.0008966249701487537,4,1
339,4,0.6930691213644028,0.6845064462047452,0,2.3082324626164303,1.7778174758995853,0.1252009341136615,664.1830972596587,6.641830972596587,0.0,157.05739116397262,170.29580768180747,50553.74646044699,158360.01439843632,18282.859791749124,7127.438977099938,8011.951502277006,7.273343189037913,7.273343189037903,97.94607798988648,49821.47421045626,23088.35701302484,14882.848975107343,1,0.0006631923291806218,0.0008983339400608454,4,1
340,4,0.6752097553199917,0.6736307506657437,0,2.345498625825052,1.6923474106026977,0.0711059560776567,834.9094670894327,8.349094670894328,0.0,155.92422659544087,170.45384391775812,50766.486014580485,158454.0863835993,18072.696655621432,7210.612318937967,7835.933631429684,7.659793842294716,7.659793842294707,97.94607798988648,49821.47421045626,23127.8660720125,14882.848975107343,1,0.0008523905447495238,0.0009497937526490268,4,1
341,4,0.6393696003825359,0.6736307506657437,1,2.345498625825052,1.5742007790901689,0.003670392980905825,616.1247767162791,6.161247767162791,0.0,154.80954037703398,170.46616641329246,50927.69925700534,158520.90807797175,17912.594094263004,7275.290598244269,7774.406873867561,5.95747331171354,5.957473311713538,97.94607798988648,49821.47421045626,23130.946695896084,14883.773162272417,1,0.0006340031199419574,0.0007165286646240343,4,1
342,4,0.6655381283774717,0.6736307506657437,1,2.345498625825052,1.6262494073258844,0.02927177678853439,856.1887990193345,8.561887990193345,0.0,154.8911467390066,170.52892700499777,51013.6927467051,158558.83479438737,17844.967574744842,7303.004242246846,8349.013232539659,6.290341176930209,6.2903411769302044,97.94607798988648,49821.47421045626,23146.636843822416,14883.773162272417,1,0.00082039759686321,0.0007689304205182303,4,1
343,4,0.6781428878013174,0.6729851349417948,0,2.3477487361390996,1.6170152669862348,0.02342738416850297,1582.8385601250557,15.828385601250558,0.0,157.75487279800024,170.68655608602174,51267.02266635127,158671.36245987093,17628.575509561757,7393.061369271263,8683.05717340412,7.750766113177743,7.7507661131777335,97.94607798988648,49821.47421045626,23186.04411407841,14883.773162272417,1,0.0014583237479750622,0.0009709081549267431,4,1
344,4,0.6712723695895904,0.6716583215370511,0,2.352386547350834,1.5891968030106145,0.0058207613991230565,852.8176454777739,8.52817645477774,0.0,154.92224755718468,170.7036124389313,51354.84297329877,158711.20211901845,17565.646726529052,7419.68098548461,9237.40208151271,7.954243386631602,7.954243386631593,97.94607798988648,49821.47421045626,23190.308202305798,14885.052388740634,1,0.0007385779143983021,0.0010057664197455247,4,1
345,4,0.6867839689334192,0.6898330707482786,0,2.2904091830305204,1.5855266937210464,0.003497907418383737,697.3404748768844,6.973404748768844,0.0,151.0438575505986,170.7425909928481,51581.12823691289,158812.90976552892,17346.459271089952,7513.761951987076,9790.863620152688,7.295366229824805,7.295366229824797,97.94607798988648,49821.47421045626,23200.052840785003,14885.052388740634,1,0.000569788735238054,0.0009222301325371394,4,1
346,4,0.6669498427277915,0.6722211512930998,0,2.350416967631376,1.5519462631560097,0.017755529648095174,1009.0588032510667,10.090588032510666,0.0,151.7638265022284,170.7425909928481,51527.62319342856,158783.97190018225,17415.269993894308,7484.222784795109,9778.999870769003,5.758842131704661,5.758842131704657,97.94607798988648,49821.47421045626,23200.052840785003,14917.296614228573,1,0.0008254903909078107,0.0007112856801813889,4,1
347,4,0.7104701449594188,0.7031784789762809,0,2.2469402111114603,1.6136918447622353,0.021323952381161512,1136.8377367983148,11.368377367983149,0.0,152.6540847813682,170.83665652366045,51714.783422873246,158871.70749059352,17206.210156233363,7575.485160676712,10245.421712856589,6.099051838776228,6.099051838776221,97.94607798988648,49821.47421045626,23223.56922348809,14917.296614228573,1,0.0008876844847659052,0.0007609878703039233,4,1
348,4,0.6931889262349387,0.6886736618796929,0,2.2942651758853185,1.5775836946679302,0.0015293071721960909,445.47979189491593,4.4547979189491596,0.0,148.68426368599762,170.84556611949836,51716.82577771345,158875.36104489534,17223.402653434317,7567.948395891107,10163.706882092525,5.555914516444181,5.555914516444178,97.94607798988648,49821.47421045626,23225.796622447568,14917.964833916416,1,0.0003506435571689369,0.0006879394776142175,4,1
349,4,0.732525128091899,0.7209436125972987,0,2.1915722289401143,1.6195808342436464,0.025051160913700212,1248.2935760047142,12.482935760047141,0.0,150.3381796872885,170.96114813340836,51929.76700890007,158973.64605478046,16976.55688076959,7678.378405516709,10162.270873604997,5.944446217251193,5.94444621725119,97.94607798988648,49821.47421045626,23254.69212592507,14917.964833916416,1,0.0009826886856534975,0.0007403389091961131,4,1
350,4,0.7438967712611156,0.7434979667487814,0,2.125089873357868,1.608049198189923,0.017752657082229686,1099.039605782999,10.99039605782999,0.0,151.11737955811353,171.0476186626236,52129.52772182357,159070.29116098475,16786.56092111954,7765.601005152815,10629.697089230986,5.776068213259271,5.7760682132592684,97.94607798988648,49821.47421045626,23276.30975822888,14917.964833916416,1,0.0008271465096753833,0.0007201595841659393,4,1
351,4,0.7365533061229065,0.7335121674207373,0,2.154020165140251,1.594254776319016,0.009022010328491106,944.6302242206759,9.446302242206759,0.0,149.0686582379336,171.066511267108,52135.34530904576,159075.6022330168,16797.599427328667,7760.571005905158,11273.594146587806,6.517704315501514,6.517704315501506,97.94607798988648,49821.47421045626,23281.032909349982,14919.381779252746,1,0.0006703311912335169,0.0008267221288541326,4,1
352,4,0.779767767750432,0.7758888319583277,0,2.03637420068557,1.6306415831227203,0.032051634887797636,972.2437752672355,9.722437752672356,0.0,148.18487948196483,171.1935892964468,52430.57331946009,159221.1770292982,16511.271305655733,7895.6389325464515,11634.417409103857,5.735509347309226,5.735509347309218,97.94607798988648,49821.47421045626,23312.802416684677,14919.381779252746,1,0.0006685294096506877,0.0007220023701865293,4,1
353,4,0.8028877522715775,0.8034882216567096,0,1.966425838504768,1.641853939962589,0.03914806326746141,744.0884175813333,7.440884175813332,0.0,146.43567014574649,171.28527643505964,52615.90724164089,159319.9002557937,16327.972443300907,7984.58911299554,11980.949660011935,4.913006930275683,4.913006930275681,97.94607798988648,49821.47421045626,23335.72420133789,14919.381779252746,1,0.000496847704862549,0.0006119027685822512,4,1
354,4,0.803176504810163,0.7916483210847006,0,1.995835723917302,1.6055911169007286,0.01619690943084087,1201.6609110254647,12.016609110254647,0.0,147.54782452628336,171.36152074392047,52766.51176557827,159398.4071276583,16144.085633349807,8075.873200755612,12411.782642830842,5.154340404892765,5.154340404892768,97.94607798988648,49821.47421045626,23354.785278553096,14919.381779252746,1,0.0007745291361315,0.0006466354168815789,4,1
355,4,0.7818005995441445,0.7889434526337149,0,2.0026783855363983,1.5562313699452501,0.01504343674351262,908.1452745455738,9.081452745455739,0.0,146.72953429631258,171.3796836494114,52772.33965734167,159403.47724868346,16109.927057709503,8093.1093380882185,12684.975860026718,4.909547515650845,4.909547515650849,97.94607798988648,49821.47421045626,23359.326004925824,14920.743997164565,1,0.0005727375658048189,0.0006147048022662893,4,1
356,4,0.6959291220057716,0.6913321069155427,0,2.28544282002083,1.4022298272203106,0.11251276758208191,824.4943043588321,8.244943043588322,0.0,145.03630727705325,171.3796836494114,52738.2491803392,159357.5684628511,16208.277704050148,8044.196645114669,12841.707315607575,4.940431786799314,4.9404317867993175,97.94607798988648,49821.47421045626,23359.326004925824,14970.960674364445,1,0.0005136353191023172,0.0006203006736795454,4,1
357,4,0.7089777895850361,0.7159737361781329,0,2.206784858386061,1.4366095281471885,0.09075346319798203,564.8421273944341,5.648421273944341,0.0,143.26087959078407,171.3796836494114,52713.852328484376,159330.7719671809,16254.233637593254,8021.588615413192,11995.18097712169,3.996101828445938,3.9961018284459366,97.94607798988648,49821.47421045626,23359.326004925824,15000.994338407263,1,0.0003767127005231536,0.0004876951951434299,4,1
358,4,0.6855225008640983,0.7159737361781329,1,2.206784858386061,1.4213398645580062,0.10041780724176827,1550.388144391602,15.50388144391602,0.0,146.4076217635224,171.3796836494114,52646.573070752784,159241.13526980893,16442.26106895934,7930.221482501313,12116.530238531022,5.098439297285267,5.098439297285266,97.94607798988648,49821.47421045626,23359.326004925824,15094.696647404213,1,0.001023651566162933,0.0006379998619294679,4,1
359,4,0.6977879841157616,0.7159737361781329,1,2.206784858386061,1.461903004533562,0.07474493383951782,661.4379373893271,6.6143793738932715,0.0,143.78760440504846,171.3796836494114,52593.802873269335,159201.43019615472,16528.195528275024,7889.152839128322,12306.898482589637,4.880242486837169,4.8802424868371626,97.94607798988648,49821.47421045626,23359.326004925824,15138.32601888936,1,0.0004299623911418802,0.0006101088859426555,4,1
360,4,0.6990395299795931,0.7027002874281661,0,2.248469266723498,1.4786264977312862,0.06416044447386955,891.2565590512384,8.912565590512385,0.0,142.15499411863453,171.3796836494114,52551.38854654236,159163.90205917798,16607.752893049543,7851.526936780483,12610.860029411366,5.324352876465012,5.324352876465007,97.94607798988648,49821.47421045626,23359.326004925824,15180.196840687098,1,0.000565389866811702,0.0006730012747055051,4,1
361,4,0.6859573151882133,0.6784943655972799,0,2.3286855132674873,1.4767155159567749,0.06536992660963621,1094.1305221275622,10.941305221275623,0.0,143.21492954872258,171.3796836494114,52496.3882929363,159113.7870635267,16754.75602408726,7782.844654049707,12860.981141031496,4.484574017421954,4.484574017421958,97.94607798988648,49821.47421045626,23359.326004925824,15233.971419709318,1,0.0006805891464294981,0.0005586471347943601,4,1
362,4,0.7372610245027178,0.741823129845809,0,2.1298877541448586,1.5852433561857935,0.0033185798644262106,670.8836002863194,6.708836002863194,0.0,141.04769566318066,171.3931013214171,52531.018180856314,159132.73016768476,16744.715595938116,7787.59054696274,12912.664595811177,4.4419791650362646,4.441979165036266,97.94607798988648,49821.47421045626,23362.680422927257,15234.977745109747,1,0.0004156437861811739,0.0005538742664741247,4,1
363,4,0.7011474566627311,0.6873405928432089,0,2.2987148095884655,1.5260186288591657,0.03416542477267996,657.0387254723192,6.570387254723193,0.0,139.29678241545437,171.3931013214171,52482.85888991627,159104.60340944462,16846.886112115117,7740.502721796282,13345.953928526631,4.006833877897322,4.006833877897322,97.94607798988648,49821.47421045626,23362.680422927257,15266.466350066607,1,0.0003938504382622908,0.0004966944569576542,4,1
364,4,0.6587228947850403,0.6707677207285573,0,2.35550988989732,1.4487391650175687,0.08307647783698187,639.8320243501693,6.398320243501693,0.0,138.65728616891735,171.3931013214171,52449.49366113491,159073.16659233114,16935.246827848696,7700.236925812922,13615.043018869905,3.2563159074678394,3.2563159074678425,97.94607798988648,49821.47421045626,23362.680422927257,15300.659484404245,1,0.0003759559325451342,0.000395150052329533,4,1
365,5,0.6666012380045324,0.6695319188691993,0,2.3598576191386496,1.7242724618226182,0.09131168469785955,1123.0557639291433,11.230557639291433,0.0,116.61791235068755,186.13662787954976,49760.169891476515,159018.777856737,19722.971609800494,7624.872277043747,13978.19049925877,3.7417282001943004,3.741728200194297,69.89095249629383,49751.58325795997,23362.680422927257,15357.808679354754,1,0.0006427474365805482,0.00047085126912932445,7,1
366,5,0.6339245717838381,0.636884279780427,0,2.4808274441076215,1.5986786495339358,0.011821930084769443,833.1122366470271,8.331122366470272,0.0,116.17822020957037,186.2010964768915,50035.66634662384,159130.45815880908,19474.82531192751,7722.358899349669,13883.357968844035,3.952438161990474,3.9524381619904783,69.89095249629383,49751.58325795997,23378.79757226269,15357.808679354754,1,0.000480063822321161,0.0004995890638156145,7,1
367,5,0.6382865803655564,0.6455960561167822,0,2.447350762183394,1.5717202856027486,0.005240325567880698,603.567505624286,6.0356750562428605,0.0,113.8108587878993,186.21316782700399,50276.55509924871,159229.18533623626,19244.240614541883,7815.220460094322,14176.3056148654,3.8540138585912955,3.8540138585912995,69.89095249629383,49751.58325795997,23381.815409790812,15358.71403061319,1,0.0003406063734920499,0.0004878058774645864,7,1
368,5,0.623099104427071,0.6241815507425561,0,2.53131480435517,1.539609029998356,0.025563905064331673,788.11217347666,7.881121734766601,0.0,113.83762087037391,186.21316782700399,50250.31909371993,159213.120986174,19277.47291645799,7801.83532040918,14620.493258450277,3.330502608238796,3.330502608238796,69.89095249629383,49751.58325795997,23381.815409790812,15377.471531478663,1,0.00043123698197864894,0.0004173023925972866,7,1
369,5,0.6183416698693333,0.6208568158853515,0,2.544870185159996,1.5403109683186518,0.02511964030465082,783.687333970371,7.83687333970371,0.0,113.96470656381459,186.21316782700399,50206.596761862,159189.7508668735,19356.018792663926,7770.27056772993,15054.647052072905,3.167819855208328,3.1678198552083265,69.89095249629383,49751.58325795997,23381.815409790812,15403.457773351973,1,0.00041644939599561775,0.0003960975838221055,7,1
370,5,0.6415205251175986,0.6359070997206542,0,2.48463965993472,1.5997288249402086,0.012486598063423136,509.43411934917384,5.094341193491738,0.0,111.9860956661693,186.22335650939098,50209.48215467556,159192.48380105448,19366.236325439575,7766.2150630509905,15498.229968717085,2.966321333518712,2.9663213335187124,69.89095249629383,49751.58325795997,23384.36258038756,15404.221924530997,1,0.0002629637683154569,0.00037021671542990784,7,1
371,5,0.6118473661703496,0.6042029405591113,0,2.6150154094548355,1.5417388330057138,0.024215928477396377,787.077506090919,7.87077506090919,0.0,112.40147884289367,186.22335650939098,50144.056021082055,159160.162487212,19467.697134906335,7725.860542912302,15893.60352433184,2.875392593365225,2.8753925933652265,69.89095249629383,49751.58325795997,23384.36258038756,15439.020981086232,1,0.00039617321767764803,0.0003585287939962409,7,1
372,5,0.5781540262155919,0.5842143388419889,0,2.704486855170015,1.4725919052233445,0.06797980682066809,1396.8152065276815,13.968152065276815,0.0,115.09509241916945,186.22335650939098,50105.836066284624,159111.54228084412,19572.93726466489,7684.527155345801,16197.718182366532,3.5419697039000275,3.5419697039000235,69.89095249629383,49751.58325795997,23384.36258038756,15490.71483947887,1,0.0006898824591470219,0.0004496731483800423,7,1
373,5,0.5814197277855829,0.5844581404086742,0,2.703358702293388,1.4990462915285823,0.051236524348998606,675.2331423445323,6.752331423445323,0.0,112.46376275021137,186.22335650939098,50049.09094956103,159079.40162995184,19692.605755268352,7637.969249062792,16554.472065018133,3.6847177178791237,3.684717717879122,69.89095249629383,49751.58325795997,23384.36258038756,15526.093827653922,1,0.000326308511533336,0.000470788062786002,7,1
374,5,0.6007177301717598,0.5954561054480031,0,2.653428162956287,1.5548761995369655,0.015901139533566158,768.0181254693914,7.680181254693914,0.0,110.69287776253498,186.22335650939098,50002.035125085196,159058.41924012962,19731.364658228416,7623.102465786032,16788.434530300074,3.6039293213059196,3.60392932130592,69.89095249629383,49751.58325795997,23384.36258038756,15550.274231061865,1,0.0003659748616028532,0.00046072194409440366,7,1
375,5,0.6106181543833045,0.6075522452566269,0,2.6005993926211506,1.5781478080626106,0.0011722733780946217,753.3696022867534,7.5336960228675345,0.0,110.52219243263038,186.2384239014367,50006.86063379587,159061.20217510365,19716.75876339584,7628.823349129518,17377.249054499815,2.760656049180056,2.7606560491800556,69.89095249629383,49751.58325795997,23388.129428398992,15551.404285465294,1,0.00034683031815863606,0.00034637123043160836,7,1
376,5,0.6432961417491678,0.6552264150458376,0,2.4113801942637925,1.6041046252938904,0.015256091958158446,1028.1075502626693,10.281075502626694,0.0,111.44674173077435,186.3307877248572,50299.65977653388,159183.6677869006,19367.35295179968,7766.914472617065,17861.40148460082,3.082742520106704,3.082742520106701,69.89095249629383,49751.58325795997,23411.220384254113,15551.404285465294,1,0.00046048236523838317,0.00039109584833329076,7,1
377,5,0.6128616167475331,0.628857380169685,0,2.5124933726207805,1.525785392904514,0.034313042465497524,1220.9732819310084,12.209732819310084,0.0,112.70538143677645,186.3307877248572,50284.23483980942,159164.59887527247,19352.20780490589,7773.1936733065095,18101.968494591554,3.5047367903286997,3.504736790328699,69.89095249629383,49751.58325795997,23411.220384254113,15573.953808254668,1,0.0005395980143466969,0.0004489702325812387,7,1
378,5,0.5980913709352241,0.5928341607817033,0,2.6651635558865787,1.5090789587151314,0.04488673499042319,838.4424259087131,8.384424259087131,0.0,110.89334231574392,186.3307877248572,50218.558098822126,159126.74716950458,19482.360784177403,7721.419613712142,18410.510947522987,3.53992332395049,3.5399233239504913,69.89095249629383,49751.58325795997,23411.220384254113,15615.339210515605,1,0.00036433206152663354,0.00045480414703723786,7,1
379,5,0.6019474756960198,0.6093410493380831,0,2.5929649770294114,1.5267891256511035,0.03367776857525101,496.98491777125014,4.969849177712502,0.0,107.57024391335976,186.3307877248572,50188.12294917627,159111.31971414317,19533.593511200426,7701.258220793872,18806.104808611344,2.9227833183990786,2.9227833183990795,69.89095249629383,49751.58325795997,23411.220384254113,15633.734529507848,1,0.00021141429246685045,0.0003717814561133936,7,1
380,5,0.5970785000373536,0.6053885674387236,0,2.6098940168042155,1.5248545911418412,0.03490215750516385,684.0282894789642,6.840282894789643,0.0,107.33614690716321,186.3307877248572,50146.791910426815,159088.07151381444,19600.800419921714,7674.972146357108,19199.604369053588,2.2985804604144855,2.298580460414488,69.89095249629383,49751.58325795997,23411.220384254113,15659.344666284165,1,0.0002850176602936667,0.0002869213380957169,7,1
381,5,0.5964535250566471,0.5964720168165969,0,2.64890884308797,1.5289514716480401,0.03230919515946832,662.40314575034,6.624031457503399,0.0,107.42468900100286,186.3307877248572,50103.55196620877,159064.7761585558,19637.55054361284,7660.731202011769,19562.436478774143,2.067579919386858,2.0675799193868567,69.89095249629383,49751.58325795997,23411.220384254113,15684.796068062944,1,0.0002708877890416434,0.00025577324726738684,7,1
382,5,0.6184867624827965,0.6114404132715959,0,2.584062102709229,1.5879269404912695,0.005017050943841397,711.7718271297758,7.1177182712977585,0.0,107.35562461392703,186.3450231613998,50107.931102877264,159067.39382108406,19653.023011109715,7654.719033471792,19871.169684499728,2.2471803080577897,2.247180308057788,69.89095249629383,49751.58325795997,23414.779243389763,15685.863725803638,1,0.00028655457667798397,0.000280820008671098,7,1
383,5,0.6306202542629435,0.6310127729830933,0,2.503911279847156,1.5924465790406888,0.007877581671321954,1033.583058390565,10.335830583905649,0.0,108.59494524672152,186.39267338775792,50266.79419660433,159133.55554927664,19491.010274484466,7718.579710561819,20282.98864495156,2.5438485947521206,2.5438485947521214,69.89095249629383,49751.58325795997,23426.69179997929,15685.863725803638,1,0.00040766499512795375,0.00032170245361586036,7,1
384,5,0.6486062791397672,0.6310127729830933,1,2.503911279847156,1.6365790475663182,0.03580952377615073,916.7820716261692,9.167820716261692,0.0,108.57374540321085,186.45710382674272,50282.78009577627,159142.7555991449,19483.41952059186,7721.636335844698,20845.68964557696,2.735509465240238,2.735509465240241,69.89095249629383,49751.58325795997,23442.79940972549,15685.863725803638,1,0.000351835640734752,0.00034868507084689655,7,1
385,5,0.36868738840275045,0.3716876274364273,0,4.250881340596251,0.9601246771548795,0.3923261536994434,648.2825924230093,6.482825924230093,0.0,106.52333957009901,186.45710382674272,50248.26349705406,159068.91288153248,19793.937342644895,7600.861886700791,20885.68964557696,2.6385160081613144,2.6385160081613144,69.89095249629383,49751.58325795997,23442.79940972549,15762.602185862483,1,0.0002483164706262112,0.00033593903549630565,7,1
386,5,0.3595387489936293,0.36329792779223885,0,4.349047652436827,0.9703227788698771,0.3858716589431158,859.7455306957011,8.597455306957011,0.0,106.843619989849,186.45710382674272,50213.734572749796,158974.60555824675,20150.963203523672,7466.641265136309,20795.406875419136,2.4527129139833628,2.4527129139833654,69.89095249629383,49751.58325795997,23442.79940972549,15859.491772876183,1,0.0003307443940274904,0.00031029883512948453,7,1
387,5,0.357893704065646,0.355621923875496,0,4.442920680427907,0.9910475601773322,0.37275470874852396,513.0768497075878,5.130768497075878,0.0,105.27941124750579,186.45710382674272,50169.51625115445,158910.60621221078,20412.167648014838,7371.378106465238,20835.406875419136,2.0728505725900175,2.0728505725900197,69.89095249629383,49751.58325795997,23442.79940972549,15925.62512519315,1,0.00019700190268437617,0.00025868758911269256,7,1
388,5,0.360326844512765,0.36369984372541875,0,4.344241624675669,1.0278736371759087,0.3494470650785388,783.797958783815,7.83797958783815,0.0,105.69014542017808,186.45710382674272,50149.74911724604,158829.5408707361,20718.23985877471,7262.894700443881,20580.952985191067,2.2129843448967956,2.2129843448967947,69.89095249629383,49751.58325795997,23442.79940972549,16008.871675547189,1,0.00030466925777355145,0.00027747185149513937,7,1
389,5,0.36187718781819633,0.358571927509271,0,4.406368370706177,1.0620577822550106,0.32781153021834775,741.130693049271,7.41130693049271,0.0,106.09374378335016,186.45710382674272,50118.862144315644,158748.92843265206,21015.35065082946,7160.604744487844,20136.727283325024,2.129508726681241,2.129508726681243,69.89095249629383,49751.58325795997,23442.79940972549,16091.48012433948,1,0.0002944393823768939,0.0002653701809449405,7,1
390,5,0.3806395907775843,0.37890831264459435,0,4.169874207753254,1.1574427674363956,0.267441286432661,1024.6220090466932,10.246220090466933,0.0,107.14741672337945,186.45710382674272,50118.02878473741,158654.11384001205,21391.896637835976,7034.993877249939,20176.727283325024,2.6402257450184274,2.6402257450184297,69.89095249629383,49751.58325795997,23442.79940972549,16188.687291731852,1,0.0004062589515767458,0.0003351225305757304,7,1
391,5,0.36489947247841775,0.36865333182397036,0,4.28586930757604,1.1505904974750443,0.2717781661550353,1080.4010394856818,10.80401039485682,0.0,108.09441056852636,186.45710382674272,50108.06631976546,158549.12351229746,21784.42028373044,6908.7338086188165,19462.2066091654,2.988404708566548,2.9884047085665473,69.89095249629383,49751.58325795997,23442.79940972549,16296.19706037171,1,0.00044410217656486503,0.0003816001701728349,7,1
392,5,0.3684771406873217,0.3685253182079619,0,4.287358078091104,1.180854939866765,0.2526234557805286,437.72047846668767,4.377204784666877,0.0,104.64734968304954,186.45710382674272,50074.101505894236,158503.3504318628,21961.971888729247,6853.07257665989,19258.396727600477,2.7100020198976047,2.7100020198976047,69.89095249629383,49751.58325795997,23442.79940972549,16344.20078257096,1,0.00018183049592674,0.0003440638746894503,7,1
393,5,0.3429528726917597,0.34482343792211656,0,4.582055122241622,1.13458001748753,0.28191138133700633,839.3085309485111,8.393085309485112,0.0,104.99148208100316,186.45710382674272,50038.76726036579,158413.5669941655,22314.757142598053,6745.147938018465,19298.396727600477,2.5683051287489915,2.568305128748996,69.89095249629383,49751.58325795997,23442.79940972549,16436.03111629642,1,0.0003479288120336489,0.0003246204948417513,7,1
394,5,0.3357221504127323,0.33556316237618466,0,4.708502532911326,1.14212860426803,0.2771337947670696,780.8383499661807,7.808383499661807,0.0,105.51973721307833,186.45710382674272,50018.48781488444,158333.94580139287,22629.314114369456,6651.7570512212105,19298.396727600477,2.276302385421034,2.276302385421033,69.89095249629383,49751.58325795997,23442.79940972549,16517.416128895777,1,0.00032369045407774395,0.00028448325401271096,7,1
395,5,0.340450958115506,0.34028584098137205,0,4.643155282169065,1.1874729259595396,0.2484348569876332,838.5848771859,8.385848771859001,0.0,105.62043460514398,186.45710382674272,49983.00420258018,158252.46079669942,22914.0291579589,6569.499826541354,19034.679877186292,2.6944226159315265,2.6944226159315234,69.89095249629383,49751.58325795997,23442.79940972549,16600.910439693573,1,0.0003524450666243029,0.0003413547775785652,7,1
396,5,0.32991051763542584,0.3349223512957354,0,4.71751136909004,1.1719448581832341,0.2582627479852949,498.2139741622564,4.982139741622564,0.0,103.7372684718486,186.45710382674272,49963.581278015634,158205.12883918145,23124.87129409449,6509.809916069014,18901.831707602505,2.3586847344005673,2.3586847344005664,69.89095249629383,49751.58325795997,23442.79940972549,16649.95993957076,1,0.00021086378584647743,0.00029566643551617476,7,1
397,5,0.3307835631270992,0.33039203735940126,0,4.78219757542544,1.1993759749502753,0.240901281677041,643.1174041956582,6.431174041956582,0.0,103.4193028175184,186.45710382674272,49958.887257407056,158152.32568960424,23363.476643633254,6443.562496354133,18901.831707602505,2.232759354796643,2.2327593547966442,69.89095249629383,49751.58325795997,23442.79940972549,16704.35403121131,1,0.0002721926273153686,0.00027850049326204963,7,1
398,5,0.3443518165411666,0.3467075847752252,0,4.557154413060601,1.2686897870720815,0.1970317803341257,645.0712132056834,6.450712132056834,0.0,103.69330715158577,186.45710382674272,49940.333465652955,158105.01897343478,23551.294796236296,6392.367328578267,18446.304426870407,2.061370389934765,2.061370389934765,69.89095249629383,49751.58325795997,23442.79940972549,16753.070688373627,1,0.00027976171195180736,0.0002542727083712178,7,1
399,5,0.35142253422417535,0.3467075847752252,1,4.557154413060601,1.3267476512577312,0.16028629667232205,975.1322431739801,9.751322431739801,0.0,105.00289063034316,186.45710382674272,49908.002381635604,158041.9794579915,23841.059539027137,6314.905139535701,17989.379373332147,2.611347199983439,2.611347199983436,69.89095249629383,49751.58325795997,23442.79940972549,16817.808971815677,1,0.00043364797548026043,0.0003285341049158121,7,1
400,5,0.3464109220002679,0.34624905903249675,0,4.563189296210365,1.335097269422851,0.15500172821338554,1052.6065213142906,10.526065213142907,0.0,106.01813926777423,186.45710382674272,49882.04539013204,157978.27379767847,24088.831048896835,6250.206906021413,17961.684253151005,3.092206229148417,3.092206229148417,69.89095249629383,49751.58325795997,23442.79940972549,16883.48280868159,1,0.00046882308205796805,0.00039407758983001193,7,1
401,5,0.35318605382201657,0.34765400440350275,0,4.5447484567621474,1.3779931797286298,0.12785241789327234,620.3958928369749,6.203958928369749,0.0,103.8865534013369,186.45710382674272,49842.60720831727,157942.30292449702,24237.18086580275,6212.1020565930085,17348.76762525194,3.1107118402926774,3.110711840292674,69.89095249629383,49751.58325795997,23442.79940972549,16921.346489715972,1,0.0002860818272458545,0.0003961842949280277,7,1
402,5,0.34433014850527643,0.340378809364331,0,4.641887087362177,1.3652664390507445,0.13590731705649084,990.1654398273317,9.901654398273317,0.0,104.60354316044976,186.45710382674272,49810.012070492405,157887.27647553867,24433.793810241583,6162.38091744016,17442.444918745572,3.160903908411967,3.160903908411967,69.89095249629383,49751.58325795997,23442.79940972549,16978.272350005354,1,0.00045414066408233444,0.000403015191128719,7,1
403,5,0.34456782533827035,0.34402069071888114,0,4.592747013844897,1.3900118532688768,0.12024566248805271,946.4091829073599,9.464091829073599,0.0,105.23546732456019,186.45710382674272,49791.52264976981,157843.75248944003,24646.04473984799,6109.468792822189,17255.34956933964,3.0915051125355233,3.091505112535524,69.89095249629383,49751.58325795997,23442.79940972549,17023.602694215333,1,0.00043877832974835706,0.00039300027369218205,7,1
404,5,0.37223716406829643,0.3778530286851501,0,4.181520009242936,1.5107689086495582,0.04381714642433033,591.1447907318577,5.9114479073185775,0.0,102.90932664099698,186.45710382674272,49750.22377073987,157825.7495167932,24721.096718420293,6091.011591804862,17628.12797291976,3.038647598305924,3.0386475983059253,69.89095249629383,49751.58325795997,23442.79940972549,17043.411945865097,1,0.0002682734283027541,0.0003870641407111485,7,1
405,5,0.38251663028721894,0.3817487305270892,0,4.138848078992845,1.5599915717978856,0.012663562153237,622.2779986343822,6.222779986343823,0.0,101.75312030299497,186.4695493867154,49709.10374762484,157816.230435293,24780.84828800874,6076.370381836923,18117.735879495456,2.594093339833733,2.5940933398337327,69.89095249629383,49751.58325795997,23445.910799718662,17055.221342164892,1,0.0002747707562460444,0.00032727417143238517,7,1
406,5,0.38108434926896795,0.3743757703650048,0,4.220358594413172,1.5581182475431168,0.013849210415748913,770.7208736634004,7.707208736634004,0.0,102.28592530754946,186.48496380418868,49668.743195863244,157806.33775112248,24812.60477674001,6068.663504789864,18529.309796887836,2.3326056024293953,2.332605602429394,69.89095249629383,49751.58325795997,23449.764404086978,17067.42539010724,1,0.00033275750996093767,0.000291933898169912,7,1
407,5,0.3946818277587082,0.39316892808465265,0,4.01862885680481,1.5977767956487647,0.011251136486559914,548.4847829589911,5.484847829589911,0.0,101.21590778595618,186.49593349984787,49768.68416767218,157831.52031959713,24690.02190969895,6098.913816535789,18550.797350451223,2.2530321696599453,2.2530321696599453,69.89095249629383,49751.58325795997,23452.506828001773,17068.24811728168,1,0.00023653313551857648,0.0002813538005751862,7,1
408,5,0.4171996997103017,0.4252952565038177,0,3.715066123682047,1.662400123802165,0.05215197708997784,718.5299618818144,7.185299618818144,0.0,101.39440110021177,186.58781064991837,49932.05106547974,157874.15801287765,24495.609566342035,6147.473649078527,18470.647431426783,2.342916507692975,2.342916507692975,69.89095249629383,49751.58325795997,23475.476115519396,17068.24811728168,1,0.0003112094319592828,0.0002935000258129323,7,1
409,5,0.4117037453005799,0.4075800661213294,0,3.8765389461653945,1.6198694871000172,0.025233852594947558,1062.959751465963,10.62959751465963,0.0,103.04161878226866,186.66161310976207,50069.26683508492,157910.30603459632,24341.34367960669,6186.561595455196,18073.78021171752,2.6858113449410617,2.6858113449410603,69.89095249629383,49751.58325795997,23493.92673048032,17068.24811728168,1,0.00047049803151941817,0.0003394135329990925,7,1
410,5,0.43397206217526396,0.4435898473022013,0,3.561848878212951,1.6958094883608594,0.07329714453218947,705.7537875620586,7.057537875620587,0.0,101.91558798189547,186.77379507587935,50148.36756052431,157935.83591444185,24258.16602032598,6207.870875051157,18137.04859004596,2.8647476446983253,2.864747644698324,69.89095249629383,49751.58325795997,23521.97222200964,17068.24811728168,1,0.0003112981846227806,0.0003643352160338272,7,1
411,5,0.45191946573529757,0.452673569731327,0,3.4903738712595245,1.7422953381059685,0.10271856842149898,585.2211310873662,5.852211310873662,0.0,100.014793325098,186.9121683760007,50357.233834644256,157992.10090736236,24095.489965904075,6249.9283065632,18432.72004732829,2.7184654657216467,2.7184654657216494,69.89095249629383,49751.58325795997,23556.565547039976,17068.24811728168,1,0.00025399230480785845,0.0003452628403166857,7,1
412,5,0.46185607211658825,0.4604293588507461,0,3.4315796107002305,1.7469273759715236,0.10565023795666045,754.8111854148099,7.5481118541480985,0.0,100.44440300137936,187.10080447231277,50571.41918391636,158056.60242337687,23866.92406580498,6309.9840062940575,18238.544178205422,2.3821928202861207,2.3821928202861193,69.89095249629383,49751.58325795997,23603.724571117997,17068.24811728168,1,0.00033108396286005734,0.00029879148409689876,7,1
413,5,0.4491943383690565,0.4493445752216115,0,3.5162325020186627,1.6815312929452624,0.06426031199067235,683.0893114763763,6.8308931147637635,0.0,100.29712192431342,187.20457074195167,50708.27755685579,158097.9621245094,23743.884389908333,6342.801043062974,18602.90284984752,2.335280781235667,2.3352807812356655,69.89095249629383,49751.58325795997,23629.66613852772,17068.24811728168,1,0.00029375600872182177,0.0002929440921299125,7,1
414,5,0.44419042228127403,0.4442531646336298,0,3.5565306581507574,1.6397466640422793,0.03781434433055648,331.4766122087481,3.314766122087481,0.0,97.98503487522908,187.23713331060253,50848.09849743493,158137.22413698453,23578.981764354405,6387.302439177881,17972.856200314603,2.078463111486425,2.078463111486424,69.89095249629383,49751.58325795997,23637.806780690433,17068.24811728168,1,0.0001475454356344078,0.000257461802405429,7,1
415,5,0.43190839206581083,0.439988971797459,0,3.5909990960576272,1.5721674885634855,0.004957285719312995,717.6995548868964,7.176995548868964,0.0,98.81276785986392,187.25148730170028,51032.38414504583,158187.69152672848,23414.25267716818,6432.401317787428,17365.94944442779,2.0860375455363136,2.086037545536313,69.89095249629383,49751.58325795997,23641.395278464868,17069.32466661401,1,0.00033062381400272226,0.00025730841945298394,7,1
416,5,0.4398513918995492,0.44048088356022136,0,3.586988809206715,1.593025791880177,0.008244172076061283,1476.596866071757,14.76596866071757,0.0,102.31913984332809,187.2810192390217,51124.21305107533,158212.90254512246,23355.459765516804,6448.69125074981,17340.964766985067,3.036512914584424,3.036512914584428,69.89095249629383,49751.58325795997,23648.778262795226,17071.53956191312,1,0.0006812063277508088,0.0003864585257959796,7,1
417,5,0.41272684193052617,0.415810204216507,0,3.7998105481252558,1.5059270438723074,0.046881617802337155,686.1871211910073,6.861871211910073,0.0,99.96432228171884,187.2810192390217,51078.21045212789,158190.37838520255,23442.52662560042,6424.853063384353,17327.803433713336,3.44357584283271,3.443575842832712,69.89095249629383,49751.58325795997,23648.778262795226,17096.301680616103,1,0.00031680281869123577,0.00044287765348158893,7,1
418,5,0.40962358672820026,0.40714493223181686,0,3.8806819756763975,1.5001878280135825,0.050514032902795915,672.3998770750453,6.723998770750454,0.0,97.47355252945738,187.2810192390217,51052.6144827739,158173.2691399351,23486.488467585245,6412.943410213881,17770.177092584003,3.365292695662437,3.3652926956624327,69.89095249629383,49751.58325795997,23648.778262795226,17115.64566425929,1,0.00030270936460420844,0.0004335728370154176,7,1
419,5,0.43107104800199264,0.42622793489011046,0,3.706936760039798,1.5787286293172962,0.0008046649890530932,1167.1555043421133,11.671555043421133,0.0,99.24733249941549,187.30436234910854,51027.56468186302,158166.55268581203,23486.566766416217,6412.995091085405,18163.678341976516,2.957800131299828,2.957800131299828,69.89095249629383,49751.58325795997,23654.614040316937,17125.86018264559,1,0.0005140612963376699,0.0003778578265443714,7,1
420,5,0.4105751749929532,0.41664173054985487,0,3.7922269521942162,1.513833740138896,0.04187737965892667,977.7309895045629,9.77730989504563,0.0,99.47298417495374,187.30436234910854,50987.82167621602,158142.02062744502,23566.06925541074,6391.4832599441,18288.235650601433,3.226737914490229,3.2267379144902284,69.89095249629383,49751.58325795997,23654.614040316937,17152.57920699846,1,0.00042769833380724574,0.000414822998249708,7,1
421,5,0.4316866918311781,0.4293503624909745,0,3.6799782602564206,1.5871647833968596,0.004534673035987058,586.3061056453563,5.863061056453563,0.0,96.8110783553463,187.31608847122146,50990.77775399838,158143.97186060977,23532.745628444285,6400.578702550257,17785.411173997723,3.1320246771142695,3.1320246771142735,69.89095249629383,49751.58325795997,23657.545570845163,17153.458666156926,1,0.000263724509896082,0.0004018280466803325,7,1
422,5,0.4112828000882617,0.40993487088437003,0,3.854270793288208,1.527872606347089,0.03299202129931074,772.6752466797823,7.726752466797823,0.0,96.6254669682811,187.31608847122146,50936.32125226962,158120.8020021731,23654.980443647197,6367.603262523685,18253.21487906567,2.6997209187348967,2.6997209187348954,69.89095249629383,49751.58325795997,23657.545570845163,17178.441499900855,1,0.000338647302099512,0.00034335671526761327,7,1
423,5,0.4027100646796626,0.40318332415288566,0,3.918812870844008,1.5075320230656706,0.04586580818628449,687.9997694432194,6.879997694432194,0.0,96.48228452446337,187.31608847122146,50908.273145346575,158103.33469867014,23745.910377872355,6343.292850724326,18286.050367169326,2.390775181135904,2.390775181135903,69.89095249629383,49751.58325795997,23657.545570845163,17197.504840887355,1,0.00030099436701911325,0.0003011220596715691,7,1
424,5,0.4161238903821841,0.41115803123718936,0,3.8428046638070597,1.5525875980583137,0.01734962148207998,870.4203977302359,8.70420397730236,0.0,96.99809623236794,187.31608847122146,50851.081174945924,158082.66980184746,23706.889249728454,6353.910720267175,18869.871961699966,2.6420339041198697,2.6420339041198684,69.89095249629383,49751.58325795997,23657.545570845163,17219.995085683313,1,0.0003690201606017981,0.00033622060990680776,7,1
425,5,0.43328567083235386,0.43264352311154747,0,3.651967302403444,1.5964520733848486,0.010412704673954781,612.985926961138,6.12985926961138,0.0,95.82728958819429,187.34402773470615,51005.769048127244,158126.37712593103,23558.84925286052,6393.99827451209,19074.36971819509,2.439333226845389,2.4393332268453882,69.89095249629383,49751.58325795997,23664.530386716335,17219.995085683313,1,0.00025709302525531283,0.0003090358509587414,7,1
426,5,0.4319816587144333,0.4357839111832326,0,3.625650143232715,1.5823898699697205,0.0015125759302028225,740.8141021786104,7.408141021786104,0.0,95.68989171915543,187.3588440167497,51082.02613516053,158147.7835050316,23490.436470680845,6412.7291908945945,19059.612886632898,2.4634280288825043,2.4634280288825057,69.89095249629383,49751.58325795997,23668.234457227227,17221.10630683658,1,0.00031094612743081117,0.00031235310442930735,7,1
427,5,0.42880307744057766,0.4297168570073682,0,3.676839700921736,1.5652363999019827,0.009344050694947696,484.3749033719783,4.843749033719783,0.0,94.32102825500942,187.36853151481716,51084.253574799775,158149.18146053926,23449.299673912024,6424.034008300265,19618.66530007102,2.038332479423276,2.038332479423278,69.89095249629383,49751.58325795997,23670.656331744085,17221.83286919164,1,0.0001975159455399751,0.000255185032742033,7,1
428,5,0.4390088558968642,0.44667825854697407,0,3.537221634963105,1.5734254009774342,0.004161138621877122,402.76998994754706,4.02769989947547,0.0,92.85012213776267,187.37658691461613,51303.78915051042,158210.72608640918,23236.050652482438,6483.200287837605,19752.421096803475,1.8057763011301335,1.8057763011301309,69.89095249629383,49751.58325795997,23672.670181693822,17222.43702417656,1,0.00016312734037964678,0.00022386313778347767,7,1
429,5,0.43637648820129155,0.4374749660549225,0,3.6116352308068755,1.561441070415924,0.01174615796460507,619.9449655580395,6.199449655580395,0.0,93.46372170689992,187.3889858139273,51271.721039423595,158202.09221724514,23217.27667909435,6488.540525017826,19419.694948626337,1.674678150845519,1.6746781508455186,69.89095249629383,49751.58325795997,23675.76990652161,17233.127370561688,1,0.0002553881375368944,0.0002053438078188388,7,1
430,5,0.4576996514265071,0.4566986846272368,0,3.459611453204898,1.6098716173889778,0.018906086955049178,541.2971632072664,5.412971632072664,0.0,93.54442284816005,187.42720310640001,51469.838782901905,158259.2563092467,23019.22156954089,6544.5527299725745,18696.038237275316,1.7646218490536965,1.7646218490536956,69.89095249629383,49751.58325795997,23685.32422963979,17233.127370561688,1,0.0002316200496971824,0.00021671184253790787,7,1
431,5,0.4708785570946298,0.46633501618427886,0,3.3881221550295093,1.6413122881276798,0.03880524565043022,536.5361683209226,5.365361683209226,0.0,93.10937803494107,187.47870078169922,51581.412449560936,158293.50239390848,22915.566542014,6574.281437092442,19070.166097278292,1.9109548010312525,1.910954801031253,69.89095249629383,49751.58325795997,23698.198648464597,17233.127370561688,1,0.00022507876044037078,0.00023736231589148254,7,1
432,5,0.46604312732815134,0.4590355702662673,0,3.4419990570306096,1.6162986323593544,0.022973817948958464,780.5944212040689,7.805944212040689,0.0,94.01932188604415,187.51883002365028,51623.88960047666,158307.5076780823,22858.04808966027,6590.883641825718,18587.266311291576,2.113453005050143,2.1134530050501414,69.89095249629383,49751.58325795997,23708.230958952365,17233.127370561688,1,0.0003359695430757844,0.0002642227844044459,7,1
433,5,0.4522095924856052,0.45363649008157825,0,3.482964961032711,1.5703887287395908,0.006083083076208406,639.9414664122753,6.399414664122753,0.0,93.68525260738126,187.5316288529785,51627.94594682565,158309.0784958476,22873.126809386118,6586.552210958505,19224.89390185653,2.1910758769191263,2.191075876919125,69.89095249629383,49751.58325795997,23711.430666284425,17234.087282761306,1,0.0002662970083181481,0.0002757817706114344,7,1
434,5,0.4346063089023688,0.4286858990390563,0,3.6856822292072895,1.5190422582534462,0.038580849206679674,650.6706869272069,6.50670686927207,0.0,93.08315349308052,187.5316288529785,51590.25007089539,158290.519124064,22947.329221222295,6565.356557933838,19564.220389783273,2.286602144590521,2.2866021445905247,69.89095249629383,49751.58325795997,23711.430666284425,17254.396485965994,1,0.00026606557234123035,0.0002894440412450543,7,1
435,5,0.4428643009770812,0.44562428613752075,0,3.5455877274884613,1.5496115574592693,0.019233191481475193,972.5461705591309,9.725461705591309,0.0,94.30275376424123,187.5316288529785,51562.518406165924,158276.56610689953,22960.192809391894,6561.805563390433,19705.670124056094,2.4308391987258906,2.430839198725888,69.89095249629383,49751.58325795997,23711.430666284425,17270.218673491694,1,0.00039482896625651947,0.00030906384897196596,7,1
436,5,0.4434070497110696,0.44957768043757673,0,3.5144093418120232,1.55022714343703,0.01884358010314558,487.69689376697755,4.876968937669775,0.0,92.33517294993803,187.54138279085385,51564.80337396607,158278.2374263879,22950.733561259956,6564.532881639919,19699.419938146762,2.261194247063272,2.261194247063271,69.89095249629383,49751.58325795997,23713.86915075326,17270.950218832346,1,0.0001980553316994198,0.00028631662343238986,7,1
437,5,0.4494469299467085,0.4428900792296206,0,3.5674766134936022,1.578099958536183,0.0012025578884918096,396.3349992277194,3.9633499922771938,0.0,90.30092650334083,187.5493094908384,51521.877552566744,158266.96591570295,23000.13995713818,6550.4990581642915,19650.717281096175,2.0030364332332913,2.0030364332332917,69.89095249629383,49751.58325795997,23715.8508257494,17284.283998109884,1,0.00016135187069593246,0.00025141205621729055,7,1
438,6,0.4677847416245779,0.4581590993379985,0,3.4485836956702762,1.813356450838792,0.14769395622708353,811.9917531668931,8.11991753166893,0.0,126.06027211657305,189.092826501198,49060.693029359034,158302.1465285696,25492.857977384065,6576.2966661665,20086.585701724736,1.8905576081863806,1.890557608186379,100.43292850862368,49651.150329451346,23732.20525063328,17284.283998109884,1,0.0003233966250808554,0.00022760127582540255,10,1
439,6,0.4760005200490376,0.4581590993379985,1,3.4485836956702762,1.8079320746079113,0.14426080671386785,901.5828644930764,9.015828644930764,0.0,127.13959589560358,189.37261655491827,49252.776763609036,158355.46645027888,25234.474974364257,6643.846513739621,19360.551350856364,2.3257724611506356,2.325772461150637,100.43292850862368,49651.150329451346,23802.15276406335,17284.283998109884,1,0.0003725442930438847,0.0002857642629402242,10,1
440,6,0.47097373199817905,0.47990903619388336,0,3.292290581837846,1.7565586078537312,0.1117459543378045,885.610699054974,8.85610699054974,0.0,127.37443423662532,189.61094961712823,49537.409566538925,158439.34879414923,25006.193981594013,6704.735298853421,18507.22648472183,2.876186403999258,2.876186403999256,100.43292850862368,49651.150329451346,23861.73602961584,17284.283998109884,1,0.00038281725240076037,0.00035958605684183344,10,1
441,6,0.4830074830761527,0.47912130571213885,0,3.2977034858668564,1.7854755477562438,0.13004781503559731,588.7262595450468,5.887262595450468,0.0,125.57233366506887,189.77660312394278,49673.707166296976,158482.51582979615,24895.348209681553,6734.698492048078,18261.42643797385,2.7166156937704056,2.7166156937704056,100.43292850862368,49651.150329451346,23903.14940631948,17284.283998109884,1,0.00025791030576705266,0.0003377572837372326,10,1
442,6,0.4512263313388995,0.4474259983584608,0,3.531310218442344,1.64579995455945,0.041645540860411306,730.3402978506019,7.3034029785060195,0.0,125.18993990349315,189.85461787841777,49835.02913923285,158528.7289519546,24729.43533003746,6780.029583268711,18789.69272732541,2.5589457239220796,2.558945723922081,100.43292850862368,49651.150329451346,23922.653094938232,17284.283998109884,1,0.0003109535886293596,0.00031722704893239086,10,1
443,6,0.45539761042633425,0.4584842612293172,0,3.446137923608552,1.626955770314397,0.02971884197113735,1198.931066582179,11.98931066582179,0.0,127.09144112032097,189.96472441261602,50043.77476159019,158591.11702830816,24475.062384184268,6850.7608677272865,18960.383445540545,2.8598400763833074,2.8598400763833083,100.43292850862368,49651.150329451346,23950.179728487794,17284.283998109884,1,0.0005058678565339525,0.00035824391697678823,10,1
444,6,0.47359336405518615,0.4783481678868056,0,3.3030334515128423,1.6657518036705374,0.05427329346236542,1178.0508282124363,11.780508282124362,0.0,127.9077115664212,190.12304058007274,50238.70485831673,158649.1226050582,24285.06238831932,6904.53665872122,19340.066531007797,3.4147580697027347,3.414758069702733,100.43292850862368,49651.150329451346,23989.75877035197,17284.283998109884,1,0.0004872995969579217,0.00043470701404041125,10,1
445,6,0.4770236568338392,0.4783481678868056,1,3.3030334515128423,1.6482387278981583,0.04318906828997355,775.0360246834989,7.7503602468349895,0.0,125.23726594247779,190.2174152646608,50467.10051277617,158718.46654787904,24070.44442008726,6966.32788960603,19785.22231172847,3.410303996113093,3.4103039961130914,100.43292850862368,49651.150329451346,24013.352441498984,17284.283998109884,1,0.00031337975888158336,0.00043551573745781924,10,1
446,6,0.49489353927976165,0.4783481678868056,1,3.3030334515128423,1.6849143045447508,0.06640145857262703,983.5965252656052,9.835965252656052,0.0,124.9828946576516,190.37326228467552,50631.682545081654,158772.60713230437,23893.639736358557,7018.047092072732,20095.58129131429,3.1281423847465253,3.1281423847465266,100.43292850862368,49651.150329451346,24052.31419650267,17284.283998109884,1,0.0003915672847705023,0.0003974155468700025,10,1
447,6,0.49851422683953756,0.4942502298731062,0,3.196761285079522,1.6664785946894651,0.05473328777814244,902.8338011407309,9.028338011407309,0.0,124.96002845410413,190.49383287201826,50803.01983812633,158825.95309628974,23676.487003826842,7082.638595300112,19840.746313044598,2.831065345382112,2.8310653453821097,100.43292850862368,49651.150329451346,24082.456843338354,17284.283998109884,1,0.0003640321939088145,0.0003563264125203,10,1
448,6,0.5082534446067033,0.5100921554416662,0,3.0974795106032325,1.6842710806190657,0.06599435482219344,940.0532990955195,9.400532990955195,0.0,124.7117898152311,190.6317272363761,50893.70044360868,158860.74891997327,23573.595203893103,7113.677306469512,20267.613009742865,2.9661229746553794,2.9661229746553817,100.43292850862368,49651.150329451346,24116.930434427813,17284.283998109884,1,0.00037105634438298207,0.0003755519410207663,10,1
449,6,0.5188873385233778,0.5153369607098857,0,3.0659551331686408,1.679329931264303,0.06286704510398924,896.092560505865,8.96092560505865,0.0,124.24607039624938,190.7831442582127,51162.79781828075,158947.63011612475,23297.033043278294,7198.427924295297,20679.659296131267,2.8515432408968766,2.851543240896874,100.43292850862368,49651.150329451346,24154.784689886965,17284.283998109884,1,0.00034665660499484354,0.00036058171442888005,10,1
450,6,0.528918995418818,0.5229320739060979,0,3.0214249208277066,1.675710579981331,0.060576316443880326,397.43019164229776,3.9743019164229776,0.0,120.89206842487857,190.84974131141516,51422.45165781609,159033.26106115975,23050.566662820744,7275.649332756181,21109.222703317675,2.3219748210698046,2.3219748210698063,100.43292850862368,49651.150329451346,24171.43395318758,17284.283998109884,1,0.00015061859822241007,0.0002894438492000786,10,1
451,6,0.5340627618065863,0.542625993744465,0,2.9117661487187405,1.6636588160365955,0.05294861774468064,886.0474957381471,8.86047495738147,0.0,121.73856566816787,190.97682300643993,51662.320484800905,159112.02525863022,22856.989993337324,7337.4823520057125,20792.040313341095,2.2533129168673405,2.2533129168673383,100.43292850862368,49651.150329451346,24203.204376943773,17284.283998109884,1,0.00034091795990588556,0.0002793977210410464,10,1
452,6,0.5845127570439484,0.5853720338367739,0,2.699138169693583,1.7613320938011667,0.11476714797542194,720.7942322249785,7.207942322249785,0.0,122.06854372267394,191.19004362282078,52029.53695640501,159239.36434965307,22481.11442775195,7460.545471142243,19922.1813651931,2.124031060667277,2.1240310606672748,100.43292850862368,49651.150329451346,24256.509531038984,17284.283998109884,1,0.0002894438993450021,0.0002603268191577659,10,1
453,6,0.579056269522901,0.5683441940388441,0,2.7800055258275647,1.7013657952185868,0.07681379444214348,1004.6945328750768,10.046945328750768,0.0,122.9379479185773,191.3937890178016,52336.373356231925,159345.97283529825,22199.405198669025,7555.52086217711,19673.246932441172,2.756113374448505,2.7561133744485042,100.43292850862368,49651.150329451346,24307.445879784183,17284.283998109884,1,0.00040855260398051985,0.0003463048210771358,10,1
454,6,0.5914157281811747,0.5938028987081027,0,2.6608155727051868,1.6967176510002429,0.07387193101281188,1318.9980993511947,13.189980993511947,0.0,124.66910369544149,191.64035024040524,52576.12213213223,159437.58669898688,21936.649507001075,7646.33970442286,19902.28343976909,3.2172245202734495,3.2172245202734517,100.43292850862368,49651.150329451346,24369.0861854351,17284.283998109884,1,0.0005301896552093313,0.0004093953861782844,10,1
455,6,0.5933958052940885,0.594305199567051,0,2.6585666777794037,1.6658342120236778,0.05432545064789727,780.6772769240116,7.8067727692401165,0.0,122.2272101477128,191.75787931813989,52816.03572822875,159527.89314471392,21700.173874594864,7729.936183561786,20358.77384580656,3.2498750640813516,3.2498750640813525,100.43292850862368,49651.150329451346,24398.46845486876,17284.283998109884,1,0.0003067678958808468,0.00041517005169023263,10,1
456,6,0.5868805716099345,0.5874179010679595,0,2.6897375737570632,1.617378737819018,0.02365742899937849,900.3337082514922,9.003337082514923,0.0,121.21329654133746,191.83641282314494,53036.61737069798,159613.08727357895,21500.94981807202,7801.815013595542,20260.78865817223,3.1200087051517196,3.1200087051517214,100.43292850862368,49651.150329451346,24418.10183112002,17284.283998109884,1,0.00035549799109654736,0.0003974851807289085,10,1
457,6,0.6316665828846452,0.6177978941523589,0,2.5574706792547706,1.7054242528332868,0.07938243850208021,677.0325242166697,6.770325242166697,0.0,120.21130421506331,191.96742906509147,53224.86639681491,159688.90011445415,21281.705523387714,7882.462198823737,19676.038305453603,2.5043396836807257,2.5043396836807257,100.43292850862368,49651.150329451346,24450.855891606654,17284.283998109884,1,0.000275271887035925,0.00031251259133777305,10,1
458,6,0.6755605053810246,0.6773563908880949,0,2.3325977598416574,1.7621251279104622,0.11526906829776082,901.9109422329709,9.01910942232971,0.0,120.68291553915115,192.23346871625506,53593.22690717753,159833.8820168508,20918.601096357495,8019.7373640979,19844.577792202526,2.6415800142554917,2.6415800142554904,100.43292850862368,49651.150329451346,24517.365804397552,17284.283998109884,1,0.0003635898739402181,0.0003314532506908968,10,1
459,6,0.71108326315882,0.6773563908880949,1,2.3325977598416574,1.813492615270837,0.14778013624736516,959.7080115851837,9.597080115851837,0.0,121.32589589985521,192.56934470834207,53845.13309365586,159952.26242968522,20684.853937358723,8110.67732610752,19913.94014284489,2.715092925655872,2.715092925655873,100.43292850862368,49651.150329451346,24601.334802419307,17284.283998109884,1,0.00038554218992367846,0.0003414679836332738,10,1
460,6,0.7509361772778288,0.7430541998550877,0,2.1263590197163755,1.8581117286145679,0.17602008140162517,746.8984005023559,7.468984005023559,0.0,120.09159439014304,192.87754491316593,54176.73760122406,160094.1608931448,20375.111438375185,8234.385510580361,19953.94014284489,2.7712202941023913,2.771220294102391,100.43292850862368,49651.150329451346,24678.384853625274,17284.283998109884,1,0.0002994489890840651,0.0003495270176493205,10,1
461,6,0.7386998896138842,0.7357352031286726,0,2.147511758688641,1.7901060631259869,0.13297852096581442,806.4650917175193,8.064650917175193,0.0,119.60690966594024,193.12837133909284,54410.391674610066,160202.12414686164,20164.095458035856,8320.856174859284,20087.515424004272,2.665683003454345,2.6656830034543435,100.43292850862368,49651.150329451346,24741.091460107,17284.283998109884,1,0.00032118062376347686,0.0003353906009237401,10,1
462,6,0.737726109677106,0.7372796913983072,0,2.1430130497741087,1.746930408191753,0.10565215708338789,449.9745680686253,4.499745680686253,0.0,117.42374239297929,193.2460559498775,54644.23891713698,160308.78361509964,19932.960858751077,8417.659684505501,20344.788654059652,2.151418043421585,2.1514180434215833,100.43292850862368,49651.150329451346,24770.512612803166,17284.283998109884,1,0.0001769394907835865,0.0002658563678770428,10,1
463,6,0.7836261867497288,0.7915511694529492,0,1.9960806843251302,1.7930000683841796,0.13481016986340474,1546.0866877834271,15.460866877834272,0.0,120.84175759908543,193.7701490720915,55043.214148,160497.90773632278,19594.356358318164,8563.664344263807,19552.66535716136,2.976960531262219,2.976960531262216,100.43292850862368,49651.150329451346,24901.535893356664,17284.283998109884,1,0.0006325835008339291,0.0003769012051269975,10,1
464,6,0.7580897683759004,0.7550306835193737,0,2.092630186412097,1.7093538991915926,0.08186955645037504,708.0923837731578,7.080923837731579,0.0,119.20409683692347,193.90981598106248,55234.164205281755,160586.1277928172,19451.663532706898,8626.71393501932,19130.60173214777,2.917804649044722,2.917804649044723,100.43292850862368,49651.150329451346,24936.45262059941,17284.283998109884,1,0.0002961087763729891,0.0003685439226635016,10,1
465,6,0.8081185121047928,0.8126202435363482,0,1.9443276395923643,1.7479995186356716,0.10632880926308325,828.7874715246628,8.287874715246629,0.0,117.45519729179746,194.15290974406776,55604.24658761608,160770.52632321484,19052.340463418866,8808.096834848748,19334.93199972904,3.3159811000975385,3.315981100097539,100.43292850862368,49651.150329451346,24997.226061350728,17284.283998109884,1,0.0003429181841596454,0.0004238701537888545,10,1
466,6,0.8047732362225561,0.8152054340154863,0,1.938161761529653,1.6928268760620893,0.07140941522917037,771.3783177591517,7.713783177591518,0.0,117.1988444310415,194.30395405882447,55869.036760445866,160901.43564487615,18788.59415509778,8932.134724517247,19561.875505023287,2.5412678837461975,2.541267883746194,100.43292850862368,49651.150329451346,25034.987140039906,17284.283998109884,1,0.00031546190652775386,0.0003181629556867961,10,1
467,6,0.8197720566085174,0.8152054340154863,1,1.938161761529653,1.6595510244120382,0.05034874962787221,815.5446031935326,8.155446031935325,0.0,117.0240514035726,194.44975773168153,56222.90907524006,161084.07675570683,18432.595942678898,9105.18981476764,19794.508630564957,2.619881557155398,2.619881557155402,100.43292850862368,49651.150329451346,25071.43805825417,17284.283998109884,1,0.0003296043840903389,0.0003293281582592461,10,1
468,6,0.7919179390014475,0.7944263990971612,0,1.9888563645362451,1.5888271947177628,0.005586832099849823,1218.4290267862032,12.184290267862032,0.0,118.70715028753882,194.47412631221727,56336.27825355511,161141.66705555853,18350.19101985365,9146.27185450888,19162.284197357483,3.033555820894775,3.0335558208947724,100.43292850862368,49651.150329451346,25077.5302033881,17286.111641650063,1,0.0005086779902593145,0.00038458142695913574,10,1
469,6,0.7993386166626183,0.7916668922910453,0,1.9957889048859394,1.602729384882597,0.014385686634555002,699.256725081549,6.99256725081549,0.0,116.6741589488638,194.4881114467189,56339.33600760418,161146.2504530814,18344.58783013632,9149.10377116546,19742.88799527795,2.94499725462909,2.944997254629087,100.43292850862368,49651.150329451346,25081.02648701351,17287.160526737684,1,0.0002833452634685647,0.00037387587927273933,10,1
470,6,0.8002226535459961,0.801452372907579,0,1.9714209520248072,1.5949135177954883,0.009438935313600138,1405.0834665042369,14.05083466504237,0.0,118.3856789877024,194.516213116049,56426.14021468273,161192.37590683642,18289.857204285134,9176.646822343338,19792.087356174303,3.5275612004739947,3.527561200473993,100.43292850862368,49651.150329451346,25088.051904346034,17289.26815193744,1,0.0005679374554966927,0.0004533202364081906,10,1
471,6,0.8001634175299737,0.801452372907579,1,1.9714209520248072,1.5926310906076568,0.007994361144086562,1154.4753344981832,11.544753344981832,0.0,118.82278149042102,194.53930262273894,56431.669748543274,161198.1247210652,18277.56769763022,9182.943318964828,20096.222693833628,3.4055768760594467,3.4055768760594423,100.43292850862368,49651.150329451346,25093.824281018526,17290.999864939185,1,0.00045957903715007105,0.00043695391870510945,10,1
472,6,0.7593244599212351,0.7616244014903976,0,2.0745133649974323,1.529283747807504,0.03209889379271898,1173.7068855006307,11.737068855006308,0.0,118.01603424317017,194.53930262273894,56389.325522323605,161166.37317518998,18385.876613810357,9129.009479094597,20602.070979403055,3.818397713691376,3.8183977136913745,100.43292850862368,49651.150329451346,25093.824281018526,17328.09261485247,1,0.0004557626800428154,0.0004944263908965265,10,1
473,6,0.7999824116331675,0.7616244014903976,1,2.0745133649974323,1.6190726437376055,0.024729521352914834,634.4930478561902,6.344930478561902,0.0,114.67817437671125,194.55199248369607,56345.68407393945,161147.64387416214,18431.062492460496,9106.772249355437,21131.13426608698,3.0099311499550336,3.0099311499550296,100.43292850862368,49651.150329451346,25096.996746257806,17352.577811719988,1,0.0002402116383783441,0.0003851844518570769,10,1
474,6,0.8011378759367327,0.8051965327357418,0,1.9622538545114945,1.5845801771215007,0.0028988462794307633,812.2694738434482,8.122694738434483,0.0,113.79675099979909,194.59603854146823,56582.181707036674,161269.78804613606,18220.88686574621,9212.183019873879,21743.21794031333,2.6117898366368193,2.6117898366368193,100.43292850862368,49651.150329451346,25108.008260700848,17352.577811719988,1,0.00029885897333989305,0.00033161109725368416,10,1
475,6,0.7855059750058663,0.7827851395062209,0,2.0184338208012744,1.5566781482529919,0.014760665662663406,1788.865041148375,17.88865041148375,0.0,117.71559114176289,194.59603854146823,56532.20752174206,161234.1785664892,18238.805070288454,9203.373462752874,21851.37631798255,3.1020082626049525,3.1020082626049494,100.43292850862368,49651.150329451346,25108.008260700848,17392.853430024494,1,0.0006549207757412448,0.00039799712915316064,10,1
476,6,0.8304526764277687,0.8425983330649937,0,1.8751520600007252,1.5825588475856127,0.0016195237883624334,802.5815895142226,8.025815895142227,0.0,114.67964719596421,194.65992917115395,56883.33521616584,161423.48473883048,17885.77114921047,9385.614028506372,22417.394000497054,3.2045258857503507,3.2045258857503525,100.43292850862368,49651.150329451346,25123.98091812228,17392.853430024494,1,0.0002864138764733947,0.00041339787518484416,10,1
477,6,0.7839856333148127,0.7711872969429099,0,2.048788933976652,1.5006511170088719,0.05022081201970138,987.4440440694133,9.874440440694134,0.0,113.25638081156346,194.65992917115395,56817.72510933584,161374.0302002371,17925.773734594226,9364.967589525877,21057.834575101813,3.3997217144275758,3.399721714427574,100.43292850862368,49651.150329451346,25123.98091812228,17447.42384327081,1,0.0003751360247599017,0.0004388235589915137,10,1
478,6,0.7876378879120852,0.7872637057888077,0,2.0069514044431926,1.5339165917319562,0.029166714093698677,1311.4026443087955,13.114026443087955,0.0,114.93349361711395,194.65992917115395,56744.91557605514,161322.83544120094,18081.535182071995,9284.534933503028,21414.414292170673,2.9977949442335334,2.9977949442335348,100.43292850862368,49651.150329451346,25123.98091812228,17503.120173635387,1,0.0004899139902372236,0.00038382129715684,10,1
479,6,0.7928878911032615,0.7871852728486709,0,2.0071513714710214,1.548585613992377,0.01988252278963483,1874.772711699015,18.74772711699015,0.0,117.74687569298887,194.65992917115395,56695.291058242765,161283.96209130326,18107.79750626595,9271.333304106738,21823.387388214116,3.974203640824356,3.974203640824353,100.43292850862368,49651.150329451346,25123.98091812228,17548.057575980834,1,0.0006872526902808864,0.0005174342350926706,10,1
480,6,0.775069039143853,0.7568858247015564,0,2.0875011110467043,1.5290836194018558,0.032225557340597656,853.4782572014416,8.534782572014416,0.0,113.43723091283113,194.65992917115395,56639.51161634296,161249.5576252294,18199.263485144616,9224.927586415897,22165.25497280509,3.8008069316231006,3.800806931623103,100.43292850862368,49651.150329451346,25123.98091812228,17588.30989344728,1,0.0003080418459426117,0.0004950695088202406,10,1
481,6,0.7757574587897675,0.7793286705474342,0,2.0273859537210916,1.5403701334349258,0.025082194028528022,764.236036059276,7.64236036059276,0.0,109.8329452208711,194.65992917115395,56599.24506546694,161226.01804373253,18258.33375962328,9195.217624426337,22585.974959985644,3.2580673618801463,3.2580673618801494,100.43292850862368,49651.150329451346,25123.98091812228,17616.92370637656,1,0.0002706940169421889,0.00042199618438856236,10,1
482,6,0.7749527925262228,0.7838711565308368,0,2.015637374632554,1.5478677048107212,0.020336895689416993,748.0664596992999,7.480664596992999,0.0,109.31549019451535,194.65992917115395,56586.44447722636,161216.90416361205,18312.295788559793,9168.202627915121,22446.2043570123,2.234783458153618,2.2347834581536197,100.43292850862368,49651.150329451346,25123.98091812228,17629.471084476827,1,0.00026661664406190815,0.00028178416898223623,10,1
483,6,0.7855866689286154,0.7861216749573808,0,2.0098669841226027,1.5685068511072253,0.007274144868844779,500.5210675398765,5.005210675398765,0.0,107.63792643104456,194.66993959250473,56588.86238076549,161220.29936928194,18308.84795164194,9169.986643091583,22609.496876041398,1.912169136905899,1.9121691369058982,100.43292850862368,49651.150329451346,25126.48352345998,17630.221866078136,1,0.00017710117842392633,0.00023813727980934112,10,1
484,6,0.751107027554514,0.7861216749573808,1,2.0098669841226027,1.505104941734405,0.04740193561113618,709.6950234486523,7.096950234486522,0.0,107.90887403958801,194.66993959250473,56590.99907814483,161212.49792792232,18342.077304006336,9153.423645737,22507.38638270116,1.8685242080563713,1.8685242080563726,100.43292850862368,49651.150329451346,25126.48352345998,17640.89077952002,1,0.00025225319773036406,0.0002319903400720662,10,1
485,6,0.7226544529785734,0.7199799801899667,0,2.1945054633090173,1.4593877488362086,0.07633686782518448,611.7422779154507,6.1174227791545075,0.0,107.74212976187121,194.66993959250473,56541.76026210025,161173.7929254191,18413.668529735438,9118.015119214344,22318.39722893388,1.7545431559266227,1.7545431559266214,100.43292850862368,49651.150329451346,25126.48352345998,17682.24597324343,1,0.0002192782112946281,0.00021621086248297284,10,1
486,6,0.7335160695200879,0.7387850918127109,0,2.138646295803361,1.492899892026208,0.0551266506163241,687.6319532833484,6.876319532833484,0.0,107.65769579300196,194.66993959250473,56477.86158762053,161130.58343505778,18485.67624635939,9082.685754801001,22619.006282195085,1.9129177918406304,1.912917791840632,100.43292850862368,49651.150329451346,25126.48352345998,17728.360939386806,1,0.00024320500899268203,0.00023824547267255807,10,1
487,6,0.7174225554281563,0.712686117139554,0,2.2169647506836645,1.4786635612297454,0.06413698656345232,1364.3635039609005,13.643635039609006,0.0,110.2575845415733,194.66993959250473,56414.2156616661,161068.4816536139,18602.788493330267,9025.758400291623,22954.741818849263,2.457737211337732,2.4577372113377343,100.43292850862368,49651.150329451346,25126.48352345998,17794.198032834356,1,0.00047549687632402116,0.0003126600322037771,10,1
488,6,0.7537711237767954,0.7440191612932879,0,2.1236012218469913,1.5591811825375241,0.01317646674840249,679.0855106546683,6.790855106546683,0.0,108.17910470992237,194.68352130271782,56365.2742782912,161047.3552103133,18636.42551949906,9009.600400739364,22903.069211655657,2.4984381068729435,2.498438106872944,100.43292850862368,49651.150329451346,25129.878951013256,17820.628988994125,1,0.0002372033213117387,0.0003186350688761473,10,1
489,6,0.7890244432078607,0.7929010070831003,0,1.992682549127356,1.5857302934836575,0.003626768027631259,1891.9979995475983,18.919979995475984,0.0,111.53341935058727,194.7757253574787,56578.19669311217,161159.46420352426,18370.19154683194,9140.602419228613,23282.599454449704,3.4909939168367425,3.490993916836741,100.43292850862368,49651.150329451346,25152.92996470348,17820.628988994125,1,0.0006500985435923067,0.00045426624707602223,10,1
490,6,0.823256154301101,0.81502618495582,0,1.9385880222801024,1.615273864602881,0.02232523076131706,1062.8202859392188,10.628202859392188,0.0,110.15981022318444,194.87339957759542,56802.56251426168,161282.20259241428,18151.359700463832,9251.198146522147,23711.445648789,3.201230886277785,3.201230886277788,100.43292850862368,49651.150329451346,25177.348519732655,17820.628988994125,1,0.0003585847279601865,0.00041529553095474397,10,1
491,6,0.7985204084785693,0.8018222973658312,0,1.9705114277697935,1.5713483866709554,0.00547570463863584,1327.9924075008144,13.279924075008143,0.0,109.3617676717192,194.89995942574544,56809.01293464993,161289.5392287198,18178.07678498377,9237.64928441654,23765.27733265604,3.7102144385832707,3.7102144385832663,100.43292850862368,49651.150329451346,25183.98848177016,17822.620977605377,1,0.00044703619954849355,0.00048523982370032886,10,1
492,6,0.7618105073350071,0.8018222973658312,1,1.9705114277697935,1.5010637375991365,0.04995965974738202,1165.3082252485033,11.653082252485033,0.0,109.1395583380581,194.89995942574544,56812.64658436606,161275.52735735243,18190.075204958728,9231.713533041326,24093.6586343306,3.0672023339496968,3.0672023339497017,100.43292850862368,49651.150329451346,25183.98848177016,17841.76004324772,1,0.00038692611792484773,0.0003975156818111759,10,1
493,6,0.744172786457213,0.73351079136882,0,2.1540242060400074,1.4847370855381896,0.06029298383658889,940.2783392601747,9.402783392601746,0.0,107.41150397662611,194.89995942574544,56779.8507969334,161242.70397565022,18304.18365798834,9174.334964262196,23975.76981573003,2.9562693615435487,2.956269361543551,100.43292850862368,49651.150329451346,25183.98848177016,17879.443412094253,1,0.0003137428650631361,0.0003825683941788258,10,1
494,6,0.797004031036138,0.73351079136882,1,2.1540242060400074,1.609826173159175,0.018877324784287913,1222.8641511016958,12.228641511016958,0.0,108.25786614838634,194.92441670876747,56723.872972703626,161216.62046742343,18417.29114095466,9118.161653007015,23935.45640379109,2.8646007013863835,2.8646007013863812,100.43292850862368,49651.150329451346,25190.102802525667,17912.86150783237,1,0.0004087205626571663,0.00036979651521505,10,1
495,6,0.8203738134043821,0.8099173646341066,0,1.950816304221099,1.6063276768103512,0.0166630865888298,1244.1402424051892,12.441402424051892,0.0,109.17529992910046,195.03156408118525,56981.51276733828,161353.93846366173,18133.786520166763,9261.176168333279,23248.54918937719,2.9711522717672865,2.9711522717672847,100.43292850862368,49651.150329451346,25216.889645630115,17912.86150783237,1,0.0004281179809615531,0.00038352713622728514,10,1
496,6,0.8468974066219347,0.845680592487471,0,1.8683176769524934,1.595666958992261,0.009915796830544868,556.7907856260067,5.567907856260067,0.0,105.28659090355244,195.08463755657752,57331.435799912644,161541.2936131356,17788.798106877108,9441.373025076513,23622.43057040311,2.6578274676775804,2.657827467677583,100.43292850862368,49651.150329451346,25230.158014478184,17912.86150783237,1,0.00018856341948948066,0.0003418006543694,10,1
497,6,0.7376954844777855,0.748239329597062,0,2.11162383144288,1.413412864821815,0.10543489568239564,1168.605672554445,11.68605672554445,0.0,106.45682746062779,195.08463755657752,57261.5049837781,161462.89578614695,17938.888174931497,9362.753893475572,22993.97831751028,2.658917771602819,2.658917771602818,100.43292850862368,49651.150329451346,25230.158014478184,17995.61796680676,1,0.0004065779853900387,0.0003410864619470242,10,1
498,6,0.9827866013440146,0.9951748066834023,0,1.58766077013709,1.7994272147220238,0.13887798400128085,1138.981849376827,11.38981849376827,0.0,107.65265767755967,195.52838152029608,57726.217956831686,161744.1234915125,17536.952271421196,9578.09328421473,22661.19991393016,2.5999920667304472,2.5999920667304477,100.43292850862368,49651.150329451346,25341.094005407824,17995.61796680676,1,0.00040209057020910137,0.00033241065836287355,10,1
499,6,1.0110924041665474,0.9951748066834023,1,1.58766077013709,1.777351302097282,0.12490588740334298,1943.737267367183,19.43737267367183,0.0,110.83241091971493,196.1690920619592,58165.091128249755,162012.22041173902,17183.966340265873,9775.545115697934,22791.79178321388,3.8054159566599783,3.8054159566599846,100.43292850862368,49651.150329451346,25501.271640823597,17995.61796680676,1,0.0006822586958867333,0.0004969757504952911,10,1
500,6,1.0167004654438532,1.0137086458438573,0,1.5586332487918517,1.7467664851604892,0.10554840832942347,1272.5129536184359,12.725129536184358,0.0,109.73654488027343,196.4996332660277,58379.3032828253,162164.22667034745,16988.789992643673,9888.276904546708,22026.61590918463,3.9450466992466904,3.9450466992466944,100.43292850862368,49651.150329451346,25583.906941840727,17995.61796680676,1,0.0004621728399369147,0.000515507368677583,10,1
501,6,0.973548825640307,0.971755860876763,0,1.6259227894694157,1.614889013255778,0.02208165395935315,1387.9591653933398,13.8795916539334,0.0,108.7506806407596,196.64596821733505,58659.72020054297,162343.16962729392,16693.463112625515,10063.788455901928,22360.81359603817,4.170615727422365,4.17061572742237,100.43292850862368,49651.150329451346,25620.490679667564,17995.61796680676,1,0.0004965683952176964,0.0005469999770137815,10,1
502,6,0.9987971837937197,1.002564424128682,0,1.5759585738075248,1.6265796888595423,0.029480815733887483,812.4432887562779,8.12443288756278,0.0,105.94676369860892,196.72382813599967,58820.854608329835,162451.71174079512,16540.947309516585,10156.927264725047,21895.537685958025,3.2318699226098606,3.2318699226098606,100.43292850862368,49651.150329451346,25639.95565933372,17995.61796680676,1,0.00029684342094135884,0.0004185282186986566,10,1
503,6,0.963964184336113,0.9574524764597111,0,1.6502124531989608,1.5716771043538849,0.005267655472224819,1222.69508437829,12.2269508437829,0.0,106.71902353545002,196.74828203768723,58782.06576298918,162431.1298344814,16550.752373387535,10151.151574050775,21628.349690144696,3.2112251267370473,3.2112251267370446,100.43292850862368,49651.150329451346,25646.06913475561,18025.540023424404,1,0.00045225645114677635,0.00041522275576861054,10,1
504,6,0.9243769662997614,0.9373747329875207,0,1.6855585545434524,1.5229338807660489,0.036117796983513424,1246.1615587995245,12.461615587995245,0.0,107.74284612066351,196.74828203768723,58728.36947644967,162384.50411055077,16637.477890598933,10098.469496033062,21792.480489277426,3.11643138432482,3.116431384324821,100.43292850862368,49651.150329451346,25646.06913475561,18077.797634191185,1,0.00045746478815485907,0.00040218822008099807,10,1
505,6,0.984685108002056,0.9710140200663853,0,1.627164971204,1.6180584824886346,0.024087647144705394,1250.1474556426524,12.501474556426524,0.0,108.04321066301537,196.80639755990185,58741.31820585598,162399.25557988306,16615.85095979456,10111.736487872153,21271.31610538042,3.543134623396659,3.5431346233966545,100.43292850862368,49651.150329451346,25660.598015309268,18077.797634191185,1,0.0004701721132624933,0.0004599644508547095,10,1
506,6,1.0152286445402365,1.0205570082314683,0,1.5481741708265715,1.613921875400606,0.021469541392788526,603.0802868241864,6.030802868241864,0.0,104.55368239498334,196.87225024872754,59018.80207498223,162579.83250088533,16343.495751748647,10280.785762928177,20910.464570550645,3.001191769093452,3.001191769093452,100.43292850862368,49651.150329451346,25677.06118751569,18077.797634191185,1,0.0002307286037723093,0.0003861218350632205,10,1
507,6,0.9320372182528908,0.93785324844007,0,1.6846985417260236,1.5026796421493356,0.04893693534852182,1021.4925088439018,10.214925088439017,0.0,105.0126351556693,196.87225024872754,58939.38430787439,162514.26602025874,16459.176016257927,10208.805788428454,21291.594986666627,2.819486496705782,2.8194864967057813,100.43292850862368,49651.150329451346,25677.06118751569,18148.45212637365,1,0.0003838106105187847,0.0003615704425178625,10,1
508,6,0.9435483343929005,0.9363707092780504,0,1.6873658950931871,1.5318804855232284,0.030455388909349144,1088.4827800878993,10.884827800878993,0.0,106.11920125534853,196.87225024872754,58895.319778378005,162477.39248421788,16516.78601131921,10173.369318156178,21187.822489187165,2.678250770575024,2.678250770575024,100.43292850862368,49651.150329451346,25677.06118751569,18190.099816054284,1,0.00041098429275340115,0.00034184116901483176,10,1
509,6,0.9782535917165653,0.9784220630196929,0,1.6148450241643815,1.5881949177520096,0.005186656805069325,755.2291083495847,7.552291083495848,0.0,104.50879747216116,196.88735483089454,58899.798710702045,162483.41468809545,16516.701504809553,10173.51358437811,20697.501255746458,2.828619281025103,2.828619281025103,100.43292850862368,49651.150329451346,25680.83733305744,18191.232659716807,1,0.000291911221173098,0.00036223537481509463,10,1
510,6,0.946794632275727,0.942610410171808,0,1.676196213143897,1.5493540784794113,0.019396152861132124,801.833737868849,8.01833737868849,0.0,103.81381527985536,196.88735483089454,58829.00098382931,162436.25725407497,16582.470244056534,10133.380119509799,20690.687287593857,2.6479136415980427,2.6479136415980444,100.43292850862368,49651.150329451346,25680.83733305744,18242.968031141918,1,0.00031002691277428126,0.00033764080890026014,10,1
511,7,0.9133933551157288,0.9166100131708177,0,1.7237428975211886,1.7825446868204475,0.12819283975977686,1393.7021985421866,13.937021985421866,0.0,115.65859297292154,204.68188316059116,55816.33437078878,162368.86285047902,19638.173819607884,10062.792594239358,21069.043710674698,2.9527891113892224,2.9527891113892224,105.34521855337348,49545.80511089797,25680.83733305744,18314.714067533678,1,0.0005291942881436287,0.00037704414069700265,13,1
512,7,0.9100017963843128,0.9092241677229459,0,1.7377452734862295,1.7489022635178249,0.1069001667834334,1035.347624425202,10.35347624425202,0.0,115.16674719668568,204.94356052533146,56058.086980153086,162501.1942943151,19488.501378538436,10140.401572604736,21271.47971815566,3.1872228775537867,3.1872228775537867,105.34521855337348,49545.80511089797,25746.25667424252,18314.714067533678,1,0.0003893843355115576,0.0004095351788098225,13,1
513,7,0.8809172384495841,0.8900159942150149,0,1.7752489958268043,1.6610162361291352,0.0512760988159083,1117.037761727075,11.170377617270749,0.0,114.4539211087725,205.10630214625724,56295.68453903349,162634.33143634812,19303.91177540129,10237.797971252856,21719.16435787758,3.4287423879897285,3.428742387989726,105.34521855337348,49545.80511089797,25786.94207947396,18314.714067533678,1,0.00041144778623010815,0.0004433421366284315,13,1
514,7,0.8970508753582732,0.9035275752313304,0,1.7487014711150042,1.6360617897047236,0.03548214538273641,1204.1015077313293,12.041015077313293,0.0,115.01066647167877,205.27973187234517,56647.02888619764,162838.37294181043,18985.900100571173,10409.948091114524,22071.668004772757,3.2008728902349355,3.2008728902349395,105.34521855337348,49545.80511089797,25830.29951099594,18314.714067533678,1,0.0004364333524665035,0.0004124218247360564,13,1
515,7,0.866864158053129,0.870860788163257,0,1.8142968675078335,1.5769053575593772,0.0019586344560904127,1407.07959145561,14.0707959145561,0.0,116.01279511772705,205.3078734641743,56654.48896071287,162845.84627769174,18961.38119774997,10423.543599948127,22744.48060882818,3.4536517660166903,3.453651766016689,105.34521855337348,49545.80511089797,25837.33490895322,18316.82468692086,1,0.0004949172911548335,0.00044759947661714844,13,1
516,7,0.9112729334728504,0.9210680200230266,0,1.7153999114641938,1.621405384918253,0.02620593982167909,691.956480839497,6.91956480839497,0.0,112.27729307329516,205.37207875621996,56852.24370512856,162964.4784852619,18753.059264644304,10539.717880944512,23160.302830460703,3.0248348237445266,3.0248348237445266,105.34521855337348,49545.80511089797,25853.386231964636,18316.82468692086,1,0.00023901465741783917,0.00039012176701305875,13,1
517,7,0.9899229754432939,0.9953521031657028,0,1.5873779690371208,1.7139337656090055,0.08476820608164898,1521.0617234553968,15.210617234553968,0.0,114.28852702918661,205.72673563961206,57213.24811652574,163180.2173778124,18499.39475990736,10684.76289579399,22328.915885611532,3.298806267371795,3.2988062673717975,105.34521855337348,49545.80511089797,25942.050452812662,18316.82468692086,1,0.0005449657229209411,0.00042629922383120465,13,1
518,7,1.0219712474993103,0.9953521031657028,1,1.5873779690371208,1.7025690987986093,0.07757537898646152,2376.6395619764453,23.766395619764452,0.0,119.20040159730837,206.24961503629663,57538.7695969088,163407.34699449176,18147.119568585837,10892.852711301637,22546.873362014874,4.152611706098783,4.152611706098787,105.34521855337348,49545.80511089797,26072.770301983808,18316.82468692086,1,0.0008432706473547372,0.0005424170092311725,13,1
519,7,1.0438080414421014,1.0483375713072283,0,1.5071481202660832,1.6933264158924943,0.07172557967879384,736.6187184892416,7.366187184892416,0.0,112.5063993329151,206.39563567300183,57802.62301942796,163580.79699219303,17907.884608197575,11038.8604251483,22459.650510526197,4.199336654586965,4.199336654586959,105.34521855337348,49545.80511089797,26109.27546116011,18316.82468692086,1,0.00026237940546546245,0.0005502052585803803,13,1
520,7,1.0506405782494452,1.061164674346826,0,1.488930076731522,1.6513502706154504,0.04515839912370272,1322.851372763704,13.22851372763704,0.0,111.72879909391332,206.5903493962707,58063.96750371533,163764.7215572999,17627.388263161694,11215.09453650518,21512.39653488127,4.077039247403776,4.077039247403777,105.34521855337348,49545.80511089797,26157.95389197733,18316.82468692086,1,0.0004919401222894965,0.0005325300583698987,13,1
521,7,1.1692813962646529,1.1556660377806431,0,1.367176977039365,1.7854847075456357,0.13005361237065546,1741.4967427363172,17.414967427363173,0.0,114.57279910619539,207.17470667175724,58398.60351598938,164030.0575689166,17375.078363274955,11378.622176352988,21620.408682473033,3.596950438743796,3.5969504387437996,105.34521855337348,49545.80511089797,26304.04321084896,18316.82468692086,1,0.0006443899440802311,0.00046623649061173,13,1
522,7,1.1444640586370811,1.12678506369457,0,1.402219510098405,1.6897059370147531,0.06943413735110954,1217.3489311095188,12.173489311095189,0.0,113.11088019896115,207.42720802890094,58735.25669565581,164266.46204236752,17085.3773616977,11572.191285106392,21086.86694271318,4.084671884829845,4.084671884829845,105.34521855337348,49545.80511089797,26367.16855013488,18316.82468692086,1,0.0004618415564215199,0.0005327238742637492,13,1
523,7,1.0559436178910149,1.047702822480898,0,1.5080612231803041,1.563041337249476,0.010733330854762054,2064.166407694349,20.64166407694349,0.0,115.63461786229962,207.42720802890094,58679.88179527083,164222.41577148554,17107.744255845584,11557.476397432285,21565.328562593342,4.750834224912145,4.750834224912141,105.34521855337348,49545.80511089797,26367.16855013488,18370.326662627125,1,0.0007657352037843925,0.0006239889014287145,13,1
524,7,2.0250600940954997,2.008425108697184,0,0.786686042291568,2.7051535709218366,0.7121225132416686,4155.828061259526,41.55828061259526,0.0,125.4494286186021,209.92070486565666,59326.58828387479,165324.76716350447,16253.46717488694,12167.238163613189,21215.029656496805,7.01627640509919,7.016276405099192,105.34521855337348,49545.80511089797,26990.54275932381,18370.326662627125,1,0.0015671259964463399,0.0009315675855507507,13,1
525,7,1.9962733902151009,2.0035046583484033,0,0.7886180815284348,2.4507731295683133,0.5511222339039957,2667.5446587545193,26.675446587545196,0.0,123.95004930525752,211.52123166090936,60033.23502303812,166205.39322501287,15582.679538707222,12692.847059592938,21123.597687313744,8.349108311890078,8.349108311890085,105.34521855337348,49545.80511089797,27390.674458136986,18370.326662627125,1,0.001010261489824368,0.0011143742300183668,13,1
526,7,2.0257697065227926,2.0136416676043893,0,0.7846480460844413,2.278980574392938,0.44239276860312515,1949.4778369043424,19.494778369043424,0.0,117.53118431164448,212.69091836305196,60876.85634018349,167124.7144248485,14918.017670910207,13260.520347854024,19980.924706755657,8.38564531669789,8.38564531669789,105.34521855337348,49545.80511089797,27683.096133672636,18370.326662627125,1,0.0007805355820174684,0.0011193076894293922,13,1
527,7,2.0077589621862213,2.0078169140723174,0,0.7869243400262997,2.1108835205172243,0.33600222817545833,2285.9520509961244,22.859520509961243,0.0,118.75490809051388,214.06248959364964,61641.55481386574,167997.9061513922,14422.408995507378,13717.82035133323,19204.510764948034,6.900468212587591,6.900468212587583,105.34521855337348,49545.80511089797,28025.988941322055,18370.326662627125,1,0.0009522563022718313,0.0009143511247045559,13,1
528,7,1.8958619356941653,1.900534386550515,0,0.831345126497665,1.8796984479474235,0.18968256199204012,1754.32146486905,17.5432146486905,0.0,117.27471226792854,214.97902425230825,62123.39516475481,168613.17966676145,14006.38146542518,14126.822047498228,19244.510764948034,6.213461820163958,6.213461820163961,105.34521855337348,49545.80511089797,28255.122605986708,18370.326662627125,1,0.0007292766176480298,0.0008206895006457766,13,1
529,7,1.8009040914104288,1.773386295988757,0,0.8909508343296778,1.718008894327499,0.08734740147310054,2121.5701000161116,21.215701000161115,0.0,118.48359121282876,215.5601040159653,62482.65644596364,169063.06596904906,13739.554553021368,14402.498200324313,18691.052249827873,6.532713545579389,6.532713545579394,105.34521855337348,49545.80511089797,28400.392546900966,18370.326662627125,1,0.0009080580682815861,0.000863196996067149,13,1
530,7,1.8093618241913736,1.7987908847150416,0,0.8783678044100709,1.6564229632363292,0.04836896407362603,3431.416169505935,34.314161695059354,0.0,124.75740946293796,216.2710293695311,62939.71672199815,169622.16700290795,13460.252044741042,14703.04791365873,18511.254086479876,7.838694646535447,7.8386946465354574,105.34521855337348,49545.80511089797,28578.123885292418,18370.326662627125,1,0.0014829535172388563,0.001040096067722824,13,1
531,7,1.6763125515794248,1.6668525388663176,0,0.9478942876822273,1.5512883537916073,0.018171927979995395,2124.7450961940517,21.24745096194052,0.0,121.42295845294738,216.2710293695311,62874.98776010594,169548.67093126947,13533.44003412752,14624.151170739084,18945.577577927892,8.235243337931832,8.235243337931838,105.34521855337348,49545.80511089797,28578.123885292418,18466.90894459312,1,0.0008971993965153904,0.0010960703273452776,13,1
532,7,1.633337588190125,1.6406979575604257,0,0.9630047948309278,1.5450019924493634,0.022150637690276358,2108.790717686019,21.087907176860192,0.0,118.51309861419102,216.2710293695311,62795.36276558878,169455.75482132818,13682.74145472217,14465.05314342979,18400.606328908903,8.257757533886437,8.257757533886444,105.34521855337348,49545.80511089797,28578.123885292418,18581.818265534817,1,0.000916835317267967,0.0010989960770074047,13,1
533,7,1.61028203829262,1.625004978013865,0,0.9723047137560948,1.5473074382342062,0.020691494788477104,2780.4307945105793,27.804307945105794,0.0,121.77836073387509,216.2710293695311,62716.50803039199,169353.9505663911,13790.865681155468,14352.14667113195,18364.09696944307,7.603560871025157,7.6035608710251665,105.34521855337348,49545.80511089797,28578.123885292418,18703.486845130035,1,0.001211246400685893,0.0010084270381564167,13,1
534,7,1.6305631406418855,1.6341329584900297,0,0.9668735899311097,1.5768176551856106,0.0020141422875882935,2481.5239119843313,24.815239119843312,0.0,122.37879546241696,216.3206598477708,62727.3708691637,169383.5781349557,13835.057650796125,14306.622569740453,18692.927577988103,8.001529597354176,8.001529597354168,105.34521855337348,49545.80511089797,28590.53150485234,18707.209130998013,1,0.0010620161669727774,0.0010633659616422124,13,1
535,7,1.7208486195034276,1.7435676266277311,0,0.9061879653362855,1.575539821650232,0.0028228976897265654,2556.491993663442,25.56491993663442,0.0,122.1369879005063,216.55467150840911,63116.165588245785,169829.1308105768,13462.394276301284,14704.00321669997,19183.519569351043,8.358218150439942,8.35821815043995,105.34521855337348,49545.80511089797,28649.03442001192,18707.209130998013,1,0.001066120107698225,0.0011131275584522983,13,1
536,7,1.6915808717720375,1.6925543664826914,0,0.9335002947547314,1.5729690118194923,0.004449992519308693,2062.4934368051577,20.624934368051576,0.0,119.58909145631708,216.55467150840911,63030.11805262198,169739.72565986434,13567.547638040078,14590.626953811981,19683.79631320841,7.43996334551768,7.439963345517669,105.34521855337348,49545.80511089797,28649.03442001192,18818.174591724386,1,0.0008382502659494249,0.0009887955135401423,13,1
537,7,1.655556892445209,1.6528199902872116,0,0.9559419714698891,1.5599525438087238,0.012688263412200149,2091.34891551626,20.9134891551626,0.0,118.52582642077786,216.55467150840911,62941.93611193501,169641.55883105777,13657.75530030293,14494.794096453687,19943.011173134226,6.8922921158907675,6.892292115890762,105.34521855337348,49545.80511089797,28649.03442001192,18936.303329055638,1,0.0008389300481698865,0.0009144334739391788,13,1
538,7,1.5946223451608725,1.5888218591224939,0,0.9944475467329194,1.5215911740743975,0.0369676113453181,2107.475480847812,21.07475480847812,0.0,119.29326599942402,216.55467150840911,62889.59190320287,169566.77168922542,13744.332415285675,14404.013352710088,19547.575439850887,6.402640325635146,6.402640325635146,105.34521855337348,49545.80511089797,28649.03442001192,19029.02799709415,1,0.0008625010246749612,0.0008465604462647575,13,1
539,7,1.5362068554216035,1.5321297732236816,0,1.0312442376702837,1.4985768255181533,0.05153365473534605,1960.0094390857857,19.60009439085786,0.0,118.82321718967664,216.55467150840911,62802.402894161554,169446.7592776547,13897.253297049365,14246.220429223567,19928.055325665628,6.2724140920877485,6.272414092087751,105.34521855337348,49545.80511089797,28649.03442001192,19166.56961014133,1,0.0007868342021557765,0.0008294217583335414,13,1
540,7,1.4653878794911175,1.441484284268801,0,1.0960924217092396,1.4662770567014096,0.07197654639151294,2130.029532368392,21.300295323683923,0.0,119.54452994954967,216.55467150840911,62712.20730777965,169305.989544112,14075.254744492506,14066.719252723975,20197.98917500988,6.282318656262608,6.282318656262613,105.34521855337348,49545.80511089797,28649.03442001192,19324.682039281917,1,0.0008436600352291656,0.0008309984206866344,13,1
541,7,1.462653162492092,1.4716541667285046,0,1.0736218030845854,1.4853381609147702,0.05991255638305686,1187.2210925681688,11.872210925681689,0.0,114.91330064522268,216.55467150840911,62629.764995503,169208.27891390809,14179.948329732451,13963.383432958015,20158.295670030344,5.322093584548208,5.322093584548203,105.34521855337348,49545.80511089797,28649.03442001192,19436.861955089877,1,0.00047115931306959815,0.0007005511834848468,13,1
542,7,1.5243810411099135,1.5167365096556837,0,1.0417102706644004,1.5668620100665538,0.008315183502181191,1294.2768489586874,12.942768489586875,0.0,112.90759428161702,216.55467150840911,62554.19517156936,169136.1661624108,14266.17730960306,13879.390833496314,20484.60679894731,4.630535847157041,4.630535847157043,105.34521855337348,49545.80511089797,28649.03442001192,19521.602667255127,1,0.0005054631945486792,0.0006067608476158144,13,1
543,7,1.5205041360957774,1.5267212125438938,0,1.0348975222315349,1.5620981476827487,0.011330286276741383,2045.6680042431396,20.456680042431397,0.0,116.24494319170677,216.59558486849397,62542.942520794975,169131.24942712666,14262.807334335237,13883.031342405973,19914.713158950774,4.589147688556294,4.589147688556293,105.34521855337348,49545.80511089797,28659.262760033136,19548.057566607797,1,0.0008217715165327212,0.0005994646747169995,13,1
544,7,1.51750872486579,1.5346007681490488,0,1.0295837411222655,1.5546098750664201,0.0160696993250506,2520.4933469408984,25.204933469408985,0.0,119.82529010741429,216.59558486849397,62547.51712126386,169131.7070517881,14242.740698998097,13902.834160118315,20316.538037135033,5.859935812982992,5.859935812982989,105.34521855337348,49545.80511089797,28659.262760033136,19563.47856476012,1,0.000992489307906252,0.0007732413396625507,13,1
545,7,1.4691342933600824,1.4729894588474388,0,1.072648545113346,1.5125561591534546,0.042685975219332546,1783.812558899514,17.83812558899514,0.0,117.36032108758268,216.59558486849397,62525.87211621471,169095.69893705894,14278.363006684236,13868.465391661275,20284.221760569177,6.3377988415590085,6.337798841559011,105.34521855337348,49545.80511089797,28659.262760033136,19616.577751308745,1,0.0007035271374786864,0.0008392626539725532,13,1
546,7,1.2386245197487908,1.2210471961547782,0,1.2939712772574283,1.3163819359328481,0.16684687599186832,1351.1633699250647,13.511633699250647,0.0,113.16185644975754,216.59558486849397,62428.22306028757,168933.69694036694,14507.284976003502,13650.353590979264,20324.221760569177,5.624351948912725,5.624351948912728,105.34521855337348,49545.80511089797,28659.262760033136,19793.308352429507,1,0.0005318435847994705,0.0007426200100614696,13,1
547,7,1.2150770678711005,1.214304250547601,0,1.301156608228527,1.3416383093298945,0.1508618295380415,2314.6538996936233,23.146538996936233,0.0,116.42053352615211,216.59558486849397,62350.98824711664,168741.2232283908,14787.524179245125,13392.567427330398,20085.40720926851,5.460982659661817,5.460982659661818,105.34521855337348,49545.80511089797,28659.262760033136,19999.353616479635,1,0.0009219246094748888,0.0007190984439176821,13,1
548,7,1.1623135573496646,1.152646467986534,0,1.3707585490284595,1.3114149035017257,0.1699905674039711,972.7611286634683,9.727611286634684,0.0,112.13978343410179,216.59558486849397,62278.24455542292,168628.1367489114,14948.445943198913,13248.882054561635,19337.310051989596,4.728439642884551,4.728439642884547,105.34521855337348,49545.80511089797,28659.262760033136,20123.53848162456,1,0.0004024390677082336,0.0006187357539941977,13,1
549,7,1.1923753862183257,1.1753042532776852,0,1.3443327509397678,1.3740076928400535,0.13037487794933325,937.8729483950934,9.378729483950934,0.0,108.64481798601105,216.59558486849397,62205.39588398545,168529.75222452005,15107.183881547018,13110.140728686452,19034.45600092227,4.39012188185285,4.390121881852853,105.34521855337348,49545.80511089797,28659.262760033136,20231.851748409514,1,0.0003941790396740106,0.000572847572285711,13,1
550,7,1.1742296166856019,1.162550012995189,0,1.3590813146432255,1.3827517034251966,0.12484069403468574,1892.4783534779167,18.924783534779166,0.0,112.26335153391533,216.59558486849397,62122.502363395775,168376.27378812718,15272.27400548368,12969.180516613786,19173.95022888876,4.073514263159018,4.073514263159022,105.34521855337348,49545.80511089797,28659.262760033136,20394.38382549651,1,0.0007896039494779044,0.0005287406856200495,13,1
551,7,1.1416078503285498,1.1602080821518137,0,1.361824679819164,1.373872402952705,0.13046050446031335,1998.054252738815,19.98054252738815,0.0,115.00143549350096,216.59558486849397,62071.87007387191,168246.3154244679,15439.4534237008,12829.285452854094,18225.171670435975,5.245016116105608,5.245016116105611,105.34521855337348,49545.80511089797,28659.262760033136,20535.192472254297,1,0.0008770525902831261,0.0006869451931450138,13,1
552,7,1.1449316715090214,1.1481647693971926,0,1.3761091109157868,1.4104495854796941,0.10731038893690249,1056.987852492457,10.56987852492457,0.0,110.64560760619223,216.59558486849397,61980.99161940709,168139.65812109812,15621.179045052126,12680.483456564296,17899.202041666736,5.4307092490511994,5.430709249051199,105.34521855337348,49545.80511089797,28659.262760033136,20652.65543669088,1,0.00047241786534704433,0.0007130248017026917,13,1
553,7,1.1239992546743829,1.107655773296881,0,1.4264359362270198,1.4204598821745231,0.10097475811739047,1002.3594266330407,10.023594266330408,0.0,107.78736711250002,216.59558486849397,61865.04862667641,168016.56956215797,15822.11745475541,12519.922913479797,18117.33597824122,4.577877193897939,4.577877193897941,105.34521855337348,49545.80511089797,28659.262760033136,20784.72700499376,1,0.00044260786589678166,0.000597359440508984,13,1
554,7,1.1615044750350783,1.1600257183542073,0,1.362038767762523,1.4916900498892713,0.05589237348780299,1032.5564389832307,10.325564389832307,0.0,107.94876051011843,216.59558486849397,61771.83408127774,167925.80275363656,15950.319307689264,12419.71631807473,17443.228386238945,3.6047800641022434,3.6047800641022434,105.34521855337348,49545.80511089797,28659.262760033136,20882.1856347497,1,0.00047356207973419415,0.00046286260365934005,13,1
555,7,1.2140278556529287,1.2124459794264586,0,1.3031508428502612,1.571643540388566,0.0052888984882494,1102.2496572226532,11.022496572226533,0.0,108.44969787372906,216.61762986163842,61715.61664753038,167887.51062680822,16014.313159960848,12370.376466240581,17637.62139059754,3.670331457979102,3.670331457979101,105.34521855337348,49545.80511089797,28664.77400831925,20931.329003594343,1,0.0004999538805432135,0.0004720412753913964,13,1
556,7,1.1969575752738726,1.2169184840837708,0,1.2983614109449548,1.5502282164092158,0.018842901006825473,897.944607954065,8.979446079540649,0.0,107.23969734567235,216.6355887537975,61719.87339136073,167896.2595470413,16017.92395951635,12367.711554053469,18192.359338057373,3.5448900866357174,3.544890086635716,105.34521855337348,49545.80511089797,28669.26373135902,20932.675920506274,1,0.0003948666981640435,0.00045612755281381704,13,1
557,7,1.2201580791554987,1.1990161015229879,0,1.3177471078103848,1.5986331193255663,0.011793113497193808,1743.6015974120307,17.43601597412031,0.0,110.17990467266335,216.67046078574575,61675.997417949184,167867.86425559135,16110.906783580918,12296.663216135963,17806.8328156036,4.309369227025171,4.309369227025169,105.34521855337348,49545.80511089797,28677.98173934608,20975.352684059737,1,0.0007833404695681376,0.0005593870160917982,13,1
558,7,1.165494144205321,1.1601589779431736,0,1.3618823196120549,1.5464804643787347,0.021214895962826212,817.8961715993985,8.178961715993985,0.0,107.62657822371006,216.67046078574575,61603.26321971196,167810.7165589315,16213.431214100543,12219.13860069437,17241.729735504345,4.018252145660168,4.018252145660163,105.34521855337348,49545.80511089797,28677.98173934608,21039.64679037362,1,0.0003794961104929877,0.0005192344260750562,13,1
559,7,1.2007736931192898,1.1844944479735917,0,1.3339024110269415,1.5905108607618121,0.0066524435201342205,1218.161611769851,12.18161611769851,0.0,107.28065946252553,216.69482401798115,61589.717657792935,167805.1602031671,16199.396523656253,12229.912834859617,17828.85915318568,4.379263799883518,4.379263799883518,105.34521855337348,49545.80511089797,28684.07254740493,21057.600387714378,1,0.000546602158356134,0.0005698129128057531,13,1
560,7,1.2869180414704557,1.2805977379754705,0,1.233798837172602,1.6131954883785793,0.02100980277125267,2005.0925552650324,20.050925552650323,0.0,110.98476945717705,216.9550000158691,61956.972821398245,168117.73460340244,15759.703801548645,12572.219112036033,18301.960799588094,4.607538394537242,4.607538394537239,105.34521855337348,49545.80511089797,28749.116546876914,21057.600387714378,1,0.0008764492841926136,0.0006008491843472451,13,1
561,7,1.3111305780662097,1.2805977379754705,1,1.233798837172602,1.6254353604354173,0.028756557237605812,904.2163216888913,9.042163216888913,0.0,106.82069554040142,217.02503520547577,62048.11669945522,168205.14286658753,15672.79546714977,12642.201517784699,18723.46523741313,4.6111054023754425,4.611105402375442,105.34521855337348,49545.80511089797,28766.62534427858,21057.600387714378,1,0.00038634571548522593,0.0006031323860113245,13,1
562,7,1.3515717964617324,1.3653437959978443,0,1.1572176946431847,1.6261979465661158,0.029239206687415035,1808.2504945171972,18.082504945171973,0.0,108.41399804952496,217.2505020208406,62336.896760943564,168463.42585067742,15440.650695756603,12833.092086648618,18902.711285066172,5.144341061132852,5.144341061132856,105.34521855337348,49545.80511089797,28822.99204811978,21057.600387714378,1,0.0007652872510181249,0.0006760274168986549,13,1
563,7,1.6427579934914405,1.6274000481137905,0,0.9708737577040577,1.8609532300843155,0.17781850005336416,1755.3638985487921,17.553638985487922,0.0,110.30407410078186,218.08403249641074,62918.77407729076,169005.6190964865,14983.043822321788,13226.294249660687,18568.829904040253,4.859366096418278,4.859366096418273,105.34521855337348,49545.80511089797,29031.37466701232,21057.600387714378,1,0.0007562625787925843,0.0006359651817653117,13,1
564,7,1.6241502307527425,1.6109579835542747,0,0.9807828733770129,1.7177542626971798,0.08718624221340489,2829.3064093731728,28.29306409373173,0.0,114.75010517419972,219.00817427760578,63565.18791419227,169672.5797767616,14478.22622965484,13689.277321228634,18688.99180270023,6.873585096841742,6.873585096841748,105.34521855337348,49545.80511089797,29262.410112311078,21057.600387714378,1,0.0012111114132820745,0.0009108870810309279,13,1
565,7,1.599183641442239,1.5994514055526527,0,0.987838701766665,1.6176408404796017,0.02382331675924151,2559.723193282763,25.597231932827633,0.0,116.48766377511338,219.34755577249362,63920.10405973027,170054.3421758486,14159.843051314248,13998.279968214518,18769.50529912197,7.668603474050502,7.668603474050512,105.34521855337348,49545.80511089797,29347.25548603304,21057.600387714378,1,0.0010910135999812446,0.001019462530685301,13,1
566,7,1.683190690202702,1.6800540601785168,0,0.9404459281697845,1.5833447248340409,0.0021169144519245582,2725.3593869476936,27.253593869476937,0.0,117.0266579455006,219.72485505885706,64396.92593462341,170614.5786247872,13655.761168458386,14516.895598202686,19247.022361129213,8.580227366920141,8.580227366920132,105.34521855337348,49545.80511089797,29441.580307623895,21057.600387714378,1,0.0011327921112417926,0.0011449723748350373,13,1
567,7,1.6189368494631913,1.6169228912925075,0,0.9771647173211874,1.5566327774271675,0.014789381375210457,1645.430506324635,16.45430506324635,0.0,111.45326146057714,219.72485505885706,64331.75775758124,170549.0745919058,13806.389008133785,14358.988354488216,19672.349295933494,7.246277352772057,7.246277352772067,105.34521855337348,49545.80511089797,29441.580307623895,21143.414591868608,1,0.0006691343190677342,0.0009643133434302573,13,1
568,7,1.5927674738566382,1.6297699180002747,0,0.9694619973957169,1.538003585925175,0.026580008908117098,1493.7187562372917,14.937187562372918,0.0,107.8914755802763,219.72485505885706,64334.66380850402,170552.15243626057,13835.89325404451,14328.549652592754,19502.701925759477,6.07756918246452,6.077569182464525,105.34521855337348,49545.80511089797,29441.580307623895,21157.143294803092,1,0.0006127227958150207,0.0008048830753748492,13,1
569,7,1.6059820235635576,1.6191160753732547,0,0.9758410925762458,1.565530287122669,0.009158046124893043,2392.766544510023,23.927665445100228,0.0,111.49771406952277,219.77271038974726,64349.12224246338,170575.69714764276,13901.782818293117,14260.990978780146,19189.86949389047,5.7585394632269145,5.758539463226916,105.34521855337348,49545.80511089797,29453.544140346447,21160.732444619858,1,0.0009975123781938442,0.000759789831025533,13,1
570,7,1.5891134574250194,1.5915131285659083,0,0.9927659229702475,1.5685080197989119,0.007273405190562161,1444.612702784212,14.44612702784212,0.0,109.2659035122711,219.77271038974726,64273.99693270456,170501.88855967476,13988.830264506449,14172.60106187505,18812.689073700578,5.625065592375508,5.6250655923755115,105.34521855337348,49545.80511089797,29453.544140346447,21249.213797421806,1,0.0006143141778933563,0.0007415164506340737,13,1
571,7,1.6063325871717733,1.606339006628115,0,0.9836030834590742,1.5756637990135964,0.002744431004052935,1994.792715782479,19.94792715782479,0.0,110.23356750509956,219.81260624406292,64283.614361228785,170524.79861191963,13945.474948309453,14216.91027431149,18830.767451391566,6.197934095708091,6.1979340957080895,105.34521855337348,49545.80511089797,29463.51810392536,21252.20598649548,1,0.0008474610377645832,0.0008197625312839279,13,1
572,7,1.7087510377520554,1.7077299529694359,0,0.9252048295180767,1.5821615103900537,0.0013680445506668566,1983.6813915680066,19.836813915680064,0.0,111.62997394984137,220.06612195536744,64752.93120471608,171045.50353985373,13549.684766736755,14633.801766967948,19187.41821372414,5.781890094298188,5.781890094298188,105.34521855337348,49545.80511089797,29526.897031751487,21252.20598649548,1,0.0008270758971206009,0.0007629503709261802,13,1
573,7,1.7008019226105153,1.7077299529694359,1,0.9252048295180767,1.5800287626479093,1.8204207537459654e-05,3466.5217469257423,34.66521746925742,0.0,117.55607192956805,220.13545239030594,64767.96816923407,171080.39769965975,13572.40488577293,14609.843105315003,19587.333795890285,7.73893265387163,7.7389326538716245,105.34521855337348,49545.80511089797,29544.229640486115,21257.405769115867,1,0.0014158217889371223,0.0010301195746074355,13,1
574,7,1.6921930221971049,1.7080471559814023,0,0.9250330088762512,1.5806025968800377,0.00038139043040355005,1710.5836010618175,17.105836010618177,0.0,111.95427766000168,220.16966406232717,64775.48800112692,171108.14652411442,13609.4705066692,14570.298108228912,20047.470578277676,7.322576002741457,7.322576002741451,105.34521855337348,49545.80511089797,29552.782558491424,21259.97164451746,1,0.0006826132381669381,0.0009751703080748871,13,1
575,7,1.7410485900756754,1.7175571290511804,0,0.9199111769125431,1.6132531469172515,0.021046295517247755,1552.9090531853954,15.529090531853955,0.0,106.08384871756147,220.25422893587302,64856.210029861235,171213.84898422586,13555.220129114217,14629.010294545084,20537.321250656434,6.76668223120411,6.766682231204106,105.34521855337348,49545.80511089797,29573.923776877888,21259.97164451746,1,0.0006049120171933854,0.000901115681432482,13,1
576,7,1.743146695772857,1.7454674845640996,0,0.9052016230451739,1.5958471396010723,0.010029835190552026,1437.4160740327225,14.374160740327225,0.0,104.91840604972519,220.32449762181218,64970.38312367769,171357.70161430442,13473.983907378599,14717.656813242735,21008.575043596178,4.647179885623302,4.647179885623302,105.34521855337348,49545.80511089797,29591.49094836268,21259.97164451746,1,0.0005473635678954342,0.0006116296077519192,13,1
577,7,1.8138285803251182,1.81239194294576,0,0.8717761112047082,1.5847930093532863,0.003033550223598856,3086.8521902970197,30.868521902970198,0.0,111.0835417358354,220.6445080733855,65350.29541332899,171817.33391098087,13163.711106293687,15066.141311086518,21422.09721979653,5.798221295311072,5.7982212953110785,105.34521855337348,49545.80511089797,29671.493561256008,21259.97164451746,1,0.001152773104752566,0.0007683495632804619,13,1
578,7,1.8488602378187116,1.8450647526273025,0,0.8563385093938518,1.5980099228385811,0.011398685340874081,2564.678616439149,25.646786164391493,0.0,112.80339408527746,220.76197321945628,65455.34388070191,171968.59222760022,13092.901649236905,15148.18206757177,21858.127666508506,6.609446485781913,6.609446485781908,105.34521855337348,49545.80511089797,29700.859847773703,21259.97164451746,1,0.0009386636058014448,0.0008796000928164817,13,1
579,7,1.8060795636777065,1.8450647526273025,1,0.8563385093938518,1.5662522663875207,0.008701097223088218,1704.8213763073768,17.04821376307377,0.0,106.79403743517486,220.79606964698243,65463.5332112344,171999.09678775386,13114.854594387944,15123.02415891174,22069.808152051795,6.769520351443812,6.769520351443806,105.34521855337348,49545.80511089797,29709.38395465524,21262.52887658192,1,0.0006179741534903673,0.0009031369546814593,13,1
580,7,1.8054949670466582,1.7678046347612615,0,0.8937639199104012,1.5849490513856859,0.0031323110035986067,2052.018169394244,20.52018169394244,0.0,106.51272301912603,220.8371100103703,65376.9537440867,171914.92046160085,13195.2707462868,15031.394794936801,22572.34241236254,5.729737879107212,5.7297378791072076,105.34521855337348,49545.80511089797,29719.644045502213,21377.767060199232,1,0.0007272681343945532,0.0007613019645621218,13,1
581,7,1.7324031246786442,1.732271818115424,0,0.912097041282422,1.5273337658134174,0.03333305961176118,2458.8217448850955,24.588217448850955,0.0,109.10838434953156,220.8371100103703,65356.01123322697,171872.7007925605,13223.820452082164,14999.33307581646,22965.20403662462,5.531078406062267,5.53107840606227,105.34521855337348,49545.80511089797,29719.644045502213,21439.682296882416,1,0.000856538175219797,0.0007339268210349057,13,1
582,7,1.769155106897882,1.7705120642295153,0,0.892397195094843,1.5682293723534608,0.007449764333252686,2811.5879032332837,28.11587903233284,0.0,111.70984515357408,220.89334176843496,65326.48892900537,171858.6185934816,13259.924464690957,14958.821392678783,23582.02470110138,6.3477626390620125,6.347762639062014,105.34521855337348,49545.80511089797,29733.70198501838,21491.822605414513,1,0.0009538071268670907,0.0008458711454938137,13,1
583,7,1.8321631206737825,1.8173284118515796,0,0.869408077096105,1.6085791517900545,0.018088070753199008,1719.2008726622296,17.192008726622298,0.0,106.75205975281783,220.97310420897136,65398.548220947385,171960.91863785422,13196.641495448604,15030.904657571937,23901.975904888637,5.968373223988598,5.968373223988604,105.34521855337348,49545.80511089797,29753.642595152476,21491.822605414513,1,0.000575417155302413,0.0007952541524631002,13,1
584,8,1.7356148257136834,1.739310369379601,0,0.9084060141397158,1.9342381731637148,0.22420137542007262,2190.2886629308873,21.902886629308874,0.0,129.88167609396987,237.26432525735154,62050.875987430125,171855.12837442508,16592.594580556855,14888.731672567135,24367.26330736992,5.665454707581961,5.6654547075819615,121.83631653684961,49423.96879436112,29753.642595152476,21614.55675101499,1,0.0007190922132871378,0.0007494388318188805,16,1
585,8,1.6891077368397913,1.6739897453781492,0,0.9438528547515582,1.7324131791984725,0.0964640374673876,2127.7725154624177,21.27772515462418,0.0,131.04251151152124,238.07579145410693,62724.326326954884,172620.9201942004,15918.96270776368,15521.033547313627,24407.26330736992,5.043003137472885,5.043003137472883,121.83631653684961,49423.96879436112,29956.509144341326,21614.55675101499,1,0.0006974227265602282,0.0006639773650499262,16,1
586,8,1.6863803500936445,1.6875530380749846,0,0.9362668694563391,1.642571785783493,0.03960239606550182,2702.4315664505457,27.02431566450546,0.0,133.66430570049513,238.66810244036,63254.12916220102,173247.4686611579,15514.198073509633,15927.972832035384,24638.008497675968,5.7800806290551545,5.780080629055162,121.83631653684961,49423.96879436112,30104.58689090459,21614.55675101499,1,0.0008774837679613459,0.0007646662359362372,16,1
587,8,1.6288524240818814,1.6309347042994562,0,0.9687696238450365,1.585450012173565,0.003449374793395569,2637.821513168824,26.37821513168824,0.0,135.2461283601697,238.72085887062337,63267.49338070953,173277.64013374655,15508.95702246024,15933.52174275336,24678.186662885477,6.113075211997185,6.113075211997186,121.83631653684961,49423.96879436112,30117.775998470435,21618.513483284743,1,0.0008551103204469882,0.0008100056049895208,16,1
588,8,1.5999039499623522,1.6309347042994562,1,0.9687696238450365,1.561830902582549,0.011499428745222213,2480.6187478277407,24.80618747827741,0.0,134.54986925014367,238.77047124557993,63280.61709550263,173308.35878696726,15531.753212685713,15910.373699052187,25079.335743878808,6.337265136499032,6.337265136499042,121.83631653684961,49423.96879436112,30130.179092209575,21622.234411406484,1,0.0007912869058928543,0.0008412936647670628,16,1
589,8,1.6183867621592885,1.6034410100981078,0,0.9853808091782101,1.5849707540180877,0.0031460468468909267,3451.3967409036254,34.513967409036255,0.0,138.79453099394115,238.839499180398,63228.460116555856,173272.52412299014,15557.042738430737,15885.03255495102,24649.821333605465,6.9374184018820815,6.937418401882072,121.83631653684961,49423.96879436112,30147.436075914095,21698.577156705363,1,0.0011201368786225758,0.0009221780349874727,16,1
590,8,1.6152160162331697,1.6034410100981078,1,0.9853808091782101,1.5862565496048504,0.003959841522057175,2171.538143525315,21.71538143525315,0.0,134.94642126308003,238.88292994326852,63238.58431337611,173302.412400266,15578.728849099716,15863.14165630264,24823.40263193877,6.552488338381848,6.552488338381843,121.83631653684961,49423.96879436112,30158.29376663172,21701.83446392065,1,0.0006998357721455409,0.0008704198522203237,16,1
591,8,1.5756068690001839,1.5859811995886368,0,0.996228707130836,1.5588955182486883,0.013357266931209963,1609.5019009181226,16.095019009181225,0.0,128.9139822403013,238.88292994326852,63197.7510128263,173267.00555861916,15636.837538084845,15804.4643441691,24301.09745469753,5.911537149794908,5.911537149794908,121.83631653684961,49423.96879436112,30158.29376663172,21757.131137512213,1,0.0005298532393999342,0.0007832752967226837,16,1
592,8,1.6597690584726443,1.6736828473549712,0,0.9440259261167525,1.581681721413514,0.0010643806414644679,1659.88646230687,16.5988646230687,0.0,127.76269806584278,239.00639056992514,63518.61808994822,173612.55473125976,15346.698262023792,16104.361946004698,24848.320546730272,4.480303385092669,4.480303385092672,121.83631653684961,49423.96879436112,30189.15892329588,21757.131137512213,1,0.0005344060043608187,0.0005880316719687646,16,1
593,8,1.7000286181728903,1.709555926071431,0,0.9242166201785799,1.5850623018214014,0.003203988494557802,1938.2034187063186,19.382034187063187,0.0,129.24749580389573,239.11510953698416,63738.44825641234,173864.13058005946,15180.494982477472,16281.553020714975,24901.637185245654,4.294320091465407,4.294320091465402,121.83631653684961,49423.96879436112,30216.338665060634,21757.131137512213,1,0.0006226750166787313,0.0005623114201464948,16,1
594,8,1.705017647943518,1.709788901825683,0,0.9240906864659745,1.5935227670700942,0.008558713335502623,2211.1376403935355,22.111376403935356,0.0,131.28075184642844,239.15933228979205,63750.66493123167,173889.41846843687,15198.765899790606,16262.18628413562,24876.79742546864,4.738449068079321,4.7384490680793245,121.83631653684961,49423.96879436112,30227.3943532626,21760.447843972805,1,0.0007110682625504818,0.000622716427863344,16,1
595,8,1.7028546161098201,1.7145960148027741,0,0.9214998672335907,1.5823688156298248,0.0014992503986232383,3751.562033824396,37.51562033824396,0.0,137.9379377039264,239.23436353046853,63774.41036093771,173926.81429988024,15155.24266667928,16309.203441264339,25582.599647684834,6.296935705391094,6.296935705391098,121.83631653684961,49423.96879436112,30246.15216343172,21766.07518702354,1,0.0011731605342661584,0.0008356346044984571,16,1
596,8,1.7344840528285905,1.7221552266281164,0,0.9174550444523818,1.6091658890989151,0.018459423480325976,1673.7331669675368,16.737331669675367,0.0,130.56609512485454,239.30271610690872,63827.68309720106,174005.47622172165,15143.223583393103,16322.54324538358,26177.413368359677,6.011670203570911,6.011670203570907,121.83631653684961,49423.96879436112,30263.24030754177,21766.07518702354,1,0.0005115045229000533,0.0007985777732388978,16,1
597,8,1.682081457167113,1.7221552266281164,1,0.9174550444523818,1.5588745584279096,0.013370532640563612,1460.8849653069278,14.608849653069278,0.0,123.65988488651749,239.33193380621486,63834.970342644985,174031.6634510966,15135.171018074449,16331.391376500846,26304.73598016672,5.3520593827281795,5.352059382728185,121.83631653684961,49423.96879436112,30270.544732368307,21768.2665144715,1,0.00044429564817785144,0.000709653568448021,16,1
598,8,1.7793373544990516,1.7795486147903259,0,0.8878656007867267,1.597281647815909,0.010937751782220896,2119.6539500703593,21.196539500703594,0.0,126.03197178549053,239.5189584636563,64105.7926334952,174361.29547336703,14896.428884313238,16594.300947951564,26660.769347608835,4.046014490066845,4.046014490066841,121.83631653684961,49423.96879436112,30317.300896728666,21768.2665144715,1,0.0006360368442287185,0.0005306123384355411,16,1
599,8,1.8750638044826686,1.8989624479771712,0,0.8320333041251348,1.6093295259757685,0.018562991123904072,2199.7506158217693,21.997506158217693,0.0,128.10403192985942,239.78163998787448,64419.00510212203,174771.52237076146,14566.360788595852,16971.574458109426,26314.221005359374,4.433825794926129,4.433825794926135,121.83631653684961,49423.96879436112,30382.971277783206,21768.2665144715,1,0.0006687640467483342,0.0005830321797183014,16,1
600,8,1.9990286371841757,1.993424232061211,0,0.7926059965501031,1.6491631479237134,0.043774144255514784,1394.8374185416203,13.948374185416203,0.0,124.16840101282631,240.02707585788,64772.82077123824,175225.062320706,14281.520729186042,17311.306620042753,26275.67627603161,4.380882912174236,4.38088291217424,121.83631653684961,49423.96879436112,30444.330245284586,21768.2665144715,1,0.00042467791242015754,0.0005764929344657367,16,1
601,8,2.1205553389019425,2.1129441544031025,0,0.7477717746148115,1.6562519036291334,0.0482606984994515,2086.483547346528,20.864835473465284,0.0,125.70675623622635,240.46343452004544,65248.829410982114,175852.2910313476,13896.64024449668,17792.338592152715,26549.186834927037,4.363404092984951,4.363404092984952,121.83631653684961,49423.96879436112,30553.41991082595,21768.2665144715,1,0.0006287148635683666,0.0005740522742456194,16,1
602,8,2.1510977837123764,2.167016545131872,0,0.7291130303316861,1.5808706299976103,0.0005510316440571065,2175.9744447729363,21.759744447729364,0.0,127.68116877546124,240.7423163803959,65698.16520244755,176504.54097470918,13480.713469272308,18343.267511179634,27037.91409003919,4.302270521181557,4.302270521181559,121.83631653684961,49423.96879436112,30623.14037591356,21768.2665144715,1,0.000643829087562511,0.0005657406211836783,16,1
603,8,2.209160668903428,2.2314410127280877,0,0.7080626335124777,1.5746810629417485,0.0033664158596529072,2609.0696697968237,26.090696697968237,0.0,129.94885149641905,240.8970800681544,65951.01263891872,176893.81977563121,13276.82712105216,18626.403132622025,27499.710089539818,5.115927545254356,5.11592754525436,121.83631653684961,49423.96879436112,30661.83129785319,21768.2665144715,1,0.0007590100873941204,0.0006771846795083327,16,1
604,8,2.1299816057587257,2.139829816064038,0,0.7383764765490659,1.562511255401448,0.011068825695286137,3768.9367249967536,37.68936724996754,0.0,135.93393440645838,240.8970800681544,65886.41128254241,176795.78684275743,13469.28882004361,18361.043691793144,26961.333657886167,6.318855328306408,6.318855328306398,121.83631653684961,49423.96879436112,30661.83129785319,21898.044462587197,1,0.0011183235288939333,0.0008403875679501882,16,1
605,8,2.15644882112313,2.139829816064038,1,0.7383764765490659,1.5854013353046017,0.0034185666484820433,3556.9803408902735,35.569803408902736,0.0,138.54937834801876,240.9682196749722,65888.49960419303,176828.77829296718,13484.188775802484,18341.073860515127,26985.736467119837,7.321470118586531,7.321470118586524,121.83631653684961,49423.96879436112,30679.61619955764,21924.706577048404,1,0.001054477159138998,0.000977270258475684,16,1
606,8,2.199346468904622,2.177758772244488,0,0.7255165356866348,1.6171719708967172,0.0235265638586817,3807.3012955025306,38.073012955025305,0.0,140.65488841453265,241.04436570088225,65908.31626331538,176888.92825907617,13485.259686589698,18339.89137068534,26601.94674902215,8.266229886825998,8.266229886825993,121.83631653684961,49423.96879436112,30698.652706035155,21930.417528991657,1,0.0011449692254248216,0.0011059233044859176,16,1
607,8,2.257070241707369,2.265500404586474,0,0.6974176640186478,1.5701674469770464,0.00622313482465425,2565.9571153858146,25.659571153858145,0.0,135.27319107488046,241.2729657528493,66316.12078806748,177502.28172306216,13117.443106033206,18855.94465667829,26788.683710200785,7.400914918540861,7.400914918540853,121.83631653684961,49423.96879436112,30755.802719026917,21930.417528991657,1,0.0007662809096988162,0.0009885757647542118,16,1
608,8,2.2395818470161624,2.223971408629204,0,0.710440787983812,1.583164252047309,0.0020026911691828912,2731.054974036138,27.31054974036138,0.0,133.520639245359,241.32758685233003,66278.63586077506,177476.38132092712,13223.1132940976,18705.730915918964,26684.90943100386,6.825647284669952,6.825647284669946,121.83631653684961,49423.96879436112,30769.457993897096,22009.856625016713,1,0.0008187563779738558,0.0009100021710324978,16,1
609,8,2.2201868509866776,2.2144278405815214,0,0.713502590170237,1.5796436533072755,0.0002255358814712353,4793.524387473463,47.93524387473463,0.0,142.25167933623547,241.4234573400795,66262.14079396309,177475.19347734973,13266.141692901414,18645.542802162952,27120.017949487647,7.489153510202569,7.48915351020256,121.83631653684961,49423.96879436112,30793.425615834465,22081.981266663788,1,0.001414018057481123,0.000999685115051265,16,1
610,8,2.1716092900194153,2.1773442852331817,0,0.7256546475978146,1.568363701054113,0.007364746168282997,2403.6636645019335,24.036636645019335,0.0,135.00223778543653,241.47153061336954,66225.54782930616,177457.52028569794,13365.880880135799,18506.849571363753,27616.151069504933,7.3058617660694996,7.30586176606951,121.83631653684961,49423.96879436112,30805.443934156974,22153.680180480045,1,0.0006963066383732738,0.0009763603579427509,16,1
611,8,2.2320416200991464,2.229136772019524,0,0.7087945521479028,1.6000375596103316,0.01268199975337436,2683.5852527261495,26.835852527261494,0.0,130.4793309701551,241.52520231842405,66302.578428494,177593.315668686,13316.323954759204,18576.182237237204,27714.361693850962,7.191925448451342,7.191925448451338,121.83631653684961,49423.96879436112,30818.861860420606,22157.705558359135,1,0.0007746410420331815,0.0009616552459625261,16,1
612,8,2.363857635862541,2.3343804607519396,0,0.6768391128029996,1.6076058912786562,0.01747208308775702,3727.9860131998516,37.27986013199852,0.0,135.86421801301822,241.97038313950162,66666.40133717426,178174.0045632864,12970.869034751047,19072.63961765026,27232.889859931085,6.426249751511629,6.426249751511624,121.83631653684961,49423.96879436112,30930.157065689997,22157.705558359135,1,0.0010951422437719318,0.0008553633080594624,16,1
613,8,2.468244430852665,2.478937200183737,0,0.6373699179966688,1.609589365718904,0.018727446657534123,2935.3883364864305,29.353883364864306,0.0,135.87424693080453,242.3649576430559,67049.6616733615,178814.22613666512,12702.013115592277,19478.05682673313,26355.584000856703,6.90610499815085,6.906104998150845,121.83631653684961,49423.96879436112,31028.800691578566,22157.705558359135,1,0.000891010675048146,0.0009202646536177532,16,1
614,8,2.363876397468747,2.338484838699447,0,0.6756511626043812,1.582885561473722,0.001826304730203789,3637.453220915607,36.37453220915607,0.0,138.2527426787434,242.4377067074742,66969.99923424935,178721.88415020733,12871.530801351058,19222.304253175083,26853.42640979037,7.657762999435985,7.657762999435976,121.83631653684961,49423.96879436112,31046.987957683144,22317.649578689245,1,0.0010836466573485594,0.0010232665253895458,16,1
615,8,2.319137212859191,2.3005995420962897,0,0.6867774991210837,1.5761276508548798,0.0024508538893166115,2954.994409604011,29.549944096040107,0.0,136.69894236388325,242.4377067074742,66897.67495497517,178628.57896843142,12967.526043361502,19080.60694802781,27487.22455481354,7.079270686893101,7.079270686893108,121.83631653684961,49423.96879436112,31046.987957683144,22450.1621380734,1,0.0008600342762758955,0.000944897202890867,16,1
616,8,2.2367604273887567,2.214560349646806,0,0.713459897469938,1.5746476384883152,0.0033875705770157172,3441.7522636924614,34.417522636924616,0.0,137.9031413914791,242.4377067074742,66789.3212399162,178475.50664609743,13198.302994505326,18747.96692619884,28061.07181011873,7.296628501286592,7.296628501286592,121.83631653684961,49423.96879436112,31046.987957683144,22643.04507403054,1,0.0009812176204763148,0.0009749661847002566,16,1
617,8,2.186964166076772,2.221748534224577,0,0.7111515887874518,1.5520615845199692,0.017682541443057493,1761.9771049429337,17.61977104942934,0.0,130.20300271250937,242.4377067074742,66792.38162105382,178495.67966558403,13251.762149158572,18672.66688811563,28161.95519782777,5.867081295086526,5.867081295086528,121.83631653684961,49423.96879436112,31046.987957683144,22654.784216198746,1,0.0005005269250847587,0.0007805929406123229,16,1
618,8,2.136279546098295,2.1235222782798213,0,0.7440468207754776,1.5426286658875288,0.023652743109159043,2067.0581433339034,20.670581433339034,0.0,127.57540403177265,242.4377067074742,66710.62015045455,178378.1281068579,13367.499794144554,18511.724191430407,28404.19807845752,5.1861628549903225,5.186162854990322,121.83631653684961,49423.96879436112,31046.987957683144,22800.26430959429,1,0.0005821838413108699,0.0006879761289573144,16,1
619,8,2.064438340111979,2.0436929095622105,0,0.7731102812009362,1.5225740110378119,0.03634556263429633,2394.562721879893,23.945627218798933,0.0,129.96317854148737,242.4377067074742,66642.68849148054,178263.751249492,13509.636416293688,18317.54067558235,28104.41021715552,4.461989477049227,4.461989477049224,121.83631653684961,49423.96879436112,31046.987957683144,22937.8846226341,1,0.0006816190635925751,0.0005881099433294013,16,1
620,8,2.0298369480341556,2.0436929095622105,1,0.7731102812009362,1.5411620505159958,0.024580980686078682,2443.978807009384,24.43978807009384,0.0,131.38478602732965,242.4377067074742,66542.45310935871,178115.96820321312,13707.506252736479,18053.911104220337,28594.48482122936,4.9067840388837585,4.906784038883762,121.83631653684961,49423.96879436112,31046.987957683144,23110.94034078606,1,0.0006837622911659957,0.0006491883986898136,16,1
621,8,2.053468597089152,2.0368498150591487,0,0.7757076581289907,1.5667263338724964,0.008401054511078285,2568.8432538691063,25.688432538691064,0.0,132.63958282484802,242.48908357255158,66503.4969661036,178085.83296311746,13741.148395371705,18010.17580913027,28710.1682608458,5.2328368336073945,5.232836833607397,121.83631653684961,49423.96879436112,31059.83217395249,23183.739328933083,1,0.0007158002643606738,0.0006937272063730814,16,1
622,8,1.9332956724302728,1.8956414660169894,0,0.8334909466397163,1.5199407149611273,0.038012205720805575,3282.457487898688,32.82457487898688,0.0,136.36143770407338,242.48908357255158,66413.95769650982,177930.57721315796,13949.120220788223,17742.648441225017,28653.22225013091,5.809370200958881,5.809370200958881,121.83631653684961,49423.96879436112,31059.83217395249,23367.945737955168,1,0.0009164644616215731,0.000772009005716081,16,1
623,8,2.017968462153619,2.0046318177928746,0,0.7881746592945933,1.595376059367037,0.009731683143694238,4616.984975061833,46.16984975061833,0.0,143.64985596541,242.5814232720528,66439.45071634384,177987.66306773655,13988.225524824757,17693.5072987042,28728.23325326003,7.282891052688585,7.282891052688596,121.83631653684961,49423.96879436112,31082.9170988278,23374.87121541776,1,0.0012856996625890055,0.0009726547961904176,16,1
624,8,1.9727869403466276,2.010914795495461,0,0.7857120567909046,1.5684309101924567,0.007322208738951482,3706.046413628523,37.06046413628523,0.0,144.26047030759295,242.65554420032538,66460.25995313983,178043.3324371198,14027.677067550549,17644.142271378638,27628.016166223293,8.160460960631271,8.160460960631276,121.83631653684961,49423.96879436112,31101.447330895942,23380.4302850382,1,0.0010731270436013024,0.0010917637226039603,16,1
625,8,1.8532721203802085,1.8305635213349003,0,0.863122192475363,1.5147373066734737,0.04130550210539642,3200.294643760297,32.00294643760297,0.0,140.74720828669507,242.65554420032538,66384.50579690035,177917.70118525822,14223.328233120817,17402.157824545986,27283.493482231373,8.211501804297027,8.211501804297027,121.83631653684961,49423.96879436112,31101.447330895942,23543.61044169902,1,0.0009383826586121074,0.0010990697882674717,16,1
626,8,1.9242508096344944,1.9368338696094294,0,0.8157643382798824,1.5875968227717363,0.0048081156783140715,1910.1772989032418,19.10177298903242,0.0,132.4116277265455,242.69374774630344,66395.65806579804,177955.70288219332,14290.45507052929,17320.782798936765,27993.55623055256,6.395655078095562,6.395655078095566,121.83631653684961,49423.96879436112,31110.998217390457,23546.475707647376,1,0.0005458905708645756,0.0008524667576926617,16,1
627,8,1.878240211460659,1.9368338696094294,1,0.8157643382798824,1.5446575231913957,0.02236865620797744,2405.5457726955647,24.055457726955648,0.0,131.85620595509823,242.69374774630344,66400.07078353134,177961.48069698297,14267.625018319839,17348.84699624769,28134.37546269288,5.447233766590478,5.4472337665904735,121.83631653684961,49423.96879436112,31110.998217390457,23566.197066782774,1,0.0006840161142756907,0.0007227631145841246,16,1
628,8,1.7928746136221356,1.8092798829200383,0,0.8732756136380635,1.5117129241510525,0.043219668258827566,2942.3422030611127,29.42342203061113,0.0,135.4355349209487,242.69374774630344,66301.31966102876,177800.56416310655,14447.117130933668,17134.11926978292,28080.80945392208,5.208556350375999,5.208556350375999,121.83631653684961,49423.96879436112,31110.998217390457,23750.82481135992,1,0.0008382499679403373,0.0006893855510268677,16,1
629,8,1.81818349090472,1.7948719501521573,0,0.8802856381292594,1.5607212506783985,0.012201740076963013,2018.5295806479062,20.18529580647906,0.0,132.39948921969264,242.69374774630344,66250.7019187062,177746.1308303232,14577.151834888698,16981.851691380263,27843.839697022348,5.288970266596438,5.288970266596441,121.83631653684961,49423.96879436112,31110.998217390457,23828.744853686138,1,0.0005799572480267569,0.0007007411100809283,16,1
630,8,1.8314403334337652,1.801196209970593,0,0.8771948282224044,1.5831151246279487,0.0019715978657902575,1297.6341949893172,12.976341949893172,0.0,125.82870844130753,242.71970043020323,66210.98133898013,177718.64520370745,14628.24515727421,16922.81109037177,28504.449630193158,4.498293698784869,4.498293698784872,121.83631653684961,49423.96879436112,31117.486388365403,23883.582013010644,1,0.00036419133484754085,0.0005941328502715449,16,1
631,8,1.845961126386312,1.8170186788008158,0,0.86955627833323,1.5964673223399182,0.010422355911340568,1208.5885173165345,12.085885173165346,0.0,123.1242801326172,242.74387220054956,66218.55511687965,177738.40809404448,14631.950897787707,16918.612853861134,28985.998003933204,3.264144148715644,3.264144148715644,121.83631653684961,49423.96879436112,31123.529330951988,23885.39489578662,1,0.00033356478314875684,0.00042590445534101815,16,1
632,8,1.73794724388279,1.7547469851725501,0,0.9004147112665553,1.5319562148847397,0.030407458933709122,1921.1567977958412,19.211567977958413,0.0,125.90523522416447,242.74387220054956,66154.64765842518,177649.87293669744,14772.179760106465,16758.487514703385,28341.352964846206,3.179597121742915,3.179597121742914,121.83631653684961,49423.96879436112,31123.529330951988,23987.89366199425,1,0.0005422907791815836,0.0004133489657259604,16,1
633,8,1.6409387129801016,1.637712422827544,0,0.9647603437434381,1.4776674784676433,0.06476741869136501,1963.925781142778,19.639257811427782,0.0,127.75914269466924,242.74387220054956,66047.22420149753,177488.6802117384,14931.102812671576,16580.8783030176,28725.948328689363,3.6244732932303525,3.6244732932303547,121.83631653684961,49423.96879436112,31123.529330951988,24164.887561413198,1,0.0005469412556678183,0.0004742656059993863,16,1
634,8,1.609714721005874,1.6267013100375116,0,0.9712907896801075,1.495054754121694,0.0537628138470291,2186.1884491018227,21.861884491018227,0.0,129.13164467548867,242.74387220054956,65907.37351259803,177296.33913137668,15164.003367217552,16326.97356554865,29056.42860097672,4.277337193872201,4.277337193872206,121.83631653684961,49423.96879436112,31123.529330951988,24375.523625684946,1,0.0006019152536945535,0.0005637157628479852,16,1
635,8,1.566625146487137,1.5580027998222203,0,1.0141188450882692,1.4689219032805396,0.070302592860418,2280.6441886522107,22.80644188652211,0.0,130.4447606950883,242.74387220054956,65834.1384238827,177168.91913825998,15236.560323752912,16249.998380343259,29309.3677200897,4.47275433426963,4.472754334269627,121.83631653684961,49423.96879436112,31123.529330951988,24522.06025291474,1,0.0006225024600824739,0.0005904529898149486,16,1
636,8,1.6444171695585743,1.6458138005615717,0,0.9600113934279108,1.571080590121011,0.005645196125942464,1547.2468792408192,15.472468792408193,0.0,127.0083100533267,242.77481713813438,65761.04550972959,177106.39822939667,15380.472228567722,16098.418354609998,28926.318323771204,4.180936180128952,4.180936180128949,121.83631653684961,49423.96879436112,31131.265565348192,24609.565685783346,1,0.0004279139465790406,0.0005507772201186894,16,1
637,8,1.72218403822568,1.7195545139183233,0,0.9188426346540638,1.60018881412791,0.012777730460702436,2579.6307753338097,25.796307753338098,0.0,130.08267055465114,243.02435478190893,66102.96328396343,177485.79997744132,15168.31050798624,16324.712442101012,28966.50772253508,4.453543687846149,4.453543687846149,121.83631653684961,49423.96879436112,31193.649976291832,24609.565685783346,1,0.0007124450900449926,0.0005876204989021691,16,1
638,8,1.6810878208624358,1.6548504341080854,0,0.9547690639798349,1.5786359840603463,0.0008633012276289492,1054.0531780842364,10.540531780842365,0.0,124.32353652198076,243.04543584547062,66034.91907561419,177425.731153152,15249.03527882094,16238.681840504374,29608.383125797616,3.6211444853437893,3.621144485343787,121.83631653684961,49423.96879436112,31198.920242182252,24690.520334377383,1,0.0002847985784582329,0.0004750525383607554,16,1
639,8,1.6352382394686937,1.6480377753986164,0,0.9587158884254581,1.5572171675004287,0.014419514240235036,1570.4282898575734,15.704282898575734,0.0,123.00478415387168,243.04543584547062,65943.53780001706,177327.32520843286,15356.295622528596,16125.690329276156,29643.8291367657,3.6093573607342098,3.609357360734212,121.83631653684961,49423.96879436112,31198.920242182252,24804.29702499849,1,0.00042381253315479486,0.00047368540055267344,16,1
640,8,1.6634713593692636,1.6480377753986164,1,0.9587158884254581,1.5991353090668097,0.012110955105575697,5095.447289482022,50.95447289482022,0.0,137.18041073678182,243.14734479126025,65967.96735825801,177367.13574741496,15429.26650915016,16050.01327187528,30347.1875778755,5.157832852888475,5.157832852888475,121.83631653684961,49423.96879436112,31224.39747862966,24811.94019593271,1,0.001343240727373851,0.0006839506129956262,16,1
641,8,1.7094045213129416,1.6981434545507168,0,0.930427871547534,1.600977683425053,0.013277014825982921,2798.2078640890268,27.98207864089027,0.0,135.100130619291,243.35208820009177,66188.08989835966,177640.45841581374,15229.779308438243,16261.222050732818,30067.449827801418,6.2754854963499875,6.275485496349993,121.83631653684961,49423.96879436112,31275.583330837537,24811.94019593271,1,0.0007445148504750692,0.0008371893703345716,16,1
642,8,1.615754473225273,1.6158154074202509,0,0.9778344684326087,1.5485231131610822,0.01992208027779615,2234.762084533086,22.347620845330862,0.0,126.1208844323439,243.35208820009177,66090.95899818026,177536.2125006953,15406.431745366997,16075.324157223044,30656.2765509126,6.64943628354818,6.649436283548173,121.83631653684961,49423.96879436112,31275.583330837537,24945.340768511192,1,0.0005831789991381873,0.0008903115256623691,16,1
643,8,1.6717201865532212,1.6158154074202509,1,0.9778344684326087,1.6272396725449234,0.029898526927166668,1757.6001987218642,17.576001987218643,0.0,121.86935949792846,243.38724020406622,66017.37817029981,177475.99942282602,15526.733730811875,15951.156210713907,31338.235862901074,4.46444937424885,4.464449374248847,121.83631653684961,49423.96879436112,31284.371331831146,25033.772586881394,1,0.0004486787849605924,0.0005921242115246163,16,1
644,8,1.7404983430167669,1.7260089646275718,0,0.9154066012287041,1.602139012335628,0.014012033123815179,2448.652321345505,24.486523213455047,0.0,124.14554003352775,243.77430047223856,66546.33565728739,178084.40509744207,15099.870042122362,16403.881676764817,31082.539160208464,4.190202287475613,4.1902022874756115,121.83631653684961,49423.96879436112,31381.136398874234,25033.772586881394,1,0.0006302322493601793,0.0005540300111529863,16,1
645,8,1.7466219399362448,1.766528825923314,0,0.894409407202387,1.5771265564520058,0.0018186351569583776,2538.1729590697405,25.381729590697404,0.0,126.43428599657894,243.82506393141995,66726.15145176576,178298.19123907687,14955.683628564553,16562.98604923725,31171.477035648983,4.358492899646585,4.358492899646578,121.83631653684961,49423.96879436112,31393.827263669584,25037.579846319997,1,0.0006514090958646538,0.0005767733767284752,16,1
646,8,1.733739849141061,1.756363709130343,0,0.8995858840549212,1.5665731703141448,0.00849799347206031,1651.4736866621838,16.51473686662184,0.0,122.2229854554686,243.8580934051532,66735.1120939471,178324.59428616645,14960.937746296404,16557.39702606506,30918.00287573358,4.302754769693542,4.302754769693549,121.83631653684961,49423.96879436112,31402.084632102895,25040.05705684999,1,0.00042731704070274627,0.0005696527953091931,16,1
647,8,1.7899426994262864,1.8132485000350358,0,0.871364294507604,1.5657930600937622,0.008991734117872083,4780.577368879612,47.805773688796116,0.0,132.87399850260417,243.95370495253079,66991.7272007712,178627.84766933325,14720.964673652024,16828.330587017575,30884.963149694344,5.795109878168888,5.795109878168889,121.83631653684961,49423.96879436112,31425.98751894729,25047.22792290331,1,0.0012382925233121213,0.0007723395532931738,16,1
648,8,1.6522934661038566,1.6777349312645173,0,0.9417459042884361,1.4831196068689332,0.06131670451333347,2084.7418409378033,20.847418409378033,0.0,127.3674471542942,243.95370495253079,66896.35719759946,178488.79707568156,14912.194085447121,16613.171816043756,30615.75282809801,5.530388926273592,5.530388926273597,121.83631653684961,49423.96879436112,31425.98751894729,25212.117390724336,1,0.0005447501102176404,0.0007367865580775026,16,1
649,8,1.6041661824101399,1.5915455336233821,0,0.9927457095135086,1.4663880302114274,0.07190630999276752,1928.3819891460278,19.28381989146028,0.0,120.05525317127936,243.95370495253079,66856.97820428903,178415.8007361819,15048.883346843357,16462.838792103714,30149.751428234456,5.729169305491433,5.729169305491425,121.83631653684961,49423.96879436112,31425.98751894729,25311.00728030855,1,0.0005116810315962071,0.000764907888375323,16,1
650,8,1.5766971872996602,1.5836415005158693,0,0.9977005524831959,1.473979469704708,0.06710160145271653,1538.9223505006225,15.389223505006226,0.0,117.913707060465,243.95370495253079,66760.66587055722,178284.2351769578,15218.946953876359,16279.514979029389,29858.461666367813,3.7181140787509213,3.7181140787509226,121.83631653684961,49423.96879436112,31425.98751894729,25458.82343800157,1,0.00041232461811227067,0.0004895852533087061,16,1
651,8,1.5419992593887482,1.5623917154333737,0,1.0112700831633263,1.4628878931273825,0.07412158662823894,1176.9727524932298,11.769727524932298,0.0,114.89096565721981,243.95370495253079,66673.27945296669,178169.9512031104,15331.446957524822,16160.554725298134,30181.324633258344,3.1464941607399144,3.1464941607399175,121.83631653684961,49423.96879436112,31425.98751894729,25586.809355938018,1,0.00031197378293894057,0.00041199314421580616,16,1
652,8,1.5920469422621402,1.585831945582319,0,0.9963224693520867,1.5338317931256849,0.02922038409766786,1923.6546423719994,19.236546423719997,0.0,117.22228408283925,243.95370495253079,66596.69648656725,178074.03620258113,15450.310565648699,16036.712632560406,30640.99938491983,3.1242217189672767,3.124221718967275,121.83631653684961,49423.96879436112,31425.98751894729,25696.299266126578,1,0.0005022433160763651,0.00040884723904252546,16,1
653,8,1.5353672267209242,1.5344759974916176,0,1.0296674581960226,1.5063581139433548,0.04660878864344635,2648.7974399422983,26.487974399422985,0.0,121.765125034637,243.95370495253079,66481.56758399149,177909.39872528025,15591.736192131868,15891.99841358439,30102.963530910543,3.841798821394527,3.8417988213945318,121.83631653684961,49423.96879436112,31425.98751894729,25877.03578011178,1,0.0007039300133284064,0.000506049037447904,16,1
654,8,1.5206148158025172,1.4793113632351265,0,1.0680645327733278,1.530559082232754,0.03129172010585198,2683.1265915047134,26.831265915047133,0.0,123.95494088533033,243.95370495253079,66376.52368229465,177775.67229901606,15792.841517520272,15690.233114118017,30544.666729279797,4.793149304086944,4.793149304086943,121.83631653684961,49423.96879436112,31425.98751894729,26030.64867464029,1,0.0007027417559433238,0.000636305028449365,16,1
655,8,1.5589836103424186,1.5270455318407932,0,1.034677727058585,1.6052479921249576,0.01597974185123895,1684.1283765393514,16.841283765393513,0.0,118.76709744969627,243.98738752006156,66228.03833507778,177643.69520465544,15973.642556258093,15513.270887016964,30685.07008040956,4.6325894268326,4.6325894268326,121.83631653684961,49423.96879436112,31434.40816082999,26189.26437624811,1,0.0004390743438750192,0.0006152487043822498,16,1
656,8,1.6176411384070706,1.6370733466222185,0,0.9651369642417195,1.601859254343356,0.013834971103389876,4229.6944882423095,42.2969448824231,0.0,126.95876829677968,244.3965793917976,66584.71109733722,178035.90723701107,15665.450831854901,15819.79043951007,31071.347331941288,5.577526882052232,5.577526882052236,121.83631653684961,49423.96879436112,31536.706128763995,26189.26437624811,1,0.0010890276351535465,0.0007436145783239631,16,1
657,9,1.5930417580741605,1.6024077090003939,0,0.9860162249129643,1.9016646635667311,0.20358523010552598,3732.663587782439,37.326635877824394,0.0,173.35267960732875,251.67814006975496,63274.501119763896,178070.79061574742,18948.23205581916,15873.106065916068,31589.781979273645,6.2188701118115395,6.218870111811535,157.94890989636826,49266.01988446475,31555.36944670291,26194.863371629785,1,0.000945283785809342,0.0008244619216126359,19,1
658,9,1.6438672656398081,1.652599713799203,0,0.9560693898268313,1.8689902983319306,0.1829052521088168,1843.9447536353618,18.43944753635362,0.0,162.21476378828643,252.54937722279146,63735.94179887574,178605.830381689,18492.82280733165,16265.331119900118,31002.46118469486,6.298963503560173,6.298963503560172,157.94890989636826,49266.01988446475,31773.17873496204,26194.863371629785,1,0.00047581893389694397,0.0008367101182866109,19,1
659,9,1.6088791435485854,1.6205776788472765,0,0.9749609788059407,1.7235550377721853,0.09085761884315523,1990.3652760696693,19.903652760696694,0.0,158.5068187835157,253.1970832301856,64384.85507605949,179277.1580054707,17951.78151070875,16757.368479194454,30615.01293736777,4.912573450929846,4.912573450929845,157.94890989636826,49266.01988446475,31935.105236810574,26194.863371629785,1,0.0005201017631817596,0.0006470681609626819,19,1
660,9,1.673974376384677,1.6760535619147108,0,0.9426906370432578,1.6877361087207747,0.06818741058276877,1718.7298694785698,17.1872986947857,0.0,157.4940126152982,253.6526026685197,65022.69010330254,179916.62828563282,17416.332048419183,17274.319977522264,30851.551288049486,3.6942174518149002,3.694217451814905,157.94890989636826,49266.01988446475,32048.985096394103,26194.863371629785,1,0.000445677393251685,0.00048053269677679624,19,1
661,9,1.7015287335591267,1.6961634922035806,0,0.9315139768439031,1.6367227258135324,0.03590045937565337,1704.094018445833,17.04094018445833,0.0,156.75646277777292,253.94479095223426,65473.14356683819,180412.03021389103,17012.40624312445,17686.01217122392,30710.026969870716,3.6165753772393936,3.6165753772393923,157.94890989636826,49266.01988446475,32122.03216732274,26194.863371629785,1,0.00044391859899509735,0.00046989925180951396,19,1
662,9,1.617053153663619,1.6361693586552315,0,0.9656702050077524,1.5588288399280843,0.013399468399946692,2071.7885741123673,20.717885741123673,0.0,158.46514462918668,253.9862267237165,65486.10989176653,180435.10998615058,17030.883615101375,17667.00958698472,30820.500819468147,3.660921284250272,3.6609212842502776,157.94890989636826,49266.01988446475,32132.391110193304,26197.971054490954,1,0.0005377689574216645,0.0004757883165561489,19,1
663,9,1.5758499583138699,1.555882961392094,0,1.0155005480530026,1.5504556295094702,0.018698968664892294,2447.3225261882712,24.473225261882714,0.0,160.90414137789955,253.9862267237165,65340.178007175586,180267.9196666923,17206.10684909594,17487.91919280539,31257.553079859405,4.100814072215975,4.1008140722159805,157.94890989636826,49266.01988446475,32132.391110193304,26382.96653194136,1,0.0006263631756294289,0.0005360169106820636,19,1
664,9,1.4569882732604857,1.4527103790144913,0,1.0876221598085236,1.4640968270405323,0.0733564385819416,1631.9064664380103,16.319064664380104,0.0,157.367574061426,253.9862267237165,65241.93143091063,180137.53415645426,17388.980878616356,17304.55305699085,31561.93584023878,4.021232135288161,4.021232135288162,157.94890989636826,49266.01988446475,32132.391110193304,26530.64063291602,1,0.0004136391315661871,0.0005259237548724268,19,1
665,9,1.5162054534337626,1.5231219823421722,0,1.0373430482372554,1.5496876025701503,0.019185061664461905,1696.5484455175995,16.965484455175996,0.0,155.5085953977562,253.9862267237165,65163.10172556905,180056.4491478704,17537.425737905785,17158.516657745997,31628.099126050845,3.754337561848537,3.754337561848541,157.94890989636826,49266.01988446475,32132.391110193304,26627.62051942963,1,0.00042912435268554426,0.0004897088866270534,19,1
666,9,1.4366023273894035,1.449266488997902,0,1.0902066748900638,1.5023051165391752,0.04917397687393979,2175.4024828691763,21.754024828691765,0.0,157.76107415732156,253.9862267237165,65050.169074316065,179912.5204431416,17739.486291265097,16963.656059051507,31602.70726408183,3.572939452038044,3.5729394520380464,157.94890989636826,49266.01988446475,32132.391110193304,26786.303429131036,1,0.0005506876267759853,0.0004644837036759056,19,1
667,9,1.4441233788670573,1.460978399097485,0,1.0814670504204855,1.5423186021162356,0.023848986002382565,1665.6284656878288,16.656284656878288,0.0,156.1990146938499,253.9862267237165,64919.85024721766,179779.8000666786,17927.594232803658,16786.193152900087,32103.882044171794,3.5717757538351695,3.5717757538351727,157.94890989636826,49266.01988446475,32132.391110193304,26933.711585601806,1,0.0004150597023490399,0.0004649572272701898,19,1
668,9,1.4705730173343823,1.452961051725649,0,1.087434517341996,1.5908593429516884,0.006873001868157173,1371.204238925674,13.71204238925674,0.0,153.24716424234782,254.01365080849502,64839.560487688985,179715.83626439565,18043.262820871387,16678.9952654236,31580.05760278678,3.37234863982848,3.3723486398284743,157.94890989636826,49266.01988446475,32139.247131387932,27017.13794715097,1,0.000347359528262462,0.000437702285795829,19,1
669,9,1.5625620197198526,1.535472654140619,0,1.0289991135558858,1.6215616470673333,0.02630483991603369,1301.2549268354765,13.012549268354764,0.0,152.20424269224543,254.20313389981183,65278.750919004386,180148.49644714317,17672.898958031758,17029.880263947995,30943.94533492976,2.8533653362949822,2.853365336294978,157.94890989636826,49266.01988446475,32186.617904217135,27017.13794715097,1,0.0003364160355768494,0.0003662784220627837,19,1
670,9,1.6684857596655336,1.6498674934709285,0,0.9576526637760806,1.6625474292500657,0.05224520838611749,1768.18359982929,17.6818359982929,0.0,154.09779946607378,254.54961900411195,65674.22473092767,180588.0606090658,17318.17874847351,17380.03627253161,30634.741599570123,2.971036773934204,2.9710367739342067,157.94890989636826,49266.01988446475,32273.239180292163,27017.13794715097,1,0.0004617459805449384,0.0003818405147947499,19,1
671,9,1.6392475911916584,1.6203430082916668,0,0.9751021801648032,1.5955628474338979,0.00984990343917582,2106.9649224575664,21.069649224575667,0.0,156.71319135027278,254.70271578546107,65930.3395278704,180869.94749389798,17116.81656636588,17585.456047946227,29536.13669829564,3.5245140864567754,3.5245140864567737,157.94890989636826,49266.01988446475,32311.513375629445,27017.13794715097,1,0.0005706812489337233,0.0004562810883518371,19,1
672,9,1.5532120413980284,1.5589110202866638,0,1.0135280201620862,1.5310045591319796,0.031009772701278755,1780.3514304809903,17.803514304809905,0.0,155.974535264259,254.70271578546107,65831.31635247506,180755.94251618677,17225.344944971752,17475.201511440053,30034.1437150334,3.8557298129506985,3.855729812950697,157.94890989636826,49266.01988446475,32311.513375629445,27147.211288994302,1,0.00047422065962609005,0.0005022159630349173,19,1
673,9,1.5228763903773403,1.4923723541365566,0,1.0587170122929155,1.5162544221467693,0.040345302438753644,1302.365025457792,13.02365025457792,0.0,152.31843332743946,254.70271578546107,65781.99182132425,180698.5702086345,17312.230202945524,17387.838251785986,30060.53269881369,3.5709306671822953,3.570930667182295,157.94890989636826,49266.01988446475,32311.513375629445,27219.342297802206,1,0.0003465979897313499,0.00046383329943038774,19,1
674,9,1.5068336988829172,1.503296003296413,0,1.0510238812152704,1.531610115092491,0.030626509435132315,2953.938106156699,29.539381061566992,0.0,157.79407342890835,254.70271578546107,65670.60791378262,180553.6344483983,17492.50114747953,17209.529988758608,30411.983743776083,4.077518920901611,4.077518920901612,157.94890989636826,49266.01988446475,32311.513375629445,27380.936720519232,1,0.000777045820106683,0.0005326214898213744,19,1
675,9,1.6117092366257773,1.5884374266935966,0,0.9946882221787235,1.611636447824761,0.02002306824351951,2127.5564633034705,21.275564633034705,0.0,157.8140627053708,254.8700149491747,65878.29807336487,180782.675002219,17350.43964410414,17351.223268537866,30961.237181139793,4.25793251612197,4.257932516121974,157.94890989636826,49266.01988446475,32353.338166557853,27380.936720519232,1,0.0005497342243415217,0.0005577926780598515,19,1
676,9,1.618818577355041,1.6271233497538533,0,0.9710388583871149,1.58478024641014,0.0030254724114809205,2731.6318757285985,27.316318757285984,0.0,159.29293619503648,254.92464758668928,66044.8310902763,180967.9589865986,17167.796539992018,17536.53103270587,30715.81023812498,5.149006110213824,5.149006110213827,157.94890989636826,49266.01988446475,32366.996325936496,27385.034168332826,1,0.0007114595003814814,0.0006794131816098953,19,1
677,9,1.6657985478047412,1.6797117285616123,0,0.9406375946145245,1.5753263004103677,0.0029580377149571986,1814.8014228531579,18.14801422853158,0.0,155.90670581426028,255.05727448150353,66398.74385860101,181369.05573981872,16874.07522682013,17843.16684172839,31331.198541556685,4.378102304350078,4.378102304350075,157.94890989636826,49266.01988446475,32400.153049640056,27385.034168332826,1,0.00046338512596537005,0.0005748596168961244,19,1
678,9,1.7028895748529644,1.7095565224741398,0,0.9242162977526825,1.5867522048725142,0.004273547387667187,1506.53983427418,15.065398342741801,0.0,151.4502425455947,255.12073107890927,66559.17021629833,181563.52439203122,16749.990941565142,17975.954194791586,31820.324519054233,3.9541653084444857,3.9541653084444808,157.94890989636826,49266.01988446475,32416.01719899149,27385.034168332826,1,0.0003787616517542563,0.0005178687593670359,19,1
679,9,1.6387750086914645,1.6352748030843802,0,0.966198462191111,1.545699214502594,0.021709357909750635,2413.949023002534,24.13949023002534,0.0,154.6430022214015,255.12073107890927,66480.85914756685,181465.90160657873,16852.46949279744,17867.25747183552,31353.679654459433,3.72800638471481,3.7280063847148153,157.94890989636826,49266.01988446475,32416.01719899149,27499.587656822416,1,0.0006159274572186804,0.00048602474497943556,19,1
680,9,1.653520869863601,1.6483128550304376,0,0.9585558925770945,1.5736886993932058,0.003994494054933102,1273.8020161526417,12.738020161526418,0.0,150.70406660171582,255.14620711923232,66425.43935940196,181421.22346168663,16928.533912020404,17787.307064295932,31948.820296322963,3.3687199117474127,3.3687199117474185,157.94890989636826,49266.01988446475,32422.38620907225,27566.06025676456,1,0.00031896063875616604,0.0004378832492430342,19,1
681,9,1.648211065224299,1.6313830931663862,0,0.9685033555995388,1.5846966082309388,0.002972536855024531,1026.629026600258,10.26629026600258,0.0,146.19988335394288,255.16673969976432,66339.61491256992,181342.62569051213,17015.200184227368,17697.167442011156,31244.69882316682,3.0853147500827234,3.085314750082726,157.94890989636826,49266.01988446475,32427.51935420525,27663.423305682103,1,0.00026286162203978093,0.00039924990600487584,19,1
682,9,2.279554142044602,1.6313830931663862,1,0.9685033555995388,2.19498533284019,0.3892312233165759,1838.7171305097388,18.38717130509739,0.0,149.09399814000602,256.26996997807015,66511.17337613956,181588.03719070947,17028.193960023604,17684.259430965772,29801.03293333332,2.7994653247073207,2.799465324707321,157.94890989636826,49266.01988446475,32703.32692378171,27700.38081120028,1,0.0004935982278528555,0.0003584734962162675,19,1
683,9,2.3448628692980344,1.6313830931663862,1,0.9685033555995388,2.2603180741864772,0.4305810596116944,3511.015201118134,35.11015201118134,0.0,157.1174972082433,258.37657909874105,66936.46659030445,182054.81675908237,17037.759232632572,17675.038507586567,29841.03293333332,4.323292255510632,4.323292255510628,157.94890989636826,49266.01988446475,33229.979203949435,27768.45711547631,1,0.0009412583562940211,0.0005659060687288859,19,1
684,9,2.809538495060861,2.7854096560761636,0,0.5672415174383229,2.3296141822905105,0.4744393558800699,3155.7010208119445,31.557010208119447,0.0,160.23473213226893,260.2699997112282,67981.55549124451,183938.06750000198,15803.976130440593,19059.756611645993,28165.78638982362,5.880181998894267,5.880181998894258,157.94890989636826,49266.01988446475,33703.334357071224,27768.45711547631,1,0.0008963217932951756,0.0007770594591473508,19,1
685,9,2.8739250848957307,2.937473957475092,0,0.5378771089967689,2.262920810663158,0.432228361179214,3426.327768243618,34.263277682436176,0.0,162.53893836016482,262.32579637217435,68876.63879768798,185363.52494332741,15401.316764711284,19559.77884067348,26903.2151570822,7.171191190418082,7.171191190418077,157.94890989636826,49266.01988446475,34217.28352230776,27768.45711547631,1,0.0010188604590902648,0.0009521468695598205,19,1
686,9,2.86531436406413,2.9232802746516615,0,0.54048871526295,2.0916281441425215,0.3238152811028617,3900.9793324476714,39.00979332447672,0.0,166.49621122022472,264.666383971643,69498.6108699412,186835.33238628707,14830.097619434076,20315.700880405777,26062.486673221756,7.807182060601637,7.8071820606016455,157.94890989636826,49266.01988446475,34802.43042217491,27768.45711547631,1,0.0011974235248874497,0.0010375352590909633,19,1
687,9,2.905985273288133,2.915982334766059,0,0.5418414169257164,2.0104514951810106,0.2724376551778548,5183.989684013112,51.839896840131125,0.0,173.83225554216472,267.77677778205083,70740.67127418824,188905.96422962763,14438.198559386552,20869.53725914668,25577.617698553433,9.586463038491917,9.58646303849192,157.94890989636826,49266.01988446475,35580.02887477688,27768.45711547631,1,0.0016214143928834463,0.0012792327922870536,19,1
688,9,2.7582593569929252,2.747288204825525,0,0.5751125772770326,1.751182044304962,0.10834306601579864,4188.988369305717,41.88988369305717,0.0,174.28804594067512,269.4551003718941,71548.26454278601,190404.56602818513,13832.351241036187,21787.119371100933,24584.962329518657,10.434819556753077,10.434819556753075,157.94890989636826,49266.01988446475,35999.6095222377,27768.45711547631,1,0.0013631058899044432,0.0013939812692251132,19,1
689,9,2.900982965916349,2.8808297947462598,0,0.5484530890653208,1.7273557533650163,0.09326313504114954,2980.70147688178,29.807014768817798,0.0,167.13861123302178,270.51379721105275,72100.43903439226,191592.21976832463,13396.724149489031,22498.93716510833,23780.674042498493,9.958845044272719,9.958845044272714,157.94890989636826,49266.01988446475,36264.283732027354,27768.45711547631,1,0.0010027306952040003,0.00132908365933063,19,1
690,9,2.952959917406591,2.9429096424182357,0,0.536883626063928,1.6773760636570418,0.06163042003610238,3396.9900469697654,33.969900469697656,0.0,167.11926663359543,271.2960367266984,72458.37692365216,192433.77049736294,13085.437629329332,23036.439864825672,24081.461663503156,8.75618555843822,8.756185558438208,157.94890989636826,49266.01988446475,36459.84361093876,27768.45711547631,1,0.0011284996216381997,0.0011647787355822143,19,1
691,9,3.0358226699945323,3.0182204523896004,0,0.523487275009708,1.6796757337521606,0.0630859074380763,3488.9887669536056,34.88988766953606,0.0,169.5410241554769,271.96869180949005,72812.76313315184,193153.01120414236,12915.003046311485,23342.397727837877,23415.840028927814,8.350827004390224,8.35082700439022,157.94890989636826,49266.01988446475,36628.007381636686,27768.45711547631,1,0.0011920097720665417,0.0011077466963029141,19,1
692,9,3.0054094872227544,3.005414764979255,0,0.5257177872455505,1.6387288468299708,0.037170156221500446,3408.686332471086,34.08686332471086,0.0,171.37122829914114,272.4400642453908,73045.73344856262,193718.99391381693,12821.518913892169,23514.51532629038,22124.88174443497,8.92843493877467,8.92843493877467,157.94890989636826,49266.01988446475,36745.85049061186,27768.45711547631,1,0.00123252593956249,0.0011843451110890772,19,1
693,9,2.992065916249777,3.0122180195245107,0,0.524530425672644,1.566947118633717,0.008261317320432362,4350.452904376403,43.50452904376403,0.0,176.20117112635938,272.78439201417103,73425.54457351142,194511.85988109023,12566.085143590231,23994.7823456944,22161.136879069094,10.011413166410524,10.011413166410518,157.94890989636826,49266.01988446475,36831.93243280692,27768.45711547631,1,0.0015704800446353813,0.0013316719187548044,19,1
694,9,3.037249013670812,3.0122180195245107,1,0.524530425672644,1.6059676001106578,0.01643518994345423,3007.822441037145,30.07822441037145,0.0,172.05629538296233,272.8445484629918,73443.79116471553,194590.74063693435,12626.7003672504,23879.954510729644,22263.935241292886,9.732636765268758,9.732636765268762,157.94890989636826,49266.01988446475,36846.97154501211,27772.968849137866,1,0.0010807873481265043,0.0012945977774414584,19,1
695,9,3.155214146441467,3.1577181762692272,0,0.5003613089584626,1.5875907560436155,0.0048042759769718205,4088.682052395584,40.88682052395584,0.0,174.79398158499654,273.27232128239723,73835.01543740393,195440.34569457665,12317.881142028291,24480.838456358768,22382.004008729222,10.29258323917868,10.292583239178683,157.94890989636826,49266.01988446475,36953.91474986346,27772.968849137866,1,0.00146141768209887,0.0013708950249535854,19,1
696,9,3.1488434644131824,3.1736327607345705,0,0.49785218363900824,1.5883632609826523,0.00529320315357739,7382.4265987086455,73.82426598708646,0.0,190.07112485083468,273.4199698143714,73953.3283316568,195750.4989991223,12333.667100120374,24450.821795283322,22622.840069888138,12.845179959062724,12.84517995906271,157.94890989636826,49266.01988446475,36990.82688285701,27784.042489035928,1,0.0026106100121478337,0.0017176050141244027,19,1
697,9,2.957097215092354,2.966581643375393,0,0.5325995337186362,1.5470240103486461,0.020870879526173388,4056.04039968667,40.5604039968667,0.0,181.53555041041176,273.4199698143714,73884.50116875353,195632.49655331977,12560.890916238344,24009.82486310366,23012.108506143148,13.627670360043645,13.627670360043625,157.94890989636826,49266.01988446475,36990.82688285701,27984.29612839923,1,0.0014100543280869367,0.0018273606741112133,19,1
698,9,2.6955459500331957,2.966581643375393,1,0.5325995337186362,1.4364758053019246,0.09083809791017432,2985.587494438018,29.85587494438018,0.0,166.85831913807638,273.4199698143714,73891.44182268216,195615.20880304577,12677.58469721021,23789.47975360098,23263.332099452284,12.54374417031957,12.543744170319574,157.94890989636826,49266.01988446475,36990.82688285701,28076.75857085682,1,0.001026710182934907,0.0016824581743898925,19,1
699,9,2.8608487930937434,2.839252240913343,0,0.5564845480201994,1.5553287778738254,0.015614697548211818,5365.963797792753,53.65963797792753,0.0,174.85600552917634,273.4199698143714,73809.85764634024,195443.78458419172,12805.298089344633,23553.876264147097,23284.473543288063,10.689699900401369,10.689699900401378,157.94890989636826,49266.01988446475,36990.82688285701,28310.829079147912,1,0.0018436195391119885,0.001426794683377944,19,1
700,9,3.1764118683384073,3.159727340550638,0,0.5000431460407775,1.6525943303995019,0.0459457787338619,4546.727129609588,45.46727129609588,0.0,177.52484233899852,274.33595844430135,74334.0391947213,196559.18688350797,12527.469974546286,24078.749137292732,23730.140404804548,10.987364741514181,10.987364741514192,157.94890989636826,49266.01988446475,37219.82404033949,28310.829079147912,1,0.0015328108648490022,0.0014677135289652993,19,1
701,9,3.233841565718027,3.2490880182031425,0,0.4862903039708338,1.5968741897052505,0.010679866902057248,5999.478050696663,59.99478050696663,0.0,182.81352233112906,275.0453390880055,74755.92793568202,197563.15486242398,12205.414695294512,24717.274299332512,24238.34211443018,13.309667848585832,13.309667848585832,157.94890989636826,49266.01988446475,37397.169201265526,28310.829079147912,1,0.001980161191676522,0.0017855305318791707,19,1
702,9,3.1235898092790326,3.1816883474307915,0,0.4965916920416947,1.5616767058169776,0.011597021634824352,5638.259023187455,56.382590231874545,0.0,186.20646145612562,275.15810426846923,74792.06736482949,197696.98740566347,12281.522368074087,24564.90384242476,24070.38973431972,13.390473700933775,13.39047370093379,157.94890989636826,49266.01988446475,37425.360496381465,28319.286467682694,1,0.0018739236332840554,0.0017956318966031934,19,1
703,9,3.207063400670998,3.177294037820706,0,0.4972784958497943,1.6061338530653355,0.016540413332490785,6431.650087588358,64.31650087588358,0.0,190.58035067719578,275.55373993046896,74952.34230071757,198171.893621036,12292.465051876283,24545.099212410463,24460.994113822882,14.781118541285625,14.781118541285615,157.94890989636826,49266.01988446475,37524.26941188139,28319.286467682694,1,0.0021034795422165903,0.001985854789059056,19,1
704,9,3.255045406282321,3.2628504615332115,0,0.4842391702062739,1.5986944501300642,0.011831930462065885,8794.434408447516,87.94434408447516,0.0,202.94093704681418,276.10991694258144,75277.76534246863,198915.09075867452,12173.845900636452,24786.738436748612,24631.508767685766,16.929453172432762,16.929453172432744,157.94890989636826,49266.01988446475,37663.3136649095,28319.286467682694,1,0.0028563201682505106,0.0022779077812503856,19,1
705,9,3.2817462383486857,3.2720637270191415,0,0.48287568085948745,1.6021484385341587,0.014017999072252277,4534.239492228367,45.342394922283674,0.0,186.52454388053084,276.32759119023297,75411.94762434626,199327.53523028025,12137.66547680738,24862.077110215323,25307.52390989819,15.825621021292024,15.82562102129203,157.94890989636826,49266.01988446475,37717.73222682239,28319.286467682694,1,0.0014333253647007172,0.002131041691722606,19,1
706,9,3.269950829651071,3.219255259732627,0,0.49079674412995317,1.6123131902817938,0.020451386254299802,2857.033056541797,28.570330565417972,0.0,165.81555386575167,276.3847318513638,75429.47144188079,199442.2158963095,12198.18540498198,24739.279394152345,25481.301843717974,12.85831121529849,12.858311215298476,157.94890989636826,49266.01988446475,37732.017392105095,28323.572017267506,1,0.0008969818179823195,0.0017288757836445158,19,1
707,9,3.0695013562921023,3.219255259732627,1,0.49079674412995317,1.5206498531616415,0.0375633840749105,6028.029074351195,60.280290743511955,0.0,175.75539567156088,276.3847318513638,75561.49656690992,199711.51771066483,12227.550924429179,24681.87141742781,25441.660979710847,10.534904111912468,10.534904111912468,157.94890989636826,49266.01988446475,37732.017392105095,28373.833612246333,1,0.0018954828709205466,0.0014085966845345278,19,1
708,9,1.9866962942626762,1.9995138051143528,0,0.7901920936773124,1.0411851625438608,0.3410220490228729,2247.9766574264477,22.479766574264477,0.0,165.32335066027846,276.3847318513638,75461.10981387891,199350.0145578998,12576.984094754938,23998.274843834675,24344.993886212913,8.840383610884599,8.840383610884594,157.94890989636826,49266.01988446475,37732.017392105095,28791.665259283724,1,0.0007387068299736234,0.0011770571729588298,19,1
709,9,1.982922181764516,2.002557654293426,0,0.7889910168691151,1.1258949095027777,0.28740828512482425,4156.851396181477,41.56851396181477,0.0,167.32307500573538,276.3847318513638,75405.71383502646,198898.96687506622,13091.829062013407,23057.28361308634,24384.993886212913,9.978750453959785,9.97875045395978,157.94890989636826,49266.01988446475,37732.017392105095,29301.393094695464,1,0.0013637408040628558,0.001332643501652342,19,1
710,9,2.088700232667947,2.081891367659199,0,0.7589252852210504,1.2487849574489138,0.20962977376651026,2723.0881908660817,27.23088190866082,0.0,165.24690948780705,276.3847318513638,75308.3414222226,198559.71978499283,13434.711199144269,22470.7098208518,24424.993886212913,7.53319140960319,7.533191409603179,157.94890989636826,49266.01988446475,37732.017392105095,29682.779395590824,1,0.0008919021895528658,0.000998116607863115,19,1
711,9,2.0209060238350802,1.9990103131245887,0,0.790391119858883,1.2740766834364647,0.19362235225540209,2511.721414171281,25.11721414171281,0.0,160.67133987006915,276.3847318513638,75186.74873173535,198218.24049216363,13796.361089198152,21883.41533490972,24464.993886212913,7.727004782065012,7.727004782065008,157.94890989636826,49266.01988446475,37732.017392105095,30065.334364153387,1,0.0008213274610583068,0.0010256568182246762,19,1
712,9,2.020668197440418,2.0499239766696884,0,0.7707602906166657,1.3157504264523112,0.16724656553651193,2229.91812937841,22.2991812937841,0.0,158.8760367588009,276.3847318513638,75101.28734906527,197976.8175184841,14021.428203908392,21533.456105901332,24504.993886212913,6.176941270568027,6.176941270568036,157.94890989636826,49266.01988446475,37732.017392105095,30338.57510443242,1,0.0007279881446966658,0.0008137392651026129,19,1
713,9,2.058458643180791,2.0897344742179644,0,0.7560769176626035,1.397856910072352,0.11528043666306845,4660.676914131996,46.606769141319965,0.0,168.30314732637828,276.3847318513638,75010.09549949995,197647.42657861937,14319.562942406166,21086.727756592532,23667.788737884923,7.862944246733378,7.862944246733383,157.94890989636826,49266.01988446475,37732.017392105095,30705.408339884274,1,0.0015753653932770396,0.0010415603330106707,19,1
714,9,2.0882105714582146,2.0627044629536666,0,0.7659846712783743,1.475260376005854,0.06629090126211774,3975.9751354286886,39.759751354286884,0.0,171.6460465096135,276.3847318513638,74923.2752301377,197440.48477164266,14605.941281592528,20674.507013396822,23568.538728796222,9.154646653190461,9.154646653190467,157.94890989636826,49266.01988446475,37732.017392105095,30954.136273806096,1,0.0013495873227204575,0.001217646953564721,19,1
715,9,2.024923172797131,2.0627044629536666,1,0.7659846712783743,1.455336728780285,0.07890080456943993,2745.6673497306783,27.456673497306785,0.0,164.433827127608,276.3847318513638,74863.17951707084,197307.7153287503,14732.301747180914,20498.19715709934,22937.312181696634,9.70926777901052,9.70926777901052,157.94890989636826,49266.01988446475,37732.017392105095,31129.37339667133,1,0.0009576247915993046,0.0012941925025322673,19,1
716,9,2.0467671707167607,2.0217107386375845,0,0.7815163513771263,1.494863287896749,0.05388399500205768,3006.781239852268,30.06781239852268,0.0,163.24630408888578,276.3847318513638,74812.01040483046,197200.5745955785,14851.444945811912,20334.601965885427,23271.45484982786,8.38544375614781,8.3854437561478,157.94890989636826,49266.01988446475,37732.017392105095,31273.08962257194,1,0.0010336375647350675,0.0011136165596849431,19,1
717,9,2.126559884357587,2.1400309684689645,0,0.738307072785201,1.5647859860772366,0.009629122735926232,3178.3099094953177,31.783099094953176,0.0,165.168339340008,276.4482980495537,74828.51925663988,197250.01100272383,14907.11742881225,20258.922432575528,23460.507369001418,7.739619709988475,7.739619709988485,157.94890989636826,49266.01988446475,37747.908941652575,31277.857087436183,1,0.0010837992067281026,0.001025020521020825,19,1
718,9,2.1357672281137083,2.1309600398833015,0,0.7414498490954932,1.5910101593501846,0.006968455284926941,4527.209468001879,45.27209468001879,0.0,171.2472736053055,276.5388422389138,74925.09026765157,197409.80952770528,14999.449541827538,20135.21571997039,24013.574032390625,9.082715031683003,9.082715031683003,157.94890989636826,49266.01988446475,37770.54498899259,31284.647901638185,1,0.0015082167983475907,0.0012085511899369201,19,1
719,9,1.9715954785516367,2.1309600398833015,1,0.7414498490954932,1.4808335486625768,0.06276357679583752,1780.1028582125887,17.801028582125888,0.0,160.6682382966161,276.5388422389138,74987.03295381059,197488.58796775702,15061.482734495203,20052.997371942056,23266.38645408795,8.048680821541655,8.048680821541648,157.94890989636826,49266.01988446475,37770.54498899259,31317.545204992035,1,0.0006120771222382309,0.0010680310424379747,19,1
720,9,1.9270173792213772,1.9455098241447513,0,0.8121264567217337,1.4839649928065206,0.06078165012245535,2425.8170916037234,24.258170916037233,0.0,157.6940987675844,276.5388422389138,74885.51971207955,197318.43729537196,15251.19291194685,19804.58699338822,23084.535597781887,7.454355800761505,7.454355800761505,157.94890989636826,49266.01988446475,37770.54498899259,31518.28897410838,1,0.0008406726074530386,0.00098698884267962,19,1
721,9,1.8426970073582774,1.8588684192639426,0,0.8499794733322942,1.4476070908453227,0.08379298047764391,1950.1469276477292,19.50146927647729,0.0,157.54952810014117,276.5388422389138,74778.83004116529,197134.5482358715,15404.355282852099,19608.607583857323,22151.954321500798,5.508367972917461,5.5083679729174575,157.94890989636826,49266.01988446475,37770.54498899259,31723.42160901977,1,0.0007042798659998705,0.00071900986523038,19,1
722,9,1.8651585110097393,1.878717588617298,0,0.8409992058268062,1.4904682847996409,0.0566656425318729,2262.936064337158,22.62936064337158,0.0,158.3746975490894,276.5388422389138,74714.455168012,197020.92025904986,15536.5898165891,19442.347766811996,22489.790743799174,5.975167463644008,5.975167463644004,157.94890989636826,49266.01988446475,37770.54498899259,31860.045561783372,1,0.0008049647380418028,0.000783305737164904,19,1
723,9,1.8519056256609574,1.8483919959989275,0,0.8547970362456151,1.5104183997278897,0.04403898751399389,3558.9948203485933,35.58994820348593,0.0,164.11425243719387,276.5388422389138,74646.05517358598,196886.59710901862,15696.414330506106,19245.182663695265,23019.0101183746,6.942485340145866,6.9424853401458595,157.94890989636826,49266.01988446475,37770.54498899259,32021.14239347151,1,0.0012368889199132593,0.0009153778413183109,19,1
724,9,1.9095111547243926,1.8483919959989275,1,0.8547970362456151,1.5920412487687545,0.0076210435245281346,2520.4557676686445,25.204557676686445,0.0,162.35949887187493,276.58925135426716,74535.05639545633,196776.26353747462,15870.35292135293,19035.069572583696,22965.220471434277,7.363044251985469,7.363044251985473,157.94890989636826,49266.01988446475,37783.14726783093,32173.239651729902,1,0.0008780079497355617,0.0009732872025635412,19,1
725,9,1.8483234911321313,1.8371838311115174,0,0.8600119232728506,1.561754267876473,0.011547931723751253,1693.9648887569106,16.939648887569106,0.0,155.2246977963677,276.58925135426716,74450.01997452542,196683.4148610649,15976.932470385545,18908.569810664372,22980.1709281899,6.82776618983364,6.827766189833636,157.94890989636826,49266.01988446475,37783.14726783093,32291.53089058218,1,0.0005897135905734853,0.000901536820074102,19,1
726,9,1.775714047494766,1.775557689524478,0,0.8898612584213744,1.5221185657590695,0.0366338191398295,1525.911632052679,15.25911632052679,0.0,152.0543556304902,276.58925135426716,74361.33093425655,196570.5669815483,16092.351157123127,18773.448172660475,23079.76296868657,5.098958310928085,5.098958310928089,157.94890989636826,49266.01988446475,37783.14726783093,32423.17085449232,1,0.0005289176094652123,0.0006655463832580865,19,1
727,9,1.7851106120347737,1.8011479520186588,0,0.8772183308035275,1.542066857841579,0.02400831782178546,1142.9059131857964,11.429059131857965,0.0,149.26051554902384,276.58925135426716,74294.24720441486,196492.5141143372,16154.953436688282,18701.120946937917,23325.816940776844,3.9093812466898616,3.909381246689863,157.94890989636826,49266.01988446475,37783.14726783093,32515.67146838336,1,0.00039197972481309657,0.000503536974950598,19,1
728,9,1.7265649722423697,1.7088216426587168,0,0.9246137575491576,1.5256830920986788,0.034377789810962824,2364.7429365166754,23.647429365166754,0.0,153.1746249774274,276.58925135426716,74170.32747438665,196322.23357577366,16339.473719616273,18490.840683275754,23803.471964070828,4.409631960614242,4.409631960614244,157.94890989636826,49266.01988446475,37783.14726783093,32702.173946623636,1,0.0007947556356773631,0.0005718843233185573,19,1
729,9,1.7545491831609326,1.7627299063533715,0,0.8963369795368186,1.5634482081279386,0.010475817640545228,3564.4039679559105,35.64403967955911,0.0,160.1243510436424,276.6605394336263,74156.1717987047,196316.91164939062,16408.32122546149,18413.917681128452,24325.97159636104,5.980368051520639,5.980368051520635,157.94890989636826,49266.01988446475,37800.96928767071,32748.680327618535,1,0.0011722134768879253,0.0007863162791261284,19,1
730,10,1.7557179227125947,1.7445159615612162,0,0.9056953532176419,1.9386808511894382,0.22701319695534058,1705.7562021295182,17.057562021295183,0.0,129.05501508848712,301.7111690455828,70358.55437508518,196222.69593028558,20213.02259852111,18305.419392080472,24909.33321806886,6.308447685420451,6.308447685420459,124.5466660903443,49141.473218374405,37809.49806868136,32871.334516769915,1,0.0005478287795812016,0.00083826596404883,22,1
731,10,1.7367034461379145,1.7392175666560454,0,0.9084544856787703,1.763382346266384,0.11606477611796452,1364.966879203296,13.64966879203296,0.0,122.06137944011839,302.30308976805316,71234.04584821041,197155.49595291718,19384.161468627535,19090.890920132708,24953.901389231865,5.428792661631786,5.428792661631784,124.5466660903443,49141.473218374405,37957.47824929895,32871.334516769915,1,0.00043759630461385346,0.0007192128536943268,22,1
732,10,1.703853261842417,1.6762925694297302,0,0.9425562272446936,1.6295325610871378,0.03134972220704922,1948.297026314672,19.48297026314672,0.0,124.1350614091885,302.69010925492773,71935.32422132939,197890.06836387064,18813.792117976096,19671.862860139903,24182.002878115127,4.1536270906608985,4.153627090660894,124.5466660903443,49141.473218374405,38054.2331210176,32871.334516769915,1,0.0006445444692516826,0.0005433231844822458,22,1
733,10,1.745059114207715,1.7324311553406135,0,0.9120131528051145,1.5978000300614674,0.011265841811055286,2141.811830346116,21.41811830346116,0.0,126.3412678808639,302.9120865094342,72360.07594975333,198365.71069651083,18409.151826942347,20105.80646891307,24686.61900404475,4.508937651885124,4.5089376518851205,124.5466660903443,49141.473218374405,38109.727434644214,32871.334516769915,1,0.0006940802480874982,0.0005920736739843447,22,1
734,10,1.7751053282496736,1.7877611464459602,0,0.8837869662516238,1.579721142055852,0.0001764923697140315,3095.6200237536923,30.956200237536923,0.0,130.63444525842328,303.1110418988716,72678.58781896606,198761.35960244588,18149.667632127188,20394.467644980432,25313.10452014417,5.826327843860157,5.8263278438601604,124.5466660903443,49141.473218374405,38159.46628200356,32871.334516769915,1,0.0009783454325138817,0.0007723233832843541,22,1
735,10,1.4517993714020423,1.4471933345910557,0,1.0917684335842195,1.3252914951955337,0.16120791443320656,2555.385805137807,25.55385805137807,0.0,130.74757407010216,303.1110418988716,72540.18249140275,198473.23071448883,18382.632756286097,20137.377155923885,25353.10452014417,6.219882940526404,6.219882940526399,124.5466660903443,49141.473218374405,38159.46628200356,33183.09041038125,1,0.000806334641379304,0.0008262534406602279,22,1
736,10,1.447129116034721,1.4471933345910557,1,1.0917684335842195,1.3626714573873306,0.13754971051434772,2741.5442208621007,27.41544220862101,0.0,131.5175775568561,303.1110418988716,72405.33993951687,198204.00923973683,18670.712444871413,19827.913360634277,24477.909991352008,6.719113905334724,6.719113905334728,124.5466660903443,49141.473218374405,38159.46628200356,33476.198637636306,1,0.0008960059815010948,0.0008935620184647602,22,1
737,10,1.4405500449207589,1.42899642691663,0,1.1056710641391827,1.385495053428525,0.12310439656422467,1357.6083752138406,13.576083752138407,0.0,125.74876332200432,303.1110418988716,72290.20807515085,198038.58947782172,18869.702595146708,19619.522172824745,22957.593221563093,5.493459366880017,5.493459366880014,124.5466660903443,49141.473218374405,38159.46628200356,33659.5771510472,1,0.00047308386802104215,0.000725141496967147,22,1
738,10,1.4608655089403653,1.452332138073522,0,1.0879054167979965,1.4333490216803875,0.09281707488583076,1367.6501707353646,13.676501707353646,0.0,122.99867497390737,303.1110418988716,72154.48840219401,197863.4788828233,19059.25489973236,19425.141879596013,22122.47371245985,4.737851722969051,4.7378517229690535,124.5466660903443,49141.473218374405,38159.46628200356,33849.305897051156,1,0.0004945740475542118,0.0006212212990254496,22,1
739,10,1.4442006303783357,1.436786258159925,0,1.099676441799692,1.44325837393988,0.08654533294944301,2100.1230105342997,21.001230105342998,0.0,126.06078574242818,303.1110418988716,72067.2814991865,197717.65650281863,19235.440396300597,19247.998589543895,22405.635768714666,4.384641967962687,4.384641967962682,124.5466660903443,49141.473218374405,38159.46628200356,34008.55364186007,1,0.0007498552711337864,0.0005725043955696801,22,1
740,10,1.4633831037619758,1.4858433795582686,0,1.0633691422239426,1.4850979858252298,0.060064565933398914,2280.6352094499784,22.806352094499786,0.0,128.69738820809962,303.1110418988716,71970.67943131707,197579.0297188688,19384.24755195665,19100.813964750105,21777.63099059118,5.282434601701597,5.2824346017016,124.5466660903443,49141.473218374405,38159.46628200356,34162.66740814939,1,0.000837790009550738,0.0006940731094129121,22,1
741,10,1.490619158990846,1.4702336800375844,0,1.0746590977018087,1.5439065193593975,0.022843975088988975,1267.308401834463,12.67308401834463,0.0,123.6514813772176,303.1110418988716,71818.80409658646,197428.2892142677,19583.2637617486,18907.354682941364,22281.83607446704,5.173016345528573,5.1730163455285725,124.5466660903443,49141.473218374405,38159.46628200356,34328.646480077616,1,0.00045501040312801995,0.0006808852279375148,22,1
742,10,1.4101174118102975,1.383010080371885,0,1.1424356354475345,1.487589670330733,0.05848755042358677,2486.21826230258,24.862182623025802,0.0,126.62750324245225,303.1110418988716,71699.4411130153,197265.7149565048,19764.214363589654,18734.912832953927,22618.734788464964,5.489901508486524,5.489901508486521,124.5466660903443,49141.473218374405,38159.46628200356,34507.302356348075,1,0.0008793483050415339,0.0007240495725734306,22,1
743,10,1.4169591317763603,1.4432930684943788,0,1.0947187612064346,1.5202201242105124,0.03783536442372634,2187.554595195452,21.875545951954518,0.0,128.16430364223638,303.1110418988716,71569.20527808106,197117.4506385953,19931.83148947484,18577.961304588083,23134.66282724015,5.289865048243219,5.289865048243221,124.5466660903443,49141.473218374405,38159.46628200356,34671.1564154708,1,0.0007564595556135594,0.0006969394212610376,22,1
744,10,1.4475745204757478,1.4413564414479487,0,1.09618964092794,1.5752856442135104,0.0029837694851200694,1938.5303287346753,19.385303287346755,0.0,126.0503183807076,303.1498125054463,71489.96746586122,197059.1887564806,20074.193061354024,18446.743612162674,23431.378419953453,5.787340302230101,5.787340302230097,124.5466660903443,49141.473218374405,38169.15893364723,34754.86710682692,1,0.0006618578878257992,0.0007658885828269643,22,1
745,10,1.3795914179221187,1.3731182952960708,0,1.150665609374407,1.523055497705243,0.03604082423718798,2058.0079684298707,20.580079684298706,0.0,126.66832302896088,303.1498125054463,71379.33223084113,196937.24363930896,20219.37221343466,18314.810211089123,22741.690033136805,5.416174385174844,5.416174385174844,124.5466660903443,49141.473218374405,38169.15893364723,34892.06461505929,1,0.0007239595528498216,0.0007140923320963933,22,1
746,10,1.3633620657751617,1.3775876219748153,0,1.1469324889367256,1.5306766469445563,0.03121731206040745,3188.343127962511,31.88343127962511,0.0,131.77012502847316,303.1498125054463,71253.16858090968,196786.47432120942,20390.548938264652,18161.70709748143,22767.35703042439,6.309520103408716,6.309520103408718,124.5466660903443,49141.473218374405,38169.15893364723,35060.309879793684,1,0.001120320860678515,0.000835379433784712,22,1
747,10,1.3498624173808798,1.345197431976901,0,1.1745487780764148,1.5490403007040618,0.01959474638983432,1509.25327900079,15.0925327900079,0.0,126.16814288924058,303.1498125054463,71099.63958499258,196647.78834860687,20615.151435887357,17964.42490183874,22355.60667605518,6.0079612825641835,6.007961282564184,124.5466660903443,49141.473218374405,38169.15893364723,35215.02279544504,1,0.0005400894015969007,0.0007947899383750791,22,1
748,10,1.4216263385610173,1.442832851369347,0,1.0950679411689803,1.5677266013545061,0.007767973826261979,1444.141391730724,14.44141391730724,0.0,121.28829195355323,303.25211063065996,71558.0281769127,197078.7736796974,20209.62404287326,18326.23992406687,22891.13409024958,5.461827035520803,5.461827035520806,124.5466660903443,49141.473218374405,38194.73346495065,35215.02279544504,1,0.0005046989410090792,0.0007217030677614983,22,1
749,10,1.4459959581295487,1.4457359653300008,0,1.0928689870694006,1.5833344004740515,0.00211038004686799,1688.8780165878302,16.888780165878302,0.0,122.3446121975723,303.2858881909917,71669.24828882194,197188.6944198689,20138.308963483643,18391.51183479806,23096.210149285787,4.159137834516719,4.159137834516723,124.5466660903443,49141.473218374405,38203.17785503359,35217.55611246992,1,0.0005849887944979773,0.0005432590457013191,22,1
750,10,1.4738700649414727,1.4944766557336175,0,1.057226283152881,1.5695720329502876,0.006599979145387654,1381.1468379811154,13.811468379811155,0.0,121.38351927927111,303.3528120240649,71999.56046259381,197507.81889486942,19860.625026107544,18649.657411380802,23133.068138639577,4.005342189099899,4.005342189099894,124.5466660903443,49141.473218374405,38219.90881330188,35217.55611246992,1,0.0004776355059186157,0.000522441080475224,22,1
751,10,1.5009558916698906,1.5039757999085703,0,1.0505488187350165,1.5826915555458037,0.0017035161682301145,1654.076129037993,16.54076129037993,0.0,122.01218797723615,303.38589354664566,72115.00025976186,197627.86581925795,19762.982931499064,18742.354165006815,23740.439395393783,4.129616145554793,4.129616145554795,124.5466660903443,49141.473218374405,38228.17919394707,35220.03722666348,1,0.0005573868626404357,0.0005400037210190095,22,1
752,10,1.501832482456876,1.534380400778177,0,1.029731609709487,1.5617013858537154,0.011581401358408001,2202.1458191194242,22.02145819119424,0.0,124.85781873674735,303.42993646302807,72297.51060637359,197813.9589457654,19626.088174761844,18873.70850241472,23830.25303809577,4.508703209540355,4.5087032095403545,124.5466660903443,49141.473218374405,38239.18992304267,35223.34044539216,1,0.000739277359950482,0.0005914332428365111,22,1
753,10,1.5607660198004745,1.5416216373371923,0,1.024894800211223,1.6155936970813924,0.02252765638062808,1637.3948877943883,16.37394887794388,0.0,123.50596121179812,303.5302462015875,72409.09672482323,197937.22814360703,19581.56240515762,18917.031721393723,23772.411416540326,4.685670524190301,4.685670524190303,124.5466660903443,49141.473218374405,38264.267357682525,35223.34044539216,1,0.000551023574042682,0.0006158959322111999,22,1
754,10,1.5918442664750552,1.5987584819551937,0,0.9882668444502931,1.5642115793374731,0.009992671305396801,2149.978807458681,21.49978807458681,0.0,124.79295396913946,303.72450248803136,72953.7541176617,198515.32839873596,19079.504973802294,19416.555279940752,24390.379843135626,5.042444075629855,5.042444075629854,124.5466660903443,49141.473218374405,38312.831429293496,35223.34044539216,1,0.0007051891184265476,0.0006651633508065706,22,1
755,10,1.5299541787122193,1.5539319784201904,0,1.0167755229584192,1.52152426798334,0.037009956972569626,1599.5740735083857,15.995740735083858,0.0,123.38420117747067,303.72450248803136,72865.01085741955,198413.17724259035,19194.413779161423,19300.759236842463,24147.911996246363,4.532766847653508,4.532766847653506,124.5466660903443,49141.473218374405,38312.831429293496,35340.546373145255,1,0.0005299254275092702,0.0005953793733261666,22,1
756,10,2.403279491418782,2.4197942399346393,0,0.6529480787765977,2.196362249289027,0.3901026894234347,2097.3290121380332,20.973290121380334,0.0,124.79317214079315,304.9828998953142,73776.2336457161,199641.86276529558,18401.553349388163,20135.146553875034,24199.5683890531,4.880807584350555,4.880807584350556,124.5466660903443,49141.473218374405,38627.4307811142,35340.546373145255,1,0.0006933442707471691,0.0006428196055609956,22,1
757,10,2.3600457806895467,2.3711070119510644,0,0.6663554162829192,1.9906713693496076,0.25991858819595415,4719.240604156967,47.19240604156967,0.0,136.10004354929004,307.81444425780836,74512.72777153867,201205.49565203325,17679.98033103257,20960.548097177976,23596.02489043696,7.080514829474732,7.0805148294747235,124.5466660903443,49141.473218374405,39335.31687173774,35340.546373145255,1,0.0016000120786682473,0.0009410939256415623,22,1
758,10,2.324856980901018,2.328884384226281,0,0.6784364267721771,1.8571100818328248,0.17538612774229412,2475.9514324611446,24.759514324611445,0.0,132.01642645047164,309.0139606827531,75321.66664647781,202275.87266053574,17206.246437812984,21539.95206712455,23336.945036555142,7.852311122162578,7.852311122162583,124.5466660903443,49141.473218374405,39635.195977973926,35340.546373145255,1,0.000848766255765799,0.001047374201727072,22,1
759,10,2.3195996291500918,2.328884384226281,1,0.6784364267721771,1.7627928359919534,0.11569166834933751,4335.650683883988,43.35650683883988,0.0,136.3893058441888,310.44113956285634,75926.2292679601,203229.28681012357,16783.459445118984,22084.788132716978,23004.277730757098,9.844009424343275,9.844009424343277,124.5466660903443,49141.473218374405,39991.99069799973,35340.546373145255,1,0.0015077719838470396,0.0013188501060936953,22,1
760,10,2.241590492905224,2.2536017346580297,0,0.7010999218279158,1.6404905060167398,0.03828513039034163,3988.6832384428562,39.886832384428565,0.0,139.64958964199516,311.1153356228328,76477.28522546431,204014.6923775128,16470.88211273787,22506.05694959089,23514.774884074777,9.253034000160495,9.253034000160504,124.5466660903443,49141.473218374405,40160.53971299384,35340.546373145255,1,0.001356996444356919,0.0012378448946565859,22,1
761,10,2.2487400965888935,2.256946597930923,0,0.7000608704913442,1.5908122793885071,0.006843214802852556,3231.4122696716136,32.31412269671613,0.0,135.71226609516322,311.391194587093,76851.83107379486,204583.7093967585,16194.371175109281,22892.03589408422,23123.232325143574,9.9055748098225,9.905574809822507,124.5466660903443,49141.473218374405,40229.50445405891,35340.546373145255,1,0.001117979432713778,0.0013275826203059122,22,1
762,10,2.336301234721769,2.3409659056368715,0,0.6749350753872484,1.590319278614462,0.006531188996494882,2664.2466104045516,26.642466104045518,0.0,131.2388933457694,311.6548859887561,77242.19892872324,205210.13398822158,15886.157769291536,23337.986598336596,23430.033652646798,8.440458326778536,8.440458326778542,124.5466660903443,49141.473218374405,40295.42730447468,35340.546373145255,1,0.0009096859696925216,0.0011282206155877395,22,1
763,10,2.240873621142652,2.193810479560992,0,0.7202080647897066,1.5543827210197485,0.01621346770901998,1976.4579763958313,19.764579763958313,0.0,126.16940737954138,311.6548859887561,77118.41717454101,205034.87825955692,16036.835372238524,23119.48072137643,23580.352850061012,6.7609403220858395,6.760940322085833,124.5466660903443,49141.473218374405,40295.42730447468,35547.27840059962,1,0.000670543986839694,0.0008994031297486646,22,1
764,10,2.348138830118003,2.3714853665563886,0,0.6662491037396967,1.5630384715603654,0.01073514458204729,3938.2368360687124,39.382368360687124,0.0,132.69374989669618,311.85512691998105,77452.57578992647,205576.93369258053,15710.495457058058,23601.73795740496,24245.57947161811,7.20697989110192,7.206979891101915,124.5466660903443,49141.473218374405,40345.487537280904,35547.27840059962,1,0.001299449028447867,0.000959892994993361,22,1
765,10,2.2599329515075115,2.225909555499623,0,0.7098221920545899,1.5261033428272908,0.03411180833715779,3477.5804205165296,34.775804205165294,0.0,135.9606191872207,311.85512691998105,77415.56952425635,205500.53072649715,15824.05317491185,23433.078345885948,23342.419424069085,7.906414467233348,7.906414467233357,124.5466660903443,49141.473218374405,40345.487537280904,35661.055599418134,1,0.0011918491763302616,0.0010539473972059408,22,1
766,10,2.3179575156037333,2.2976325992455346,0,0.6876643378575056,1.5887643276003673,0.005547042785042577,2594.1041840436906,25.941041840436906,0.0,131.2345854592411,311.9070090036619,77395.39316792412,205505.30266823946,15942.527734638714,23259.64986640994,23086.782315020766,8.456976183931086,8.45697618393108,124.5466660903443,49141.473218374405,40358.458058201126,35713.2158344463,1,0.0008989054078292789,0.0011300678708691357,22,1
767,10,2.2584935459966493,2.217223729612708,0,0.7126028730875911,1.5662966627899786,0.008672998234190812,2516.4313603964897,25.1643136039649,0.0,129.54408728386835,311.9070090036619,77306.94275895177,205385.3639707507,16036.677828804404,23123.80166287745,22538.107376628068,7.470794762105965,7.470794762105955,124.5466660903443,49141.473218374405,40358.458058201126,35866.38254599366,1,0.0008932183411304607,0.0009946576417633336,22,1
768,10,2.223458868952231,2.2324003178464844,0,0.7077583654548879,1.5650673212010011,0.009451062531011996,2208.6703397953065,22.086703397953066,0.0,128.15403421656487,311.9070090036619,77207.58111851651,205249.19240243488,16156.40995440356,22953.078450312307,22800.972218152212,6.451669490121318,6.451669490121315,124.5466660903443,49141.473218374405,40358.458058201126,36031.15008955955,1,0.0007749390047629459,0.0008556875845742285,22,1
769,10,2.3171788424261885,2.366069189277714,0,0.6677742168995169,1.578122496687014,0.0011882932360671417,3717.6485463729714,37.17648546372971,0.0,133.7315252893715,312.21787937000073,77592.23917481431,205873.757435982,15892.862119806252,23335.706782535923,23342.432272578073,7.368667713906235,7.368667713906235,124.5466660903443,49141.473218374405,40436.17564978582,36031.15008955955,1,0.001274125507731375,0.0009807609512082606,22,1
770,10,2.316094399527599,2.3544900665884203,0,0.6710582569113867,1.5610965921861901,0.011964182160639207,2143.372502270708,21.43372502270708,0.0,129.31553220928433,312.26074682004617,77684.20368499313,206039.81995988265,15810.858956864166,23457.51189580863,23783.999751948402,6.9388124233151425,6.938812423315145,124.5466660903443,49141.473218374405,40446.89251229718,36034.36514831296,1,0.0007209460224099174,0.0009233368449680794,22,1
771,10,2.26068443366749,2.242579286905946,0,0.7045458812650959,1.550546594767411,0.018641395716828477,4372.435445559986,43.72435445559986,0.0,135.37217893487437,312.26074682004617,77626.25716744053,205940.1659915288,15949.579931696011,23254.358944646396,24377.219127819535,8.549017837202243,8.549017837202232,124.5466660903443,49141.473218374405,40446.89251229718,36175.56335660974,1,0.0014349250987599703,0.001143332209633754,22,1
772,10,2.3013573199010264,2.242579286905946,1,0.7045458812650959,1.6033496706722803,0.014778272577392544,3817.677689158857,38.176776891588574,0.0,138.31310054293382,312.33710037382934,77564.41834924922,205880.4353511799,16075.200190186204,23073.432017513423,24984.43131109836,8.422566777359222,8.422566777359213,124.5466660903443,49141.473218374405,40465.98090074297,36302.35093096136,1,0.0012224181184265748,0.001126096413198821,22,1
773,10,2.28863200267792,2.242579286905946,1,0.7045458812650959,1.606092282297579,0.01651410271998663,2609.463857553557,26.09463857553557,0.0,130.64187583863696,312.3892896509804,77581.44958770227,205936.60269025096,16133.698177101938,22990.022663480162,25056.990644775953,8.683786228368264,8.683786228368266,124.5466660903443,49141.473218374405,40479.02822003074,36306.26512674769,1,0.0008331292115791551,0.0011634908095885666,22,1
774,10,2.387095197673613,2.3837042200370693,0,0.6628339148451183,1.589785966494277,0.006193649679922144,3831.9773589793285,38.319773589793286,0.0,134.34922617488786,312.8624374674531,78097.52818264528,206770.81541076725,15717.863271628143,23600.683817917616,24502.700938513866,8.246354669823514,8.246354669823505,124.5466660903443,49141.473218374405,40597.31517414891,36306.26512674769,1,0.0012511199866806994,0.0011022224388954765,22,1
775,10,2.418183906798933,2.4596647982654343,0,0.6423639518336899,1.5731335197095462,0.004345873601553096,2132.2255905670013,21.322255905670012,0.0,128.9390846110404,312.9525883228874,78325.31652459742,207162.77939524356,15534.966332054068,23879.985459703654,24715.443088533077,6.941499993024919,6.941499993024918,124.5466660903443,49141.473218374405,40619.85288800748,36306.26512674769,1,0.0006901678704862108,0.0009248056895820217,22,1
776,10,2.3666666595770276,2.3802136510250667,0,0.6638059567970105,1.5622880597633373,0.011210088757381506,2770.09181653352,27.700918165335203,0.0,127.95722177361108,312.9525883228874,78288.73311729582,207119.77516446245,15649.13995286302,23706.446161475596,25481.70955750318,7.023288737989091,7.023288737989088,124.5466660903443,49141.473218374405,40619.85288800748,36386.37228549823,1,0.000869672204773359,0.0009369866873134231,22,1
777,10,2.3233317473917436,2.300193695349751,0,0.6868986743134937,1.5666330522578513,0.008460093507689082,1758.7972406066135,17.587972406066136,0.0,124.25229272623329,312.9525883228874,78192.49180599832,206986.49104526787,15816.64577484187,23456.23642561282,25618.77347598631,5.309076290990991,5.309076290990991,124.5466660903443,49141.473218374405,40619.85288800748,36547.27108527858,1,0.0005492213722894167,0.0007030204825163288,22,1
778,10,2.3013864499270316,2.300193695349751,1,0.6868986743134937,1.573906318840813,0.0038567602273336587,4015.625204971507,40.15625204971507,0.0,131.25504134628167,313.0329008269868,78210.04431197119,207042.98456160782,15929.002317208404,23291.595983094485,26345.47242731392,6.601631687107216,6.601631687107217,124.5466660903443,49141.473218374405,40639.931014032336,36553.29452308604,1,0.0012193746659280307,0.0008794227476636021,22,1
779,10,2.323103066576102,2.3596438177662313,0,0.6695925834669891,1.564212598988109,0.009992025956893053,4487.635884800796,44.87635884800796,0.0,137.83251594401497,313.1226535446828,78343.94600007944,207281.43663795284,15805.758401550866,23474.050673135473,27214.472355897156,7.698475848702972,7.698475848702977,124.5466660903443,49141.473218374405,40662.36919345634,36560.025976913246,1,0.0013191910028204862,0.0010292623470126445,22,1
780,10,2.3759867904343985,2.378440008098647,0,0.6643009681219879,1.578558767177885,0.00091217267222479,2607.6562219842012,26.076562219842014,0.0,128.878570426458,313.1748066691225,78499.05153922537,207557.18253389988,15700.71165567934,23632.115743784478,27735.65251565067,8.177001135519273,8.177001135519264,124.5466660903443,49141.473218374405,40675.40747456626,36563.93746124622,1,0.0007521456278738,0.0010969037655407723,22,1
781,10,2.2349672808840397,2.2459986330600423,0,0.7034732687469815,1.5128888221876682,0.042475428995146766,3472.7349917002693,34.72734991700269,0.0,129.0851712537777,313.1748066691225,78409.00516151352,207389.71757076602,15848.453773371144,23412.675879823437,28094.82289919003,7.614185164282843,7.614185164282839,124.5466660903443,49141.473218374405,40675.40747456626,36774.654155963995,1,0.0009888611874610928,0.0010200659393851264,22,1
782,10,2.232173959778476,2.2459986330600423,1,0.7034732687469815,1.5547709357637025,0.015967762174871874,3722.800195097599,37.228001950975994,0.0,132.52804342238855,313.1748066691225,78281.4800231429,207189.8620815339,16076.72081142433,23081.237710597467,28542.820027055768,6.944934361956445,6.944934361956453,124.5466660903443,49141.473218374405,40675.40747456626,37013.432655153585,1,0.0010434288389356773,0.00092814521809019,22,1
783,10,2.3712970446634967,2.388280509426991,0,0.6615638296102336,1.5786280124561387,0.0008683465467476985,2257.176722204892,22.57176722204892,0.0,125.75300036720408,313.3928334110779,78720.95515979895,207888.73334234467,15717.877109246658,23610.22054812688,28451.092893420544,6.650962340104872,6.650962340104878,124.5466660903443,49141.473218374405,40729.9141600551,37013.432655153585,1,0.0006346826058768028,0.0008889908774245243,22,1
784,10,2.4149328130371326,2.3969215361690366,0,0.6591788576130406,1.6084174225199999,0.01798571045569607,3874.1980424212934,38.74198042421293,0.0,129.98986214208625,313.61919939478236,78861.335315941,208154.7580373272,15721.917425366279,23605.423407371225,28945.040312852667,6.8528721341423475,6.852872134142357,124.5466660903443,49141.473218374405,40786.50565598122,37013.432655153585,1,0.0010707735765566736,0.0009162950071230513,22,1
785,10,2.290648667264153,2.3088373933778836,0,0.6843271009607232,1.556693356756845,0.014751040027313297,1887.797336378893,18.877973363788932,0.0,123.5761728218106,313.61919939478236,78728.55813093949,207965.1259354275,15881.391589647146,23369.206479377106,29501.499630152994,5.548504545560093,5.548504545560094,124.5466660903443,49141.473218374405,40786.50565598122,37236.06174553257,1,0.0005119190170114354,0.0007391250664816372,22,1
786,10,2.3375880672204357,2.3088373933778836,1,0.6843271009607232,1.6019676755863614,0.013903592143266688,2995.2172210802237,29.95217221080224,0.0,124.49357449376812,313.679103739204,78748.11216368641,208017.18243737027,15948.269124075607,23271.682796978803,30194.107071550883,5.932780803386037,5.932780803386035,124.5466660903443,49141.473218374405,40801.481742086624,37240.55457136419,1,0.000793589878709105,0.000792094157425738,22,1
787,10,2.2113340830367156,2.2082163874888168,0,0.7155095890746358,1.547009485004946,0.02088007278167975,2550.0090797395055,25.500090797395057,0.0,125.37886597334281,313.679103739204,78644.51530728023,207861.0000921592,16113.858927909312,23033.55331814104,30702.782572071323,4.94258820724218,4.942588207242175,124.5466660903443,49141.473218374405,40801.481742086624,37426.40347956714,1,0.0006644372571127445,0.0006566487176110951,22,1
788,10,2.2415853044814567,2.2442437172990712,0,0.704023358880789,1.568271698576236,0.007422975584660842,1788.7191716043553,17.887191716043553,0.0,120.79913851015078,313.7148781226361,78654.7384939813,207898.61293917976,16114.485298327534,23032.99451670717,29593.18688190527,4.873494411994139,4.873494411994141,124.5466660903443,49141.473218374405,40810.425337944645,37429.08655832455,1,0.0004835489138070672,0.0006471920165429723,22,1
789,10,2.2870987882680645,2.2769719526055185,0,0.6939040238032007,1.6050895581358784,0.015879467174606532,2161.7877478895743,21.617877478895743,0.0,121.51736612718246,313.75811387759387,78667.71609936416,207935.27988311957,16139.60589840915,22997.391582464476,29485.026134147924,4.371121471877366,4.371121471877371,124.5466660903443,49141.473218374405,40821.234276684096,37432.32923994638,1,0.0005865452485757606,0.0005781771398318575,22,1
790,10,2.469884014079346,2.47049291918501,0,0.6395484835152758,1.6027339517770793,0.0143885770741008,4447.136001694784,44.47136001694784,0.0,131.21188965874722,314.6373522287729,79341.81067001085,209122.9016167292,15520.624006304686,23917.96909225262,29850.90984000848,5.664443987080512,5.664443987080508,124.5466660903443,49141.473218374405,41041.043864478845,37432.32923994638,1,0.001191825917676892,0.0007539733600199066,22,1
791,10,2.592952886130595,2.566612027072547,0,0.6155975205189593,1.6126298594697492,0.020651809790980486,4088.8630441523674,40.888630441523674,0.0,135.4737021033033,315.10920010335917,79732.03115701568,209802.8107647563,15195.08268156282,24432.223713820196,29429.21043114274,7.2000708996630065,7.200070899663014,124.5466660903443,49141.473218374405,41159.00583312541,37432.32923994638,1,0.001111511449814618,0.000963294205355757,22,1
792,10,2.6347004932633293,2.64907975422258,0,0.5964335341287901,1.5915229896053351,0.007293031395781672,3109.7533445070117,31.097533445070116,0.0,129.82444602076814,315.36623728386763,80035.98888671662,210382.38242940034,14975.756818975819,24791.746104611215,30092.431995896197,7.773941754375979,7.773941754375972,124.5466660903443,49141.473218374405,41223.26512825252,37432.32923994638,1,0.0008267203780488328,0.0010433525818467808,22,1
793,10,2.7116472257003688,2.764671266346336,0,0.5714965172289928,1.567182448137461,0.00811237459654372,6673.137341810371,66.73137341810371,0.0,142.16747429301162,315.78211941080286,80429.57464100613,211138.28305497288,14649.031657422136,25346.76552832438,30822.156247301144,9.09934277377009,9.099342773770077,124.5466660903443,49141.473218374405,41327.23565998633,37432.32923994638,1,0.0017320364709771884,0.001223422766280213,22,1
794,10,2.937274666363863,2.95359618882841,0,0.5349411019611086,1.616008423063708,0.022790141179561952,4196.6004689906595,41.9660046899066,0.0,139.83426726572685,316.3985527721425,80941.91408521829,212141.06332111917,14293.496174524975,25980.01570289208,30591.4736294985,9.063627458522657,9.063627458522651,124.5466660903443,49141.473218374405,41481.344000321245,37432.32923994638,1,0.00109745624413307,0.001218737697719697,22,1
795,10,2.284791954453643,2.348785639797469,0,0.6726880364170824,1.3063768877814856,0.17317918494842685,2645.155177434971,26.45155177434971,0.0,125.66804441390593,316.3985527721425,80824.52680451954,211819.84147639445,14571.817269675736,25485.425508456105,30631.4736294985,8.715870727973982,8.715870727973977,124.5466660903443,49141.473218374405,41481.344000321245,37817.61913228107,1,0.0006908332806783811,0.0011734419985962132,22,1
796,10,2.305331373039093,2.3067583592030783,0,0.6849438709938594,1.360419391681833,0.13897506855580194,3537.3240312438206,35.373240312438206,0.0,127.61894406718962,316.3985527721425,80722.92795135103,211495.1225627065,14804.311718593553,25087.002191972482,30070.324166786686,6.7963733737394145,6.796373373739419,124.5466660903443,49141.473218374405,41481.344000321245,38189.72470335175,1,0.0009410803851994041,0.0009097899700036185,22,1
797,10,2.308983303295711,2.3045968242062016,0,0.6855862957913332,1.4019547230094638,0.1126868841712255,2474.2433641122147,24.742433641122147,0.0,124.95111334719195,316.3985527721425,80603.40364833764,211221.00109362756,15017.130125777376,24732.826356479218,30252.77076723452,5.713838099870425,5.713838099870421,124.5466660903443,49141.473218374405,41481.344000321245,38502.822063304804,1,0.0006542854228193767,0.0007620663628990541,22,1
798,10,2.3709446847902544,2.3848278268861183,0,0.6625216219751234,1.47248315633376,0.06804863523179756,5592.825358625644,55.928253586256446,0.0,135.47537020355776,316.3985527721425,80512.99825034088,210940.30300970384,15188.26030884922,24455.644803528423,30669.93896723392,7.5931342201512875,7.593134220151293,124.5466660903443,49141.473218374405,41481.344000321245,38834.778315387295,1,0.001458842253217579,0.0010180693537454532,22,1
799,10,2.843697122775101,2.867226576561683,0,0.5510551600336735,1.6817114072207238,0.06437430836754664,2726.6964371158556,27.266964371158558,0.0,129.13054063578318,317.0490877301469,80996.75346967998,211871.7571376628,14821.716088696085,25062.844442300026,30617.69353087962,7.029511255036997,7.029511255037003,124.5466660903443,49141.473218374405,41643.97773982233,38834.778315387295,1,0.0007124498608925805,0.0009418591789765122,22,1
800,10,3.1023052897416337,3.09915816870448,0,0.5098158641772313,1.7884208983690835,0.13191196099309074,4103.450657875377,41.03450657875377,0.0,131.05810004534163,318.4458544783531,81502.5533322824,212948.46290599604,14634.417709640238,25385.764343453837,29503.15799443958,8.153140678047679,8.153140678047672,124.5466660903443,49141.473218374405,41993.16942687389,38834.778315387295,1,0.0011126810651656337,0.0010946577264252645,22,1
801,10,3.125412694438441,3.1756437177549133,0,0.4975369217794412,1.6712231128251047,0.057736147357661166,5681.749948625165,56.817499486251656,0.0,140.78604013355792,319.9829167920557,82101.74420455193,214431.34795554157,14095.287510840039,26360.089314268193,29841.25040323388,8.319790423291622,8.31979042329161,124.5466660903443,49141.473218374405,42377.43500529952,38834.778315387295,1,0.0015231935315979757,0.0011161081525520634,22,1
802,10,3.0386430515643914,3.0259022893514382,0,0.5221583015288481,1.5973877139425496,0.011004882242119977,3259.4840880192924,32.594840880192926,0.0,132.3157125571492,320.1513403634645,82261.04605574164,214814.67784337743,13976.056193335933,26586.060271702507,30470.234674864205,8.654863647826856,8.65486364782685,124.5466660903443,49141.473218374405,42419.54089815173,38834.778315387295,1,0.0008557818140358827,0.0011638854702664973,22,1
803,11,2.8991679499098995,2.9265832176104802,0,0.5398787194884727,1.9928780727607922,0.26131523592455197,2685.447124326311,26.85447124326311,0.0,160.6738946991515,338.591511681346,78079.85718085563,214678.31339227367,18172.33256874896,26436.46135633137,30915.178096697837,7.66951172808153,7.669511728081522,154.5758904834892,48986.89732789092,42419.54089815173,39018.41660877737,1,0.0006949200463090726,0.0010246317973143105,25,1
804,11,2.7756667767600542,2.774393543313228,0,0.5694938282307048,1.8559359181910944,0.1746429861968951,3988.0803413153035,39.88080341315304,0.0,165.77122453985723,340.3027720413136,78734.13286105561,215838.32308192344,17923.444323049298,26805.617826010595,29569.074017591785,6.603536888034345,6.603536888034349,154.5758904834892,48986.89732789092,42847.35598814363,39018.41660877737,1,0.0010789868736349718,0.0008765629113266423,25,1
805,11,2.658092968802957,2.666066890136183,0,0.592633292827583,1.6776821711771994,0.06182415897291098,2304.658356754431,23.046583567544314,0.0,161.06691831911235,340.88722564754426,79422.14771937922,216950.61851695707,17414.752321784763,27591.65680797583,29280.333717454603,6.049511626651659,6.049511626651655,154.5758904834892,48986.89732789092,42993.4693897013,39018.41660877737,1,0.0006296808988568536,0.0008011959396002994,25,1
806,11,2.595101958130225,2.5732985507472352,0,0.6139979364388944,1.5912148859918887,0.0070980291087902395,2921.46820310911,29.2146820310911,0.0,160.51750857055544,341.0886475756868,79727.93498033578,217480.27131747498,17165.089581161694,27994.432414944433,29459.21309229289,6.287147668764868,6.287147668764861,154.5758904834892,48986.89732789092,43043.82487173694,39018.41660877737,1,0.0007933594679413684,0.0008340090801443979,25,1
807,11,2.633651696350443,2.7043353104699643,0,0.5842470768631959,1.55784127918402,0.014024506845557049,4797.621112145977,47.97621112145978,0.0,169.30525723101536,341.18459999792975,80020.89557981212,218010.9781645518,16859.917883920243,28503.000869622352,29776.739630260854,6.8067287230505436,6.806728723050551,154.5758904834892,48986.89732789092,43067.812977297675,39025.61304044559,1,0.0012889580717615858,0.0009039994795199359,25,1
808,11,2.5542706561817843,2.543962783246493,0,0.6210782682849133,1.544207811331785,0.022653283967224744,4275.1504641101565,42.75150464110157,0.0,172.2013703604016,341.18459999792975,79948.79678145789,217882.34913658246,17045.09968631059,28194.260928448344,29792.8026198206,8.071331826514509,8.071331826514518,154.5758904834892,48986.89732789092,43067.812977297675,39208.66476296716,1,0.0011479686603947704,0.0010767620666992416,25,1
809,11,2.5780114837169386,2.5779469495409546,0,0.6128908123114577,1.5775386673047709,0.001557805503309614,3419.4064065441494,34.194064065441495,0.0,166.4319210779741,341.25298812606064,79968.59720271245,217960.59204110346,17148.725723531228,28024.423592676696,30587.416878304168,8.30466198674769,8.304661986747682,154.5758904834892,48986.89732789092,43084.91000933039,39213.79387257697,1,0.0008943302195536635,0.0011104189839033398,25,1
810,11,2.0188959863989844,1.979102654233002,0,0.7983416103356834,1.2759434445307334,0.19244085789194093,2297.409032320163,22.974090323201633,0.0,158.47695832417637,341.25298812606064,79856.99767032513,217661.99490222457,17428.32532609269,27576.438596339987,30140.464526249074,6.6453247436980405,6.6453247436980405,154.5758904834892,48986.89732789092,43084.91000933039,39555.814653414476,1,0.000609787292513523,0.0008840287241539856,25,1
811,11,2.0282015175224153,1.9985131796399505,0,0.7905877309674039,1.33829880071551,0.15297544258512022,3090.944797095711,30.909447970957107,0.0,160.34780660414253,341.25298812606064,79711.8259907211,217290.7243701928,17808.74911810729,26989.28816734355,30202.361531689694,5.846043273609988,5.846043273609984,154.5758904834892,48986.89732789092,43084.91000933039,39963.67786599209,1,0.0008187293020388623,0.000774282271368683,25,1
812,11,2.072719863826903,2.0940491285292104,0,0.7545190695261953,1.4032454082275245,0.11186999479270604,3361.917805809518,33.61917805809518,0.0,163.74832864283732,341.25298812606064,79633.8377062397,217062.19160077072,18039.335738208487,26645.723759792076,29934.85542588019,5.861976279216551,5.861976279216555,154.5758904834892,48986.89732789092,43084.91000933039,40227.6449490839,1,0.0008984624132583507,0.0007756596692702453,25,1
813,11,2.072556824939051,2.0940491285292104,1,0.7545190695261953,1.4634300058610383,0.07377847730314034,5479.929013116259,54.79929013116259,0.0,173.57671778995294,341.25298812606064,79525.03351900894,216765.35383151151,18423.429894105095,26091.856264316215,28965.558223196225,8.080081877534557,8.080081877534564,154.5758904834892,48986.89732789092,43084.91000933039,40569.78078646596,1,0.0015135020622465527,0.0010768979258479218,25,1
814,11,1.9438969498254226,2.0940491285292104,1,0.7545190695261953,1.3937093187987535,0.11790549443116873,1597.0580663890128,15.970580663890129,0.0,158.532264184134,341.25298812606064,79429.43238959853,216599.9490551823,18564.98409341706,25893.789663296317,29215.292759304168,7.13132321459422,7.131323214594225,154.5758904834892,48986.89732789092,43084.91000933039,40775.04465930992,1,0.0004373211193320387,0.0009497618649456473,25,1
815,11,2.0391988743541756,2.0291317755332345,0,0.7786581527386474,1.4876044398577317,0.058478202621688825,2592.226950855485,25.92226950855485,0.0,153.63201417946357,341.25298812606064,79315.57251902556,216410.7738562743,18727.016815862495,25670.87767939888,29560.493505323655,6.643777446823889,6.643777446823885,154.5758904834892,48986.89732789092,43084.91000933039,41001.08331802591,1,0.0007015382068336963,0.0008841204628040958,25,1
816,11,2.055459550201135,2.0860696572433914,0,0.7574051971437377,1.529450216878216,0.031993533621382304,1841.5932675640877,18.415932675640878,0.0,152.37335314742995,341.25298812606064,79205.25791031285,216253.3189789338,18913.60517232022,25418.382338413,29578.34417503067,4.171279394522315,4.171279394522315,154.5758904834892,48986.89732789092,43084.91000933039,41181.21894806005,1,0.0004980923223197103,0.0005456505494951484,25,1
817,11,2.0819600933560403,2.0740913457838044,0,0.7617793706202048,1.5770499036281718,0.0018671496024229768,2890.2924932087863,28.902924932087863,0.0,155.80420833052167,341.3107939759248,79102.7079647526,216139.2194027147,19083.380332862504,25193.13828176915,28349.44334235455,5.1043718744247375,5.104371874424736,154.5758904834892,48986.89732789092,43099.36147179644,41339.44541466901,1,0.0008156188347841428,0.0006717497879791832,25,1
818,11,2.023098828630793,1.998412673685454,0,0.7906274919114573,1.5669051441780664,0.00828788343160361,2876.602970781836,28.76602970781836,0.0,158.49056725719976,341.3107939759248,78988.44831156696,215990.2832021013,19296.957352810685,24915.134117507958,28489.308685894135,5.365327407784895,5.365327407784903,154.5758904834892,48986.89732789092,43099.36147179644,41515.356944027546,1,0.0008077705226188585,0.0007071605599075706,25,1
819,11,1.9982172392925808,1.998412673685454,1,0.7906274919114573,1.5697049078295566,0.0065158811205338245,2037.3814811702848,20.37381481170285,0.0,154.22366491918643,341.3107939759248,78875.05104652068,215854.80314373464,19434.368586894878,24739.739393944907,28374.119772622285,5.546426993608198,5.546426993608199,154.5758904834892,48986.89732789092,43099.36147179644,41678.26204851583,1,0.0005744337438474115,0.0007326077004168042,25,1
820,11,2.1695591299658763,2.1472433635934305,0,0.7358271664912058,1.6181370545351783,0.024137376288087493,3180.992133999429,31.80992133999429,0.0,157.65204104749498,341.79372193762435,79390.82037039871,216623.21265016057,18937.519353476833,25390.96913768124,28482.954638322,5.7394378934480415,5.7394378934480415,154.5758904834892,48986.89732789092,43220.09346222133,41678.26204851583,1,0.0008934444265047157,0.0007585495643236619,25,1
821,11,2.104251349252744,2.1053783181917316,0,0.7504589490391596,1.567208699149474,0.008095760031978509,2396.1858237054234,23.961858237054233,0.0,157.22742556728704,341.84164565409844,79405.44000377959,216662.64894959968,18924.214537959015,25409.062619841072,27811.80834393436,5.455373222547733,5.455373222547728,154.5758904834892,48986.89732789092,43232.07439133986,41681.85632725139,1,0.0006892571080810059,0.0007190450928110443,25,1
822,11,2.0076548489013044,2.0361227923504024,0,0.775984634097693,1.522175113716106,0.03659802929360389,1824.1455056431103,18.241455056431104,0.0,152.4782101955958,341.84164565409844,79285.86418058889,216496.49128911571,19094.038119366644,25183.855569591407,27673.00026690807,5.335556766445739,5.335556766445744,154.5758904834892,48986.89732789092,43232.07439133986,41874.67649745869,1,0.0005273430384993593,0.0007033481910283602,25,1
823,11,1.9519044528947345,1.9739178431906763,0,0.8004385823100214,1.5131925690103358,0.04228318417067357,1370.5640177293717,13.705640177293716,0.0,148.33210432872278,341.84164565409844,79090.61024095105,216231.73444511215,19307.964451735133,24905.82002680825,28050.083360368804,4.104576909510563,4.104576909510558,154.5758904834892,48986.89732789092,43232.07439133986,42159.76436917535,1,0.0003908905367934283,0.0005358302277912645,25,1
824,11,1.3688600408201688,1.3550705864103532,0,1.1659909202113934,1.0990671132857186,0.3043879029837224,2182.2630476231666,21.822630476231666,0.0,150.7995563625181,341.84164565409844,78984.05737998085,215902.41303880053,19650.107350964336,24473.707224436934,28090.083360368804,3.942642796304055,3.942642796304051,154.5758904834892,48986.89732789092,43232.07439133986,42507.93032807211,1,0.0006215041855524105,0.0005132459202817327,25,1
825,11,1.418020838345626,1.4254568102443177,0,1.1084166062731808,1.1799569455529617,0.2531918066120496,1646.1226302754308,16.46122630275431,0.0,150.25319800679597,341.84164565409844,78833.96537595651,215589.47816600645,20004.91115091477,24041.030469934776,27826.97421272994,3.8121407155668128,3.8121407155668128,154.5758904834892,48986.89732789092,43232.07439133986,42838.29707092067,1,0.0004732451664176648,0.0004952132962545013,25,1
826,11,1.419211060253256,1.402764513857987,0,1.126347283803585,1.2161123349639757,0.2303086487569774,1751.0637848712452,17.510637848712452,0.0,149.70414404111295,341.84164565409844,78708.15670075567,215315.45720824332,20301.059640266238,23691.469569034754,27425.316242277186,4.1060457944084945,4.1060457944085,154.5758904834892,48986.89732789092,43232.07439133986,43130.28818250239,1,0.0005107875568404678,0.0005351789696035144,25,1
827,11,1.3716631200613012,1.402764513857987,1,1.126347283803585,1.2139281446346397,0.23169104769959514,1188.1850901215623,11.881850901215623,0.0,146.87480923821326,341.84164565409844,78496.53125719156,214989.64029612532,20631.90270104686,23312.763738776877,27465.316242277186,3.4318219012502222,3.431821901250219,154.5758904834892,48986.89732789092,43232.07439133986,43470.67926094366,1,0.00034609034307570696,0.0004433743554446132,25,1
828,11,1.3934601259469055,1.402764513857987,1,1.126347283803585,1.2653523677762988,0.19914407102765905,1923.3781786043721,19.23378178604372,0.0,148.83405948042434,341.84164565409844,78372.1365771192,214728.56114324703,20899.42978297302,23015.345605887902,27505.316242277186,3.64383022186334,3.643830221863341,154.5758904834892,48986.89732789092,43232.07439133986,43746.836895864646,1,0.0005594200515020537,0.0004720993171394095,25,1
829,11,1.3693791241078335,1.3320847904923956,0,1.1861106825008974,1.2880594190365804,0.18477251959710106,2606.313431602989,26.063134316029892,0.0,153.04573757606062,341.84164565409844,78219.9256747616,214401.55606203084,21271.347386543926,22614.282091556008,27505.316242277186,4.251100197674902,4.251100197674904,154.5758904834892,48986.89732789092,43232.07439133986,44090.81700344776,1,0.0007580537256566982,0.0005545213734114863,25,1
830,11,1.3741393932459172,1.3704097116664338,0,1.1529398737832222,1.3164311393965402,0.1668157345591518,1014.2607174302465,10.142607174302466,0.0,146.27063178352194,341.84164565409844,78095.38245112996,214226.46834479025,21467.384471064477,22408.44795358454,27151.65002431267,4.129669765268601,4.1296697652685985,154.5758904834892,48986.89732789092,43232.07439133986,44281.93925568526,1,0.000298843191193769,0.0005387723227841736,25,1
831,11,1.3549008410063768,1.3495151850026896,0,1.170790827371721,1.3316320882152237,0.15719488087644073,1448.0267378080273,14.480267378080272,0.0,144.59669705707927,341.84164565409844,77912.23528928203,213968.0985978596,21744.17830311245,22124.13303239508,26641.531415940168,3.8279427667405552,3.827942766740549,154.5758904834892,48986.89732789092,43232.07439133986,44554.50193398572,1,0.0004348178684478006,0.0004972382617660893,25,1
832,11,1.410031774212625,1.4293846409260145,0,1.1053707691838712,1.4070071344424657,0.10948915541616097,1357.9852667003493,13.579852667003493,0.0,145.34633451509407,341.84164565409844,77840.87070402228,213853.27628689734,21910.085760045997,21957.18581741969,26163.859382020128,2.9983881556820866,2.9983881556820866,154.5758904834892,48986.89732789092,43232.07439133986,44680.06644761395,1,0.0004152247562172912,0.00038296193861962025,25,1
833,11,1.4514158364392231,1.4529707556591447,0,1.0874272547097674,1.468647557190692,0.0704762296261443,1107.5931088571147,11.075931088571147,0.0,143.57323008292366,341.84164565409844,77730.29694842173,213723.84633127807,22063.73862092976,21804.86358941674,26485.366830090366,3.0803757938035115,3.0803757938035115,154.5758904834892,48986.89732789092,43232.07439133986,44820.52520696696,1,0.00033455246920688716,0.0003948650312906597,25,1
834,11,1.4675181757722566,1.4511432325894666,0,1.0887967255862105,1.512724731981061,0.042579283556290516,2503.030176002366,25.030301760023658,0.0,148.35747805518875,341.84164565409844,77637.83268790305,213599.70753933096,22269.578071763095,21604.069726745754,26957.937013516803,3.8327978714319157,3.8327978714319135,154.5758904834892,48986.89732789092,43232.07439133986,44958.34544173784,1,0.0007427957635622749,0.0004975243296621511,25,1
835,11,1.5431928113310134,1.529436601310546,0,1.0330601468842364,1.5992585297890871,0.012188942904485469,3865.205846379771,38.652058463797715,0.0,156.26723540391214,341.91894977102606,77658.92916777747,213631.86510893144,22329.415186635873,21546.605727209404,27570.63064315373,5.557513139167197,5.557513139167196,154.5758904834892,48986.89732789092,43251.40042057176,44964.143250507404,1,0.001121542962555213,0.0007329637317747916,25,1
836,11,1.547604988362224,1.5424661450781392,0,1.0243336653070978,1.6041235914342038,0.015268095844432738,1730.3260967668393,17.303260967668393,0.0,149.1591234851967,341.9535562929614,77666.57712188317,213658.29803580968,22331.5737152819,21544.7581871478,26415.830869608835,6.017790148618549,6.017790148618553,154.5758904834892,48986.89732789092,43260.052051055594,44966.73873965255,1,0.000524027006474383,0.000796121910863957,25,1
837,11,1.4145995181768787,1.4183052467491124,0,1.1140056088923784,1.50190379871186,0.04942797549882284,1391.6419512776329,13.91641951277633,0.0,141.7623930250108,341.9535562929614,77477.42651963077,213464.28774269522,22601.822081255024,21287.99904060754,26918.39435252052,5.202841427858515,5.2028414278585124,154.5758904834892,48986.89732789092,43260.052051055594,45178.81819412679,1,0.0004135883984914801,0.0006863861225070254,25,1
838,11,1.3624684570227008,1.3511774076860008,0,1.1693505168250824,1.4609781522844385,0.07533028336427947,1786.7800398885197,17.867800398885198,0.0,142.9320665563269,341.9535562929614,77362.51380735011,213315.90372810207,22714.6148626659,21183.031529533815,26735.083705877598,3.777679935488409,3.7776799354884116,154.5758904834892,48986.89732789092,43260.052051055594,45340.07233926052,1,0.0005346622616321051,0.0004907592221993228,25,1
839,11,1.392058028770617,1.3925014005435092,0,1.1346487690305431,1.5149306650226193,0.04118312340340555,1495.7827514041626,14.957827514041625,0.0,142.5055436122317,341.9535562929614,77206.63025804047,213154.55231162155,22883.42933341148,21027.4055868457,26681.30767194041,3.593679600445059,3.5936796004450615,154.5758904834892,48986.89732789092,43260.052051055594,45513.469313715235,1,0.00044848858827926594,0.00046557974946761707,25,1
840,11,1.3688448413644347,1.3925014005435092,1,1.1346487690305431,1.5119242831046353,0.04308589676921819,2755.2906791642135,27.552906791642137,0.0,146.99388415780814,341.9535562929614,77027.97423490351,212947.10526536504,23054.263367482356,20872.54622118618,26824.903833176544,4.591842160229326,4.591842160229325,154.5758904834892,48986.89732789092,43260.052051055594,45736.144216644956,1,0.0008217112564650528,0.0006016207021254746,25,1
841,11,1.4121635356971889,1.4186726212626073,0,1.1137171298856905,1.5614692318606591,0.01172833426540567,1646.9365765820537,16.469365765820537,0.0,144.18713407607532,341.9864950244931,77035.36029028392,212966.82326184234,23066.949469373994,20861.31718497186,27573.91302920759,4.444388689891418,4.444388689891423,154.5758904834892,48986.89732789092,43268.286733938505,45738.61462150983,1,0.0004778245510058847,0.0005826747985834012,25,1
842,11,1.3986452910202312,1.4092073054992507,0,1.1211977072743327,1.554901504324871,0.01588512384501836,1634.4313792140606,16.344313792140607,0.0,141.00811093059752,342.01918365207734,77016.59906040592,212960.6443734883,23129.508973102293,20805.16271857739,27674.922937433916,4.497843538937838,4.497843538937835,154.5758904834892,48986.89732789092,43276.458890834576,45767.03919562515,1,0.0004724656709351211,0.0005906671594686862,25,1
843,11,1.395556781853651,1.3788473599782847,0,1.1458846322372358,1.5692247723367267,0.006819764343843875,2415.6511663496995,24.156511663496996,0.0,144.2461757168764,342.06749667540436,76910.24510071195,212875.3196875606,23261.783712844794,20687.37416764879,27745.190879176676,4.197011608788954,4.1970116087889515,154.5758904834892,48986.89732789092,43288.53714666633,45876.52178184114,1,0.0006965246487203501,0.000548938290220452,25,1
844,11,1.3146057470216503,1.3350984175369813,0,1.1834333553587897,1.4990121514307906,0.05125813200582879,1802.6227292082758,18.02622729208276,0.0,143.24694573814634,342.06749667540436,76804.93366311105,212757.81921742906,23425.274995969092,20543.530021334413,27687.462288525916,4.300782361062344,4.300782361062343,154.5758904834892,48986.89732789092,43288.53714666633,46008.302932937986,1,0.0005208488117613607,0.0005632797104722773,25,1
845,11,1.3297528346838183,1.3133747605680173,0,1.2030077381087108,1.5365608660036714,0.027493122782486522,1737.205736000306,17.37205736000306,0.0,141.3579777791847,342.06749667540436,76709.61352795601,212665.89769845892,23581.620038394765,20407.73443231584,27851.9880122747,4.361714884787255,4.36171488478725,154.5758904834892,48986.89732789092,43288.53714666633,46114.60493397022,1,0.0004989821869044892,0.0005721185491287333,25,1
846,11,1.2896835530595863,1.2960813575910497,0,1.2190592749028142,1.5030780869277727,0.04868475510900468,1332.9695802895628,13.329695802895628,0.0,138.81424052792593,342.06749667540436,76635.04921135755,212587.49432012482,23683.064629350258,20320.739956332003,28267.244776846757,3.5788019697450597,3.578801969745063,154.5758904834892,48986.89732789092,43288.53714666633,46204.88382290377,1,0.00037724782611466305,0.0004656929415935043,25,1
847,11,1.3126088314672086,1.3275414249250193,0,1.190170016795702,1.5492264896487067,0.019476905285628725,1239.3457501282978,12.39345750128298,0.0,136.95894592390675,342.06749667540436,76511.22570710485,212478.64486934844,23833.25800731817,20193.13841589173,28717.260724220192,3.1463557391324937,3.1463557391324892,154.5758904834892,48986.89732789092,43288.53714666633,46324.20464010656,1,0.00034525458734524256,0.00040716153345479825,25,1
848,11,1.3285652925721332,1.3256822940935742,0,1.1918391058246076,1.5726109743125223,0.0046765985363783485,2081.533575273564,20.815335752735642,0.0,139.97813071628772,342.1091273469098,76521.86300864257,212495.07326459067,23867.884733335668,20163.94631716488,29539.626570627748,3.3027844962368316,3.3027844962368333,154.5758904834892,48986.89732789092,43298.944814542694,46327.32694046947,1,0.0005637264425930972,0.0004287429520176676,25,1
849,11,1.381517622112342,1.3829793878644887,0,1.14246098955946,1.5809054503844606,0.0005730698635826258,1905.4463755188215,19.054463755188216,0.0,141.22194552666875,342.2413369101052,76940.2454854754,212877.75380224627,23468.33683568605,20508.450326541526,29613.072440530676,3.638497107958222,3.6384971079582247,154.5758904834892,48986.89732789092,43331.99720534153,46327.32694046947,1,0.0005147581708977646,0.0004745797336120348,25,1
850,11,1.3619995622279508,1.3296611366252402,0,1.1882726782630761,1.5768201894089842,0.0020125383487442456,1191.6328776973355,11.916328776973355,0.0,136.77172723027522,342.26516956765914,76834.69214610213,212797.0872414569,23605.549112209712,20389.609273731206,29742.625363540134,3.5720865948570117,3.5720865948570104,154.5758904834892,48986.89732789092,43337.95536973002,46425.31980463234,1,0.00032051854552371653,0.0004663343863381928,25,1
851,11,1.3506429526811845,1.3558907457878475,0,1.1652856285864925,1.5631887624508687,0.01064002376527303,2768.1519971150005,27.681519971150006,0.0,141.75644912204095,342.3205326076014,76806.50674492944,212780.99421083013,23602.095309042255,20392.932999138997,28990.231576319293,4.06977231377573,4.06977231377573,154.5758904834892,48986.89732789092,43351.7961297156,46466.61322835798,1,0.0007638854459862043,0.0005330540541358951,25,1
852,11,1.4042039120419791,1.3791373149277493,0,1.1456437171977858,1.6221325249781278,0.026666155049447908,1289.992234771109,12.89992234771109,0.0,137.9446459117152,342.3876125449509,76818.11752133442,212807.6615031027,23580.045087736744,20412.13713951802,29393.33708694536,3.6643511455968754,3.6643511455968807,154.5758904834892,48986.89732789092,43368.56611405298,46466.61322835798,1,0.0003510978643779895,0.0004785006186293034,25,1
853,11,1.5892818690996326,1.5658162436368228,0,1.0090583786065686,1.7675932796201297,0.11872992381020861,1477.3943372416281,14.773943372416282,0.0,134.89836745541606,342.86557052997114,77301.4863819347,213296.7637992089,23137.759566182795,20803.66688089219,29518.81505174299,3.854219742462162,3.8542197424621594,154.5758904834892,48986.89732789092,43488.05561030803,46466.61322835798,1,0.00040039394119362334,0.0005051257505192724,25,1
854,11,1.6216755156876153,1.6158348138775827,0,0.9778227244704621,1.7435241964979753,0.10349632689745267,1743.8497987863677,17.438497987863677,0.0,136.52340316579543,343.3525371690634,77767.12348802255,213759.05211801795,22749.63111920896,21159.7406282334,29407.490775656566,3.1524440252527115,3.1524440252527084,154.5758904834892,48986.89732789092,43609.7972700811,46466.61322835798,1,0.0004743960814854483,0.00040862929568568707,25,1
855,11,1.6456440184893273,1.6365809910818647,0,0.9654273198881153,1.7101733716687473,0.0823882099169286,1781.8311795238694,17.818311795238696,0.0,137.54366661991946,343.77853883139545,78261.47877510388,214247.3785331015,22367.032810650373,21523.065652861125,29494.329039351214,3.474902907428834,3.4749029074288376,154.5758904834892,48986.89732789092,43716.29768566412,46466.61322835798,1,0.0004833013633628506,0.00045269712868064075,25,1
856,11,1.6682623214322643,1.6365809910818647,1,0.9654273198881153,1.6415780897863705,0.03897347454833574,2426.5683599013096,24.265683599013098,0.0,140.51415841679398,344.2621221696976,79004.45177358117,215008.25200570255,21765.818384951694,22119.626798550882,29192.62399852388,4.12420517467362,4.124205174673622,154.5758904834892,48986.89732789092,43837.19352023965,46466.61322835798,1,0.000664981225401049,0.000540892890083116,25,1
857,11,1.7837045294870861,1.802386694016341,0,0.8766154373228385,1.6680100244108405,0.055702547095468596,1708.5238132659983,17.085238132659985,0.0,138.9668528556671,344.6528783543938,79690.42093989183,215749.04296846667,21219.436363196506,22691.233386061544,28233.95340826701,4.1517946247826965,4.151794624782697,154.5758904834892,48986.89732789092,43934.882566413704,46466.61322835798,1,0.00048410473405845775,0.0005441291076074524,25,1
858,11,1.766315000483433,1.7485150078531138,0,0.9036239282498226,1.60826457391604,0.017888970832936626,1991.1792054065277,19.911792054065277,0.0,139.11899819661176,344.83423121334016,80020.78946312575,216131.1170138294,20938.78971040704,22996.526166963187,28100.389852550878,4.356210843811915,4.356210843811922,154.5758904834892,48986.89732789092,43980.220781150296,46466.61322835798,1,0.0005668758948483482,0.0005719872847692849,25,1
859,11,1.7896934030449096,1.764289499227288,0,0.8955446374826797,1.6022946423302937,0.014110533120439023,3565.8998788306003,35.658998788306,0.0,145.8725816774539,345.0374338537747,80198.6494264748,216368.30665891012,20763.365669101317,23191.77608242897,28628.21664316597,5.168115830316476,5.168115830316473,154.5758904834892,48986.89732789092,44031.02144125893,46466.61322835798,1,0.000996471396951466,0.0006824840086194239,25,1
860,11,1.7996083357712145,1.8090177695533733,0,0.8734021448501773,1.5816744560004934,0.0010597822787932396,1775.0455367015543,17.750455367015544,0.0,140.880966019073,345.10874620540204,80421.01487533718,216646.05614361732,20572.872159947907,23407.54261367818,28040.309744781836,5.219834682217576,5.219834682217579,154.5758904834892,48986.89732789092,44048.84952916577,46466.61322835798,1,0.0005064267985219049,0.0006899246967739062,25,1
861,11,1.8390653471771117,1.8458439354318614,0,0.8559770247479436,1.5867952554810285,0.004300794608245847,1384.7763094563686,13.847763094563687,0.0,134.33335551777253,345.17673781475713,80658.707224177,216940.15944086117,20384.317025904795,23625.033499895104,27781.533528044307,4.803862485690168,4.803862485690173,154.5758904834892,48986.89732789092,44065.847431504546,46466.61322835798,1,0.00039876166175160764,0.0006338866190749928,25,1
862,11,1.7908390156547733,1.7773368887463505,0,0.8889704647465329,1.5676839319344549,0.0077949797883197424,2653.9921483992525,26.539921483992526,0.0,138.57135913160838,345.2298176577251,80563.88919324568,216846.28853063454,20532.428737236714,23455.15809645496,28584.027015224205,4.18702846799932,4.187028467999326,154.5758904834892,48986.89732789092,44079.11739224654,46593.335805214956,1,0.0007427902714997306,0.0005493262439244144,25,1
863,11,1.8679539738032755,1.7773368887463505,1,0.8889704647465329,1.6522954551540523,0.045756617186109,1834.1008136355163,18.341008136355164,0.0,137.63959619659994,345.34695383176023,80460.40154683901,216750.75749987393,20639.873667495707,23333.801418948748,28732.57531713958,4.195250230589801,4.195250230589797,154.5758904834892,48986.89732789092,44108.40143575532,46738.79820054373,1,0.0005106679908477086,0.0005507399746996823,25,1
864,11,1.8571374177395596,1.8704997250117084,0,0.8446940562849374,1.5770700320789526,0.0018544100766123377,2384.557346956461,23.84557346956461,0.0,139.15863676579121,345.5477393568872,80931.85629913714,217336.25240401583,20223.936647185794,23815.448088866342,27473.2960674693,4.9245810358787585,4.924581035878756,154.5758904834892,48986.89732789092,44158.59781703705,46738.79820054373,1,0.0006943636733213029,0.0006492739785562473,25,1
865,11,1.8886781036700013,1.8889491091695705,0,0.8364439212947393,1.5890963332620986,0.005757172950695302,3681.1835973019915,36.81183597301992,0.0,146.12712637810534,345.7173035346972,81157.4609874554,217628.41389873874,20131.20700243441,23926.409664476265,25845.345799711096,5.911271922497332,5.911271922497333,154.5758904834892,48986.89732789092,44200.98886148955,46738.79820054373,1,0.0011394495940056303,0.0007814937527248807,25,1
866,11,1.8596903851576143,1.8578671041658372,0,0.8504375778317058,1.5694011290667524,0.006708146160283309,2128.1219688367096,21.281219688367095,0.0,142.41974072954838,345.75986597407393,81141.83482822253,217631.26835031417,20161.491481646368,23890.725681553995,25169.64208529007,6.31473920288954,6.314739202889539,154.5758904834892,48986.89732789092,44211.629471333734,46773.608527646946,1,0.0006764091318026174,0.0008367407997098503,25,1
867,11,1.870701743131113,1.8578671041658372,1,0.8504375778317058,1.57969197205204,0.00019495439744312868,2131.758337970753,21.317583379707532,0.0,138.4955898387939,345.80250114083333,81155.55781028599,217666.03255954394,20167.929490271308,23883.25162138194,25842.285317315385,6.220029239005039,6.220029239005035,154.5758904834892,48986.89732789092,44222.28826302359,46776.8061651539,1,0.0006599287367336318,0.00082526248751396,25,1
868,11,1.7400491280662131,1.7576363138742193,0,0.8989345449499336,1.4935080752116139,0.05474172454961151,3272.1652273033346,32.72165227303335,0.0,143.29003294219973,345.80250114083333,81027.25867024368,217456.65743921208,20333.3665713619,23689.899880946978,25787.53989740808,5.924683422622178,5.924683422622178,154.5758904834892,48986.89732789092,44222.28826302359,47010.49886777871,1,0.0010151151262419481,0.0007838176649260659,25,1
869,11,1.743591650332616,1.7397256067148517,0,0.9081891959867949,1.5269208379208337,0.03359440637921925,3055.104185029657,30.55104185029657,0.0,145.31886166331222,345.80250114083333,80950.17036724645,217344.54891174627,20538.97083718711,23453.460827025054,26389.17166231233,6.530614812774164,6.53061481277417,154.5758904834892,48986.89732789092,44222.28826302359,47149.512438470294,1,0.0009261690284558046,0.0008670709638104616,25,1
870,11,1.8234698845766326,1.8407601662270234,0,0.8583410424610072,1.571942099695002,0.005099936901897525,2344.7289902083157,23.447289902083156,0.0,141.27709300402373,345.8493957206375,81169.87442021447,217623.02723191414,20378.470647199494,23639.246971060245,26251.022958598707,6.658979707982672,6.65897970798268,154.5758904834892,48986.89732789092,44234.01190797463,47153.02953195561,1,0.0007145562270563732,0.0008852801272513754,25,1
871,11,1.7380670473379902,1.7348938725799783,0,0.9107185315320562,1.5227431298320062,0.03623852542278092,1870.0856108281575,18.700856108281577,0.0,137.32911361140918,345.8493957206375,81073.52157609751,217502.66842456488,20544.187801875225,23449.24441504573,25864.936367391507,5.593705290926101,5.5937052909261045,154.5758904834892,48986.89732789092,44234.01190797463,47295.99193509207,1,0.0005784156850076974,0.0007397136468399584,25,1
872,11,1.735077827480501,1.7470673918887785,0,0.9043726689282664,1.5378546436551217,0.026674276167644537,2182.951727412802,21.82951727412802,0.0,138.01659241245034,345.8493957206375,80961.39659634633,217363.46868806068,20663.947122671427,23314.008660507177,26344.663535727163,4.9504831735167105,4.950483173516706,154.5758904834892,48986.89732789092,44234.01190797463,47455.30764265521,1,0.0006628899927159532,0.0006519539682600079,25,1
873,11,1.7868481449561813,1.7737645130328765,0,0.8907608582711086,1.5839416563219846,0.0024947191911294368,2073.0739813681207,20.730739813681208,0.0,138.7878170456721,345.89085720026486,80972.87676831799,217390.3806399124,20665.379154363356,23312.660702752542,25682.089758657257,4.789120277054736,4.789120277054739,154.5758904834892,48986.89732789092,44244.37727788147,47458.41725362726,1,0.0006457648893371076,0.000629023522353586,25,1
874,11,1.7181920829479491,1.7234276358237568,0,0.9167776860238163,1.5468336564238108,0.020991356693790698,1447.0880537805674,14.470880537805675,0.0,135.03600762541532,345.89085720026486,80858.61887789256,217262.48059305086,20826.131431585858,23133.25288442013,26352.85991654103,4.440378481680058,4.440378481680062,154.5758904834892,48986.89732789092,44244.37727788147,47604.10782875166,1,0.0004392959423344459,0.0005826502747958356,25,1
875,11,1.7237161792925486,1.7102882041675693,0,0.923820906996793,1.578626443167404,0.0008693397674658867,2192.5309940921516,21.925309940921515,0.0,137.0234449674181,345.9347078201467,80707.97026361164,217110.27509094108,21005.667762371562,22936.274465411414,26341.981711589167,4.450452829653222,4.450452829653227,154.5758904834892,48986.89732789092,44255.33993285193,47785.07797562464,1,0.0006658666817394522,0.0005836425044703353,25,1
