epoch,year,xfg_price,oracle_price,oracle_stale,redemption_price,heat_price,peg_deviation,swap_volume,total_fees,cd_pool,swf_balance,yem_reserve,treasury,heat_supply,pool_xfg,pool_heat,cd_locked,cd_apy_mean,cd_apy_min,bonds_outstanding,bond_migrations_remaining,xfg_burned,heat_burned_lifetime,lag_complete,organic_rate,rolling_avg_rate,payout_queue_len,solvent
0,0,3.4597007380268487,3.4733804922093316,0,0.4548882575761232,1.5596833652556512,0.012858629585030923,5476.774162774053,54.767741627740534,0.0,46.55258038357945,0.0,30002.86673170653,88559.15998005457,4996.667001583601,11083.642294421496,80207.82800160618,0.021184580437293744,0.02118458043729378,0.0,50000,0.0,48.434956654291994,0,0.0,0.0,0,1
1,0,3.4946466689553923,3.4341878568190602,0,0.4600796653749413,1.593212387402435,0.008362270507870266,3175.637609556339,31.756376095563393,0.0,73.54550006480834,0.0,29974.9709808913,88488.9937138995,5024.873373672652,11021.855677294703,80617.4980778348,0.03329811537656192,0.033298115376561944,0.0,50000,15.878188047781698,151.3874548048544,0,0.0,0.0,0,1
2,0,3.4036642406135496,3.3663024019013013,0,0.4693577140032368,1.6041497663361537,0.015284662238071912,3223.700748498639,32.23700748498639,0.0,100.94695642704677,0.0,30033.875918446585,88644.88406600349,5109.296811246818,10840.839936560787,80873.76408715507,0.04555944627007206,0.045559446270071836,0.0,50000,69.20452464824976,151.3874548048544,1,0.0,0.0,0,1
3,0,3.4405147960801115,3.377066427687147,0,0.467861688193707,1.6262619405909469,0.02927970923477645,2222.598456061626,22.22598456061626,0.0,101.5479643768022,0.09818502850545661,30061.40037776933,88733.4444696328,5116.8097991713485,10825.107188070617,81269.25948154842,1.6427644522104137,1.6427644522104186,0.0,50000,93.75078177461391,151.3874548048544,1,0.0002187886017655914,0.0002187886017655914,0,1
4,0,3.467079268964752,3.4546059565700378,0,0.45736041095949737,1.6078606266783773,0.01763330802428936,3857.8347230718446,38.57834723071845,0.0,107.06887852461617,0.3352313133364217,30172.088651604772,89021.50434199363,5068.51147270569,10929.387012748239,81606.56543430823,2.226855488606473,2.2268554886064655,0.0,50000,153.0123529823552,151.3874548048544,1,0.00037818866190880983,0.00029848863183720063,0,1
5,0,3.2606695345635264,3.278802991559229,0,0.48188317628947686,1.5754395431165282,0.0028863651161214186,3324.748177132449,33.247481771324495,0.0,109.26189752030707,0.3352313133364217,30145.474028218403,88976.72610689595,5173.672668554408,10707.89223608536,81932.39589770214,2.291260743975864,2.291260743975871,0.0,50000,153.0123529823552,249.49016171022754,1,0.00032463331659761163,0.00030720352675733765,0,1
6,0,3.317196358783189,3.355929900304082,0,0.4708084039111889,1.5937959429981319,0.008731609492488484,3219.6247436335307,32.196247436335305,0.0,108.21457219349938,0.3996238082090923,30195.886885541655,89126.72684390176,5159.408332851136,10738.369996735204,82271.6635420356,2.5200196006274793,2.5200196006274576,0.0,50000,169.11047670052284,254.31959882567784,1,0.00031307253117482,0.0003386315032270805,0,1
7,0,3.4019925703106333,3.4170876958110847,0,0.46238204595594057,1.6091697077829716,0.018461840368969345,2537.453261480494,25.374532614804938,0.0,104.9096912732509,0.6530091715775805,30347.719821747225,89507.02228897196,5119.499733482319,10823.283568399782,82605.20981311244,2.1960802390973475,2.1960802390973577,0.0,50000,232.4568175426449,254.31959882567784,1,0.0002457426854525302,0.0002944828444083206,0,1
8,0,3.2914530066030014,3.2714573208588456,0,0.48296518799921484,1.6006621894879929,0.013077335118982791,5785.354578933585,57.85354578933585,0.0,116.71272044117553,0.7687162631562523,30374.08065299936,89620.07667435858,5191.286515465706,10674.879260397118,83027.22789516924,2.767533734301051,2.767533734301041,0.0,50000,261.3835904373128,262.9976306940782,1,0.0005574416706999505,0.00037208562910910024,0,1
9,0,3.209729955743454,3.206355157203372,0,0.492771362664047,1.5790923994838066,0.0005744307064515378,2855.733650633997,28.557336506339972,0.0,110.47025615833383,0.7687162631562523,30360.59362458266,89625.42070687693,5221.547334582691,10613.537814899932,83331.58186277746,2.669915657757556,2.669915657757569,0.0,50000,261.3835904373128,319.8595805906258,1,0.0002741561925788519,0.0003591135162437776,0,1
10,0,3.4119166818388775,3.4527034867242534,0,0.4576124205496205,1.5900045730570682,0.00633200826396718,4119.517988531935,41.19517988531935,0.0,110.93002636711591,1.3520701919825773,30617.267432311313,90319.5427928699,5082.370810378761,10906.022564376539,83002.02176268997,3.038496698245424,3.038496698245411,0.0,50000,407.222072643894,319.8595805906258,1,0.000397052303165337,0.0004095500554813798,0,1
11,0,3.3611204399591355,3.3774243373929713,0,0.4678121083297456,1.5762391021240956,0.0023803151113319623,3564.117300025244,35.64117300025244,0.0,112.50787775820764,1.3520701919825773,30599.808691423717,90300.47773745496,5098.590397843482,10872.066539954376,83353.857492341,2.51491311923874,2.5149131192387584,0.0,50000,407.222072643894,400.32224079857366,1,0.0003420710121642765,0.0003377598359694885,0,1
12,0,3.4230408823851395,3.427252132807113,0,0.46101072777096525,1.6115091804358053,0.019942519263167844,3474.1637524846883,34.74163752484689,0.0,111.56087130911777,1.4215534670322711,30615.913593236175,90395.99320705576,5108.560772069429,10851.202453723308,83781.97431590859,2.654354239225997,2.6543542392260058,0.0,50000,424.59289140631745,405.5334864273007,1,0.0003317337678756526,0.0003569523610684221,0,1
13,0,3.4511635340379043,3.4618273088011473,0,0.45640635972311516,1.602163999989475,0.01402784809460439,5376.088974241807,53.760889742418065,0.0,119.79329900882429,1.5290752465171074,30665.320604081495,90557.28203527707,5073.0958049383835,10927.772217325462,83973.54169058333,2.9379409120582114,2.937940912058197,0.0,50000,451.47333627752647,413.5976198886634,1,0.000512169796915418,0.00039532485898511574,0,1
14,0,2.601449775987264,2.5948969030534776,0,0.6088873889905899,1.312996168647354,0.16898976667888996,3640.669102600934,36.40669102600934,0.0,116.89585136015319,1.5290752465171074,30660.091175197496,90336.84017623782,5290.024331111789,10481.167378664364,83634.96812055956,2.951907463460812,2.951907463460826,0.0,50000,451.47333627752647,701.3224364382559,1,0.0003482437247877391,0.0003973824298596033,0,1
15,0,2.801238873162846,2.806170096098631,0,0.563044985119272,1.5248943767337846,0.03487697675076929,5348.696627038781,53.48696627038781,0.0,121.8927431964711,1.5290752465171074,30634.566942386184,90198.57034857525,5494.181795591698,10092.84043331611,83881.6145992908,3.388001582403166,3.388001582403187,0.0,50000,451.47333627752647,911.3800932959779,1,0.000510118614439165,0.00045684404538077404,0,1
16,0,2.6664930722961264,2.661378214907019,0,0.5936773627852067,1.521806198818399,0.036831519735190506,2398.9967751191316,23.989967751191315,0.0,111.20386706640036,1.5290752465171074,30602.232098539782,90136.50984626342,5625.824126651776,9857.510812691531,84116.7943086447,2.6921213752494713,2.692121375249467,0.0,50000,451.47333627752647,1028.0375103297629,1,0.00022815864963342627,0.0003621736629534434,0,1
17,0,2.5932136476507845,2.632607217806917,0,0.600165489676129,1.516082883516538,0.04045387119206455,1716.552171665499,17.16552171665499,0.0,99.9401649259293,1.5290752465171074,30570.98581267934,90085.75366039731,5694.212534542414,9739.777302246994,84182.24466975465,2.2367499988946515,2.2367499988946506,0.0,50000,451.47333627752647,1123.0852884178717,1,0.00016312724170276053,0.00030046816859178395,0,1
18,0,2.725608246671719,2.7687666707422984,0,0.5706511916283674,1.5625694050771934,0.011032022103042171,4112.2314017586705,41.1223140175867,0.0,108.23359818681416,1.5290752465171074,30578.021383458276,90094.6495845494,5638.903844854343,9836.006497877504,84539.6451830863,1.9457688987299366,1.9457688987299253,0.0,50000,451.47333627752647,1153.4794657724547,1,0.00038914110820814255,0.0002601423331814431,0,1
19,0,2.6161141509972765,2.5740639450563036,0,0.6138153650124026,1.5401736916151314,0.025206524294220677,3947.073339753095,39.47073339753095,0.0,113.14181089250297,1.5290752465171074,30554.966506028977,90017.54651523683,5714.485110134497,9706.532090292207,84789.73354473844,2.298756765306514,2.2987567653065284,0.0,50000,451.47333627752647,1275.9860689323589,1,0.00037241049591650973,0.00030822628194247093,0,1
20,0,2.66859117088979,2.695407553554055,0,0.5861822261040548,1.595159251982171,0.009594463279854954,3201.210070178008,32.012100701780085,0.0,109.63179621782697,1.6644774223637433,30638.326900178316,90214.76530785603,5758.44550815826,9633.481310424584,85128.94420036935,2.6321441721733865,2.632144172173366,0.0,50000,485.3238802391854,1275.9860689323589,1,0.00030083399720248093,0.00035412853377571107,0,1
21,0,2.519248466049688,2.474075769161455,0,0.6386223169452541,1.5812403309712233,0.0007850196020400156,4224.3831799807895,42.24383179980789,0.0,113.44336075250202,1.6644774223637433,30614.180210437586,90178.613504261,5901.050262527204,9401.614372448177,85284.18267953688,2.6510226581238943,2.651022658123891,0.0,50000,485.3238802391854,1361.5795191083357,1,0.00039626416503086355,0.00035650288604995137,0,1
22,0,2.498035447980399,2.496877705344891,0,0.6327903031124852,1.5899535046662678,0.0062996864976378256,3407.215935440438,34.07215935440438,0.0,112.84911055241041,1.7326217410725522,30632.479591659423,90245.60671963841,5942.496225724515,9336.478191206887,85614.66400725006,2.5191000389064295,2.5191000389064127,0.0,50000,502.3599599163876,1366.6903430114965,1,0.00031837685517536167,0.0003384916724695687,0,1
23,0,2.662250698303878,2.648319707854691,0,0.5966047057361897,1.6820659500997144,0.06459870259475589,3904.5695513951123,39.045695513951124,0.0,114.70108281170678,2.3787381985992724,30852.72954049789,90659.01761356612,5921.059160733403,9371.418453852306,85430.34574755565,2.677684138611847,2.677684138611833,0.0,50000,663.8890742980677,1366.6903430114965,1,0.00036563771500426883,0.0003600929117368314,0,1
24,0,2.5990171303429475,2.5928169114858695,0,0.6093758464011819,1.5955605000228956,0.009848417736009842,4759.078870611347,47.59078870611347,0.0,120.23565436354212,2.4739197760114995,30880.169529421422,90742.56759448267,5836.7627975113055,9507.534497289591,85690.99924002407,2.7967831249139485,2.796783124913932,0.0,50000,687.6844686511245,1373.8289613174134,1,0.0004443014004101848,0.0003761053235299384,0,1
25,0,2.574301727710118,2.558940638144882,0,0.6174430060813875,1.5944479053748355,0.009144243908123685,3170.20098837847,31.7020098837847,0.0,114.96313705802966,2.537323795779069,30861.628784157983,90757.9387876005,5862.8399627327235,9465.796276236857,85770.34565708908,2.739292267152218,2.739292267152207,0.0,50000,703.5354735930168,1434.9959771350955,1,0.0002956920333331031,0.0003685437162491856,0,1
26,0,2.63336074769704,2.6431847564806543,0,0.5977637379022029,1.5878784064511187,0.004986333196910501,2321.2912675180823,23.212912675180824,0.0,106.7181643257152,2.678261192988709,30984.949899170035,91013.27858117939,5785.037819956092,9593.991238323571,85967.86908814932,2.3715967510603084,2.371596751060288,0.0,50000,738.7698228954268,1434.9959771350955,1,0.00021601477781312808,0.0003186694038521387,0,1
27,0,2.553199173444427,2.5804744581211025,0,0.6122905014725203,1.5532329569589693,0.016941166481665014,1962.1929888705306,19.621929888705306,0.0,103.03398561248426,2.678261192988709,30960.765187533496,90978.62397028723,5810.848549378491,9551.853536723422,85547.86369672754,1.735616654873897,1.7356166548738998,0.0,50000,738.7698228954268,1503.1398610954807,1,0.00018349428299709516,0.00023173369804777545,0,1
28,0,2.652206732780951,2.675843762459886,0,0.5904679571229959,1.5787442688184357,0.0007947665706103875,2303.4373584710297,23.0343735847103,0.0,104.3773052695172,2.827677561379134,31093.028592231323,91239.20443597682,5748.271244695655,9656.791158737236,85940.9977149008,1.5382249852285321,1.5382249852285377,0.0,50000,776.123914993033,1503.1398610954807,1,0.00021442035067941972,0.0002046431371632143,0,1
29,0,2.5636567368478866,2.556354434141409,0,0.6180676587324119,1.5629019829693485,0.010821529766235198,2982.2093854857853,29.822093854857854,0.0,108.30430831521356,2.827677561379134,31062.459005982164,91179.72790301323,5817.505265838671,9542.560396577255,85314.35986636583,1.6950625350117412,1.695062535011735,0.0,50000,776.123914993033,1595.1042977686961,1,0.00027964430749121625,0.00022585298038924374,0,1
30,0,2.67217020777319,2.652443160278829,0,0.5956772320934138,1.6210780791743065,0.02599878428753569,3654.671471803887,36.54671471803887,0.0,113.06659322679177,3.149461629781192,31187.69885469185,91442.52467177538,5803.445948267534,9566.346966631863,85308.71883403849,2.084562911326288,2.084562911326275,0.0,50000,856.5699320935477,1595.1042977686961,1,0.0003427243097075475,0.00027892965595939447,0,1
31,0,2.844876723761058,2.8944739935053536,0,0.5458677478343968,1.6533748720824222,0.04643979245722918,3306.7431018385523,33.06743101838553,0.0,114.16770374904715,3.8423903832774857,31409.028110676813,91983.58845206947,5680.642852208189,9774.388675625813,84907.67654961355,2.3216410239878145,2.3216410239878233,0.0,50000,1029.802120467621,1595.1042977686961,1,0.0003115612850299909,0.00031130996740958485,0,1
32,0,2.7418876306057784,2.8944739935053536,1,0.5458677478343968,1.510102216708189,0.04423910334924751,3871.293494626289,38.71293494626289,0.0,117.08933605418844,3.9198162531700116,31578.647697739034,92337.64868873547,5530.278267740512,10041.308070641568,84472.61916198135,2.5348257584886587,2.5348257584886675,0.0,50000,1049.1585879407526,1600.9112380106355,1,0.0003666317945892361,0.0003403057964422582,0,1
33,0,2.7918964449718917,2.8099953370394504,0,0.5622785131254536,1.5756839263468545,0.00273169218553517,6653.4265894423515,66.53426589442351,0.0,130.03316342430284,3.9198162531700116,31565.72848130011,92279.67020197965,5598.479135625912,9919.739444345,83402.52357873567,3.2601281660246006,3.2601281660246095,0.0,50000,1049.1585879407526,1725.0428878653927,1,0.0006381990667859083,0.00043879738213504506,0,1
34,0,2.8199005722635677,2.844425393777219,0,0.5554724702769788,1.6026191844801918,0.014315939544425147,4054.3092372316087,40.54309237231609,0.0,125.0401561813045,4.148532048048061,31693.18169951875,92572.47901387146,5618.353187450169,9885.815371421688,83544.9346121976,3.4444051751540723,3.444405175154059,0.0,50000,1106.3375366602647,1725.0428878653927,1,0.0003882278925515782,0.0004643529179755742,0,1
35,0,2.7619707552034507,2.742214133944041,0,0.5761767399716284,1.6248745520104373,0.02840161519647925,3144.575767590412,31.44575767590412,0.0,114.32190554559826,4.389982390172331,31801.342337246104,92828.34773051573,5716.592209930471,9717.095072795752,83089.8296299842,3.2845843177080725,3.28458431770804,0.0,50000,1166.7001221913322,1725.0428878653927,1,0.00030276396344475307,0.0004430636409274132,0,1
36,0,2.7701412261370675,2.7525897796626904,0,0.5740048922922388,1.6158752565860293,0.02270585859875265,4448.113287904171,44.48113287904171,0.0,119.00541723314262,5.102443204061684,32105.172844664863,93437.66089544997,5692.849569986996,9759.415043792435,82670.07412597573,2.7813718429146377,2.781371842914648,0.0,50000,1344.8153256636706,1725.0428878653927,1,0.0004304448336287659,0.0003738122298750323,0,1
37,0,2.7574832070505555,2.7414027861759642,0,0.5763472657018681,1.612568673373232,0.020613084413437968,4301.195576343453,43.01195576343453,0.0,122.68189051581138,5.390200761391273,32181.813727349632,93667.52421788023,5700.272963592722,9747.434160326875,80976.1308929538,2.873447953511358,2.8734479535113646,0.0,50000,1416.7547149960678,1725.0428878653927,1,0.00042493465952621594,0.0003860478188665783,0,1
38,0,2.7314569522897014,2.73884459847964,0,0.5768855965311336,1.6060426491315591,0.016482689323771563,2060.5674821607927,20.605674821607927,0.0,110.92121600911544,5.431412111034489,32191.877293660917,93731.29593452469,5715.8343756933045,9721.133839170569,81234.43734634695,2.625047617203706,2.625047617203731,0.0,50000,1427.0575524068718,1728.1337390886338,1,0.0002029255128216585,0.00035276833532554673,0,1
39,0,2.8579621547495297,2.8627883912246737,0,0.5519094617133371,1.610221908217256,0.019127790010921453,2296.0522507006303,22.960522507006303,0.0,106.72848872558146,5.716244951433532,32404.604671687066,94139.54908724022,5595.482252733812,9931.349483122443,81352.60023715216,2.1250951207752014,2.1250951207752085,0.0,50000,1498.2657625066324,1728.1337390886338,1,0.0002257877185493641,0.00028454929696574615,0,1
40,0,2.924509888079552,2.9388507688414207,0,0.5376251209321804,1.616037087866452,0.022808283459779737,5251.183552073873,52.511835520738735,0.0,119.0631435489052,6.6661354200363485,32734.198274526527,94864.85658849996,5542.049621292857,10029.335984545112,78918.27896476389,2.393571793230446,2.3935717932304508,0.0,50000,1735.7383796573367,1728.1337390886338,1,0.0005323160738888862,0.00032034310175330295,0,1
41,0,2.939203137743218,2.9524627362349225,0,0.5351464662395259,1.5778231872138395,0.001377729611494021,4391.128867399579,43.911288673995784,0.0,123.13257793237386,6.75395799738434,32820.113958257614,95072.90823773826,5462.65154672323,10175.945376286792,77917.86836974739,2.999460533811545,2.999460533811553,0.0,50000,1757.6940239943347,1734.720432389733,1,0.0004508469196371898,0.0004029835706918134,0,1
42,0,2.984882790126496,2.9958841057754166,0,0.5273902274637733,1.5950688204480994,0.009537228131708429,2702.29877507351,27.0229877507351,0.0,112.88686609751669,6.80800397288581,32833.29393619471,95155.54318535574,5450.359174822152,10199.36136446098,77464.3763649139,3.124636914559663,3.1246369145596424,0.0,50000,1771.2055178697021,1738.7738805523434,1,0.000279075250005882,0.0004207460811773193,0,1
43,0,2.9638516569896383,2.9186035226018956,0,0.5413547910034219,1.6292972567547925,0.03120079541442561,3464.892079312336,34.64892079312336,0.0,113.76208802199687,7.002299310474687,32867.04672359348,95292.87984930522,5528.214992040662,10056.365771455154,77118.70973859266,2.704611442533542,2.704611442533553,0.0,50000,1819.7793522669213,1738.7738805523434,1,0.00035943465247872464,0.00036311894070726545,0,1
44,0,2.80500560400846,2.7817768054243297,0,0.5679823043024432,1.569590316558122,0.006588407241694995,2537.194924794663,25.37194924794663,0.0,111.7453333009725,7.002299310474687,32841.6772674927,95258.52505885428,5577.696614030372,9967.868745598784,76311.60436997072,2.254379797314157,2.2543797973141477,0.0,50000,1819.7793522669213,1815.3255300774993,1,0.0002659826059998887,0.0003014975028281651,0,1
45,0,2.9189079112621155,2.7817768054243297,1,0.5679823043024432,1.6560206564292017,0.04811433951215293,4822.2140847905985,48.22214084790598,0.0,119.79566265900436,7.232180915716839,32861.95978040678,95333.94910715071,5616.464191780445,9899.599802129158,75544.71280221634,2.822336442669752,2.8223364426697306,0.0,50000,1877.2497535774592,1887.5702654741997,1,0.0005106606570776848,0.00037869263851876604,0,1
46,0,2.8191019679928604,2.8294403363444802,0,0.5584143195050703,1.6046409978503668,0.015595568259725806,3795.2773889660098,37.9527738896601,0.0,121.7695171044121,7.308086463496159,32884.20550654438,95413.78497722617,5625.751028755971,9883.5601345409,75347.28327732283,2.929364937311568,2.9293649373115853,0.0,50000,1896.2261405222891,1893.2631815576487,1,0.0004029636874892629,0.0003932023168556121,0,1
47,0,2.7966327519055563,2.795457203418394,0,0.5652027146285461,1.5962263276504964,0.010269827626896433,3455.768318210972,34.55768318210972,0.0,118.90860790521344,7.4822545734478,32972.21472038362,95642.88347319176,5633.767457207673,9870.516677066387,73560.00586782821,3.196676883958843,3.1966768839588426,0.0,50000,1939.7681680101991,1893.2631815576487,1,0.0003758312172427238,0.0004298185206032238,0,1
48,0,2.687267939314492,2.7123884366546327,0,0.5825124376170538,1.5633211257054123,0.010556249553536587,2778.524923517903,27.78524923517903,0.0,115.77510275359883,7.4822545734478,32937.0121974676,95585.25923321927,5687.894433514094,9777.195549948725,72188.75370050104,2.7028722355104255,2.702872235510421,0.0,50000,1939.7681680101991,1996.949632947337,1,0.0003079177607133138,0.0003622375551484335,0,1
49,0,2.662738507845156,2.6753236517223753,0,0.5905827502338997,1.5751541334663053,0.003067004135249865,4258.145632286652,42.581456322866515,0.0,121.39741924866065,7.4822545734478,32933.78482228818,95587.40145340357,5735.838204393398,9696.21761903241,71510.96479092888,2.8849013224213658,2.8849013224213778,0.0,50000,1939.7681680101991,2042.643604699909,1,0.0004763628229305383,0.00038670393362885865,0,1
50,0,2.560534080423889,2.5755839495564183,0,0.6134531162426744,1.5831166668218137,0.0019725739378567485,4264.4739975884995,42.644739975884995,0.0,125.68311685247284,7.56754405339957,32953.340746225134,95663.5081500606,5864.254089299569,9484.848948031935,70907.44977293495,3.143864941188305,3.143864941188294,0.0,50000,1961.0905379981416,2049.0403156962916,1,0.00048113127872961294,0.0004218039541244883,0,1
51,0,2.4689893411518926,2.464400492259314,0,0.6411295586747294,1.5712087250333016,0.005564098080188933,2362.396791423648,23.623967914236484,0.0,116.36503039572577,7.56754405339957,32903.914886832754,95596.43022531398,5949.652059930162,9349.252766667667,70385.01686285334,3.043624022459199,3.0436240224592015,0.0,50000,1961.0905379981416,2162.4049510237423,1,0.0002685113277477026,0.00040866847646928465,0,1
52,0,2.5617584861789626,2.5537476882830075,0,0.6186985532084028,1.5911530550074293,0.0070588955743223075,3602.6205129782284,36.026205129782284,0.0,118.97245066109977,8.160609494195754,33213.14546263305,96182.31791275193,5878.495132104433,9464.384801473381,69151.46311792868,2.901092473724899,2.901092473724883,0.0,50000,2109.3568981971875,2162.4049510237423,1,0.0004167802502555222,0.0003888076189109459,0,1
53,0,2.571762163074232,2.5884186846037287,0,0.6104112945089054,1.5719129825975109,0.005118365444613407,4209.89345379479,42.0989345379479,0.0,124.79444885986182,8.244807363271649,33327.89546958104,96401.29483728172,5831.758887298757,9541.174999231524,68521.01856759217,2.9300399795031096,2.9300399795030967,0.0,50000,2130.4063654661613,2168.7197912044344,1,0.0004915155719282795,0.00039226904997716807,0,1
54,0,2.5413768545831465,2.5330523176345494,0,0.6237534017755535,1.5839158757759388,0.0024784023898346648,2308.762319229888,23.087623192298878,0.0,117.49625327671419,8.290982609656247,33318.90240451141,96423.57203619019,5889.00970336952,9448.855955956074,66507.73174364513,2.9504390763233648,2.9504390763233523,0.0,50000,2141.9501770623106,2207.289615215913,1,0.00027771355404259356,0.0003953364587421317,0,1
55,0,2.73687075021644,2.743253650656635,0,0.5759584060416016,1.6563297877269647,0.0483099922322561,3046.440637233257,30.46440637233257,0.0,118.21487058796603,8.733787661407113,33516.61031999867,96791.50376446237,5803.262600634563,9589.140873508157,64183.17435859278,2.8629990491240633,2.862999049124081,0.0,50000,2252.6514400000274,2207.289615215913,1,0.0003797182881872096,0.0003829824713860275,0,1
56,0,2.870180678814745,2.9041940843078407,0,0.5440407748701006,1.62002224267461,0.025330533338360738,2449.2862724555043,24.492862724555042,0.0,118.29721297797649,9.193203782934285,33801.28317077243,97349.8924139799,5604.789673075609,9929.961826896431,62096.00337217502,2.4371201295277514,2.437120129527752,0.0,50000,2367.50547038182,2207.289615215913,1,0.00031554833025573045,0.00032432672416184453,0,1
57,0,2.881637870525117,2.8557208933230323,0,0.5532753581395863,1.5984579263332113,0.01168223185646278,4394.759887170175,43.94759887170175,0.0,125.73354210443351,9.513991001270854,33959.939677743874,97684.45029306549,5556.564780623129,10017.159187042542,60860.09634879726,3.172927127121144,3.172927127121135,0.0,50000,2447.7022749659623,2207.289615215913,1,0.0005776868787040001,0.0004243178323823134,0,1
58,0,2.782139402317477,2.7628333600639703,0,0.5718766910949045,1.5919129356601478,0.00753983269629603,6510.328623656894,65.10328623656893,0.0,138.88584399067832,9.513991001270854,33934.21952717603,97624.27204077828,5643.812223956734,9863.524578396415,59049.104850682714,4.405642794735038,4.405642794735022,0.0,50000,2447.7022749659623,2329.869813038431,1,0.0008820223290591166,0.000591752512672949,0,1
59,0,2.612448167765002,2.7628333600639703,1,0.5718766910949045,1.5228243609634582,0.03618711331426701,4208.46583016244,42.08465830162441,0.0,135.5658646355004,9.513991001270854,33942.843772444605,97610.75543220113,5696.735928963815,9772.911257110954,55828.40644313794,5.10802991657963,5.108029916579603,0.0,50000,2447.7022749659623,2410.7105452916567,1,0.0006030572747153479,0.0006875888274928215,0,1
60,0,2.578584533223816,2.583094661607683,0,0.6116694147850662,1.581298659625409,0.0008219364717778367,2525.27542547086,25.2527542547086,0.0,123.11083451870397,9.513991001270854,33920.524052905515,97604.58160927778,5843.294830505578,9528.516059437916,53535.83912864784,4.615867970864909,4.615867970864928,0.0,50000,2447.7022749659623,2472.3527141087284,1,0.0003773584898000856,0.0006208126978581833,0,1
61,0,2.551238806920063,2.5405400895408095,0,0.6219150040201009,1.586655291670616,0.004212209918111366,2447.683983303746,24.476839833037463,0.0,120.00855724926421,9.56294468093693,33933.13185260471,97658.08763382143,5884.632215213143,9462.106955882144,51280.57216963288,3.4002645544024133,3.4002645544024186,0.0,50000,2459.940694882481,2476.024240083684,1,0.0003818497149691643,0.00045408849316153256,0,1
62,0,2.7719522314902676,2.8074715141306377,0,0.5627839826860231,1.644212358765802,0.04064073339607714,4048.5883820768854,40.485883820768855,0.0,127.03368914626313,10.27221129531214,34194.56946305964,98190.28336187231,5747.374633020192,9689.410163033643,49976.715969969584,3.517169210811297,3.5171692108113057,0.0,50000,2637.2573484762834,2476.024240083684,1,0.0006480759375241277,0.00046909471409779254,0,1
63,0,2.784416286117831,2.7938343483632475,0,0.5655310240299803,1.6013299193977524,0.01349994898591918,2694.225021374073,26.94225021374073,0.0,125.26605531645677,10.558871160518176,34340.53924701463,98530.27460079078,5659.585674359685,9840.971765701459,49058.03367096946,3.66844506038399,3.6684450603839958,0.0,50000,2708.922314777793,2476.024240083684,1,0.00043935312033811184,0.0004897595909438013,0,1
64,0,2.846184733672552,2.844351755785694,0,0.555486851014866,1.602708876153576,0.014372706426313837,2236.8223478794184,22.368223478794185,0.0,120.40338034835439,10.750510363676952,34491.865178936154,98832.68386852545,5600.537833756021,9945.764648816048,47668.99377946175,3.6517247482551354,3.6517247482551403,0.0,50000,2756.832115567487,2476.024240083684,1,0.0003753924168364815,0.000487607158232907,0,1
65,0,3.565280436225203,3.46633052749652,0,0.45581342790790347,1.7638581374727091,0.11636590979285384,3784.6107776643416,37.846107776643414,0.0,126.62841651903061,12.709466541776052,35017.857281462944,100273.05449805863,5250.193129829732,10612.197463343635,45481.296376110986,3.704039601617832,3.7040396016178234,0.0,50000,3246.5711600922623,2476.024240083684,1,0.000665699719087551,0.0004934817520873815,0,1
66,0,3.3541794295138563,3.356983518146652,0,0.4706606366873967,1.5984332418980236,0.011666608796217426,4679.8393110118905,46.79839311011891,0.0,134.32413068020125,13.268928630036479,35175.81837057598,100783.41053284302,5153.180260707157,10813.520874050691,44341.8308642544,4.698406261454377,4.6984062614543864,0.0,50000,3386.4366821573685,2476.024240083684,1,0.0008443204477214285,0.0006284708612151537,0,1
67,0,3.392015858435104,3.409251844473152,0,0.4634447884985056,1.6165979376724047,0.023163251691395315,5778.8959207124035,57.78895920712404,0.0,142.12721505031269,13.754035271731754,35375.19881849252,101274.67059638267,5153.813832656726,10813.9555571649,43599.38393547459,6.373583021061245,6.373583021061266,0.0,50000,3507.713342581187,2476.024240083684,1,0.0010603628582027578,0.0008567943416705791,0,1
68,0,3.5029264288302095,3.520343994018232,0,0.44881977519376964,1.5998693846524568,0.012575559906618157,4004.2344888505763,40.04234488850577,0.0,137.82819949885314,14.27557806047436,35597.015733293476,101909.77994758303,5045.651012333985,11047.492033606291,42426.58607522823,6.590574403417369,6.5905744034173805,0.0,50000,3638.0990397668384,2476.024240083684,1,0.0007550425069319532,0.0008865752709520465,0,1
69,0,3.3689722052739035,3.3916526042644177,0,0.4658495973359485,1.5885991815149423,0.005442519946165956,3114.911557698812,31.14911557698812,0.0,130.37324344962536,14.337876291628335,35614.92082066723,102009.0902447621,5127.003574429328,10872.933046660954,41194.675863865705,6.004962609739439,6.004962609739448,0.0,50000,3653.6735975553324,2480.6966074202323,1,0.0006049153668289617,0.0008067735773212241,0,1
70,0,3.3826733428322426,3.422019112359096,0,0.4617157146474172,1.5694760991680476,0.006660696729083814,2227.519272091831,22.275192720918312,0.0,124.36431714617517,14.382426677070171,35683.732976438994,102203.9952870744,5085.927291683183,10961.6391624436,40468.94553687343,4.492895784646151,4.492895784646148,0.0,50000,3664.8111939157916,2484.03788632837,1,0.0004403414504708988,0.0006000997747439379,0,1
71,0,3.497691216805315,3.4742667615078164,0,0.45477221769645776,1.5986452945451362,0.011800819332364609,6151.97845892824,61.5197845892824,0.0,138.44020176264206,14.505466246248735,35766.145858442265,102422.26012289348,5048.031123040149,11044.635217996376,39722.84430486736,5.685518788831926,5.685518788831914,0.0,50000,3695.571086210433,2493.265854016762,1,0.0012389804540103228,0.0007614124237700611,0,1
72,0,3.7108696483071384,3.4742667615078164,1,0.45477221769645776,1.7192480349285812,0.0881316676763172,2201.5634166618042,22.015634166618042,0.0,128.5060504185071,14.91164694887841,35832.841410247886,102696.38103893702,5082.557862782356,10970.325005808327,39442.5267098412,5.291839980108526,5.291839980108509,0.0,50000,3797.1162618678513,2493.265854016762,1,0.0004465359803863677,0.000708619294955863,0,1
73,1,3.680358379825903,3.7121462802546894,0,0.42562977876281227,2.1827282197354614,0.38147355679459577,7115.737736772015,71.15737736772014,0.0,144.6297028128378,32.91243045999232,34406.302602138145,103920.37985051818,6733.9060878062155,11354.225173403358,38231.50433393216,7.862684651681546,7.862684651681534,0.0,50000,4183.2583321472885,2493.265854016762,1,0.0014889788640530123,0.0010581650994832342,0,1
74,1,3.7486563725143056,3.7121462802546894,1,0.42562977876281227,1.9117363187244092,0.20995969539519563,7530.922258305398,75.30922258305398,0.0,157.47023539355666,37.43098381497556,35320.7035970812,106808.75315207036,6245.381378762266,12246.348241111345,37661.02421035136,8.755038865220303,8.755038865220323,0.0,50000,5312.896670893098,2493.265854016762,1,0.0015997275520160663,0.0011784141321518153,0,1
75,1,3.8985778434064913,3.829375812992628,0,0.41259987976088514,1.8116488920312297,0.1466132228045757,2598.9299403680084,25.989299403680086,0.0,135.82032534428063,38.77277100167458,35775.33336716575,108141.96280420716,5962.272497476349,12830.512334512821,34982.107084273885,9.103805359812284,9.103805359812291,0.0,50000,5648.343467567853,2493.265854016762,1,0.0005943449739278515,0.0012276837966656434,0,1
76,1,4.207607473007031,4.185762091939206,0,0.3774700915378609,1.8389915194405562,0.16391868319022537,7089.108651549051,70.89108651549051,0.0,146.63910869403435,41.94812348134464,36656.09906656004,110547.30436586624,5782.693120824518,13230.785749729544,34166.6554881032,9.534627553215609,9.534627553215591,0.0,50000,6442.181587485368,2493.265854016762,1,0.0016598893980752604,0.0012846539746730595,0,1
77,1,4.089288413734122,4.079109488766553,0,0.38733944365826833,1.7483937027978476,0.10657829291003006,3512.7673470576156,35.127673470576156,0.0,141.89258448367596,43.26009984380726,37107.81580052791,111842.98481065709,5720.05000866787,13378.528067788282,32599.568940903635,7.741804345336363,7.741804345336346,0.0,50000,6770.1756781010245,2493.265854016762,1,0.0008620401952984215,0.0010387581891005112,0,1
78,1,4.0148430741279295,4.013722296618082,0,0.3936495560072232,1.59726788622492,0.010929041914506351,4511.454955515874,45.11454955515874,0.0,140.94184629209056,43.90927184850977,37341.97917652456,112668.47877675081,5518.1226105126325,13870.182037758499,31579.173275144658,9.080640911429576,9.080640911429596,0.0,50000,6932.468679276651,2493.265854016762,1,0.0011428937461302703,0.0012216077798346508,0,1
79,1,3.9083425292218577,3.9049094989475535,0,0.4046188523513387,1.6229253787568227,0.027167961238495363,12387.341540246194,123.87341540246194,0.0,174.10216482517268,44.54883352442546,37470.167120560574,113175.16832888979,5638.025553324362,13577.540495285426,30503.345676132983,12.992371995917875,12.992371995917845,0.0,50000,7092.359098255573,2493.265854016762,1,0.0032487823917462374,0.0017512387777249762,0,1
80,1,4.143901084223361,4.172589352086877,0,0.37866175333304236,1.6379074161676046,0.03665026339721805,6152.366488641083,61.523664886410835,0.0,165.68162870596808,45.6673651458506,37773.72502982062,114307.72207573676,5501.199055914479,13918.017897294761,29663.0130724484,14.92783699862543,14.927836998625418,0.0,50000,7371.992003611859,2493.265854016762,1,0.0016592694676335561,0.002016981868503355,0,1
81,1,4.141869219396836,4.136184879638323,0,0.38199453021987706,1.6642735371207165,0.053337681721972396,4217.779161074599,42.17779161074599,0.0,142.05414024230822,46.18765759021534,37911.95313367774,114885.4531891259,5547.023051715624,13804.848496800423,28968.06044617748,14.95628213479353,14.956282134793518,0.0,50000,7502.065114703043,2493.265854016762,1,0.0011648081635044123,0.002024286674294735,0,1
82,1,4.347711418847846,4.305597892692786,0,0.36696413352521506,1.7166108482560858,0.08646256218739602,4438.062487531665,44.380624875316656,0.0,140.72667692879577,47.31099347601049,38234.32257692818,115932.70587323992,5499.040908838695,13927.584680219132,28145.255294565774,10.124008807397702,10.124008807397706,0.0,50000,7782.8990861518305,2493.265854016762,1,0.0012614737201232088,0.0013618504504203926,0,1
83,1,4.40977752882706,4.4623521171581775,0,0.3540733582911905,1.6639754253675374,0.05314900339717552,5495.229159008269,54.95229159008269,0.0,148.00513363350964,48.48142907016724,38603.168056616174,117129.02600598075,5376.293423360148,14247.961577604208,26014.01839224481,10.223776609853648,10.22377660985365,0.0,50000,8075.507984691018,2493.265854016762,1,0.0016899285842425587,0.0013720701559567269,0,1
84,1,4.602880522316955,4.607640983080587,0,0.3429086610267192,1.6796671858099361,0.06308049734806079,7678.486663302442,76.78486663302442,0.0,161.39046249796408,50.34466087286567,39188.1558204841,118947.10310223763,5287.490670696823,14489.589381569884,24682.40035815798,13.476323525388601,13.476323525388622,0.0,50000,8541.315935365625,2493.265854016762,1,0.002488732554980882,0.001813378286448883,0,1
85,1,4.643027538693614,4.607387144589409,0,0.34292755316979184,1.630537860409504,0.031985987600951844,5369.302025729566,53.69302025729566,0.0,158.5665850235796,50.788185605321715,39351.830072020595,119560.60107267216,5187.3116376644175,14771.095704219304,23924.718430108867,14.778791901047807,14.778791901047821,0.0,50000,8652.197118479637,2493.265854016762,1,0.0017953990276340765,0.0019913533889525056,0,1
86,1,4.433012320754296,4.485280793493186,0,0.35226334152637934,1.5934519436512191,0.008513888386847496,4865.826049456039,48.658260494560395,0.0,151.94108048512066,50.88550212631083,39427.971369494706,119888.73493318603,5248.396758677143,14601.135345262275,23951.990043102178,14.610896907884499,14.610896907884484,0.0,50000,8676.526248726917,2500.5645930909463,1,0.0016251930768841735,0.0019697748864997105,0,1
87,1,4.534546378296558,4.546678967534134,0,0.3475063912103969,1.604374148197115,0.015426676074123366,6609.27590321269,66.09275903212689,0.0,160.13452323544612,51.18094372360316,39553.808583215345,120366.747684134,5207.255404512937,14717.602600324535,23088.314031052687,14.149136021754977,14.149136021754996,0.0,50000,8750.386648049998,2500.5645930909463,1,0.002290085242022792,0.0019035591155136804,0,1
88,1,4.5589756145565925,4.64663319911997,0,0.34003114347378177,1.5746548834126144,0.00338298518188967,4829.376752131545,48.29376752131545,0.0,159.06026834146843,51.27753125864579,39669.8262395732,120822.3973408094,5145.329374747901,14896.87130522221,21786.093534692995,14.108887455062279,14.108887455062286,0.0,50000,8774.533531810655,2507.8086582191436,1,0.0017733796082133088,0.0018962193090400915,0,1
89,1,4.657104425324803,4.642201011490311,0,0.340355791593084,1.6065933878054044,0.01683125810468628,5797.199130654711,57.97199130654711,0.0,162.6428497951881,51.53893661687239,39774.865677869115,121269.43151817273,5142.495273995998,14906.782064161865,21387.140490427133,15.441971547102279,15.44197154710229,0.0,50000,8839.884871367305,2507.8086582191436,1,0.0021684803102124035,0.0020773150534828346,0,1
90,1,4.719234547954042,4.733053558410594,0,0.3338225482769689,1.5989665844715928,0.012004167387083998,7161.113426379769,71.6111342637977,0.0,172.1239805974161,52.12566154709648,39957.50866662812,122043.13971541084,5096.7544681686595,15042.703207315206,20949.905625322535,16.545853865448866,16.54585386544887,0.0,50000,8986.566103923327,2507.8086582191436,1,0.0027345663715922426,0.002225475430005985,0,1
91,1,4.931964924875512,5.02282963092479,0,0.3145637252500429,1.5943029849427395,0.009052522115657852,6886.790069559891,68.8679006955989,0.0,176.709971198157,52.941027294301534,40151.87529314054,123066.82402988932,4978.830103559957,15401.975452334706,20771.197840438712,18.6955354427646,18.695535442764612,0.0,50000,9190.407540724591,2507.8086582191436,1,0.0026524382936268577,0.0025184949918105014,0,1
92,1,3.858510200466898,3.9196401596922845,0,0.40309822729340533,1.3466285213846843,0.14770346747804797,5059.185772277015,50.59185772277015,0.0,170.1846825371157,52.941027294301534,40129.925776445525,122776.28172920071,5173.625326847296,14824.048191484577,19569.877898448,18.45829509480822,18.458295094808243,0.0,50000,9190.407540724591,2941.207013958325,1,0.002068152207604008,0.002485052290941036,0,1
93,1,4.224686403629254,4.233395883983072,0,0.3732228318116629,1.5302082075736716,0.03151379267489144,5488.857067763976,54.88857067763976,0.0,170.81945835363533,52.941027294301534,40123.57234156769,122743.62714832979,5270.907375788306,14552.222772736579,19395.186798425555,17.317323043119337,17.317323043119305,0.0,50000,9190.407540724591,3101.652227967593,1,0.00226400792106196,0.0023281994740976084,0,1
94,1,4.996590060040312,5.003382342644561,0,0.3157863804517653,1.6547505390953992,0.04731046778189815,6433.557401386035,64.33557401386035,0.0,177.90405832273206,54.97506301832636,40659.165000409215,124890.75170627156,5040.6929475954275,15220.588047935717,18694.430981082485,17.58825587957485,17.588255879574838,0.0,50000,9698.916471730798,3101.652227967593,1,0.002753143931643115,0.0023617680201030275,0,1
95,1,5.090309397456365,5.107771120799358,0,0.3093325763102581,1.6653595853185625,0.05402505399909017,7213.424833969976,72.13424833969977,0.0,185.75588795515276,56.413054408316064,41057.85550417209,126436.34263013597,5010.553503606948,15315.171456493295,18230.771639078444,20.282741634943086,20.282741634943093,0.0,50000,10058.414319228224,3101.652227967593,1,0.003165384319117986,0.0027275120572743537,0,1
96,1,4.977269254496122,5.107771120799358,1,0.3093325763102581,1.665209676270322,0.05393017485463407,7143.8894447624425,71.43889444762442,0.0,191.4788431293003,58.068714353467094,41451.26683264309,128122.9812051682,5067.581229570961,15146.871056561567,17015.591900613854,22.98544949696111,22.98544949696111,0.0,50000,10472.329305515983,3101.652227967593,1,0.0033587497803140047,0.003092426010358369,0,1
97,1,5.10956367607631,5.080002284309677,0,0.31102348219016734,1.6300541723867235,0.03167985594096417,4271.5683524693995,42.71568352469399,0.0,179.18839649790962,58.716931357165365,41682.521568698896,129110.14143780411,4948.792085763667,15512.471125329519,16664.213977801155,21.257799481409624,21.257799481409627,0.0,50000,10634.38355644055,3101.652227967593,1,0.0020506545862455537,0.002858262895225848,0,1
98,1,6.385155965156943,6.370283995432331,0,0.24802661877129867,1.5098110174071482,0.044423406704336636,11912.170576809933,119.12170576809933,0.0,204.63602458045497,65.28038827440801,42582.00594491802,135585.9710031771,4261.797311510516,18023.60706879311,16704.213977801155,27.49217051533265,27.49217051533267,0.0,50000,12275.247785751211,3179.517989964276,1,0.005704989456021316,0.0037047979408602917,0,1
99,1,6.263439412206271,6.27382882755558,0,0.2518398323302044,1.5550453981753747,0.015794051787737587,7615.0369144372935,76.15036914437293,0.0,204.897850040662,65.28038827440801,42575.1689873609,135603.35204369834,4367.205644729741,17590.30828843047,16678.30753597341,28.208635430913564,28.208635430913592,0.0,50000,12275.247785751211,3424.8938831616565,1,0.003652666506124766,0.003802770182797212,0,1
100,1,4.597249977019912,4.588911331646867,0,0.3443082434615206,1.285055953001648,0.18667344746731138,5006.727652849135,50.06727652849135,0.0,182.0748722498338,65.28038827440801,42560.6577496472,135338.24237434624,4634.349841883161,16579.25061888124,16347.646216975834,29.138799001452057,29.13879900145202,0.0,50000,12275.247785751211,3926.534394000796,1,0.0024501277242714075,0.003935927895472496,0,1
101,1,4.635717734881515,4.582804040244746,0,0.3447670871643073,1.418469343937571,0.1022345924445753,8543.566910857318,85.43566910857318,0.0,193.12494329634342,65.28038827440801,42542.16329706675,134888.18535648845,4849.207125256519,15847.755587204862,16387.646216975834,25.429066742237698,25.429066742237715,0.0,50000,12275.247785751211,4564.695495659602,1,0.004170735344289825,0.003424509858228666,0,1
102,1,4.5381525813384,4.514889404172717,0,0.34995320118799467,1.5014920809106818,0.0496885563856445,8589.307465657903,85.89307465657903,0.0,203.39254420865169,65.28038827440801,42544.18888596516,134726.21642928486,5042.82177606049,15241.568671063644,15798.980965849169,27.16394887390606,27.16394887390605,0.0,50000,12275.247785751211,4905.815661011769,1,0.004349296949834634,0.003656720006131955,0,1
103,1,4.453677373371299,4.454651243695456,0,0.3546854542734698,1.5662552534026994,0.008699206707152296,3996.057791051166,39.96057791051166,0.0,181.14269881775425,65.28038827440801,42523.385802750236,134749.22607365134,5199.363951982331,14784.492845951449,15680.65522611431,26.11461089934922,26.11461089934925,0.0,50000,12275.247785751211,5043.920707180754,1,0.0020387198026756924,0.0035195840322667176,0,1
104,1,4.569379510499278,4.549125743797861,0,0.3473194826839253,1.638094988076402,0.03676897979519107,10781.947955958603,107.81947955958604,0.0,199.88510174766378,66.2052920170733,42761.999391554156,135662.23509165246,5249.944757575234,14644.443808894988,16117.055016064553,29.019613182229918,29.019613182229893,0.0,50000,12506.473721417537,5043.920707180754,1,0.005351820389127806,0.003913279047212711,0,1
105,1,4.678785331776374,4.741411985425909,0,0.3332340671632382,1.63529630951854,0.034997664252240455,4731.377789744916,47.313777897449164,0.0,185.8900395553698,66.84019179328338,42987.30269345507,136548.83571448663,5184.168323537445,14832.547819280528,16473.834507091644,23.986448223249667,23.98644822324965,0.0,50000,12665.198665470056,5043.920707180754,1,0.0022976449290943923,0.003229395040299297,0,1
106,1,4.5443770554445955,4.570192375873797,0,0.34571848842531766,1.6232892007723079,0.027398228336903672,7844.647669126104,78.44647669126104,0.0,188.42853367412062,66.9970847466659,43030.86421004718,136826.09154255132,5241.202886983913,14672.679477697407,16578.762191457274,28.239675894441074,28.23967589444112,0.0,50000,12704.421903815686,5055.687678684443,1,0.0037853960765144717,0.0038116204649122232,0,1
107,1,4.385791759325546,4.414370619606677,0,0.35792191824183056,1.591365951043621,0.0071936399010259725,7772.553490404737,77.72553490404738,0.0,195.98310100015897,66.9970847466659,43043.357946102915,136935.14671936826,5282.710939773626,14559.10885322379,16954.460884105676,24.148225680012803,24.148225680012814,0.0,50000,12704.421903815686,5102.34063719708,1,0.003667496616275796,0.0032501792072948867,0,1
108,1,4.107664701691119,4.046355433114351,0,0.39047484239018626,1.5625876335120563,0.011020485118951743,5129.183489300137,51.29183489300137,0.0,182.81001154786676,66.9970847466659,43026.043066668586,136934.31919461602,5409.350056940469,14219.872096417543,16946.67684543994,24.42100990793845,24.42100990793842,0.0,50000,12704.421903815686,5253.536172874906,1,0.0024213282809745973,0.003291406991254955,0,1
109,1,4.21545958009892,4.254795294601401,0,0.37134571479966305,1.6065175973842156,0.016783289483680727,4877.148930332008,48.77148930332008,0.0,176.1827937334709,67.09462772527255,43049.03412760524,137116.30567969356,5414.424317225739,14207.30584957989,16826.40454647802,20.840749358269044,20.84074935826908,0.0,50000,12728.807648467346,5260.851896270404,1,0.0023188074038563906,0.0028025441003689277,0,1
110,1,4.272490529553492,4.266581281242029,0,0.37031991091941696,1.6140625674952223,0.021558587022292523,5007.815497785108,50.078154977851085,0.0,178.5258797202212,67.70895826059099,43268.162332129294,137884.31570711426,5391.231754793376,14270.813956566733,16439.86963878058,17.86051595247022,17.86051595247022,0.0,50000,12882.390282296956,5260.851896270404,1,0.002436912509803362,0.00239234939821145,0,1
111,1,4.091699882682464,4.266581281242029,1,0.37031991091941696,1.5497767592979723,0.019128633355713767,4545.851237398781,45.458512373987816,0.0,178.0829175677634,67.90920381281155,43442.37785328424,138467.8861010617,5398.7371113276085,14253.67355170503,16436.901762705704,17.351479445901504,17.351479445901486,0.0,50000,12932.451670352097,5260.851896270404,1,0.0022125100231300435,0.0023227433122632655,0,1
112,1,4.186234250858742,4.172247451014026,0,0.37869278333814926,1.5956235135012158,0.009888299684313743,4670.12317801587,46.7012317801587,0.0,179.18805229495277,68.00260627637188,43446.73462801587,138571.49080220555,5415.9583168216095,14209.160253193153,16282.7708624267,17.298577111768534,17.298577111768548,0.0,50000,12955.802286242177,5317.4919877402845,1,0.0022945102980193185,0.0023146442769842413,0,1
113,1,4.28898580412665,4.266769667529671,0,0.3703035605657082,1.612609105854822,0.020638674591659432,9046.670426303732,90.46670426303731,0.0,197.4615232429785,68.765227089409,43637.667041613866,139317.32189588406,5379.456866303342,14307.505798968126,16250.287798833711,22.247859189840117,22.247859189840124,0.0,50000,13146.457489501456,5317.4919877402845,1,0.004453666563100755,0.002986895628083372,0,1
114,1,4.335462355102708,4.266769667529671,1,0.3703035605657082,1.6320822278556026,0.0329634353516472,5992.939087665135,59.929390876651354,0.0,195.55613247191786,69.2874468649741,43818.05486760785,139956.22461869975,5383.067217584633,14299.576870884519,15942.933724126302,24.185781098328107,24.185781098328107,0.0,50000,13277.012433392732,5317.4919877402845,1,0.003007195133024268,0.0032517906647147807,0,1
115,1,3.657722780968959,3.6765574066195708,0,0.42974985162892887,1.487845490864216,0.0583256386935342,4073.109406726741,40.731094067267406,0.0,178.14592275810566,69.2874468649741,43798.30948077331,139888.7222951353,5595.967585594508,13757.139598886544,16157.135510786135,23.464627281482223,23.464627281482205,0.0,50000,13277.012433392732,5513.722189455271,1,0.00201674828016767,0.003159203325430898,0,1
116,1,3.7807762396951192,3.820550413426142,0,0.41355297771953986,1.596993214075297,0.010755198781833454,3649.3686274983233,36.49368627498323,0.0,170.80147743700616,69.36043423752406,43815.321654747255,140016.32953936767,5702.647744499161,13500.642899248307,16560.243815640893,16.89124291059239,16.891242910592403,0.0,50000,13295.259276530223,5519.196242396519,1,0.001762954057017712,0.00226229915673655,0,1
117,1,3.789255693427025,3.7427856039135268,0,0.4221454732400174,1.6304750335340392,0.03194622375572098,5686.387396196457,56.86387396196457,0.0,179.04842167064058,70.10754974716464,43979.5910213727,140637.0763911894,5756.204652256035,13377.53157974801,16233.75867215189,16.41866401364948,16.418664013649472,0.0,50000,13482.038153940368,5519.196242396519,1,0.0028022530141223003,0.002193985117102561,0,1
118,1,3.665625526162023,3.6564233037158327,0,0.43211627012505044,1.619141169610325,0.024772892158433535,3977.959205885277,39.77959205885277,0.0,176.05274367213678,70.37681530613445,44056.25620765023,140943.908884182,5832.447062127939,13204.263613450237,16622.632423210136,16.153811939971327,16.153811939971348,0.0,50000,13549.354543682819,5519.196242396519,1,0.0019144785757667906,0.002159895215635601,0,1
119,1,3.6642133197853783,3.6735477214920484,0,0.43010193953823667,1.6122226143829839,0.02039405973606569,4541.633128099403,45.41633128099403,0.0,174.87551994695184,70.7593947135756,44203.77255570333,141412.8345677563,5821.500496659592,13230.939369474714,17032.005316130555,17.042985246543374,17.042985246543395,0.0,50000,13644.999395543107,5519.196242396519,1,0.0021332229734795324,0.0022833181877895408,0,1
120,1,3.8188649078849246,3.6735477214920484,1,0.43010193953823667,1.6634699924839467,0.05282910916705481,4861.939241052039,48.61939241052039,0.0,178.23871563068886,71.54966855127387,44462.38290267004,142129.01442823262,5792.627633095126,13298.26356497078,17409.954597662265,15.659385705479506,15.659385705479506,0.0,50000,13842.567854967672,5519.196242396519,1,0.002234096229845369,0.002093932593030564,0,1
121,1,3.7955059595021905,3.782691053837132,0,0.4176920550773663,1.616201035434956,0.02291204774364304,3872.101710683177,38.721017106831766,0.0,174.18909493915345,72.18754388741145,44670.2632888739,142863.01826755414,5727.824321845989,13451.291560828215,17678.584257246883,15.25052352957053,15.250523529570554,0.0,50000,14002.036689002069,5519.196242396519,1,0.001752222532908271,0.0020398472454110574,0,1
122,1,3.6975863617929114,3.659549885670508,0,0.4317470862159077,1.625511902347768,0.02880500148592906,5249.133742717051,52.491337427170514,0.0,178.6237544123171,72.29252656226579,44694.74812207599,143001.88460992769,5820.167847182801,13239.259106012098,18132.888072743666,15.694834959052294,15.694834959052312,0.0,50000,14028.282357715654,5527.069943010594,1,0.0023158511635473023,0.002100723308766981,0,1
123,1,3.662946503327942,3.659549885670508,1,0.4317470862159077,1.6109429087056253,0.01958411943394001,5547.044052081866,55.470440520818656,0.0,183.48743860861308,72.62467246016512,44780.16223997432,143351.86805207105,5821.644970009068,13237.200382008146,18579.047597223132,16.071510425575042,16.071510425575028,0.0,50000,14111.318832190484,5527.069943010594,1,0.002388515998165994,0.002152196564873856,0,1
124,1,3.7078204610169583,3.6551372143484415,0,0.43226831370314184,1.6415065540881915,0.038928198789994546,5203.445520056772,52.03445520056772,0.0,183.21375155062145,73.2569418550516,44945.60406780863,143919.80380850265,5841.355767915073,13194.4026555445,18937.72685931112,17.149194303899574,17.149194303899602,0.0,50000,14269.386180912104,5527.069943010594,1,0.002198128870994205,0.0023008320109025007,0,1
125,1,3.7273661034937295,3.7895255195224897,0,0.4169387412382679,1.5891558112160828,0.005794817225368846,3421.2686487697315,34.21268648769732,0.0,173.01130077309335,73.53380639385155,45092.570083888095,144415.4319986937,5732.746097085776,13446.160113061444,19121.970503460507,14.974020730451425,14.974020730451404,0.0,50000,14338.602315612094,5527.069943010594,1,0.001431345644278903,0.002005996837813034,0,1
126,1,3.836164411766928,3.9171947282173214,0,0.4033498739847031,1.5607189742984728,0.012203180823751412,4191.207452002942,41.91207452002942,0.0,172.95667527284235,73.7747124215568,45272.72857869817,144967.145220647,5600.383444413165,13765.44529508479,19529.935544397813,13.332594190591099,13.332594190591113,0.0,50000,14398.828822538406,5527.069943010594,1,0.0017168341154941273,0.0017821028769224115,0,1
127,1,3.8525702265231248,3.8552143560429464,0,0.40983453942668374,1.5990667740948707,0.012067578541057389,6445.960886500889,64.45960886500889,0.0,183.7679282826098,73.90363163928681,45338.32359634866,145210.2804872303,5657.06526626211,13629.350298167405,19869.04220494624,14.313578978502953,14.313578978502944,0.0,50000,14431.058626970911,5536.738884340346,1,0.0025953786075893354,0.0019145194557874552,0,1
128,1,3.771504988272328,3.776060790566777,0,0.4184254670759276,1.5813762142932235,0.0008710217045717925,2404.3918428249913,24.043918428249913,0.0,167.9826538100148,73.90363163928681,45316.66481437843,145218.37512143273,5685.987224369102,13560.801652467784,20095.977255546204,13.12725285629225,13.127252856292271,0.0,50000,14431.058626970911,5615.326434955911,1,0.0009571634411206008,0.0017564587214013543,0,1
129,1,3.894913428795393,3.9659397303488064,0,0.39839233761150433,1.5842973164448975,0.0027198205347451847,2845.7904875266363,28.457904875266365,0.0,159.83943307703885,74.04598715741236,45445.234520629594,145607.2164868335,5600.572874445909,13768.72022138862,20179.891331862167,11.678836322398265,11.67883632239826,0.0,50000,14466.647506502295,5615.326434955911,1,0.0011281688055607708,0.0015602369514235688,0,1
130,1,4.021084944585115,4.030936385128148,0,0.39196847805122836,1.6065904865047527,0.01682942183845101,5644.0051275391625,56.440051275391625,0.0,172.00508623545565,74.38856997734916,45555.499568428335,145992.72282563898,5550.980221467771,13893.374312700296,19731.10404745276,10.960859561633994,10.960859561633987,0.0,50000,14552.293211486498,5615.326434955911,1,0.0022883687051532386,0.0014579003172782033,0,1
131,1,4.030598305504962,4.02024118219369,0,0.3930112469366465,1.5993619267475645,0.01225438401744584,5108.02844692626,51.0802844692626,0.0,177.3839411508461,75.36450974719433,45821.68804621381,147015.4259815793,5532.6714183687545,13943.045455097017,19020.972250563344,13.881681200224309,13.881681200224316,0.0,50000,14796.27815394779,5615.326434955911,1,0.0021483774350283175,0.0018549716485807756,0,1
132,1,4.108848164253549,4.127454297350593,0,0.3828025427232955,1.6151525937151763,0.022248477034921648,7142.705231349659,71.42705231349659,0.0,186.04817989374777,76.10734104472233,46056.46890591099,147813.51903657755,5507.232256328519,14010.05777075436,19407.133277055014,18.31060893436236,18.310608934362367,0.0,50000,14981.985978329787,5615.326434955911,1,0.0029443628296382976,0.002460369656606618,0,1
133,1,4.224267526170079,4.212250618956089,0,0.3750963897754895,1.6122191833738593,0.020391888211303295,4120.515092063268,41.205150920632676,0.0,175.54736654951824,76.50548178747579,46261.60390779262,148471.62691792537,5426.918468099232,14219.37890851173,19790.88316784546,16.769106106750744,16.769106106750726,0.0,50000,15081.521164018151,5615.326434955911,1,0.0016656215115282696,0.0022527872587316286,0,1
134,1,4.0484219893066165,4.025017083675989,0,0.39254491773659983,1.576226875121418,0.002388053720621625,3146.022825596367,31.46022825596367,0.0,162.68711621405615,76.50548178747579,46249.25921073853,148503.11488749745,5481.416495945337,14078.612301940182,19735.282823512945,14.621717474426955,14.621717474426932,0.0,50000,15081.521164018151,5685.984675100316,1,0.0012752886710488457,0.001961757670738471,0,1
135,1,4.113712264089374,4.14503369038667,0,0.38117904895788907,1.5912094177586231,0.00709456820166016,3757.830627917027,37.57830627917027,0.0,163.99510395722896,76.73456737360665,46357.89239629005,148905.51487962357,5463.86754716285,14125.594461214618,20187.48571031979,11.076378915599733,11.07637891559972,0.0,50000,15138.792560550868,5685.984675100316,1,0.0014891723246133752,0.0014766941690634971,0,1
136,1,4.274256858037881,4.14503369038667,1,0.38117904895788907,1.651051636499392,0.0449693901894885,4127.936363390605,41.27936363390605,0.0,167.43735897169185,77.19711604974141,46499.80762524425,149377.07861454962,5460.356760097872,14135.819142922628,20497.544243612738,10.945342132679118,10.94534213267912,0.0,50000,15254.429729584557,5685.984675100316,1,0.0016110949933631844,0.0014585186630084682,0,1
137,1,4.209898350111861,4.200730340081544,0,0.37612507161536324,1.6092690320011196,0.01852470379817691,3297.2617263116795,32.972617263116796,0.0,164.8626013252781,77.55458957931425,46676.62739705901,149952.81439003572,5432.201384765033,14210.80949949068,20285.367954405752,11.004812323721092,11.004812323721094,0.0,50000,15343.798111977769,5685.984675100316,1,0.001300350768582653,0.0014668726955197374,0,1
138,1,4.199400250698113,4.1896555592307685,0,0.3771193067456104,1.6110681740988997,0.019663401328417478,4512.308851604617,45.123088516046174,0.0,168.9472523409151,77.64483575634634,46697.66888936943,150089.2974813181,5442.118447763573,14185.391991030818,20796.429777818692,11.604822131873522,11.604822131873513,0.0,50000,15366.359656235792,5692.753138377723,1,0.0017358013466012945,0.0015490823695157106,0,1
139,1,4.236502180504714,4.228004675761469,0,0.37369873525871633,1.619171310312079,0.024791968551948727,5127.383015101475,51.27383015101476,0.0,174.89991074104034,77.98619332366275,46787.87732439892,150471.7023055407,5432.1196667445765,14212.941315326527,20592.061019721496,12.545147112752495,12.545147112752506,0.0,50000,15451.699048064895,5692.753138377723,1,0.0019919843905632805,0.0016760455019157426,0,1
140,1,3.813189689658891,3.775076802984673,0,0.4185345312049841,1.5347385354456753,0.028646496553370114,8622.570454788445,86.22570454788445,0.0,191.03779264665263,77.98619332366275,46763.21396556681,150246.748015023,5574.938037027485,13851.412310506134,20424.987194653513,17.63034279148406,17.630342791484075,0.0,50000,15451.699048064895,6040.842894152892,1,0.003377263494998129,0.002368349744054235,0,1
141,1,3.8651268183285588,3.9468213600976747,0,0.4003221468227026,1.585385139374029,0.0034083160595119984,6438.512655588085,64.38512655588086,0.0,191.11925764510016,78.30169202522777,46956.4401287561,150834.53398879713,5628.399339342795,13721.887944115639,20396.84571787686,19.552066624572465,19.552066624572443,0.0,50000,15530.57372345615,6040.842894152892,1,0.0025252973894664657,0.002631515091675958,0,1
142,1,3.848401619610313,3.787035816729994,0,0.41721284837603906,1.6240872160709172,0.027903301310707052,5621.439342322566,56.21439342322566,0.0,182.55076901293347,78.41412081207422,46939.60082321924,150905.92153466737,5709.256284277579,13528.529080069296,20528.666641342486,20.018101724895438,20.018101724895427,0.0,50000,15558.680920167762,6167.909792519463,1,0.002190669054365802,0.0026977433129434657,0,1
143,1,3.8937801203307587,3.8350882239737527,0,0.4119853071757688,1.646045634021761,0.041801034190987976,4493.620885794417,44.936208857944166,0.0,175.48246283541235,79.06996121141158,47226.943506457195,151682.38849531588,5714.527511877322,13517.920258665772,20583.547719912687,16.0364876742542,16.0364876742542,0.0,50000,15722.641020002104,6167.909792519463,1,0.0017464903317700679,0.002154152258534112,0,1
144,1,3.661694535621384,3.594356219998727,0,0.4395780226815025,1.5858499004693247,0.0037024686514712996,2978.1205989762566,29.781205989762565,0.0,164.8312473831743,79.06996121141158,47194.80307588167,151656.71475479225,5784.233672736267,13355.675607097148,20678.914924925455,12.674897926435651,12.67489792643566,0.0,50000,15722.641020002104,6276.89541578179,1,0.001152138053582903,0.0016964324799062576,0,1
145,1,3.475649735418182,3.4889036077767974,0,0.4528643314989173,1.5803630376826787,0.00022977068523964957,7181.207565227226,71.81207565227226,0.0,178.67851481753638,79.06996121141158,47188.53173744708,151644.04454085106,5926.961413592782,13035.006120615062,21075.37320965257,13.995836720676605,13.995836720676596,0.0,50000,15722.641020002104,6378.658129756904,1,0.0027259142673452504,0.0018748475508994073,0,1
146,2,3.608076947595878,3.6086913140631043,0,0.43783185163073524,2.2692713681422445,0.4362477013558509,3315.1051238093005,33.151051238093004,0.0,177.01038479478433,126.12792166503444,45015.37470455448,152203.54995588842,8261.947645569746,13136.261824264853,21145.379084171498,12.794061594655878,12.794061594655858,0.0,50000,15835.194732777556,6378.658129756904,1,0.0012542144969312345,0.0017107556059531293,0,1
147,2,3.4725607967855634,3.504502762122457,0,0.4508485532033347,2.0237517832890233,0.2808555590436856,3888.255948070078,38.88255948070078,0.0,171.09813874190337,128.4608752338765,45800.6165361244,153936.33553735842,7953.566863601431,13647.545471346264,20877.942518887987,13.609526889670303,13.60952688967032,0.0,50000,16418.433124988067,6378.658129756904,1,0.0014899000491269392,0.0018233429378011416,0,1
148,2,3.4566861981034314,3.4905254778842267,0,0.4526539084188874,1.9711963210119547,0.24759260823541435,3459.7092092798184,34.597092092798185,0.0,171.2818923827399,130.5367007594444,46447.967774210825,155373.00241104583,7868.137732241879,13797.55167656504,20917.942518887987,10.195893882964244,10.195893882964246,0.0,50000,16937.38950638004,6378.658129756904,1,0.00132315468642515,0.0013557564108277749,0,1
149,2,3.615331683579371,3.584692366653743,0,0.44076306650406005,1.998013389208696,0.26456543620803535,4991.293811615463,49.91293811615463,0.0,177.43717897781426,133.53147704641367,47239.90981578813,157327.96448194486,7746.445653479025,14016.90827369283,20957.942518887987,11.79025655809949,11.790256558099497,0.0,50000,17686.08357812236,6378.658129756904,1,0.0019052609986374932,0.0015727719113965276,0,1
150,2,3.568923976531397,3.591450536117154,0,0.4399336658296831,1.8090527738433149,0.14497011002741442,4905.6180793351505,49.05618079335151,0.0,181.49027851089755,136.1923460357421,47980.13446458228,159321.65741358657,7419.678094908622,14637.642104164332,20997.942518887987,12.719165470270203,12.719165470270191,0.0,50000,18351.300825454466,6378.658129756904,1,0.0018689900022052042,0.0016991352290892825,0,1
151,2,3.6780216316005006,3.677929563593672,0,0.42958952113704874,1.718463685878588,0.08763524422695439,4960.269727281469,49.602697272814694,0.0,183.34490634521845,138.13239423785356,48485.19731625556,160900.31445704398,7124.299674347825,15248.112908978286,20793.868904405725,14.149513192245054,14.14951319224505,0.0,50000,18836.31287598233,6378.658129756904,1,0.0019083585647615608,0.0018942031885347526,0,1
152,2,3.5318775178980895,3.5585704743323863,0,0.4439985132784028,1.5954793930083524,0.009797084182501472,6977.986736930212,69.77986736930212,0.0,192.77158385596488,138.90258839162303,48743.53408019302,161697.72984394114,7005.74077508366,15508.453727556467,20955.666965978544,16.0094798090414,16.009479809041384,0.0,50000,19028.861414424697,6378.658129756904,1,0.0026639044219433153,0.0021470843296366934,0,1
153,2,3.5015130168585804,3.535904909162629,0,0.4468445958220564,1.593619904933212,0.008620192995703777,3704.639031212625,37.04639031212625,0.0,181.42598552465716,138.97668117224728,48791.49143684867,161895.64954016203,7032.1574338588425,15451.106449556752,20984.93016883936,14.878009752326282,14.878009752326275,0.0,50000,19047.38460958076,6384.215088303723,1,0.0014123045447970712,0.0019948558438339825,0,1
154,2,3.6699882490623663,3.702626345922693,0,0.4267241283312007,1.6185173471960383,0.024378067845593845,6407.431631932436,64.07431631932437,0.0,187.67199458793294,140.09300699090429,49137.0620569286,162973.04239122046,6922.976687595296,15697.850341872216,20739.367153167404,16.263296786016095,16.263296786016095,0.0,50000,19326.46606424501,6384.215088303723,1,0.0024716016008054,0.0021826035225152624,0,1
155,2,3.6743624806346427,3.628697363467722,0,0.43541795904690483,1.6053632386526582,0.016052682691555763,4039.4262208163755,40.39426220816375,0.0,183.7598985846513,140.59198283985464,49435.43467884941,163738.75196406915,6891.20197440108,15772.613556584118,20489.90585129397,13.615884270905248,13.615884270905257,0.0,50000,19451.210026482597,6384.215088303723,1,0.0015771380308460634,0.0018203480588161781,0,1
156,2,3.6933691059425975,3.7072511350466617,0,0.4261917907485146,1.5915767672705994,0.007327067892784372,4624.234488299018,46.24234488299018,0.0,182.6774535722144,140.93278391807942,49602.21615308387,164271.14272697823,6844.336464488181,15882.778241333277,20100.170855372337,14.662148853755069,14.662148853755067,0.0,50000,19536.410296038794,6384.215088303723,1,0.0018404756940911522,0.0019630717752475387,0,1
157,2,3.632987745684738,3.6764034619473445,0,0.4297678468519051,1.5851244846615555,0.003243344722503457,4767.633757138623,47.67633757138623,0.0,185.80100598065212,141.0281365932222,49683.375560792905,164541.72662811124,6887.3180917618965,15785.222214485057,20425.81433318559,13.191968347257218,13.191968347257227,0.0,50000,19560.248464824486,6391.366538939431,1,0.001867297402931036,0.0017616370426227505,0,1
158,2,3.5661608847684456,3.53389135909222,0,0.4470992001310045,1.5604089733547395,0.012399383952696567,6369.442358393441,63.694423583934416,0.0,194.49848880915025,141.0281365932222,49654.92657455632,164456.45257726088,6897.487461157949,15763.527643832862,19287.1790449702,15.819043076188475,15.819043076188485,0.0,50000,19560.248464824486,6572.389768635357,1,0.002641938395881484,0.002116570497634557,0,1
159,2,3.706295703279837,3.603002960071767,0,0.43852309240637666,1.6565101673783809,0.04842415656859543,6561.291123475324,65.61291123475324,0.0,200.4559588301532,142.03441213325425,49898.70970858732,165248.51902725224,6971.685824256524,15598.533425214237,19655.1816356678,17.843084906742234,17.84308490674226,0.0,50000,19811.817349832494,6572.389768635357,1,0.002670559344643736,0.0023932650478187523,0,1
160,2,3.792106665982841,3.7923547190761604,0,0.4166276936206266,1.661249303357963,0.05142360972022967,3336.620970143424,33.366209701434244,0.0,183.3224775116193,142.58812399179683,50171.69792906015,165983.95591180195,6902.544850902708,15756.326451691828,20095.904432860767,16.492190263401117,16.492190263401138,0.0,50000,19950.24531446814,6572.389768635357,1,0.0013282789958683884,0.002213592245464536,0,1
161,2,3.980793559972604,4.0143463272225635,0,0.39358836313785783,1.6304612575767594,0.03193750479541731,5225.335250220322,52.25335250220323,0.0,185.6405871594614,143.59626370138128,50527.14202889048,167109.70149203576,6674.71297142231,16296.403418253338,20430.936137272154,15.04087225450959,15.040872254509576,0.0,50000,20202.28024186425,6572.389768635357,1,0.002046048292691883,0.0020149622110680024,0,1
162,2,4.067862239521233,4.034162250662821,0,0.39165504554022407,1.6175134036137178,0.023742660515011196,4787.4264819976925,47.87426481997693,0.0,188.7446765421769,144.4947139218454,50904.852604536434,168247.9874932772,6577.299887412171,16541.161136739975,20811.978949243163,13.019844302863513,13.01984430286352,0.0,50000,20426.89279698028,6572.389768635357,1,0.0018402580527967678,0.0017381951137856796,0,1
163,2,4.169062564674665,4.106293497711896,0,0.3847752239045762,1.6328213838359191,0.03343125559235383,5680.752777657365,56.80752777657365,0.0,192.65587814921668,145.0942707946711,51103.206814300924,168915.0043453945,6528.024362145838,16667.923545666465,21270.619248391664,14.986243236502098,14.98624323650208,0.0,50000,20576.7820151867,6572.389768635357,1,0.00213656319501348,0.002007623180167377,0,1
164,2,4.029684296964119,4.044259198651787,0,0.39067723466555165,1.5880034116584436,0.005065450416736416,4503.448314665521,45.03448314665521,0.0,191.3619042665969,145.41052633264107,51298.94722035281,169519.4656845053,6548.68917655835,16617.81690564276,20058.395424192342,14.395745680703621,14.395745680703628,0.0,50000,20655.845899679196,6572.389768635357,1,0.001796135022538815,0.0019243187567830212,0,1
165,2,3.864381688389514,3.8794255220844027,0,0.4072767967848681,1.580439873069822,0.0002784006771024367,5471.497533006803,54.71497533006803,0.0,194.72860912957069,145.5199562833012,51324.07403361306,169679.88629136633,6671.624687926258,16312.992803548834,20718.018709549564,15.05365246022811,15.053652460228106,0.0,50000,20683.20338734423,6580.597014934867,1,0.002112749335624385,0.0020151491843922267,0,1
166,2,3.9634153333004227,3.9642340407057737,0,0.3985637537481779,1.5979982973217366,0.011391327418820584,3203.5373054991546,32.035373054991545,0.0,184.8647740947579,145.74916269282778,51490.77962283448,170181.90680494256,6624.515863770985,16430.372794618543,21159.094182771863,12.777814999561658,12.777814999561663,0.0,50000,20740.50498972587,6580.597014934867,1,0.0012112190731142114,0.0017067011437591373,0,1
167,2,4.04728554441464,4.036755327565887,0,0.3914034594097434,1.6113645919953878,0.019851007592017574,6521.073345487273,65.21073345487274,0.0,194.02628341334605,146.2277700086658,51620.05674301044,170700.7634028396,6583.260138097461,16535.260687991613,21663.993691320462,14.274879604069582,14.274879604069572,0.0,50000,20860.156818685373,6580.597014934867,1,0.0024080780075558827,0.0019106821387648264,0,1
168,2,3.6624643781145463,3.6233007168125497,0,0.43606648288081934,1.5571248787582723,0.014477924836536548,6227.701062312274,62.27701062312274,0.0,200.69514517357732,146.2277700086658,51592.58433179684,170619.92882369412,6803.420680034988,16002.111474724012,21802.868646484145,14.70333415874518,14.703334158745191,0.0,50000,20860.156818685373,6765.038120124765,1,0.002285094191333958,0.0019681304240013503,0,1
169,2,3.501992330011019,3.6233007168125497,1,0.43606648288081934,1.5389981210044328,0.025950556326308407,6333.614468305182,63.33614468305182,0.0,202.8794912000488,146.2277700086658,51574.33201776434,170549.07007038454,6917.353124410184,15740.446498954789,21569.054264353592,17.4796348189499,17.479634818949915,0.0,50000,20860.156818685373,6953.958612518389,1,0.0023491486981967575,0.0023474402990288656,0,1
170,2,3.8114930854508806,3.805626956746402,0,0.41517469209615115,1.662666255977005,0.05232041517531951,4204.796932309371,42.04796932309371,0.0,192.62292313449458,146.9512348250663,51802.786818796165,171294.45117996738,6892.2381225144,15799.754071395499,21854.469992473747,15.34374864114374,15.343748641143728,0.0,50000,21041.023022785503,6953.958612518389,1,0.0015391988673282568,0.0020578139189529904,0,1
171,2,3.75327807715385,3.767993538863221,0,0.41932131350646523,1.6382435416524,0.0368630010458227,7114.238743778074,71.14238743778074,0.0,201.13029860412541,148.06474848692193,52194.91000131427,172365.40369136096,6894.836778330861,15796.33251571463,22151.784870732048,16.044942346743003,16.044942346742996,0.0,50000,21319.40143824941,6953.958612518389,1,0.0025692697126822434,0.002152539092735753,0,1
172,2,3.722997504840705,3.769719146494408,0,0.4191293670960333,1.5752648743930258,0.0029969149411229815,5323.95224284997,53.239522428499704,0.0,200.19743744236712,148.80561668548478,52569.366348278105,173440.11479527998,6789.211713207212,16045.694079127525,22614.475881918264,14.903282010542538,14.90328201054255,0.0,50000,21504.618487890122,6953.958612518389,1,0.001883378512294177,0.001997282364101559,0,1
173,2,3.8256912133677288,3.769719146494408,1,0.4191293670960333,1.6288608294188642,0.030924575581559595,4911.832388916364,49.11832388916364,0.0,194.5891781837883,149.42380491246607,52751.53203802203,174105.19390752085,6811.000665998976,15996.937817855454,22400.611779240404,15.420344467376138,15.420344467376134,0.0,50000,21659.165544635445,6953.958612518389,1,0.0017541779438250405,0.0020689420562671535,0,1
174,2,4.028508570243668,4.042356117206727,0,0.390861159726764,1.6115566514659692,0.019972564218967776,4698.44940430614,46.9844940430614,0.0,194.5709297579337,150.38739767023304,53061.98256516867,175240.2856614212,6602.682726764626,16505.137394441022,21806.818606537832,13.371303331213282,13.371303331213275,0.0,50000,21900.063734077186,6953.958612518389,1,0.0017236624889051953,0.0017870729816748044,0,1
175,2,4.337599718762179,4.313754403496992,0,0.36627027229903397,1.6323880936561037,0.03315702130133141,5412.075204959085,54.12075204959085,0.0,198.9218823857042,151.29649765776026,53477.30632416523,176430.48903884352,6404.494704541727,17018.094249275084,21682.84459884928,13.656515279182601,13.656515279182601,0.0,50000,22127.33873095899,6953.958612518389,1,0.0019968137225855713,0.0018248847184386024,0,1
176,2,4.2029663293645285,4.177357307147548,0,0.3782295561111294,1.5917397272000122,0.0074302070886152856,6541.436467781486,65.41436467781486,0.0,206.26151213558842,151.4273263871159,53480.093306305054,176543.09098495488,6424.953928404297,16965.000349839484,21848.153912176796,15.22615211402888,15.226152114028881,0.0,50000,22160.045913297898,7044.276806131469,1,0.002395236318482981,0.0020385708433245824,0,1
177,2,4.07860721298554,4.184025346105804,0,0.3776267754856105,1.581772458517563,0.001121809188330958,7849.288205122751,78.49288205122751,0.0,214.93457723418908,151.4273263871159,53492.805915750956,176635.66189373142,6502.012576882125,16765.467910503314,22470.99032008851,17.83629859585711,17.83629859585713,0.0,50000,22160.045913297898,7093.991349652102,1,0.002794460980424412,0.002395503673830988,0,1
178,2,4.174683123784258,4.095013594322178,0,0.38583510496539086,1.6469426488192922,0.042368765075501344,3934.050087494497,39.34050087494497,0.0,197.1472062551286,151.81771415608625,53665.592518289595,177189.19559275845,6558.12157739325,16623.57793241713,22921.27239467516,16.283327303769084,16.283327303769102,0.0,50000,22257.642855540485,7093.991349652102,1,0.001373065166629551,0.0021875874885123148,0,1
179,2,4.223572711798641,4.30614119465063,0,0.3669178339908546,1.6078156039270426,0.017604812612052226,6396.397058536442,63.96397058536442,0.0,201.05250910306682,152.57096148757142,53910.936381812346,178106.42968898828,6442.649135765794,16924.202635582988,22987.654280031285,15.876882892717873,15.876882892717889,0.0,50000,22445.954688411777,7093.991349652102,1,0.00222602862584124,0.002131184924298401,0,1
180,2,4.356258951242497,4.3458455259369835,0,0.36356561469343646,1.6045482459818798,0.015536864545493523,3950.5349222760915,39.50534922276091,0.0,195.55144205952436,153.06450346269085,54129.58415753106,178903.41587936526,6337.713032691347,17206.537228285808,22948.03925220753,12.42004129430158,12.420041294301589,0.0,50000,22569.340182191634,7093.991349652102,1,0.0013772104462113684,0.00165876807956072,0,1
181,2,4.367163487835582,4.309644049430342,0,0.3666196052105157,1.640833016412974,0.03850190912213545,10232.905451232456,102.32905451232456,0.0,216.10713566241625,153.85267220307117,54285.98345561954,179564.2653429414,6401.229093315879,17037.208353299036,23179.21812609184,17.70211191213255,17.70211191213257,0.0,50000,22766.382367286715,7093.991349652102,1,0.003531751725383254,0.002378330265811954,0,1
182,2,4.705867638969983,4.692543298863761,0,0.3367044051319839,1.7376682218855113,0.09979001385158938,5844.761623899175,58.44761623899175,0.0,211.6724509129789,155.8746297225837,54739.916894080314,181411.26946372184,6346.674238006803,17187.751111263915,22876.921026049054,17.256348618388614,17.256348618388596,0.0,50000,23271.87174716485,7093.991349652102,1,0.0020438979938756526,0.0023176200551567583,0,1
183,2,4.796447168022494,4.692543298863761,1,0.3367044051319839,1.7049037075148212,0.07905297943976022,5377.234578178082,53.77234578178082,0.0,200.22627212185978,158.0051543262392,55174.03493257684,183475.43728340723,6227.875949537511,17521.035252188816,22459.216732339406,18.55356736881129,18.553567368811287,0.0,50000,23804.502898078725,7093.991349652102,1,0.0019153774211316326,0.002497009046796846,0,1
184,2,5.020788473558664,5.065018093914801,0,0.31194360428805556,1.6567761584675758,0.048592505359225116,9053.167817367594,90.53167817367594,0.0,215.40055744588935,160.12969289664392,55948.4117365999,185970.16027807933,6001.292084170344,18186.65603597953,22362.901258419217,17.866492506145615,17.866492506145608,0.0,50000,24335.637540679905,7093.991349652102,1,0.003238638032785391,0.002399304482597559,0,1
185,2,5.036799011073891,5.051435961193191,0,0.31278234785872466,1.6197591863544942,0.02516404199651529,6200.851972650584,62.00851972650584,0.0,211.85214659405628,160.94457318978158,56236.37559873218,187149.28870981158,5924.891426085511,18424.027180727142,22483.950302735582,18.254069060400955,18.254069060400948,0.0,50000,24539.35761396432,7093.991349652102,1,0.0022063211808099887,0.002453445544909004,0,1
186,2,4.806034064873592,4.765680004771229,0,0.33153715700973635,1.6287520879906692,0.030855751892828544,5823.336411562027,58.23336411562027,0.0,203.47090013476313,161.06103991801282,56273.94149366254,187395.89733692605,6082.579681148829,17948.148994223542,22742.25838993028,18.560554755278336,18.560554755278353,0.0,50000,24568.47429602213,7102.726354269445,1,0.002048463723071745,0.0024978076455557086,0,1
187,2,4.715981202735222,4.778216399762473,0,0.3306673176372971,1.587467413658882,0.004726211176507549,6945.210383355527,69.45210383355527,0.0,208.81868872217288,161.56651641711883,56504.43573197576,188273.2222142202,6062.607179705233,18010.537572647896,23184.085401153337,16.513655494390257,16.513655494390246,0.0,50000,24694.843420798636,7102.726354269445,1,0.002396544099344984,0.0022171096677422396,0,1
188,2,4.551181098439483,4.607583792703515,0,0.34291291728694306,1.57411147153175,0.003726916752057066,6862.186637637758,68.62186637637758,0.0,212.43432614863107,161.56651641711883,56490.03658818903,188277.6492971457,6145.574669840416,17768.514989100007,23776.902798774066,16.760515540130676,16.760515540130687,0.0,50000,24694.843420798636,7257.0702909243955,1,0.0023088580361245612,0.0022512886195137634,0,1
189,2,3.8478386353343463,3.8755363394549165,0,0.4076855076585923,1.4089184414803944,0.10827946741747196,4059.7076194862184,40.59707619486218,0.0,199.06996657524678,161.56651641711883,56455.2565200039,188096.7017108757,6323.620070474455,17270.176119478314,22935.55285068468,15.212312350078177,15.212312350078191,0.0,50000,24694.843420798636,7569.360851472597,1,0.0014160400303984918,0.0020404807219560127,0,1
190,2,3.778726301275454,3.7411129969092625,0,0.4223342094465803,1.4246357055690209,0.09833183191834127,3982.9331653104464,39.82933165310447,0.0,193.0422115592491,161.56651641711883,56420.86051672326,187916.91536809824,6416.997899009745,17020.546825711077,22757.313738435663,12.780546785041562,12.780546785041555,0.0,50000,24694.843420798636,7855.274909109719,1,0.001400141760521946,0.0017083466090149996,0,1
191,2,3.665959478982814,3.6720489882052223,0,0.4302774840627201,1.418902634604995,0.10196035784493984,3604.382685263684,36.04382685263684,0.0,192.3087305346582,161.56651641711883,56395.556944947784,187762.22392200417,6502.074577220609,16799.13853712084,22141.494637666576,10.33867897378975,10.33867897378975,0.0,50000,24694.843420798636,8091.166223526058,1,0.0013023087173643626,0.0013728301694282668,0,1
192,2,4.071557204298189,4.175524345371811,0,0.3783955904247777,1.5485459663698597,0.019907616221607798,4554.580638861152,45.54580638861152,0.0,196.29634071533954,161.65760802989607,56505.29822128352,188118.2904300461,6445.748035892582,16947.660852555597,22721.19363709451,10.793492994084191,10.793492994084179,0.0,50000,24717.61632399294,8097.99809448435,1,0.00160364132680965,0.001435363934898653,0,1
193,2,4.14216255445506,4.131477779993642,0,0.38242974648224576,1.5712719383964027,0.005524089622530002,6600.45939604393,66.0045939604393,0.0,207.46301021001085,161.65760802989607,56489.633136738674,188085.80117163638,6437.583861178744,16970.65807599983,21776.424864606714,13.319247981505091,13.31924798150508,0.0,50000,24717.61632399294,8235.458586714332,1,0.002424809191437728,0.0017769197452039136,0,1
194,2,4.132544362865674,4.147001956934363,0,0.38099813224298595,1.5848009128903888,0.0030385524622713626,5255.891855196999,52.558918551969995,0.0,208.04381253599914,161.762725867,56491.4108130672,188205.02506884307,6472.907924707221,16878.82619073648,21617.327990367303,14.886831158652056,14.88683115865205,0.0,50000,24743.895783268927,8297.183276621374,1,0.0019450662385430905,0.0019911722522634894,0,1
195,2,4.019136763599933,4.005909671477213,0,0.3944172808612935,1.5830788095222104,0.0019486136216520825,5560.874117443529,55.608741174435295,0.0,207.9855536470361,161.87394334934888,56506.710880019054,188353.63328228038,6560.252200418539,16655.235758696817,21585.903646375624,15.999974897168622,15.99997489716864,0.0,50000,24771.700153856145,8336.206072456873,1,0.002060927986538929,0.002143601138839916,0,1
196,2,4.261894648965183,4.248169134353958,0,0.3719249281350186,1.6147846957962486,0.022015630250790216,4388.945183786225,43.889451837862254,0.0,203.14759345362955,162.27675987565797,56677.597994399664,188960.8188408701,6434.469997453286,16982.470370485462,22008.948577825224,13.966795059844467,13.966795059844475,0.0,50000,24872.40428543342,8336.206072456873,1,0.0015953311602384277,0.0018671084617734824,0,1
197,2,4.076080046905413,4.072967086104405,0,0.3879235865643082,1.5889906398438656,0.005690278382193354,6851.928981844548,68.51928981844547,0.0,211.672301915536,162.41379845529485,56689.10395979862,189105.16218884834,6526.99921738222,16743.06355810446,22164.331693187443,15.263444125635681,15.263444125635667,0.0,50000,24906.663930342642,8395.066326273072,1,0.002473137138242917,0.0020431320950067577,0,1
198,2,4.259115735003369,4.072967086104405,1,0.3879235865643082,1.6767059229486507,0.06120628034724725,2458.9136940766934,24.589136940766934,0.0,194.3056185249937,162.76552899084632,56790.371490483165,189519.89746541134,6559.367960690154,16661.90052213943,22597.57399875737,12.33201512538782,12.332015125387825,0.0,50000,24994.596564230513,8395.066326273072,1,0.0008705053716693335,0.0016463245567168926,0,1
199,2,4.246508434761059,4.280680225846421,0,0.36910021693750455,1.5874399113183628,0.004708804631875156,4879.828951734376,48.798289517343754,0.0,195.94245669387925,163.30604316141043,57008.732812908725,190339.7490009351,6392.350455137159,17099.96701742536,23188.875283116617,12.541149667089979,12.541149667089982,0.0,50000,25129.72510687154,8395.066326273072,1,0.0016835069030837514,0.0016757164709986672,0,1
200,2,4.372799277518658,4.40746700252129,0,0.3584825477073706,1.5957369334044673,0.009960084433207117,5404.3761330230245,54.04376133023025,0.0,203.43934814347915,163.98683729848926,57294.39149889278,191302.6455080893,6316.342556642802,17308.678886889687,23303.267619289272,11.048022072292737,11.048022072292747,0.0,50000,25299.92364114125,8395.066326273072,1,0.001855319595969298,0.0014697772902407943,0,1
201,2,4.483490112782173,4.500323317024961,0,0.351085886212392,1.5875855633965115,0.004800989491462909,4639.256661849947,46.392566618499465,0.0,202.49983331239065,164.3035903065049,57467.02948193696,191937.02094172133,6222.33027677111,17572.44265605655,22866.097405503446,12.883937743500391,12.883937743500399,0.0,50000,25379.11189314516,8395.066326273072,1,0.0016231039620196366,0.0017206434870242285,0,1
202,2,4.29409374773447,4.238256422379495,0,0.3727948105397872,1.582976032102502,0.0018835646218366188,3853.8877457083026,38.538877457083025,0.0,198.16874396465903,164.3035903065049,57421.02614395264,191858.64711502095,6349.067730010047,17222.93420145318,22242.806445355196,12.1622363307298,12.162236330729801,0.0,50000,25379.11189314516,8574.338369614898,1,0.0013861156433389121,0.001621513067109282,0,1
203,2,4.452845048681435,4.418179388852821,0,0.3576133653573189,1.6287103426187013,0.030829330771329884,7608.693875012757,76.08693875012757,0.0,212.0328697555165,164.9295968867667,57649.986255807,192583.21365695354,6324.646085492678,17291.392010913063,22733.671962025328,14.178128756243073,14.178128756243078,0.0,50000,25535.613538210608,8574.338369614898,1,0.0026775063483707993,0.0018955753179097825,0,1
204,2,4.628349782313438,4.715818256613413,0,0.3350425979169628,1.608030536288492,0.01774084575221002,5198.802038556395,51.98802038556395,0.0,210.02466829265478,165.9714269864693,57963.84879513131,193934.6907287227,6164.739618995758,17743.799405360984,23078.95670242746,14.605398503358847,14.60539850335884,0.0,50000,25796.07106313626,8574.338369614898,1,0.0018020925661720512,0.0019552381859605874,0,1
205,2,4.497682684303588,4.477046114274093,0,0.352911263290881,1.6260581301539343,0.029150715287300143,5483.786549122246,54.83786549122246,0.0,205.9281958298481,166.08110271745176,57999.10050095355,194141.25020100837,6288.91056828129,17395.149436271928,23453.92647396723,15.772352847302953,15.772352847302948,0.0,50000,25823.48999588187,8582.56404943858,1,0.0018704881863457687,0.0021166957002962065,0,1
206,2,3.4430215738461656,3.410353919547278,0,0.46329502370526515,1.3110510662693218,0.17022084413334068,3535.7032778504567,35.35703277850457,0.0,196.7535373235117,166.08110271745176,57960.030067438776,193879.92277008205,6454.518210492977,16950.55670924195,23493.92647396723,12.171911501614852,12.171911501614845,0.0,50000,25823.48999588187,8947.229587635937,1,0.00120395482867225,0.00162551186039669,0,1
207,2,3.5702189011976158,3.5580277982399036,0,0.444066232642027,1.4594417122659664,0.0763027137557175,6004.639416731279,60.04639416731279,0.0,203.75857794123644,166.08110271745176,57935.81692702174,193664.18253443704,6687.948002701462,16360.665978498644,23765.04879372395,12.712671991913378,12.712671991913396,0.0,50000,25823.48999588187,9264.487199904914,1,0.0020213345973241273,0.001698592537447382,0,1
208,2,3.5275089155558597,3.5060558492202696,0,0.45064883959318125,1.513919237247299,0.04182326756500072,5312.06688794342,53.1206688794342,0.0,207.25374141508317,166.08110271745176,57907.59893233367,193542.31309428855,6853.056392292387,15967.970369789024,24091.233568267406,12.454568517144063,12.454568517144068,0.0,50000,25823.48999588187,9482.405766348505,1,0.001763983358640594,0.0016630909282123237,0,1
209,2,3.6218703134163706,3.589641335379135,0,0.440155395032836,1.5997200152062465,0.012481022282434457,3543.0738555593107,35.43073855559311,0.0,196.891228103021,166.15196419456294,57892.412124241186,193581.40699509342,6952.403630677542,15740.694669993685,23764.437830535073,12.41566028978991,12.41566028978991,0.0,50000,25841.20536515967,9573.453898212198,1,0.0011927313848785579,0.001659349780281093,0,1
210,2,3.516834741643453,3.490985901074024,0,0.4525942082762073,1.5920768962030467,0.0076436051918016695,3416.9188708559614,34.169188708559616,0.0,192.36106701078404,166.22030257198006,57895.401715177555,193646.6396330185,7038.72138496725,15548.256470800845,23812.77002049003,10.282813887254104,10.282813887254106,0.0,50000,25858.28995951395,9618.377466243257,1,0.0011479282310846916,0.0013682143248679478,0,1
211,2,3.5953917383236367,3.490985901074024,1,0.4525942082762073,1.6367767844355834,0.03593467369340716,4739.862700176083,47.398627001760836,0.0,197.87654580232493,166.70976290740398,58090.42695197815,194141.84167380194,7058.801532981304,15505.56982203215,24432.899440017613,9.767648229938523,9.767648229938528,0.0,50000,25980.65504336993,9618.377466243257,1,0.0015519607770866075,0.001297540131016619,0,1
212,2,3.597894849742627,3.5522464282846697,0,0.44478896154818853,1.612857967662528,0.02079618206489115,5761.867163904183,57.618671639041835,0.0,205.1384309433795,167.32770162417773,58378.429095327716,194863.73908085574,7004.964544800604,15626.376509082207,24917.229720401276,11.37170435802908,11.371704358029069,0.0,50000,26135.139722563366,9618.377466243257,1,0.001849922235676653,0.0015166037479493173,0,1
213,2,3.7318086978261706,3.6915047140811805,0,0.42800974734587705,1.6203696415558722,0.025550406048020304,6646.203425301513,66.46203425301513,0.0,212.4360886029994,168.2549098924662,58657.75799561703,195751.51350872763,6894.628535803563,15878.744008982392,24498.065267812843,13.875636719014667,13.875636719014667,0.0,50000,26366.941789635483,9618.377466243257,1,0.0021703602640111273,0.0018574144255914624,0,1
214,2,3.683587430128893,3.6644066491256595,0,0.4311748534723879,1.606537792740189,0.01679607135454991,3179.6003459423764,31.796003459423765,0.0,197.60866854596088,168.31850189938504,58721.23429870211,195980.88809873722,6910.131156776245,15844.054453413946,24106.484532117913,12.649506772231131,12.649506772231145,0.0,50000,26382.839791365193,9623.14686676217,1,0.0010551850782576228,0.0016918225259818012,0,1
215,2,3.7070546022744617,3.725521810379053,0,0.42410166425498474,1.5982888354944447,0.011575212338256076,5637.044518725661,56.370445187256614,0.0,201.8437517620008,168.60606741610653,58821.881629225165,196369.87016044906,6870.873082179093,15936.23199717599,24834.095061210057,12.564189620219244,12.564189620219238,0.0,50000,26454.73117054557,9623.14686676217,1,0.0018159049499751711,0.0016804834307479737,0,1
216,2,3.748019748160064,3.696856578652427,0,0.4273901262828918,1.62441716580925,0.02811213025901901,3756.2175110913454,37.56217511091346,0.0,199.47574041982676,168.94568226748268,58949.33736974808,196786.1608319501,6889.148401321032,15895.34067949427,24305.05901126678,10.294350483228119,10.29435048322812,0.0,50000,26539.634883389605,9623.14686676217,1,0.0012363574215064033,0.0013691491499130657,0,1
217,2,4.07900646905858,4.116523758238427,0,0.38381899213819315,1.6519758428707618,0.045554330930861864,6460.331052813667,64.60331052813667,0.0,208.6847059308012,171.17890065296464,59526.22692919815,198809.6349182911,6660.522631802446,16445.951688507048,23074.91944042814,13.20739142737374,13.207391427373722,0.0,50000,27097.93947976009,9623.14686676217,1,0.0022397758985004024,0.001764012756660659,0,1
218,2,4.15546451626628,4.140244535691989,0,0.3816199710860613,1.6564142499829477,0.04836344935629598,5569.480003362974,55.69480003362974,0.0,212.43350382626224,172.4246044442771,59932.44651391672,200098.53781837106,6608.520491505447,16578.86751925262,23336.08680341519,13.436847913277687,13.436847913277683,0.0,50000,27409.365427588204,9623.14686676217,1,0.0019093106913016427,0.0017951480037694829,0,1
219,3,4.1680635494493234,4.116379309120146,0,0.38383246084718,2.3655760671869013,0.49720004252335515,5208.77122261346,52.0877122261346,0.0,336.9996401917711,219.65835209607536,57071.55959156204,200622.70638952075,9538.368424083072,16806.27661951144,23511.405398175193,14.931972194392042,14.931972194392031,117.55702699087597,49882.44297300912,27526.49853665767,9623.14686676217,1,0.0017723385342222826,0.0019738083746747757,1,1
220,3,4.0980373793626725,4.076181808611838,0,0.38761764665695225,2.035955418683165,0.2885793789133955,5838.083329004013,58.38083329004013,0.0,340.5725585395372,223.16120209347778,58067.88589066695,203552.45795488832,8925.215652577774,17964.96476666145,23098.66160804542,14.41695795701006,14.416957957010082,117.55702699087597,49882.44297300912,28402.21103600827,9623.14686676217,1,0.0020219641910232825,0.0019012044721824026,1,1
221,3,4.196272273287581,4.148979041065088,0,0.3808165778524629,2.0150319921214916,0.27533670387436177,6990.887490388788,69.90887490388788,0.0,348.66671867316063,227.35573458771105,59089.197010932556,206509.20724149366,8775.259924381922,18274.34008767606,22059.28307008973,15.97897048940206,15.978970489402073,117.55702699087597,49882.44297300912,29450.844159566586,9623.14686676217,1,0.002535309046328078,0.002109870590524548,1,1
222,3,4.167860602001483,4.130780462991027,0,0.3824943044433664,1.8333066450547064,0.16032066142702933,4767.416911853811,47.67416911853811,0.0,341.76261718594264,229.96706407534134,59796.99355789071,208794.04068286813,8399.522953029453,19095.572956096472,21696.38265306766,15.941789039445789,15.9417890394458,117.55702699087597,49882.44297300912,30103.676531474157,9623.14686676217,1,0.0017578660878493472,0.002105046441733569,1,1
223,3,4.1185074387040554,4.169627910809909,0,0.37893069448806066,1.762066435827869,0.11523192141004364,5632.5216277915415,56.325216277915416,0.0,341.7844397037611,231.96655303852495,60369.63026409016,210554.18983821507,8284.545452325674,19363.60705699193,21740.31453314619,16.064011635807905,16.064011635807915,117.55702699087597,49882.44297300912,30603.54877227006,9623.14686676217,1,0.0020726550645636574,0.002121943399580361,1,1
224,3,3.883167552512088,3.941410094557251,0,0.4008717596227412,1.6426918474118597,0.039678384437885836,4591.222726736412,45.91222726736412,0.0,339.7019860534259,232.546651453927,60641.56581952008,211294.0831451101,8238.152406102634,19474.210069544766,21258.87174688708,14.108344320406369,14.108344320406374,117.55702699087597,49882.44297300912,30748.573376120577,9623.14686676217,1,0.0017277390000374605,0.001852753384150155,1,1
225,3,3.834333525415391,3.8410385990124842,0,0.4113470769094098,1.5935163138027413,0.008554628989076715,6839.0495683149375,68.39049568314938,0.0,348.334382085786,232.94776906782138,60784.98577830205,211832.82265174718,8165.862494030693,19648.77300193735,20580.39583789104,16.334355295445558,16.33435529544555,117.55702699087597,49882.44297300912,30848.85277959417,9623.14686676217,1,0.0026584715365769234,0.00215295520039268,1,1
226,3,3.581316395559925,3.5931883014687083,0,0.4397209017279107,1.5196585904766668,0.03819076552109697,3198.1035793927904,31.981035793927905,0.0,334.9169194166617,232.94776906782138,60745.39723749183,211758.06400349078,8251.47187601847,19445.90166651665,20740.043912445744,14.264275575166616,14.264275575166627,117.55702699087597,49882.44297300912,30848.85277959417,9793.773685512953,1,0.0012335956829767998,0.0018732687398637278,1,1
227,3,3.426971315337786,3.3952398775100727,0,0.46535739947738425,1.5644836786454193,0.009820456553532158,7495.018632394272,74.95018632394272,0.0,345.1162356396887,232.94776906782138,60696.08708794287,211622.71028467224,8559.212610488768,18748.790095029442,21217.84966566826,16.940811661628263,16.94081166162828,117.55702699087597,49882.44297300912,30848.85277959417,10037.21271321941,1,0.0028259295830610613,0.002239332267538261,1,1
228,3,3.4477415943852416,3.4740048332696025,0,0.45480650598662625,1.5872332216386524,0.004577988378893901,2209.9568043394993,22.099568043394992,0.0,327.0811559379861,232.9919682039082,60739.177609255945,211793.4418534475,8595.404437620822,18670.686195412436,21575.469846972097,12.425467037906785,12.425467037906795,117.55702699087597,49882.44297300912,30859.902563615866,10040.527648425918,1,0.0008194331136291412,0.0016263194598890006,1,1
229,3,3.267348433338213,3.235259774974532,0,0.48836882040250934,1.5631805167324704,0.010645242574385878,4093.674028839124,40.93674028839124,0.0,322.45914110048705,232.9919682039082,60681.81942045924,211691.18418763083,8762.593569283787,18315.508710680035,22101.619736233104,13.008538385052246,13.008538385052246,117.55702699087597,49882.44297300912,30859.902563615866,10225.301057700946,1,0.0014817643512807376,0.0017090423493236466,1,1
230,3,3.2287043570372482,3.235259774974532,1,0.48836882040250934,1.5745978229181916,0.0034190994188661116,3889.006178290287,38.89006178290287,0.0,325.5415023012357,233.069748327474,60683.98933797527,211746.67573132447,8847.266469247148,18141.27225464348,22452.985638851398,9.50054285458923,9.500542854589224,117.55702699087597,49882.44297300912,30879.34759450732,10267.55961717551,1,0.0013856531120960474,0.0012289501923353088,1,1
231,3,3.1686134062433284,3.235259774974532,1,0.48836882040250934,1.5771142557228512,0.001826420428575207,7131.2403843851,71.312403843851,0.0,337.9508562732754,233.66902270802046,60940.76438863604,212455.11145458356,8938.735521652588,17959.001452174532,22649.150757784482,13.651217083123822,13.65121708312384,117.55702699087597,49882.44297300912,31029.166189643933,10267.55961717551,1,0.0025188548429557708,0.001795424102110852,1,1
232,3,2.5800145017332334,2.5849428987120526,0,0.6112320704597517,1.333752603806813,0.1558527824007513,3578.059926210087,35.78059926210087,0.0,327.5941832026059,233.66902270802046,60907.2376411617,212237.70934580851,9110.100688991368,17622.6024397341,22689.150757784482,13.09784649275738,13.09784649275738,117.55702699087597,49882.44297300912,31029.166189643933,10563.944544575312,1,0.0012615932484762503,0.0017220337345093563,1,1
233,3,2.5978756193422043,2.559827705663235,0,0.6172290410422886,1.4040353260667766,0.1113700467931794,4827.416147910483,48.27416147910483,0.0,325.7048226985039,233.66902270802046,60865.670872695606,211988.936783719,9315.24833290833,17235.931377861718,22536.41464478319,13.896462529242056,13.896462529242056,117.55702699087597,49882.44297300912,31029.166189643933,10892.264362125827,1,0.0017136412243028908,0.0018313631052449706,1,1
234,3,2.5549578879584276,2.547300792317781,0,0.6202644009553199,1.413214448518268,0.10556047562134938,3654.069834334341,36.540698343343415,0.0,323.32863456853823,233.66902270802046,60830.16681922032,211815.92294286267,9424.157555395292,17037.98436873182,22237.510768256154,10.96920385874215,10.969203858742139,117.55702699087597,49882.44297300912,31029.166189643933,11125.760166460796,1,0.0013145607428509465,0.0014299317385433625,1,1
235,3,2.5105952146456287,2.4904072689041072,0,0.6344343833750823,1.460244642291438,0.0757945301952925,3391.245163804346,33.91245163804346,0.0,319.18616024215527,233.66902270802046,60778.85673175473,211661.29267683238,9664.375927529616,16615.939037528584,22091.93779480494,10.884230106606925,10.884230106606925,117.55702699087597,49882.44297300912,31029.166189643933,11337.095731157906,1,0.0012280480581841286,0.0014187500084459886,1,1
236,3,2.590103534578804,2.598223230213876,0,0.6081078721900044,1.5312354818933218,0.030863619054859653,5734.160158795593,57.34160158795593,0.0,328.0104671029384,233.66902270802046,60740.25956357632,211533.80170941772,9743.747728608574,16481.668385001212,22468.90280790452,11.687833704632077,11.687833704632078,117.55702699087597,49882.44297300912,31029.166189643933,11525.429424095082,1,0.002041634238331682,0.0015280810131222523,1,1
237,3,2.713334789171727,2.659674169607352,0,0.5940577300990428,1.612897189860903,0.020821006241077817,3437.4261357653536,34.37426135765354,0.0,322.2455019937431,233.73777123073577,60741.18033563044,211583.86991888052,9770.697959772553,16436.98981893968,22174.605489401176,11.50430310428002,11.50430310428002,117.55702699087597,49882.44297300912,31046.35332032276,11561.731792478691,1,0.0012401307026303921,0.0015032709997154009,1,1
238,3,2.80338559310214,2.7982480489353874,0,0.5646390071105819,1.591284197733885,0.007141897299927147,1414.1957100844863,14.141957100844863,0.0,304.5793808384192,233.90975476964226,61039.3443738164,212169.72417138476,9548.369053338642,16821.4831014292,22214.41837127644,9.725346040573184,9.725346040573182,117.55702699087597,49882.44297300912,31089.349205049384,11561.731792478691,1,0.0005092893044323183,0.0012636847484647975,1,1
239,3,2.78605556661075,2.758245543487293,0,0.5728278991443166,1.5884667587160597,0.005358708048138999,3306.3897351399096,33.0638973513991,0.0,307.95746309351813,233.97588256434506,61054.203347679446,212228.20537954484,9569.692458535672,16784.54698441822,22684.266802020877,7.589841476598864,7.589841476598869,117.55702699087597,49882.44297300912,31105.881153725084,11571.996706516244,1,0.001166055668096922,0.0009718252250532108,1,1
240,3,2.837003634806895,2.876913066371113,0,0.5491997719600835,1.56373723343207,0.010292890232867101,3188.1381747491887,31.881381747491886,0.0,311.04039234607376,234.16452435504038,61302.193768127814,212715.23415712954,9409.76069142454,17071.61837263635,23232.610373138577,7.236687774557316,7.236687774557325,117.55702699087597,49882.44297300912,31153.041601398912,11571.996706516244,1,0.0010978148812533946,0.0009243866179275449,1,1
241,3,2.8072301069174506,2.7888342635917795,0,0.5665449613219739,1.5756284626181156,0.0027667958113192716,4166.228078399906,41.66228078399906,0.0,315.2657510910825,234.16452435504038,61247.508035624414,212625.21596468403,9495.626348168782,16917.9529318256,22638.9150847355,9.599485383592468,9.59948538359246,117.55702699087597,49882.44297300912,31153.041601398912,11715.043111890884,1,0.0014722359486949177,0.0012453688326817447,1,1
242,3,2.670736429332009,2.6570431953910485,0,0.5946459593659201,1.5432538825744604,0.02325703634527828,5561.536376132523,55.615363761325234,0.0,323.13714509832914,234.16452435504038,61178.445167122445,212451.03380898986,9635.020160044862,16674.24889017803,22863.654853944274,11.504879094011802,11.504879094011796,117.55702699087597,49882.44297300912,31153.041601398912,11951.586237723524,1,0.0019459833212704704,0.0015053447170729276,1,1
243,3,2.720239432932282,2.716286953878723,0,0.5816763938522175,1.5902840124354807,0.006508868630051016,2117.500786032749,21.175007860327494,0.0,306.9189869096845,234.20687437076103,61191.547729870246,212523.7096430426,9691.413685712323,16577.520406785712,23652.022735790022,10.534104172417859,10.53410417241785,117.55702699087597,49882.44297300912,31163.629105329077,11954.762488902574,1,0.0007162180789987375,0.0013781457829880417,1,1
244,3,2.5387175731274914,2.565840183463409,0,0.6157827015817068,1.5326393650921857,0.02997508538469265,3485.631411413194,34.85631411413194,0.0,304.27737434941207,234.20687437076103,61123.45011109135,212390.70903436892,9848.710177232759,16313.748797700024,24150.487012295904,9.747512297230907,9.747512297230903,117.55702699087597,49882.44297300912,31163.629105329077,12141.230223894667,1,0.001154637224380123,0.0012722795415497769,1,1
245,3,2.5723796618393653,2.565840183463409,1,0.6157827015817068,1.5789571708757917,0.0006600184330432839,4080.609342631292,40.80609342631292,0.0,309.1682507660516,234.28848655761365,61111.8572881482,212401.8099467317,9931.003038254083,16179.229372700533,24824.007226156777,8.20696164755104,8.206961647551033,117.55702699087597,49882.44297300912,31184.032152042233,12207.041202343298,1,0.0013150525796920007,0.0010619692943569538,1,1
246,3,2.4384265069886895,2.4447143126835096,0,0.6462922852796115,1.5570203872236015,0.014544058719239616,3855.0825271348444,38.550825271348444,0.0,309.5939954981035,234.28848655761365,61069.45373435784,212333.6034349454,10129.401402531255,15863.505116913744,24910.121524906837,9.475871824042471,9.475871824042462,117.55702699087597,49882.44297300912,31184.032152042233,12325.908558706918,1,0.0012380774692826032,0.0012359224244515756,1,1
247,3,2.3851174649354348,2.388614909312318,0,0.6614712123918216,1.5766163589622149,0.002141544960623552,4320.445628728565,43.20445628728565,0.0,311.4924653073351,234.28848655761365,61013.880658567905,212257.64208000997,10306.575926851883,15591.868057869546,25551.411228177916,9.949167402158311,9.949167402158311,117.55702699087597,49882.44297300912,31184.032152042233,12454.573956915945,1,0.0013527066947954746,0.0013019455812566928,1,1
248,3,1.583745065291319,1.5925717192220923,0,0.9921060263281374,1.1112589982971912,0.29667152006506886,2231.518376684596,22.315183766845962,0.0,300.8460070667258,234.28848655761365,60963.26974810863,212007.1150272088,10619.217291849673,15134.305332054897,25591.411228177916,8.430779278635836,8.430779278635825,117.55702699087597,49882.44297300912,31184.032152042233,12747.297894552954,1,0.0006975835312208309,0.0010961225650996363,1,1
249,3,1.5045029902041607,1.5299060872545736,0,1.0327431292435214,1.1087901891313556,0.29823405751180027,1786.0107307892622,17.860107307892623,0.0,292.2384306274567,234.28848655761365,60901.97088306725,211779.76180514958,10883.65279617074,14767.886960661868,25631.411228177916,6.761644962636293,6.761644962636288,117.55702699087597,49882.44297300912,31184.032152042233,13006.903309236768,1,0.0005574443685178941,0.0008692448648447331,1,1
250,3,1.5290630417345428,1.5212942038601913,0,1.0385893773806845,1.196072485426978,0.24299209783102663,2757.266006032633,27.57266006032633,0.0,295.2266972406688,234.28848655761365,60866.71573720156,211504.0295541239,11213.259241496738,14335.067893013369,25229.58421695486,5.608463840370065,5.6084638403700655,117.55702699087597,49882.44297300912,31184.032152042233,13307.373579001609,1,0.0008742961381597997,0.0007097746792995083,1,1
251,3,1.5572183877277463,1.5642717106917348,0,1.010054704180075,1.2696977463509522,0.196393831423448,2556.2590621350237,25.56259062135024,0.0,296.6370791896817,234.28848655761365,60802.0697920358,211253.7492304682,11448.84400605738,14041.41297068293,24998.46189719814,5.907614875037207,5.907614875037201,117.55702699087597,49882.44297300912,31184.032152042233,13582.43387402741,1,0.0008180532298818058,0.0007499312455198332,1,1
252,3,1.5725391256626928,1.5921532361954247,0,0.9923667923921282,1.3349517648220557,0.1550938197328762,2150.9662963718215,21.509662963718217,0.0,293.55909984508736,234.28848655761365,60752.932737861476,211092.24007221765,11682.381954746957,13761.547936695819,25059.93182382857,6.2165016098046,6.216501609804608,117.55702699087597,49882.44297300912,31184.032152042233,13769.076440092433,1,0.0006866630959710901,0.0007930041546708985,1,1
253,3,1.5131543374954068,1.5010629343983892,0,1.05258744573108,1.3286279828078813,0.1590962134127334,1962.3780631017921,19.623780631017922,0.0,290.9441780377615,234.28848655761365,60679.423799052776,210908.56047308506,11881.57782907421,13531.749489693386,25099.93182382857,5.6065184141150075,5.606518414115013,117.55702699087597,49882.44297300912,31184.032152042233,13974.700689655994,1,0.0006254608424836637,0.0007100590561121865,1,1
254,3,1.557391335955122,1.5758233316921368,0,1.0026504673613243,1.4134507298940941,0.1054109304467759,2186.364921221156,21.86364921221156,0.0,291.17796249139957,234.28848655761365,60632.95830264801,210785.23754466898,12080.039974285499,13310.226664464917,25286.84324748693,5.29626998167398,5.296269981673986,117.55702699087597,49882.44297300912,31184.032152042233,14118.212675320672,1,0.0006917003913292949,0.0006679414432613495,1,1
255,3,1.5304771178667225,1.5514606114076122,0,1.0183951744456436,1.4224325899746408,0.09972620887680964,2329.1983418278046,23.291983418278047,0.0,292.0919759129668,234.28848655761365,60579.82742643881,210653.16230117588,12224.796007611778,13153.361847939555,25535.060878603344,5.3982762527356325,5.398276252735641,117.55702699087597,49882.44297300912,31184.032152042233,14270.576872737436,1,0.0007297255653005364,0.0006822955997044983,1,1
256,3,1.5562446906966676,1.5678610114571776,0,1.0077423881671377,1.4810641730999758,0.06261761196204065,1602.2802845082842,16.022802845082843,0.0,287.9854519674239,234.28848655761365,60510.854774707004,210554.801983352,12370.763456490808,12998.717610414182,25302.81644776645,5.106940841299286,5.106940841299288,117.55702699087597,49882.44297300912,31184.032152042233,14387.533653830098,1,0.0005065934973099715,0.0006426731513132677,1,1
257,3,1.5542803390636892,1.526022178860084,0,1.035371583642537,1.5215274366486071,0.03700795148822338,2281.8121155128433,22.818121155128434,0.0,289.21653586342364,234.28848655761365,60403.668004978244,210413.51647409037,12546.930106104908,12817.019469908486,25657.78547459378,5.15102737410005,5.151027374100047,117.55702699087597,49882.44297300912,31184.032152042233,14547.284242478576,1,0.0007114603457176095,0.0006492598027760392,1,1
258,3,1.5818181140319445,1.57857592938558,0,1.0009021236089508,1.5693703541581492,0.006727623950538536,3530.8823254428685,35.30882325442869,0.0,294.98054533107955,234.28848655761365,60339.31551871142,210336.61602051102,12631.59603129774,12731.785941094224,26383.51843884276,5.977225069677824,5.977225069677815,117.55702699087597,49882.44297300912,31184.032152042233,14645.910521660979,1,0.0010706327387311856,0.0007628955272529222,1,1
259,3,1.551271765121686,1.5787473202764741,0,1.0007934643545786,1.5466476439129702,0.021109086131031587,1841.3328660243376,18.413328660243376,0.0,288.4954737466269,234.28848655761365,60297.475738539455,210293.9732928569,12662.887984107114,12700.747110664706,26508.167359245464,6.085875921913209,6.0858759219132,117.55702699087597,49882.44297300912,31184.032152042233,14710.72798963935,1,0.000555702803915525,0.0007792652961214401,1,1
260,3,1.5078046646255912,1.4987688907731298,0,1.0541985557125941,1.5365089286756652,0.027525994509072674,1927.616577433702,19.27616577433702,0.0,283.70684829479814,234.28848655761365,60212.070340341255,210197.9270671851,12802.273021339153,12563.107587030618,26905.442378043947,5.736966091386122,5.736966091386119,117.55702699087597,49882.44297300912,31184.032152042233,14827.524015944979,1,0.000573152910953577,0.0007331628178667625,1,1
261,3,1.484686488542992,1.4658791418199304,0,1.0778514782865287,1.5452803424278259,0.02197446681783178,4468.1586232760665,44.681586232760665,0.0,293.24992582072656,234.28848655761365,60131.78392000424,210066.92639113587,12938.676307297024,12431.322243376333,27157.087113142206,6.343872462309789,6.343872462309791,117.55702699087597,49882.44297300912,31184.032152042233,14981.13757947523,1,0.0013162409074760535,0.0008150322074483851,1,1
262,3,1.4887395871442588,1.486403301848308,0,1.0629685752415288,1.5735224724343417,0.004099700990922998,2651.262927420874,26.512629274208738,0.0,289.696761028035,234.34151181616207,60104.35434988244,210057.4886021786,13038.744616147778,12336.204672496817,27859.70914863251,6.829607967357221,6.8296079673572265,117.55702699087597,49882.44297300912,31197.288466679336,15027.08134233872,1,0.0007613181927424423,0.000883570670390691,1,1
263,3,1.488913900626572,1.486403301848308,1,1.0629685752415288,1.588296616537189,0.005251023124803126,1905.6678531852106,19.056678531852107,0.0,281.2479541175526,234.37962517322578,60112.70606327358,210086.22468659107,13099.210516533942,12279.568200442929,26153.703272342347,6.866324779176396,6.8663247791763915,117.55702699087597,49882.44297300912,31206.816805945262,15029.939844118499,1,0.0005829133513800969,0.0008868241505328643,1,1
264,3,1.4786696933471648,1.4667432940843113,0,1.0772164470582393,1.5815446236144235,0.0009776098825464707,1947.8235076937674,19.478235076937676,0.0,279.4661501442702,234.41858164337964,60100.319796371485,210088.79089888366,13116.70025202682,12263.496615774082,26185.217472629356,5.108570672485125,5.108570672485124,117.55702699087597,49882.44297300912,31216.55592348373,15053.08053094144,1,0.0005950910309543224,0.0006464408583589539,1,1
265,3,1.433266251178679,1.4494077182705736,0,1.0901004459154175,1.5514946238150382,0.018041377332254336,2701.4278932606658,27.014278932606658,0.0,282.3650417267066,234.41858164337964,60045.54025892275,210022.79430546038,13195.867062244299,12190.30386895484,26544.642465430235,5.2358488683918845,5.235848868391887,117.55702699087597,49882.44297300912,31216.55592348373,15136.630597567502,1,0.000814153860773617,0.0006640527477026788,1,1
266,3,1.414293435935525,1.3880434304620524,0,1.138292913121637,1.559630256767418,0.012892242552267091,1388.9705587959468,13.889705587959469,0.0,276.31545841087353,234.41858164337964,59982.861735893945,209968.14420434745,13319.052919858828,12077.89412631492,27113.69900690987,4.798364946147251,4.79836494614725,117.55702699087597,49882.44297300912,31216.55592348373,15207.445700771363,1,0.0004098210453518631,0.0006063553123599342,1,1
267,3,1.4124689911686192,1.4171716723185444,0,1.1148966853218727,1.565009014173688,0.00948796571285568,4212.320344528386,42.12320344528386,0.0,284.3018500988704,234.41858164337964,59892.081693292464,209855.60680298676,13351.077777170169,12049.760217445251,27630.994300447615,6.321571996169728,6.321571996169735,117.55702699087597,49882.44297300912,31216.55592348373,15341.525799682977,1,0.0012195928380210764,0.0008145225813821856,1,1
268,3,1.381087466127832,1.3807353542299399,0,1.1443177689045223,1.559188101822529,0.013172087454095555,2778.7494145306105,27.787494145306106,0.0,283.720223738952,234.41858164337964,59822.07990535472,209782.94432946556,13477.059198202007,11937.621584684322,28284.7875130081,6.2434738807516545,6.24347388075166,117.55702699087597,49882.44297300912,31216.55592348373,15435.599011759983,1,0.000785934676229099,0.0008051161865340129,1,1
269,3,1.3456170666999916,1.3318822848318286,0,1.1862910243599345,1.5387581523896618,0.026102435196416595,1499.2169196527932,14.992169196527932,0.0,272.2419328387434,234.41858164337964,59780.44236556556,209747.21576756774,13563.967184538165,11861.451851500076,28124.331833291402,6.271139743151594,6.271139743151595,117.55702699087597,49882.44297300912,31216.55592348373,15492.48320332952,1,0.00042645405509776743,0.0008106605231159809,1,1
270,3,1.4493996605106898,1.3318822848318286,1,1.1862910243599345,1.6655763531509797,0.054162248829733965,1372.1239808995083,13.721239808995083,0.0,267.2868841402043,234.52666171858027,59721.4501475354,209710.10670441188,13597.482972156211,11832.653103148738,28689.96959486185,4.221205169757011,4.221205169757006,117.55702699087597,49882.44297300912,31243.57594228389,15565.665793142232,1,0.00038260730151355623,0.0005316653442801409,1,1
271,3,1.6136811095890424,1.6374889871689917,0,0.9648919854609938,1.7667430001979818,0.11819177227720362,1310.4581386667983,13.104581386667983,0.0,265.8127710316227,234.97498074179387,60041.47737193255,210069.61612752543,13272.879080048622,12122.982368648933,28843.57887516997,3.189522097988428,3.189522097988424,117.55702699087597,49882.44297300912,31355.655698087285,15565.665793142232,1,0.0003634661688379892,0.00039084250848310433,1,1
272,3,1.6066727149126205,1.6302671649918072,0,0.9691663022655187,1.6473522041117834,0.04262797728593882,2210.7869898096737,22.107869898096737,0.0,268.90152691310044,235.422756660309,60409.480443792025,210491.42110582592,12845.163480805524,12527.966777043775,28753.210358872817,3.6535552929288935,3.653555292928892,117.55702699087597,49882.44297300912,31467.59967771607,15565.665793142232,1,0.0006151068245156722,0.0004537267649557392,1,1
273,3,1.6396139487575039,1.6399873851862143,0,0.963422044749812,1.5790637958026685,0.000592534302108567,2389.408013375271,23.89408013375271,0.0,271.2263665516491,235.72752762631114,60827.678575571,210964.39814951664,12449.908021132354,12927.307247786146,29153.069607135745,4.316275991050473,4.31627599105047,117.55702699087597,49882.44297300912,31543.792419216603,15565.665793142232,1,0.0006556861546519053,0.000544753049335189,1,1
274,3,1.6476237725335223,1.6399873851862143,1,0.963422044749812,1.5916417632843574,0.007368204610352713,1423.0205444941994,14.230205444941994,0.0,266.23522605579103,235.75598803720104,60836.57804462657,210986.9385327385,12469.045933739128,12907.613368254313,28169.193134284527,4.420630830956749,4.420630830956746,117.55702699087597,49882.44297300912,31550.907521939072,15567.800323958974,1,0.0004041352658446581,0.0005583094150040786,1,1
275,3,1.6088293095467667,1.6080209302869837,0,0.9825742751482827,1.5671543607906657,0.008130151398312878,1943.7285310744742,19.43728531074474,0.0,266.97097420821797,235.75598803720104,60761.54484041352,210907.20857169954,12521.289917094338,12854.265486515538,26230.73844712207,4.3928910287681555,4.392891028768152,117.55702699087597,49882.44297300912,31550.907521939072,15663.707799319873,1,0.0005928093972627698,0.0005508769392531111,1,1
276,3,1.575274389163348,1.5687217282092527,0,1.0071894661672225,1.5803501936160542,0.00022164152914819668,4110.9978027765,41.109978027765,0.0,276.00634264829114,235.83820799325656,60710.213414096426,210864.12725781722,12707.514925752186,12666.700642244949,26923.48035716707,5.772481447590339,5.772481447590343,117.55702699087597,49882.44297300912,31571.462510952955,15747.335394380838,1,0.0012215353284909607,0.0007394933305327963,1,1
277,3,1.5871642441064822,1.5797724097621126,0,1.000144065206153,1.5904402748970246,0.006607768922167394,3897.286409403081,38.97286409403081,0.0,279.6170403706281,235.91615372144463,60733.513587603295,210905.1187719726,12700.291098176562,12674.130703886263,27490.357519438392,7.545937802171367,7.545937802171378,117.55702699087597,49882.44297300912,31590.94894299997,15753.181323994942,1,0.0011341537211067019,0.000982832815620144,1,1
278,3,1.5407418487072717,1.526764202887371,0,1.0348683817788964,1.5663740611670804,0.008624011919569383,1473.423240927245,14.73423240927245,0.0,264.74238939283174,235.91615372144463,60667.7054881744,210853.03098349055,12792.485952823092,12583.149162869122,28103.689398673683,7.096614493327876,7.0966144933278725,117.55702699087597,49882.44297300912,31590.94894299997,15832.196327814763,1,0.00041942485771901,0.0009250379691055575,1,1
279,3,1.590263913019033,1.6144443550141816,0,0.9786648855953423,1.5762845390009899,0.0023515575943102605,1882.2624802890014,18.822624802890015,0.0,260.51716648808525,236.01497003509667,60872.14947718978,211085.7190621355,12631.853759191914,12743.880112221352,26796.204503069846,5.50264281508231,5.50264281508231,117.55702699087597,49882.44297300912,31615.65302141298,15832.196327814763,1,0.0005619489820129905,0.0007051758536129009,1,1
280,3,1.533402432276815,1.5405334855425807,0,1.0256187319703207,1.5403541593377217,0.02509230421663189,2506.000431426363,25.06000431426363,0.0,263.74043054990267,236.01497003509667,60793.551588767834,210983.8874811654,12716.747936201553,12659.356355038924,26817.64492411062,4.566053309724364,4.56605330972436,117.55702699087597,49882.44297300912,31615.65302141298,15950.688378446184,1,0.0007475676372083884,0.0005763138256467962,1,1
281,3,1.5159063048862476,1.4998671349439194,0,1.053426642393279,1.5601859929227457,0.01254051080838882,1400.784615059806,14.00784615059806,0.0,259.2092818881259,236.01497003509667,60685.710553361954,210877.06424057978,12872.229122347997,12506.901980290955,26071.119606191125,4.595319309631868,4.59531930963187,117.55702699087597,49882.44297300912,31615.65302141298,16073.455360940185,1,0.0004298348935431713,0.0005797838375881833,1,1
282,3,1.5509184157440814,1.534992598713883,0,1.0293209239730714,1.600078470745209,0.012707892876714463,1518.3319303850678,15.183319303850679,0.0,256.20037623681264,236.04533667370436,60693.591285658455,210897.19188655965,12887.850828004783,12491.890587844831,26921.972893709717,4.310232885944636,4.310232885944641,117.55702699087597,49882.44297300912,31623.244681064905,16075.732858835761,1,0.00045117998933572186,0.0005428608400290939,1,1
283,3,1.5446819254548363,1.542857658762314,0,1.0240737316412467,1.5971913306283165,0.01088058900526358,2091.343527361372,20.913435273613718,0.0,258.27383708940295,236.08716354425158,60704.26829646873,210918.25257241665,12902.280827612216,12478.104288053491,27767.81726238928,3.949435708790475,3.949435708790476,117.55702699087597,49882.44297300912,31633.701398701713,16078.869874126804,1,0.0006025229877017486,0.0004945126235268806,1,1
284,3,1.5706621660764095,1.551833929233124,0,1.0181501836222868,1.6107342764020074,0.019452073672156532,1302.3657008069752,13.023657008069751,0.0,254.56001777451434,236.14851033196297,60753.22048901166,210982.22966276106,12849.422529115993,12529.752497410249,28517.507366425732,3.778848858354244,3.7788488583542392,117.55702699087597,49882.44297300912,31649.038095629556,16078.869874126804,1,0.0003653519037474581,0.0004730182935949762,1,1
285,3,1.5622726708052392,1.545893831113806,0,1.0220624264097236,1.6014947672908344,0.013604283095464763,2056.573050367186,20.565730503671862,0.0,255.87421207920877,236.18964179297032,60766.697752766944,211004.2600505656,12846.994488102026,12532.35964342211,28559.275158421613,4.0839887034138105,4.083988703413816,117.55702699087597,49882.44297300912,31659.320960881392,16081.954733702354,1,0.0005760855032795159,0.0005146534649095742,1,1
286,3,1.463348412177116,1.4672273525157458,0,1.076861058574795,1.512074180509639,0.04299102499389945,1496.1308255427732,14.961308255427733,0.0,254.23218475238804,236.18964179297032,60741.9168502316,210966.96358509117,12898.392011197975,12482.748341660632,28954.69954945202,3.6171840998332163,3.6171840998332123,117.55702699087597,49882.44297300912,31659.320960881392,16133.121374768729,1,0.0004133714661379972,0.000451602957721657,1,1
287,3,1.5318795256997124,1.534410122712289,0,1.0297116635330354,1.5866267833172438,0.00419416665648339,1746.7783118396817,17.467783118396817,0.0,253.3294221364609,236.2245773592071,60751.60523999617,210987.5810023305,12913.756068495575,12468.161214226357,29764.128816727203,3.8607859989393756,3.8607859989393716,117.55702699087597,49882.44297300912,31668.05485244059,16135.741542236488,1,0.00046949892539317495,0.0004863186316035626,1,1
288,3,1.4369735744430745,1.4429786404966465,0,1.0949573026640183,1.535990102806055,0.02785436531262348,2536.7790331578108,25.367790331578107,0.0,256.61648245205805,236.2245773592071,60704.34266534321,210920.89267497192,13119.207018892905,12273.486508381226,30215.242935459115,4.0926721179550585,4.092672117955054,117.55702699087597,49882.44297300912,31668.05485244059,16218.241172607617,1,0.0006716554392301833,0.0005181752769204518,1,1
289,3,1.3421528185434932,1.3508429591908315,0,1.169640030508384,1.4751876488862143,0.0663369310846745,1684.2837988273805,16.842837988273804,0.0,253.62413094825158,236.2245773592071,60609.61496578919,210799.7578351751,13303.609857084552,12103.868602730063,30311.53601821717,4.163893793107498,4.163893793107505,117.55702699087597,49882.44297300912,31668.05485244059,16355.097054112119,1,0.00044452614946735244,0.0005285601713635702,1,1
290,3,1.2773116909709332,1.2832978024611248,0,1.2312029187378457,1.424706203233713,0.09828721314321966,1697.5055535223146,16.975055535223145,0.0,250.87774808930686,236.2245773592071,60532.90868500127,210678.45570580126,13402.1085671359,12015.579013841207,30576.030686390095,4.0962672133699405,4.096267213369939,117.55702699087597,49882.44297300912,31668.05485244059,16491.77099132278,1,0.0004441402014363893,0.000520107263377975,1,1
291,3,1.3222711520360773,1.3167500898794327,0,1.1999239735344707,1.4943996889920153,0.05417741203037014,1580.1658823105138,15.801658823105138,0.0,249.64761611660646,236.2245773592071,60466.765240603774,210594.84573025253,13490.863577568693,11936.953584824136,31022.083108066734,3.447722004390891,3.447722004390889,117.55702699087597,49882.44297300912,31668.05485244059,16588.328910446948,1,0.00040749446174995777,0.00043205360421789984,1,1
292,4,1.3303124801967448,1.3179886421822817,0,1.1987963700384312,1.8819503580278836,0.1911078215366351,2171.313081914626,21.713130819146258,0.0,299.20347142915944,252.79080262233884,57375.44669688212,210510.10920035827,16680.670334743314,11791.227026631199,31560.29300754298,3.7576297998957933,3.7576297998957884,157.80146503771493,49724.641507971406,31668.05485244059,16684.523349919797,1,0.0005503911085732131,0.0004673419239198534,4,1
293,4,1.317490110124193,1.281698078502546,0,1.232739618246109,1.7930240437593694,0.13482534415149958,1809.333572616837,18.09333572616837,0.0,298.31099726079754,253.42399522375356,57831.45346572729,210860.76293931954,16361.417988873716,12022.15132751565,31151.046510264634,3.811063423694357,3.811063423694363,157.80146503771493,49724.641507971406,31826.353002794272,16684.523349919797,1,0.0004646607482726182,0.00047418210619859643,4,1
294,4,1.3772126152625765,1.3673745768357761,0,1.155499032062054,1.7866339822717183,0.13078100143779636,1933.0386315489422,19.330386315489424,0.0,298.03065435886305,254.1549469776528,58376.817974336096,211319.65543730964,15974.870343305802,12314.101927027374,29732.51248763076,4.101437436594672,4.101437436594676,157.80146503771493,49724.641507971406,32009.09094126908,16684.523349919797,1,0.0005201144389941805,0.0005117220986133373,4,1
295,4,1.3798136840297102,1.3617105226478379,0,1.16030534663689,1.6892205521749821,0.06912693175631775,1337.0752948386835,13.370752948386835,0.0,294.5443494420039,254.497290254401,58841.60542670254,211727.0022410346,15519.33478069351,12676.728607088913,29831.422348988413,3.6291898829921854,3.6291898829921814,157.80146503771493,49724.641507971406,32094.676760456136,16684.523349919797,1,0.00035856829867423977,0.0004477811619803462,4,1
296,4,1.4202858241467209,1.4292411335086048,0,1.105481757386384,1.6389733352717804,0.037324895741633085,1392.8768127365963,13.928768127365963,0.0,292.53023933044483,254.7705040814254,59344.2802657386,212170.07786948988,15068.104603748669,13057.57385120325,29577.299775803065,3.4158654031845184,3.415865403184521,157.80146503771493,49724.641507971406,32162.980217212236,16684.523349919797,1,0.00037674211595910376,0.00041847495120917464,4,1
297,4,1.5037766043284968,1.4727850444826414,0,1.0727974227596948,1.6542988332703625,0.047024578019216744,1709.8009810889391,17.09800981088939,0.0,293.88782267710604,255.10536546280855,59732.40830137468,212553.90012714683,14712.756597207659,13374.06441393819,27801.352888110487,3.3723089249558384,3.3723089249558407,157.80146503771493,49724.641507971406,32246.695562558027,16684.523349919797,1,0.0004920051158575529,0.0004091051768302988,4,1
298,4,1.472550777609689,1.4947536860165185,0,1.0570303420429494,1.5742933010561426,0.0036118347745933204,1618.5041615348684,16.185041615348684,0.0,293.6308376815125,255.1705438671316,59929.53978959761,212750.5556698492,14504.354519325914,13566.975424357914,28402.187412644333,3.600611972310866,3.600611972310864,157.80146503771493,49724.641507971406,32262.99016363879,16684.523349919797,1,0.00045588155250727734,0.00044154292810797796,4,1
299,4,1.5078365362273263,1.514934052451897,0,1.0429496897523656,1.5784321277377782,0.0009923242165961273,1763.9756375401403,17.639756375401404,0.0,293.31406824456934,255.25953918879898,60141.45593382707,212969.72943420272,14352.843503081118,13710.910626050065,28908.71925917941,3.8646938855218225,3.8646938855218167,157.80146503771493,49724.641507971406,32285.238994055635,16684.523349919797,1,0.0004881504771554413,0.00047867904850675723,4,1
300,4,1.4121496257730621,1.400293294363888,0,1.1283350469215434,1.5145764906689285,0.041407284386754145,2246.050332768476,22.46050332768476,0.0,295.40844610099776,255.25953918879898,60075.12429290397,212878.16034916733,14528.316153384196,13545.803956096697,28244.259341959674,4.226935745274345,4.22693574527434,157.80146503771493,49724.641507971406,32285.238994055635,16791.307634640023,1,0.00063617892912681,0.0005267369862631763,4,1
301,4,1.3434191593802334,1.348935380902306,0,1.1712940607600748,1.4624163251325117,0.07442004738448628,1413.0350462536271,14.13035046253627,0.0,291.7532007697651,255.25953918879898,60014.00449812375,212794.02592791218,14636.794501032105,13445.795035703015,27796.235404101117,4.108574759623827,4.1085747596238305,157.80146503771493,49724.641507971406,32285.238994055635,16889.80554908265,1,0.0004066838622456464,0.000510337756175966,4,1
302,4,1.324703348401831,1.3209286257564299,0,1.1961282155538213,1.473565290045665,0.06736374047742723,1702.3671670898557,17.02367167089856,0.0,290.67376234244017,255.25953918879898,59940.448815348434,212693.29454955697,14796.203649811312,13301.467299038392,27463.512149143906,4.130619380286981,4.130619380286979,157.80146503771493,49724.641507971406,32285.238994055635,17004.488370861698,1,0.0004958920498863937,0.0005129182804196167,4,1
303,4,1.3598527353652021,1.3413500284752187,0,1.177917744405662,1.551386266495944,0.018109957913959595,2683.241167453385,26.83241167453385,0.0,294.7271580264363,255.25953918879898,59834.310777408704,212577.42958139043,14984.760927069794,13134.748305780968,27690.47134769787,4.471104832268799,4.4711048322688045,157.80146503771493,49724.641507971406,32285.238994055635,17135.179663998842,1,0.0007752099655541514,0.0005592619592287304,4,1
304,4,1.368541952466806,1.3900327066075298,0,1.1366639018560207,1.5685418638345678,0.007251984914830526,1770.4003719116904,17.704003719116905,0.0,291.7061725378613,255.29494719623722,59844.56659429959,212597.90935269295,15019.593237420871,13104.491456891776,28015.67236021703,4.703223241349229,4.703223241349225,157.80146503771493,49724.641507971406,32294.090995915194,17137.83526455671,1,0.0005055457100292775,0.0005922159084899408,4,1
305,4,1.3964919883826026,1.3900327066075298,1,1.1366639018560207,1.6038084330852809,0.015068628534987848,890.3779396065842,8.903779396065842,0.0,283.19380637577314,255.31275475502935,59849.39562301966,212614.26944472655,15034.805930019054,13091.330357808645,28683.41144772201,4.081148910298625,4.081148910298628,157.80146503771493,49724.641507971406,32298.542885613228,17139.17083146612,1,0.0002483325084896194,0.0005096960613576827,4,1
306,4,1.367000757067838,1.36527288682443,0,1.157277797902379,1.5715879165476936,0.005324103450826889,2430.593906456346,24.30593906456346,0.0,286.9902748497406,255.36136663315847,59861.18287936637,212633.74507634004,15042.890762874622,13084.62787529605,28807.714318019647,3.8405214024919876,3.840521402491988,157.80146503771493,49724.641507971406,32310.69585514551,17142.816722325802,1,0.000674984173926211,0.00047628746414836936,4,1
307,4,1.3192236617858943,1.3026411081452576,0,1.2129204199993773,1.5351779726396073,0.028368371747084023,1198.2236724087381,11.982236724087382,0.0,283.5158306445938,255.36136663315847,59774.79634120323,212552.74818970385,15134.706989527815,13005.699619602745,29327.322464763056,3.3949412495686313,3.394941249568631,157.80146503771493,49724.641507971406,32310.69585514551,17235.52684469006,1,0.0003268552521556404,0.00041672397819049033,4,1
308,4,1.3777678741034776,1.3968720140329691,0,1.131098614710101,1.5723210015714473,0.0048601255876916435,1569.4346841798454,15.694346841798454,0.0,281.2708146443847,255.39275532684206,59910.10489300479,212681.28289123107,14988.023888644899,13133.461799105828,29880.683445501218,3.8038438409615702,3.803843840961569,157.80146503771493,49724.641507971406,32318.543028566408,17237.88099671633,1,0.0004201870916486381,0.0004740088392434965,4,1
309,4,1.407775604607709,1.4194983229577498,0,1.1130692966990052,1.5798474656152919,9.65407498153112e-05,2015.88098512535,20.1588098512535,0.0,283.4581573328398,255.43307294654457,60037.32992556446,212801.90196673342,14863.167875700185,13244.319846062217,29613.988603148693,3.4923058056798477,3.492305805679847,157.80146503771493,49724.641507971406,32328.622433492033,17240.904818194016,1,0.0005445753389426274,0.000430539227582302,4,1
310,4,1.3371074214034149,1.3659242514745158,0,1.1567259299294155,1.5257348974393619,0.034345001620657095,1971.690892845367,19.71690892845367,0.0,284.04470576506657,255.43307294654457,59926.15140977454,212680.56750046543,14987.742015110458,13134.798916979242,29518.44348765877,3.9990943985286753,3.9990943985286695,157.80146503771493,49724.641507971406,32328.622433492033,17376.38539768106,1,0.0005343617507934529,0.0004997080604615729,4,1
311,4,1.3508226033047024,1.3519570442733004,0,1.1686761844192146,1.5662262620818532,0.008717555644396737,2038.6380726960658,20.38638072696066,0.0,283.6756453887588,255.43307294654457,59822.83289166085,212585.81726127033,15108.284016524973,13030.436304612611,30129.08476159136,4.286255567706605,4.286255567706608,157.80146503771493,49724.641507971406,32328.622433492033,17486.371235547456,1,0.0005413076670141478,0.0005400815855834094,4,1
312,4,1.3142043525508027,1.3087921588345248,0,1.2072199465245765,1.5383209959443123,0.02637911649094165,2054.472212041346,20.544722120413464,0.0,283.3867512239678,255.43307294654457,59752.27361053824,212510.527639778,15180.578575720432,12968.933331241791,30259.67127429936,4.280974774345255,4.28097477434526,157.80146503771493,49724.641507971406,32328.622433492033,17576.798710028874,1,0.0005431578402601576,0.0005396090860225861,4,1
313,4,1.3580061211798118,1.338533909261206,0,1.1803959459436253,1.5932562211632915,0.008390013394488223,2180.9670275390904,21.809670275390904,0.0,283.49530094031667,255.47669228709535,59740.81351923087,212511.77632340527,15198.173179830823,12954.107402694905,30959.136170413218,4.344460704765621,4.344460704765616,157.80146503771493,49724.641507971406,32339.52726862973,17600.006748852156,1,0.0005635730959763353,0.000549346201083547,4,1
314,4,1.3515331878230834,1.3417269374345195,0,1.177586851629495,1.5846759431582393,0.002959457695088146,2246.125602395402,22.46125602395402,0.0,283.45797385668345,255.52161479914326,59754.290701361715,212533.7538462195,15193.522834084071,12958.201605110096,31760.11683221401,4.395519948678645,4.395519948678648,157.80146503771493,49724.641507971406,32350.757896641706,17603.37593725575,1,0.0005657726296818094,0.0005575011886394341,4,1
315,4,1.3812176108018663,1.3417269374345195,1,1.177586851629495,1.61668870545077,0.023220699652385983,1113.2794854799376,11.132794854799377,0.0,276.28167139130585,255.56944105322987,59764.22726535478,212557.58820189384,15180.488500960264,12969.44673851439,32541.920824664307,3.72392731005732,3.72392731005732,157.80146503771493,49724.641507971406,32362.71446016336,17603.37593725575,1,0.0002736850086946696,0.0004676769114509381,4,1
316,4,1.3606413637402812,1.3685999792627925,0,1.154464433684326,1.580628670812918,0.00039789291956832465,1194.207654976485,11.942076549764849,0.0,272.6014743333293,255.59332520632938,59877.38380591722,212664.43211977658,15123.543790180234,13018.692895576522,33099.99485081193,3.0456168493853193,3.0456168493853215,157.80146503771493,49724.641507971406,32368.68549843824,17605.167248738217,1,0.00028863029383756935,0.00037602931073801616,4,1
317,4,1.3638231901428985,1.3799974775564505,0,1.1449296290002589,1.5756465962508608,0.002755318828569167,2241.53055946524,22.415305594652402,0.0,276.35859539425553,255.63815581751868,59888.72353274418,212682.06294583128,15082.247433222346,13054.652520333908,33036.405674225374,2.9944525633259804,2.994452563325983,157.80146503771493,49724.641507971406,32379.893151235567,17608.529544577414,1,0.0005428025267807041,0.000368372609770981,4,1
318,4,1.3495515669398215,1.3746195831526637,0,1.1494089123743605,1.565060384795441,0.00945545266111336,1519.3666709621907,15.193666709621908,0.0,274.8075189298281,255.66854315093792,59895.15520748345,212698.5110307416,15110.82018882782,13030.060221122963,32576.74135840975,3.2389739731776004,3.2389739731776017,157.80146503771493,49724.641507971406,32387.48998459038,17610.808594583857,1,0.0003731169190303225,0.0004015165798828653,4,1
319,4,1.2618422120636807,1.3746195831526637,1,1.1494089123743605,1.45810408357561,0.0771493141926519,938.9888572866602,9.389888572866601,0.0,269.19460853155124,255.66854315093792,59969.98795354717,212752.2998636554,15083.91368428191,13053.607917534458,31817.078598179243,3.1120549430814908,3.1120549430814934,157.80146503771493,49724.641507971406,32387.48998459038,17631.283078225355,1,0.00023609681307205734,0.0003840054196276946,4,1
320,4,1.2559576184665135,1.3746195831526637,1,1.1494089123743605,1.439050271242861,0.08920868908679687,1289.8967522187506,12.898967522187506,0.0,268.84680416016977,255.66854315093792,60093.33368479627,212835.192428376,15020.40572543994,13109.335636364704,32121.752831843743,2.5696240906613452,2.5696240906613452,157.80146503771493,49724.641507971406,32387.48998459038,17662.289402056653,1,0.0003212518965503073,0.0003101552095508957,4,1
321,4,1.2425982821824995,1.2279562415030636,0,1.2866908010223734,1.4611872411208047,0.0751979486577186,1670.9031648222315,16.709031648222314,0.0,270.5944355099494,255.66854315093792,59988.0961124829,212701.68178097604,15216.993447194624,12940.579677497408,32525.988938697603,2.65989920800057,2.6598992080005686,157.80146503771493,49724.641507971406,32387.48998459038,17805.852314823584,1,0.0004109706039613841,0.0003227731045279162,4,1
322,4,1.231058452502481,1.2104407074487815,0,1.3053097027198717,1.4717376679852368,0.06852046330048311,2566.721187568958,25.66721187568958,0.0,274.52985229424377,255.66854315093792,59939.34827053105,212600.0258813673,15343.524008196273,12834.335447378278,32406.940636781354,3.632759879226598,3.632759879226599,157.80146503771493,49724.641507971406,32387.48998459038,17920.960447504425,1,0.0006336225850719821,0.0004552816951945578,4,1
323,4,1.2391325119215828,1.2154475108460663,0,1.2999327292218246,1.5030562678931814,0.0486985646245688,1901.4202499510395,19.014202499510397,0.0,273.1810404738858,255.66854315093792,59870.08906378467,212515.29680955826,15455.62525690243,12741.75036357669,31772.255216062582,4.0206626623875374,4.0206626623875374,157.80146503771493,49724.641507971406,32387.48998459038,18020.09865948193,1,0.0004787624264052291,0.0005077852051461984,4,1
324,4,1.291808366086403,1.2154475108460663,1,1.2999327292218246,1.5754356511040652,0.0028888284151486216,1813.9034396709728,18.13903439670973,0.0,270.6449243643898,255.70482121973134,59811.96819938759,212476.95554743422,15497.67384167309,12707.61183392141,31679.983347695597,4.13323083595177,4.133230835951773,157.80146503771493,49724.641507971406,32396.55950178873,18079.762812245524,1,0.0004580566649326642,0.0005234805588032917,4,1
325,4,1.3455672276478452,1.2154475108460663,1,1.2999327292218246,1.658301992593027,0.049558223160143564,2017.0073840876062,20.17007384087606,0.0,270.96049642955165,255.84498616232003,59736.3932921469,212431.58393318029,15579.471726304064,12641.380564345527,32317.99168606089,3.8005560894908474,3.8005560894908537,157.80146503771493,49724.641507971406,32431.600737435903,18164.371820875505,1,0.0004992902785992271,0.0004787031233123734,4,1
326,4,1.0706734393746677,1.054914342213554,0,1.4977519375503467,1.358506650801661,0.1401856640495817,1410.1289404011482,14.101289404011482,0.0,268.0920354936578,255.84498616232003,59622.91259234658,212277.36621902217,15808.41657300873,12459.012794161037,30508.95607756479,3.5500340172648377,3.5500340172648412,157.80146503771493,49724.641507971406,32431.600737435903,18330.27264333445,1,0.0003697613085983253,0.0004423694173767388,4,1
327,4,1.0961752917667513,1.0972554102046306,0,1.4399564452412597,1.430212289814969,0.09480234821837412,2249.313981644188,22.493139816441882,0.0,270.3714741577825,255.84498616232003,59570.910318677015,212164.92777977634,16030.891991430179,12286.754792367701,30121.18651890405,3.896003309617243,3.8960033096172437,157.80146503771493,49724.641507971406,32431.600737435903,18455.003088158628,1,0.0005974038187991086,0.0004888184686655537,4,1
328,4,1.0865394699183129,1.0777032784421716,0,1.4660807214801297,1.4410888553214671,0.08791844599907148,1014.9537567170806,10.149537567170807,0.0,265.1399337949619,255.84498616232003,59509.570253425714,212095.16937855276,16163.12802722162,12186.532769349351,30391.012592196377,3.321990368610019,3.321990368610023,157.80146503771493,49724.641507971406,32431.600737435903,18535.188103048684,1,0.00026717208020313074,0.0004114457358668549,4,1
329,4,1.0557538655702214,1.0335978594400466,0,1.528640936675283,1.4251713748078427,0.09799280075452996,1271.6638832935907,12.716638832935908,0.0,262.548985304613,255.84498616232003,59428.18970240672,211996.3370385993,16306.60138480949,12079.780544740848,30119.191354613686,3.2438749534084272,3.243874953408425,157.80146503771493,49724.641507971406,32431.600737435903,18643.925467262266,1,0.00033776839977446376,0.00040078143292556775,4,1
330,4,1.0489050451175312,1.0335978594400466,1,1.528640936675283,1.4426410511096153,0.08693604360150936,834.2500974925283,8.342500974925283,0.0,259.94900354528687,255.84498616232003,59311.9491588993,211889.6214698156,16460.013837428418,11967.628082885607,30506.85305351147,2.3153801170542874,2.315380117054287,157.80146503771493,49724.641507971406,32431.600737435903,18757.67017672059,1,0.0002187705420888052,0.0002745703406887999,4,1
331,4,1.0559152469049584,1.0572205540705402,0,1.494484754308493,1.4781642540631736,0.06445300375748508,1048.5595381031671,10.485595381031672,0.0,259.0336405662838,255.84498616232003,59221.29269308766,211803.9382315727,16606.299169310012,11862.581874334912,30885.137249430052,2.3212693389291386,2.3212693389291355,157.80146503771493,49724.641507971406,32431.600737435903,18850.35713918789,1,0.0002716023644991293,0.0002760471021207994,4,1
332,4,1.0507150080537897,1.0312399876744653,0,1.5321360875105665,1.4895864104182452,0.05722379087452837,1174.522082677662,11.74522082677662,0.0,259.46503967324713,255.84498616232003,59155.63926027724,211736.95412288106,16711.7958390455,11788.060482295672,31334.572924859043,2.2251521651790815,2.2251521651790793,157.80146503771493,49724.641507971406,32431.600737435903,18924.062632743247,1,0.0002998661154231629,0.0002634130073370325,4,1
333,4,1.1657363074793905,1.1610387568019598,0,1.3608503512424117,1.6235550700435748,0.02756650002757894,1841.220367667444,18.41220367667444,0.0,261.853931835155,256.0482832974318,59406.1388181831,211934.35458939787,16564.508617587053,11893.559674916487,31869.35392644715,2.8151422388774585,2.8151422388774607,157.80146503771493,49724.641507971406,32482.42502121384,18924.062632743247,1,0.0004621920788019455,0.0003445535195747459,4,1
334,4,1.1674636304336892,1.1737682499789803,0,1.3460919564218017,1.5753650322112622,0.0029335239169226853,1581.5728717711843,15.815728717711844,0.0,261.6628196631678,256.0799147548672,59602.80020116575,212085.5954057914,16305.185541589935,12083.365263325666,31902.013759739504,3.1187961048178483,3.1187961048178505,157.80146503771493,49724.641507971406,32490.332885572694,18926.434992050905,1,0.0003966076583584544,0.00038622195086118765,4,1
335,4,1.1715286361962278,1.173953680660592,0,1.3458793358106966,1.5799197245261074,5.080726195738346e-05,1441.5898598072517,14.415898598072518,0.0,259.42770323486315,256.10874655206334,59609.69303478403,212099.24159586427,16300.444663576229,12086.967084254526,32600.63598204806,3.2410137649238426,3.2410137649238417,157.80146503771493,49724.641507971406,32497.540834871732,18928.597376840615,1,0.0003537574814432653,0.0004041857395345551,4,1
336,4,1.190341599570527,1.173953680660592,1,1.3458793358106966,1.6146036226598104,0.021901026999879947,1924.3613027158735,19.243613027158737,0.0,260.859352720746,256.14723377811765,59619.748389314824,212113.8967733145,16347.815494376888,12052.174646433614,32699.531349523768,3.2626756552144864,3.2626756552144873,157.80146503771493,49724.641507971406,32507.162641385312,18931.48391879469,1,0.0004707985034149794,0.00040705454773889966,4,1
337,4,1.211639277054795,1.21597162959914,0,1.299372420819445,1.6056799574204754,0.01625313760789579,1575.5780861616404,15.755780861616405,0.0,259.5873801760011,256.2864923435933,59867.65984653293,212317.04104739786,16159.081116928204,12193.57398832972,33307.4133472302,3.2117426054613745,3.2117426054613722,157.80146503771493,49724.641507971406,32541.97728275423,18931.48391879469,1,0.0003784330100296218,0.0004009963316292888,4,1
338,4,1.207741306890818,1.1968103532095231,0,1.3201757452739822,1.598507076986456,0.011713339864845523,804.9230511283686,8.049230511283685,0.0,253.31839178327368,256.3025908046159,59872.086470190545,212328.61389078214,16149.028472773603,12201.290212298432,34140.5971026729,2.796248184538455,2.7962481845384537,157.80146503771493,49724.641507971406,32546.001898009872,18932.691303371383,1,0.00018861370202932984,0.000345948405157977,4,1
339,4,1.2065195632658676,1.2165328286900576,0,1.298773006973694,1.582109545905678,0.0013351556365050075,1342.7244562181484,13.427244562181484,0.0,253.487536196356,256.32944529374026,59960.31893004275,212402.38340047587,16074.311882472986,12258.29892906599,33825.07653515141,2.4260984969924952,2.4260984969924957,157.80146503771493,49724.641507971406,32552.715520290963,18934.70539005571,1,0.0003175689976216961,0.0002948719032268826,4,1
340,4,1.2642428782174575,1.2810704612109876,0,1.2333435574702396,1.6001383573053076,0.01274579576285288,1830.7095328837984,18.307095328837985,0.0,256.11112371978385,256.4983084166583,60271.09880004559,212653.07009700674,15792.73362586742,12477.577906270235,33454.61112843994,2.576394875486747,2.576394875486748,157.80146503771493,49724.641507971406,32594.931301020464,18934.70539005571,1,0.000437777507167615,0.00031465340227288034,4,1
341,4,1.2466745659205518,1.2560787839366228,0,1.2578828813971283,1.5738255123404379,0.003907903582001385,1396.108918455958,13.961089184559581,0.0,254.59857054150316,256.5262305950274,60279.242766144955,212666.82336509548,15772.396876445591,12493.790369574412,33252.85518087118,2.9347708304161153,2.934770830416118,157.80146503771493,49724.641507971406,32601.911845612743,18936.799553433397,1,0.0003358770633949231,0.00036374118939474473,4,1
342,4,1.437217901042558,1.4441889114214697,0,1.0940396976492888,1.735477837286306,0.09840369448500375,773.2923154513736,7.7329231545137365,0.0,249.35222958147364,256.76086533910046,60700.433065617115,213029.09060579265,15426.292145475501,12775.123220736357,32891.75960208747,2.6169312372911966,2.616931237291195,157.80146503771493,49724.641507971406,32660.570531631,18936.799553433397,1,0.0001880817140357056,0.0003205787615327479,4,1
343,4,1.3827737057571277,1.393620145523724,0,1.1337379163719208,1.5819450153154944,0.0012310223515786655,2665.2958943833464,26.652958943833465,0.0,254.95600101284685,257.05954791551954,61152.659681470366,213443.1650972656,15016.008637550442,13125.451079780833,33454.62368672075,3.1040205828460894,3.1040205828460894,157.80146503771493,49724.641507971406,32735.241175735777,18936.799553433397,1,0.0006373518756252018,0.0003871035510186101,4,1
344,4,1.2967183252815684,1.306866341328514,0,1.208998923634247,1.5142504007390778,0.041613670418305236,1816.3315129662583,18.163315129662582,0.0,254.9353456022264,257.05954791551954,61053.56857533373,213333.46848551437,15171.163490976958,12991.725612217515,33933.44486833592,3.324750945335403,3.324750945335401,157.80146503771493,49724.641507971406,32735.241175735777,19059.708530569013,1,0.0004282103441047611,0.00041788131125522287,4,1
345,4,1.331720432287578,1.3465785951741442,0,1.1733440629922303,1.5556524715786881,0.01540982811475439,1381.9610444335578,13.819610444335579,0.0,249.4447780521871,257.0871871364082,61061.828313289756,213351.71852483237,15173.794293219717,12989.566927568898,34556.05440400274,3.634853619260495,3.6348536192604928,157.80146503771493,49724.641507971406,32742.150980957944,19061.781472135663,1,0.00031993491578100557,0.0004618323785036562,4,1
346,4,1.3067283302802823,1.3012863261064107,0,1.214183203421134,1.5546368687757275,0.016052614698906696,2077.359436945393,20.77359436945393,0.0,251.09418495774813,257.0871871364082,61004.10520461854,213294.77591140845,15313.421048425103,12871.482414569049,35323.17132258509,3.2247831744805273,3.2247831744805238,157.80146503771493,49724.641507971406,32742.150980957944,19131.811279163972,1,0.00047048084510286573,0.00040620870166287746,4,1
347,4,1.2628430382168638,1.2605501648775208,0,1.2534209617540433,1.5312160940083352,0.03087588986814229,1688.9426417384927,16.88942641738493,0.0,250.27063789584787,257.0871871364082,60922.31190071872,213212.35583723587,15459.66714222694,12750.083479468061,35738.226601601666,3.098919905438484,3.0989199054384797,157.80146503771493,49724.641507971406,32742.150980957944,19226.72513327147,1,0.00037806971466520394,0.0003894951585163584,4,1
348,4,1.3067590243873237,1.2921980774144612,0,1.222722760245393,1.593857339126119,0.00877046780134112,1593.440103103996,15.934401031039961,0.0,248.0383361985354,257.1190559384703,60931.62165726782,213229.0649058576,15505.55117507711,12712.567448000556,36316.15838597666,3.1682371321130636,3.1682371321130645,157.80146503771493,49724.641507971406,32750.118181473463,19229.115293426126,1,0.00035101512360829367,0.0003998552277921211,4,1
349,4,1.3011436670061824,1.3054197674962185,0,1.2103386507088243,1.587252405546366,0.004590130092636619,2169.9488866953166,21.699488866953168,0.0,250.15968198232707,257.1624549162042,61022.92922349582,213312.69957515382,15506.994576292547,12711.795374660009,35387.48094991712,3.2258203983612868,3.225820398361284,157.80146503771493,49724.641507971406,32760.967925906938,19232.370216756168,1,0.0004905574126095911,0.0004065474169610296,4,1
350,4,1.3062828072909902,1.3054197674962185,1,1.2103386507088243,1.596265817839383,0.01029482141733092,1773.6772252889946,17.736772252889946,0.0,249.35024212369902,257.19792846071,61032.91630089734,213329.9740208877,15520.431296457074,12700.937611847601,35293.4202712946,3.2840021664671064,3.2840021664671113,157.80146503771493,49724.641507971406,32769.83631203338,19235.030732594103,1,0.00040204144832777,0.0004145379948485516,4,1
351,4,1.4005166712629271,1.4041980822780726,0,1.1251973777351403,1.6208181878468801,0.025834296105620297,1494.8683879618438,14.94868387961844,0.0,246.5609872292959,257.4653176203022,61541.12056466656,213785.40989982305,15104.820269061072,13051.773950878624,34479.65001373244,3.2769780147260326,3.2769780147260286,157.80146503771493,49724.641507971406,32836.68360193143,19235.030732594103,1,0.00034684073356115226,0.00041314653149950443,4,1
352,4,1.299052189075679,1.2802034599999763,0,1.2341788234192317,1.5340784837110402,0.02906425081579741,1911.898392102164,19.11898392102164,0.0,247.6973658939938,257.4653176203022,61436.9413149402,213677.37675771792,15258.489260076629,12920.834289612449,34685.66019090197,3.155950498564117,3.1559504985641147,157.80146503771493,49724.641507971406,32836.68360193143,19355.73550014251,1,0.0004409657204918716,0.0003966159674602646,4,1
353,4,1.3826037225467451,1.398324001750359,0,1.1299241077334203,1.5660731816920783,0.008814441967039082,2158.1315255926356,21.581315255926356,0.0,249.58718879990252,257.5923687498271,61751.32613478437,213970.72144529957,14944.280696857333,13193.52017760367,33948.27762767776,3.4228617751060506,3.4228617751060537,157.80146503771493,49724.641507971406,32868.44638431264,19355.73550014251,1,0.000508569312237067,0.00043212525543003026,4,1
354,4,1.3980451455223335,1.4002437405576933,0,1.1283749780382613,1.5803437077821072,0.00021753657095387828,1248.5480514194671,12.485480514194672,0.0,244.86760273880665,257.61733971085545,61756.83660819676,213987.64132716547,14929.191731658797,13207.053582229633,33969.444021505486,3.2891422618714263,3.289142261871424,157.80146503771493,49724.641507971406,32874.68912456974,19357.60832221964,1,0.00029404026763088205,0.0004145251001199402,4,1
355,4,1.3130881756491946,1.4002437405576933,1,1.1283749780382613,1.4829173223717949,0.06144473267607925,1969.6310115689164,19.696310115689165,0.0,245.87777243858244,257.61733971085545,61858.69321128236,214054.48528645115,14922.472897208374,13213.49640816805,34511.8469007492,3.3240440827964135,3.324044082796418,157.80146503771493,49724.641507971406,32874.68912456974,19390.466114625087,1,0.0004565692510709785,0.00041972627697964255,4,1
356,4,1.3430417767494085,1.3503096262913323,0,1.1701020041896018,1.5288458237629847,0.03237606090950338,1078.8821759834138,10.78882175983414,0.0,242.17483137642904,257.61733971085545,61817.26658158006,214013.73725261976,14982.007609880891,13161.21076886756,35028.86974940549,2.6783982040015153,2.6783982040015126,157.80146503771493,49724.641507971406,32874.68912456974,19442.498819918917,1,0.00024639839850995474,0.0003323359724039384,4,1
357,4,1.342359918098754,1.360408461332534,0,1.1614158871464044,1.5441185837845544,0.022709757098383365,891.1675996556935,8.911675996556935,0.0,237.82876254426975,257.61733971085545,61741.515336088705,213946.80106840073,15060.688113997085,13092.818307817734,35555.45305350649,2.4426170742821123,2.4426170742821145,157.80146503771493,49724.641507971406,32874.68912456974,19519.775463364153,1,0.0002005132879762996,0.0003011603125190776,4,1
358,4,1.4109749466374462,1.3948689993903896,0,1.1327228583404747,1.602340543852312,0.014139584716653086,2027.5523387882931,20.27552338788293,0.0,241.43430285539287,257.714967162162,61836.93272303976,214044.98976953296,14964.49112613262,13177.300012261088,35576.10846175952,2.4446329108440152,2.4446329108440144,157.80146503771493,49724.641507971406,32899.09598739639,19519.775463364153,1,0.0004559357223610206,0.00030094913628242497,4,1
359,4,1.4339588031922412,1.447779870402726,0,1.0913261278874493,1.5664194169894743,0.008595305702864419,1909.1597878362304,19.091597878362304,0.0,242.99632674077495,257.7980963594145,62080.284248229495,214282.94472807643,14677.219525008124,13436.07460173093,36367.64323028347,2.8631642169709415,2.863164216970939,157.80146503771493,49724.641507971406,32919.878286709514,19519.775463364153,1,0.0004199688774435548,0.000358805962593625,4,1
360,4,1.361768806722974,1.3655456349193744,0,1.1570466483116015,1.518319875106171,0.03903805373027153,2165.447804210701,21.654478042107012,0.0,243.92915908625244,257.7980963594145,62032.91987262574,214216.87404312677,14828.414494644243,13299.484939267704,35889.358024407375,3.5540030836084506,3.5540030836084533,157.80146503771493,49724.641507971406,32919.878286709514,19601.48938389455,1,0.0004826941296053364,0.00045286624313663724,4,1
361,4,1.3250136589359989,1.3310033025025367,0,1.1870744400327953,1.4949651789260323,0.053819507008840355,1770.9810866313467,17.709810866313468,0.0,242.39184751831232,257.7980963594145,61968.554024937584,214132.80294961517,14916.861539687583,13221.074020427772,35375.19952193629,3.4211345866566845,3.421134586656688,157.80146503771493,49724.641507971406,32919.878286709514,19700.23726988156,1,0.00040050229778252537,0.00043438843494380554,4,1
362,4,1.3763131322998137,1.3594511486489314,0,1.1622337452656961,1.5840044565334583,0.002534466160416625,1582.633140439449,15.826331404394491,0.0,240.04724813202068,257.82974902222327,61870.62166702054,214059.03149373105,15066.071429134248,13090.639912379876,35192.77217545563,3.2734988985076336,3.273498898507638,157.80146503771493,49724.641507971406,32927.791452411715,19794.175780827176,1,0.0003597632224137703,0.0004143198832672107,4,1
363,4,1.3786169053251156,1.3828258240879838,0,1.1425878606527027,1.5869874426926878,0.004422432083979554,1045.329191195303,10.45329191195303,0.0,236.01661177900831,257.85065560604716,61876.48865606393,214073.00518997165,15067.687023751489,13089.308394177498,35220.09153739759,2.6723418962751873,2.672341896275189,157.80146503771493,49724.641507971406,32933.01809836769,19795.74377461397,1,0.00023743929003372318,0.00033256827007667293,4,1
364,4,1.3497976353092944,1.3349213801878423,0,1.1835903023574854,1.580895792988662,0.0005669575877607192,2249.3877757325495,22.493877757325496,0.0,239.4899381278155,257.8956433615618,61816.13802356798,214027.8323152797,15198.718291452442,12976.94262994459,34644.73455950557,2.9694250575401875,2.96942505754019,157.80146503771493,49724.641507971406,32944.265037246354,19861.94134023109,1,0.0005194181001719649,0.0003722068708731528,4,1
365,5,1.394407657966683,1.4400262606366172,0,1.097202213035686,1.8664136678095653,0.18127447329719318,3235.812727081645,32.358127270816446,0.0,269.49337510615953,263.4259782541147,59156.914815668526,214458.44442231223,17881.725858404978,13359.533261393197,35245.22274634363,3.9079804198917993,3.907980419891799,176.2261137317182,49548.41539423969,32997.45180641259,19861.94134023109,1,0.0007344683846362879,0.0004971085916139921,7,1
366,5,1.344764529730092,1.3580203971128952,0,1.1634582244559992,1.7410492622162195,0.10192991279507557,1389.9845283476227,13.899845283476226,0.0,261.77340192091305,263.8064333574548,59508.59534430953,214761.4195314435,17587.13292813425,13584.080045671868,34637.76332026549,4.108152038619416,4.10815203861942,176.2261137317182,49548.41539423969,33092.56558224762,19861.94134023109,1,0.00032103332204118053,0.0005249732689498111,7,1
367,5,1.3871869528004686,1.3920700143607856,0,1.1350003833862543,1.7218048460474173,0.0897499025616565,1637.5855341968634,16.375855341968634,0.0,258.0622622455631,264.2520934116713,59970.8552523336,215157.32649829492,17220.80215797897,13874.088068194873,33967.053513377505,3.7842010477063472,3.7842010477063504,176.2261137317182,49548.41539423969,33203.98059580174,19861.94134023109,1,0.000385687980513687,0.0004803965623970518,7,1
368,5,1.3306314929340417,1.3342129006904269,0,1.1842187998499967,1.5874812005504104,0.00473493705722174,1287.3951427051304,12.873951427051304,0.0,256.28916637479335,264.3728049399928,60336.82489137899,215479.449588767,16883.75890522946,14152.01724002431,33914.519239406276,2.734470591966396,2.7344705919663994,176.2261137317182,49548.41539423969,33234.15847788212,19861.94134023109,1,0.0003036799982018954,0.0003368004335855877,7,1
369,5,1.3154413774766527,1.2891280053945167,0,1.2256346874695867,1.589177171060544,0.005808336114268318,1099.2585512081557,10.992585512081558,0.0,253.65500214900987,264.39479011101696,60283.024940592615,215441.93982885755,16990.192694411686,14063.631726231992,33780.12339958858,2.5850167110090747,2.585016711009074,176.2261137317182,49548.41539423969,33239.65477063816,19913.603228622727,1,0.00026033263128258296,0.00031656686999938845,7,1
370,5,1.2719952158000052,1.2891280053945167,1,1.2256346874695867,1.5489845133891125,0.01963005481701747,2715.5055925237184,27.155055925237185,0.0,259.1542699103761,264.39479011101696,60203.441704197314,215355.2892750922,17058.322032952477,14007.954132489573,33537.05633855658,3.230702740586375,3.230702740586379,176.2261137317182,49548.41539423969,33239.65477063816,20012.39895830662,1,0.0006477624190055777,0.000403925016163352,7,1
371,5,1.2438285940092995,1.2416062864829587,0,1.2725451032272024,1.531698433502084,0.030570611707541807,1345.6758833898,13.456758833898,0.0,255.53270969959055,264.39479011101696,60115.24686451996,215274.82210190495,17154.103125645182,13930.133703588948,33605.07467165857,3.2667635362551635,3.2667635362551675,176.2261137317182,49548.41539423969,33239.65477063816,20105.069598224618,1,0.00032035063669111845,0.0004094818956597597,7,1
372,5,1.1713039223182582,1.1664519296560303,0,1.3545350304027695,1.4718746888213523,0.06843374125230871,1367.471014158051,13.67471014158051,0.0,251.23974185481623,264.39479011101696,60016.779335890875,215169.90379197797,17328.866063520487,13790.147315994018,34052.22087441507,3.406784904011338,3.4067849040113347,176.2261137317182,49548.41539423969,33239.65477063816,20222.6276962843,1,0.00032126445301792155,0.00042979250290487255,7,1
373,5,1.1770191108221955,1.1582963002117466,0,1.3640723877915888,1.5069525690497223,0.04623255123435302,971.6646222866698,9.716646222866698,0.0,248.58592431022782,264.39479011101696,59886.886950632615,215055.42709651875,17491.839577871913,13662.161563302643,33025.56353670184,2.4087419607615144,2.408741960761511,176.2261137317182,49548.41539423969,33239.65477063816,20345.607798638404,1,0.00023537272784625603,0.00029232927251843205,7,1
374,5,1.213790562420496,1.2083583792696284,0,1.3075591042410812,1.5744144468732186,0.0035351602068236956,2237.2404762216133,22.372404762216135,0.0,252.47347027120603,264.4395349205414,59825.97351406972,215012.29337637013,17606.352440345425,13573.569826662817,32706.494396798065,2.96782994006361,2.967829940063613,176.2261137317182,49548.41539423969,33250.840973019265,20407.08631029489,1,0.000547228437038642,0.0003679552059676065,7,1
375,5,1.2563708901500406,1.2661449765551163,0,1.247882374654133,1.5817148511502461,0.001085348829269655,1252.3805362489334,12.523805362489334,0.0,249.976143025479,264.5134841217804,60093.53488348573,215235.19273625483,17345.93033687732,13778.034594525696,32726.946192591553,2.9280670495461805,2.9280670495461822,176.2261137317182,49548.41539423969,33269.32827332901,20407.08631029489,1,0.0003061405189176952,0.00036291389460086444,7,1
376,5,1.2670240022472612,1.263701394342146,0,1.2502953680940678,1.6002759985491823,0.012832910474165994,1442.573211441647,14.42573211441647,0.0,248.23849980168615,264.5423355860092,60100.07775623091,215249.56918323677,17373.956648899537,13755.88967660353,31284.826147935677,3.2637775221136187,3.2637775221136165,176.2261137317182,49548.41539423969,33276.541139386216,20409.250170112053,1,0.0003688876401921345,0.00040741886538282393,7,1
377,5,1.2577638008931773,1.2490789023834632,0,1.2649321007544687,1.5851274912714872,0.0032452476401817402,1208.6778360263368,12.086778360263368,0.0,246.9454261466756,264.5665091427297,60105.86876236011,215261.4515216864,17355.13529434919,13770.918145723675,31551.92894883615,2.6739614552538447,2.673961455253842,176.2261137317182,49548.41539423969,33282.584528566345,20411.063186866093,1,0.0003064605876835739,0.00032716291559780117,7,1
378,5,1.2773390006049936,1.2618226935861412,0,1.2521569060622841,1.6082755960581068,0.017895946872219428,1589.132977941965,15.891329779419651,0.0,247.9128414803262,264.59829180228854,60112.883030617515,215274.94185327395,17346.987062752294,13777.478917514585,30866.71834426609,2.9387212338546744,2.9387212338546758,176.2261137317182,49548.41539423969,33290.530193456056,20413.446886333008,1,0.0004118696286966102,0.0003624059521907729,7,1
379,5,1.2871078879173992,1.2842287226829012,0,1.2303104362120159,1.5994979123638922,0.012340450863222842,1216.6092712271732,12.166092712271732,0.0,246.22533550617487,264.66427508348517,60264.40635444989,215405.73159248344,17234.050081852925,13868.153018301586,31497.161697031734,2.7851906990070714,2.7851906990070683,176.2261137317182,49548.41539423969,33307.0260137552,20413.446886333008,1,0.0003090079754943317,0.000342446063958172,7,1
380,5,1.3103953483395459,1.2915701168023475,0,1.2233172473142562,1.597126215846387,0.01083937711796643,1544.6524657199352,15.446524657199353,0.0,246.44043163781558,264.7646841351929,60483.59773999806,215593.1981797931,17067.892449412742,14003.706563552685,31463.2674079906,2.995720171590081,2.995720171590084,176.2261137317182,49548.41539423969,33332.128276682146,20413.446886333008,1,0.000392750681787778,0.00037120942865957333,7,1
381,5,1.2487462928760398,1.2514390873335748,0,1.2625464682955412,1.544186903615594,0.022666516698991206,1715.5020831052468,17.155020831052468,0.0,247.54810724174115,264.7646841351929,60430.92049304659,215541.40576193001,17192.10272689414,13902.834233787442,32046.541277777345,3.031643702686884,3.031643702686883,176.2261137317182,49548.41539423969,33332.128276682146,20475.976762296377,1,0.0004282526637081702,0.0003766704403300933,7,1
382,5,1.280530945628624,1.2800669833589806,0,1.23431040761162,1.5822730657584887,0.0014386492142333062,1847.1814072177137,18.47181407217714,0.0,248.25661296692644,264.80162776333725,60441.04921360335,215557.85109967028,17185.551894841912,13908.238404160957,32244.79184744632,3.3939640373569726,3.393964037356974,176.2261137317182,49548.41539423969,33341.36418371824,20478.747534407205,1,0.00045828955347751877,0.00042643096632448895,7,1
383,5,1.3154939615157064,1.3228507311426496,0,1.1943902382963727,1.5875995409507284,0.004809836044764775,1235.1271761234984,12.351271761234985,0.0,244.84982105230824,264.8710161063163,60667.765813236074,215754.48466929235,16984.56651714834,14073.507906717088,31698.421274172706,3.1977091982784804,3.1977091982784795,176.2261137317182,49548.41539423969,33358.711269463005,20478.747534407205,1,0.00031171954349155115,0.00039942058689241335,7,1
384,5,1.3810295035090565,1.3852404816318244,0,1.1405961787506724,1.6029938571119822,0.014553074121507656,4706.382153260607,47.06382153260607,0.0,256.5596516531413,265.3641796604619,61099.75558220931,216144.38424397618,16657.677980314114,14351.112232091278,32221.530559681876,5.007680208829674,5.007680208829676,176.2261137317182,49548.41539423969,33482.00215799941,20478.747534407205,1,0.001168506168766447,0.0006461717552451724,7,1
385,5,1.3825676169126762,1.3868792536427477,0,1.139248421122463,1.5940320784640918,0.008881062319045388,1828.2647246567658,18.28264724656766,0.0,249.73908642361852,265.40074495495503,61184.78144153237,216233.0079250044,16602.0755209034,14399.642453153278,32828.92683690927,4.9636601491085335,4.963660149108532,176.2261137317182,49548.41539423969,33491.1434816227,20481.48993149419,1,0.0004455253097341615,0.0006419170073307199,7,1
386,5,1.4053578676950496,1.4033066811925696,0,1.1259121196923765,1.6016255819624752,0.01368707719143994,1294.7913113094817,12.947913113094817,0.0,238.24041330501862,265.46141275956114,61290.36821973073,216348.8362508774,16506.334705722056,14483.601914668865,33084.28043927177,4.952164017077792,4.952164017077795,176.2261137317182,49548.41539423969,33506.31043277423,20481.48993149419,1,0.0003130891877636331,0.0006423735554214138,7,1
387,5,1.4318120402193366,1.4326263787940985,0,1.1028695432300724,1.5768662890217635,0.0019833613786307334,2427.7247445710627,24.27724744571063,0.0,241.44617538755656,265.6184899196498,61609.96816642231,216652.42410420097,16226.781205594087,14734.096902146273,33340.100024635896,3.527795343367077,3.5277953433670817,176.2261137317182,49548.41539423969,33545.5797227964,20481.48993149419,1,0.0005825356835227613,0.0004470500603401853,7,1
388,5,1.4303456854085603,1.4271951482765612,0,1.107066543708449,1.5724713473156542,0.00476497005338347,1440.2402314574724,14.402402314574724,0.0,238.999723903095,265.64729472427894,61600.32769415729,216653.7391899587,16212.581558830849,14747.229653242814,32280.327398474306,3.318133084987269,3.3181330849872723,176.2261137317182,49548.41539423969,33552.78092395369,20499.687257852205,1,0.0003569332401568006,0.000417519370481065,7,1
389,5,1.4711531653040795,1.4645753166589233,0,1.078811025986967,1.5928015906261277,0.00810227254818204,1445.4321075509042,14.454321075509043,0.0,235.8656804923735,265.7208735612449,61773.5993384285,216824.70093328814,16089.42708301747,14860.615233191531,33105.252053617114,3.3960414277849504,3.396041427784948,176.2261137317182,49548.41539423969,33571.17563319518,20499.687257852205,1,0.0003492937266171275,0.0004295875500988965,7,1
390,5,1.4609926926391603,1.4513851184350128,0,1.0886152682229986,1.5986562817960779,0.011807773288656842,3352.1086046041314,33.52108604604131,0.0,242.768695729544,265.787915733337,61793.63553994617,216850.8141969304,16175.16662043242,14782.289666495719,33892.51346028846,3.905264664535905,3.905264664535902,176.2261137317182,49548.41539423969,33587.936176218194,20504.715420759112,1,0.0007912328151246182,0.0004991532606328488,7,1
391,5,1.442058534029346,1.466716330361654,0,1.0772362503187056,1.5574523982772353,0.014270634001749886,1934.1245486546836,19.341245486546836,0.0,239.72655654276946,265.8265982243101,61905.254151472436,216969.43946072002,16070.050829825115,14879.397898175495,34473.1659919804,4.121284029647823,4.1212840296478195,176.2261137317182,49548.41539423969,33597.60679896147,20507.616607582095,1,0.00044884175688525386,0.0005297894328756665,7,1
392,5,1.472157560342617,1.466716330361654,1,1.0772362503187056,1.5895600242071872,0.006050648232396935,2488.741523016114,24.887415230161142,0.0,239.09555586084645,265.8763730547704,61920.83866509907,216996.82334083036,16068.109465506472,14881.343560370575,33732.98326824652,4.712428312652057,4.712428312652054,176.2261137317182,49548.41539423969,33610.05050657655,20511.34971986662,1,0.0005902215059309772,0.0006100986926469498,7,1
393,5,1.5289215513162009,1.5217072625153465,0,1.0383074582875402,1.6057603223176162,0.01630400146684567,2201.7743325302235,22.017743325302234,0.0,239.26863443100007,266.0990536178541,62211.87287618538,217307.95696623204,15847.666060186697,15089.324253890201,33115.277668610135,4.08641473919735,4.086414739197346,176.2261137317182,49548.41539423969,33665.72064734748,20511.34971986662,1,0.0005319053893042917,0.0005236562173735075,7,1
394,5,1.5038056823163626,1.5168949815482218,0,1.0416014419056026,1.5635871935404237,0.010387852189605267,1698.1170529386172,16.981170529386173,0.0,235.5297724593523,266.1330159589129,62352.89278316406,217456.55685599492,15768.554656599083,15165.666611029828,33268.84785091977,3.982536366254891,3.982536366254891,176.2261137317182,49548.41539423969,33674.21123261217,20513.89689544603,1,0.0004083380489875715,0.0005101549814076135,7,1
395,5,1.507057159553291,1.5168949815482218,1,1.0416014419056026,1.5766709406002415,0.0021069996201003686,1601.1971876878333,16.011971876878334,0.0,233.463202697846,266.16503990266665,62362.171262571006,217476.41142450392,15817.377586450953,15119.00265501412,32625.27900113467,3.504509282697003,3.504509282697005,176.2261137317182,49548.41539423969,33682.21721855061,20516.29869122756,1,0.0003926273703607919,0.00044429026955088505,7,1
396,5,1.4912885571784713,1.5048731044556198,0,1.0499224122764537,1.5685445349949152,0.007250294307015744,1375.838383481551,13.758383834815511,0.0,231.78281473752398,266.1925566703363,62370.71217163734,217493.26096049178,15859.81743471276,15078.669257805566,31969.006582558304,3.0514292129287783,3.051429212928775,176.2261137317182,49548.41539423969,33689.096410468024,20518.36244880278,1,0.0003442930589484587,0.00038175282609894073,7,1
397,5,1.659921971691391,1.639831578602861,0,0.9635135831120916,1.6533045702178457,0.04639529760623142,1760.3267860072676,17.603267860072677,0.0,233.01246815164984,266.57042755352046,62902.02580028853,218036.2346225489,15434.229038678177,15496.005006532743,31113.038649286227,3.167923043753756,3.1679230437537593,176.2261137317182,49548.41539423969,33783.564131264066,20518.36244880278,1,0.0004526274160104004,0.0003965159484398837,7,1
398,5,1.6253305310062025,1.6033295892169963,0,0.9854492866757424,1.614965414627076,0.022130009257642986,1756.8774094207631,17.568774094207633,0.0,233.63719254403887,266.60556510170886,62913.02876013841,218056.43840160596,15415.825897455787,15514.767229610803,31826.033690702094,3.2817314162597695,3.281731416259771,176.2261137317182,49548.41539423969,33792.34851831117,20520.997764916912,1,0.0004416201972246466,0.0004128468907278352,7,1
399,5,1.5641303155217956,1.570490900593533,0,1.0060548580083293,1.5614358629812464,0.011749453809337786,2214.8606738066883,22.148606738066885,0.0,235.3885101555828,266.60556510170886,62847.657961685385,217986.76345670925,15452.143285508193,15478.80788808308,32090.848932405414,3.78729162479855,3.7872916247985535,176.2261137317182,49548.41539423969,33792.34851831117,20607.31507856028,1,0.0005521476053118974,0.0004821317395156481,7,1
400,5,1.5850688430766529,1.5913652735197783,0,0.9928581616622558,1.5925281809937233,0.007929228477040008,3200.565643627953,32.00565643627953,0.0,240.01157813875218,266.6695764145814,62861.513054420655,218017.71056990046,15502.010080540664,15429.399289118164,32744.361925946625,4.588458499295088,4.588458499295093,176.2261137317182,49548.41539423969,33808.35134652931,20612.115927025723,1,0.0007819521787271294,0.0005919066604212244,7,1
401,5,1.660015409785533,1.6226250339856083,0,0.9737308169830774,1.627477758298301,0.030049214112848752,1844.003841171608,18.44003841171608,0.0,235.27652439245588,266.8560770102735,63062.16363452477,218247.9938210033,15313.7392482667,15619.902025660012,32127.45048855227,4.6309260740697145,4.630926074069712,176.2261137317182,49548.41539423969,33854.97649545234,20612.115927025723,1,0.00045917215667733564,0.0005977573135721208,7,1
402,5,1.6619410937067602,1.67725441987409,0,0.9420157021369538,1.575625607926204,0.0027686025783518822,1372.1329265804661,13.72132926580466,0.0,228.50841177191506,266.9320191321756,63325.231965221705,218541.2746685929,15059.555550606336,15884.543952959553,32855.06862667053,4.086918649097151,4.086918649097147,176.2261137317182,49548.41539423969,33873.96202592786,20612.115927025723,1,0.0003341056303176599,0.0005250766552407083,7,1
403,5,1.6342735213015935,1.647658125385707,0,0.9589367937782187,1.5591758337478834,0.013179852058301704,2805.3728889089075,28.053728889089076,0.0,232.89436866726604,266.98812658995377,63306.02476338133,218536.50134075715,15107.184591866673,15834.82197806777,33432.10654527213,3.818072569202636,3.8180725692026414,176.2261137317182,49548.41539423969,33887.988890372406,20649.0639473332,1,0.000671300298737684,0.00048819269524422653,7,1
404,5,1.7085376148998699,1.7140003957317593,0,0.9218200905522251,1.5924358787210071,0.007870809317093065,1242.630857793983,12.426308577939832,0.0,227.6348187834136,267.0629934607059,63489.33729883832,218755.15754671782,14932.313565758881,16021.002632187237,33839.02304363356,3.406874576304112,3.4068745763041113,176.2261137317182,49548.41539423969,33906.70560806044,20649.0639473332,1,0.00029377464147039444,0.00043306019017524613,7,1
405,5,1.6954211243650048,1.7140003957317593,1,0.9218200905522251,1.5644038733761254,0.00987096621764219,1143.9726327297699,11.439726327297699,0.0,222.00469986034796,267.0858729133605,63587.57101557737,218875.02536360623,14857.63842530682,16101.950700288273,34698.627402190425,3.2236719874101167,3.22367198741012,176.2261137317182,49548.41539423969,33912.42547122409,20650.779906282296,1,0.0002637505211880639,0.0004096084871320475,7,1
406,5,1.3997150917862482,1.3943939707898285,0,1.133108743366868,1.3241831020505086,0.16190942908195663,1778.7553183131934,17.787553183131934,0.0,224.14027994478914,267.0858729133605,63527.22708371468,218717.83581703308,15044.50482831151,15902.650036864372,33874.09765281747,2.620369946976325,2.620369946976325,176.2261137317182,49548.41539423969,33912.42547122409,20820.787521801598,1,0.0004200862467940003,0.0003258704698174862,7,1
407,5,1.3368650397104749,1.3602369604791236,0,1.1615623203206213,1.303797403493156,0.17481176994104047,1888.8565519710007,18.888565519710006,0.0,225.94733457404368,267.0858729133605,63445.06452498004,218524.48481827189,15275.534623087216,15662.96124365569,32949.82588954652,3.030226063518311,3.030226063518309,176.2261137317182,49548.41539423969,33912.42547122409,21028.128911257023,1,0.0004586018896252193,0.0003808128858690945,7,1
408,5,1.3461935279036907,1.327193988683526,0,1.190481582550896,1.3550295291343781,0.1423863739655835,1868.676290508247,18.68676290508247,0.0,226.0307614960359,267.0858729133605,63333.87953077979,218325.7881401492,15519.194070896367,15417.995082268188,33058.7474931713,3.48807192588478,3.4880719258847774,176.2261137317182,49548.41539423969,33912.42547122409,21242.49173680536,1,0.0004522074022058448,0.0004436318462083548,7,1
409,5,1.3314503486665121,1.3307041017906303,0,1.1873413464901106,1.3812027520302927,0.1258210430188021,1807.3904296167561,18.073904296167562,0.0,225.35483801399556,267.0858729133605,63247.74906091098,218170.3721014622,15755.27942871802,15187.757378755103,33215.6098813306,3.5231977348082713,3.5231977348082735,176.2261137317182,49548.41539423969,33912.42547122409,21413.33810986819,1,0.0004353110928443631,0.000448706794891809,7,1
410,5,1.2788559900199898,1.2683682842557422,0,1.2456949764611296,1.3559782859674967,0.1417858949572806,1239.4759612362707,12.394759612362707,0.0,221.63002816178604,267.0858729133605,63188.20883177401,218063.6200654911,15928.781436036179,15022.819881410973,33211.29689435569,3.129718771614942,3.1297187716149457,176.2261137317182,49548.41539423969,33912.42547122409,21533.511100144173,1,0.00029856731344855646,0.0003953619361662548,7,1
411,5,1.2683662692484798,1.267762584746045,0,1.246290132719528,1.3875392295916273,0.12181061418251438,1756.1222559124562,17.561222559124563,0.0,222.5571389307084,267.0858729133605,63084.006671904746,217897.33955905645,16179.961271260416,14790.296862636033,33404.834288907514,3.052329448593791,3.0523294485937944,176.2261137317182,49548.41539423969,33912.42547122409,21712.5319131199,1,0.00042056721269127166,0.00038481520632806373,7,1
412,5,1.32758144094366,1.267762584746045,1,1.246290132719528,1.4817320501588642,0.062194904962744206,1929.0811837427536,19.290811837427537,0.0,224.22785095339208,267.0858729133605,62994.484515530174,217777.3850513128,16343.29683180049,14643.03721810255,33347.88655150857,3.1214081233845525,3.1214081233845477,176.2261137317182,49548.41539423969,33912.42547122409,21845.23183935831,1,0.00046277743706801404,0.00039397065440261407,7,1
413,5,1.2679582707037134,1.2664103715387252,0,1.247620862485716,1.452720430695869,0.08055668943299436,1967.2272190643748,19.67227219064375,0.0,225.01685299851138,267.0858729133605,62928.78481583958,217670.24834729236,16558.938333820613,14452.913561891104,32468.978260796182,3.5818691231160646,3.581869123116067,176.2261137317182,49548.41539423969,33912.42547122409,21966.246263969668,1,0.00048470320273419923,0.0004560159508311616,7,1
414,5,1.2274879492850181,1.2470567760991176,0,1.2669832122177729,1.4509387825985012,0.08168431481107524,2124.9082267095564,21.249082267095563,0.0,226.22237089954712,267.0858729133605,62812.68003112116,217511.8437552903,16819.843642113912,14229.515143690382,31548.95395911233,3.87839333785464,3.8783933378546376,176.2261137317182,49548.41539423969,33912.42547122409,22138.802005322555,1,0.0005388218524046034,0.0004954341640689389,7,1
415,5,1.1873149081183045,1.1783267601050689,0,1.34088442484249,1.4265525429375392,0.09711864371041827,880.9267743768949,8.809267743768949,0.0,219.3847330419243,267.0858729133605,62719.84109681093,217413.53738415,16957.939487646818,14114.036292831259,31781.5274250925,3.282114500668742,3.282114500668745,176.2261137317182,49548.41539423969,33912.42547122409,22249.005736295727,1,0.00022174561029596733,0.00041509022181159,7,1
416,5,1.177417595099712,1.1735256542627408,0,1.3463702257047154,1.4321087701652286,0.09360204419922243,1698.956356831941,16.98956356831941,0.0,220.04974737713425,267.0858729133605,62662.71476986603,217316.87292591293,17062.536091365968,14028.075680788072,32124.934695297714,3.1302446314025283,3.1302446314025305,176.2261137317182,49548.41539423969,33912.42547122409,22356.971463522023,1,0.0004230872679920189,0.0003945515768975299,7,1
417,5,1.2287594819049557,1.1735256542627408,1,1.3463702257047154,1.5203775350029098,0.03773573733993053,1862.3092032740838,18.62309203274084,0.0,222.06983021632252,267.0858729133605,62585.693509320095,217231.7979696995,17209.58641251385,13908.678599357632,32624.875751996366,2.928746064445135,2.928746064445132,176.2261137317182,49548.41539423969,33912.42547122409,22452.596795506146,1,0.00045665993456790445,0.0003671642709519635,7,1
418,5,1.1967137246723323,1.1735256542627408,1,1.3463702257047154,1.5012886218874404,0.04981732791934157,1420.3228437517655,14.203228437517655,0.0,219.7339137477162,267.0858729133605,62486.12849779672,217131.88982163602,17328.950661950166,13813.328622482748,32420.335312131065,3.240930108249217,3.240930108249218,176.2261137317182,49548.41539423969,33912.42547122409,22563.965510631017,1,0.00035047702747733353,0.00041007474334575227,7,1
419,5,1.1444358606363196,1.1421650826871566,0,1.3833376837985234,1.4537193388842569,0.07992446906059697,1094.0939002491446,10.940939002491445,0.0,216.19243141212394,267.0858729133605,62430.897770278476,217065.40959732665,17437.52950960835,13727.638862544383,32791.059132769435,2.8541961960546773,2.854196196054675,176.2261137317182,49548.41539423969,33912.42547122409,22640.532091572677,1,0.00026692493116961194,0.0003580206310716166,7,1
420,5,1.1781224843175944,1.195852790889473,0,1.321232857452964,1.513836960670214,0.04187534134796586,1038.365745685016,10.38365745685016,0.0,214.29715643141304,267.0858729133605,62358.77549180252,216998.7426427268,17538.419481101024,13649.030157733141,33376.23243454863,2.3423247162662433,2.342324716266241,176.2261137317182,49548.41539423969,33912.42547122409,22715.522870601508,1,0.0002488874675046129,0.00028876314205051945,7,1
421,5,1.2220378044427045,1.195852790889473,1,1.321232857452964,1.5947085569525072,0.009309213261080486,1664.6737409792836,16.646737409792838,0.0,216.33739638752803,267.1191663881801,62259.83219268763,216928.12279741472,17674.603508670953,13544.188730890985,33671.78081150174,2.452049720493886,2.4520497204938856,176.2261137317182,49548.41539423969,33920.74883992899,22800.769481148607,1,0.0003955059580123325,0.0003037727855621858,7,1
422,5,1.2310233882503325,1.2391775385802837,0,1.2750392504775339,1.5816930558317228,0.0010715543238751552,2310.923416057203,23.109234160572033,0.0,219.93568375567466,267.16538485650125,62397.59325770262,217040.540753748,17538.228338484918,13649.910893613149,33362.00003537521,3.1570662727419596,3.157066272741963,176.2261137317182,49548.41539423969,33932.30345700927,22804.235866272695,1,0.0005541450545187527,0.000399512826678566,7,1
423,5,1.2767707843032712,1.2545451248591188,0,1.25942062082257,1.6201909268917392,0.025437295501100687,2888.639822170322,28.88639822170322,0.0,223.59666810873176,267.3307903339564,62479.104193746774,217119.50740487623,17429.78613291147,13735.320536480609,33500.95400316621,4.232955768249206,4.232955768249202,176.2261137317182,49548.41539423969,33973.654826373044,22804.235866272695,1,0.0006898047910868005,0.0005464852678726285,7,1
424,5,1.2828504714321234,1.2678726430341296,0,1.246181947911521,1.6086920242827512,0.018159509039715874,1716.3319352696283,17.163319352696284,0.0,218.27913939916425,267.43996635439265,62644.05520691591,217263.73544792956,17326.936343935453,13817.354796175152,34263.095602562295,4.234612802958624,4.234612802958627,176.2261137317182,49548.41539423969,34000.94883148212,22804.235866272695,1,0.00040074182559062785,0.0005482305570653936,7,1
425,5,1.2071890795268783,1.2187737375304348,0,1.2963850067868277,1.536181386454895,0.02773329971209182,1261.228419451243,12.612284194512432,0.0,212.15681820649712,267.43996635439265,62552.58385439191,217186.45531371748,17454.721146135253,13716.576010875939,34069.90040229965,3.6015862841486306,3.6015862841486337,176.2261137317182,49548.41539423969,34000.94883148212,22894.724715182358,1,0.0002961507734530654,0.0004622324633768312,7,1
426,5,1.2082527754202188,1.2201571421568949,0,1.2949151756035326,1.555915437501411,0.015243393986448755,1646.0087563085747,16.460087563085747,0.0,212.6912314872663,267.43996635439265,62507.94864498252,217147.96167663677,17558.962238523123,13635.48708807971,34448.94677783438,2.851265480995134,2.8512654809951363,176.2261137317182,49548.41539423969,34000.94883148212,22943.644820975245,1,0.000382248843060171,0.00035971381403462145,7,1
427,5,1.2816697757176627,1.2780223871581073,0,1.2362850728408519,1.593115569005042,0.008300993041165798,2297.4098778022744,22.974098778022746,0.0,215.8075538840714,267.6574138515957,62881.38035176638,217463.91843531927,17251.809547180765,13879.170666110678,34954.134895890675,3.1555983145216535,3.155598314521651,176.2261137317182,49548.41539423969,34055.31070578288,22943.644820975245,1,0.0005258112974948474,0.0004014036380026946,7,1
428,5,1.3506463236575692,1.3437861014914367,0,1.1757823646534185,1.5928381422177975,0.008125406466960408,1162.5163211796842,11.625163211796842,0.0,211.15762024505665,267.7979455454948,63341.11998560511,217864.71070542053,16804.7940564171,14249.61690113696,34191.57274984231,3.0968951199769004,3.0968951199769017,176.2261137317182,49548.41539423969,34090.443629257665,22943.644820975245,1,0.00027200066628933783,0.0003933536022814521,7,1
429,5,1.35054009958799,1.3443531836214055,0,1.1752863899528332,1.5978323086462785,0.0112862712951129,1560.6665509074867,15.606665509074867,0.0,209.91004424991107,267.82915887651296,63348.48213738918,217880.91806547242,16831.88470742365,14226.85918040843,34939.71585897489,3.030151876086317,3.0301518760863186,176.2261137317182,49548.41539423969,34098.2469620122,22945.985820801605,1,0.0003573392656555567,0.00038505040981324736,7,1
430,5,1.2761162317690635,1.3443531836214055,1,1.1752863899528332,1.513032657823559,0.042384393782557706,1561.2582507411223,15.612582507411224,0.0,210.80431450270484,267.82915887651296,63383.98759169687,217898.33190746352,16850.12414355507,14211.667418894494,33768.0245530224,2.6592907703691138,2.659290770369112,176.2261137317182,49548.41539423969,34098.2469620122,22965.972231458185,1,0.00036987849219065615,0.00033307280804518357,7,1
431,5,1.3155099247176187,1.3232263543152438,0,1.194051187725651,1.569763925202845,0.006478528352629777,2029.497902458183,20.29497902458183,0.0,212.68163103511841,267.86974883456213,63392.67347955707,217915.73622641675,16904.278111597047,14166.299319892421,34352.630023210404,3.145598718628415,3.1455987186284173,176.2261137317182,49548.41539423969,34108.39445152449,22969.01647831187,1,0.0004726270800429429,0.0003999482792963853,7,1
432,5,1.242501544682969,1.269624407993114,0,1.2444625276994277,1.5098094021478494,0.04442442902034851,1751.7366376755188,17.517366376755188,0.0,212.39356369267458,267.86974883456213,63257.704768925985,217777.56758714208,17058.791010385306,14038.576094886508,33609.5470814199,3.295363250437769,3.295363250437772,176.2261137317182,49548.41539423969,34108.39445152449,23119.64936894359,1,0.00041696167661691997,0.00041982241628350634,7,1
433,5,1.2388682045328807,1.2457085894772653,0,1.2683544236160504,1.538847010694007,0.026046195763286695,1861.8028496508527,18.61802849650853,0.0,212.03090353361188,267.86974883456213,63155.645271885456,217680.44704665296,17247.572844492024,13885.376164047233,34251.40340545668,3.4487658676596795,3.448765867659677,176.2261137317182,49548.41539423969,34108.39445152449,23229.77535998306,1,0.0004348558399459321,0.0004414815322019317,7,1
434,5,1.2458256988430927,1.2501638717617585,0,1.2638343145954372,1.566335009881128,0.008648727923336786,1420.483822509783,14.20483822509783,0.0,209.5308359233449,267.86974883456213,63075.328952214644,217616.8237947251,17352.489203814486,13801.75815048024,34241.550538597054,3.1036660657160646,3.103666065716068,176.2261137317182,49548.41539423969,34108.39445152449,23304.965507976704,1,0.0003318737148678159,0.0003945637438102227,7,1
435,5,1.3374714554779001,1.3548886612294846,0,1.166147481495815,1.6266157900628462,0.02950366459673804,3341.2836647343543,33.412836647343546,0.0,216.0233728954796,268.31943199119917,63416.24838003984,217948.25300690628,17067.329481582074,14033.471298081091,34148.99113539033,4.001306328031141,4.001306328031136,176.2261137317182,49548.41539423969,34220.81524068375,23304.965507976704,1,0.0007827542902189256,0.0005164946150108912,7,1
436,5,1.4080813044875073,1.3701586324129604,0,1.1531511480663315,1.6718814340171202,0.058152806339949445,1260.8023694638377,12.608023694638378,0.0,209.65121530835734,268.5389503678582,63704.03948602469,218206.6687946243,16864.181402665425,14203.243163914416,34029.925179234175,3.658366668758361,3.6583666687583607,176.2261137317182,49548.41539423969,34275.69483484852,23304.965507976704,1,0.00029639850521521755,0.000470342170100653,7,1
437,5,1.41953195752986,1.4085468101620535,0,1.1217234589585423,1.599560534446109,0.012380085092474015,2014.5979012648609,20.14597901264861,0.0,207.96088612716383,268.81819057198385,64237.46497687972,218687.64871695827,16429.494330838974,14580.374888254868,34440.51042547567,3.985037900828102,3.985037900828097,176.2261137317182,49548.41539423969,34345.504885879935,23304.965507976704,1,0.0004679600566604057,0.0005157042840315163,7,1
438,6,1.399631557208363,1.3921685618554502,0,1.134920040066278,1.8861490069985143,0.1937651943028571,2322.2557618002284,23.222557618002284,0.0,211.0779888785893,274.3032931203253,61021.103622020986,218689.50310770248,19646.067223277016,14578.51715782127,34101.279459889236,3.411520992364681,3.411520992364686,170.50639729944618,49377.90899694024,34357.11616468894,23324.62458122023,1,0.0005447902949287807,0.00043638295226813465,10,1
439,6,1.400773318323291,1.3954668723797155,0,1.1322375552388404,1.8132945947804742,0.14765480682308488,2464.139555692629,24.64139555692629,0.0,212.64052091380898,275.29255446934405,61598.01832160664,219210.2490436003,19255.8363938413,14875.168061567489,34153.7977943844,4.096094631574767,4.096094631574763,170.50639729944618,49377.90899694024,34604.431501943625,23324.62458122023,1,0.000577186659129963,0.0005299790035730498,10,1
440,6,1.3977516173673827,1.4242746822422065,0,1.109336576504076,1.7058735828618814,0.07966682459612742,2320.300847063351,23.20300847063351,0.0,212.56551841551985,275.9624935889217,62241.44888344338,219787.8495710881,18697.89280147997,15320.601811996425,33533.00806430489,4.308504099575196,4.308504099575189,170.50639729944618,49377.90899694024,34771.91628183803,23324.62458122023,1,0.0005535562673324872,0.0005585110737970769,10,1
441,6,1.3727019134430616,1.4242746822422065,1,1.109336576504076,1.6154564805755698,0.022440810490866908,1540.9021345623705,15.409021345623705,0.0,208.09237838526371,276.1418274257382,62592.06444329315,220109.19141806007,18361.444361758495,15602.271006387002,32885.60735878531,3.894576347582337,3.8945763475823405,170.50639729944618,49377.90899694024,34816.74974104216,23324.62458122023,1,0.0003748514340029599,0.0005018647868218033,10,1
442,6,1.3588907211553682,1.3530997910288514,0,1.1676891907570406,1.5983565062528813,0.011618041932203298,2094.9654454359616,20.949654454359617,0.0,208.84979052333108,276.18372673464694,62605.086638898516,220129.03634611488,18356.65388174682,15606.459844084275,33662.53954954602,3.6970742959512886,3.6970742959512846,170.50639729944618,49377.90899694024,34827.22456826934,23327.767029388382,1,0.0004978746044641103,0.0004754274352665191,10,1
443,6,1.3563986252490563,1.3498842318045412,0,1.170470743174648,1.6028191417650008,0.014442494787975171,2223.0612462300282,22.230612462300282,0.0,210.53964315753055,276.2281879595715,62619.52423710109,220148.92824077047,18399.20555226371,15570.47608583174,33834.15730201774,3.629812124537637,3.62981212453764,170.50639729944618,49377.90899694024,34838.33987450049,23331.101621257727,1,0.0005256371486095688,0.0004661210623588797,10,1
444,6,1.3626293633142446,1.3689410254630352,0,1.1541768203386085,1.5819811098229912,0.001253866976576681,1892.310924814803,18.92310924814803,0.0,209.7352082050349,276.2660341780678,62756.58479808692,220279.3947780255,18237.72961307617,15708.952361475383,31613.177831400815,3.897943197770979,3.8979431977709753,170.50639729944618,49377.90899694024,34847.80142912456,23333.94008764495,1,0.0004788663600747417,0.0005007927043828069,10,1
445,6,1.3350153081921416,1.3161198530262004,0,1.200498568855299,1.5666539966727442,0.008446837548896129,1601.9201482106914,16.019201482106915,0.0,207.22351938530562,276.2660341780678,62667.91663020348,220204.44425347995,18336.167880608118,15625.061351250162,32265.3193826461,3.6452006100125804,3.6452006100125818,170.50639729944618,49377.90899694024,34847.80142912456,23422.60483690294,1,0.00039718686908700717,0.0004672301259237726,10,1
446,6,1.356277631262449,1.3621891461958446,0,1.1598976576875766,1.5902500251197107,0.006487357670702928,1801.2670647801103,18.012670647801105,0.0,207.0915974126695,276.3020595193634,62738.23312076631,220272.4157864121,18328.586873430482,15631.91447660125,32870.23698930765,3.4284499844212983,3.4284499844213,170.50639729944618,49377.90899694024,34856.807764448466,23425.306737500112,1,0.0004383946645388762,0.00043814929790020834,10,1
447,6,1.296870430603609,1.3082947853139402,0,1.207678894493844,1.5368561987278877,0.02730620333677998,1665.0498656141754,16.650498656141753,0.0,206.51367766226622,276.3020595193634,62659.281697541715,220194.90356446974,18426.59712236188,15549.215967256418,33214.31715208522,3.2360646349045505,3.236064634904549,170.50639729944618,49377.90899694024,34856.807764448466,23515.222151274258,1,0.00040104388911325667,0.00041220847424638,10,1
448,6,1.314760734898746,1.3176478416418178,0,1.199106430464217,1.5647965857077162,0.009622414109040436,1128.0332919568118,11.280332919568119,0.0,202.78827655857728,276.32462018520255,62635.49117153553,220183.62221334883,18466.550702049826,15515.815917435166,33130.025282603696,2.9288637496433796,2.9288637496433836,170.50639729944618,49377.90899694024,34862.44793090825,23542.13276513676,1,0.000272389358555457,0.00037060930406919657,10,1
449,6,1.3803821105106249,1.4020724164120755,0,1.126903276539199,1.5775224218623611,0.0015680874288854026,1674.4580750844354,16.744580750844356,0.0,203.92185257865938,276.4555295140896,63033.30159914547,220540.99809641778,18096.092648290258,15834.654528937132,33047.39078706424,2.8502587058228164,2.850258705822817,170.50639729944618,49377.90899694024,34895.17526313002,23542.13276513676,1,0.0004053471176283895,0.0003595934550990344,10,1
450,6,1.3639581009948827,1.3823575635459207,0,1.1429749014770836,1.5546151954540628,0.016066331991099542,1544.8633453744715,15.448633453744716,0.0,204.70618178560352,276.48642678099714,63042.00700964229,220555.90169537242,18072.186102878248,15855.823814013593,31852.958118017817,2.8278598164312743,2.8278598164312783,170.50639729944618,49377.90899694024,34902.899579856894,23544.450060154824,1,0.00038799871324995977,0.0003552450631446021,10,1
451,6,1.3447710439092682,1.3494113051818621,0,1.170880956705088,1.5546304028551083,0.016056707053728945,1067.1183882192615,10.671183882192615,0.0,201.44394921977585,276.48642678099714,62935.538717843665,220462.4893250728,18201.01171710879,15744.059476818551,31994.462425701837,2.8095626713233632,2.809562671323364,170.50639729944618,49377.90899694024,34902.899579856894,23648.505582292084,1,0.00026682577104018417,0.0003533905339728445,10,1
452,6,1.370270342079312,1.3562036692930715,0,1.1650167565344987,1.5929444847812624,0.00819271188687488,986.081067628781,9.86081067628781,0.0,199.05507412564168,276.5061484023497,62940.95112440173,220474.27327823045,18251.779284906966,15700.403926957844,32671.333514345188,2.403327935134609,2.403327935134608,170.50639729944618,49377.90899694024,34907.829985195036,23649.984703893526,1,0.00024145474617883397,0.00029875974348965933,10,1
453,6,1.409655466167012,1.4052189249164497,0,1.1243799610042557,1.6021360763010708,0.014010174874095397,1335.1084224255872,13.351084224255871,0.0,200.1617501385877,276.6128452456842,63188.87936095373,220705.43653112603,18047.29614310478,15879.094188053072,31813.704789559564,2.283409357953911,2.283409357953909,170.50639729944618,49377.90899694024,34934.504196028654,23649.984703893526,1,0.00033573164301536743,0.0002813373867447952,10,1
454,6,1.4541183163031717,1.4052189249164497,1,1.1243799610042557,1.6304020354147508,0.0319000224143992,1106.3616932056207,11.063616932056206,0.0,199.53594933112322,276.7174509719734,63341.17103644521,220855.2700269538,17925.544286183405,15987.383301819893,31580.800292539316,2.3170741542231603,2.3170741542231585,170.50639729944618,49377.90899694024,34960.65562760095,23649.984703893526,1,0.000280261850987225,0.0002858160800604755,10,1
455,6,1.4490267007485769,1.475832017418837,0,1.0705825468967316,1.55182142639348,0.017834540257291198,2385.568625110631,23.85568625110631,0.0,203.8025983897012,276.837824459423,63748.76152459626,221247.10197445555,17519.572883366593,16359.052956697587,32125.08485831251,3.1760450276293772,3.1760450276293755,170.50639729944618,49377.90899694024,34990.74899946336,23649.984703893526,1,0.0005940699949916812,0.00040335449633142456,10,1
456,6,1.3932560402926981,1.4054622460452748,0,1.1241853023415207,1.525404300161961,0.03455424040382216,1769.0931158576782,17.69093115857678,0.0,203.59751080911,276.837824459423,63603.890649806686,221094.1491595507,17714.400398105576,16179.773029486987,32600.99151844951,3.411847012943829,3.411847012943826,170.50639729944618,49377.90899694024,34990.74899946336,23816.82961348116,1,0.0004341200763434487,0.00043615064077411823,10,1
457,6,1.0447812493175797,1.0608077082600549,0,1.4894311077278355,1.1726337694103575,0.25782672822129277,786.9973580811283,7.8699735808112825,0.0,196.10649205678502,276.837824459423,63501.62226063899,220944.7906844893,17936.044596425363,15980.473673968883,32275.788111803224,3.1983676964625563,3.1983676964625585,170.50639729944618,49377.90899694024,34990.74899946336,23978.794545847206,1,0.0001950681682145073,0.00040775274651654573,10,1
458,6,1.0462271843803153,1.0315185842660421,0,1.5317222821770289,1.2051234259876424,0.23726365443820102,1697.094495641187,16.97094495641187,0.0,197.92773461920538,276.837824459423,63446.26209575276,220763.60980153157,18170.71909978669,15774.898962200063,30731.199978594108,2.8411309133480445,2.841130913348045,170.50639729944618,49377.90899694024,34990.74899946336,24170.330348696174,1,0.0004417906223833244,0.0003569929556470934,10,1
459,6,0.7448218499588234,0.746544372488069,0,2.116418070012645,0.8856027855552385,0.43949190787643133,853.643402138317,8.53643402138317,0.0,195.47816827884301,276.837824459423,63327.52162290305,220586.60410405672,18461.783852026834,15526.983684435207,30324.053775837612,2.332980271924793,2.3329802719247925,170.50639729944618,49377.90899694024,34990.74899946336,24355.47852161284,1,0.00022520561622760486,0.00028735480227514554,10,1
460,6,0.7548923066985139,0.7595479473670641,0,2.0801846749464508,0.9251643803282267,0.41445292384289456,803.2716289606028,8.032716289606029,0.0,192.5637200052328,276.837824459423,63214.89090299513,220422.76994757887,18743.78025270206,15294.077260294423,29778.88047405842,2.3841540976328335,2.384154097632836,170.50639729944618,49377.90899694024,34990.74899946336,24527.242193159203,1,0.000215796327107828,0.0002942641885729191,10,1
461,6,0.708921267086453,0.6985540192527239,0,2.261815058612361,0.898344033306741,0.43142782702105004,1163.6007948851989,11.636007948851988,0.0,193.65956953767068,276.837824459423,63117.232477373735,220236.58073546554,19060.11008125551,15041.138905185113,29818.88047405842,2.0697887968208883,2.0697887968208897,170.50639729944618,49377.90899694024,34990.74899946336,24720.084222026493,1,0.0003121782646125829,0.00025106006931600525,10,1
462,6,0.6827553629451275,0.6703342702361889,0,2.357033006000566,0.895520726188702,0.4332147302603152,1088.0746970991397,10.880746970991398,0.0,193.9079254454942,276.837824459423,63021.1527274237,220061.90522522744,19391.946458424085,14784.644347409469,29136.22286698476,2.2546245872432813,2.2546245872432777,170.50639729944618,49377.90899694024,34990.74899946336,24901.60424007577,1,0.00029875518239039114,0.00027557659137026735,10,1
463,6,0.6498080246267687,0.6494431170816211,0,2.432853560909212,0.8740275204852681,0.446818025009324,612.9970921299956,6.1299709212999565,0.0,190.5710928940767,276.837824459423,62902.8493056579,219919.04358954635,19637.91759579396,14600.085399623547,29176.22286698476,2.1340104882942397,2.1340104882942414,170.50639729944618,49377.90899694024,34990.74899946336,25050.80418657492,1,0.00016808127492709855,0.00025967157397669083,10,1
464,6,0.6846570687428436,0.6494431170816211,1,2.432853560909212,0.9418809217938504,0.40387283430768967,859.2575090052255,8.592575090052256,0.0,190.0820254285572,276.837824459423,62831.18225283914,219787.37445985965,19860.823376168384,14436.913203050264,29216.22286698476,1.9459595711217865,1.9459595711217845,170.50639729944618,49377.90899694024,34990.74899946336,25188.12312551795,1,0.00023528229858246687,0.00023403958529998555,10,1
465,6,0.6750018709757545,0.6799636132536748,0,2.3236537502934698,0.9508246141150939,0.39821226954740896,603.9769383405162,6.0397693834051625,0.0,188.82601179797308,276.837824459423,62731.917043457,219661.72196744516,20097.487359591738,14267.44887358785,28465.32968841126,1.6366858195785878,1.6366858195785878,170.50639729944618,49377.90899694024,34990.74899946336,25318.299656334686,1,0.0001697438799976818,0.00019103581783574906,10,1
466,6,0.7247804494383717,0.6799636132536748,1,2.3236537502934698,1.0527840827429278,0.33368096028928623,1262.4512069641262,12.624512069641263,0.0,190.6196286009631,276.837824459423,62653.88280545858,219489.44056110628,20409.10152298753,14050.476272328147,28505.32968841126,2.0917895760752536,2.09178957607525,170.50639729944618,49377.90899694024,34990.74899946336,25496.185707751556,1,0.0003543060110551526,0.00025311072987843375,10,1
467,6,0.6928738564643682,0.6916198336436123,0,2.284492033255028,1.034779149557412,0.34507648762189125,1129.3696155365449,11.29369615536545,0.0,191.23290785556628,276.837824459423,62594.54799710746,219345.0723982332,20694.945168253056,13857.050051867689,28545.32968841126,2.289892165256343,2.2898921652563415,170.50639729944618,49377.90899694024,34990.74899946336,25646.533923967632,1,0.00031651261424948057,0.0002801875017674383,10,1
468,6,0.7144243733670187,0.7059638010755016,0,2.238075093358819,1.0954126257789165,0.30670086976017946,1148.9343628826255,11.489343628826255,0.0,190.58413090871,276.837824459423,62523.71819556136,219193.4679114551,20969.595643787638,13676.298661356084,28585.32968841126,2.6581047462621803,2.658104746262178,170.50639729944618,49377.90899694024,34990.74899946336,25804.913842668964,1,0.00032154517730776104,0.00033078793420413145,10,1
469,6,0.7131755883944841,0.7113645101055193,0,2.2210835339053294,1.125247026379285,0.2878183377346297,1027.4212059104175,10.274212059104174,0.0,189.64274775582328,276.837824459423,62458.162834539224,219058.00639956564,21272.293973194923,13482.266929110821,28112.74022003431,2.5102665684092553,2.5102665684092544,170.50639729944618,49377.90899694024,34990.74899946336,25946.491364716207,1,0.0002923716999108424,0.0003101431638226947,10,1
470,6,0.7387434992293093,0.7489995892645547,0,2.1094804625345756,1.1931672147581724,0.24483087673533394,659.9288847108326,6.599288847108326,0.0,186.88119546100538,276.837824459423,62345.71769786251,218937.67037863942,21522.864020056495,13325.77335594632,27664.692589764178,2.2047987155345834,2.2047987155345843,170.50639729944618,49377.90899694024,34990.74899946336,26071.996678031595,1,0.0001908364266313962,0.00026825110128333323,10,1
471,6,0.7356728041971098,0.7333074411992726,0,2.154621528749281,1.215613364149742,0.2306244530697836,1172.2612457797175,11.722612457797174,0.0,187.9974373399604,276.837824459423,62312.05092570793,218828.89612064787,21770.088114635222,13174.963556043154,27511.15519521236,2.2547115315747996,2.254711531574802,170.50639729944618,49377.90899694024,34990.74899946336,26185.898314164984,1,0.00034088317628587863,0.00027469710094270576,10,1
472,6,0.7391504807501449,0.737978917198215,0,2.1409825716953717,1.2398614248757018,0.2152775791925938,947.0546256529905,9.470546256529905,0.0,187.83593995135593,276.837824459423,62265.332050922014,218735.7956275689,21934.70056434863,13076.497213286677,26763.887520549335,2.238856070926612,2.238856070926611,170.50639729944618,49377.90899694024,34990.74899946336,26283.88125897414,1,0.0002830843239572999,0.00027160130895819155,10,1
473,6,0.7601669702122651,0.7625357291750028,0,2.072034056305037,1.293651653212506,0.18123313087816081,641.4616579350626,6.414616579350626,0.0,185.4857864078465,276.837824459423,62187.71945795786,218654.66741513502,22093.83398791062,12982.631608173655,24766.818106174243,2.2958673665358265,2.2958673665358256,170.50639729944618,49377.90899694024,34990.74899946336,26369.58223032486,1,0.00020720034529591816,0.00027705594851303223,10,1
474,6,0.7688613922834291,0.7761766885738983,0,2.0356189811665173,1.3254188960831677,0.16112728096002052,847.947138121605,8.479471381216051,0.0,185.44216817621893,276.837824459423,62136.493353301106,218581.98024664365,22236.913725174563,12899.396935828352,24845.327574511382,2.129835710634311,2.1298357106343113,170.50639729944618,49377.90899694024,34990.74899946336,26446.464473690117,1,0.00027303230696511553,0.0002544389920727779,10,1
475,6,0.7180171796849255,0.7307189122644067,0,2.16225414927852,1.2636347110101571,0.20023119556319174,1129.0490085310835,11.290490085310834,0.0,186.67148005704405,276.837824459423,62086.89125138733,218479.80325486598,22468.453801560194,12766.929944161384,24885.327574511382,2.3255663502668567,2.325566350266858,170.50639729944618,49377.90899694024,34990.74899946336,26553.132317573916,1,0.00036296054537373376,0.0002810643992115891,10,1
476,6,0.7061186168208086,0.7065864550414401,0,2.236102869969869,1.2635267068530365,0.20029955262466048,646.6889130193706,6.466889130193707,0.0,184.40584959162553,276.837824459423,61995.649924442885,218388.41551503105,22656.31580740341,12661.423215995294,24071.06455692504,2.350193184517127,2.3501931845171264,170.50639729944618,49377.90899694024,34990.74899946336,26648.846570875656,1,0.0002149265684498607,0.00028363980692957,10,1
477,6,0.6383281425940964,0.7065864550414401,1,2.236102869969869,1.1666401557801387,0.2616201545695325,940.0018794054575,9.400018794054576,0.0,184.33170990352207,276.837824459423,61915.36161500928,218264.65654649097,22897.664422598886,12528.47634997316,24051.953856474043,2.4467232707379,2.446723270737899,170.50639729944618,49377.90899694024,34990.74899946336,26777.006161863574,1,0.0003126571371339757,0.0002968480836525234,10,1
478,6,0.6518979586498813,0.6624291039522843,0,2.3851609033678716,1.2201742915828446,0.22773779013744014,1047.3388069812897,10.473388069812897,0.0,185.1844278884106,276.837824459423,61844.14684459802,218147.9262360682,23172.53784865642,12380.305194498183,23388.416254158452,2.4445080664132486,2.4445080664132477,170.50639729944618,49377.90899694024,34990.74899946336,26897.908794840234,1,0.0003582418905495829,0.00029527519871113973,10,1
479,6,0.5337778574366989,0.5313173579607254,0,2.9737406021596464,1.0122418184896282,0.3593406212090961,406.35036161647906,4.063503616164791,0.0,181.3884997541338,276.837824459423,61808.98074269573,218093.448135988,23324.85886443352,12299.722222747003,23428.416254158452,2.252749288512187,2.252749288512185,170.50639729944618,49377.90899694024,34990.74899946336,26956.19964935686,1,0.00013875470102913288,0.0002698845762375638,10,1
480,6,0.5089470025128752,0.5106509373886983,0,3.0940900805540528,0.9869712696406138,0.375334639467966,814.2567774935321,8.142567774935321,0.0,181.4251374437026,276.837824459423,61766.71420847029,217995.43681696567,23587.511589010366,12163.265222842649,22963.22813610216,2.1880048702782244,2.188004870278226,170.50639729944618,49377.90899694024,34990.74899946336,27057.751473472497,1,0.00028367327891965844,0.00026022329016612476,10,1
481,6,0.49253455655752776,0.5106509373886983,1,3.0940900805540528,0.9715944886805631,0.38506677931609934,542.4513451734523,5.424513451734523,0.0,180.52490295699656,276.837824459423,61695.4298974173,217908.99183622285,23790.1740532039,12060.054852342428,22413.65866687397,1.7930164826034587,1.793016482603457,170.50639729944618,49377.90899694024,34990.74899946336,27146.98246914414,1,0.0001936145644888088,0.00020534751481253338,10,1
482,6,0.5052299658247716,0.5006517495367514,0,3.1558863051251893,1.0122096862160854,0.3593609580910852,516.2207118103838,5.162207118103838,0.0,179.28789035250992,276.837824459423,61637.69240916415,217832.46028318343,23975.67608530088,11967.115286640756,21021.18293815766,1.9507520253818058,1.9507520253818074,170.50639729944618,49377.90899694024,34990.74899946336,27226.313838895843,1,0.00019645734051373096,0.00022458172797406608,10,1
483,6,0.4898720790918784,0.4917358611604125,0,3.2131071268047653,1.010246778826025,0.36060330454049055,1141.6284518679547,11.416284518679547,0.0,181.3292643606272,276.837824459423,61592.10291048156,217701.99877392533,24325.648531581133,11795.589227487244,21061.18293815766,2.3186241001418213,2.3186241001418253,170.50639729944618,49377.90899694024,34990.74899946336,27360.006685558055,1,0.0004336426705831821,0.00027457152519524063,10,1
484,6,0.4886154775816426,0.47554132575279456,0,3.3225293248674403,1.0212506739355591,0.35363881396483604,465.2182684226652,4.652182684226652,0.0,178.7032763577882,276.837824459423,61545.94775809172,217637.53118510824,24489.533045000255,11716.971346928356,21101.18293815766,2.2715393407718523,2.2715393407718523,170.50639729944618,49377.90899694024,34990.74899946336,27427.61402592279,1,0.00017637618508350162,0.00026882539872680487,10,1
485,6,0.538575608963283,0.5385942837772635,0,2.9335625118765862,1.1460985244719217,0.2746211870430875,811.675956347642,8.11675956347642,0.0,178.35886964550312,276.837824459423,61521.36697027382,217553.70690166773,24711.165038172887,11612.2920276495,20574.630671346804,2.5687595079630707,2.5687595079630707,170.50639729944618,49377.90899694024,34990.74899946336,27514.83303600627,1,0.0003156026348421486,0.0003085404968362774,10,1
486,6,0.5376054298013369,0.5264813731062079,0,3.0010558411176005,1.1646560700072826,0.26287590505868197,566.7630410034884,5.667630410034884,0.0,177.48412847482214,276.837824459423,61457.64447844952,217476.4649970004,24933.2233167549,11509.17990531996,20047.495060060635,2.070632048425299,2.0706320484253022,170.50639729944618,49377.90899694024,34990.74899946336,27594.695189185008,1,0.00022616812297217713,0.00023938231429927577,10,1
487,6,0.5289499528578816,0.528168014680452,0,2.991472327145594,1.1811132059117553,0.2524599962583828,1218.1368690638005,12.181368690638006,0.0,179.49383019126614,276.837824459423,61397.927452717864,217345.33998828704,25313.937506677128,11336.598374977973,18117.67320447382,2.9887545378333042,2.9887545378333087,170.50639729944618,49377.90899694024,34990.74899946336,27729.13002240934,1,0.0005378778412949869,0.00035988286636977085,10,1
488,6,0.5526630358651874,0.5447169155488796,0,2.900589195780575,1.255749633022653,0.2052217512514855,811.0915536721715,8.110915536721715,0.0,178.85603481789326,276.837824459423,61322.106416749964,217257.74226545607,25535.781620114143,11238.452492630076,17549.988216640148,3.1308314570206033,3.1308314570206006,170.50639729944618,49377.90899694024,34990.74899946336,27820.033686933977,1,0.0003697285917961491,0.0003779248520211044,10,1
489,6,0.5939368955782093,0.5936482616406836,0,2.661508677938863,1.362685052158746,0.13754110622864188,879.8379441879304,8.798379441879304,0.0,177.96694163880443,276.837824459423,61261.26300259281,217192.59091428685,25660.29492633414,11184.239442580105,16940.166677026784,3.603023327005673,3.6030233270056744,170.50639729944618,49377.90899694024,34990.74899946336,27888.82241691123,1,0.0004155037956650628,0.00044103674291873294,10,1
490,6,0.6018219907635326,0.5982374492936157,0,2.6410917635892335,1.3973756376954374,0.11558503943326752,1008.3349528402157,10.083349528402158,0.0,178.47222133237568,276.837824459423,61192.923435083365,217125.07590816406,25814.448283495894,11117.771225822538,17129.618871743292,3.4369281831233636,3.436928183123361,170.50639729944618,49377.90899694024,34990.74899946336,27959.80144584513,1,0.00047091997102331187,0.00041871745282817457,10,1
491,6,0.5854981787374456,0.5888034232894636,0,2.683408311679009,1.3726332427440793,0.1312447830733676,413.225099315176,4.13225099315176,0.0,175.0604127553112,276.837824459423,61124.809358983504,217080.42628926586,25939.308690313166,11064.439883100204,16681.27933462425,3.0222350841706414,3.022235084170644,170.50639729944618,49377.90899694024,34990.74899946336,28007.396524670716,1,0.00019817429635985844,0.0003615326876827444,10,1
492,6,0.5849679802585722,0.5892018381293072,0,2.6815938066595963,1.382184211149866,0.1251998663608444,603.132778048283,6.03132778048283,0.0,173.95088325218518,276.837824459423,61078.303425783626,217037.55330015664,26041.42870226198,11021.253048706754,16818.231729990133,2.703759228716459,2.7037592287164594,170.50639729944618,49377.90899694024,34990.74899946336,28052.901493002228,1,0.0002868947402943826,0.0003186630025591843,10,1
493,6,0.5713610033577184,0.5662529745573383,0,2.790272318189846,1.3680131915090548,0.13416886613350967,822.8035945655597,8.228035945655597,0.0,174.82217607062836,276.837824459423,61017.5206235188,216976.14301906346,26214.58690586656,10948.719478809855,17007.82261512538,2.4972729401397684,2.4972729401397715,170.50639729944618,49377.90899694024,34990.74899946336,28116.734096950266,1,0.00038702360116753563,0.0002906975459405922,10,1
494,6,0.5667780693232245,0.5597869042712187,0,2.8225026129487385,1.3747051097291911,0.12993347485494236,730.9081102472751,7.309081102472751,0.0,174.49575823200018,276.837824459423,60939.402513123096,216913.36301095271,26384.964408822274,10878.274242932155,16533.651494266862,2.8856568771424334,2.8856568771424356,170.50639729944618,49377.90899694024,34990.74899946336,28182.202708298555,1,0.000353658408973104,0.0003425255834783407,10,1
495,6,0.5842767302821096,0.581683320524633,0,2.716254608392352,1.4316732887681658,0.09387766533660397,635.9454184669869,6.359454184669869,0.0,173.46928029109677,276.837824459423,60850.24775744728,216858.20461461606,26520.090993322767,10823.050324347989,15642.708373008949,2.9984979977427875,2.9984979977427857,170.50639729944618,49377.90899694024,34990.74899946336,28239.978818365616,1,0.0003252354532488979,0.0003553058211298458,10,1
496,6,0.5523271476247218,0.5526748028825494,0,2.8588240168708587,1.364494884558247,0.13639564268465385,450.9170229497291,4.509170229497291,0.0,171.66798886936533,276.837824459423,60816.43421453845,216826.1359242316,26628.87199066058,10778.969622760476,15745.467266104988,2.607407680335189,2.607407680335189,170.50639729944618,49377.90899694024,34990.74899946336,28274.3217420493,1,0.00022910315220452598,0.0003026656714755093,10,1
497,6,0.5456228336334203,0.544821063447574,0,2.9000347196599114,1.3580872024476724,0.1404511376913466,571.8302382906107,5.718302382906107,0.0,171.44212025205448,276.837824459423,60800.71655831755,216794.93127599047,26729.141806781296,10738.655122381553,14621.616431640838,2.538175396641587,2.5381753966415865,170.50639729944618,49377.90899694024,34990.74899946336,28307.5641613508,1,0.0003128684114859878,0.0002890690056464706,10,1
498,6,0.5614089934244796,0.5573704081740855,0,2.834739657557337,1.413607996548081,0.1053113945898222,862.8263269053522,8.628263269053521,0.0,172.69338163589345,276.837824459423,60725.15723785308,216734.75387217142,26884.197542880313,10676.955930094688,13151.754824155116,3.075191294042014,3.075191294042014,170.50639729944618,49377.90899694024,34990.74899946336,28369.934100003582,1,0.000524843316160758,0.0003556049599504239,10,1
499,6,0.5459190831959043,0.5444125945259886,0,2.902210595211672,1.3850931052880682,0.12335879412147588,721.4271671935219,7.214271671935219,0.0,172.30615030650497,276.837824459423,60677.08062624131,216687.67216458847,26986.82826484466,10636.559007089461,13358.841253418417,3.560491777488468,3.5604917774884726,170.50639729944618,49377.90899694024,34990.74899946336,28419.57825232251,1,0.0004320297867205599,0.00042324717145576855,10,1
500,6,0.5660129855806698,0.5666142574954328,0,2.788493192853933,1.447248942515009,0.08401965663607028,578.630741657593,5.78630741657593,0.0,170.68803553262512,276.837824459423,60595.25626075891,216640.82474355903,27091.862700224585,10595.513765066493,12949.94109268479,3.679295050678635,3.679295050678639,170.50639729944618,49377.90899694024,34990.74899946336,28468.975007619494,1,0.000357456910431478,0.0004381100044375987,10,1
501,6,0.5753024831886594,0.5815136295597855,0,2.7170472361861644,1.4877163850131212,0.05840735125751827,675.5922191798239,6.7559221917982395,0.0,170.22050713091406,276.837824459423,60493.251608145976,216588.7116796822,27245.581156950062,10535.913063411797,13502.522087581257,3.355229481876156,3.3552294818761514,170.50639729944618,49377.90899694024,34990.74899946336,28523.48285476371,1,0.00040027616458480144,0.0003965876205789464,10,1
502,6,0.5698107031037285,0.5762734899013513,0,2.741753746594296,1.4815205829291185,0.06232874498157062,686.1791636806391,6.861791636806392,0.0,169.9956361606455,276.837824459423,60430.27466121404,216551.29125234662,27319.71300615189,10507.49146248768,13361.293915153672,3.3079314705490597,3.307931470549063,170.50639729944618,49377.90899694024,34990.74899946336,28563.22655479271,1,0.00041084593635196435,0.0003895263371227479,10,1
503,6,0.5613577760095071,0.5667543712228775,0,2.7878038180647065,1.469589385884617,0.06988013551606526,863.076027104452,8.63076027104452,0.0,170.59666068966294,276.837824459423,60364.78849739312,216506.8472289972,27413.853995987418,10471.618983402948,12828.37224101656,3.768813329875998,3.768813329876001,170.50639729944618,49377.90899694024,34990.74899946336,28610.19313848338,1,0.0005382294875073313,0.000449783862814699,10,1
504,6,0.5710800695150685,0.5698140353115764,0,2.772834472453895,1.5065446999369474,0.0464906962424384,1289.3636660094335,12.893636660094336,0.0,172.49543488049224,276.837824459423,60295.97741776024,216460.2939947713,27519.37546750824,10431.663166485281,12423.392738632521,4.836560353783035,4.836560353783038,170.50639729944618,49377.90899694024,34990.74899946336,28659.855675013823,1,0.0008302811917069653,0.0005931188718554203,10,1
505,6,0.5349637387492384,0.5295906430490873,0,2.983436397031568,1.4202368229217541,0.10111593485964933,726.5436546266592,7.265436546266592,0.0,170.08103677149106,276.837824459423,60276.26365633727,216430.93626925015,27606.87494378169,10398.742517269447,12688.850694481094,4.933918486395895,4.933918486395894,170.50639729944618,49377.90899694024,34990.74899946336,28692.44031922405,1,0.000458067430767493,0.0006088593699939298,10,1
506,6,0.5567071785016278,0.5535048481609831,0,2.854536875782645,1.4825473345187272,0.061678902203337244,761.9922991886771,7.619922991886771,0.0,168.04644164176585,276.837824459423,60227.31785590266,216398.784739853,27649.913665694206,10382.74128875565,13103.378881049795,4.735114361967218,4.7351143619672165,170.50639729944618,49377.90899694024,34990.74899946336,28727.77938198507,1,0.0004652188148451854,0.0005845224791065478,10,1
507,6,0.5462985211326952,0.5468741699508965,0,2.8891472423023146,1.4671289252716342,0.071437389068586,489.0625442214384,4.890625442214384,0.0,165.91730273206056,276.837824459423,60152.703109101574,216360.82424122488,27766.771892515644,10339.204796675727,13453.733030583775,3.4044384442616975,3.4044384442616935,170.50639729944618,49377.90899694024,34990.74899946336,28768.074098507997,1,0.0002908115052437412,0.0004046992502854732,10,1
508,6,0.5245286071549147,0.5468741699508965,1,2.8891472423023146,1.4205738975346816,0.10090259649703703,499.7527847584362,4.997527847584362,0.0,164.69302828960244,276.837824459423,60093.44632908679,216323.61656426516,27884.08102217569,10295.837622906576,13129.089019356968,3.0385243911376643,3.0385243911376643,170.50639729944618,49377.90899694024,34990.74899946336,28807.29663870218,1,0.00030451635084300033,0.00035351555697730894,10,1
509,6,0.5551842561294151,0.5468741699508965,1,2.8891472423023146,1.5138828183241277,0.04184631751637489,932.5263121761571,9.325263121761571,0.0,166.0281479848692,276.837824459423,60038.376878900934,216290.74048448468,27979.50141376433,10260.885777453106,13603.84676180809,3.2285104919536427,3.228510491953644,170.50639729944618,49377.90899694024,34990.74899946336,28842.371391973567,1,0.0005483897773939434,0.00038123921116022826,10,1
510,6,0.5396720081992212,0.5447101847747108,0,2.900625037245227,1.481738149635029,0.062191044534791795,693.1766419034028,6.9317664190340285,0.0,165.58665051587698,276.837824459423,59992.43097075816,216260.9466594388,28076.0702131437,10225.740086399002,12849.553113604059,3.5959053683740763,3.5959053683740763,170.50639729944618,49377.90899694024,34990.74899946336,28874.465574174956,1,0.0004315646689188118,0.0004281569323852519,10,1
511,7,0.519950750154007,0.5188422606980586,0,3.0452415303916127,1.5908176291892078,0.0068466007526631015,431.42309683243417,4.314230968324342,0.0,63.5950847574529,279.37235579852063,56933.00857377376,216225.9991049994,31174.236416335156,10189.142559611379,13187.1476748885,3.197437458079454,3.197437458079451,65.93573837444251,49311.9732585658,34990.74899946336,28911.299490983034,1,0.00026172337337449707,0.0004138926065624174,13,1
512,7,0.490041199850897,0.48092078455438503,0,3.285364348442556,1.5143029644419963,0.04158040225190112,1328.2758352760939,13.282758352760938,0.0,66.42649891105528,279.37235579852063,56877.58600149266,216188.94006435305,31329.976227286694,10138.644315060857,13633.790384157164,3.7613814926157256,3.7613814926157243,65.93573837444251,49311.9732585658,34990.74899946336,28950.622044204534,1,0.0007794022339199738,0.0004908967587377609,13,1
513,7,0.4958888532565201,0.4930030286762505,0,3.2048484656218372,1.5382485025782766,0.026424998368179405,505.34367125788395,5.05343671257884,0.0,64.23207894829414,279.37235579852063,56829.14669199778,216170.272667167,31390.118195967792,10119.307569417244,13856.720527301184,3.4125334047042966,3.412533404704293,65.93573837444251,49311.9732585658,34990.74899946336,28971.37574192985,1,0.0002917536917987089,0.0004442930996977266,13,1
514,7,0.5061915953215734,0.4973596758420719,0,3.176775433844585,1.5734683064814508,0.0041339832395881765,852.2880769507744,8.522880769507745,0.0,63.6242644614072,279.38940156005964,56766.962699350806,216151.38050841476,31422.90513220974,10108.885201558534,14721.116771041672,3.8912660183213443,3.89126601832134,65.93573837444251,49311.9732585658,34995.01043984811,28994.061423101684,1,0.00046316490261246194,0.0005114402761103816,13,1
515,7,0.5153732811077143,0.5181512917431332,0,3.049302443471017,1.5865993816165482,0.004176823807941874,815.1739627918315,8.151739627918316,0.0,64.3795728964666,279.4057050393155,56882.05689022771,216189.06006657367,31271.667164586313,10157.940245697324,13701.740083350229,3.1666226316213018,3.166622631621302,65.93573837444251,49311.9732585658,34999.086309662074,28995.28418404587,1,0.00047595354040171664,0.00041029071160429584,13,1
516,7,0.538956129492639,0.5392804103773686,0,2.929830139563894,1.627513619621352,0.03007191115275438,581.1794290016279,5.811794290016279,0.0,62.94038555137958,279.4616377876507,57163.9771293748,216285.15931497153,30972.10668827004,10256.50817400023,14394.509770500841,3.230753604496905,3.2307536044969063,65.93573837444251,49311.9732585658,35013.069496745884,28995.28418404587,1,0.0003230006096867064,0.00042070635090029495,13,1
517,7,0.5644804021113191,0.5703171226503806,0,2.770388503605531,1.6770080542378514,0.061397502682184364,1017.684020689011,10.17684020689011,0.0,64.16887468773112,279.62357743599495,57437.94688950315,216385.17314417378,30720.92701065989,10340.654708477769,14685.411279564352,3.4526310678913292,3.452631067891325,65.93573837444251,49311.9732585658,35053.554408831944,28995.28418404587,1,0.000554391838983866,0.000451115329690763,13,1
518,7,0.5839380534431864,0.5823870620867191,0,2.7129723561144865,1.6976785776508014,0.07448011243721606,818.0466614581983,8.180466614581983,0.0,64.37529783322583,279.78579928190715,57801.16532251968,216516.82261069276,30390.899483502813,10453.334877642817,14506.483031672853,3.3947243702755823,3.3947243702755823,65.93573837444251,49311.9732585658,35094.10987030999,28995.28418404587,1,0.00045113438435607535,0.0004428422776755492,13,1
519,7,0.6209345979579638,0.622628818286566,0,2.537627481407072,1.7697890130333873,0.12011962850214382,636.7481340437556,6.367481340437556,0.0,62.853349780981745,279.9685615690168,58153.002416176256,216645.1089190066,30091.53434370748,10557.684922917855,14657.530636087326,3.448962311358237,3.448962311358238,65.93573837444251,49311.9732585658,35139.80044208741,28995.28418404587,1,0.0003475336466163329,0.00045101995665209146,13,1
520,7,0.6283958500905238,0.6351760168525534,0,2.4874994616913777,1.7417643602725559,0.10238250650161759,1124.412765008362,11.24412765008362,0.0,64.42613394061992,280.26354466215463,58616.887925930234,216815.29368798455,29675.22168432034,10706.262329322877,15008.09040449215,3.5585625599801944,3.5585625599801904,65.93573837444251,49311.9732585658,35213.546215371876,28995.28418404587,1,0.0005993635351086681,0.0004660105220270254,13,1
521,7,0.656039008490413,0.6486085541752838,0,2.4359839071333176,1.7812539602206194,0.12737592419026542,741.2661620840698,7.412661620840699,0.0,63.612268280582754,280.48892640344707,58972.08777983408,216953.92411451685,29371.20076595288,10817.46559389097,15251.712213303541,3.4024737515223906,3.4024737515223875,65.93573837444251,49311.9732585658,35269.89165069499,28995.28418404587,1,0.0003888172825277881,0.00044523815475092966,13,1
522,7,0.6919151991874637,0.6925514081969718,0,2.28141908499394,1.8482524702455114,0.1697800444591844,753.577063011855,7.53577063011855,0.0,62.85697671994889,280.77657587862154,59265.47685273603,217077.51085720348,29132.950074322587,10906.264851855296,14666.989253134789,3.5611783255371563,3.5611783255371563,65.93573837444251,49311.9732585658,35341.80401948861,28995.28418404587,1,0.00041103299389179946,0.0004664046038427519,13,1
523,7,0.7123561290923837,0.6925514081969718,1,2.28141908499394,1.8633668957445761,0.17934613654720005,762.1786549864713,7.621786549864713,0.0,63.09036567579949,281.08390228402277,59569.862959970924,217207.54346623702,28829.579851048373,11021.408587301494,14614.470918639621,3.119104027399144,3.1191040273991417,65.93573837444251,49311.9732585658,35418.635620838926,28995.28418404587,1,0.00041721860981740866,0.00040568962874566543,13,1
524,7,0.697899779125119,0.6956579082673788,0,2.2712312779354202,1.7570831171911239,0.11207792227286316,818.8368604519931,8.188368604519932,0.0,63.44479143675022,281.33495306289103,60156.470060694315,217441.425863717,28284.65084484412,11234.443825744556,14867.30717854511,3.2433251916165964,3.2433251916165924,65.93573837444251,49311.9732585658,35481.39831555599,28995.28418404587,1,0.0004406107175258476,0.00042295410707835195,13,1
525,7,0.7185962435064805,0.7156803499936587,0,2.2076895083314776,1.7522471753959616,0.1090171996176972,798.5452311293195,7.985452311293195,0.0,63.492241895292494,281.56868488951903,60643.62652436037,217651.20168147876,27836.70810476184,11415.828860530495,15008.264229231685,3.2775610146625787,3.277561014662577,65.93573837444251,49311.9732585658,35539.831272212985,28995.28418404587,1,0.0004256562752001598,0.0004278285341811387,13,1
526,7,0.7326343607744109,0.7156803499936587,1,2.2076895083314776,1.7490682906608774,0.10700524725371985,712.3339418739355,7.123339418739355,0.0,62.91118911769587,281.75568716324074,60980.58207692616,217797.88727840458,27544.186276863744,11537.466783744914,15296.988450282177,3.1645312413123277,3.1645312413123308,65.93573837444251,49311.9732585658,35586.58184064341,28995.28418404587,1,0.00037253551923067333,0.00041293417065222694,13,1
527,7,0.7270652924748517,0.7197214743743025,0,2.1952936743670044,1.6871000373013176,0.06778483373501111,570.0048859613916,5.700048859613916,0.0,61.734390646827705,281.86664640240656,61369.25681415218,217970.04971159674,27155.887845840043,11702.983286416495,15732.482006374432,2.790791450458803,2.790791450458803,65.93573837444251,49311.9732585658,35614.32165043486,28995.28418404587,1,0.00028984867650530365,0.0003626801569787123,13,1
528,7,0.7977722016748594,0.7895381226227641,0,2.0011699938584386,1.8097871698140464,0.1454349176038268,1604.0769803978465,16.040769803978463,0.0,65.41103894599573,282.40698365719896,61719.761282945794,218144.8508193643,26851.11693351418,11836.239658876408,15631.617226253853,3.76215708967294,3.7621570896729404,65.93573837444251,49311.9732585658,35749.40596413296,28995.28418404587,1,0.0008209397439460032,0.0004944413132273268,13,1
529,7,0.8325179883601174,0.8243286753462665,0,1.9167111945199615,1.8267385483533127,0.15616363819829915,1289.8898364911859,12.898898364911858,0.0,66.83856815498982,282.9071223399699,62220.441631307316,218393.19869171185,26408.35521487991,12035.34615241447,14165.142418175607,4.6477957390046996,4.647795739004705,65.93573837444251,49311.9732585658,35874.44063482569,28995.28418404587,1,0.0007284867590663118,0.0006130917265058729,13,1
530,7,0.8686410299436721,0.8548325997110879,0,1.8483150976390004,1.8625104190438164,0.17880406268595972,728.8063059580842,7.288063059580842,0.0,63.417315369276935,283.20556006637383,62556.29398221518,218564.5509612053,26105.85192913381,12175.295169044804,14205.142418175607,4.931974500234479,4.93197450023448,65.93573837444251,49311.9732585658,35949.05006642667,28995.28418404587,1,0.00041044646199425364,0.0006532909883355229,13,1
531,7,0.8501204908655997,0.8519792509799239,0,1.8545052572380443,1.7688398365943563,0.11951888392047862,2034.3744163243098,20.343744163243098,0.0,67.6016860227794,283.81518274632316,62987.36911958763,218798.4726920537,25717.16216759741,12359.901712571987,13826.58403902031,5.814089917696737,5.814089917696737,65.93573837444251,49311.9732585658,36101.455736414006,28995.28418404587,1,0.0011770799848078493,0.0007720044019561383,13,1
532,7,0.8601281159225593,0.8519792509799239,1,1.8545052572380443,1.7427419730954106,0.1030012487945636,971.9536655298289,9.719536655298288,0.0,65.50374207987986,284.06955031850504,63341.72386615938,218987.29042990584,25378.396175608068,12525.47561524014,14035.486512695077,5.3813882798194514,5.38138827981945,65.93573837444251,49311.9732585658,36165.04762945948,28995.28418404587,1,0.0005539978480407919,0.0007138414316142983,13,1
533,7,0.8322988029047305,0.8236211306861568,0,1.9183577753568632,1.6373199959211167,0.03627847843108645,1094.8783885778473,10.948783885778473,0.0,63.08706802044563,284.21287674230837,63721.6230384111,219187.90987367168,25007.286287007744,12711.95275964564,14684.27691519361,5.820561339518842,5.82056133951884,65.93573837444251,49311.9732585658,36200.87923541031,28995.28418404587,1,0.000596490188737856,0.0007758560071954991,13,1
534,7,0.853542253003515,0.8471965693988468,0,1.864974501869307,1.634706073632638,0.03462409723584678,1018.3166959776393,10.183166959776393,0.0,62.88336024129695,284.3406916788729,64095.65135495447,219385.10041199168,24674.99092625795,12883.751817987373,15191.572239608658,4.255490948527601,4.255490948527597,65.93573837444251,49311.9732585658,36232.83296955145,28995.28418404587,1,0.0005362534857702769,0.0005622471741829749,13,1
535,7,0.866634270292943,0.8683397070713386,0,1.8195643791631826,1.6344418192282295,0.03445684761280344,1118.1503708041923,11.181503708041923,0.0,63.07812736535491,284.4557370117258,64335.16382211251,219515.40856719358,24486.266706672668,12983.415885403538,15918.600113418404,4.268348521504974,4.268348521504971,65.93573837444251,49311.9732585658,36261.59430276467,28995.28418404587,1,0.0005619340207493046,0.0005648925650858125,13,1
536,7,0.8601050368604586,0.8577758986315343,0,1.8419729471540025,1.5940657679552261,0.008902384781788652,899.7077161323514,8.997077161323514,0.0,61.995594367603594,284.5011613777191,64549.93051179975,219635.0612361581,24273.88549654294,13097.38380903305,16426.67049126301,3.8762220611429803,3.8762220611429754,65.93573837444251,49311.9732585658,36272.950394262996,28995.28418404587,1,0.00043816924025395727,0.0005121189155911796,13,1
537,7,0.8316548703679469,0.8577758986315343,1,1.8419729471540025,1.5473340367426232,0.02067466028947906,1199.8571006299874,11.998571006299874,0.0,62.92879192091141,284.5011613777191,64552.477625210384,219631.79464458945,24321.125274456266,13072.020524999904,16590.72257668893,3.9798776587603277,3.979877658760325,65.93573837444251,49311.9732585658,36272.950394262996,29003.398611142526,1,0.0005785677363158932,0.0005262236657730517,13,1
538,7,0.8387022065608317,0.8518978638731345,0,1.854682429671282,1.55996789763908,0.01267854579805064,694.1996260850111,6.941996260850111,0.0,60.822953812919565,284.5150453702408,64556.42499393686,219636.82438815664,24317.43467530624,13074.042197243283,17228.516133592802,3.387301163970183,3.387301163970181,65.93573837444251,49311.9732585658,36276.42139239342,29004.439910581652,1,0.0003223491196581625,0.0004463620320760043,13,1
539,7,0.8584626502743855,0.8682221795774141,0,1.8198106857498462,1.5743958941943996,0.003546902408607877,1859.5362596047225,18.595362596047227,0.0,64.29168123899035,284.5522360954329,64719.6857449364,219727.6012288729,24147.240381420044,13166.640011630345,17905.639944711304,4.344939269276245,4.344939269276247,65.93573837444251,49311.9732585658,36285.71907369145,29007.22921497106,1,0.000830815883865224,0.0005772442466130933,13,1
540,7,0.8606468555085198,0.8806517093027337,0,1.7941258539666987,1.556684045970979,0.014756932929760184,698.7596037796901,6.9875960377969015,0.0,60.83318632284302,284.56621128750845,64893.78189741597,219827.60654282517,23980.844435889197,13258.334862238187,18760.681977750228,3.6494440317466372,3.649444031746633,65.93573837444251,49311.9732585658,36289.21287171035,29008.27735437673,1,0.00029796767712747513,0.0004837108935502872,13,1
541,7,0.859389552318515,0.8701154526748104,0,1.8158509829275449,1.5468033835176727,0.021010516760966717,1283.767055385811,12.83767055385811,0.0,61.087120034525896,284.56621128750845,64889.29649681485,219820.34537009956,23922.286338904883,13290.999467866051,18410.96646390617,4.2251920710204995,4.225192071020494,65.93573837444251,49311.9732585658,36289.21287171035,29021.444927429806,1,0.0005578271223958072,0.0005622035611295022,13,1
542,7,0.8473689430661431,0.8570167276926991,0,1.843604621643443,1.5323709680359907,0.03014495693924643,1208.0161652365196,12.080161652365195,0.0,62.13113551499022,284.56621128750845,64825.64319642959,219774.50158699774,23978.927278630992,13259.842876034061,18933.10726101942,3.4442725158819387,3.444272515881935,65.93573837444251,49311.9732585658,36289.21287171035,29072.214265098864,1,0.0005104354604164329,0.00045541008664657176,13,1
543,7,0.7912688469145667,0.7931982960289847,0,1.9919356961682937,1.443527611460414,0.08637492945543417,613.6487656362182,6.136487656362182,0.0,58.55415288763376,284.56621128750845,64765.53760658107,219727.54473495955,24084.52254924498,13201.917465748153,19221.14675979915,3.3321175334612314,3.332117533461234,65.93573837444251,49311.9732585658,36289.21287171035,29123.978288979488,1,0.000255405683460951,0.00044122275542439704,13,1
544,7,0.7747029428487945,0.7860276295606957,0,2.0101074575241697,1.426737285991049,0.09700171772718423,966.3834603322063,9.663834603322062,0.0,58.924443054656216,284.56621128750845,64697.501909885876,219661.20173185607,24198.97209969283,13139.780591439257,19475.683703756953,2.9399149964758324,2.939914996475829,65.93573837444251,49311.9732585658,36289.21287171035,29194.56908202473,1,0.0003969600143570975,0.0003876003860781605,13,1
545,7,0.8283048450401389,0.828477250901734,0,1.9071133193823864,1.5357298763898826,0.02801906557602374,1458.370322185139,14.58370322185139,0.0,61.54137045611371,284.56621128750845,64630.47531369857,219611.56705772722,24280.54696056889,13095.854288477738,19928.10102276008,3.1247432329432483,3.1247432329432514,65.93573837444251,49311.9732585658,36289.21287171035,29248.787280417164,1,0.0005854528017574861,0.00041260616652517824,13,1
546,7,0.8552976635020684,0.85699648498909,0,1.843648168545422,1.5881079519880617,0.0051316151823174545,736.6673090765687,7.366673090765687,0.0,58.699434665296586,284.58094463368997,64634.83237691408,219617.2500146842,24298.419476986663,13086.252341626756,20855.631546689772,3.1808752862696386,3.1808752862696363,65.93573837444251,49311.9732585658,36292.896208255734,29249.89228138078,1,0.0002825777996422241,0.00042166353858560257,13,1
547,7,0.8789762811770907,0.8680780914410382,0,1.8201127474339873,1.6157850457964675,0.02264876316232118,1170.770182315081,11.70770182315081,0.0,58.98628205337582,284.65612399555516,64769.36067834738,219696.15250042873,24177.104476747343,13152.18347755291,21587.56119854897,3.2676876560864985,3.267687656086496,65.93573837444251,49311.9732585658,36311.69104872203,29249.89228138078,1,0.00043386843804988056,0.00043396634648319694,13,1
548,7,0.8781987791415451,0.8647059299676237,0,1.8272107837391127,1.6161935527789344,0.02290731188540147,917.7645825225491,9.177645825225492,0.0,59.032790655953185,284.6974580343228,64777.92632709406,219705.72737997756,24190.89210510243,13144.72012124877,20978.094559695473,2.6977058257618114,2.6977058257618105,65.93573837444251,49311.9732585658,36322.02455841393,29249.89228138078,1,0.000349989682775411,0.00035547864015583855,13,1
549,7,0.9079874082305218,0.9234688787186878,0,1.7109401696267759,1.6129326221836475,0.020843431761802183,2351.081499338497,23.51081499338497,0.0,64.17295407698384,284.9522410291573,65228.974790958,219964.9257414495,23767.556453271132,13379.754173960226,21548.62622809951,4.140014534707411,4.140014534707413,65.93573837444251,49311.9732585658,36385.72030712255,29249.89228138078,1,0.0008728469182031383,0.0005522350130094766,13,1
550,7,0.938364887387756,0.9430635917412458,0,1.675390730632208,1.635908381642414,0.035385051672413896,1144.5466774439988,11.445466774439987,0.0,61.49001463712996,285.08045637208835,65495.9710274077,220126.6421007527,23546.01263055069,13506.105683201378,22167.48070993638,4.0819146372080235,4.081914637208021,65.93573837444251,49311.9732585658,36417.77414285531,29249.89228138078,1,0.0004130543086679095,0.000545296969882153,13,1
551,7,0.953676316471271,0.9590394763553004,0,1.647481713687716,1.6026926945347173,0.01436246489539065,1665.697282779245,16.65697282779245,0.0,61.15957193900685,285.25587760871247,65967.93068644419,220416.17091896036,23118.6778588171,13756.683122888615,22712.621298989794,4.654957548363712,4.654957548363713,65.93573837444251,49311.9732585658,36461.62945201134,29249.89228138078,1,0.000586703669594784,0.0006242016321552772,13,1
552,7,0.9445740107480018,0.9503754363971169,0,1.6625008806938408,1.582811792436998,0.0017796154664543782,1137.865337990174,11.378653379901742,0.0,59.77131702845604,285.27863491547225,66029.68623976423,220457.95755197047,23085.39795219996,13776.664438321832,23157.08509532631,3.4834853951000464,3.483485395100044,65.93573837444251,49311.9732585658,36467.31877870129,29251.599079387765,1,0.00039309449641218423,0.00046428415822495926,13,1
553,7,0.9176492086872103,0.9261192224635119,0,1.7060438458421594,1.5515999669024625,0.01797470449211239,938.8025879118788,9.38802587911879,0.0,57.22350504869921,285.27863491547225,65938.02469463657,220400.77923679154,23189.798048627195,13714.939599683996,23646.574628031638,3.2453579833374233,3.245357983337426,65.93573837444251,49311.9732585658,36467.31877870129,29314.98780170871,1,0.0003176113589996187,0.00043246984166886226,13,1
554,7,0.9438138980762852,0.937671735826321,0,1.6850246622904004,1.5989206299524565,0.01197508224839017,1088.0564355810875,10.880564355810876,0.0,57.48404827092097,285.30039604418386,65945.1570894394,220407.50587750043,23212.201670037462,13701.742369652422,24472.634950965163,2.680609964341511,2.680609964341512,65.93573837444251,49311.9732585658,36472.759060879194,29316.61988636208,1,0.00035568100868947953,0.0003554622880337608,13,1
555,7,0.9661928772447339,0.968078548827867,0,1.6320989674991115,1.5810340825056781,0.0006544825985304093,2018.4840303141252,20.184840303141254,0.0,61.3995534705316,285.4355816941425,66337.98985200706,220656.8509494218,22813.870357418007,13941.887329075265,25081.27229546277,3.294330909228762,3.294330909228762,65.93573837444251,49311.9732585658,36506.555473368855,29316.61988636208,1,0.0006438218943715296,0.00043903808735354263,13,1
556,7,1.01473136623049,1.0229366174755534,0,1.5445727262156197,1.5865136018485075,0.0041225328155110545,977.0611513845096,9.770611513845095,0.0,58.35561844823315,285.5282517234491,66827.10430224061,220977.2551983858,22300.914590836703,14263.626548541893,25314.637784385293,3.2676128260813546,3.2676128260813555,65.93573837444251,49311.9732585658,36529.72298069549,29316.61988636208,1,0.00030877349609550737,0.0004360921330521722,13,1
557,7,0.9590187040070209,1.0229366174755534,1,1.5445727262156197,1.490246533963483,0.05680599116235261,1196.7626975499484,11.967626975499485,0.0,56.84990702806605,285.5282517234491,66919.11849556361,221022.99183399012,22232.901066371654,14307.544074791671,25799.171103086308,3.301424647473994,3.3014246474739966,65.93573837444251,49311.9732585658,36529.72298069549,29335.503274841776,1,0.00037110113120084916,0.00044123217388929533,13,1
558,7,0.9753424440126877,0.9662379490891723,0,1.6352079748983084,1.5353707691221632,0.028246348656858784,805.5985159708031,8.055985159708031,0.0,55.26590345829436,285.5282517234491,66783.80155547537,220930.53342480774,22377.644753932185,14215.372055068296,26462.517385092942,2.3232141816840515,2.323214181684052,65.93573837444251,49311.9732585658,36529.72298069549,29433.303786447326,1,0.00024354402999455187,0.00030780621909696945,13,1
559,7,0.9666335234729271,0.9518343113748323,0,1.659952768163866,1.5358210422292669,0.02796136567767925,1540.730196757532,15.40730196757532,0.0,57.46761113602123,285.5282517234491,66734.74141399155,220887.1197184462,22481.676991519053,14149.788319313975,27096.00152165747,2.6799607088894586,2.6799607088894595,65.93573837444251,49311.9732585658,36529.72298069549,29482.957810080025,1,0.000454895220027515,0.00035651346040763864,13,1
560,7,1.0209541252883354,0.9518343113748323,1,1.659952768163866,1.635222748532634,0.03495110666622404,1606.3149892416852,16.063149892416853,0.0,59.37439601437587,285.6186178722677,66682.73836039606,220862.95125401235,22572.396947239242,14093.114715783822,27645.699148678137,2.9090098549007655,2.909009854900766,65.93573837444251,49311.9732585658,36552.31451790014,29526.913079614234,1,0.0004648288995993043,0.0003877560498737904,13,1
561,7,0.9945651970389822,0.998196548107802,0,1.582854602127281,1.5884968840042302,0.005377774686221581,958.6283020697518,9.586283020697518,0.0,55.97869722271441,285.6377904383091,66722.33912215948,220892.63425593034,22540.92326833161,14112.975617111193,28340.33103241875,2.9685626908842857,2.96856269088429,65.93573837444251,49311.9732585658,36557.10765941049,29528.351022067338,1,0.00027060468728418695,0.0003967762689703355,13,1
562,7,1.0102957158315105,1.0186122580300667,0,1.5511299687828444,1.58278607051501,0.0017633357689936762,1708.5932743667634,17.085932743667634,0.0,57.93496427093791,285.71579053898296,66978.83927674175,221064.0848449174,22324.922139675244,14250.04529301109,28520.788009770575,3.0298869177725285,3.0298869177725263,65.93573837444251,49311.9732585658,36576.60768457896,29528.351022067338,1,0.0004792555587963245,0.0004048963818932719,13,1
563,7,1.0225771323546815,1.0186122580300667,1,1.5511299687828444,1.587385509750225,0.004674373259636009,1732.0200352297122,17.32020035229712,0.0,59.802566660524825,285.75043093968753,67122.53371992808,221160.63895680188,22222.923828146722,14315.774952675813,29101.881588671204,3.0582382579681204,3.05823825796812,65.93573837444251,49311.9732585658,36585.26778475511,29530.949052120184,1,0.00047612592469731,0.0004086620569259405,13,1
564,7,0.9837299905213717,0.9747820031676317,0,1.6208752263230797,1.5384373238718068,0.02630549122037551,496.9930032174268,4.969930032174268,0.0,53.16857991774815,285.75043093968753,67049.40316033184,221114.8691849976,22305.568566291913,14262.951381775345,28992.158960329747,2.7254027042832063,2.7254027042832054,65.93573837444251,49311.9732585658,36585.26778475511,29583.644619308794,1,0.0001371385977560256,0.00036417336041655334,13,1
565,7,0.995727059276535,0.9823702712560614,0,1.6083548599041049,1.5644571298188064,0.00983725960835045,1898.324607236088,18.98324607236088,0.0,56.60614055972279,285.78839743183227,66977.5967264865,221073.23007200356,22357.75677177074,14229.999006079317,27915.255593440357,2.8900853232461077,2.8900853232461086,65.93573837444251,49311.9732585658,36594.75940779129,29637.898631111828,1,0.0005440249976237838,0.00038576317335903976,13,1
566,7,0.9712593942956986,0.9667834951834846,0,1.6342852436678534,1.5428534641221296,0.02351046574548761,1066.8324529563695,10.668324529563694,0.0,56.09750528443563,285.78839743183227,66903.81574199465,221020.85128066322,22480.959897614513,14152.24711944164,28390.214233369537,2.461128181752084,2.461128181752081,65.93573837444251,49311.9732585658,36594.75940779129,29696.29064315024,1,0.00030061976825871973,0.00032726112121284306,13,1
567,7,0.9952197028903743,1.0095916525122908,0,1.5649891677177523,1.5659149390718907,0.00891459552411984,767.2030440153063,7.672030440153064,0.0,52.13697367669882,285.80374149271256,67036.6718279689,221110.3418807339,22374.321283169444,14220.035088883831,28959.43061438962,2.6367323921227714,2.6367323921227723,65.93573837444251,49311.9732585658,36598.595423011364,29697.441447716265,1,0.0002119387094949558,0.0003521944917924864,13,1
568,7,1.0111449343663803,1.0072332708859082,0,1.5686535042774323,1.5913133443272456,0.007160344510914881,1011.0540060473508,10.110540060473507,0.0,52.690143821836486,285.8239625728335,67041.28802699625,221116.9624548763,22376.776957097387,14218.54768469937,29555.673222660444,1.9782203659624884,1.9782203659624897,65.93573837444251,49311.9732585658,36603.6506930416,29698.958028725334,1,0.0002736676639859915,0.000262075380579889,13,1
569,7,1.0060698727956385,1.0047263662376176,0,1.5725674702024595,1.5884874652444347,0.005371813445844725,1387.632669705845,13.87632669705845,0.0,54.75432060802013,285.8517152262276,67047.29705828056,221124.6421763129,22413.28205379074,14195.471049134247,29961.63528908152,2.1499176070087596,2.1499176070087596,65.93573837444251,49311.9732585658,36610.58885639013,29701.039477729893,1,0.00037050919452624666,0.000285371856002398,13,1
570,7,1.0260418541868328,1.0283840763411671,0,1.536390961654519,1.5861232126498417,0.003875451044203553,914.887738835125,9.14887738835125,0.0,53.20781867358905,285.89870696085256,67299.00016299472,221294.35473984905,22177.98289102253,14346.639974842992,30770.842671259717,2.2094001461235533,2.2094001461235515,65.93573837444251,49311.9732585658,36622.33679004638,29701.039477729893,1,0.00023785835145545485,0.0002940117366558977,13,1
571,7,0.993244529295156,1.0283840763411671,1,1.536390961654519,1.535439702957117,0.028202719647394375,1298.9797080006092,12.989797080006092,0.0,54.18420108344718,285.89870696085256,67301.86423343686,221288.78943222345,22178.224476020783,14346.639654988001,30148.473635637634,2.3847029415645977,2.3847029415645977,65.93573837444251,49311.9732585658,36622.33679004638,29712.958330456713,1,0.0003446886827371912,0.00031768540957296425,13,1
572,7,1.034052356400045,1.0283840763411671,1,1.536390961654519,1.5931634012855975,0.008331266636454084,1344.3553803503419,13.44355380350342,0.0,55.40223151836206,285.9255940684596,67309.4785487023,221297.3028685676,22141.14196082412,14370.842312535535,30825.968765234727,2.3320944100996397,2.332094410099638,65.93573837444251,49311.9732585658,36629.05856694813,29714.974863527237,1,0.00034888905275645254,0.00031047869564969957,13,1
573,7,1.0545140231383814,1.0283840763411671,1,1.536390961654519,1.622519701877826,0.02691120372014293,955.8656888475338,9.558656888475339,0.0,53.46563113740394,285.97614639750765,67318.55390354282,221311.6399307513,22126.438812027212,14380.497187425197,31285.96424281176,2.344838015600328,2.3448380156003266,65.93573837444251,49311.9732585658,36641.69664921014,29714.974863527237,1,0.0002444203238050182,0.0003126660197662207,13,1
574,7,1.039670804621953,1.0422542938288781,0,1.5159448220602978,1.5841154600920253,0.002604721577231162,1146.8177369323914,11.468177369323914,0.0,53.687235948190605,285.9990827522463,67430.4874538179,221389.1896750062,22018.789854253275,14451.151788672856,31339.31654953783,2.218602454201655,2.218602454201653,65.93573837444251,49311.9732585658,36647.43073789481,29716.695090132635,1,0.0002927486271424267,0.00029535266790129913,13,1
575,7,1.0417576812315035,1.0422542938288781,1,1.5159448220602978,1.5787758093862645,0.0007748041859085925,1475.8608408345156,14.758608408345156,0.0,55.628703908256085,286.028599969063,67564.53192823172,221482.07788181756,21959.924004602002,14490.290119119205,31237.30109490965,2.2918485160319877,2.291848516031986,65.93573837444251,49311.9732585658,36654.81004209898,29718.908881393887,1,0.0003779739706321858,0.00030504764052654356,13,1
576,7,1.0538886718482472,1.073929134499653,0,1.471233016446776,1.5619580194138267,0.01141897505454009,1226.6614106225973,12.266614106225973,0.0,55.50243109414489,286.0531331972755,67820.57733118717,221657.96049591582,21717.010221577504,14652.961715016065,31312.14406478517,2.459401578644773,2.459401578644773,65.93573837444251,49311.9732585658,36660.94334915209,29720.74887350982,1,0.00031340208657308714,0.00032804156144923324,13,1
577,7,1.0095877459596025,1.0181376958106267,0,1.5518529630140319,1.509706195800704,0.0444897494932253,1322.245343326144,13.222453433261439,0.0,55.7626842032043,286.0531331972755,67750.40301173726,221594.14613945986,21814.28542943525,14587.894861716684,31120.6624098555,2.5748437826581205,2.5748437826581196,65.93573837444251,49311.9732585658,36660.94334915209,29791.886778647036,1,0.0003399015935875212,0.0003437592169309314,13,1
578,7,1.0291896416724227,1.0293108794118726,0,1.5350075779853605,1.5434297184127943,0.023145747840003648,1394.929387290835,13.949293872908349,0.0,56.603851124653424,286.0531331972755,67709.53141401391,221559.71843669654,21845.6995065355,14567.147035587568,31766.93696120021,2.5095508686130064,2.509550868613008,65.93573837444251,49311.9732585658,36660.94334915209,29833.57789475627,1,0.0003512908755400841,0.0003348648519002308,13,1
579,7,1.0906805585377064,1.1002400884682884,0,1.4360502008244536,1.580438416786128,0.0002774789785620209,1045.8075699126443,10.458075699126443,0.0,54.9875716927015,286.13093835337037,68131.32318062271,221853.01358727293,21474.511303233357,14819.832100869764,32253.77943399904,2.375322232722684,2.3753222327226857,65.93573837444251,49311.9732585658,36680.39463817581,29833.57789475627,1,0.0002593947346983462,0.0003168624012753172,13,1
580,7,1.097485994478541,1.1002400884682884,1,1.4360502008244536,1.5881036685607852,0.005128904152395664,1337.38969833353,13.373896983335301,0.0,55.71445225172814,286.157686147337,68137.29019952485,221862.73958507596,21459.781229143475,14830.146047645754,33196.234340603085,2.3315221609275336,2.331522160927533,65.93573837444251,49311.9732585658,36687.081586667475,29835.58397930377,1,0.00032229913419974573,0.00031099491481272534,13,1
581,7,1.1359627325270971,1.139915823585149,0,1.3860672580460744,1.5843703128633535,0.0027660207995907795,1125.0631100597252,11.250631100597252,0.0,55.45144826725448,286.24497605940087,68524.06807148048,222149.1006040605,21069.016094173032,15106.075202040456,33752.22375913422,2.1243033801370816,2.1243033801370834,65.93573837444251,49311.9732585658,36708.90406468344,29835.58397930377,1,0.00026666405581771585,0.0002827859749052692,13,1
582,7,1.061305568853773,1.0704165930721197,0,1.4760608255009993,1.4954011884068779,0.05354355164121659,1452.379387975331,14.52379387975331,0.0,56.737315901052675,286.24497605940087,68478.08235397235,222093.8777871221,21176.8402814648,15029.47750455467,33273.75338780183,2.3450906983282205,2.345090698328219,65.93573837444251,49311.9732585658,36708.90406468344,29898.372023048974,1,0.0003491952040511964,0.00031271946468955266,13,1
583,7,1.0231405317212372,1.0704165930721197,1,1.4760608255009993,1.4683017592093683,0.07069508910799477,1748.4297632266548,17.48429763226655,0.0,58.88995915080335,286.24497605940087,68351.68526497683,221962.8380988672,21372.313787937797,14892.633858096304,33641.71452680576,2.574207355767572,2.574207355767571,65.93573837444251,49311.9732585658,36708.90406468344,30037.65348803989,1,0.00041577661253465643,0.0003438786241345229,13,1
584,8,0.9875122936719501,0.9817659088172974,0,1.6093449424245914,1.6636824819392713,0.05296359616409569,1112.905766496786,11.129057664967862,0.0,161.5544585852761,293.11759632028117,64873.28276166124,221887.48412199444,24927.80462674131,14796.401230639469,33251.38676989765,2.6903082283216317,2.6903082283216317,166.25693384948823,49145.71632471631,36708.90406468344,30120.27297976944,1,0.0002677556335796005,0.00034424248338848443,16,1
585,8,1.0077338080420633,0.9977340666717339,0,1.5835883055197297,1.6466948002168613,0.04221189887143117,1117.9034656570864,11.179034656570863,0.0,159.55653684669835,293.28127636569064,65254.78906518286,222134.71186395237,24550.78759346364,15024.434806458816,33832.163502781084,2.47862992406738,2.4786299240673837,166.25693384948823,49145.71632471631,36749.82407603582,30120.27297976944,1,0.0002643409938747055,0.0003159577466629875,16,1
586,8,0.9728745494284302,0.9977340666717339,1,1.5835883055197297,1.5566713855242273,0.01476494587074223,1143.8346653439132,11.438346653439133,0.0,159.38512965325518,293.30415305899754,65504.80172127046,222293.31509321416,24294.611258593202,15183.428693772232,34071.63375173689,2.119037868204412,2.119037868204409,166.25693384948823,49145.71632471631,36755.543249362534,30121.98873176746,1,0.00026857172125727103,0.0002668894495705257,16,1
587,8,0.971654666035456,0.9688139022670047,0,1.630860164478268,1.5680001271467423,0.007594856236239091,717.2603614525719,7.17260361452572,0.0,156.63967098312037,293.3184982662266,65405.46360758652,222235.87451163665,24398.383095427536,15119.133199007798,34512.73616873622,1.8669790236865862,1.866979023686588,166.25693384948823,49145.71632471631,36759.1295511698,30186.98322582334,1,0.00016625986602645802,0.00023305752705281152,16,1
588,8,0.952571226531161,0.975487435463846,0,1.6197030761843767,1.538676262890598,0.026154263993292518,1601.4801192915602,16.014801192915602,0.0,159.06611049576787,293.3184982662266,65408.980356999615,222228.35039529082,24410.233635578068,15112.006830125569,34803.30988038413,2.1206728298392785,2.1206728298392785,166.25693384948823,49145.71632471631,36759.1295511698,30200.745368410466,1,0.0003681213366879655,0.0002676509746572315,16,1
589,8,0.9949749416207849,0.9856700643800601,0,1.6029704635432398,1.602200779039533,0.014051125974387898,1612.228996439708,16.12228996439708,0.0,160.83668805441266,293.35074284615536,65418.830146236745,222237.70308525898,24372.565514979786,15135.488802441418,34760.326844669224,2.3721030039142486,2.37210300391425,166.25693384948823,49145.71632471631,36767.19069615199,30203.163711905127,1,0.0003710503652383134,0.0003018105226509123,16,1
590,8,0.9233644499806988,0.9856700643800601,1,1.6029704635432398,1.4906360548552722,0.05655945895235943,898.6030571666348,8.986030571666348,0.0,156.61166064157868,293.35074284615536,65421.4604941054,222229.03231846393,24403.36292775535,15116.498567219996,35149.27022702018,2.4589530947949765,2.4589530947949774,166.25693384948823,49145.71632471631,36767.19069615199,30219.164546756027,1,0.0002045227229726903,0.0003145648082996564,16,1
591,8,0.9294726904721538,0.9300992813719443,0,1.6987433832541174,1.5146561015838387,0.041356897731747715,1024.238869034024,10.24238869034024,0.0,155.01264164621668,293.35074284615536,65332.46653852329,222163.1130650816,24518.50422986863,15045.844445520464,35381.050487152985,2.124012795049733,2.1240127950497305,166.25693384948823,49145.71632471631,36767.19069615199,30291.391200545833,1,0.00023159038071092426,0.00026905448964064266,16,1
592,8,0.9676814235636738,0.9702290857063585,0,1.6284813795802755,1.5749316035849257,0.003207845832325566,1126.0048148449287,11.260048148449286,0.0,155.6355177146339,293.37326294245224,65338.33343250479,222170.16745839565,24503.12857747461,15055.398145317475,35273.12970375776,1.8436811319639086,1.8436811319639108,166.25693384948823,49145.71632471631,36772.82072022622,30293.0802077681,1,0.00025537962166707803,0.00023049757511689755,16,1
593,8,0.8637581246746037,0.8642934103020322,0,1.8280828954230486,1.42338676641958,0.09912229973444305,674.7379149004887,6.747379149004887,0.0,153.1749352792967,293.37326294245224,65227.02485886668,222083.12016574413,24656.277157023138,14962.24372816019,34601.85932276251,1.7261388648097595,1.7261388648097606,166.25693384948823,49145.71632471631,36772.82072022622,30385.087744145476,1,0.00015600038335665244,0.00021432346191155156,16,1
594,8,0.87476724233183,0.8816818241456312,0,1.7920296831921814,1.4548676824698006,0.07919766932291107,1845.1843465688912,18.451843465688913,0.0,156.66150716396746,293.37326294245224,65146.100628184315,221984.76858939324,24770.53666721032,14893.762719830595,34983.68394339405,2.1912290522230924,2.191229052223091,166.25693384948823,49145.71632471631,36772.82072022622,30489.729282669075,1,0.00042195312524650607,0.0002777777100900788,16,1
595,8,0.8975147448872139,0.9070903950414804,0,1.741833017565739,1.508677614015517,0.0451407506230906,1093.5067371964192,10.935067371964193,0.0,155.43257618263817,293.37326294245224,65033.140736600464,221902.93133284472,24903.061011582915,14814.871144824769,35409.486459210646,2.167737643311778,2.1677376433117757,166.25693384948823,49145.71632471631,36772.82072022622,30577.81098512979,1,0.00024705396130634443,0.0002750024899698343,16,1
596,8,0.8998397601675063,0.9067637837846079,0,1.7424604161024944,1.5230761517376141,0.03602775206480123,1161.0610449352826,11.610610449352826,0.0,153.67491062175546,293.37326294245224,64948.910200071696,221842.19507182206,24989.514471452807,14763.909659435312,34755.04047086396,2.439630370930433,2.4396303709304337,166.25693384948823,49145.71632471631,36772.82072022622,30645.398920491578,1,0.00026725586371476213,0.0003120876500892042,16,1
597,8,1.1142934025377196,1.1089539087209064,0,1.4247661580654956,1.8258740617439717,0.15561649477466558,1195.68205417729,11.956820541772899,0.0,154.29512361452956,293.83188344176716,65422.73702343867,222150.13702010238,24588.174527178977,15005.65741643326,32480.34735286477,2.1414936095316497,2.141493609531647,166.25693384948823,49145.71632471631,36887.475845054956,30645.398920491578,1,0.00029449981952162356,0.00026960321484757673,16,1
598,8,1.0701416379541315,1.0808125987786694,0,1.4618630480301749,1.689041025786786,0.06901330745999112,1190.9587608013474,11.909587608013474,0.0,154.29270653641103,294.0835097980694,65900.41998857798,222457.62959393224,24132.565841143998,15289.897132751932,32978.16302760866,2.240719487479935,2.2407194874799323,166.25693384948823,49145.71632471631,36950.382434130515,30645.398920491578,1,0.0002889084537072124,0.0002835547123145327,16,1
599,8,1.0770524823517171,1.0683225328093684,0,1.4789541093409995,1.670821433829627,0.057481920145333494,1021.7575587117817,10.217575587117818,0.0,152.97535528035513,294.2442275878074,66189.87760164727,222648.57724074626,23925.35789864153,15422.872602742036,33442.71612383285,2.1813416715574196,2.18134167155742,166.25693384948823,49145.71632471631,36990.56188156502,30645.398920491578,1,0.00024441975464633496,0.0002759426759583903,16,1
600,8,1.0504048350353643,1.0683225328093684,1,1.4789541093409995,1.568321684849814,0.007391338702649382,1535.9065866541416,15.359065866541416,0.0,154.56846539945911,294.3341411144016,66639.7692294778,222955.8105284969,23472.75828970355,15721.1999536193,34017.64869138478,2.3425385910923384,2.3425385910923406,166.25693384948823,49145.71632471631,37013.04026321357,30645.398920491578,1,0.0003612022925130911,0.0002981768336222128,16,1
601,8,1.0713681223634686,1.074304464685608,0,1.4707190111719237,1.5863783336535804,0.004036920033911592,700.5133675596651,7.005133675596651,0.0,150.89731381860537,294.34815138175276,66727.02178885756,223019.78815397882,23375.593611908575,15786.817876819821,34590.31576189014,2.02714193412784,2.0271419341278385,166.25693384948823,49145.71632471631,37016.54283005137,30646.44969054292,1,0.00016201375492072388,0.0002558786006933833,16,1
602,8,1.0767702395704983,1.0760714347830016,0,1.4683040074552483,1.5915418281229798,0.007304954508215044,931.1005178453249,9.31100517845325,0.0,149.49263955798358,294.3667733921097,66733.06016077385,223027.69209387826,23354.891763101292,15800.937150710211,34857.18561662175,1.9496882733834617,1.9496882733834635,166.25693384948823,49145.71632471631,37021.19833264059,30647.846341319688,1,0.00021369493867601913,0.0002456369953699447,16,1
603,8,1.0396241651278504,1.0579737959097166,0,1.4934207313153824,1.538270332678067,0.02641118184932479,752.1705129409753,7.521705129409753,0.0,148.75213675463186,294.3667733921097,66734.65588024407,223026.2401975772,23367.35023465187,15792.583047907083,34964.48641778049,1.4882842752642023,1.4882842752642016,166.25693384948823,49145.71632471631,37021.19833264059,30654.106649496967,1,0.00017209931333262178,0.0001826026689764549,16,1
604,8,1.0549691712559601,1.0678932973330442,0,1.4795485690807226,1.5605819789512545,0.012289886739712387,1462.0775400692771,14.620775400692771,0.0,151.01702001258676,294.39601494291105,66743.15238000832,223034.90374198795,23364.533921281723,15794.660786920611,34945.4936107634,1.9109628212622172,1.9109628212622174,166.25693384948823,49145.71632471631,37028.508720340935,30656.29976580707,1,0.0003347104050335004,0.00024016821901404713,16,1
605,8,1.0217089435236675,1.0083527662759255,0,1.5669119507008413,1.5230095258946628,0.036069920319833734,1541.2196563780947,15.412196563780947,0.0,152.7385653676035,294.39601494291105,66648.08192760301,222953.38497617378,23454.583909480494,15734.476862753352,34782.32910988656,2.256094502898063,2.256094502898061,166.25693384948823,49145.71632471631,37028.508720340935,30745.00837925319,1,0.000354483370336466,0.00028709769623419605,16,1
606,8,1.0252000195734297,1.02721901941187,0,1.53813351402374,1.5436110167319461,0.023031002068388578,1810.5619491726422,18.105619491726422,0.0,154.11087635626066,294.39601494291105,66565.56501175875,222886.62176860182,23572.70492241611,15655.976334649547,35300.93319286764,2.8348164445376947,2.834816444537696,166.25693384948823,49145.71632471631,37028.508720340935,30820.852567847844,1,0.00041031480709715777,0.0003665028608223747,16,1
607,8,1.0016153507660444,1.0101290722834089,0,1.5641565452901887,1.5177524818920665,0.03939716335945165,680.8894080974383,6.808894080974383,0.0,148.30676920762693,294.39601494291105,66507.30653215363,222845.15808593406,23648.163792960717,15606.20994203958,35317.966319351,2.389573993353312,2.389573993353315,166.25693384948823,49145.71632471631,37028.508720340935,30869.946768328493,1,0.00015423071689705387,0.0003063429647768925,16,1
608,8,0.9570774158108012,0.9576417792883208,0,1.6498862457464938,1.4690535355708187,0.07021928128429197,632.195456987955,6.3219545698795505,0.0,144.84857983920546,294.39601494291105,66408.35659936321,222769.5662428307,23801.093449757285,15506.234770071766,34024.97191476958,1.8908097610689223,1.890809761068921,166.25693384948823,49145.71632471631,37028.508720340935,30951.277364110123,1,0.00014864269891456548,0.00023772940763625903,16,1
609,8,0.958771064911798,0.9576417792883208,1,1.6498862457464938,1.4918975385830713,0.05576105152970176,1236.758237973353,12.36758237973353,0.0,146.93459708936558,294.39601494291105,66313.49193177077,222685.83353034264,23964.54372902987,15400.864011766682,33901.74320786181,1.6053447643227272,1.6053447643227283,166.25693384948823,49145.71632471631,37028.508720340935,31039.783675020557,1,0.0002918453438551323,0.00019823958655558387,16,1
610,8,1.0117242085046079,1.017328881766081,0,1.5530867434502822,1.5738282818841836,0.0039061507062129845,830.1582656730726,8.301582656730726,0.0,145.9312827432809,294.41261810822454,66318.43936152027,222692.29455920987,23961.023332422876,15403.171772293716,34796.55758150415,1.6893551499099428,1.6893551499099422,166.25693384948823,49145.71632471631,37032.6595116693,31041.028912419068,1,0.00019085986048558715,0.00021044930108509496,16,1
611,8,1.0153865382903313,1.0266200160712766,0,1.5390309708225123,1.5684519837403001,0.007308871050442989,1331.7788009530923,13.317788009530924,0.0,147.0533255644371,294.4392536842436,66450.25233867302,222780.4301264493,23877.12899875405,15457.607634592974,34863.38240889604,2.072164545308495,2.072164545308493,166.25693384948823,49145.71632471631,37039.318405674065,31043.0265806205,1,0.00030559944765732526,0.00026276821733268156,16,1
612,8,0.9736027446570645,0.9774220029907109,0,1.6164972705397709,1.518828413332873,0.03871619409311833,2151.527041295292,21.51527041295292,0.0,151.05086985873368,294.4392536842436,66376.26232699688,222704.7942368144,23995.648789357998,15381.743794139664,35438.135951193166,2.5454919973234125,2.545491997323416,166.25693384948823,49145.71632471631,37039.318405674065,31126.55466312725,1,0.00048569756473838507,0.00032738562429376585,16,1
613,8,0.9606226250188837,0.9641812092245982,0,1.638696113224036,1.52011598511253,0.03790127524523416,1326.1982901562535,13.261982901562535,0.0,148.69530707144716,294.4392536842436,66239.29876285378,222603.16796363887,24167.842979230667,15272.635108849363,35384.24695901035,2.808482294563871,2.808482294563869,166.25693384948823,49145.71632471631,37039.318405674065,31236.77218413561,1,0.0002998392571004926,0.0003637120898320676,16,1
614,8,0.8694066403214984,0.8559612074355823,0,1.8458780447931773,1.4005152992901977,0.11359791184164707,1373.5653236552384,13.735653236552384,0.0,146.63837436972003,294.4392536842436,66142.17193356679,222493.8095175736,24384.584747070818,15137.37115997964,35602.990395382665,2.8128308979808003,2.812830897980798,166.25693384948823,49145.71632471631,37039.318405674065,31354.634492456964,1,0.00030864043910949133,0.00036472575364945636,16,1
615,8,0.6395924901966531,0.6443426676540752,0,2.4521113986638023,1.053271224836215,0.33337264250872467,869.760328028312,8.69760328028312,0.0,143.93969393197355,294.4392536842436,66064.2860091397,222367.65083991163,24655.284081634807,14971.77001558251,34694.2525234953,2.1200808559841406,2.120080855984139,166.25693384948823,49145.71632471631,37039.318405674065,31486.905376081646,1,0.0002005543315716173,0.0002696780092605337,16,1
616,8,0.6798895019345075,0.6443426676540752,1,2.4521113986638023,1.140581003326584,0.27811328903380766,914.2123561788657,9.142123561788656,0.0,142.65511542630637,294.4392536842436,65997.38514758149,222245.78362071677,24885.357838353644,14833.925426457175,34734.2525234953,1.9013142216502386,1.9013142216502386,166.25693384948823,49145.71632471631,37039.318405674065,31614.15618890462,1,0.00021056157303179962,0.00023991878123763607,16,1
617,8,0.6317144936867582,0.6306887879174917,0,2.5051975400055784,1.0733954452154975,0.32063579416740673,640.5811457113492,6.405811457113493,0.0,141.02791987229867,294.4392536842436,65981.3842451766,222178.07072806163,25045.212952057278,14739.604206266737,33925.0451413171,1.5196886010691213,1.5196886010691235,166.25693384948823,49145.71632471631,37039.318405674065,31686.019859145053,1,0.0001510579910606962,0.00018739129855470436,16,1
618,8,0.6334856639165971,0.6437052587969625,0,2.4545395247397903,1.0991996984179533,0.3043039883430676,558.7952931000976,5.587952931000976,0.0,139.56508598917296,294.4392536842436,65854.94102627605,222054.22521828423,25309.43796204461,14586.21771259384,33316.25473881857,1.3593467869627514,1.3593467869627527,166.25693384948823,49145.71632471631,37039.318405674065,31813.435917370633,1,0.0001341796183228279,0.00016526639413844124,16,1
619,8,0.6442199336840853,0.6422898891747403,0,2.4599484230245263,1.140848228560574,0.27794415913887716,614.5060121733001,6.1450601217330005,0.0,139.33935001883515,294.4392536842436,65741.83571002983,221935.17216578682,25569.170709020334,14438.528321427404,32720.012130547748,1.215113135733253,1.2151131357332527,166.25693384948823,49145.71632471631,37039.318405674065,31935.55738255431,1,0.00015024591304465707,0.00014516117414272705,16,1
620,8,0.6424786409531047,0.6432265358319732,0,2.456366321946543,1.1632411798752074,0.2637714051422739,1130.640757882002,11.30640757882002,0.0,141.23945004023798,294.4392536842436,65690.14866112599,221807.8872908653,25854.34510299331,14279.811265180377,32760.012130547748,1.521315698399898,1.521315698399896,166.25693384948823,49145.71632471631,37039.318405674065,32066.599026173008,1,0.0002761026469407715,0.00018684272610275214,16,1
621,8,0.6273883968533738,0.61888135828462,0,2.552993362700977,1.170874254044192,0.25894034554165063,1203.07238304373,12.030723830437301,0.0,142.49356239131558,294.4392536842436,65575.50658382644,221641.75198298224,26249.72438129808,14065.363928314668,32505.475186589945,1.9179405695127123,1.917940569512715,166.25693384948823,49145.71632471631,37039.318405674065,32237.29644134937,1,0.0002960910126402471,0.00024081319087522523,16,1
622,8,0.6339660644140701,0.6411116217670704,0,2.4644694408207872,1.2048395659520428,0.23744331268858054,694.9251429435114,6.949251429435114,0.0,139.62564908373278,294.4392536842436,65487.988992255065,221544.1128600573,26489.598966653768,13938.375929351703,32545.475186589945,1.9645898755154567,1.964589875515455,166.25693384948823,49145.71632471631,37039.318405674065,32339.540376478868,1,0.00017081947987162253,0.0002476710464842137,16,1
623,8,0.6156519220983092,0.6177054995142685,0,2.5578532184713105,1.1966056316974105,0.2426546634826516,1012.8124162457159,10.128124162457159,0.0,139.85116641393643,294.4392536842436,65391.269991809546,221413.58642255494,26789.211667003685,13783.011894147481,32009.7421326024,1.9115580881607563,1.9115580881607541,166.25693384948823,49145.71632471631,37039.318405674065,32474.36846190506,1,0.00025312604195312186,0.00024001217815499713,16,1
624,8,0.6320524898065529,0.6246087833209394,0,2.529583384337644,1.2484172253687835,0.20986251558937755,624.7031176965702,6.247031176965702,0.0,138.26533545971765,294.4392536842436,65275.96261766436,221313.58633663462,27006.05641849567,13672.708812652083,32049.7421326024,1.5685028150665081,1.568502815066507,166.25693384948823,49145.71632471631,37039.318405674065,32577.85019362941,1,0.00015593339006895657,0.00019329297063123366,16,1
625,8,0.644322358503131,0.6454859383355294,0,2.447768272186128,1.2892745814278348,0.18400342947605397,747.5888249614302,7.475888249614302,0.0,137.65531947875448,294.4392536842436,65222.01301737659,221243.35388376785,27182.112463902915,13584.416433963179,31372.6183214839,1.6194087994158946,1.6194087994158965,166.25693384948823,49145.71632471631,37039.318405674065,32651.553653416548,1,0.0001906347292535626,0.00019989805375854701,16,1
626,8,0.6280320282338723,0.6307116874444643,0,2.505106582695319,1.2786756415992027,0.19071161924101102,784.9702354665577,7.8497023546655775,0.0,137.9734865488232,294.4392536842436,65128.191633543865,221148.82502249195,27419.343335896898,13467.235354970395,30908.096400935574,1.5006446948008973,1.500644694800898,166.25693384948823,49145.71632471631,37039.318405674065,32749.194731803604,1,0.00020317530404565377,0.000183247807789391,16,1
627,8,0.6162596260342112,0.6148252315935789,0,2.569835977461048,1.2744566354743265,0.19338187628207185,820.3493137961572,8.203493137961571,0.0,138.34372740574858,294.4392536842436,65074.66683006134,221072.09702722172,27634.620878956415,13362.636793149602,28363.003880310305,1.6993425409096687,1.6993425409096687,166.25693384948823,49145.71632471631,37039.318405674065,32829.10663878965,1,0.00023138573537780926,0.00020839858955900854,16,1
628,8,0.6397841320493546,0.646182484950111,0,2.4451297223291113,1.340085435225507,0.15184466124967919,1169.4313452794213,11.694313452794214,0.0,139.83087544265908,294.4392536842436,65023.82374145244,220989.81895556292,27811.70663858737,13277.876264348504,27878.277060948345,2.0570903809781105,2.057090380978111,166.25693384948823,49145.71632471631,37039.318405674065,32915.122937574575,1,0.00033558210006243204,0.0002567143798286317,16,1
629,8,0.6481831896602349,0.6490656370270843,0,2.434268446619474,1.3791026606926293,0.12715021475150046,865.8600228454967,8.658600228454967,0.0,138.9709112375865,294.4392536842436,64920.047823141074,220905.86155579248,28030.616409338323,13174.490101572566,27565.030952889,2.175116820226423,2.175116820226424,166.25693384948823,49145.71632471631,37039.318405674065,33002.93320060494,1,0.0002512923056245649,0.0002727533803549354,16,1
630,8,0.6656628681262331,0.6683218479736796,0,2.364130403323617,1.423272358596882,0.09919470974880887,1181.6326585670365,11.816326585670366,0.0,139.8053997275523,294.4392536842436,64877.41608257532,220848.77328519613,28099.925835461683,13142.303447955712,26571.845132526178,2.4857725539864637,2.485772553986461,166.25693384948823,49145.71632471631,37039.318405674065,33064.24138014117,1,0.00035575479314249613,0.00031420973294316436,16,1
631,8,0.6673076621603978,0.6617876337584278,0,2.3874728378148378,1.4414061273601129,0.08771764091132102,704.6075666632195,7.046075666632195,0.0,137.7819868237839,294.4392536842436,64783.876822874365,220786.88870957668,28243.757867074684,13075.618089275164,26848.832007189143,2.1753311292738706,2.1753311292738693,166.25693384948823,49145.71632471631,37039.318405674065,33129.82534780335,1,0.0002099480726683533,0.00027233172381180477,16,1
632,8,0.6531578130497936,0.6631528574171226,0,2.382557780349247,1.422667663152406,0.0995774283845532,504.44659064429936,5.044465906442993,0.0,134.99037436201624,294.4392536842436,64711.22643132633,220739.32659722498,28362.09091492884,13021.25700563549,26749.271542229322,1.9278499541132286,1.927849954113231,166.25693384948823,49145.71632471631,37039.318405674065,33180.62873018179,1,0.0001508666401918048,0.00023885650200088473,16,1
633,8,0.6691179232508715,0.6814862468272493,0,2.3184620487293794,1.4720548165956346,0.06831973633187685,1042.6351872235439,10.42635187223544,0.0,136.51894347198444,294.4392536842436,64643.494137549584,220685.528040596,28504.241754911644,12956.514140550802,26643.12094774787,1.8268042344083144,1.8268042344083149,166.25693384948823,49145.71632471631,37039.318405674065,33237.447248490695,1,0.0003130669831866458,0.0002246272320156013,16,1
634,8,0.6824607700890412,0.6814862468272493,1,2.3184620487293794,1.5106887119941816,0.0438679038011509,989.3278355702315,9.893278355702316,0.0,137.24174649121557,294.4392536842436,64587.32896265111,220647.10688150732,28592.39157004755,12916.74811273576,27230.933725063715,2.020106281664031,2.020106281664034,166.25693384948823,49145.71632471631,37039.318405674065,33279.262787641615,1,0.00029064822985769046,0.000251527284412047,16,1
635,8,0.7171495464682172,0.7192127822616707,0,2.196846383946983,1.5894522571522125,0.005982441235577486,763.5609219636493,7.6356092196364935,0.0,135.34808549062714,294.4545249026829,64591.833287961184,220651.3850303802,28610.216812589737,12908.726210038798,28124.09868922641,2.1732119337998945,2.173211933799895,166.25693384948823,49145.71632471631,37043.13621028388,33280.40812902456,1,0.00021719762269392098,0.00027363761191275237,16,1
636,8,0.7142069004797141,0.711662073274811,0,2.22015484502274,1.5806994676947967,0.00044270107265612264,871.5790303517948,8.715790303517949,0.0,135.02908254877033,294.47195648328994,64596.85330218953,220655.42434314554,28590.136992164684,12917.87183002135,27907.845777276387,2.020315392100627,2.0203153921006263,166.25693384948823,49145.71632471631,37047.49410543564,33281.71549757009,1,0.0002498448751100573,0.0002525635758872229,16,1
637,8,0.7041822207621375,0.6958091621820693,0,2.2707375612087275,1.5668934738613916,0.008295269707980077,1055.174905850736,10.55174905850736,0.0,135.90001547519674,294.493059981407,64521.69050862621,220623.47372041063,28667.09668616179,12883.364532444319,28118.899538759135,2.0433721669893434,2.0433721669893443,166.25693384948823,49145.71632471631,37052.76997996489,33319.40022784834,1,0.00030020375566868293,0.0002557487511575537,16,1
638,8,0.7217294193979985,0.7293356670224809,0,2.166355042597003,1.581539632310824,0.0009744508296353668,935.2346729936305,9.352346729936306,0.0,135.41919843485917,294.51176467486687,64783.275045091075,220744.35435276115,28448.941805379538,12982.563213849788,28658.454042342477,2.1461959500009864,2.1461959500009864,166.25693384948823,49145.71632471631,37057.44615332986,33320.803079857826,1,0.00026107051597740313,0.0002703730489187145,16,1
639,8,0.7388376153211559,0.755123628868578,0,2.092372612372568,1.5665049640650393,0.008541161984152418,854.5301234500619,8.545301234500618,0.0,134.20750009934522,294.5288552773359,65186.747809994806,220935.4066278267,27984.394997558094,13198.760387294036,29489.4600565371,2.095974959420374,2.0959749594203725,166.25693384948823,49145.71632471631,37061.71880394711,33322.084875043,1,0.0002318198086534672,0.0002643646934331844,16,1
640,8,0.7738646610490154,0.7707174055338456,0,2.050038040733745,1.597458879984982,0.011049924041127828,1224.8194805455203,12.248194805455203,0.0,135.43372076574082,294.61836617923524,65548.0044431456,221115.96378654306,27613.15259509369,13376.771847609505,29429.99220238995,2.1775007070155947,2.1775007070155956,166.25693384948823,49145.71632471631,37084.09652942194,33322.084875043,1,0.0003329445613501876,0.0002752782953270193,16,1
641,8,0.7699409786864226,0.7589500612031601,0,2.0818234041581514,1.5897661487901833,0.00618110682922989,1017.507013049807,10.17507013049807,0.0,135.00276108760653,294.6387163194962,65508.76627340533,221099.31941728145,27616.882877370506,13375.155740391403,30207.491043707567,2.1930989297663244,2.193098929766325,166.25693384948823,49145.71632471631,37089.18406448719,33345.43652321462,1,0.00026947143980347513,0.00027807860326904335,16,1
642,8,0.7280461951510268,0.7399557404020028,0,2.13526284577726,1.5092396171259086,0.04478505245195663,1546.09459356103,15.460945935610301,0.0,136.64453199088905,294.6387163194962,65455.80856092213,221052.08966662892,27672.008587102744,13348.775327268639,30472.726991888445,2.617230881602981,2.6172308816029846,166.25693384948823,49145.71632471631,37089.18406448719,33397.920697992275,1,0.00040589595909091723,0.00033610398674819333,16,1
643,8,0.6768791377045057,0.6752887835394172,0,2.339739735818926,1.4133255356861236,0.10549016728726357,619.5301286112999,6.195301286113,0.0,132.93381773862774,294.6387163194962,65389.330192372836,221001.79975501413,27772.191533586498,13300.840169347384,29494.47305905366,2.216798750595546,2.2167987505955455,166.25693384948823,49145.71632471631,37089.18406448719,33452.49828773057,1,0.0001680396533603785,0.0002811356840849236,16,1
644,8,0.6788496181646304,0.6746712807473275,0,2.3418812169533108,1.437013190484874,0.09049798070577601,1070.812845418964,10.708128454189639,0.0,132.7954667861569,294.6387163194962,65306.573841830665,220931.85499361847,27963.573656257155,13210.081455594338,29885.302319134193,2.256269859579704,2.256269859579706,166.25693384948823,49145.71632471631,37089.18406448719,33526.79652068317,1,0.00028664601320987714,0.00028686054188705763,16,1
645,8,0.6542457513212103,0.6488532862547018,0,2.4350651117451294,1.4010637604256775,0.1132507845407105,1131.215119751253,11.31215119751253,0.0,133.97730481580953,294.6387163194962,65277.127069576694,220877.2951667175,28126.218878583357,13133.919898443997,28630.490048520496,2.0463493496167917,2.0463493496167935,166.25693384948823,49145.71632471631,37089.18406448719,33585.09246918138,1,0.0003160868340944684,0.0002569241668882413,16,1
646,8,0.6338915231856754,0.6312798427935578,0,2.5028519729192342,1.3720639978749483,0.13160506463610874,818.265102119161,8.18265102119161,0.0,132.37055687188646,294.6387163194962,65204.52984626081,220810.25275582983,28277.28286912976,13064.06256357333,28410.740570946273,2.1973742565129566,2.1973742565129575,166.25693384948823,49145.71632471631,37089.18406448719,33656.07983950911,1,0.00023041007328219947,0.00027771430686218164,16,1
647,8,0.6593674315423598,0.662962599275775,0,2.383241530858608,1.4334032246061266,0.0927827692366288,685.2439385745613,6.852439385745613,0.0,130.47175948030525,294.6387163194962,65162.84821491842,220772.67841272426,28338.82679220295,13035.898841397659,28723.79185553479,1.9600056922698588,1.9600056922698572,166.25693384948823,49145.71632471631,37089.18406448719,33697.19725104493,1,0.0001908505512143994,0.0002457824861970224,16,1
648,8,0.6404881096456159,0.6393589537802848,0,2.471225265022199,1.4080041205550693,0.10885815154742454,1018.2944530774026,10.182944530774027,0.0,131.45533406234293,294.6387163194962,65091.00965348367,220704.0750722409,28497.87712403143,12963.421897436163,28381.149758366708,1.892577066947667,1.8925770669476685,166.25693384948823,49145.71632471631,37089.18406448719,33769.13742919948,1,0.00028703402413137586,0.0002360982162093249,16,1
649,8,0.7009733441753069,0.7090347783466912,0,2.228381524082927,1.5475255800777123,0.02055343033056185,702.377253878414,7.02377253878414,0.0,130.38479172630392,294.6387163194962,65048.709118571336,220682.14807711594,28558.562234139714,12935.999980755247,28304.180148236057,1.8140633011513607,1.8140633011513578,166.25693384948823,49145.71632471631,37089.18406448719,33794.24484647855,1,0.000198522550435982,0.00022546904192725242,16,1
650,8,0.710082177387076,0.7164260099340267,0,2.2053917335378386,1.563669711196845,0.010335625824781723,814.277829816291,8.142778298162911,0.0,129.7809530306207,294.6550018760925,65053.56419737585,220686.08839783323,28522.529415282337,12952.441072922327,29037.809161125355,1.8905372933332705,1.8905372933332725,166.25693384948823,49145.71632471631,37093.25545363627,33795.46626322327,1,0.00022433588575447033,0.00023663082010727605,16,1
651,8,0.750783994978776,0.7512984257126943,0,2.103025836239688,1.5964649940693445,0.010420882322369892,902.2861151632172,9.022861151632172,0.0,130.26090967418972,294.7372873609074,65563.72455806304,220925.64244925458,28028.777991664785,13181.346282649043,29180.045649589756,1.7938284317240798,1.7938284317240787,166.25693384948823,49145.71632471631,37113.82682483998,33795.46626322327,1,0.000247370720662571,0.0002234097189510078,16,1
652,8,0.7442893927981894,0.7510597429559565,0,2.1036941665673248,1.5774913450702657,0.001587756284642025,1040.2814494668166,10.402814494668167,0.0,130.91279572840497,294.7580929898967,65657.6505241496,220971.5449780589,27983.213044792916,13202.99392496735,29730.473555583892,1.989687239057862,1.9896872390578648,166.25693384948823,49145.71632471631,37119.028232087316,33797.026685397475,1,0.0002799232773798678,0.0002505432945989697,16,1
653,8,0.7651379540767441,0.7654976389785793,0,2.064016816705313,1.594371246291946,0.009095725501231557,1115.1440053800236,11.151440053800236,0.0,131.66859670667506,294.8092234528105,65866.36273521012,221075.2844097328,27746.98448821567,13315.763811275487,28217.85142150663,2.222701454670006,2.222701454670006,166.25693384948823,49145.71632471631,37131.81084781577,33797.026685397475,1,0.00031615277541084533,0.00028114892448442803,16,1
654,8,0.7362885351759442,0.7354036603322004,0,2.1484799236466596,1.546803993690692,0.021010130575511373,1048.4530427870218,10.484530427870219,0.0,131.5147877670999,294.8092234528105,65772.33313027592,221024.19491423055,27860.45740058286,13261.754852249827,28228.71786292897,2.343520119855848,2.3435201198558464,166.25693384948823,49145.71632471631,37131.81084781577,33852.419947093076,1,0.00029713089992341183,0.0002977356509047083,16,1
655,8,0.7497263899280353,0.7847314654469579,0,2.0134276113167995,1.549191251563119,0.019499207871443724,662.6953814416307,6.626953814416307,0.0,128.7932476708931,294.82247736043934,65978.61836414861,221126.74407527398,27631.338330191476,13372.10206568906,28998.158841075983,2.0993077888210228,2.099307788821024,166.25693384948823,49145.71632471631,37135.12432472297,33853.41399016524,1,0.00018282412620015603,0.00026536926717813774,16,1
656,8,0.7510817155499067,0.7408614633267854,0,2.1326524299227594,1.5621238402201523,0.01131402517711886,869.0698882126666,8.690698882126666,0.0,128.67500044302332,294.8398587582036,65903.22528331,221092.063760069,27721.576142714017,13328.756933946192,28388.176488432382,1.9292825941139746,1.929282594113977,166.25693384948823,49145.71632471631,37139.46967416404,33893.628738546,1,0.00024491038050768643,0.0002416218022104181,16,1
657,9,0.7269764023642188,0.722802817987802,0,2.185935030522618,1.7053406598239025,0.07932953153411544,869.7755892236939,8.69775589223694,0.0,104.7315710034029,296.56212119612604,62534.68642287326,221044.8939472717,31132.893605961868,13271.7641243523,27259.606151175845,1.8021791682792252,1.8021791682792276,136.2980307558792,49009.41829396043,37139.46967416404,33943.659094520284,1,0.0002552569789600357,0.0002276638285559594,19,1
658,9,0.6923844404132484,0.6883503525575947,0,2.2953427627798018,1.6006038570678331,0.013040415865717137,682.7136332383895,6.827136332383896,0.0,103.59947629405703,296.59804825815297,62749.90332338133,221140.77345139268,30906.34833238754,13369.375939489688,27526.14406318064,1.8372675527632796,1.8372675527632807,136.2980307558792,49009.41829396043,37148.45143967076,33943.659094520284,1,0.0001984189668328001,0.00023286210876684074,19,1
659,9,0.746708063090994,0.7488381400876133,0,2.1099352656037813,1.6985667257706947,0.07504223150043962,884.0192118808257,8.840192118808258,0.0,104.14505551007059,296.7638385872595,63041.08941507504,221276.35928168928,30658.54865259199,13477.82523596221,26595.7169718167,1.8939292140696335,1.8939292140696358,136.2980307558792,49009.41829396043,37189.899021947385,33943.659094520284,1,0.0002659132559780554,0.00023986306725696374,19,1
660,9,0.7344150657013423,0.735760647778472,0,2.147437491758485,1.6319140745648006,0.032857009218228206,1265.500041601788,12.65500041601788,0.0,106.04257950153577,296.89618145393854,63337.8116287478,221418.34078054706,30302.054811441583,13636.922385858657,26602.641648619672,2.201408572248454,2.201408572248455,136.2980307558792,49009.41829396043,37222.98473861714,33943.659094520284,1,0.0003805637224504585,0.00028163198175377134,19,1
661,9,0.7221764789676263,0.7286585340777945,0,2.1683682082989413,1.5746924888680423,0.0033591842607327976,1586.3190424372976,15.863190424372977,0.0,108.30099700624633,296.9279078347873,63554.8279726812,221519.3450758883,30017.735238029203,13766.562356797383,25449.13310940932,2.941837280156193,2.941837280156193,136.2980307558792,49009.41829396043,37230.91633382932,33946.03857308394,1,0.0004986634430705342,0.00038171347383301606,19,1
662,9,0.7186911387442371,0.7205752167683682,0,2.192692675562692,1.5692282474177484,0.006817564925475769,1002.228665535214,10.02228665535214,0.0,105.97206537686783,296.947952408098,63559.8091443821,221524.9679523039,30038.28231043197,13757.238537561298,26038.509457735858,3.0372780378106103,3.037278037810613,136.2980307558792,49009.41829396043,37235.927477157,33947.54191608224,1,0.00030792197753468835,0.0003957163810185604,19,1
663,9,0.7285398056477957,0.7236681501171958,0,2.1833211807706667,1.5869837729952996,0.004420109490695891,1454.385249478173,14.54385249478173,0.0,106.74057898895822,296.9770401130875,63566.78504810049,221531.24634978507,30003.01375491965,13773.543360560905,26609.791891310673,3.1730751014890473,3.1730751014890473,136.2980307558792,49009.41829396043,37243.19940340439,33949.72349395646,1,0.00043724813945744445,0.00041461118668755566,19,1
664,9,0.7369336922851886,0.7424149184033111,0,2.128189993000218,1.5841024294497605,0.002596474335291436,979.9203439950668,9.799203439950668,0.0,105.14530084382812,296.9966385199674,63758.386514055346,221623.52594098455,29804.894741421143,13865.410923961643,27276.969250907725,2.6532814529370827,2.653281452937086,136.2980307558792,49009.41829396043,37248.099005124364,33951.19337447245,1,0.00028739859915704,0.0003441895720497242,19,1
665,9,0.7394604063846549,0.7424149184033111,1,2.128189993000218,1.5880934236507072,0.005122420032093094,1182.090394920401,11.820903949204009,0.0,104.77030356443892,297.0202803278658,63764.11844788545,221629.23142764624,29791.449760180873,13871.726447811721,27910.880544810494,2.7247771159297063,2.7247771159297054,136.2980307558792,49009.41829396043,37254.00945709897,33952.966510064834,1,0.0003388185171793696,0.0003544884185979513,19,1
666,9,0.7588627342590017,0.7546490727662156,0,2.0936883871180103,1.6056390797616704,0.016227265671943256,821.6226923110353,8.216226923110353,0.0,103.06945195773929,297.0729685248897,64010.34288855969,221749.80406432334,29570.52430669376,13975.724190881505,28589.50154001433,2.2148280200129746,2.214828020012977,136.2980307558792,49009.41829396043,37267.18150635494,33952.966510064834,1,0.00022990892406041537,0.00028537534679894165,19,1
667,9,0.7930622312809292,0.7885754886778725,0,2.0036128724328366,1.6222217533072243,0.026722628675458365,887.2172329387597,8.872172329387597,0.0,102.24793688197417,297.1817688042492,64512.72633872304,222000.15866764396,29075.682921226013,14214.348886959671,28903.389749009773,2.11057294220166,2.110572942201663,136.2980307558792,49009.41829396043,37294.381576194806,33952.966510064834,1,0.00024556766265635836,0.00027143170129871445,19,1
668,9,0.7822464382965584,0.7836360856790954,0,2.016242014468718,1.5816758720452684,0.0010606785096634885,1238.0520173645473,12.380520173645474,0.0,103.70684892252461,297.2065298445965,64661.87272678701,222075.16465497806,28908.147489702784,14297.04771454236,29583.786180224724,2.0996055030996565,2.0996055030996597,136.2980307558792,49009.41829396043,37300.571836281626,33954.82358809088,1,0.0003347920404298009,0.00027008954238219156,19,1
669,9,0.731796839980558,0.7317528253045623,0,2.1591990428494614,1.4909090006730816,0.05638670843475851,903.9240730009707,9.039240730009707,0.0,102.82899960947879,297.2065298445965,64607.717339139155,222034.15149914828,29017.962085310428,14243.158333016305,29102.36007506149,2.145813962840763,2.145813962840765,136.2980307558792,49009.41829396043,37300.571836281626,34000.02754978715,1,0.0002484813109780921,0.0002762803380214171,19,1
670,9,0.7751247695135774,0.7810922872390987,0,2.0228083490425623,1.5780466696950202,0.001236285003151839,1040.9580420136122,10.409580420136122,0.0,102.55310363663119,297.2273490054368,64613.26348950592,222039.50408213094,29007.579992834024,14248.307219226652,29993.160894624452,2.219720010683791,2.2197200106837935,136.2980307558792,49009.41829396043,37305.77662649169,34001.58898685017,1,0.00027765210760435157,0.00028697515300408154,19,1
671,9,0.7507705162554902,0.7594216167349974,0,2.080530715984802,1.5357693912105255,0.02799405619587,1078.4526459732938,10.784526459732938,0.0,103.13705776471481,297.2273490054368,64544.442952930614,221997.39978683658,29077.047738125926,14214.497480205231,29432.11325069479,2.1214609451431836,2.1214609451431836,136.2980307558792,49009.41829396043,37305.77662649169,34047.86318942676,1,0.00029313631319296044,0.00027308991059180136,19,1
672,9,0.7508065195074018,0.7594216167349974,1,2.080530715984802,1.5457505785133727,0.02167684904216921,1314.8374046934473,13.148374046934473,0.0,104.26444165032663,297.2273490054368,64472.33822036292,221954.16563326295,29170.90497333966,14168.977801695728,30012.268622819432,2.3685563169827217,2.3685563169827226,136.2980307558792,49009.41829396043,37305.77662649169,34095.813449545254,1,0.0003504799776965153,0.0003070894661646091,19,1
673,9,0.7138918034094837,0.7129409615170945,0,2.216172285343035,1.4887080920612819,0.057779688568808996,1361.4706208481869,13.614706208481868,0.0,105.15382606349013,297.2273490054368,64373.110551133526,221880.94056848393,29358.70980251734,14078.611111514014,29778.77818937008,2.585026671575579,2.5850266715755823,136.2980307558792,49009.41829396043,37305.77662649169,34174.08141114724,1,0.00036575593859231774,0.0003364574098272645,19,1
674,9,0.7359207513743953,0.7408879743485763,0,2.132576117717676,1.5461470708869278,0.02142590450194446,520.3757051788801,5.203757051788801,0.0,100.52558877482005,297.2273490054368,64277.004104451524,221834.30947007582,29468.713876220125,14026.245281688965,29892.49213979041,2.204467158101836,2.2044671581018385,136.2980307558792,49009.41829396043,37305.77662649169,34225.00912075305,1,0.00013926592744301812,0.0002851672812439504,19,1
675,9,0.7433030225710181,0.7382092798751981,0,2.1403144651163357,1.571873081584651,0.005143619250220861,896.6941913996991,8.96694191399699,0.0,100.1075704339161,297.2452828892648,64203.595987748755,221801.6305343555,29565.150524965702,13980.687121265297,30556.289483650056,1.9197287078295884,1.9197287078295866,136.2980307558792,49009.41829396043,37310.26009744869,34263.46961009948,1,0.00023476520390461645,0.00024659568997998407,19,1
676,9,0.712686415475396,0.7141700727264582,0,2.2123581767688725,1.5244211186910774,0.03517650715754597,701.8347353922246,7.0183473539222465,0.0,99.95176246781382,297.2452828892648,64069.669746431515,221731.14039452438,29734.542687848527,13901.279891870437,30058.071396729247,1.4860483701496274,1.4860483701496265,136.2980307558792,49009.41829396043,37310.26009744869,34336.81358641987,1,0.00018679434914605853,0.00018694182683123102,19,1
677,9,0.6857558762468982,0.6897962692982078,0,2.290531379080199,1.4717401615120727,0.0685188851189414,557.6281505043603,5.576281505043603,0.0,98.413925191304,297.2452828892648,64019.41590901906,221697.25633544836,29784.580415570366,13878.095859353984,30526.044830640836,1.4990717381455596,1.4990717381455596,136.2980307558792,49009.41829396043,37310.26009744869,34373.6145622586,1,0.00014613832970451128,0.00018923262758506208,19,1
678,9,0.7344945758571877,0.7364931951082394,0,2.145301559463552,1.5796251424620635,0.0002372516062889461,1158.7285629485941,11.587285629485942,0.0,100.32942462666712,297.26845746052373,64024.43852938371,221701.3496046739,29815.644668075933,13863.6874633774,31159.69850558894,1.6515630265518737,1.6515630265518753,136.2980307558792,49009.41829396043,37316.053740263436,34375.35265510302,1,0.00029749416548193093,0.0002101422814441669,19,1
679,9,0.7712847157673658,0.7666041355585098,0,2.0610376682208873,1.6117388654265907,0.020087889510500414,795.5832747608183,7.955832747608183,0.0,99.87335981042796,297.34482613352395,64449.424229785785,221905.57783453158,29390.80561048816,14064.734454026691,31061.731641817492,1.6954640586102283,1.6954640586102305,136.2980307558792,49009.41829396043,37335.14590851349,34375.35265510302,1,0.00020490377907708096,0.00021617875808784104,19,1
680,9,0.8313546635732124,0.8271619796227154,0,1.9101458226122392,1.685298282303133,0.06664448247033733,1312.6890579730757,13.126890579730757,0.0,101.25497072991675,297.59798394953805,64883.255687183664,222131.8049688136,28948.60389896793,14280.295131168856,31586.011809614105,2.148528253587482,2.1485282535874806,136.2980307558792,49009.41829396043,37398.43536251702,34375.35265510302,1,0.0003324735179320161,0.00027829048749700933,19,1
681,9,0.8591068435591896,0.8528491627276129,0,1.8526136496948502,1.6674171938722882,0.05532733789385321,1613.4101313902138,16.13410131390214,0.0,103.65319998722072,297.9158849787698,65547.63544935289,222473.15939714652,28326.72151506433,14594.835892672843,30380.918766258666,2.4659457652131804,2.465945765213184,136.2980307558792,49009.41829396043,37477.91061982495,34375.35265510302,1,0.0004248482789617495,0.00032074185865694886,19,1
682,9,0.8340706408284322,0.8284784065134905,0,1.9071106592254583,1.6073681128894857,0.01732159043638329,1288.4014206488812,12.884014206488812,0.0,102.88816208738909,297.9816029616156,65676.06680914847,222548.32313047655,28226.528506898318,14646.87431044576,30736.83821839415,2.7809837499684527,2.7809837499684553,136.2980307558792,49009.41829396043,37494.3401155364,34375.35265510302,1,0.0003353373984648429,0.0003642197317862028,19,1
683,9,0.7793576036509043,0.7713416808338147,0,2.0483788692606777,1.5119295659776135,0.04308255317872566,1076.007479499141,10.76007479499141,0.0,100.74033770994481,297.9816029616156,65607.88532835396,222500.87445000725,28320.55264346732,14598.456527973462,31205.81226479577,2.6388465274748225,2.638846527474825,136.2980307558792,49009.41829396043,37494.3401155364,34428.60787094432,1,0.0002758479658516739,0.00034534454775942205,19,1
684,9,0.7802360669704658,0.7694861601575183,0,2.0533182814835356,1.529604408873884,0.03189594375070634,1067.2929882947826,10.672929882947827,0.0,100.13665017305256,297.9816029616156,65478.4204448738,222424.17476311495,28469.917584558847,14522.223127941428,31037.359940691098,2.274385978245676,2.2743859782456783,136.2980307558792,49009.41829396043,37494.3401155364,34510.229891853305,1,0.0002750989105605012,0.00029542809162567263,19,1
685,9,0.8197093999054803,0.8267647857995367,0,1.9110634936779929,1.5730444177384482,0.004402267254146776,1413.061144765267,14.13061144765267,0.0,101.58610925994336,298.0098641845109,65717.21927731052,222550.76721206662,28168.115117301397,14678.33233372229,31548.755019201577,2.330073694101326,2.3300736941013254,136.2980307558792,49009.41829396043,37501.40542126022,34512.349483570455,1,0.0003583180747145764,0.0003030883170422505,19,1
686,9,0.81182699379237,0.8149777713151414,0,1.938703183830807,1.560526449877548,0.012325031723070956,1461.4369664204494,14.614369664204494,0.0,102.78941043998607,298.0390929238393,65699.38776995549,222544.91606710755,28191.81542374683,14666.125503227231,30762.240380964056,2.588088870531689,2.5880888705316867,136.2980307558792,49009.41829396043,37508.712606092326,34527.43892778134,1,0.0003800599561857138,0.00033782564715359713,19,1
687,9,0.8553171182719551,0.8585296126032411,0,1.8403558558791118,1.594989042569214,0.009486735803299905,1351.2504604570836,13.512504604570836,0.0,102.46979376027133,298.13845509740815,66099.91866911623,222765.2103616003,27768.0207453975,14890.675014175602,31222.16073246527,2.759000802080788,2.7590008020807884,136.2980307558792,49009.41829396043,37533.55314948454,34527.43892778134,1,0.00034622855785942664,0.0003615355295865723,19,1
688,9,0.901421517792316,0.9040865525088231,0,1.7476202865926165,1.6170748439523983,0.02346509110911281,991.5210670788418,9.915210670788419,0.0,100.31465923997035,298.2582787962,66609.70865765378,223055.50607300928,27236.06390850281,15182.459957811225,30666.241431144666,2.516109015649076,2.5161090156490746,136.2980307558792,49009.41829396043,37563.5090741825,34527.43892778134,1,0.00025866125636690566,0.0003283165901373487,19,1
689,9,0.8867266388893775,0.8709639547933934,0,1.8140819620655844,1.5972202408890432,0.010898886638634918,1996.0865896326009,19.96086589632601,0.0,103.60379508995592,298.29820052799266,66621.45844266262,223064.46667717543,27291.799504910712,15151.552068211875,31348.24173640059,2.832060663501039,2.832060663501038,136.2980307558792,49009.41829396043,37573.48950713066,34530.43305766579,1,0.0005093967582404619,0.00037142885748893146,19,1
690,9,0.847591485244629,0.8395813282602435,0,1.8818903503654985,1.536140397323189,0.027759242200513286,1178.0858231036236,11.780858231036236,0.0,102.01612035940136,298.29820052799266,66552.91856613872,223018.94831332055,27375.989552487994,15105.165963520274,31008.899162558286,2.7285973687468017,2.728597368746804,136.2980307558792,49009.41829396043,37573.48950713066,34582.33619474862,1,0.0003039348973796797,0.00035733097066234916,19,1
691,9,0.8459519149320719,0.8498354133727304,0,1.8591835255834719,1.543235187177276,0.023268868875141794,712.8357898981653,7.128357898981654,0.0,97.34828679827326,298.29820052799266,66487.94614975902,222981.96365740232,27465.887203702292,15055.916342718274,30667.1193238742,2.547460025710703,2.547460025710701,136.2980307558792,49009.41829396043,37573.48950713066,34625.18566313067,1,0.00018595441779058165,0.00033309535780357436,19,1
692,9,0.8630686706232576,0.8677647505762536,0,1.8207699712978371,1.5710555101946795,0.005661069497038347,1648.6570661542805,16.486570661542807,0.0,100.12284009122068,298.3311736693158,66498.44539010387,222989.2372425027,27436.30776078407,15072.298535763519,30935.15118589554,2.3476536724293133,2.3476536724293102,136.2980307558792,49009.41829396043,37581.73279246143,34627.65864872991,1,0.00042635177213058874,0.00030541369576695,19,1
693,9,0.888341209178533,0.8943588247020587,0,1.7666287359845212,1.5760586109778882,0.0024945500139948286,821.9345846276011,8.219345846276012,0.0,98.03524407699632,298.36707727087054,66839.59264885941,223185.78379578653,27086.821339856975,15267.414202903034,31256.64329045425,2.1163275181085757,2.116327518108573,136.2980307558792,49009.41829396043,37590.70869285012,34627.65864872991,1,0.00021037053198316258,0.000274225573968111,19,1
694,9,0.896218539386346,0.8943588247020587,1,1.7666287359845212,1.585644693883833,0.0035725910657169735,896.4664021029289,8.96466402102929,0.0,95.98376121377908,298.3850065989126,66843.7750598414,223192.30138489316,27049.4985991641,15288.584018338659,31984.678934137115,2.2045031516752718,2.2045031516752736,136.2980307558792,49009.41829396043,37595.19102486064,34629.00334833306,1,0.0002242239552127901,0.0002869820864421805,19,1
695,9,0.9242984631132038,0.9212127603521925,0,1.71513038898413,1.5875692133604047,0.004790641367344692,1909.7844052856574,19.097844052856573,0.0,99.92192396912912,298.52005143946445,67269.19222637494,223447.51350901605,26652.34639440362,15517.25909232249,32642.19482239278,2.3081732298496895,2.3081732298496918,136.2980307558792,49009.41829396043,37628.95223499861,34629.00334833306,1,0.0004680529396204771,0.0003008824756054766,19,1
696,9,0.9704864656104298,0.9547332304032836,0,1.6549125448714097,1.625387366197736,0.02872618113780758,968.8248431848466,9.688248431848466,0.0,97.66278085956225,298.62449372275285,67614.15976274404,223660.42334077024,26318.952912320543,15714.523270964051,32105.316824025584,2.383006741902563,2.383006741902564,136.2980307558792,49009.41829396043,37655.0628058207,34629.00334833306,1,0.00024141168853623386,0.0003112295277898337,19,1
697,9,0.9906258049064001,0.9765538640966659,0,1.6179343076600647,1.6069031826882443,0.017027330815344435,1044.4955052700566,10.444955052700566,0.0,95.56293752473243,298.7279269878707,68057.89984319694,223937.24473263067,25902.186264073473,15968.214135811733,32567.410693276826,2.4577973629968843,2.4577973629968852,136.2980307558792,49009.41829396043,37680.921122100175,34629.00334833306,1,0.0002565744056491862,0.0003220130112686324,19,1
698,9,0.9630272812582094,0.9638106463455066,0,1.639326153939995,1.565410366723499,0.00923394511170948,1494.48134089095,14.9448134089095,0.0,97.55420577626101,298.7578166146885,68066.66109232978,223945.3970035912,25929.3680914955,15951.528997576193,32625.230032754196,2.212626496091854,2.212626496091851,136.2980307558792,49009.41829396043,37688.39352880463,34631.2450703444,1,0.0003664602736938403,0.0002881487892930868,19,1
699,9,0.9642320153202989,0.9708664061997772,0,1.6274123709610364,1.5666521932796487,0.00844797893693127,1483.8228527448111,14.838228527448111,0.0,98.736045274394,298.7874930717434,68074.45228110687,223954.33929076852,25923.58267989506,15955.263381995432,32208.61405056121,2.524754826172948,2.5247548261729453,136.2980307558792,49009.41829396043,37695.81264306835,34633.47080462352,1,0.0003685530461920529,0.00033052924184502646,19,1
700,9,0.9688419030853153,0.9794997603018416,0,1.6130682865232238,1.5781556510543049,0.0011673094593007496,1873.9964760367316,18.739964760367315,0.0,100.53672917630243,298.82497300126414,68083.34672149157,223965.34600569625,25956.669497431834,15934.999223205941,32884.32874686351,3.009480409703886,3.0094804097038885,136.2980307558792,49009.41829396043,37705.182625448535,34636.28179933757,1,0.0004559001925719338,0.00039697117081927564,19,1
701,9,0.9285994700090605,0.9335993740385891,0,1.6923747422464455,1.5283851121883,0.032667650513734166,1726.045957784796,17.26045957784796,0.0,101.07177630463103,298.82497300126414,67965.8549680077,223875.9711124347,26092.091460309977,15852.746868739916,32845.606422164026,3.141465412420426,3.1414654124204273,136.2980307558792,49009.41829396043,37705.182625448535,34734.22437264656,1,0.0004204022749587769,0.00041495183790758787,19,1
702,9,0.9012333094212662,0.9034555083724868,0,1.7488409615723766,1.495201628443083,0.05366985541577035,849.6107969572435,8.496107969572435,0.0,95.81305508327935,298.82497300126414,67870.2870097924,223807.94380465246,26196.46322869172,15789.927459689803,33232.70784267149,2.7352440425791515,2.73524404257915,136.2980307558792,49009.41829396043,37705.182625448535,34809.755260873426,1,0.0002045240011086489,0.0003602754895464532,19,1
703,9,0.9101672863600423,0.9192222228856883,0,1.7188444324593795,1.522260311964885,0.03654410635133866,676.481197605721,6.76481197605721,0.0,92.28070711189547,298.82497300126414,67768.087200737,223741.86480788293,26302.619162976247,15726.471563084391,33593.07528102008,2.012930386814897,2.0129303868148942,136.2980307558792,49009.41829396043,37705.182625448535,34881.36957866909,1,0.00016110015339689475,0.0002620088098214402,19,1
704,9,0.9419389258986006,0.9505753981640056,0,1.6621511592365006,1.5754132996138923,0.002902974927916301,1139.7669629582745,11.397669629582746,0.0,93.8165978305924,298.8477683405233,67773.21170961802,223747.88923240014,26302.80674683263,15726.43670159576,32857.4472290799,1.6691668547995433,1.669166854799545,136.2980307558792,49009.41829396043,37710.88146026333,34883.07922911352,1,0.00027750590726343316,0.00021437668725632562,19,1
705,9,0.9181004727793658,0.9374101315869245,0,1.685494904269113,1.537600729048614,0.026834981614801308,633.9355928004072,6.339355928004072,0.0,92.16238140919187,298.8477683405233,67774.61112229437,223746.7609231699,26320.483148502404,15715.944696106719,33388.77404419889,1.5376286388226803,1.537628638822679,136.2980307558792,49009.41829396043,37710.88146026333,34888.40121835264,1,0.0001518919124041453,0.00019683265768815773,19,1
706,9,0.9637199762419436,0.9904505193815886,0,1.5952336528497262,1.5814637939402283,0.0009264518609039365,1317.6548112038972,13.176548112038972,0.0,93.89401707579805,298.8741214367474,68024.26305459252,223901.9063686801,26054.290116810527,15877.088017180587,33363.27500011545,1.9164095241467873,1.916409524146789,136.2980307558792,49009.41829396043,37717.46973431935,34890.37770056945,1,0.00031595334959157043,0.00024845038975304965,19,1
707,9,0.9952637434994588,1.0012545582276766,0,1.5780202816721876,1.5790286524148789,0.0006147769526083449,1527.2924462764227,15.272924462764227,0.0,96.07128206925702,298.98812290709196,68537.18455042786,224227.30076760563,25619.150772924197,16147.782919925265,34089.73358264131,2.1134353367933163,2.1134353367933176,136.2980307558792,49009.41829396043,37745.97010190549,34890.37770056945,1,0.0003584169861753637,0.00027542074939035984,19,1
708,9,1.0274298684181074,1.0279339795818039,0,1.5370636941516362,1.5885510918803862,0.0054120834685988375,1145.5488606608697,11.455488606608697,0.0,94.43276454990261,299.0573702174446,68875.20137148273,224450.52505612068,25291.36626776064,16357.7396090173,34866.59410277049,2.3794056940175503,2.379405694017552,136.2980307558792,49009.41829396043,37763.28192949365,34890.37770056945,1,0.00026284158579626673,0.0003124039738544003,19,1
709,9,1.0580742653476736,1.0668175835129645,0,1.4810404556673669,1.577543065868236,0.0015550216023823902,1166.9629501414124,11.669629501414125,0.0,93.38149790890154,299.13756573474797,69341.02377154726,224767.3578557294,24836.70226823504,16658.23017748071,35654.08810345544,2.244472751543754,2.244472751543754,136.2980307558792,49009.41829396043,37783.3308088195,34890.37770056945,1,0.00026184104257672835,0.00029436653818278627,19,1
710,9,1.0488207370385423,1.0668175835129645,1,1.4810404556673669,1.569375725520136,0.006724224354344391,870.001070532493,8.70001070532493,0.0,91.79836076557794,299.1549657561586,69345.89508771816,224774.8274194845,24881.436250667244,16628.373870351097,35387.45459365121,1.8500004111423212,1.8500004111423223,136.2980307558792,49009.41829396043,37787.68081417216,34891.68270217525,1,0.00019668011288691628,0.00024045424708663712,19,1
711,9,1.0001056480995298,0.9900113412593092,0,1.5959413131471973,1.517170693206325,0.03976538404662984,939.8239747203169,9.398239747203169,0.0,91.33116524822807,299.1549657561586,69203.37983658124,224669.38669340318,25053.136713647655,16514.80854601592,35907.791433772894,1.7180783896974354,1.718078389697434,136.2980307558792,49009.41829396043,37787.68081417216,35002.68250574126,1,0.0002093860830073487,0.00022263574615699776,19,1
712,9,0.9892986892969057,1.0003385621945493,0,1.5794652527778053,1.5104267037587982,0.044033731798229045,612.6866965458471,6.126866965458471,0.0,89.59909248807595,299.1549657561586,69136.1685135349,224619.4537953128,25133.704794202047,16462.0640963258,35816.01469935751,1.412411149215055,1.412411149215054,136.2980307558792,49009.41829396043,37787.68081417216,35057.14851833316,1,0.0001368520091783049,0.00018097273502418998,19,1
713,9,0.9926036089100312,0.9958455703419693,0,1.5865913822937772,1.5312554757687453,0.030850964703325788,1129.8824237209046,11.298824237209047,0.0,91.00429809936865,299.1549657561586,69031.03347130619,224540.29376854154,25264.49217279539,16377.166648436681,36172.61231372163,1.5423985929530761,1.5423985929530737,136.2980307558792,49009.41829396043,37787.68081417216,35141.246754638065,1,0.0002498868290565341,0.00019870830708072925,19,1
714,9,0.9815871164751212,0.9868087492684997,0,1.6011207857360612,1.5287113630205054,0.032461162645249814,1004.5715142245037,10.045715142245038,0.0,91.65223990131508,299.1549657561586,68925.04416440465,224462.57406707847,25384.983654057294,16299.723747405647,36128.42534602032,1.5749411657414771,1.5749411657414751,136.2980307558792,49009.41829396043,37787.68081417216,35223.95738981029,1,0.00022244457201845056,0.00020306113675109652,19,1
715,9,0.9708592598844893,0.9646127660821039,0,1.6379629790899086,1.5288412612599493,0.03237894856965236,610.3979008502185,6.103979008502185,0.0,89.09227690560749,299.1549657561586,68802.13256217625,224380.31078967557,25526.173895352327,16209.872747220932,35954.608629819835,1.570267160648849,1.5702671606488476,136.2980307558792,49009.41829396043,37787.68081417216,35311.12782301001,1,0.0001358152234968777,0.00020271554152395414,19,1
716,9,0.9250661761269924,0.9208268965249335,0,1.7158490981993355,1.4752521965421164,0.06629607813790107,827.9184323504073,8.279184323504074,0.0,89.35632600080679,299.1549657561586,68689.40531683655,224292.669820939,25688.19078495387,16107.941731425519,34482.886143943484,1.433734647575486,1.4337346475754853,136.2980307558792,49009.41829396043,37787.68081417216,35403.004380712635,1,0.00019207636597340253,0.00018344538716291028,19,1
717,9,0.8811433659021153,0.8807389416354539,0,1.7939481556998953,1.4231138700143426,0.09929501897826419,1306.7023966145528,13.067023966145527,0.0,91.64305454516942,299.1549657561586,68606.10750566774,224198.59924273423,25851.66413734214,16006.465000526687,34737.720708148285,1.6264245141399944,1.6264245141399938,136.2980307558792,49009.41829396043,37787.68081417216,35501.848996520646,1,0.0003009299101902319,0.00020960716655350404,19,1
718,9,0.8888373606954891,0.8807389416354539,1,1.7939481556998953,1.454943627057314,0.07914960312828236,1607.0673039751766,16.070673039751767,0.0,93.94422514621618,299.1549657561586,68490.00007203661,224084.54991220255,26026.207487331285,15899.630158688922,34154.11549397981,2.216018294112913,2.2160182941129127,136.2980307558792,49009.41829396043,37787.68081417216,35622.21115503238,1,0.0003764272107725225,0.0002898111623120523,19,1
719,9,0.9167229886767742,0.9117679808598814,0,1.7328970013949319,1.5159268064480391,0.040552654146810724,1171.7147917862856,11.717147917862857,0.0,92.70119633945295,299.1549657561586,68415.97032996653,224027.27648469893,26159.12938085843,15819.151139224168,33684.06905649514,2.4258428705945687,2.42584287059457,136.2980307558792,49009.41829396043,37787.68081417216,35686.241678375816,1,0.00027828343180773756,0.0003185468509234973,19,1
720,9,1.0208036976233292,1.0234074347358564,0,1.5438621475402916,1.6473584748162664,0.042631946086244515,1224.0751622540774,12.240751622540774,0.0,91.88040713631733,299.32481202722397,68782.14314841063,224263.61390308596,25842.54564573989,16013.616073522302,34341.86490605013,2.3846499614149543,2.3846499614149557,136.2980307558792,49009.41829396043,37830.1423819385,35686.241678375816,1,0.0002851505392855769,0.00031328706062194565,19,1
721,9,0.9691367389454908,0.9752339885359367,0,1.6201240097999088,1.5609477375963354,0.012058393926370026,1167.3117319369665,11.673117319369664,0.0,91.6399491490858,299.3481582618627,68789.54296466085,224271.5784955893,25817.56541613684,16029.204919721125,35074.86118951871,2.114248028442588,2.1142480284425873,136.2980307558792,49009.41829396043,37835.97894059819,35687.992645973725,1,0.00026624464185438654,0.0002765595376492337,19,1
722,9,0.9604446178334591,0.9636111501231734,0,1.6396655433034755,1.5572350217870423,0.01440821405883402,1058.2756551023454,10.582756551023454,0.0,91.05209947368199,299.3481582618627,68729.72740537052,224232.7243183702,25903.44776447385,15976.28273230637,34278.204330290006,2.0396791008071764,2.0396791008071746,136.2980307558792,49009.41829396043,37835.97894059819,35732.74182912903,1,0.00024698508589429186,0.00026612675567808504,19,1
723,9,1.008357995039239,1.005182606763796,0,1.5718537003807094,1.5929432972748436,0.008191960300533896,955.1722728006099,9.5517227280061,0.0,90.20580612965298,299.4189305341117,69114.63886657107,224480.02945372116,25569.3568055766,16185.802349037145,34841.02450648144,1.8770417995454798,1.8770417995454785,136.2980307558792,49009.41829396043,37853.67200866044,35732.74182912903,1,0.0002193212826156522,0.00024418367012144355,19,1
724,9,0.9662436246066445,0.9711664194409071,0,1.6269096298753758,1.5414402621090761,0.02440489739931894,1078.6233911810496,10.786233911810497,0.0,90.60421076094718,299.4189305341117,69011.14818965636,224407.81076490867,25695.147103259857,16106.866209582535,34997.41754880017,1.8291373761286138,1.8291373761286138,136.2980307558792,49009.41829396043,37853.67200866044,35810.443258647494,1,0.00024656068172504994,0.0002376223500783313,19,1
725,9,0.9537425151564568,0.9487487589139555,0,1.6653513221020133,1.5418460204592315,0.02414808831694215,1416.7608847790825,14.167608847790826,0.0,92.26459515855771,299.4189305341117,68917.96646960656,224339.6563745363,25866.659291191594,16000.386785528897,35499.26113949275,2.005418331023875,2.0054183310238742,136.2980307558792,49009.41829396043,37853.67200866044,35884.61130234531,1,0.0003192767036388694,0.00026171955599319055,19,1
726,9,0.9684909743254223,0.9620388323835617,0,1.6423453470016056,1.5719357376007201,0.005103963543848057,805.8824083224512,8.058824083224511,0.0,89.66648561114562,299.4350481822782,68869.79567337225,224313.68297979512,25918.327676428897,15968.63397389476,36242.31673778354,1.9000348481667009,1.9000348481667027,136.2980307558792,49009.41829396043,37857.701420702055,35918.72123657477,1,0.00017788761444873045,0.0002479083332708833,19,1
727,9,1.0120103034309182,1.0167909848858572,0,1.5539083484078762,1.5884177288495627,0.005327676487064937,1666.9331296578168,16.669331296578168,0.0,92.03378734664713,299.5715284709826,69359.85547770643,224627.59013388044,25488.2233556802,16239.018353678857,35489.785361896415,2.218757248306873,2.2187572483068756,136.2980307558792,49009.41829396043,37891.82149287817,35918.72123657477,1,0.0003757550208117108,0.0002909731129664369,19,1
728,9,1.0490365212824377,1.0604752003398465,0,1.4898981131229314,1.5896694405192764,0.006119899062833112,1035.0167639646347,10.350167639646347,0.0,90.93947156007624,299.6639475745961,69855.59595830382,224959.28033807772,25045.015933973784,16527.421186543525,36137.880320132215,1.9965881569325317,1.9965881569325308,136.2980307558792,49009.41829396043,37914.92626878153,35918.72123657477,1,0.00022912617005663892,0.0002609229351056934,19,1
729,9,1.0482128666443542,1.0297359778812978,0,1.5343738918891436,1.5985571000449805,0.011745000028468643,2097.421529697722,20.974215296977217,0.0,93.96118480243264,299.70589600519,69868.37387367625,224971.45184625502,25124.918898997046,16475.021919819785,36889.739158063196,2.6716526247622574,2.6716526247622547,136.2980307558792,49009.41829396043,37925.41337643001,35921.867368869316,1,0.00045485201632048446,0.0003532444023962781,19,1
730,10,1.0570629807519079,1.0565424537859887,0,1.4954439306610599,1.8194967874778412,0.15158024523913993,779.4909494284014,7.794909494284014,0.0,142.2041600795473,302.9188412405491,66533.20706633989,225087.1834210974,28501.800599445745,16558.533384502363,36684.99468178024,2.219466050001841,2.21946605000184,183.42497340890114,48825.993320551526,37934.05967971691,35921.867368869316,1,0.0001699857843655164,0.00028465465691421325,22,1
731,10,1.0145396993413582,1.0341183861705001,0,1.5278714904692718,1.6617408540528704,0.05173471775498123,758.5398751422048,7.585398751422048,0.0,138.3613910778325,303.0794123605414,67281.65519097056,225543.40854821214,27804.249846092614,16975.279394779394,36271.81861435689,2.0667700547591457,2.0667700547591443,183.42497340890114,48825.993320551526,37974.20245971499,35921.867368869316,1,0.000167301206086637,0.0002640463355908793,22,1
732,10,0.9747206483584816,0.9680001281816829,0,1.6322311888201027,1.5996714293913035,0.012450271766647718,1279.9619808935788,12.799619808935788,0.0,140.19147830716125,303.1050116001593,67288.93931557155,225550.23055791733,27831.784243131853,16958.616803427878,36893.922004467815,1.634783980087657,1.634783980087655,183.42497340890114,48825.993320551526,37980.602269619456,35923.78731184066,1,0.00027754424823440066,0.00020494374622885135,22,1
733,10,0.9905506830879414,0.9780442090654329,0,1.6154688973719953,1.613836746984654,0.02141566264851512,1576.7303639306324,15.767303639306324,0.0,142.3723238539555,303.18410971134665,67370.17695912818,225604.7459802827,27730.64991321744,17020.68952472012,36306.06132877985,2.071004994653877,2.071004994653879,183.42497340890114,48825.993320551526,38000.376797416306,35923.78731184066,1,0.00034743077188177543,0.0002640920754009377,22,1
734,10,0.9716854725355669,0.9610250108997894,0,1.6440779189718238,1.5865855757582512,0.004168085922943758,1295.5327644936117,12.955327644936117,0.0,141.5274218065227,303.2100203666365,67376.64584725727,225613.7886240194,27761.268239944704,17002.05867245797,36899.43985778308,2.3442391244635514,2.34423912446355,183.42497340890114,48825.993320551526,38006.85446123877,35925.7306109874,1,0.0002808785758237681,0.0003019511986466481,22,1
735,10,0.9719889952827199,0.9864840626831639,0,1.601647770874794,1.5613943464741147,0.011775730079674297,1223.4356117066109,12.23435611706611,0.0,140.181835464318,303.23448907887064,67540.12625927762,225720.9454088169,27536.07478815676,17141.57716006181,37107.19126244922,2.308596136991253,2.3085961369912518,183.42497340890114,48825.993320551526,38012.971639297306,35927.56576440496,1,0.0002637624827066169,0.00029735727680405347,22,1
736,10,1.0138455510735744,1.0076760827051088,0,1.5679641772964248,1.5889807718309559,0.005684032804402406,1693.7825966584076,16.937825966584075,0.0,141.9007914225991,303.3361560370329,67885.6095886478,225951.66314927887,27199.393700718727,17354.511007453504,37868.55034577756,2.3327698887046204,2.3327698887046204,183.42497340890114,48825.993320551526,38038.38837883786,35927.56576440496,1,0.0003578235937087607,0.0003008215507463819,22,1
737,10,0.8138203852760736,0.8136888442523673,0,1.9417741943503404,1.298779472203644,0.17798767582047845,1090.3915995908412,10.903915995908413,0.0,139.96196546384124,303.3361560370329,67750.86595719364,225805.5826914981,27447.118681490774,17198.473781072025,36618.646916998914,2.231692548460075,2.231692548460075,183.42497340890114,48825.993320551526,38038.38837883786,36080.65046243954,1,0.00023821559590934323,0.0002866005574415736,22,1
738,10,0.8658842813143081,0.8136888442523673,1,1.9417741943503404,1.4045709406361337,0.11103105023029514,1466.4770093809013,14.664770093809013,0.0,140.74125846458048,303.3361560370329,67666.40627102359,225701.39933669628,27672.071265018265,17059.167925641937,35438.83016124591,2.4008582746071268,2.4008582746071254,183.42497340890114,48825.993320551526,38038.38837883786,36192.00034442747,1,0.0003310441123950114,0.0003090277673377051,22,1
739,10,0.8760574763976121,0.8741809435667324,0,1.807406134425061,1.436356920497978,0.09091334145697597,1073.491475179054,10.73491475179054,0.0,139.60788116081469,303.3361560370329,67571.44407097646,225614.09567198445,27820.7573154706,16968.332938314332,35251.15579262014,2.1225641877253136,2.1225641877253114,183.42497340890114,48825.993320551526,38038.38837883786,36285.54409501394,1,0.0002436212830000406,0.0002709603304347984,22,1
740,10,0.8305555288757891,0.8269545284117917,0,1.9106250050223081,1.3778777362571522,0.1279254833815493,655.0413628535762,6.550413628535762,0.0,135.94360002531775,303.3361560370329,67460.86404283336,225523.46319253594,27985.29635198513,16868.944174616387,35424.15532920765,1.8983901652109976,1.8983901652109967,183.42497340890114,48825.993320551526,38038.38837883786,36381.7266447386,1,0.000147931005104528,0.00024086546683319335,22,1
741,10,0.8158908373848504,0.8173267138906304,0,1.93313147991811,1.3692071240717685,0.1334132126128048,742.2777026999767,7.422777026999767,0.0,135.04199492394605,303.3361560370329,67357.25582173355,225431.3288332034,28146.978101392488,16772.379524804775,34861.12693732855,1.5086601656000058,1.5086601656000067,183.42497340890114,48825.993320551526,38038.38837883786,36478.14612184119,1,0.00017033934767155486,0.0001872972119253745,22,1
742,10,0.8163093858514936,0.8173267138906304,1,1.93313147991811,1.3859747742265385,0.12280077580598835,1261.3996062214064,12.613996062214065,0.0,137.15075856740887,303.3361560370329,67311.2834320258,225354.76465749144,28311.78785986125,16675.035209885842,33798.25982234711,1.6490960353832522,1.649096035383253,183.42497340890114,48825.993320551526,38038.38837883786,36559.190612060374,1,0.00029857149163339597,0.00020561394813649295,22,1
743,10,0.7832391180774434,0.7817426116873037,0,2.0211255934862593,1.3439710482688796,0.14938541248805093,845.1541615041205,8.451541615041204,0.0,136.30510155903517,303.3361560370329,67261.97502531728,225287.63806031406,28462.229005662444,16587.210843289922,32551.11107976421,1.7992879319752584,1.7992879319752595,183.42497340890114,48825.993320551526,38038.38837883786,36630.983898554645,1,0.0002077112905751523,0.0002255407099600344,22,1
744,10,0.7734785668865974,0.7898207977584439,0,2.0004537794954618,1.3449078404470864,0.14879250604614785,903.2483906987534,9.032483906987535,0.0,135.52756541351047,303.3361560370329,67156.72660823776,225185.0211234382,28651.607275609094,16478.009472506783,31776.91391618285,1.9409597897213045,1.9409597897213038,183.42497340890114,48825.993320551526,38038.38837883786,36738.4503725004,1,0.0002273973849269891,0.0002445600557118458,22,1
745,10,0.7694248045887488,0.7700485633821658,0,2.0518186451259766,1.3526349326025007,0.1439019413908224,1000.8571487477592,10.008571487477592,0.0,136.04196158808656,303.3361560370329,67095.47869682866,225105.02082637805,28809.680877539417,16387.927403897065,31953.985870517103,1.8238922807516358,1.8238922807516353,183.42497340890114,48825.993320551526,38038.38837883786,36822.97963152036,1,0.0002505745988130307,0.0002285610914383907,22,1
746,10,0.7913620386882504,0.8006716773226312,0,1.9733431876638468,1.4097283791807695,0.10776684861976615,809.6541521293613,8.096541521293613,0.0,134.94279657805555,303.3361560370329,66978.31038902309,225012.41052124542,29001.179904990546,16280.038901760028,32260.762946268933,1.8042985870686896,1.8042985870686905,183.42497340890114,48825.993320551526,38038.38837883786,36920.05804849791,1,0.00020077743442778698,0.0002262498060559356,22,1
747,10,0.8320311112808398,0.8366738571545317,0,1.888429985578213,1.496903286121732,0.05259285688497982,707.790232485219,7.07790232485219,0.0,133.4750424555703,303.3361560370329,66874.63581675447,224944.5408504281,29145.1211405202,16199.875941076447,32702.059531118608,1.668595177337754,1.6685951773377554,183.42497340890114,48825.993320551526,38038.38837883786,36992.07615744805,1,0.00017314878454348124,0.000208166939261433,22,1
748,10,0.8336854087789463,0.8366738571545317,1,1.888429985578213,1.5110209181588434,0.04365764673490927,1268.4090711543447,12.684090711543448,0.0,135.3321300751213,303.3361560370329,66803.23121975215,224887.98689764412,29253.399853577517,16140.168757438723,32542.492064906965,1.8204295483826303,1.8204295483826287,183.42497340890114,48825.993320551526,38038.38837883786,37053.09203012396,1,0.00031181608799337563,0.00022858076898821461,22,1
749,10,0.879762057521059,0.8765001494808506,0,1.802623765593002,1.5967558295696005,0.010604955423797736,976.0990638954435,9.760990638954436,0.0,135.1726222627832,303.3556780183108,66807.56227389161,224893.7413633874,29273.87326773527,16128.980086188514,32008.409763531734,1.9278595393395646,1.9278595393395634,183.42497340890114,48825.993320551526,38043.26887415734,37054.5561787198,1,0.00024396065186782167,0.0002429751748015595,22,1
750,10,0.8954057411801407,0.9016895036039636,0,1.7522661555722858,1.5756451686913269,0.00275622234726152,1518.7139506657684,15.187139506657685,0.0,136.8909305464716,303.43075685420536,67226.56741997512,225135.55487368256,28825.268862557903,16380.789116392614,31425.72498565703,2.452152036539546,2.452152036539545,183.42497340890114,48825.993320551526,38062.038583130976,37054.5561787198,1,0.00038661674824912965,0.0003141311627034423,22,1
751,10,0.5510140867786478,0.9016895036039636,1,1.7522661555722858,0.9747960628882901,0.38304046652639867,593.7931642871147,5.937931642871147,0.0,133.05492651775316,303.43075685420536,67232.14028621491,225087.12131548737,28902.293263667583,16337.335915474969,31465.72498565703,2.056105314937259,2.056105314937262,183.42497340890114,48825.993320551526,38062.038583130976,37107.99756350564,1,0.00015096888174234854,0.0002605154272864333,22,1
752,10,0.5311058453339288,0.5306115638079665,0,2.977696129841259,0.9500327943595529,0.39871342129142223,438.2749215142869,4.382749215142869,0.0,129.42056973867847,303.43075685420536,67185.87407389829,225022.28450701063,29062.95924676642,16247.341807884604,30830.010289354726,1.73808280712626,1.738082807126258,183.42497340890114,48825.993320551526,38062.038583130976,37176.93742726864,1,0.00011372683107163764,0.0002171041536877053,22,1
753,10,0.5221464195132391,0.5198946388559011,0,3.0390773089659184,0.9565143412485942,0.39461117642494037,769.3899933335252,7.693899933335253,0.0,130.2436650441833,303.43075685420536,67085.04449025217,224894.50375722194,29411.584178244837,16055.329971149396,30870.010289354726,1.2832683379899807,1.283268337989981,183.42497340890114,48825.993320551526,38062.038583130976,37307.67096333518,1,0.0001993883347940038,0.00015469468253599667,22,1
754,10,0.5250035749932846,0.5243910942201121,0,3.0130183700961144,0.9785870225236522,0.38064112498503033,436.74640393857305,4.36746403938573,0.0,128.9869077063153,303.43075685420536,66953.0891631723,224783.38440288685,29668.352624626878,15916.817649923456,30201.039552630726,1.1993163547565961,1.1993163547565961,183.42497340890114,48825.993320551526,38062.038583130976,37421.44864590369,1,0.00011569042931186899,0.00014293519839250347,22,1
755,10,0.537820184346675,0.5310898032700971,0,2.975014753195058,1.0182111809412089,0.35556254370809565,328.6422945692694,3.286422945692694,0.0,127.08212849119481,303.43075685420536,66820.57327201197,224683.56299456072,29900.62697457748,15793.541666556246,30241.039552630726,1.1316284423892429,1.131628442389243,183.42497340890114,48825.993320551526,38062.038583130976,37523.74461269345,1,8.693941727692497e-05,0.00013400606046093258,22,1
756,10,0.5397585567871566,0.5424703274969013,0,2.9126017035632707,1.040640122262362,0.34136701122635316,665.1218805216118,6.651218805216119,0.0,127.96130562445616,303.43075685420536,66720.77665630693,224569.12903984197,30174.27886138375,15650.77576953883,29599.039247374803,1.0882979014774528,1.0882979014774519,183.42497340890114,48825.993320551526,38062.038583130976,37640.45938775821,1,0.0001797685053120372,0.00012746611730027707,22,1
757,10,0.5260218464315648,0.5238788671321626,0,3.015964374835915,1.0424392636417097,0.34022831415081667,991.8743993815858,9.918743993815859,0.0,129.66487585665558,303.43075685420536,66608.68156055486,224418.63411659197,30592.77148094672,15437.317744199583,29639.039247374803,1.460124081829544,1.4601240818295433,183.42497340890114,48825.993320551526,38062.038583130976,37793.93434156709,1,0.00026772106642274204,0.00017814299633723475,22,1
758,10,0.6336905017158386,0.6339220520684271,0,2.4924199983966657,1.2730800052214717,0.19425316125223313,875.5798674116105,8.755798674116106,0.0,129.79301049450447,303.43075685420536,66524.94201598958,224322.41763382548,30802.769802385093,15332.439886144619,29021.243397819813,1.8394472203181098,1.8394472203181107,183.42497340890114,48825.993320551526,38062.038583130976,37893.781539869255,1,0.000241362468288285,0.00022961734667435477,22,1
759,10,0.6142731788778495,0.6239225452569185,0,2.532365614948869,1.2496224229796615,0.2090997322913535,729.7927143603531,7.297927143603531,0.0,128.54739394507158,303.43075685420536,66468.19608018258,224246.81873634254,30996.540757320257,15236.87737597986,28592.269351418192,1.899739203916486,1.8997392039164889,183.42497340890114,48825.993320551526,38062.038583130976,37973.03194133818,1,0.00020419301606058914,0.00023775885025720538,22,1
760,10,0.6160475912737561,0.6239225452569185,1,2.532365614948869,1.266617150197238,0.19834357582453288,675.5254575669537,6.755254575669538,0.0,127.85415594601024,303.43075685420536,66382.930726047,224163.08877360576,31162.001461717955,15156.336653716719,26861.148779232146,1.747481498069902,1.747481498069901,183.42497340890114,48825.993320551526,38062.038583130976,38059.883064543355,1,0.00020119034018060769,0.00021558194150982728,22,1
761,10,0.60055873988101,0.6239225452569185,1,2.532365614948869,1.2482846019805158,0.20994645444271154,492.88318001597,4.9288318001597,0.0,126.54256084798803,303.43075685420536,66310.35284852383,224096.26226487238,31332.30910168207,15074.200259951773,26243.63289097648,1.5280345279570042,1.5280345279570042,183.42497340890114,48825.993320551526,38062.038583130976,38129.34871675368,1,0.00015024846051262704,0.00018521060558460796,22,1
762,10,0.5777943395858588,0.5791140858334433,0,2.728305248742331,1.21536266380036,0.23078312417698735,602.9646273460983,6.029646273460983,0.0,126.34660481800998,303.43075685420536,66223.02728996593,224010.382957444,31519.880972503597,14984.834858580258,26283.63289097648,1.4772036197268494,1.4772036197268479,183.42497340890114,48825.993320551526,38062.038583130976,38217.75058597318,1,0.00018352550573116674,0.00017832143547480048,22,1
763,10,0.5736689805738924,0.5875280847297647,0,2.689233146576688,1.2203072821552259,0.22765361888909758,635.1206887780215,6.351206887780215,0.0,126.48944022474753,303.43075685420536,66165.78817287339,223937.5767299893,31697.600827869326,14901.107794298097,26323.63289097648,1.4572518530456153,1.4572518530456156,183.42497340890114,48825.993320551526,38062.038583130976,38293.020520759404,1,0.00019301916005544525,0.00017559770876641298,22,1
764,10,0.5914493869578699,0.5975998552498502,0,2.64390960961565,1.2721852787493373,0.1948194438295334,885.0113735433246,8.850113735433245,0.0,127.39776940195256,303.43075685420536,66103.3032958014,223852.90219109767,31874.547504492824,14818.738980870008,26363.63289097648,1.7461230714709797,1.7461230714709817,183.42497340890114,48825.993320551526,38062.038583130976,38380.61749617656,1,0.0002685552107945605,0.00021503329219372416,22,1
765,10,0.5655942384681487,0.5691104395030777,0,2.7762625499886924,1.2393290932963918,0.21561449791367607,1195.0626341121153,11.950626341121154,0.0,129.08562334959637,303.43075685420536,66054.25659868617,223745.73808870104,32171.81429109255,14682.292945863639,25455.181708709188,2.2221747717214866,2.222174771721488,183.42497340890114,48825.993320551526,38062.038583130976,38491.305663742576,1,0.00037558172565022046,0.0002790520321667421,22,1
766,10,0.5581533901158635,0.5616515582189725,0,2.813132051142644,1.2394393659316927,0.21554470510652365,626.9909295327113,6.269909295327113,0.0,126.7779250330825,303.43075685420536,65952.35082146508,223657.47995132688,32387.396247576657,14584.928887603981,24768.72312618333,2.246999614453501,2.246999614453504,183.42497340890114,48825.993320551526,38062.038583130976,38582.99349646503,1,0.00020251053761262693,0.0002822158246858026,22,1
767,10,0.5936489716558215,0.590486787724849,0,2.6757584299011237,1.3359617810848026,0.1544545689336693,715.7750619415351,7.157750619415351,0.0,125.77174064205279,303.43075685420536,65823.24054902191,223564.80601177984,32604.483055152657,14488.15236416737,23590.662659335023,2.1919350367368637,2.191935036736862,183.42497340890114,48825.993320551526,38062.038583130976,38678.80930606682,1,0.00024273165100202796,0.0002736079714216251,22,1
768,10,0.5754445639595528,0.5698193929666927,0,2.7728084012267984,1.309843750435747,0.1709849680786412,780.0360701877154,7.800360701877154,0.0,126.17450991136432,303.43075685420536,65751.5630083017,223490.6304983006,32791.22024218471,14405.939202815829,23637.46033255303,1.9206560799670027,1.9206560799670016,183.42497340890114,48825.993320551526,38062.038583130976,38755.70930590607,1,0.0002639999591203005,0.00023641404924498513,22,1
769,10,0.5515619942691125,0.5458458164289701,0,2.8945902898673266,1.2724701901189728,0.19463912017786536,536.844489574408,5.368444895744081,0.0,124.83831178676738,303.43075685420536,65631.11868789837,223405.39321758575,33012.703120437836,14309.61016667934,22707.73863154696,1.893930476389212,1.8939304763892102,183.42497340890114,48825.993320551526,38062.038583130976,38843.49650094183,1,0.00018913181916885071,0.00023195447643039303,22,1
770,10,0.5317767448687821,0.5272674420667287,0,2.996581760874289,1.238532877418621,0.216118432013531,609.0426366602527,6.090426366602527,0.0,124.51907172027965,303.43075685420536,65594.77221646217,223348.2322186313,33170.13141771941,14241.93481964595,21492.255257866054,1.8657316469804823,1.8657316469804837,183.42497340890114,48825.993320551526,38062.038583130976,38903.01061812334,1,0.00022670217875338,0.00022661131901417707,22,1
771,10,0.5413598770951682,0.5429475303503317,0,2.9100417842963946,1.2869412182600795,0.18548024160754467,1523.1022122732234,15.231022122732234,0.0,127.98793927957927,303.43075685420536,65493.59907174429,223208.99863793043,33512.27104726928,14097.14653467823,21532.255257866054,2.605810154511471,2.605810154511472,183.42497340890114,48825.993320551526,38062.038583130976,39045.46279024463,1,0.0005658867383960857,0.0003272402454394388,22,1
772,10,0.53366539987428,0.5427249010657661,0,2.911235502364649,1.2820567054649796,0.18857170540191168,672.9923504228776,6.729923504228776,0.0,125.75509059993932,303.43075685420536,65425.96566925993,223141.37714489625,33689.19845280218,14023.373137179658,20882.25722234934,2.7758105362226786,2.7758105362226786,183.42497340890114,48825.993320551526,38062.038583130976,39116.385742837505,1,0.0002578236033612704,0.00035013750683691205,22,1
773,10,0.3410147198052617,0.34539721334421875,0,4.574443391427686,0.8382671850743966,0.4694511486870908,680.2673419835464,6.802673419835465,0.0,123.34821409116984,303.43075685420536,65339.28981385373,223042.08391052927,34078.75520520132,13863.547762021046,20922.25722234934,2.852489603692672,2.852489603692669,183.42497340890114,48825.993320551526,38062.038583130976,39219.001201583254,1,0.0002601124093845396,0.00036127425038063194,22,1
774,10,0.3625765152275923,0.3591784844614045,0,4.398927186212845,0.9064253659865464,0.42631305950218584,530.1826076788859,5.301826076788859,0.0,122.46509348654061,303.43075685420536,65250.95961187556,222956.6600222997,34367.79965043707,13747.361339268267,19449.03930109002,2.0208042606714547,2.020804260671456,183.42497340890114,48825.993320551526,38062.038583130976,39306.57486620451,1,0.00021808073888736373,0.0002453389172110579,22,1
775,10,0.3929724639329187,0.3837092843114538,0,4.117700729694949,1.0062634323275197,0.36312440991929135,922.4928819752017,9.224928819752018,0.0,123.77825069337453,303.43075685420536,65180.26374775232,222841.13561401961,34783.15667811155,13583.741934799142,18102.386482829133,2.4051947390366335,2.4051947390366353,183.42497340890114,48825.993320551526,38062.038583130976,39424.42026281938,1,0.00040767790825821767,0.000295290352176707,22,1
776,10,0.38989240300698097,0.38616520972380075,0,4.091513062841868,1.0224564153226423,0.3528756865046568,973.3465798243664,9.733465798243664,0.0,124.79256546763261,303.43075685420536,65089.410088580094,222714.10339527336,35200.90519656447,13423.130129980722,17692.70635925465,2.8510652973107535,2.851065297310753,183.42497340890114,48825.993320551526,38062.038583130976,39554.07907640281,1,0.0004401120145489697,0.00035529022056485037,22,1
777,10,0.37618054927133643,0.3798813740360887,0,4.159193127088932,1.0103985423021942,0.36050725170747205,1161.2202588252528,11.612202588252527,0.0,125.70623894739994,303.43075685420536,65018.94347894723,222577.8567326611,35625.678447385326,13263.76348085941,17732.70635925465,3.596470153680193,3.5964701536801895,183.42497340890114,48825.993320551526,38062.038583130976,39693.568770060905,1,0.0005238772854180671,0.00045722240274175154,22,1
778,10,0.4203405036248898,0.4232725737812379,0,3.732819223048927,1.1594218510339238,0.26618870187726346,1191.9066143903406,11.919066143903406,0.0,126.41116692077611,303.43075685420536,64978.841343385815,222457.82832484564,36103.035182146166,13088.909767672138,17252.36951913296,3.958034016222946,3.9580340162229506,183.42497340890114,48825.993320551526,38062.038583130976,39816.97897511655,1,0.0005526923652167363,0.0005055605550612576,22,1
779,10,0.40899521017738955,0.4066572125938242,0,3.885336226848458,1.1451358493593786,0.2752304750890009,726.7303174479131,7.267303174479131,0.0,124.06977698036295,303.43075685420536,64939.81129103501,222379.6906512173,36374.62958817492,12991.51474636213,16571.461386512216,3.746624256812652,3.746624256812652,183.42497340890114,48825.993320551526,38062.038583130976,39898.15072292485,1,0.0003508346309345588,0.0004758014271897874,22,1
780,10,0.4143375491781326,0.4066572125938242,1,3.885336226848458,1.1776056664666104,0.2546799579325251,752.9116893642855,7.529116893642855,0.0,123.04007461265822,303.43075685420536,64887.35333546427,222299.124674689,36648.61880409521,12894.723020155394,15935.73654793449,3.4001360822929594,3.4001360822929585,183.42497340890114,48825.993320551526,38062.038583130976,39981.32341942422,1,0.0003779739641651514,0.0004271669867721489,22,1
781,10,0.4169887843686586,0.41627309549547675,0,3.7955851989890816,1.2145248728491447,0.23131337161446544,1551.0681559297407,15.510681559297407,0.0,126.07892914168977,303.43075685420536,64834.5750831039,222158.1545156166,37101.11071587594,12738.10640028097,15975.73654793449,3.9514876716557406,3.9514876716557388,183.42497340890114,48825.993320551526,38062.038583130976,40125.25052987094,1,0.0007767119350151172,0.0005018401767049424,22,1
782,10,0.4283844152690581,0.4204107110016776,0,3.7582296517504648,1.2652298718219541,0.1992216001126873,737.0293453248624,7.370293453248625,0.0,124.44219993150278,303.43075685420536,64744.88043867528,222080.47630110072,37361.04994267956,12649.789488834565,13779.92883417627,4.180544283158689,4.180544283158684,183.42497340890114,48825.993320551526,38062.038583130976,40205.59658336393,1,0.0004278857194077347,0.0005275238728626678,22,1
783,10,0.4057763397514726,0.403024465255081,0,3.9203575371038366,1.2120067895454698,0.23290709522438624,822.5084011088608,8.225084011088608,0.0,123.35907705756995,303.43075685420536,64714.84992829665,222008.54105274208,37572.19315644953,12579.060733790922,13091.893190493403,4.498119381852119,4.4981193818521135,183.42497340890114,48825.993320551526,38062.038583130976,40280.22760156166,1,0.0005026062398407712,0.000569067964754541,22,1
784,10,0.37916022348410844,0.3844345688937495,0,4.109932164910702,1.1526996865771821,0.27044323634355566,756.2786371766135,7.562786371766135,0.0,123.25354256754768,303.43075685420536,64623.69453328749,221911.44364713557,37906.300227043816,12468.608634933718,12569.073014301972,3.7934251050737093,3.7934251050737124,183.42497340890114,48825.993320551526,38062.038583130976,40379.46814101929,1,0.0004813584176437303,0.00047061679229741207,22,1
785,10,0.3754719291461046,0.3731063578257283,0,4.2347174387684685,1.1541822079585462,0.2695049316718062,675.337250330547,6.753372503305471,0.0,122.43942640194079,303.43075685420536,64599.36444304296,221844.73629092466,38117.01276637264,12400.007744003153,12609.073014301972,3.791371831446603,3.7913718314465985,183.42497340890114,48825.993320551526,38062.038583130976,40448.30173276065,1,0.0004284770178201293,0.00047081389176821027,22,1
786,10,0.3935659366195171,0.3920323233376015,0,4.030279918116271,1.226385302071812,0.2238067708406253,704.4149209975901,7.0441492099759015,0.0,122.44684683158194,303.43075685420536,64552.01775398911,221778.4862826518,38377.754192325905,12316.012552123611,11500.019578005882,3.7949667553924007,3.7949667553923976,183.42497340890114,48825.993320551526,38062.038583130976,40516.46539016817,1,0.000490026936889606,0.0004666207907844885,22,1
787,10,0.18872859761699343,0.18540984402315436,0,8.521661880060082,0.6051849292797473,0.6169715637469954,670.1871462184148,6.701871462184148,0.0,122.40919260265412,303.43075685420536,64517.487529923594,221700.8778323375,38932.29786146807,12141.144998681037,10886.73444274444,3.8437956964349884,3.8437956964349866,183.42497340890114,48825.993320551526,38062.038583130976,40595.85697858441,1,0.0004924798338697916,0.0004703279295265089,22,1
788,10,0.20977545673822695,0.2080353894679562,0,7.594861643688601,0.6957828618954941,0.559631100066143,943.0319892002616,9.430319892002617,0.0,123.38265072244607,303.43075685420536,64485.339450648746,221598.20533274213,39596.45609346826,11938.156452422167,10926.73444274444,4.482988654146739,4.482988654146744,183.42497340890114,48825.993320551526,38062.038583130976,40700.54609036818,1,0.0006904401267490876,0.0005576489658361617,22,1
789,10,0.20450134733598527,0.20611864961874718,0,7.665487829085281,0.7007454500379589,0.5564902214949627,816.6175045021284,8.166175045021285,0.0,123.20304167629207,303.43075685420536,64438.63861578819,221504.59184780385,40247.546851360195,11745.602568843653,10966.73444274444,4.738037878360134,4.738037878360137,183.42497340890114,48825.993320551526,38062.038583130976,40796.2318160374,1,0.000595705136303287,0.0005928750323073887,22,1
790,10,0.20407127772404585,0.20703102530400133,0,7.631706396082187,0.7373205757055845,0.5333414077812757,1476.400861398145,14.764008613981451,0.0,125.46264926410203,303.43075685420536,64411.627810576654,221352.16735956998,41329.64701412801,11438.97804016351,11006.73444274444,6.156856811123381,6.156856811123388,183.42497340890114,48825.993320551526,38062.038583130976,40951.2164036361,1,0.0010730891121817718,0.0007864114584113822,22,1
791,10,0.2042988455331955,0.2016933008580053,0,7.833676147292272,0.7696926425383533,0.5128527578871181,1240.5127897642235,12.405127897642235,0.0,125.92365037523392,303.43075685420536,64402.847477510586,221228.7764375567,42205.117100007476,11202.467352018637,11046.73444274444,6.662846659095138,6.6628466590951385,183.42497340890114,48825.993320551526,38062.038583130976,41077.276350861415,1,0.0008983742996222741,0.0008557228493691109,22,1
792,10,0.20256297937622345,0.20335210981105203,0,7.76977431642132,0.7915217540103486,0.4990368645504123,1193.0386358306146,11.930386358306146,0.0,124.96474446569408,303.43075685420536,64337.11981284561,221096.28043293423,42983.990948273204,11000.285497963714,11086.73444274444,7.303438888185841,7.3034388881858465,183.42497340890114,48825.993320551526,38062.038583130976,41212.605163382745,1,0.0008608764948718563,0.0009441133022253007,22,1
793,10,0.21856779265478832,0.22077307271217186,0,7.156669880931951,0.8854132961518364,0.4396118378785846,1046.0036757268726,10.460036757268727,0.0,124.33806676039984,303.43075685420536,64280.74939262166,220981.87558101307,43767.019500116476,10804.062786040526,10403.736240353861,6.674266861441883,6.674266861441891,183.42497340890114,48825.993320551526,38062.038583130976,41329.352960652526,1,0.000804329253692264,0.0008545266827287981,22,1
794,10,0.21398945304793288,0.212094235847723,0,7.449518812639446,0.8932678662718111,0.4346405909672082,890.3705683247524,8.903705683247525,0.0,123.13319168407745,303.43075685420536,64234.23462275981,220885.24082228943,44429.50146332716,10643.441991270181,10403.736240353861,6.149988152368901,6.149988152368895,183.42497340890114,48825.993320551526,38062.038583130976,41428.08347645655,1,0.000684654472397096,0.0007832867403204055,22,1
795,10,0.20515983096290868,0.20390821760445715,0,7.748584233446134,0.877907461084871,0.44436236640198035,752.2784683257436,7.522784683257436,0.0,122.1155871571076,303.43075685420536,64203.53696508342,220805.71429837262,44984.60799177771,10512.53689098516,9647.551253340269,5.603133783870341,5.603133783870336,183.42497340890114,48825.993320551526,38062.038583130976,41509.33720604446,1,0.00062380883900692,0.0007042641883654267,22,1
796,10,0.2130244013773475,0.21651843586294897,0,7.297300083028969,0.9340756504292527,0.40881287947515654,812.6827739816063,8.126827739816063,0.0,122.28467258999343,303.43075685420536,64208.50553798973,220728.88577822672,45537.58592332266,10385.258385685822,9076.955551099987,5.418554971023014,5.418554971023016,183.42497340890114,48825.993320551526,38062.038583130976,41587.69816811559,1,0.0007162602213101037,0.0006749078442380399,22,1
797,10,0.2195503991850552,0.2218518851259993,0,7.121868714807853,0.9800689499013019,0.3797031962649988,516.9034432517365,5.169034432517365,0.0,120.86586742580582,303.43075685420536,64141.795165542004,220664.8513242081,45947.371831296,10292.912379359726,8554.841854256472,4.952741055631216,4.952741055631216,183.42497340890114,48825.993320551526,38062.038583130976,41653.03096532567,1,0.00048337860786478533,0.0006078158893939364,22,1
798,10,0.21896485845128044,0.21789300746092352,0,7.25126528111901,0.9969336788798377,0.3690293171646597,653.4330935963412,6.534330935963412,0.0,120.8353725647828,303.43075685420536,64089.40524170337,220590.8791193529,46403.70285358777,10192.032270760332,8092.99826356389,5.035846592260215,5.03584659226022,183.42497340890114,48825.993320551526,38062.038583130976,41728.22624655203,1,0.000645924363076377,0.0006151877307504221,22,1
799,10,0.2094834686784157,0.20841961209196053,0,7.580860477289729,0.9831051485941732,0.37778155152267523,1046.2052032880254,10.462052032880253,0.0,122.55204446005101,303.43075685420536,64075.05963147431,220487.09813452724,47113.2401034877,10039.053270823382,7926.180916296848,5.8817972873025415,5.881797287302539,183.42497340890114,48825.993320551526,38062.038583130976,41833.36288553614,1,0.001055948850359391,0.0007284172737668512,22,1
800,10,0.21656704510760122,0.20841961209196053,1,7.580860477289729,1.0441193664650361,0.33916495793352147,973.9058541845669,9.739058541845669,0.0,123.08850813111427,303.43075685420536,64026.913099148886,220383.87676543603,47753.80886555399,9904.903223526706,7926.180916296848,7.099955060641379,7.099955060641379,183.42497340890114,48825.993320551526,38062.038583130976,41938.17862885137,1,0.0009829761540589015,0.0008949497891648899,22,1
801,10,0.20824578597518947,0.20746142064741455,0,7.615873809546723,1.0216579874622902,0.35338102059348725,549.9474679951825,5.499474679951825,0.0,120.26556913177485,303.43075685420536,63972.463760867926,220320.81448866782,48172.60977861229,9819.081443038676,7966.180916296848,6.856311932079795,6.856311932079804,183.42497340890114,48825.993320551526,38062.038583130976,42002.7647811033,1,0.0005522821776443717,0.0008637357273542215,22,1
802,10,0.21252711275451336,0.21603466612562552,0,7.31364103889336,1.0630922769147197,0.32715678676283566,627.3053807073982,6.273053807073982,0.0,119.22476909116796,303.43075685420536,63934.86725125332,220253.8139226859,48642.97602355215,9724.415720594929,8006.180916296848,5.804602984932331,5.804602984932331,183.42497340890114,48825.993320551526,38062.038583130976,42071.03572301277,1,0.0006268210896213922,0.0007206931404415551,22,1
803,11,0.20630399937079352,0.2042541113676388,0,7.735462407197983,1.1168890755578427,0.2931081800266819,539.4093948599135,5.394093948599135,0.0,0.0,285.464396172824,60710.55306977681,220196.18334426734,52228.595122133745,9647.303649946107,8046.180916296848,4.174180712652772,4.174180712652776,40.2309045814842,48785.76241597004,38062.038583130976,42129.51366385575,1,0.0005363134639614043,0.0005718055770757227,26,1
804,11,0.1937078429852402,0.1949461312575545,0,8.104803054093807,1.0783136292967477,0.3175230194324382,947.6595923201359,9.476595923201359,0.0,1.6238557161427158,285.464396172824,60694.34965777788,220102.55057739414,52962.09127446646,9514.089576568846,8086.180916296848,5.119019044911078,5.119019044911077,40.2309045814842,48785.76241597004,38062.038583130976,42224.16106710798,1,0.0009375596238864529,0.0007002313924897498,26,1
805,11,0.1939447985424926,0.19555612896984687,0,8.07952176351181,1.0972577988311052,0.3055330387144904,525.2059005455133,5.252059005455132,0.0,1.4119073314357176,285.464396172824,60666.273858488996,220047.64559408606,53393.294383502274,9437.48290853779,6648.232886848739,5.132029637676572,5.132029637676581,40.2309045814842,48785.76241597004,38062.038583130976,42279.89018017735,1,0.0006319945880168597,0.0007019558919549055,26,1
806,11,0.18495642966499184,0.18299061570658212,0,8.6343225520016,1.0556310047114281,0.3318791109421341,328.5245894180194,3.285245894180194,0.0,0.0,285.3274895074704,60638.77720501038,220011.71115657792,53628.66875228726,9396.24457394661,6608.232886848739,4.787022990904573,4.787022990904568,40.2309045814842,48785.76241597004,38062.038583130976,42316.5830288369,1,0.0003977155103862359,0.0006557565740965161,27,1
807,11,0.10546323092862551,0.18299061570658212,1,8.6343225520016,0.6236941031170677,0.6052568967613495,1154.4597881663612,11.544597881663613,0.0,3.0217509221585956,285.3274895074704,60614.91430195464,219896.78538851376,54591.176651853064,9231.066705819261,6060.048387940461,6.232294153516757,6.232294153516749,40.2309045814842,48785.76241597004,38062.038583130976,42432.37903805646,1,0.0015240271552468057,0.0008512457512166336,27,1
808,11,0.1061658657525113,0.10633888643417223,0,14.858158223972746,0.6540631354130215,0.5860359902449231,827.6060667200684,8.276060667200683,0.0,3.9571062244613144,285.3274895074704,60615.48308009277,219814.15697196242,55720.8561686818,9044.46775139483,5506.669858937231,7.628145399097277,7.628145399097283,40.2309045814842,48785.76241597004,38062.038583130976,42515.93833418365,1,0.0012023325718383178,0.001041358412490453,27,1
809,11,0.10819138400200322,0.10893286851974855,0,14.504345855113145,0.6781373606039955,0.5707991388582306,350.1326852066969,3.501326852066969,0.0,1.0108498437729523,285.3274895074704,60577.61723320554,219773.83281063582,56204.23048084217,8966.934777157685,5466.669858937231,7.887704494575761,7.88770449457577,40.2309045814842,48785.76241597004,38062.038583130976,42557.204629139975,1,0.00051238899621389,0.0010795829077663377,27,1
810,11,0.1051111756583733,0.10452779191598084,0,15.115597211409572,0.6920031294688542,0.5620233357792062,1008.4302152726284,10.084302152726284,0.0,2.849015330374968,285.3274895074704,60597.50627885268,219676.3462304985,57603.907725708275,8749.69231456079,5506.669858937231,7.756281971523205,7.7562819715232,40.2309045814842,48785.76241597004,38062.038583130976,42655.57633398675,1,0.0014650309404490099,0.0010599175028337393,27,1
811,11,0.10731728179285846,0.10532505769750622,0,15.00117858504064,0.7257639678583757,0.5406557165453318,586.7564471509793,5.867564471509793,0.0,2.62638304975829,285.3274895074704,60582.93728720686,219616.18026957478,58384.13022401503,8633.145806301904,5506.669858937231,6.903377138021185,6.90337713802118,40.2309045814842,48785.76241597004,38062.038583130976,42716.510453824805,1,0.0008524301796646605,0.0009432833721091868,27,1
812,11,0.10239400082648456,0.10461146338354171,0,15.10350729161655,0.7143680367513925,0.5478683311700048,693.337376817376,6.933373768173761,0.0,3.2696936979064715,285.3274895074704,60574.19036941295,219546.36002832145,59301.65630382767,8500.007744186349,4127.61723218864,8.937986329368742,8.937986329368737,40.2309045814842,48785.76241597004,38062.038583130976,42787.052755304736,1,0.0013438016905453006,0.0012204209368863238,27,1
813,11,0.10230313485329177,0.10078257369187034,0,15.677313469198012,0.7294392481974437,0.5383295897484534,521.1625182500803,5.2116251825008035,0.0,3.6414667933669262,285.3274895074704,60560.74364877279,219492.87490377796,59951.853527973035,8408.18830537739,3519.5222739528385,8.264506741256074,8.264506741256081,40.2309045814842,48785.76241597004,38062.038583130976,42841.094989944824,1,0.0011846210427070342,0.0011269509709723317,27,1
814,11,0.11331933101772738,0.11473244763362611,0,13.771169643703558,0.830643432278789,0.47427630868431075,714.2932376423937,7.142932376423937,0.0,4.472360525011213,285.3274895074704,60514.347465152765,219416.76060863462,60788.161454471316,8292.937164290142,3559.5222739528385,10.104753074624808,10.10475307462482,40.2309045814842,48785.76241597004,38062.038583130976,42917.87917807662,1,0.001605368771802455,0.0013779305016849298,27,1
815,11,0.11179252248315888,0.11214972642451843,0,14.088308998804449,0.8379533095785219,0.4696498040642267,522.6183998101541,5.226183998101541,0.0,4.149756014803178,285.3274895074704,60509.569219369565,219365.2079028697,61471.59371220778,8201.011253961326,3599.5222739528385,9.657440386983982,9.657440386983978,40.2309045814842,48785.76241597004,38062.038583130976,42970.06571266645,1,0.0011615283585646211,0.0013171727243580366,27,1
816,11,0.11198472854957878,0.11102021364327189,0,14.23164258246545,0.858876318960092,0.45640739306323297,621.6762842923064,6.216762842923064,0.0,4.564798067621571,285.3274895074704,60520.56119273034,219306.0107109531,62182.22584266847,8107.6396308504945,3382.4503196185847,10.359910978042198,10.359910978042205,40.2309045814842,48785.76241597004,38062.038583130976,43029.88688980504,1,0.0014703572275672828,0.0014124181193114528,27,1
817,11,0.10526776530132788,0.11102021364327189,1,14.23164258246545,0.8315608139600108,0.4736956873670818,730.4652971998116,7.304652971998117,0.0,5.451230042020953,285.3274895074704,60501.68574851317,219232.46174152094,63108.869265522226,7988.988329835671,3422.4503196185847,10.617228965946719,10.61722896594671,40.2309045814842,48785.76241597004,38062.038583130976,43104.06381468234,1,0.0017074674083946229,0.0014464509981755088,27,1
818,11,0.10831455247839598,0.11102021364327189,1,14.23164258246545,0.8885475333909262,0.43762814342346446,992.1071119476704,9.921071119476705,0.0,6.903572520137832,285.3274895074704,60527.36932957881,219139.15784510624,64313.45427159529,7839.854094449243,3462.4503196185847,13.383328872071054,13.383328872071065,40.2309045814842,48785.76241597004,38062.038583130976,43198.13868863705,1,0.0022922659281521965,0.0018233635213713675,27,1
819,11,0.10716521595723953,0.10769036173753935,0,14.671693682771188,0.9017007868896955,0.42930329943690165,647.6234445689049,6.476234445689049,0.0,6.028946369072626,285.3274895074704,60521.25822895468,219075.7163944519,65135.613611835,7741.228798631957,3462.4503196185847,13.437322809306247,13.437322809306263,40.2309045814842,48785.76241597004,38062.038583130976,43262.33611989977,1,0.0014963355653640007,0.0018320229673036068,27,1
820,11,0.1026821254915175,0.10586366866149645,0,14.924855901717489,0.8936105099808389,0.4344237278602286,823.5973642781486,8.235973642781486,0.0,6.377931098148181,285.3274895074704,60534.47530266326,218997.38619994724,66244.8059791426,7611.9935975880635,3502.4503196185847,13.862961866996445,13.862961866996445,40.2309045814842,48785.76241597004,38062.038583130976,43341.428412731926,1,0.0018811912555386952,0.0018899309163516308,27,1
821,11,0.10481608820388699,0.10495248467609232,0,15.054431582789546,0.9463802815185501,0.4010251382793987,1064.718104669111,10.64718104669111,0.0,7.930733236294358,285.3274895074704,60568.4526089676,218897.92173991867,67477.58011606762,7473.460856434763,3502.4503196185847,14.219014707782671,14.21901470778269,40.2309045814842,48785.76241597004,38062.038583130976,43441.64569943629,1,0.0024319388028551585,0.0019364885412526181,27,1
822,11,0.10154494823961498,0.10165367794432216,0,15.542969344064453,0.9498527579269436,0.3988273684006687,909.5956734992376,9.095956734992376,0.0,8.342299832659275,285.3274895074704,60579.95294033058,218811.13213162794,68683.53425694468,7342.681139608482,3375.1455054586977,15.831731509195833,15.831731509195833,40.2309045814842,48785.76241597004,38062.038583130976,43529.21559470932,1,0.0021559856830542646,0.0021563719138160396,27,1
823,11,0.0996747874292479,0.10059633146429912,0,15.706338163640988,0.9516101806151509,0.3977150755600311,596.9519298903002,5.969519298903002,0.0,6.619677975364502,285.3274895074704,60563.80454168843,218751.92390241846,69390.5498603296,7268.19494770006,3375.1455054586977,14.678548423263212,14.678548423263205,40.2309045814842,48785.76241597004,38062.038583130976,43589.13366786991,1,0.0014149361653886308,0.002000953550432685,27,1
824,11,0.09497317536290013,0.09627728068428461,0,16.410932971623744,0.945226872085021,0.40175514424998676,1064.1681957501507,10.641681957501508,0.0,8.684414916893626,285.3274895074704,60592.10993465309,218651.5441034883,70851.05539224502,7118.872629563778,2592.089907167911,16.80346352018901,16.80346352018902,40.2309045814842,48785.76241597004,38062.038583130976,43690.11045320768,1,0.0032843558174657584,0.0022850925553028847,27,1
825,11,0.09713295844996116,0.09627728068428461,1,16.410932971623744,0.9927811676663785,0.3716574888187478,722.3084587504308,7.2230845875043075,0.0,8.792323974009358,285.3274895074704,60587.01501301702,218581.31302352942,71801.49418328526,7025.003876276054,2592.089907167911,16.98330763064916,16.98330763064916,40.2309045814842,48785.76241597004,38062.038583130976,43760.92995040387,1,0.002229269769549366,0.002309520584134585,27,1
826,11,0.1003686617140875,0.09935057418457814,0,15.903280005856859,1.0650727226085372,0.325903340121179,1025.0641497195052,10.250641497195051,0.0,9.654675107928021,285.3274895074704,60597.00680750351,218483.66833916522,73163.52267057968,6894.669913946703,2632.089907167911,21.13164246501994,21.131642465019958,40.2309045814842,48785.76241597004,38062.038583130976,43859.290400089514,1,0.0031155900774604123,0.0028764052214918455,27,1
827,11,0.1009538471317241,0.09911148124617446,0,15.941644501060118,1.1059112802819746,0.3000561517202693,885.5105487417122,8.855105487417122,0.0,10.1299003941934,285.3274895074704,60607.14964330524,218399.62843121117,74338.65737820484,6786.053806254161,2592.089907167911,19.79867644584918,19.79867644584916,40.2309045814842,48785.76241597004,38062.038583130976,43943.970178628064,1,0.002732962452553851,0.0026926074331878763,27,1
828,11,0.09677049315823445,0.09626959872520985,0,16.412242503575015,1.0977051130380724,0.30524992845691623,988.3854885186774,9.883854885186775,0.0,10.723059625379046,285.3274895074704,60658.64823723955,218309.3333722629,75648.53696288244,6668.955206317926,2592.089907167911,21.805274729230614,21.805274729230597,40.2309045814842,48785.76241597004,38062.038583130976,44034.945784197385,1,0.003050466685697879,0.002966339738570714,27,1
829,11,0.09060609728634292,0.09073390987171366,0,17.413555772411012,1.0580610629464522,0.33034109940097967,699.63585561492,6.9963585561492,0.0,9.674735907496004,285.3274895074704,60676.19003580401,218243.68854001188,76756.51224155206,6572.974149669096,2632.089907167911,19.381608383687993,19.381608383687993,40.2309045814842,48785.76241597004,38062.038583130976,44101.18790382496,1,0.0021264801136454117,0.0026366364172990472,27,1
830,11,0.09480736598304891,0.0944895988263571,0,16.72141716786792,1.1204312104919285,0.290866322473463,303.5707762340687,3.0357077623406874,0.0,6.785343731560053,285.3274895074704,60683.105440336236,218215.52609082204,77217.19562885165,6533.876294783884,2672.089907167911,14.901492072462581,14.901492072462567,40.2309045814842,48785.76241597004,38062.038583130976,44129.81182972563,1,0.0009088639582664843,0.0020286035858699254,27,1
831,11,0.09279671318453551,0.09388339678118134,0,16.829386815675022,1.139272917803321,0.27894119126372097,1103.0524571233411,11.030524571233412,0.0,9.22661141658964,285.3274895074704,60743.21036167193,218114.6740920007,78705.40380246668,6410.757833876125,2665.2922339499055,15.56879359928351,15.568793599283525,40.2309045814842,48785.76241597004,38062.038583130976,44231.124706276874,1,0.003310863831208907,0.002115402634373601,27,1
832,11,0.09042212149310526,0.0899266716740973,0,17.56987076899797,1.1363897139695236,0.28076600381675726,648.2506269837173,6.482506269837174,0.0,9.211383821453985,285.3274895074704,60770.09045255551,218055.02998199494,79632.8318139951,6336.35583339871,2665.2922339499055,15.12882000481762,15.128820004817637,40.2309045814842,48785.76241597004,38062.038583130976,44291.20717849241,1,0.0019457547468197105,0.0020551608454317007,27,1
833,11,0.09025397868501787,0.09000084933991878,0,17.55538988340647,1.1697877141168915,0.2596280290399421,918.6039727119452,9.186039727119452,0.0,9.737068579869371,285.3274895074704,60807.820595807454,217974.8284136289,80871.97816278721,6239.608866835876,2705.2922339499055,19.532543380850036,19.532543380850058,40.2309045814842,48785.76241597004,38062.038583130976,44371.965578030016,1,0.0027164650419174057,0.002657694539982008,27,1
834,11,0.09043106500725313,0.08970592269551061,0,17.613106833124096,1.206615075529954,0.2363195724493962,966.3652414053506,9.663652414053507,0.0,10.834021338599767,285.3274895074704,60845.174022987325,217897.58565556057,82056.81897839587,6149.8365815333345,2625.2922339499055,18.661006723455564,18.661006723455582,40.2309045814842,48785.76241597004,38062.038583130976,44449.70960502362,1,0.002944785281907905,0.0025356683568816736,27,1
835,11,0.0944341836788542,0.0941375030385444,0,16.78395909176678,1.2803174260018584,0.18967251518869727,987.7464053125098,9.877464053125097,0.0,11.763879442149472,285.3274895074704,60855.30445176142,217832.69688343848,82716.99784913388,6101.074631657133,2376.5244058884778,22.047246991632075,22.047246991632058,40.2309045814842,48785.76241597004,38062.038583130976,44515.12607614516,1,0.003325011610619618,0.0029954206448149765,27,1
836,11,0.09975155804277573,0.1004929988709873,0,15.722488310139902,1.3670042793401573,0.13480741813914096,743.6670849592074,7.436670849592074,0.0,10.97741311118233,285.3274895074704,60843.35466313954,217797.86914116496,83163.10979742672,6068.4885185436215,2422.971197523879,21.39665091577679,21.39665091577678,40.2309045814842,48785.76241597004,38062.038583130976,44550.47095743297,1,0.0024553889397255324,0.0029083952774176854,27,1
837,11,0.10195934000865545,0.10369685994967592,0,15.236719807781778,1.4141236049350472,0.1049850601676917,1205.5130144372345,12.055130144372345,0.0,12.307754620547627,285.3274895074704,60844.215638621,217752.95249057983,83664.7052689416,6032.286075609195,2677.4235697322156,22.998315768576294,22.99831576857631,40.2309045814842,48785.76241597004,38062.038583130976,44595.993759932564,1,0.003602009119708481,0.0031274698900178774,27,1
838,11,0.10411371675119156,0.1037607040260704,0,15.227344637166466,1.4583598862587235,0.07698741376030163,1389.3617984885032,13.893617984885031,0.0,13.791259600170184,285.3274895074704,60845.079041435965,217714.1654572869,84080.77331773881,6002.607381009099,2986.5350871160827,23.964279467137594,23.964279467137583,40.2309045814842,48785.76241597004,38062.038583130976,44635.47842043416,1,0.003721668777928543,0.0032596889457875192,27,1
839,11,0.10227422789772543,0.10248256427443021,0,15.41725669323651,1.431326513170535,0.09409714356295254,731.7696740555135,7.317696740555135,0.0,9.862258881701326,285.3274895074704,60830.978653474805,217690.1684998233,84044.75455688844,6005.3469994903135,3329.012365861594,22.20816328450589,22.20816328450591,40.2309045814842,48785.76241597004,38062.038583130976,44660.19848094166,1,0.0017585267788360925,0.0030274015588243725,27,1
840,11,0.10379056927045685,0.10461542188352316,0,15.102935796207392,1.4579445346982816,0.07725029449475855,1009.5112877166961,10.095112877166962,0.0,9.051512284474667,285.3274895074704,60801.100001015795,217660.9049740186,84201.82188091555,5994.298698364699,3639.136943611812,18.82605980273487,18.82605980273487,40.2309045814842,48785.76241597004,38062.038583130976,44690.128659588336,1,0.002219232314384443,0.002566475957049693,27,1
841,11,0.10729244047533526,0.10777983668253335,0,14.659513770223151,1.5082772532185247,0.04539414353257936,891.1037711488458,8.911037711488458,0.0,8.867979473156973,285.3274895074704,60747.670273113385,217643.1243438508,84234.51416931512,5992.0857244212575,4022.9833158527276,14.071601218900556,14.071601218900549,40.2309045814842,48785.76241597004,38062.038583130976,44708.45954996689,1,0.001772025785217484,0.0019165949594793397,27,1
842,11,0.10939863979372828,0.10785834165006487,0,14.648843805944514,1.5390080064989935,0.025944299684181375,489.272323049515,4.89272323049515,0.0,5.372992360712291,285.3274895074704,60731.198397096494,217638.13872569887,84265.50471155794,5989.91789389529,4737.989196455839,11.763694471541271,11.763694471541271,40.2309045814842,48785.76241597004,38062.038583130976,44713.98764703656,1,0.0008261265321845913,0.0016057948772621726,27,1
843,11,0.10975650502841298,0.11211611955994348,0,14.092531976681949,1.5439807933305436,0.02279696624649143,909.6888678307295,9.096888678307295,0.0,5.884301611129678,285.3274895074704,60737.38661411827,217631.80215121602,84264.20411789672,5990.064502700826,5459.7569803169,9.604988360360945,9.604988360360938,40.2309045814842,48785.76241597004,38062.038583130976,44720.833377424846,1,0.0013329367898392117,0.0013103630357470955,27,1
844,11,0.10831838635059302,0.10917279535247602,0,14.472469949118747,1.5222735092748807,0.036535753623493275,1081.9848842922768,10.819848842922768,0.0,7.310602494381135,285.3274895074704,60702.78160380641,217615.39603755853,84224.20960391212,5993.029781025055,5923.326287791957,8.854649525006481,8.854649525006472,40.2309045814842,48785.76241597004,38062.038583130976,44737.74892540081,1,0.00146132065899832,0.0012067946603407079,27,1
845,11,0.11112428599691833,0.11246852417826392,0,14.04837497018883,1.5599318501643407,0.012701360655480639,610.3826975973559,6.1038269759735595,0.0,4.7974567714408325,285.33969716142235,60706.93359427221,217615.2338703812,84176.52114227001,5996.451581300679,6480.0390803861355,8.660031238101508,8.660031238101503,40.2309045814842,48785.76241597004,38065.09049661896,44738.66449944721,1,0.0007535543412938605,0.0011826039300437974,27,1
846,11,0.10402211984539808,0.10320280117330728,0,15.309661966894911,1.4601819127745759,0.07583423242115456,923.2504265434671,9.232504265434672,0.0,5.123968584540829,285.33969716142235,60687.63371339621,217589.68817115226,84176.19092995214,5996.640380517012,6816.8455526603375,8.053464123279397,8.053464123279387,40.2309045814842,48785.76241597004,38065.09049661896,44764.74443699294,1,0.001083492849484507,0.0010994559499255625,27,1
847,11,0.10718345515966927,0.10757645086865777,0,14.687229288955196,1.50808769950049,0.04551411424019629,601.3551109800452,6.013551109800452,0.0,4.087239899297592,285.33969716142235,60648.73760702856,217577.90354562385,84275.26540792911,5989.647773078374,7377.344944545484,6.0771712652462115,6.077171265246214,40.2309045814842,48785.76241597004,38065.09049661896,44776.96475424868,1,0.0006521100645290155,0.000829719085102461,27,1
848,11,0.1041388349132137,0.1025793648662402,0,15.402707962369071,1.4708988801290903,0.06905134169044921,520.9650733562313,5.209650733562313,0.0,2.6257228318713715,285.33969716142235,60613.10000303032,217563.56992099754,84438.04014677726,5978.166984849988,7741.5312229468855,5.545686398726906,5.545686398726913,40.2309045814842,48785.76241597004,38065.09049661896,44791.71414587164,1,0.0005383586872964092,0.0007579872004366439,27,1
849,11,0.09767832045074798,0.10075799062574058,0,15.68113844061077,1.38864678958911,0.12110962684233553,538.3737866560881,5.383737866560881,0.0,2.5958974523929257,285.33969716142235,60597.42174047421,217540.88065238923,84713.60971037408,5958.8105325746155,7952.828450576092,4.226534621378763,4.226534621378762,40.2309045814842,48785.76241597004,38065.09049661896,44814.72644929932,1,0.0005415671065979944,0.0005773452861411397,27,1
850,11,0.09576965500495548,0.09552731618526056,0,16.539771691437796,1.3730970845742427,0.13095121229478313,796.2154387675746,7.962154387675747,0.0,3.776091768154645,285.33969716142235,60582.13124004673,217503.9970848018,85074.47353270766,5933.704959021121,8133.988474465469,4.550306529003131,4.550306529003125,40.2309045814842,48785.76241597004,38065.09049661896,44851.96233417977,1,0.0007830996478709897,0.0006210084805884645,27,1
851,11,0.09640874900759443,0.09659039312404913,0,16.357734438153052,1.3994006903755598,0.11430336052179763,806.8515830257361,8.068515830257361,0.0,4.527595721009267,285.33969716142235,60572.93244975948,217471.77355822752,85601.11817655872,5897.307878873839,8384.40439517216,5.116390421638322,5.116390421638324,40.2309045814842,48785.76241597004,38065.09049661896,44884.5893980878,1,0.0007698594151687922,0.0006981753898792587,27,1
852,11,0.08722330992871243,0.08810766866506196,0,17.932604777074644,1.2827111969556697,0.18815747028122173,710.1416228758602,7.101416228758602,0.0,4.3054629238985545,285.33969716142235,60586.80498359652,217427.29527743932,86163.26543151936,5859.031419574534,8384.40439517216,5.446396313247743,5.44639631324774,40.2309045814842,48785.76241597004,38065.09049661896,44929.49199476841,1,0.0006775833696998377,0.0007435141442465399,27,1
853,11,0.08797392073282904,0.08861273398289635,0,17.830394447653145,1.320418474440513,0.1642921047844855,1063.75102137292,10.637510213729199,0.0,5.799640558232094,285.33969716142235,60620.96973512162,217367.812031884,87048.59911151273,5799.681469456022,8384.40439517216,6.017144704244289,6.017144704244291,40.2309045814842,48785.76241597004,38065.09049661896,44989.43402543658,1,0.0010149806438109693,0.0008208078095598664,27,1
854,11,0.088748684285504,0.08881854614818513,0,17.789077490234117,1.3441237870135105,0.14928874239651235,654.2412319426828,6.542412319426829,0.0,4.775378165358599,285.33969716142235,60611.62781694889,217334.22550939448,87443.4941615535,5773.646096545883,8525.590290716917,5.632860223471918,5.632860223471913,40.2309045814842,48785.76241597004,38065.09049661896,45023.45408569198,1,0.0006139082077683729,0.0007688240737597267,27,1
855,11,0.09154411443829191,0.09103731120905907,0,17.355521368284602,1.3984674163931374,0.11489404025750799,705.9014116810777,7.0590141168107765,0.0,4.140375939693025,285.33969716142235,60611.85207937588,217306.8102316275,87822.17524894979,5748.867057585768,8706.153544238334,5.559359631579354,5.559359631579351,40.2309045814842,48785.76241597004,38065.09049661896,45051.30243308384,1,0.0006486459565356394,0.0007591782693716605,27,1
856,11,0.09096468070632083,0.09269414968276839,0,17.045304427596665,1.3954132612568062,0.11682704983746446,730.158776046162,7.3015877604616195,0.0,4.566784800826601,285.33969716142235,60583.51320159288,217275.9063814405,88006.4604166049,5736.995479518115,8956.693931229722,4.677767947903385,4.677767947903385,40.2309045814842,48785.76241597004,38065.09049661896,45082.57930469582,1,0.0006521681161842839,0.0006382407601627654,27,1
857,11,0.09133419155358691,0.09185388956871188,0,17.201231296994465,1.4056046614774067,0.11037679653328694,728.6652346035868,7.286652346035868,0.0,4.823977531971804,285.33969716142235,60572.056176913684,217247.82857645492,88149.61670659157,5727.836708504335,9152.804309658555,4.734315167016258,4.734315167016261,40.2309045814842,48785.76241597004,38065.09049661896,45111.04172119586,1,0.0006368891631035162,0.0006459010786078132,27,1
858,11,0.09082380466981568,0.0902073010659351,0,17.515211976524306,1.4027684205315685,0.11217188573951367,721.4475071977598,7.214475071977598,0.0,5.039154689862012,285.33969716142235,60557.93268176913,217219.36578504762,88308.9552563356,5717.661721923843,9233.126854985545,4.677690753805544,4.6776907538055434,40.2309045814842,48785.76241597004,38065.09049661896,45139.88649982462,1,0.0006250948512058664,0.0006380507101645556,27,1
859,11,0.08900345029283425,0.0902073010659351,1,17.515211976524306,1.3883309389215954,0.1213095323281042,600.4200138557338,6.004200138557338,0.0,4.5577033202424095,285.33969716142235,60541.178634831704,217193.89476681955,88747.86317931852,5689.469137100179,9407.103217055548,4.330995980129167,4.330995980129174,40.2309045814842,48785.76241597004,38065.09049661896,45165.71451226807,1,0.0005106099082804938,0.0005908646408632921,27,1
860,11,0.08988169278299152,0.08931828192140688,0,17.689547604490162,1.4228487037282114,0.09946284574163841,1087.5299099290633,10.875299099290633,0.0,6.359352871970163,285.33969716142235,60551.66168218228,217156.14575389412,89405.31916847517,5647.755386507477,9716.022988150127,4.966373277681408,4.96637327768141,40.2309045814842,48785.76241597004,38065.09049661896,45203.87946584278,1,0.0008954527269072447,0.0006770524954645349,27,1
861,11,0.09696654253334022,0.0979775750054526,0,16.126139067149506,1.5270004442556326,0.03354402262301736,968.1392044521533,9.681392044521534,0.0,7.108281519798639,285.33969716142235,60525.08617578074,217143.17943652862,89172.9674490408,5662.601064393687,10001.887792311602,5.331648012954781,5.331648012954786,40.2309045814842,48785.76241597004,38065.09049661896,45217.30822313874,1,0.0007743651794984998,0.0007268092715620794,27,1
862,11,0.09473244043890053,0.09279311402506299,0,17.027125521116247,1.497213016082861,0.0523968252640121,848.8678959415926,8.488678959415926,0.0,6.206288880521981,285.33969716142235,60501.61813243083,217126.4445099007,89334.6937560456,5652.431193467291,10449.148555574204,5.666335809521632,5.66633580952164,40.2309045814842,48785.76241597004,38065.09049661896,45234.55526192005,1,0.0006499039736505655,0.0007732406266854366,27,1
863,11,0.09625640533213761,0.0969168581723399,0,16.3026333064822,1.5201285486032077,0.03789332366885594,618.0945474836016,6.180945474836015,0.0,4.555919340755045,285.33969716142235,60479.66535334523,217117.40002811735,89300.86195692008,5654.640176933013,11002.157228009564,4.574461585572944,4.574461585572944,40.2309045814842,48785.76241597004,38065.09049661896,45244.035646582466,1,0.0004494351677942149,0.0006245681069810934,27,1
864,11,0.0960963519223167,0.09570344171923709,0,16.509333119233148,1.517408937038013,0.03961459681138419,544.5415705391691,5.445415705391691,0.0,3.4812124572304626,285.33969716142235,60436.62651044443,217107.5679077427,89295.7204473385,5655.029944672909,11535.271332605374,3.6050300697505775,3.6050300697505833,40.2309045814842,48785.76241597004,38065.09049661896,45254.227892691335,1,0.00037765323750988224,0.0004923307929848875,27,1
865,11,0.09636621573457028,0.09854827229959776,0,16.03275190047598,1.5285979617092893,0.032532935627032133,939.5269071978819,9.395269071978818,0.0,4.965670470822207,285.33969716142235,60415.827113020765,217095.6673756085,89499.06406382327,5642.2200811862485,11969.328808206361,3.5557513653317083,3.555751365331709,40.2309045814842,48785.76241597004,38065.09049661896,45266.494571574534,1,0.0006279562854376445,0.00048501489691391383,27,1
866,11,0.09785637173916939,0.0955889394576251,0,16.52910900534072,1.5548509188650754,0.015917139958813064,811.4170729232965,8.114170729232965,0.0,5.4342363133799685,285.35592550288084,60396.09400345636,217093.46281510155,89574.54948947672,5637.479649566,12517.598196849925,3.7246991576459454,3.7246991576459476,40.2309045814842,48785.76241597004,38069.147581983576,45269.33307978406,1,0.0005185768452785079,0.0005080621227420115,27,1
867,11,0.09890732067600301,0.09980793545575709,0,15.830404594436114,1.5679358417562275,0.007635543192261142,807.1706753854471,8.071706753854471,0.0,5.032600517692128,285.37206891638857,60401.69812935282,217092.95105065915,89471.73444323539,5643.9870142283,13294.71122393286,3.9856067764325185,3.9856067764325154,40.2309045814842,48785.76241597004,38073.1834353605,45270.543835797136,1,0.0004857093391738486,0.000544080823296667,27,1
868,11,0.08957512517779362,0.08840803360288729,0,17.871679027463397,1.4309575980193416,0.09433063416497368,795.4136964919659,7.954136964919659,0.0,5.0930615436550495,285.37206891638857,60381.13260925213,217065.86101887532,89817.28791947581,5622.385191324328,13598.615824511116,3.596082537837426,3.5960825378374297,40.2309045814842,48785.76241597004,38073.1834353605,45298.05208201661,1,0.0004679380353157741,0.0004907414065893769,27,1
869,11,0.09056467401194507,0.08840803360288729,1,17.871679027463397,1.4653971199593077,0.07253346838018507,1194.2010022920751,11.942010022920751,0.0,6.847609629804986,285.37206891638857,60373.87836319236,217034.08218362642,90394.64072296316,5586.581997465222,13877.902917800004,4.0136688338110655,4.01366883381106,40.2309045814842,48785.76241597004,38073.1834353605,45330.30075542871,1,0.0006884042981798787,0.0005473505575565005,27,1
870,11,0.08657177562488737,0.08533928852822,0,18.514332932099915,1.4062983654572019,0.10993774338151784,443.01110127897874,4.430111012789787,0.0,3.9566249528130197,285.37206891638857,60354.62435637044,217016.96703519285,90572.91504660342,5575.6717576481915,14113.131641835591,3.435057669226729,3.43505766922673,40.2309045814842,48785.76241597004,38073.1834353605,45347.82448378676,1,0.0002511199427720265,0.00046915409208922644,27,1
871,11,0.09009389035153295,0.09077780150049747,0,17.40513621043512,1.4632640569892361,0.07388350823466072,604.073674075458,6.04073674075458,0.0,2.9375861299766575,285.37206891638857,60333.01656010024,217000.7683348679,90566.09102725344,5576.198933885482,14437.653917517535,3.1080905442023643,3.108090544202367,40.2309045814842,48785.76241597004,38073.1834353605,45364.40095732272,1,0.0003347212379665213,0.0004247484929728088,27,1
872,11,0.09160052029880207,0.09213034469882128,0,17.149615636032834,1.4900710399719406,0.05691706330889842,342.95242367536633,3.4295242367536636,0.0,2.0119643405072725,285.37206891638857,60315.56973652407,216993.45340843592,90637.46920267945,5571.841284619845,14904.887424595097,1.8783900929661703,1.8783900929661683,40.2309045814842,48785.76241597004,38073.1834353605,45371.95128940349,1,0.00018407515006625176,0.00025663877693493317,27,1
873,11,0.0961383115784153,0.09674861032471231,0,16.33098392521741,1.5547753904338197,0.015964942763405272,590.834162282932,5.90834162282932,0.0,2.576058163249946,285.38388559963425,60318.78397136748,216993.00280597465,90373.49700914309,5588.174000793595,15565.55202286044,2.0073571034522084,2.007357103452211,40.2309045814842,48785.76241597004,38076.13760617191,45372.83754064692,1,0.00030366242657642973,0.0002741529382030676,27,1
874,11,0.09144526785414597,0.0908050876575859,0,17.399906114930182,1.4947408588272457,0.053961481754907815,1318.2918755420983,13.182918755420983,0.0,5.8776757818656415,285.38388559963425,60305.82296419679,216966.0374275017,90857.61081456483,5558.487619080923,16057.371664584145,2.7983797454332735,2.7983797454332735,40.2309045814842,48785.76241597004,38076.13760617191,45400.1775856525,1,0.0006567908637001657,0.00038150948011428246,27,1
875,11,0.08361872904256552,0.08282056043570311,0,19.077388412827958,1.3769416987311374,0.12851791219548273,508.50296981904506,5.085029698190451,0.0,3.624688995313294,285.38388559963425,60290.771546297816,216943.44976966383,91194.48331751669,5538.046235168278,16206.705292254363,2.9560541614273936,2.956054161427389,40.2309045814842,48785.76241597004,38076.13760617191,45423.16337591369,1,0.0002510086834550254,0.00040382065791054033,27,1
