epoch,year,xfg_price,oracle_price,oracle_stale,redemption_price,heat_price,peg_deviation,swap_volume,total_fees,cd_pool,swf_balance,yem_reserve,treasury,heat_supply,pool_xfg,pool_heat,cd_locked,cd_apy_mean,cd_apy_min,bonds_outstanding,bond_migrations_remaining,xfg_burned,heat_burned_lifetime,lag_complete,organic_rate,rolling_avg_rate,payout_queue_len,solvent
0,0,3.3243777769474256,3.321875223393471,0,0.4756349633102554,1.5672260220097283,0.008084796196374557,4786.054219257473,47.860542192574734,0.0,40.68146086368853,0.0,29986.22599205639,88529.94593883835,5109.823061260853,10838.884749505263,81173.76109111935,0.018292528294430236,0.018292528294430364,0.0,50000,0.0,77.64899787050395,0,0.0,0.0,0,1
1,0,3.333475673310705,3.340550271540226,0,0.47297596849860013,1.5584398394383898,0.013645671241525477,6465.575682279421,64.65575682279422,0.0,95.63885416306361,0.0,29964.101716302,88380.1359175998,5088.75962649105,10884.768210460135,81510.18247264062,0.042826774165590116,0.042826774165590116,0.0,50000,0.0,227.4590191090473,0,0.0,0.0,0,1
2,0,3.438281070590945,3.414040737992886,0,0.4627947119719731,1.5846852928152746,0.0029653751995408367,2001.8219529104665,20.018219529104666,0.0,112.65434076280258,0.0,30057.358126307077,88606.76619310335,5052.848626773601,10963.131837446977,81866.82016029765,0.05022649505368689,0.05022649505368726,0.0,50000,37.68824830009709,227.4590191090473,1,0.0,0.0,0,1
3,0,3.7319979428623156,3.6958189792023592,0,0.4275101158609775,1.647844968654572,0.042939853578842974,2542.1016249785907,25.421016249785907,0.0,113.35576461741539,0.5064335654660318,30318.316038111137,89251.44397770021,4945.940723412188,11201.442463585621,82040.4311116937,1.8600124138735077,1.8600124138735168,0.0,50000,164.29663966660505,227.4590191090473,1,0.0002478876905478621,0.0002478876905478621,0,1
4,0,3.653364369445347,3.730940469188222,0,0.42348571708617383,1.5735370864243905,0.0040904516301326415,5488.557932011714,54.88557932011714,0.0,122.79695399310056,0.7410087860891458,30470.749774832097,89668.04031788523,4885.209073187105,11342.248568051451,82393.87876093356,2.9043073030056057,2.9043073030056172,0.0,50000,222.94044482238354,227.4590191090473,1,0.0005329092903065583,0.0003903984904272102,0,1
5,0,3.290112865974304,3.3586295523358247,0,0.4704299701350386,1.5266613343455102,0.0337586491484113,6873.646761785892,68.73646761785892,0.0,134.95811791624246,0.7410087860891458,30448.19938845498,89474.9772350564,5070.947447178861,10928.415532181707,82560.69170013667,3.5803147959038646,3.580314795903887,0.0,50000,222.94044482238354,508.1303245438503,1,0.0006660454625793319,0.0004822808144779174,0,1
6,0,2.727247859440165,2.7415525965315592,0,0.5763157715810074,1.3650259323177638,0.13605953650774447,2530.170291173015,25.30170291173015,0.0,116.02483129759557,0.7410087860891458,30416.953422317027,89334.63176814896,5266.946587410055,10523.07393304225,82600.69170013667,3.5650163727808986,3.5650163727808835,0.0,50000,222.94044482238354,729.6530811156686,1,0.0002450507606263863,0.0004813351711707588,0,1
7,0,2.723790155733546,2.695392688270517,0,0.5861854589409745,1.449887584837935,0.08234962984940833,4668.068118800723,46.68068118800723,0.0,117.54041144264528,0.7410087860891458,30409.426893239146,89175.88597100877,5432.03578196093,10204.739831710049,82723.50026687648,3.36736256621368,3.3673625662136857,0.0,50000,222.94044482238354,960.3833613541129,1,0.00045143816243180664,0.00045417812854584163,0,1
8,0,2.2220168225042354,2.1791003718182655,0,0.7250698593023646,1.2921507390896134,0.18218307652556115,2559.880846104411,25.59880846104411,0.0,112.66432756245808,0.7410087860891458,30387.186738699016,88985.3467403313,5678.022991704952,9764.07954928178,82763.50026687648,2.346581806144377,2.3465818061443677,0.0,50000,222.94044482238354,1196.8027820896154,1,0.0002474405589758677,0.0003146431606780202,0,1
9,0,2.1739364256405005,2.1604954326045474,0,0.7313137422814446,1.3800959201912724,0.12652156949919474,3931.011519995515,39.31011519995515,0.0,115.29125980755518,0.7410087860891458,30353.361821404404,88726.02074984455,5933.063726040983,9345.802100407087,82803.50026687648,2.6755856763504635,2.6755856763504515,0.0,50000,222.94044482238354,1504.031150491637,1,0.0003797918211018449,0.00035955684750317313,0,1
10,0,2.1831797083781557,2.2234483468072472,0,0.7106079177727674,1.4546143607142092,0.07935799954796888,2525.146957164475,25.25146957164475,0.0,112.1257151623882,0.7410087860891458,30317.92477469253,88609.7130626031,6078.546631438822,9123.077580281719,82805.67112965713,2.1693226543504545,2.1693226543504442,0.0,50000,222.94044482238354,1657.343121165401,1,0.00024395884221123935,0.0002903970740963173,0,1
11,0,2.257190379468347,2.2428272085844645,0,0.7044680009019507,1.553981537079272,0.016467381595397512,2889.359328573932,28.89359328573932,0.0,111.12598616158346,0.7410087860891458,30292.23489949969,88564.39472000388,6179.143831266833,8975.334440267025,83141.26522063123,2.243092484011558,2.2430924840115765,0.0,50000,222.94044482238354,1739.8292160697245,1,0.00027801927920211126,0.00030058998083839854,0,1
12,0,2.3493834185852474,2.3431716009278856,0,0.6742997394532808,1.6123747512919702,0.020490348918968414,3785.416054937535,37.85416054937535,0.0,116.14184159080087,1.3043675668340045,30487.22590856606,88968.66017432287,6169.972926434793,8990.237582714984,82868.68296375907,2.210533491653111,2.2105334916531216,0.0,50000,363.7801400085982,1739.8292160697245,1,0.0003654375495836476,0.0002958052236656661,0,1
13,0,2.0966814263463953,2.110135460225388,0,0.7487670956589852,1.4908938474178501,0.056396299102626536,2668.411660900456,26.68411660900456,0.0,113.29180097771919,1.3043675668340045,30436.583554637025,88844.39498302113,6280.6913440497065,8832.69382893419,83121.63738259474,2.2404216387365907,2.2404216387365774,0.0,50000,363.7801400085982,1900.0384509508724,1,0.0002568199323233455,0.0003000922537030348,0,1
14,0,2.235796175669262,2.229575642547832,0,0.7086550327552315,1.6040605068921114,0.015228168919057827,2146.7508189218893,21.467508189218893,0.0,107.9184562658434,1.3473025832124423,30446.754686076743,88888.51217178979,6308.868208724491,8793.523282483211,83522.81383853404,2.0616642509106327,2.061664250910612,0.0,50000,374.51389410320763,1903.2585771792553,1,0.0002056205455981863,0.00027595934250172646,0,1
15,0,2.302002803910083,2.2931340698086258,0,0.6890133554781032,1.6046154826456467,0.015579419395978868,2323.9435527886244,23.239435527886243,0.0,108.10097947485676,1.593615962232907,30608.879807811416,89164.92240188929,6218.82005004964,8921.602307253763,83222.03172849747,1.7162826379678064,1.716282637967819,0.0,50000,436.0922388583238,1903.2585771792553,1,0.0002233969543421126,0.00022861247742121484,0,1
16,0,2.4412746109523495,2.4243685268806314,0,0.6517160994632044,1.617465616303787,0.023712415382143654,3008.0893275754534,30.080893275754534,0.0,111.73127162085437,1.885945363794015,30719.701077131747,89398.06902145738,6063.251298732958,9151.391724323712,83572.61993524131,1.7934184726141187,1.7934184726141082,0.0,50000,509.1745892486008,1903.2585771792553,1,0.0002879497452544969,0.00023898908173159862,0,1
17,0,2.503511846166655,2.4953955477965115,0,0.633166153315924,1.6062244634833678,0.016597761698333994,2885.8959969813254,28.858959969813256,0.0,113.51258491145704,2.1926506547180122,30887.548401765744,89714.88782683527,5966.864692419733,9300.14252774518,83671.01270156441,1.9652194174184046,1.9652194174183921,0.0,50000,585.8509119796001,1903.2585771792553,1,0.00027592791374710996,0.00026242487111457314,0,1
18,0,2.2871156574778824,2.2969957656915914,0,0.6878549902438699,1.5061719095655564,0.0467266395154707,2424.192795947614,24.24192795947614,0.0,111.35039817942868,2.1926506547180122,30844.999877556013,89616.54755069167,6045.418384670871,9179.942180420538,83686.70606506926,1.9845680706918427,1.9845680706918605,0.0,50000,585.8509119796001,2036.1982871816592,1,0.00023173982200353033,0.0002652058270017124,0,1
19,0,2.052739737330511,2.050391852848744,0,0.7705844118551303,1.3997143936964835,0.1141048141161497,1982.9339905804668,19.82933990580467,0.0,108.17712456045169,2.1926506547180122,30816.54704016398,89506.2901852639,6151.769395334814,9021.827273882944,83787.15982723278,1.743154187381338,1.7431541873813239,0.0,50000,585.8509119796001,2175.835399004104,1,0.00018933058427274364,0.000232332773341128,0,1
20,0,2.184240707671564,2.1591444261993775,0,0.7317713353623068,1.5600546889921916,0.012623614561904112,3001.1465950862994,30.011465950862995,0.0,111.86644282913176,2.1926506547180122,30766.325720135075,89414.43128812023,6296.313675626919,8815.50162030398,84141.40407336113,1.7674665820011362,1.7674665820011422,0.0,50000,585.8509119796001,2296.2088966372376,1,0.00028534314378397227,0.00023547118335341539,0,1
21,0,2.2643294750594745,2.2625212853505587,0,0.6983359715686354,1.5956144735559694,0.009882578199980598,2843.576378806659,28.435763788066588,0.0,114.02910596462692,2.3793747020461655,30902.92416984821,89633.99669537492,6254.254926843011,8875.385633614847,84465.4369840724,1.859671003379501,1.859671003379491,0.0,50000,632.5319238116385,2296.2088966372376,1,0.00026932449345811073,0.0002479994071716089,0,1
22,0,2.380026107702299,2.4300982083304072,0,0.6501794843450113,1.6343211579274375,0.03438047970090975,2670.255888024012,26.702558880240122,0.0,113.37181051309457,2.7561614375223717,31125.37734260353,89989.07470618923,6174.163325242886,8991.298825214462,84682.9663975641,2.0123871239238986,2.012387123923903,0.0,50000,726.7286076806901,2296.2088966372376,1,0.00025225907892625004,0.00026897557205611105,0,1
23,0,2.5931461740082122,2.5840188971520353,0,0.6114506367354318,1.6654890641732985,0.05410700264132808,3011.1902987442245,30.111902987442246,0.0,115.38851466508054,3.5419087478034457,31461.684406474982,90613.38920465806,5971.60136888327,9297.710549728698,84167.41056704643,2.0156694249846026,2.015669424984618,0.0,50000,923.1654352509586,2296.2088966372376,1,0.00028620961756646254,0.00026926439665027444,0,1
24,0,2.854484101218385,2.857715358619902,0,0.5528892145378123,1.6886469127903476,0.06876386885465034,2564.936667232916,25.649366672329162,0.0,114.71307595964586,4.331776312733341,31899.272808311536,91386.18331973981,5731.533497488549,9688.568474712807,83872.36498995018,1.9555137042362114,1.955513704236223,0.0,50000,1120.6323264834325,2296.2088966372376,1,0.0002446514217206351,0.00026104003940444925,0,1
25,0,2.664479075441848,2.629283415985378,0,0.6009241873257176,1.5996871637896335,0.012460230246603431,4065.372437523445,40.653724375234454,0.0,120.46909736644602,4.41308376148381,31877.679286728413,91384.45623126089,5774.151425486011,9617.571485160339,84161.56643837653,2.284333361420553,2.284333361420577,0.0,50000,1140.9591886710498,2373.974241278253,1,0.0003864350543427805,0.0003057653645432927,0,1
26,0,2.6587740697674986,2.6996313978164572,0,0.5852650851808701,1.5792157346588611,0.000496370469075289,2398.691861422558,23.98691861422558,0.0,116.12660099780808,4.4610575987122605,31973.309015379906,91577.5297363983,5743.435366115418,9669.671272691552,84266.69251902538,2.140071846390358,2.140071846390369,0.0,50000,1152.9526479781625,2377.5722790703867,1,0.00022772384103064128,0.00028627010569801895,0,1
27,0,2.259967161591138,2.2719804186764585,0,0.6954285287900627,1.3924564404623285,0.11869845540358959,2186.705442819664,21.86705442819664,0.0,111.15500431883827,4.4610575987122605,31958.74736097662,91481.44292179577,5849.911169822032,9494.449347107358,83730.50747591713,2.0512996159700396,2.051299615970047,0.0,50000,1152.9526479781625,2511.9342987589735,1,0.00020892795314287206,0.0002743622828387646,0,1
28,0,1.7892614032374148,1.7754621092999603,0,0.88990916321102,1.25755043328014,0.20408200425307602,3321.897334771431,33.21897334771431,0.0,115.8388943563218,4.4610575987122605,31933.133611582172,91172.98154603677,6248.528585433593,8890.499123585787,83232.0207909611,1.890258343035306,1.8902583430353157,0.0,50000,1152.9526479781625,2851.0524927465913,1,0.0003192903215087802,0.0002519807052274312,0,1
29,0,1.6128990361309166,1.5908680308770484,0,0.9931684899902999,1.217722178377581,0.22928976052051844,1675.8769818411993,16.75876981841199,0.0,110.49161241600774,4.4610575987122605,31887.474378697694,90985.55453319014,6476.615685425827,8578.415817581214,82578.6281991484,1.7292314907124051,1.7292314907124045,0.0,50000,1152.9526479781625,3064.4304936805706,1,0.0001623545479878516,0.00023019094087983465,0,1
30,0,1.774413668624339,1.7535520415355157,0,0.9010282914765717,1.40073163601314,0.11346098986510124,2400.666974089687,24.006669740896868,0.0,110.81365469587632,4.4610575987122605,31853.67255667389,90844.9054289307,6622.917865711655,8389.755528435036,81741.06797725012,1.7932041151084352,1.7932041151084246,0.0,50000,1152.9526479781625,3230.521888995355,1,0.00023495332600820257,0.00023886606516827812,0,1
31,0,1.934366014552168,1.9492438957131564,0,0.8105707056334971,1.5613229003366893,0.011820949153994158,1331.106422371536,13.31106422371536,0.0,107.26922546431736,4.4610575987122605,31833.834861163516,90825.64495937109,6697.083167336661,8297.201093208745,81185.05591936283,1.3341842450285373,1.334184245028529,0.0,50000,1152.9526479781625,3268.176962791184,1,0.00013116763003217336,0.0001761585013427425,0,1
32,0,1.9276832856690096,1.9697419993776355,0,0.802135508355521,1.554824120710873,0.01593410081590317,2064.5858254324353,20.645858254324352,0.0,108.6331175485797,4.5023493152209095,31890.690284415097,90909.3836700795,6694.886743410446,8300.373722539647,81259.6331422554,1.4342848285302425,1.434284828530252,0.0,50000,1163.2755771053246,3271.2738415293325,1,0.00020325819801013506,0.00018979305135017035,0,1
33,0,1.736666243426542,1.7357679372467651,0,0.9102599293924967,1.4425427198852558,0.08699827855363558,2268.0122502275053,22.680122502275054,0.0,111.35045538230669,4.5023493152209095,31865.320357341086,90808.2731138343,6794.2215430188535,8179.511803339028,79913.17764514146,1.4171109350958826,1.4171109350958815,0.0,50000,1163.2755771053246,3391.0375736465335,1,0.00022704763515211265,0.00018715782106480704,0,1
34,0,1.6945681005257711,1.714213845464923,0,0.9217053077595918,1.4446080749323886,0.08569109181494394,2248.6826604634134,22.486826604634135,0.0,112.4921248909844,4.5023493152209095,31837.755633951187,90708.97792280585,6883.323557074524,8074.342603935664,79490.34637324869,1.64941882455563,1.6494188245556256,0.0,50000,1163.2755771053246,3511.3928055060196,1,0.00022631001252953906,0.00021887194856392894,0,1
35,0,1.8093987732876808,1.7970356335872348,0,0.8792257484878087,1.5724461525520501,0.004780916106297441,1834.7422788646875,18.347422788646874,0.0,110.69865727741877,4.5023493152209095,31789.318333791944,90653.22655429605,6949.965433605166,7997.258862917224,78938.23003401172,1.6068149274875716,1.606814927487581,0.0,50000,1163.2755771053246,3587.143284024173,1,0.0001859420742597508,0.00021309990731380085,0,1
36,0,1.6614064097340193,1.693720743048583,0,0.932857442104716,1.4790831900501893,0.06387139870241189,2399.4284682838997,23.994284682838998,0.0,112.76315602748306,4.5023493152209095,31769.70190871275,90578.15655526459,7034.542955222429,7901.6750605888865,78564.68985398163,1.6500624196420512,1.6500624196420621,0.0,50000,1163.2755771053246,3682.1463935403717,1,0.00024432639881793387,0.0002188594952024079,0,1
37,0,1.6875549773779248,1.7133306204577703,0,0.9221804484985234,1.5512606819295367,0.018189441816748968,2429.588527590772,24.29588527590772,0.0,114.68054676642691,4.5023493152209095,31730.78607275039,90518.73715990127,7148.277243916399,7776.3273337423625,78208.76247483068,1.7052482797085207,1.7052482797085216,0.0,50000,1163.2755771053246,3761.427475057116,1,0.00024852340844775983,0.00022626396050848152,0,1
38,0,1.6171077762703037,1.607797213532867,0,0.9827109953301963,1.5222008713041282,0.03658172702270373,2672.712015603163,26.727120156031628,0.0,116.52440311679787,4.5023493152209095,31698.994801274817,90447.37840665627,7233.876595492292,7684.897779048204,78087.96194667647,1.9200183259341637,1.920018325934156,0.0,50000,1163.2755771053246,3854.5989444598235,1,0.0002738155228001227,0.0002555551100219388,0,1
39,0,1.6323909518091486,1.6121326972311996,0,0.9800682057460985,1.5637330350594472,0.010295547430729688,1820.9411634746257,18.209411634746257,0.0,113.05567642929958,4.5023493152209095,31643.455120325296,90384.83221796653,7297.7460119645275,7618.1639010263125,77557.1662273777,1.7812830204108698,1.7812830204108672,0.0,50000,1163.2755771053246,3936.915736102597,1,0.00018782957161029773,0.0002367228342860601,0,1
40,0,1.4751286718276482,1.477841617680438,0,1.0691267461258167,1.47254163445356,0.06801162376356966,2330.5160488088695,23.305160488088696,0.0,114.2413080634074,4.5023493152209095,31612.239649848347,90294.99833562537,7449.990991940033,7463.07952178654,76840.57546614473,1.7680112511519583,1.7680112511519488,0.0,50000,1163.2755771053246,4045.383104213976,1,0.00024263389852780833,0.0002347596643127429,0,1
41,0,1.5119331390815671,1.5261366582057898,0,1.0352939178183,1.5458753606734401,0.021597872991493645,1475.7439306689669,14.757439306689669,0.0,111.48257351760292,4.5023493152209095,31586.34991987802,90265.02081568674,7539.9461153362045,7374.39426791816,75214.36072914996,1.4835072167472712,1.4835072167472567,0.0,50000,1163.2755771053246,4090.3126353055395,1,0.0001569640601994273,0.0001958091767791778,0,1
42,0,1.524946323093983,1.5189702843742066,0,1.0401783473012027,1.5821466323106659,0.0013586280447251949,2019.6502615431348,20.19650261543135,0.0,112.58764357982915,4.542742320451772,31579.50093293789,90268.84098472889,7595.423795105057,7320.82182026961,75452.82174044344,1.547884302898338,1.5478843028983356,0.0,50000,1173.3738284130402,4111.121497764047,1,0.00021413648581527687,0.0002045781481808375,0,1
43,0,1.4504015501743446,1.4257340273029901,0,1.108201087820587,1.5227920732457494,0.03620754857863967,1532.7494758907092,15.327494758907092,0.0,111.78178559328327,4.542742320451772,31546.919803679713,90221.72331016483,7640.845353903523,7277.614679411086,74212.71622668856,1.360042953798552,1.360042953798555,0.0,50000,1173.3738284130402,4171.400047857991,1,0.00016522769183748034,0.0001787760792840615,0,1
44,0,1.563169351740836,1.5607673954457515,0,1.012322530961608,1.6016677105323827,0.01371374084328012,1442.4070151144958,14.424070151144958,0.0,110.35313645780957,4.642636466320604,31658.948612072236,90343.90683530421,7548.466168004084,7367.028060117725,73387.3332655446,1.3606166066020924,1.360616606602088,0.0,50000,1198.347364880248,4171.400047857991,1,0.00015723770857243636,0.00017886729540839784,0,1
45,0,1.9290949092814624,1.9278655172706232,0,0.8195592409562292,1.849374814965503,0.17049038921867268,2240.703462579193,22.40703462579193,0.0,113.6372651920457,5.800824858543028,32160.56691885906,90944.36747515776,7301.955993950188,7616.71783444792,72442.71178862116,1.444039075243662,1.4440390752436516,0.0,50000,1487.894462935854,4171.400047857991,1,0.0002474455643369384,0.00018997032158228502,0,1
46,0,1.8457011177513152,1.8889866325478692,0,0.8364273059301074,1.6684458983712054,0.05597841669063627,4292.646856249227,42.926468562492275,0.0,123.41298266552603,6.946080266958088,32452.503349464358,91444.4229792478,7091.156982438507,7844.519490511443,71163.37039795498,2.2222774748406375,2.2222774748406313,0.0,50000,1774.2083150396188,4171.400047857991,1,0.0004825681338299947,0.0002957504689131232,0,1
47,0,1.9507417349155651,1.961347567058662,0,0.8055685930104931,1.613915217493785,0.02146532752771196,1489.5545603393366,14.895545603393366,0.0,114.26574301895015,7.266807471177236,32777.24059897869,91884.4193551544,6784.457997310391,8200.384518764859,70747.38114663502,2.2451806511680017,2.245180651168012,0.0,50000,1854.3901160944058,4171.400047857991,1,0.00016843643241035332,0.0002994833768590955,0,1
48,0,1.7573951780927277,1.7255831771831824,0,0.9156324776990291,1.4996126194020662,0.05087808898603406,1961.2856355143194,19.612856355143194,0.0,110.11506809011826,7.266807471177236,32727.280429237326,91794.51811003647,6890.42154254457,8074.881097441235,69194.33435097427,2.19397164508235,2.193971645082358,0.0,50000,1854.3901160944058,4285.702651524583,1,0.000226756789140116,0.0002925871184601547,0,1
49,0,1.622629343926559,1.6369249711705147,0,0.9652244469520131,1.4558853229699447,0.07855359305699709,2195.603598808023,21.95603598808023,0.0,112.66639720169984,7.266807471177236,32685.75937046605,91682.92244435422,7065.797974638219,7875.050974836643,66281.06592752518,1.6685266006441128,1.6685266006441244,0.0,50000,1854.3901160944058,4414.160367925847,1,0.00026500522501660416,0.00022006614885569114,0,1
50,0,1.5464807009805468,1.5475900268087288,0,1.020942221537899,1.452489586719454,0.08070279321553545,1672.8285424203964,16.728285424203964,0.0,111.23423086134574,7.266807471177236,32631.843246889308,91578.84711630603,7229.469744178894,7697.291285197264,64804.631964048785,1.7617725568256775,1.7617725568256655,0.0,50000,1854.3901160944058,4534.885754182659,1,0.00020650728094231537,0.0002327564316996785,0,1
51,0,1.4386180088061526,1.4092531881921162,0,1.1211612031383298,1.4141899539340683,0.10494306713033655,1826.1021930330019,18.26102193033002,0.0,111.23772316456991,7.266807471177236,32604.128745941944,91484.70073231473,7396.414455053202,7524.1766539445825,64185.15279353748,1.7644415170669872,1.764441517066992,0.0,50000,1854.3901160944058,4644.80430386898,1,0.00022760431203234455,0.00023303893933042136,0,1
52,0,1.708646004802229,1.6995290276362673,0,0.9296693226814077,1.6077914447423036,0.017589521988799716,3489.0126555515176,34.890126555515174,0.0,118.3666439109426,7.776876947534189,32840.46652874413,91801.26710624034,7236.901005579623,7690.86191543628,62673.73964150871,2.208971342321702,2.2089713423217083,0.0,50000,1981.907485183644,4644.80430386898,1,0.0004453556051397004,0.0002931557327047868,0,1
53,0,1.9657838437566797,1.9402890847688536,0,0.8143116468586562,1.7056312663746587,0.07951345973079658,2213.2679579322785,22.132679579322787,0.0,116.97198456571913,8.536148972722527,33265.85313281891,92349.26884681167,6949.868742586242,8009.902233701552,61109.23857686928,2.412450166893377,2.4124501668933913,0.0,50000,2171.7254914807286,4644.80430386898,1,0.0002897457745474227,0.00032090189723982254,0,1
54,0,1.7536562401030453,1.7125552441060712,0,0.9225979748318933,1.5557196525379269,0.015367308520299489,2269.097333905152,22.69097333905152,0.0,114.81749060266942,8.536148972722527,33222.44450525543,92290.33850374797,7027.647163430933,7921.785445911292,60401.311248929196,2.5894346034723705,2.5894346034723745,0.0,50000,2171.7254914807286,4727.905781965791,1,0.00030053616876675064,0.00034521251615129126,0,1
55,0,1.6218301139604605,1.6318485133850835,0,0.9682271283395482,1.4831462977069176,0.06129981157790027,1547.0939570711334,15.470939570711336,0.0,111.78091042155528,8.536148972722527,33174.922530138996,92209.55458077909,7135.399044833971,7802.605221028065,58361.9736611753,2.022295311708834,2.022295311708843,0.0,50000,2171.7254914807286,4826.377185340056,1,0.00021206876464499306,0.0002674502359863888,0,1
56,0,1.6702745163273716,1.6681593519961395,0,0.947151720313382,1.5476139441425494,0.02049750370724727,1906.0099310270944,19.060099310270942,0.0,112.63718284560376,8.536148972722527,33134.50072522876,92153.41181754379,7182.521846165951,7751.793170397152,56759.78886190729,1.9734674676016686,1.9734674676016706,0.0,50000,2171.7254914807286,4899.066625013063,1,0.0002686422862726691,0.0002604157398948043,0,1
57,0,1.7859871629464916,1.7940724281977254,0,0.8806779342722655,1.6017632282974494,0.013774195124967952,2581.8808519880076,25.818808519880076,0.0,116.46442300099241,8.897803483523667,33433.65707329566,92495.3970702607,7066.87022349061,7879.653670648029,55999.696874810914,2.143156302974651,2.1431563029746514,0.0,50000,2262.1391191810135,4899.066625013063,1,0.00036884211823644454,0.0002831843897180356,0,1
58,0,1.9624324251914795,1.9777278547970245,0,0.7988965702069036,1.6744002306603658,0.059746981430611225,2691.4819770122344,26.914819770122346,0.0,119.14076069853958,9.60689355183991,33818.36489026776,92987.79305560332,6893.409050279947,8079.220960834752,54344.19317885098,2.595349739512133,2.5953497395121428,0.0,50000,2439.4116362600744,4899.066625013063,1,0.0003962126320513189,0.0003445656788534775,0,1
59,0,1.9626758680083478,1.9771806036294444,0,0.7991176916765453,1.610628154266252,0.019384907763450553,1644.1465126507894,16.441465126507893,0.0,114.68234844218763,9.808511914956501,34016.15221098979,93250.91803237688,6760.791463135924,8238.551038727339,52739.17744572561,2.54787748630365,2.547877486303657,0.0,50000,2489.816227039222,4899.066625013063,1,0.0002494004028550193,0.00033815171771426093,0,1
60,0,1.666414959371364,1.631649979367538,0,0.9683449391593418,1.4299880711657036,0.09494425875588385,1700.7872709395106,17.007872709395105,0.0,112.99802282584061,9.808511914956501,33963.19647779168,93134.18324772532,6913.744990308052,8056.828101884998,51243.95136185137,2.297576724266593,2.2975767242665834,0.0,50000,2489.816227039222,5034.598555316729,1,0.0002655200819983081,0.00030371103896821545,0,1
61,0,1.9797507692273804,1.9819231464070717,0,0.7972054834034822,1.61289035086828,0.02081667776473408,2243.9116960388615,22.439116960388613,0.0,115.67430744743106,10.123722167754995,34198.69201715959,93445.83028180171,6736.897705632311,8269.240626153989,51307.22969039398,2.186634839718535,2.1866348397185456,0.0,50000,2568.6187902388456,5034.598555316729,1,0.000349878441627727,0.0002882663088270181,0,1
62,0,2.21549588044448,2.207133848161428,0,0.7158605271339394,1.6242650999986918,0.02801588607512137,3635.173231468905,36.35173231468905,0.0,122.6201097768903,11.193298747423926,34623.06840088013,94179.96504519762,6391.580168367917,8718.108597273414,49982.75677148505,3.002795665990713,3.0027956659907185,0.0,50000,2836.012935156078,5034.598555316729,1,0.0005818283690254966,0.0003990756308838439,0,1
63,0,2.1094900345507535,2.108043759813122,0,0.7495100576754948,1.5739407512104102,0.0038349675883480095,4817.333857501167,48.17333857501167,0.0,131.24011799178143,11.193298747423926,34601.4520414276,94130.31119591626,6448.127092842626,8642.16765047075,47381.003480891995,4.34747424327361,4.347474243273612,0.0,50000,2836.012935156078,5122.081589836388,1,0.000813378105753952,0.0005816949721357253,0,1
64,0,2.041152518667304,2.01808535723108,0,0.7829203033155365,1.553943488984968,0.016491462667741864,2602.0690292779486,26.020690292779488,0.0,124.55822392181645,11.193298747423926,34559.26799911276,94067.76499207436,6513.619591045722,8555.839467874164,45580.18765266658,4.606054601704152,4.606054601704137,0.0,50000,2836.012935156078,5222.5108065089225,1,0.00045670176684772297,0.0006173027472090572,0,1
65,0,2.2367444241004737,2.289810623309792,0,0.6900133940841795,1.5940890037702415,0.008917090993823715,2626.1028837055687,26.261028837055687,0.0,120.31373801814878,11.623593467068766,34884.633174210445,94570.74818460309,6302.72040045502,8843.655955871569,44723.3203759381,4.331779914575016,4.331779914575031,0.0,50000,2943.586615067288,5222.5108065089225,1,0.00046975096869032224,0.0005799436137639991,0,1
66,0,3.2205936965026574,3.2514757938429195,0,0.48593318855146633,2.1281955659435603,0.3469592189516204,3605.8700759801013,36.05870075980101,0.0,125.37238825890661,13.787115512656825,35449.78252098251,95877.1145539792,6069.524133968337,9184.997600520128,42725.973584623374,4.004366198223692,4.004366198223691,0.0,50000,3484.4671264643034,5222.5108065089225,1,0.000675162159867611,0.0005338716318018854,0,1
67,0,3.15514691553984,3.1668979411808973,0,0.4989109309316225,1.852821433501154,0.17267179335516064,3254.361983783615,32.54361983783615,0.0,127.49552818351336,15.739732702926995,35982.70847032971,97252.68462291075,5722.533907232427,9744.832869489415,41649.45125422948,4.418753904245478,4.418753904245483,0.0,50000,3972.621424031846,5222.5108065089225,1,0.0006250957716429718,0.000590002966733635,0,1
68,0,3.1805354055726145,3.149792204943732,0,0.5016203918214425,1.7736537768852505,0.1225656815729433,2665.8898887502905,26.658898887502907,0.0,125.30506825450789,16.852079474947075,36227.166824906155,97999.30031083521,5577.071559440095,10000.86588790823,39447.57766917776,4.595471547609356,4.595471547609367,0.0,50000,4250.708117036866,5222.5108065089225,1,0.0005406445812429747,0.0006136341709178525,0,1
69,0,3.265480999552373,3.285576298533216,0,0.4808897607111913,1.6867089497735914,0.06753730998328566,4075.2613684391144,40.75261368439114,0.0,131.2947002791597,18.078642260364354,36708.21325422606,99032.20170661111,5367.957498337538,10392.40541148421,37344.537830408924,5.089280522190618,5.089280522190611,0.0,50000,4557.348813391185,5222.5108065089225,1,0.0008730082855909832,0.0006795828794923099,0,1
70,0,2.263352815108575,2.2352646158234615,0,0.7068514344186203,1.2683615486504605,0.19723952617059468,2728.2154821822455,27.282154821822456,0.0,129.35847640052413,18.078642260364354,36687.19960696072,98811.88156313315,5591.577408636033,9978.000738196126,36474.69733448258,5.025394486441422,5.025394486441409,0.0,50000,4557.348813391185,5487.734904201288,1,0.0005983798482907296,0.0006706775717082291,0,1
71,0,2.43738384366554,2.436272087258179,0,0.6485318319999956,1.4361873137203782,0.091020687518748,2984.2863353600105,29.842863353600105,0.0,128.89472485223195,18.078642260364354,36651.08517905932,98656.84940589445,5733.985273313379,9731.267594048142,35105.28937316146,5.369246817791243,5.369246817791256,0.0,50000,4557.348813391185,5686.670277264021,1,0.0006800767379838878,0.0007171549572885335,0,1
72,0,2.6766705473677828,2.6794955270545584,0,0.5896632347570361,1.5857661351962762,0.003649452655870957,2222.377261112219,22.22377261112219,0.0,126.56589792688789,18.1230898055866,36662.20653585029,98707.25925525787,5749.679041630721,9705.085892533512,34360.17664961076,4.5044409002183565,4.504440900218357,0.0,50000,4568.460699696746,5690.0038431556895,1,0.0005174309279664067,0.0005986291714136747,0,1
73,1,2.232969167383944,2.236346708415893,0,0.7065094128983188,1.846859912698597,0.16889867892316257,4363.117725391107,43.631177253911076,0.0,136.88117081094165,36.2461796111732,34801.57459908773,98444.26310904443,7774.609244686261,9399.988928492043,32453.22690370018,5.685047154413807,5.685047154413794,0.0,50000,4568.460699696746,5983.530019297317,1,0.0010755461053750914,0.0007576845904417954,0,1
74,1,2.0894664030197947,2.0933291270006937,0,0.7547785867116903,1.597974537094427,0.01137628930027017,4358.561599822075,43.585615998220746,0.0,142.63683107848502,36.889510905788654,35075.573399922534,98918.30662162961,7476.540207711602,9776.112955620207,31242.87446908797,6.758594463928264,6.758594463928275,0.0,50000,4729.2935233506105,5983.530019297317,1,0.0011160462470594969,0.000903007760133665,0,1
75,1,2.3255368409316644,2.2975648119949876,0,0.687684626675701,1.695902882822504,0.07335625495095185,3267.5178263346797,32.6751782633468,0.0,139.94901525192213,37.74062558573119,35491.59290431389,99536.73189036553,7301.373374895131,10012.137454744394,28783.158747837213,7.720236723381625,7.720236723381619,0.0,50000,4942.072193336245,5983.530019297317,1,0.0009081749101856874,0.0010332557542067585,0,1
76,1,2.1167073828735035,2.1366721252334893,0,0.7394676896565693,1.5667080496596173,0.008412626797710616,2443.8005545642322,24.438005545642323,0.0,135.00681940662724,37.789501596822475,35502.73905527285,99583.5230049045,7355.940063075552,9938.273211061769,27405.86586068427,6.84126768794625,6.84126768794627,0.0,50000,4954.291196109066,5987.195720129163,1,0.0007133656909764107,0.0009125289494071984,0,1
77,1,2.2257880334095423,2.226031076490301,0,0.7097834422379791,1.6035877139952333,0.014928932908375433,3533.9060597168977,35.33906059716898,0.0,139.1526027318843,38.03915156398283,35632.606739095834,99810.89908596872,7257.585514391258,10073.566196845106,26269.301466397217,6.757869300774894,6.757869300774871,0.0,50000,5016.703687899153,5987.195720129163,1,0.0010762086123187855,0.0008992497378269613,0,1
78,1,2.1960273025173995,2.2310930631915307,0,0.708173059235747,1.5621010126795054,0.01132847298765485,4611.408420519335,46.11408420519335,0.0,146.58213352704982,38.03915156398283,35640.77537776247,99815.4482338744,7211.688762719894,10138.31070567271,25727.64210732707,8.05178260985403,8.051782609854008,0.0,50000,5016.703687899153,6022.540923382261,1,0.001433915599815044,0.00107449663437008,0,1
79,1,2.440304472823338,2.441460737718695,0,0.6471535567171784,1.662336229253166,0.05211153750200378,2840.77523375139,28.407752337513898,0.0,142.03137575789088,38.61362713186028,35855.60270273145,100256.33564241116,7057.699953091578,10360.681828556519,24359.67183830628,8.590948578931837,8.590948578931851,0.0,50000,5160.322579868514,6022.540923382261,1,0.0009329436792442137,0.0011476892971260145,0,1
80,1,2.8471233835755987,2.8235483554539993,0,0.5595795789889886,1.750420617579997,0.10786115036708667,4094.8161471925764,40.948161471925765,0.0,145.67628344163583,40.357505341627295,36505.6411152692,101478.93001619968,6705.645098511606,10906.977883022431,23393.185660312112,9.394159891948469,9.394159891948481,0.0,50000,5596.292132310268,6022.540923382261,1,0.0014003449403266759,0.0012557347397953113,0,1
81,1,2.8446617435049824,2.8185439571412942,0,0.5605731271271404,1.6069661850743993,0.017067205743290622,3853.9277849473533,38.539277849473535,0.0,149.4188811762849,41.1002154787545,36873.62926308733,102231.93293052392,6428.374990558684,11379.550222271702,21587.825104779615,9.40555338688298,9.40555338688299,0.0,50000,5781.969666592069,6022.540923382261,1,0.001428185661590924,0.0012538247603872713,0,1
82,1,2.99178391323606,2.941982821107541,0,0.5370527620569832,1.630346153307298,0.031864653991960736,4746.807276288614,47.468072762886145,0.0,154.68014169272493,41.976756297909446,37099.603209747234,102877.02024959883,6314.304242977591,11587.130634249947,20941.172676995597,11.564937810674413,11.564937810674408,0.0,50000,6001.104871380807,6022.540923382261,1,0.0018133873778723392,0.001547305993263313,0,1
83,1,3.0439016302021136,3.065295020627094,0,0.515447938736013,1.5975005425164863,0.011076292731953322,4939.86016239754,49.3986016239754,0.0,159.93954988100123,42.29478271631721,37234.64160662392,103230.70399372379,6196.914123348488,11807.693644077932,19352.67853682281,13.15843688756663,13.158436887566621,0.0,50000,6080.611475982747,6022.540923382261,1,0.0020420367766656585,0.0017612032720429737,0,1
84,1,3.397560640418999,3.461531277422307,0,0.45644539175638366,1.6988860404974684,0.07524432942877742,3041.6884554481157,30.416884554481157,0.0,152.37485909579425,43.07381741049435,37562.861743052934,104008.34249751086,6049.202550230764,12097.652226613198,19064.494973352656,12.779115822639122,12.7791158226391,0.0,50000,6275.3701495270325,6022.540923382261,1,0.0012763782978566713,0.0017106008174648897,0,1
85,1,3.5142678517821815,3.4996010176452472,0,0.45148003787675317,1.6135098977768731,0.021208796061312072,7857.957690929599,78.579576909296,0.0,168.36850448325913,45.30717283655904,38228.88589437577,105778.8881805371,5797.370097970564,12626.827631024953,19002.876782926647,16.447947160236932,16.447947160236914,0.0,50000,6833.709006043206,6022.540923382261,1,0.0033081128844616504,0.00220884265299466,0,1
86,1,3.254007079718398,3.206306209907322,0,0.49277888528484304,1.5791126066076897,0.0005616413875382056,4293.0077811442425,42.93007781144242,0.0,163.5072501376388,45.30717283655904,38182.17281977155,105697.9751585581,5960.435159982511,12282.403501578827,19010.544598147797,15.865537402689364,15.865537402689341,0.0,50000,6833.709006043206,6189.003686165348,1,0.0018065796101654076,0.00213035693082791,0,1
87,1,2.812612369474531,2.8039127412434084,0,0.5634982775174885,1.487440454518983,0.0585819908107703,3361.0923581900934,33.610923581900934,0.0,150.74796374036626,45.30717283655904,38155.789614317655,105613.16990919462,6222.622855878862,11766.404471417756,18499.481369562276,16.279997888604232,16.27999788860425,0.0,50000,6833.709006043206,6352.243936264561,1,0.0014534860912242414,0.0021893928619504334,0,1
88,1,2.6518119871917407,2.611348812090602,0,0.6050513024857367,1.4809140987065197,0.06271259575536733,3419.2445322148556,34.19244532214856,0.0,150.80027576558365,45.30717283655904,38113.809801530384,105467.8573788066,6394.808012015073,11450.919777766243,17604.85361492748,12.026328548198192,12.02632854819818,0.0,50000,6833.709006043206,6549.585942539348,1,0.0015537735704047504,0.0016046130905981333,0,1
89,1,2.574170425894451,2.577415940203019,0,0.6130170824797282,1.4967118922653722,0.05271399223710627,2774.1255603516274,27.741255603516276,0.0,149.12897729420024,45.30717283655904,38082.48103914552,105377.536455047,6525.255576464672,11222.680873414227,17051.49817835837,10.803938618663445,10.803938618663457,0.0,50000,6833.709006043206,6683.3742004786045,1,0.0013015281267765792,0.0014362625961351905,0,1
90,1,2.8257783754547856,2.8581538497719152,0,0.5528043915921763,1.5906764018634372,0.006757216369263988,3555.2816571519475,35.55281657151948,0.0,152.17135825935898,45.49804457921789,38192.76714646996,105637.02541891827,6420.73607287238,11406.202498490902,16914.92237312552,11.367887826456014,11.36788782645602,0.0,50000,6881.426941707919,6683.3742004786045,1,0.0016814888433898298,0.0015122635135237199,0,1
91,1,2.9399399431213253,2.9158803174588126,0,0.5418603742203552,1.6319029619141716,0.03284997589504528,5231.239079966026,52.312390799660264,0.0,160.8411775912874,46.15090128320995,38480.01215639797,106193.93009425855,6376.36358439978,11487.27983902459,17132.66205451332,13.545233602461996,13.545233602462012,0.0,50000,7044.6411177059335,6683.3742004786045,1,0.002442697609196321,0.0018085715264542434,0,1
92,1,2.75737808027813,2.759249620831294,0,0.5726194498937668,1.5686922001977386,0.0071568353178870165,3366.403146862859,33.66403146862859,0.0,156.22834336345136,46.15090128320995,38441.96716358563,106136.42721660544,6455.467016448944,11347.13568848689,17048.863545450622,14.213803704468095,14.2138037044681,0.0,50000,7044.6411177059335,6799.4085485297965,1,0.001579649288828363,0.0019012785804715046,0,1
93,1,2.809116892900004,2.8226213861085525,0,0.5597633489832973,1.5942478245847227,0.009017610496659887,2340.771736252788,23.40771736252788,0.0,146.3109247277417,46.197716717935,38482.84638272338,106260.23073675227,6447.80478468511,11361.243254321818,16993.75565708844,12.783362418192834,12.783362418192823,0.0,50000,7056.344976387198,6802.919706134176,1,0.001101944400513446,0.0017080970995127101,0,1
94,1,2.668396766105712,2.633532502558932,0,0.5999546231021478,1.5688506531190285,0.00705654865884277,3422.406657495763,34.22406657495763,0.0,149.45728540699832,46.197716717935,38447.64708689275,106198.09005368421,6563.021178352698,11162.786243153605,16916.20472812016,10.786098529529086,10.786098529529072,0.0,50000,7056.344976387198,6907.594793604466,1,0.001618522221740022,0.0014333719703606103,0,1
95,1,2.411898978269,2.4212427728029224,0,0.652557446013946,1.4779909540850422,0.064562687287948,2780.9390408941085,27.809390408941084,0.0,149.40576867688404,46.197716717935,38417.48696828082,106096.78100863806,6700.512381200451,10934.409930878552,17114.073997905572,10.101668786773109,10.101668786773123,0.0,50000,7056.344976387198,7047.582953100737,1,0.0012999541973393084,0.001340140273197592,0,1
96,1,2.4697100423684,2.493463203065363,0,0.6336568344211424,1.5376636932598715,0.026795130848182632,1960.9343741875266,19.609343741875268,0.0,143.67921758164073,46.197716717935,38372.93736602756,106023.27129210626,6754.163054615369,10848.16166037815,16871.88937835768,9.674968291085149,9.67496829108514,0.0,50000,7056.344976387198,7157.07285283425,1,0.0009297995406266257,0.0012827586532353186,0,1
97,1,2.870351014542061,2.838955121832837,0,0.5565427885242328,1.6671028702467368,0.05512839889033967,3506.3772489289227,35.06377248928923,0.0,149.0475558394555,47.147647648601925,38742.90071496786,106797.85389632187,6523.959389812292,11232.692227689226,16075.677377591714,10.010157580313292,10.010157580313296,0.0,50000,7293.827709053929,7157.07285283425,1,0.0017449353661782485,0.0013248963680480609,0,1
98,1,3.019411621883204,3.0867197113910168,0,0.5118702531264103,1.5646339932866418,0.009725320704657155,3825.488116973755,38.25488116973755,0.0,154.12827802252397,47.91607217242054,39101.2908235339,107689.1995524144,6163.008847257134,11893.29940358012,16115.060464699487,11.478728471974595,11.478728471974602,0.0,50000,7485.9338400085835,7157.07285283425,1,0.0018990871925568503,0.001524607366453908,0,1
99,1,2.9314903187578913,2.8922099468032316,0,0.5462950577797365,1.5546592105133141,0.01603847435866199,3163.244979451079,31.63244979451079,0.0,151.99807572667737,47.91607217242054,39069.45544374083,107630.59002027653,6234.935128048216,11756.69358426273,16303.89070392383,12.984283934079487,12.984283934079494,0.0,50000,7485.9338400085835,7270.489712214175,1,0.0015521423870633708,0.0017320549819328233,0,1
100,1,2.9287506512469474,2.9114726451408814,0,0.5426806955019653,1.5970207557104725,0.010772630196501555,6278.297463026572,62.78297463026572,0.0,163.27692152434085,48.20281012395471,39201.37281809375,107938.58732283096,6322.617860005371,11594.947096876283,16639.6394055943,16.101111525415494,16.101111525415494,0.0,50000,7557.618327892127,7270.489712214175,1,0.0030184776532673125,0.002156569077629178,0,1
101,1,3.2688520482638435,3.3160484221374467,0,0.4764707262572388,1.6644642044316034,0.053458357235191954,3435.0166278238835,34.35016627823884,0.0,157.53762696295473,49.075625217922216,39447.11339665099,108702.4348368473,6110.2524622413175,11999.964447074104,16377.593753797735,15.55585408818469,15.55585408818468,0.0,50000,7775.822101384002,7270.489712214175,1,0.0016779102861932214,0.002082843442174635,0,1
102,1,3.369426202134749,3.406571942174096,0,0.4638093740041885,1.5898325134562277,0.0062231097824225305,7767.886615401636,77.67886615401636,0.0,170.7291653075425,50.31183654842371,39746.352093123576,109683.87500857231,5882.543748320358,12467.223354053196,16039.323854618413,21.244156073203996,21.24415607320398,0.0,50000,8084.874934009376,7270.489712214175,1,0.00387442098472994,0.002856936308063491,0,1
103,1,3.2375412299438238,3.2305233087737073,0,0.48908484755671405,1.5997574775697954,0.012504732639110942,4653.2406674558515,46.532406674558516,0.0,167.47767468575728,50.40490136177283,39815.98125154402,109898.17294567941,6020.21887183064,12183.538495126199,15955.52254332341,19.57102082096706,19.571020820967046,0.0,50000,8108.141137346655,7277.469573215359,1,0.002333105997535882,0.002628479089486348,0,1
104,1,3.4341087546305875,3.4589101947934595,0,0.4567912755810493,1.6019561377278522,0.013896289701172213,5609.143456063378,56.09143456063378,0.0,166.39713112302815,51.237424402389244,40170.26188469077,110815.3006560044,5849.959093321774,12540.540445196633,15923.798278361925,22.343507907407528,22.343507907407563,0.0,50000,8316.27189750076,7277.469573215359,1,0.0028179927215909893,0.003008506567952271,0,1
105,1,3.1767303191076572,3.4589101947934595,1,0.4567912755810493,1.4762396858744906,0.06567108488956294,5417.244609512578,54.17244609512578,0.0,169.3757465661778,51.237424402389244,40280.65039895068,111024.02268174154,5839.223487730398,12565.465128063084,16072.175330557575,19.480376301812363,19.48037630181233,0.0,50000,8316.27189750076,7376.748240946662,1,0.002696458692415045,0.002615852470513972,0,1
106,1,3.0348687373473155,3.0656835585018385,0,0.5153826120175712,1.4812834141264748,0.06247885181868688,5205.519181664734,52.05519181664734,0.0,169.78683302394725,51.237424402389244,40257.93928207822,110863.59309528949,5984.777734989604,12261.674352576956,15828.165335137326,20.21216807111697,20.21216807111696,0.0,50000,8316.27189750076,7627.380380621542,1,0.0026310158234745633,0.002715155745826866,0,1
107,1,3.1097868358279386,3.1069473570307315,0,0.5085377441058367,1.5916860444388907,0.007396230657525729,5073.053020144393,50.730530201443926,0.0,170.93264474894363,51.338885462792135,40268.0330473371,110941.41612391021,6128.9102166057555,11974.4747251905,15533.841041885951,19.722601280116805,19.722601280116805,0.0,50000,8341.63716260148,7679.2697688671515,1,0.002612645774584791,0.0026467067634914666,0,1
108,1,3.579520232428151,3.5674730109842425,0,0.4428905264693477,1.719355758130631,0.08819984691812077,2909.6359447674413,29.096359447674413,0.0,159.70553607731227,52.23480403888469,40693.78834087992,111915.43415905019,5937.708246310514,12361.692280038966,15640.6246997055,16.753673103489042,16.753673103489017,0.0,50000,8565.61680662462,7679.2697688671515,1,0.0014882453869363554,0.00224396899499857,0,1
109,1,4.0164605408801775,4.023654804766786,0,0.39267782070375146,1.7156523631603355,0.08585592605084523,8445.18682105711,84.4518682105711,0.0,177.90756842348966,55.81955104598092,41477.16212389457,114462.29459678868,5600.18240243716,13110.41334719296,15305.66651104922,21.144194270808075,21.144194270808054,0.0,50000,9461.803558398677,7679.2697688671515,1,0.0044141491335698444,0.0028383467650303306,0,1
110,1,4.051641368516783,4.065373062666324,0,0.3886482189075504,1.6098702928301798,0.018905248626696028,6426.078536158761,64.26078536158761,0.0,183.71754917439048,57.047988255200984,41821.586883976124,115675.13760857591,5401.780664843611,13594.93252519019,14759.389557306004,23.292403264150774,23.29240326415076,0.0,50000,9768.912860703691,7679.2697688671515,1,0.0034831134505710266,0.0031285026570257424,0,1
111,1,4.229701493382368,4.240337541897051,0,0.3726118462006061,1.6106521157407383,0.01940007325363179,5535.908563106445,55.35908563106445,0.0,175.56969870215158,57.89138230505514,42112.13930854607,116714.64153038265,5288.6319501078115,13888.371199905616,15008.323131772171,26.824049854199068,26.824049854199046,0.0,50000,9979.761373167228,7679.2697688671515,1,0.0029508472143098216,0.0036160365994835643,0,1
112,1,4.340043226226833,4.3319913761668625,0,0.36472833456978254,1.6124855750818914,0.02056049055815906,3531.2924220280725,35.31292422028073,0.0,162.6891625408699,58.376166881498854,42389.51600240288,117566.00288468556,5224.372870431718,14061.52367375373,15197.356774242819,20.570025942763614,20.57002594276362,0.0,50000,10100.957517278157,7679.2697688671515,1,0.0018588982147280087,0.0027642862932029523,0,1
113,1,4.424226720501291,4.439163405953592,0,0.3559229195935838,1.6043979028543505,0.015441710667310376,6439.557112275241,64.39557112275241,0.0,171.11429548513584,58.79383133956096,42502.344762877874,118081.17211683712,5161.812713932439,14234.01868986135,15493.025325087538,20.198012492956714,20.198012492956714,0.0,50000,10205.373631793684,7679.2697688671515,1,0.003325138623170156,0.002711628017402662,0,1
114,1,4.5396332996586,4.52142304173185,0,0.3494475047826556,1.6269570234894675,0.029719635119916075,10211.51845795755,102.11518457957551,0.0,192.38758812909944,59.46839508861748,42734.45422770442,118850.4906937363,5131.84116837504,14319.171754486757,15413.340979282311,25.96697260963918,25.966972609639143,0.0,50000,10374.014569057812,7679.2697688671515,1,0.005300093456277007,0.0034947100980583907,0,1
115,1,3.439061763651108,3.471608168194927,0,0.45512048694755947,1.331957207303641,0.1569891093014931,4299.536734899251,42.99536734899252,0.0,173.84474137024878,59.46839508861748,42709.1660603788,118602.63599314951,5335.187484242434,13775.246816007784,14834.658547302739,27.05783581119095,27.057835811190973,0.0,50000,10374.014569057812,8070.4147352774635,1,0.0023186441244681024,0.0036479587346384215,0,1
116,1,3.5426484757926393,3.54213136902132,0,0.4460591196075681,1.4357589955459933,0.09129177497089036,4501.012911151474,45.01012911151474,0.0,161.32946088697264,59.46839508861748,42681.658013648506,118430.63224350728,5457.938827915143,13467.133919874957,14920.075337005475,24.806205001098817,24.806205001098842,0.0,50000,10374.014569057812,8368.497021611794,1,0.002413399562393817,0.003344045714379642,0,1
117,1,4.534580451083655,4.595124153452687,0,0.343842722685266,1.7178711778898037,0.08726023917076178,4206.4229837190915,42.064229837190915,0.0,161.51561549477952,61.08083176897226,43033.56770250361,119934.3604954826,5277.5090389417965,13930.782253299949,14920.075337005475,17.398011676435015,17.398011676435026,0.0,50000,10777.123739146507,8368.497021611794,1,0.0022554432943303567,0.002329162327064092,0,1
118,1,4.169138325321165,4.148715357293615,0,0.38084078176688935,1.6048954744934774,0.01575662942625145,9871.70219621326,98.7170219621326,0.0,183.31845318644773,61.08083176897226,43014.692855075555,119890.51769814154,5320.17534831622,13820.555478290233,15231.939123907072,24.416329837531766,24.416329837531805,0.0,50000,10777.123739146507,8545.342328187513,1,0.005184738261312651,0.0032845270393456086,0,1
119,1,4.31668526415495,4.3136437674069885,0,0.3662796663781459,1.665106509132443,0.05386487919774873,5187.322050803397,51.873220508033974,0.0,174.2995023389182,61.66582070564408,43216.068514833,120548.53920222665,5325.943201547328,13807.177144376246,15462.835934589993,25.04636379408265,25.046363794082627,0.0,50000,10923.370973314462,8545.342328187513,1,0.0026837623177256805,0.0033746479577895627,0,1
120,1,3.78250242842813,3.8190384581328614,0,0.4137167031233476,1.5317634303188246,0.030529474481756653,2956.158645620773,29.561586456207728,0.0,149.93964423591962,61.66582070564408,43198.11364358056,120555.32804320473,5457.30705379898,13476.152240673402,15527.18788734782,23.20533028973097,23.205330289730988,0.0,50000,10923.370973314462,8661.50440964748,1,0.0015230877179142376,0.0031305294323175233,0,1
121,1,3.740213250530298,3.8175397782496443,0,0.41387911895562113,1.583549811945195,0.002246716421009418,8736.01668945971,87.3601668945971,0.0,169.01521597452682,61.840541039433276,43311.4624730771,120927.1654095785,5580.535739798151,13180.762336368685,15195.17803860464,21.834438437854324,21.83443843785433,0.0,50000,10967.05105676176,8674.60843468167,1,0.004599362596352669,0.0029354042106641957,0,1
122,1,3.7521378832536305,3.7684260722221,0,0.41927318453890566,1.6074968844989153,0.017403091455009612,4097.757597275569,40.977575972755695,0.0,161.4494119042609,62.02495901145012,43408.7626613721,121250.40208023597,5613.9546740418555,13103.808915876905,15000.890824300595,20.60846227867864,20.608462278678637,0.0,50000,11013.155549765972,8674.60843468167,1,0.002185340934892978,0.002769263749719962,0,1
123,1,4.15693491433743,4.160420804047148,0,0.37976927681522443,1.622424915186719,0.026851212143492953,5309.207090723279,53.092070907232795,0.0,157.70397369793747,63.18389445436799,43710.13202376375,122436.60397823773,5358.8425667970705,13730.287027669721,14987.5197945774,23.789419613684466,23.78941961368448,0.0,50000,11302.88941049544,8674.60843468167,1,0.0028339349877725293,0.0032062128396727254,0,1
124,1,4.648487374362423,4.718885943592817,0,0.3348247910389281,1.7358751167672746,0.09865513719447754,5889.299330026459,58.89299330026459,0.0,164.72266989044874,65.76115259863678,44466.22192509733,124926.21721835932,5242.539701858989,14038.959011676687,14234.887340990344,20.68974698796242,20.689746987962423,0.0,50000,11947.203946562639,8674.60843468167,1,0.0033097834574737036,0.0027763531267130707,0,1
125,1,4.622174604884418,4.623392101521713,0,0.3417404289547428,1.6082232734874418,0.017862831321165628,5019.1542904404405,50.19154290440441,0.0,164.23868926707752,66.8997216488816,44754.356941564554,126228.87750145861,5060.979741332234,14545.69923334904,14124.77785573525,22.29148809487561,22.291488094875632,0.0,50000,12231.846209123842,8674.60843468167,1,0.0028427515627949956,0.0029954900026804097,0,1
126,1,4.472506758490549,4.492967212874717,0,0.35166070107800207,1.587582968334528,0.00479934704716954,5504.361476506353,55.04361476506353,0.0,165.86985620459865,66.8997216488816,44750.81560680898,126284.00456549555,5111.975040645563,14401.353110072308,14453.87335192023,22.803381899413143,22.803381899413164,0.0,50000,12231.846209123842,8747.442366691883,1,0.0030465807150718317,0.003066371911780177,0,1
127,1,4.494893661585057,4.482034133388203,0,0.3525185112335581,1.6202956219182496,0.0255035581761073,5281.71517398979,52.8171517398979,0.0,168.38033461473015,67.27201471651043,44865.29431845058,126765.44761039861,5151.870920827611,14291.905522719959,13986.461575129242,22.12133309416336,22.121333094163354,0.0,50000,12324.91947603105,8747.442366691883,1,0.003021044398181023,0.0029701255586826168,0,1
128,1,4.6388134425501955,4.642445688030301,0,0.34033785340208544,1.626981957515141,0.02973541614882335,5535.808731762493,55.358087317624936,0.0,171.86925740342585,68.15308506083784,45255.25386371844,127962.65552835511,5082.159962796315,14490.137302208253,13580.374936058519,23.161743160807347,23.161743160807337,0.0,50000,12545.187062112902,8747.442366691883,1,0.0032610638559404438,0.0031095629897310993,0,1
129,1,4.410014141678769,4.361790682975186,0,0.36223654797718974,1.5919293409814952,0.007550215811072859,11375.27779001731,113.7527779001731,0.0,196.1483588263278,68.15308506083784,45248.61676718131,127894.16037205371,5156.346146295944,14284.276845187102,13750.762492776294,31.910861970533734,31.910861970533748,0.0,50000,12545.187062112902,8983.65032494938,1,0.006617976448065684,0.004300028234062383,0,1
130,1,4.420800298168737,4.396225221980916,0,0.35939923917002153,1.6148038462310619,0.022027750779153043,3697.4252576316453,36.97425257631645,0.0,171.00328055922844,68.36429878760957,45336.53550591784,128332.2741667058,5187.2662571645915,14201.024025225499,13884.974300833625,29.672293681770267,29.672293681770253,0.0,50000,12597.990493805833,8983.65032494938,1,0.002130317379073383,0.00400311922769317,0,1
131,1,4.406144948590275,4.387236000292009,0,0.36013562978942487,1.6135173708419597,0.02121352584934152,4298.610993198851,42.986109931988516,0.0,155.21961468973205,68.45027100747355,45363.31026109663,128526.42259151209,5193.969787206176,14183.537255063471,13714.605792781,27.802112964935073,27.802112964935056,0.0,50000,12619.483548771828,8990.098241439178,1,0.0025074645575078945,0.0037519194615489872,0,1
132,1,3.813022976849272,3.859906919490219,0,0.409336295655718,1.464148223210494,0.07332390936044682,3510.721472388231,35.107214723882315,0.0,153.92488097505827,68.45027100747355,45362.453324375216,128479.2351757481,5318.89879470697,13851.796556008832,13577.007962095446,16.732736377970664,16.732736377970642,0.0,50000,12619.483548771828,9118.604322085674,1,0.0020686274809233562,0.002235469805834878,0,1
133,1,4.138183023795689,4.12866946085775,0,0.3826898750261659,1.6168600111734213,0.023329120995836197,5528.401808250889,55.284018082508894,0.0,161.26318700311438,68.56083904363857,45409.85307672891,128680.54581199009,5365.524371162461,13732.494905599484,13818.246344942501,19.34934444091585,19.349344440915843,0.0,50000,12647.125557813082,9126.89692479805,1,0.0032006387324390365,0.0025922435902900956,0,1
134,1,4.5180519829652335,4.503490563646435,0,0.35083897205297765,1.6284466344302995,0.03066242685461987,7255.422138147439,72.55422138147439,0.0,173.08099525610172,70.09276527652953,45757.724482928315,130094.56181893486,5153.8203604939135,14299.042908288053,13789.94757096185,23.522164050411682,23.522164050411696,0.0,50000,13030.107116035824,9126.89692479805,1,0.0042091078886626245,0.0031594580340083395,0,1
135,1,4.434955187492552,4.375639396093326,0,0.3610900846652632,1.6140060762315265,0.021522833057928105,3484.2818185865453,34.842818185865454,0.0,157.14064211233432,70.16245091290126,45755.90854945786,130205.65052695814,5178.928431212324,14230.625181588839,14328.91698505881,23.16426664387561,23.16426664387559,0.0,50000,13047.528525128757,9187.555180005886,1,0.0019453148188211071,0.003118353813307589,0,1
136,1,4.177097461872072,4.182042645392658,0,0.3778058078247195,1.583567210038011,0.0022577278721587716,6340.787271922089,63.40787271922089,0.0,163.1073783661638,70.16245091290126,45735.40227086528,130175.15057725512,5286.129685385937,13943.63229548192,13821.965400872901,24.336761445456883,24.33676144545688,0.0,50000,13047.528525128757,9340.266727728233,1,0.0036699772213417046,0.0032747999762751455,0,1
137,1,4.018542341058522,4.064143250207734,0,0.38876582411784827,1.5741281720232172,0.0037163468207486536,5193.386643528504,51.93386643528504,0.0,165.90852959579928,70.16245091290126,45743.91852923309,130243.48166842818,5373.510462559775,13717.865989376964,14173.14275242459,21.22420388603005,21.224203886030065,0.0,50000,13047.528525128757,9377.62486763997,1,0.002931395941885973,0.002848895994016262,0,1
138,1,4.466129740235859,4.502023608036042,0,0.3509532906890414,1.591950973428693,0.0075639072333499304,7085.1718947815125,70.85171894781513,0.0,172.7226185699583,71.9834162723801,46260.95892198649,132173.88557780295,5126.7343501269615,14382.767518321678,14309.669535986039,26.14247385303154,26.14247385303151,0.0,50000,13502.769864998465,9377.62486763997,1,0.003961054098119419,0.0035208090871156994,0,1
139,1,5.022440027907554,4.97646799609372,0,0.3174942552107683,1.6839366894541123,0.06578271484437485,7519.209871261814,75.19209871261815,0.0,180.02268267612638,73.96745030181816,46769.99580119274,134131.96369444605,4972.721143631387,14831.432722980106,14502.510450527841,27.31771840592789,27.317718405927856,0.0,50000,13998.77837235798,9377.62486763997,1,0.00414781145480265,0.0036800871649360144,0,1
140,1,4.832089064105637,4.821577009826049,0,0.32769361492724614,1.6266955834076804,0.02955416671372172,8151.196302309006,81.51196302309006,0.0,185.39506350525926,74.67976026328097,46924.79756676529,134930.58484090763,4983.279810580004,14802.801533178588,14943.366916593834,30.802942644029134,30.802942644029113,0.0,50000,14176.855862723682,9377.62486763997,1,0.0043637803168749215,0.0041575486232656635,0,1
141,1,5.187719463371603,5.246342892902883,0,0.30116216805755935,1.644892011540927,0.041070893380333436,8611.005285548174,86.11005285548174,0.0,190.88043658007246,76.87574767989156,47351.60207531073,137081.31265938663,4836.821519538708,15254.541308313264,15159.470446609961,32.22874343869735,32.22874343869733,0.0,50000,14725.85271687633,9377.62486763997,1,0.004544224847893054,0.004351938873190208,0,1
142,1,4.905533268918401,4.908937505458007,0,0.32186190967867806,1.6094888594581955,0.018663835100123708,4103.752161684256,41.03752161684256,0.0,167.63824570052674,76.95782272312525,47407.59277075179,137429.8122850521,4920.476105788456,14997.034054643154,15564.455589514593,27.201888249426478,27.20188824942648,0.0,50000,14746.371477684752,9383.780495882496,1,0.002109294289457246,0.003672433151408407,0,1
143,1,7.788369552901673,7.666528583090036,0,0.20609066840042647,1.7885537695929594,0.13199605670440465,9285.654762741568,92.85654762741568,0.0,180.7090738201142,82.52921558077018,48149.0741644483,144524.95113170307,4117.879433207859,17931.56423103509,15607.71890376029,28.194330461495607,28.194330461495593,0.0,50000,16139.219692095987,9383.780495882496,1,0.004759519219944138,0.003804346119098146,0,1
144,1,6.770934465326239,6.767702645284001,0,0.23346179387786867,1.606719422977059,0.01691102720067017,6079.7877644341415,60.79787764434142,0.0,179.3749446636559,82.65081133605887,48174.87098640554,144865.1182206004,4186.1138910888385,17640.854038122277,15671.183776369315,24.68418004054525,24.68418004054527,0.0,50000,16169.618630918158,9392.900177529147,1,0.0031036776040374923,0.0033241637044796254,0,1
145,1,5.964595621709162,5.9828619806709975,0,0.26408765656044736,1.5206040476612204,0.037592374897961835,7138.295817087719,71.38295817087719,0.0,178.67779067678015,82.65081133605887,48158.570046470435,144771.39731566107,4339.270503892986,17020.863444852628,15803.683940872645,28.339263250956485,28.339263250956463,0.0,50000,16169.618630918158,9730.077565362984,1,0.0036134844730100614,0.0038255604323305637,0,1
146,2,6.469652056708712,6.499689876733215,0,0.2430885211394298,2.5115683974661724,0.5896002515608686,7640.741469720546,76.40741469720545,0.0,192.59314530191554,131.0374803789673,45920.75620382677,146014.22141003513,6710.619238183737,17286.159357596876,15718.885446567258,26.254792986040698,26.254792986040716,0.0,50000,16417.373295671005,9730.077565362984,1,0.0038886937604798977,0.003535285279175817,0,1
147,2,8.551958104281201,8.449745738643266,0,0.18698787500482741,2.7946199298264323,0.7687467910293875,8232.062298925597,82.32062298925597,0.0,198.7758439590956,135.97671775832265,47002.54117920539,153403.08655745664,6158.366525392822,18845.529566962683,15785.951481235354,28.866389047611566,28.866389047611552,0.0,50000,17652.182640509844,9730.077565362984,1,0.004171842189537192,0.0038913401410090504,0,1
148,2,8.694787535043861,8.684146962610301,0,0.18194072564671107,2.390125807295193,0.5127378527184766,8599.880056324302,85.99880056324302,0.0,204.47304264398895,141.13664579211724,48153.106977108284,161104.69196787832,5649.386743133898,20551.310430989393,15825.951481235354,30.663812882412916,30.663812882412927,0.0,50000,18942.16464895849,9730.077565362984,1,0.004347229329760592,0.004135921759925895,0,1
149,2,8.633899167174835,8.625899981118467,0,0.18316929288057096,1.9439941269395793,0.23037602970859444,8409.708007180729,84.09708007180728,0.0,207.72380717482415,146.18247059642567,49098.398121072,168757.9992165946,5114.108731922245,22713.39121322221,15763.153036014482,31.59627869924174,31.596278699241697,0.0,50000,20203.620850035597,9730.077565362984,1,0.004268033426036962,0.0042623683151115825,0,1
150,2,8.884949377215435,8.944305746910363,0,0.17664870194601526,1.949156500533326,0.2336433547679278,10485.807014463813,104.85807014463813,0.0,218.65272984122515,152.29702349652476,50640.094031857094,177757.688781619,5048.50033503873,23012.862176742048,15803.153036014482,34.385465250873054,34.38546525087309,0.0,50000,21732.25907506037,9730.077565362984,1,0.005308210072036769,0.004641157609278108,0,1
151,2,8.926968572162309,8.93160708847354,0,0.1768998551267475,1.8948848274618895,0.1992941945961325,8492.370018064184,84.92370018064184,0.0,216.4881554558878,156.21019744009976,51761.36658778251,184001.601730894,4966.336815356897,23396.848202561978,15848.251433864369,34.23210201957686,34.232102019576885,0.0,50000,22710.55256095412,9730.077565362984,1,0.00428684264810074,0.00462102871539149,0,1
152,2,9.071016143891441,9.007914812153704,0,0.17540130351457417,1.6302563066475169,0.03180778901741569,8645.131055879565,86.45131055879565,0.0,215.10782995633002,160.5248843126706,52450.084145009845,190636.2465262413,4570.8319264150805,25432.866001781564,15853.858608046108,34.45840007456219,34.45840007456223,0.0,50000,23789.224279096823,9730.077565362984,1,0.004362411079655781,0.0046524879332644304,0,1
153,2,9.77689659109057,9.509596579079854,0,0.16614795242479996,1.7795256430106183,0.12628205253836597,11048.060983618923,110.48060983618923,0.0,227.7146040029856,164.28425006000097,53509.53857581181,197178.13400956691,4600.48093630309,25275.514607040954,15960.426691373868,35.042415374025246,35.042415374025246,0.0,50000,24729.065715929417,9730.077565362984,1,0.005537727128355569,0.00472899361870403,0,1
154,2,9.775686384791074,9.819649592192032,0,0.1609018718199799,1.654267623992849,0.04700482531192977,12534.530550095136,125.34530550095137,0.0,241.9211536304193,167.7272264747669,54356.678915741235,203507.73240581612,4436.523837036671,26217.0794135713,15893.3477184282,39.998605264261045,39.998605264261045,0.0,50000,25589.809819620896,9730.077565362984,1,0.006309321747519036,0.005403153318510129,0,1
155,2,7.158547951656286,7.042170526354884,0,0.22436264417155885,1.3667563366863051,0.13496434386942716,10857.672835016256,108.57672835016255,0.0,242.84141499492364,167.7272264747669,54344.79179625524,203011.69924962512,4712.928155852413,24684.518586668848,15494.30817076347,43.03804490579921,42.83966806793201,0.0,50000,25589.809819620896,10712.668945700576,1,0.00560601878591976,0.005817689220598121,0,1
156,2,7.245424390579844,7.177481747266994,0,0.22013291787215267,1.5480185966258797,0.02024139454058251,5956.637617395564,59.56637617395564,0.0,215.5285073620994,167.7272264747669,54319.29832442457,203072.7229377225,4986.014635481355,23336.794616321684,15315.76749180604,37.078648550764235,37.07864855076424,0.0,50000,25589.809819620896,11021.141563375013,1,0.0031113753172773745,0.005008905283572057,0,1
157,2,7.591332560721255,7.677310080501037,0,0.2058012485405417,1.6231115060848624,0.027285763344849594,10743.454840085109,107.4345484008511,0.0,228.09805579863232,168.76918373414378,54522.9595197377,204750.03001876245,4988.355635972347,23330.662386318123,15210.126703867722,35.50969723064599,35.50969723064598,0.0,50000,25850.299134465116,11021.141563375013,1,0.005650685256870714,0.004789359786689283,0,1
158,2,8.429601085527954,8.455858149892707,0,0.18685270873661097,1.7302658635402106,0.09510497692418389,11416.775310379751,114.16775310379751,0.0,242.71609360360605,172.50514476846948,55483.93003914229,210457.94610529646,4888.117723115074,23814.1914102449,15363.17358527705,36.363849810496916,36.36384981049689,0.0,50000,26784.28939304654,11021.141563375013,1,0.005945008821000765,0.004902356465049618,0,1
159,2,8.92956565585646,8.998923654176076,0,0.17557655345445441,1.6276851735586817,0.030180489594102293,10080.923789947066,100.80923789947066,0.0,240.7585632947048,175.60590150276053,55918.688019938905,215140.97847558334,4607.16225871366,25275.132159876724,15399.889624466336,41.52989932406198,41.529899324061944,0.0,50000,27559.478576619305,11021.141563375013,1,0.005236881061241454,0.00561085837970431,0,1
160,2,8.438937848826464,8.52124485461111,0,0.18541891788792023,1.6195981745043806,0.025062135762266152,6911.385960102338,69.11385960102338,0.0,219.84969393497437,175.74412922196257,55956.605232270966,215728.5583023015,4727.612762215661,24633.289232908344,16098.588917669087,36.065082573028626,36.06508257302866,0.0,50000,27594.035506419816,11031.508642315166,1,0.003434530067423095,0.0048721399832217715,0,1
161,2,7.8309390880257705,7.776092192706704,0,0.2031868914159611,1.586333491750649,0.004008539082689248,16270.943713113033,162.70943713113033,0.0,250.91167197783102,175.74412922196257,55954.48513636018,215676.3775692832,4857.43476583524,23978.73837570947,16408.262609196263,40.96233633809076,40.962336338090765,0.0,50000,27594.035506419816,11545.005270940579,1,0.007933048903785211,0.0055348200108165865,0,1
162,2,7.96543321745032,7.922826945091033,0,0.19942376767158404,1.6863880960212323,0.06733423798812166,10428.952042536514,104.28952042536514,0.0,248.1916434362793,177.29880496259298,56408.27434946917,218346.67908641777,4966.370937796459,23458.00242034307,16434.885090505704,40.565119226864084,40.565119226864105,0.0,50000,27982.70444157742,11545.005270940579,1,0.005076495264849152,0.0054813580786858196,0,1
163,2,8.809609741338537,8.836539967111339,0,0.1788030163254613,1.780756531233138,0.12706109571717586,10456.470620473707,104.56470620473706,0.0,237.29020810862966,182.07340412837553,57624.2909245458,225989.62692468683,4853.516753191055,24010.91205828847,16304.223909898139,44.641716384300516,42.79882335037913,0.0,50000,29176.35423302306,11545.005270940579,1,0.005130680578607944,0.006046741582414102,0,1
164,2,9.283738798723238,9.307068214678138,0,0.1697634489782925,1.8256008845466587,0.1554435978143409,11705.349663461642,117.05349663461642,0.0,247.0364463166701,186.2075939024157,58714.16940707084,232663.19563752445,4787.620440648083,24346.51407908489,16083.845032900812,39.56534313546062,39.56534313546061,0.0,50000,30209.901676533107,11545.005270940579,1,0.005822164856484205,0.0053431135666471,0,1
165,2,8.736369161326136,8.73637368792586,0,0.18085306975635043,1.644429907642786,0.04077842255872524,11230.671322860526,112.30671322860526,0.0,251.29246372814237,187.94545388736123,59052.16483598987,235600.86744443607,4684.463800281949,24887.169037685675,16432.160962422702,40.51473296093308,40.51473296093307,0.0,50000,30644.366672769487,11545.005270940579,1,0.005467653998055635,0.005473499811049261,0,1
166,2,9.326913939923772,9.265661596074986,0,0.17052209209424415,1.7079336071742937,0.08097063745208455,18045.377228716105,180.45377228716106,0.0,280.6632558824185,191.59037260406595,60053.26332458714,241898.3026225012,4621.014512314419,25235.058605587295,16286.662981607691,49.556775339554775,42.89659936022037,0.0,50000,31555.596351945667,11545.005270940579,1,0.00886387948180398,0.006717899445447939,0,1
167,2,10.634049640955988,10.499798022137965,0,0.15047908508989405,1.557011155464766,0.014549901604578466,11495.096745821711,114.95096745821711,0.0,270.165632643937,197.81715220876455,60884.1488903527,252208.5081693699,4133.372759796518,28230.042513170723,15997.986849178544,49.23541116618561,41.56005487704269,0.0,50000,33112.29125312032,11819.092032389859,1,0.005748271631520666,0.006693268370460093,0,1
168,2,10.776862176213221,10.750561230009671,0,0.14696907130666878,1.6764607507274663,0.06105110805535834,15772.84333540983,157.7284333540983,0.0,279.5376241404326,198.13260907547274,60951.68457835769,253511.17350988643,4260.924027538681,27390.67465085235,16600.3497655144,54.124207929608524,41.55829500217362,0.0,50000,33191.15546979737,11842.751297392973,1,0.0076012101230186705,0.007404453745447772,0,1
169,2,11.511487030265279,11.443388185156993,0,0.13807099562080652,1.6606116382704477,0.051020024221802275,10121.997671519637,101.21997671519637,0.0,264.8427923092652,200.9515747488208,61402.65857269875,259073.86388728142,4103.835508787816,28448.10197943424,16256.560890606064,45.137069176853295,41.538299545198306,0.0,50000,33895.89688813439,11842.751297392973,1,0.004981126199880903,0.006110202651473413,0,1
170,2,12.129402738873384,12.056622735582934,0,0.13104830719608707,1.7225113459403283,0.09019705439261279,7722.487459325482,77.22487459325482,0.0,241.81948330961575,203.11297526692388,62023.65633283315,264518.9245804108,4072.324036325123,28676.07138623342,15909.835173634005,40.62073612459379,40.62073612459376,0.0,50000,34436.247017660164,11842.751297392973,1,0.0038831263178003474,0.005488487546899974,0,1
171,2,11.744566171843621,11.837204143300713,0,0.13347746485340492,1.6285208148148993,0.03070937646512609,9153.564019521746,91.53564019521745,0.0,244.8323853880808,204.2699042014486,62189.21775255742,267125.4320728353,4024.424824923856,29023.346358210743,16634.535154805817,32.818914116954815,32.81891411695478,0.0,50000,34725.47925129135,11842.751297392973,1,0.00440219768539897,0.004422150067693407,0,1
172,2,13.484696561172438,13.49757820967756,0,0.1170580362977385,1.7059707643776725,0.07972833188460278,7386.582836350722,73.86582836350722,0.0,240.59338857131422,206.62958309747285,62813.02148965477,273364.2077535289,3844.53055595408,30388.755217682818,16686.650380957664,29.304420124688917,29.30442012468888,0.0,50000,35315.39897529741,11842.751297392973,1,0.0035413136454420274,0.003942212549547115,0,1
173,2,16.364560120459572,16.344181390674756,0,0.09667048855083535,1.6945005453088757,0.07246869956257952,15668.981905218576,156.68981905218575,0.0,271.3287042937044,216.030972240604,64742.26960805715,297945.0291868252,3479.1880583234033,33600.09668243576,16676.903062679816,38.21319339735918,38.213193397359134,0.0,50000,37665.746261080196,11842.751297392973,1,0.00751649480545735,0.005153335378766116,0,1
174,2,16.101236227645703,16.12100643935038,0,0.09800876923808663,1.6765759740226205,0.0611240341915319,23338.08694931682,233.3808694931682,0.0,319.3029783281821,217.93189168858765,65114.892059401864,303568.9509797899,3489.3570936462606,33510.53797616431,16994.299097623454,54.059859551654874,41.62945422734145,0.0,50000,38140.97612307611,12078.881902269013,1,0.010986313382035512,0.007348040610978296,0,1
175,2,18.226308497708583,18.01682066913874,0,0.08769582763880222,1.8299931994907117,0.15822354398146304,8881.837620287593,88.81837620287594,0.0,266.4104193369663,221.5910402767873,66038.55455719716,315816.0212418966,3426.9874814836685,34132.00173240521,16732.503111038754,55.612010906248436,41.52480516608411,0.0,50000,39055.763270126015,12078.881902269013,1,0.004246507560212232,0.007583105249235031,0,1
176,2,17.351859436394534,17.280976259295834,0,0.09143001971026271,1.766028672448665,0.1177396661067499,9088.61685682133,90.88616856821331,0.0,230.63583760341118,223.53381375560386,66621.01015401709,322925.4961828894,3450.7578077225926,33904.922022371014,17227.65601227854,47.71665378080647,41.432306977659096,0.0,50000,39541.456639830154,12078.881902269013,1,0.00422047751607934,0.00648443281944236,0,1
177,2,18.29920888110503,18.196624325512026,0,0.08682929161673184,1.4184404427690054,0.10225288432341435,22014.762426517274,220.14762426517274,0.0,282.1152108211644,233.50887611223243,68488.15068156252,351356.8953699623,3012.5736594553377,38865.01893337922,17282.67560346133,45.921281544944286,41.53947279599008,0.0,50000,42035.222228987295,12381.765531733467,1,0.010190441772619149,0.0062191422829702405,0,1
178,2,18.321730631822543,18.368824365402062,0,0.08601530335147371,1.5694870964871965,0.006653736400508569,12114.564087006207,121.14564087006207,0.0,267.2481507633553,233.50887611223243,68493.53137076348,352211.1715735144,3167.233392585177,36973.35084623454,17515.92845508994,48.96077793099868,41.50055837203453,0.0,50000,42035.222228987295,12952.002670038339,1,0.005533050271616448,0.006647989853438312,0,1
179,2,20.769390503745836,20.583029610246896,0,0.076762266290159,1.759285206926167,0.11347164995327025,12639.018342120937,126.39018342120937,0.0,246.39406600442916,237.44097851708096,69454.68361859824,366867.73447914666,3150.092924262128,37188.68879787752,17802.83844017969,52.34203696879028,41.448827675568666,0.0,50000,43018.24783019943,12952.002670038339,1,0.00567955200384029,0.007134348016025295,0,1
180,2,20.511696935568818,20.29598584664582,0,0.07784790608045856,1.5633116538390144,0.010562244405687145,13720.526857954163,137.20526857954164,0.0,255.81132289060466,240.32823306376162,69874.84903527833,376771.31834266987,2988.75630133295,39214.486322460456,18099.691981762244,42.55663645985073,42.55663645985068,0.0,50000,43740.061466869585,13287.52647212306,1,0.006064424465025969,0.0057590089134942355,0,1
181,2,22.806981710431334,22.61373851169302,0,0.06986903112826834,1.7381225959031885,0.10007759234379016,8069.88720309884,80.6988720309884,0.0,230.85972695914245,242.95589523052058,70561.66004762793,388289.1048492649,2989.1962622186948,39223.09314774521,18067.144498605878,37.73840091950412,37.73840091950413,0.0,50000,44396.977008559326,13287.52647212306,1,0.003573287280110718,0.005105754582992326,0,1
182,2,21.073967161068982,21.496148814976856,0,0.07350153804755846,1.6631635183399376,0.05263513818983387,14429.11610927437,144.2911610927437,0.0,245.63996359051657,243.24447755270606,70650.6397952619,390785.1864218527,3042.1183920173135,38546.72278853664,19658.852183985015,38.19589422983107,38.195894229831026,0.0,50000,44469.1225891057,13309.170146286971,1,0.005871804100965356,0.005169838615367348,0,1
183,2,21.306917151813263,21.453166046052065,0,0.0736488030068998,1.5685719629434043,0.0072329348459467,16747.571001007793,167.47571001007793,0.0,269.0902043459469,245.18433592574019,70917.79638300561,398279.5948112891,2938.768209626635,39919.16995213853,19985.9001770315,39.78696102905091,39.786961029050936,0.0,50000,44954.08718236423,13601.2378396551,1,0.006703754487978357,0.005382948623018143,0,1
184,2,22.39341295362607,22.174087193357067,0,0.0712543423421433,1.70532844971559,0.07932180361746201,7558.003725960757,75.58003725960758,0.0,224.9638935926944,246.0955091057165,71053.21542938068,402632.1199863221,2989.3140272463656,39253.988562355305,20718.837857430066,38.098066176093205,38.098066176093205,0.0,50000,45181.88047735831,13757.916097118397,1,0.0029183118389047493,0.005164623475949487,0,1
185,2,20.78187776074245,20.342869746206123,0,0.07766849120658921,1.6977517753963631,0.07452644012428042,7857.470062070225,78.57470062070226,0.0,200.38560868533395,247.01971636548924,71185.0797977328,406328.9801181798,3096.6061687715032,37905.00578775495,21596.940232927052,30.834784176146336,30.834784176146346,0.0,50000,45412.93229230149,14036.109434272143,1,0.0029105863987494295,0.004177550908544179,0,1
186,2,23.492211966382964,23.52040150654884,0,0.0671757240011433,1.791013671658183,0.1335529567456854,15571.847595817135,155.71847595817135,0.0,232.14920073137628,255.23882868145478,73225.7266442962,437963.81398495403,2992.0131065742016,39245.37663677414,21640.221215445476,28.583015917893594,28.5830159178936,0.0,50000,47467.71037129287,14036.109434272143,1,0.005756631576280892,0.00386184327131169,0,1
187,2,23.762565591812606,23.747259735735742,0,0.0665339924514473,1.477249340877032,0.06503206273605576,11487.546980776353,114.87546980776354,0.0,235.65840076356537,258.9776904501952,73732.20113460343,452519.4085193956,2702.617399065056,43473.44854913239,21568.17539287035,31.857287669224892,31.857287669224892,0.0,50000,48402.42581347798,14390.934288489849,1,0.0042609249123868745,0.0043093809624723985,0,1
188,2,21.09367098984826,21.346063301433844,0,0.07401833198414011,1.499163135592736,0.05116257240966083,16548.00184352822,165.48001843528223,0.0,252.9659386985502,258.9776904501952,73741.52118356293,453072.10708144156,2890.0182624544977,40663.41609898608,21556.290563407234,39.748257965898624,39.74825796589868,0.0,50000,48402.42581347798,15553.771549498346,1,0.006141317048906065,0.005386291179191277,0,1
189,2,24.346542005932815,24.33040300829724,0,0.06493932712340124,1.673734487336079,0.05932562489625255,8153.375261142311,81.53375261142311,0.0,225.19262542923937,261.5499555345823,74138.98490695981,463685.7177131867,2842.999277542912,41354.94718980276,21355.816208621854,33.12912931426007,33.129129314260034,0.0,50000,49045.49208457475,15805.244563264618,1,0.0030542968459713934,0.004485512935754777,0,1
190,2,25.616418641358187,25.454715291537074,0,0.062071014423221715,1.7437173428507624,0.10361857142453312,12342.326331729306,123.42326331729306,0.0,228.39355828900142,264.05323616008616,74861.61603906308,476166.9946983331,2829.315364607897,41564.60744361931,22066.76549458956,33.64181876965087,33.6418187696509,0.0,50000,49671.312240950705,15805.244563264618,1,0.0044745393554865886,0.004556717750121349,0,1
191,2,26.07877676417707,25.641916338071756,0,0.06161785956902527,1.5346766524962243,0.028685662977073263,10840.037161571705,108.40037161571705,0.0,233.9920197411757,266.60518256644417,75199.44875493334,487158.7092830832,2631.262609158151,44713.07365010581,22452.497577570215,28.09904004156857,28.09904004156859,0.0,50000,50309.29884254021,16163.660253929713,1,0.003862389785054747,0.003797075328837576,0,1
192,2,21.15347844260942,20.91443515772857,0,0.07554590827264768,1.4824318028101606,0.06175202353787306,9366.863886206633,93.66863886206633,0.0,225.89698824881455,266.60518256644417,75198.72325404064,487784.237652906,2871.7876859405005,40978.81520831954,22145.453991281884,28.892666656093528,28.892666656093542,0.0,50000,50309.29884254021,16825.312682683772,1,0.0033837604376570057,0.003906896526066114,0,1
193,2,20.726470671612116,20.704020426100307,0,0.07631368050662225,1.686960473923541,0.0676965024832538,19948.671045715702,199.48671045715702,0.0,265.1851145966926,266.60518256644417,75203.97549314713,488651.6520408441,3095.282097917885,38029.50609367316,23332.625953551207,34.69053257622316,34.690532576223134,0.0,50000,50309.29884254021,17364.640075658102,1,0.006839751714334419,0.004695300645682057,0,1
194,2,22.716022120038623,22.484685727773712,0,0.07027005043029531,1.8771912836146147,0.18809574912317384,13444.13391102709,134.4413391102709,0.0,261.6758220884357,270.9602187043819,76384.56863518512,505835.79018459556,3119.2001056727267,37745.65715053421,23643.695987330208,36.35019247116133,36.35019247116132,0.0,50000,51398.057877024636,17364.640075658102,1,0.004548911107038869,0.0049241410863434315,0,1
195,2,24.678490889502303,25.177070516949158,0,0.06275551394815163,1.645769603365489,0.0416263312439803,11863.811025263965,118.63811025263965,0.0,241.22885880982798,278.0785053195402,77699.69085516584,534478.7834629851,2802.9654033971874,42030.76544242497,23263.790580111203,38.018287445242144,38.01828744524219,0.0,50000,53177.62953081423,17556.305661686034,1,0.004079751658495975,0.005156138159956421,0,1
196,2,25.365321720638327,25.313490508407323,0,0.06241731062238286,1.57417623707768,0.003685925900202607,18071.405631661546,180.71405631661545,0.0,266.0084876026639,280.73487834289784,78132.54562933685,546240.045739956,2704.581428474224,43579.985796423236,23951.439222154353,36.089423887344566,36.08942388734458,0.0,50000,53841.722786653634,17890.611710380956,1,0.00603601494308402,0.004888225902872956,0,1
197,2,24.78191925147337,24.98908606486064,0,0.06322760247809853,1.6831003465958578,0.06525338392142896,8712.454072952816,87.12454072952816,0.0,231.37367351147614,280.9091274243569,78182.44290927085,548448.7528705983,2829.556126949459,41662.29993202581,24942.93589091316,31.753228591657894,31.753228591657866,0.0,50000,53885.285057018395,17995.72635983804,1,0.0027943636181582965,0.004303376739912764,0,1
198,2,19.956594047661532,20.094804775219597,0,0.07862728788230956,1.538853853742571,0.02604186471989175,18146.126746028436,181.46126746028438,0.0,253.17692899380046,280.9091274243569,78199.64566830157,549119.1383297938,3015.3144556446023,39104.04251254606,25262.831575054555,35.83582653012603,35.835826530125985,0.0,50000,53885.285057018395,18996.692860640083,1,0.005746347694118846,0.004858908751787054,0,1
199,2,14.853115282630197,14.860078767349114,0,0.10632514300473361,1.4437449469201038,0.08623737536702296,23464.106640329926,234.64106640329928,0.0,295.95196723949016,280.9091274243569,78221.33266211662,548454.8170690238,3386.1249316830654,34836.141992371005,25318.40018665757,39.25000155979539,39.25000155979536,0.0,50000,53885.285057018395,21114.060136608252,1,0.007414088241703415,0.005318266517993519,0,1
200,2,15.807500457811651,15.91240121346529,0,0.09929362506665446,1.7164684079247783,0.08637241007897355,7675.902412489104,76.75902412489104,0.0,219.45331117148388,281.33412981988846,78371.43539049067,551201.7686358053,3579.378195970171,32963.625902026564,27303.610108219527,37.78978837363597,37.78978837363601,0.0,50000,53991.53565590129,21114.060136608252,1,0.0022490512813698104,0.005136495739064024,0,1
201,2,16.51094809082763,16.42472373459232,0,0.09619644296800817,1.5684840881426194,0.007288551808468769,12664.429996218829,126.64429996218828,0.0,203.80543532502026,285.3231811874044,78967.84438230998,562222.6359038979,3348.7441434420166,35251.19645128759,27442.879091984614,32.76824922831749,32.76824922831752,0.0,50000,54988.79849778027,21285.251352543397,1,0.0036918662808721977,0.0044516686013151415,0,1
202,2,14.128348562766943,14.252629537692272,0,0.1108567367040277,1.5080174762605068,0.04555855932879324,13703.948751606344,137.03948751606345,0.0,220.71366766012605,285.3231811874044,78974.38591224366,562395.7979986097,3549.956734258336,33258.91570482,27911.85491910739,24.302452272354,24.302452272353996,0.0,50000,54988.79849778027,22002.876493554177,1,0.003927778728091667,0.0032895654301112244,0,1
203,2,15.89148053188255,16.147725241291855,0,0.09784659922003952,1.5539109847708907,0.01651203495513249,14777.904750036161,147.77904750036163,0.0,230.9628087474039,288.1994715816594,79389.92470984398,570455.7304808235,3398.571262655707,34756.385395313795,28705.27339284736,28.856547028417495,28.856547028417523,0.0,50000,55707.87109634402,22121.23559151024,1,0.00411851984066968,0.003912721616544514,0,1
204,2,16.00666778169618,15.87386944760777,0,0.09953464750449424,1.6832933484458805,0.06537553699106358,8843.155969140425,88.43155969140426,0.0,205.60838582568107,289.10971229328095,79553.5807167764,573608.6370315426,3524.9037142181855,33518.793838310856,28247.48926252374,25.93923602805878,25.939236028058808,0.0,50000,55935.4312742494,22121.23559151024,1,0.0025044791448768484,0.003516925904546065,0,1
205,2,15.46031393660063,15.450663499536214,0,0.10226098057519842,1.6719043419084276,0.058167305005333896,9701.866792052768,97.01866792052768,0.0,194.46564533242974,289.7224332035336,79673.11624770431,575917.8948178097,3574.805949873276,33056.689226838396,30205.953675809527,22.603460174721725,22.603460174721747,0.0,50000,56088.61150181257,22121.23559151024,1,0.002569524378188402,0.00306417445457831,0,1
206,2,14.724672086994776,14.6129048449088,0,0.1081236083290092,1.676426763687177,0.06102959727036516,14298.780168276326,142.98780168276326,0.0,214.5924599412541,290.52441012208635,79859.95745989404,578512.8712496575,3668.2140221428654,32219.271244615382,31704.576830991096,21.373268694014744,21.373268694014726,0.0,50000,56289.105731450756,22121.23559151024,1,0.0036080040416875906,0.0028940025215842802,0,1
207,2,14.411729454644757,14.544402782880326,0,0.10863285509802845,1.6520060746980825,0.045573464998786326,12121.83544839176,121.2183544839176,0.0,215.72229826359762,290.7668468310542,79941.89408498192,580180.6768798891,3681.0159234698654,32112.355045051703,33254.85384314384,22.36461747597695,22.36461747597693,0.0,50000,56349.71490869272,22139.41834468283,1,0.0029161061433180036,0.0030312115210646656,0,1
208,2,15.509865191008142,15.553248187259479,0,0.10158649697972832,1.5541164015293478,0.01638202434851408,15169.598767090662,151.69598767090662,0.0,227.44644319237622,295.9507003503231,80796.64365938253,593280.0292006893,3442.4954728599696,34355.62526215685,33516.79231064205,24.933579827630034,24.93357982763005,0.0,50000,57645.67828850994,22337.45866960144,1,0.0036207757894001335,0.0033816286581352423,0,1
209,2,16.695987572355087,16.797007579810057,0,0.09406437381734319,1.6780652003302334,0.06206658248748947,8490.793980906476,84.90793980906476,0.0,200.07768809218953,296.6001203905654,80967.18280306595,596229.5474011521,3448.028244006286,34306.31700110889,34759.658305347315,20.871659779339474,20.871659779339478,0.0,50000,57808.033298570524,22337.45866960144,1,0.001954172024665796,0.0028303513191279776,0,1
210,2,16.14535056078009,16.07385366388992,0,0.09829627872931844,1.6694894425294218,0.05663888767684918,12141.539739958183,121.41539739958183,0.0,202.34682445823563,297.9012786131063,81320.39616939909,600908.5740895594,3497.799654784596,33826.62997395843,36337.077267446824,20.27348210609502,20.273482106095017,0.0,50000,58133.32285420575,22337.45866960144,1,0.002673091102092657,0.0027493463053861952,0,1
211,2,15.355609860244583,15.45636890166604,0,0.10222323302788743,1.6641781415777563,0.05327730479604827,15706.301741680989,157.06301741680988,0.0,225.2345093392423,298.7329965909939,81596.82143464059,604273.3165374999,3581.29879908171,33045.1565116244,37381.74239235525,19.6587042600099,19.65870426000987,0.0,50000,58341.252348677655,22337.45866960144,1,0.003361277615543786,0.0026628469141007464,0,1
212,2,17.498573769526242,17.489494256258634,0,0.09033994790527436,1.7482896481922352,0.10651243556470577,17520.825723394966,175.20825723394967,0.0,244.65177765902666,305.69614233426245,83349.79267194246,625136.3132191298,3439.2614411303653,34423.45500503097,37044.30751762667,24.13182616443109,24.131826164431118,0.0,50000,60082.03878449479,22337.45866960144,1,0.0037837555937701014,0.0032727081038021813,0,1
213,2,15.308848548127578,17.489494256258634,1,0.09033994790527436,1.6498208266276198,0.04419039659975929,11142.07566209397,111.4207566209397,0.0,219.2929764423052,306.16187240204965,83554.38985873864,628247.0196131455,3572.4418184958668,33149.03646727618,37411.91645631644,23.39778839215182,23.397788392151806,0.0,50000,60198.4713014416,22337.45866960144,1,0.0023825725528076333,0.00317586858737384,0,1
214,2,14.575900325887138,14.408062644161822,0,0.10966082248679142,1.6957438065773023,0.07325557378310266,14616.714965324973,146.16714965324974,0.0,223.1799564479191,306.45420670135616,83630.74645222398,629924.2035317102,3712.0331694211536,31907.075393114916,39039.854212279555,22.501808651816347,22.501808651816344,0.0,50000,60271.55487626822,22359.383742049427,1,0.002995239661674238,0.003053855936083991,0,1
215,2,15.035776356558902,14.932826998380161,0,0.1058071589640321,1.6834155994529403,0.06545291104616469,11728.225608254867,117.28225608254867,0.0,218.65921668624742,308.77721699040126,84265.10945914572,637002.5715908329,3641.934103446945,32528.691490412853,40047.978211423026,18.98619571054618,18.98619571054617,0.0,50000,60852.3074485295,22359.383742049427,1,0.0023428349958319913,0.002573549070104621,0,1
216,2,13.646520800898227,13.647032461626715,0,0.1157760857126052,1.676788992631124,0.061258856095648,8390.108539436344,83.90108539436343,0.0,191.11611578278132,309.2203433610711,84352.99159564784,638735.0736687876,3815.6627532296648,31053.711206354623,42358.60354036851,17.009824889926907,17.009824889926907,0.0,50000,60963.08904119696,22359.383742049427,1,0.001584586428859095,0.0023075536954551084,0,1
217,2,14.237213747978254,14.104458980395076,0,0.11202131199758668,1.6893107008674009,0.06918398789076,7619.816489230252,76.19816489230253,0.0,177.7159137807451,311.0243295628775,84904.99326682497,644307.2600676973,3750.036607411244,31604.649585800405,43444.1547664184,13.120359270706787,13.120359270706796,0.0,50000,61414.085591648545,22359.383742049427,1,0.0014031469191100926,0.001776856114600393,0,1
218,2,13.041212153071255,13.013860630379634,0,0.1214090149629879,1.6018315284664508,0.013817423080032124,12101.0691582575,121.010691582575,0.0,195.04611513887187,311.0243295628775,84901.09629656695,644575.4451181582,3815.69447719049,31065.240197877465,45004.77795420666,12.662615543807194,12.662615543807195,0.0,50000,61414.085591648545,22737.61521518986,1,0.0021510727897505644,0.001712935379239917,0,1
219,3,13.77154366334393,13.591000857869073,0,0.11625339564931259,3.5281425392649304,1.2330016071297027,16059.764193834813,160.59764193834815,0.0,462.2945317677056,494.8414561012214,81177.35432987088,649426.2208874589,8083.279184168932,31551.795594679777,46578.87030912194,15.722706449745576,15.72270644974556,232.8943515456097,49767.10564845439,61892.87026095275,22737.61521518986,1,0.0027582917468377834,0.0021041704852328134,1,1
220,3,14.876977959402447,14.867067931531565,0,0.10627515844257213,3.3005300006378953,1.0889430383784147,15374.566810952043,153.74566810952044,0.0,472.5782136629043,504.0661961877926,83161.65900663487,671792.1809935762,7523.928642554436,33913.74129662984,46026.59827254316,18.823462690333457,18.823462690333454,232.8943515456097,49767.10564845439,64199.05528259556,22737.61521518986,1,0.002672292524407329,0.002527219020331892,1,1
221,3,15.672674647742442,15.685036353457916,0,0.10073295110034437,2.65748001225706,0.6819493748462403,14491.82729174245,144.9182729174245,0.0,471.0632522624006,512.7612925628381,84590.42932820713,693887.2684379908,6579.513575807074,38803.142502828356,46211.32595735118,19.691218784263206,19.6912187842632,232.8943515456097,49767.10564845439,66372.82937635692,22737.61521518986,1,0.002508792291329979,0.002646458854191697,1,1
222,3,17.030142478820174,16.976810295717996,0,0.09306813073116085,2.0322350783078016,0.2862247331062035,11276.282861831267,112.76282861831267,0.0,454.35382427857854,519.5270622799369,85493.88256581328,713695.1497834139,5521.461578421162,46269.8820503293,46382.702016028554,17.697470261461465,17.697470261461454,232.8943515456097,49767.10564845439,68064.27180563161,22737.61521518986,1,0.0019449117661035794,0.002375332193946962,1,1
223,3,16.25494824217634,16.104093823017177,0,0.09811169863787962,1.6556454099527202,0.047876841742227956,11918.916914035091,119.18916914035091,0.0,454.27465975361474,524.5079316330376,86447.98514386736,727619.7232252228,5102.0294423186515,50091.175330421625,45336.16013225275,16.320885660602695,16.320885660602684,232.8943515456097,49767.10564845439,69309.4891439068,22737.61521518986,1,0.0021032071316610364,0.0021856370630315316,1,1
224,3,17.431832052864845,17.63605526738673,0,0.08958919531862641,1.6147748253214316,0.022009383114830063,14944.141575468908,149.44141575468907,0.0,470.6663573611292,528.677315597155,87114.50954861003,739699.1297594537,4866.4213685819805,52534.03673710833,46338.04858203784,16.499212450119106,16.499212450119106,232.8943515456097,49767.10564845439,70351.83513493616,22862.700914130837,1,0.0025800208740359865,0.0022093799239335343,1,1
225,3,18.508712565380353,18.473314377677106,0,0.08552877776546963,1.555158384348973,0.015722541551283012,16431.86987776314,164.3186987776314,0.0,485.7208428574111,533.428406400363,87765.51346152982,753855.3915006843,4635.927760787065,55174.47950113148,47303.682546145115,18.53277367964913,18.5327736796491,232.8943515456097,49767.10564845439,71539.60783573813,23361.922247922204,1,0.0027789582532791136,0.002487395419658712,1,1
226,3,19.85840509653497,19.863588438797862,0,0.07954252600773383,1.6743359780373417,0.05970631521350735,14677.982221774539,146.7798222177454,0.0,485.52322261224725,535.3594403832448,88281.97878036923,762063.5901055585,4644.442459786313,55085.25231721859,46662.180644152824,19.543371650175658,19.543371650175636,232.8943515456097,49767.10564845439,72022.36633145859,23361.922247922204,1,0.002516467429365853,0.002625148852226984,1,1
227,3,19.219368879028227,19.600315013003762,0,0.08061094931136334,1.636055249172661,0.03547800580548159,11410.603350575413,114.10603350575413,0.0,463.4823709524777,535.8472638612476,88419.64730809505,765456.4362705662,4667.068202302848,54825.841247721386,48804.326835719025,17.78353430310164,17.783534303101632,232.8943515456097,49767.10564845439,72144.3222009593,23361.922247922204,1,0.0018704248726117776,0.002388616851752248,1,1
228,3,19.786050234128773,19.467602213158322,0,0.08116048307849974,1.7348252874436467,0.09799068825547257,17004.943431787768,170.04943431787768,0.0,481.27103034131704,539.5620727577741,89498.13694799085,779305.596125832,4737.100115021756,54027.631207769264,49823.05670128254,17.671450740656148,17.671450740656134,232.8943515456097,49767.10564845439,73073.02442509095,23361.922247922204,1,0.002730453658633117,0.002372448653536916,1,1
229,3,18.708147067393547,18.502191036650366,0,0.08539529166411866,1.6680507421741777,0.055728317831757995,16707.72143528896,167.0772143528896,0.0,495.37272729363315,542.7422567673119,90058.67357739556,789292.5864469007,4777.7867398121,53585.62226263144,50259.963799307785,18.026449918256414,18.026449918256425,232.8943515456097,49767.10564845439,73868.07042747541,23644.07892444984,1,0.002659408431252244,0.002420095654165713,1,1
230,3,21.960502252323575,22.008746882304468,0,0.07178963929429148,1.6468758150875495,0.042326465245284474,9656.973063218687,96.56973063218688,0.0,462.1451094145035,547.6680889682694,90763.8502170494,807163.0575604171,4382.745263436733,58442.346622198864,48457.05876713674,17.342937492717162,17.34293749271715,232.8943515456097,49767.10564845439,75099.52847771478,23644.07892444984,1,0.0015943143573159638,0.002328058815733775,1,1
231,3,19.92673990809566,19.720458701136327,0,0.08011984020985058,1.6135630571592963,0.02124244124006088,15515.388213254746,155.15388213254747,0.0,475.35775537993214,547.6680889682694,90758.08032819109,807990.4090456235,4554.564903151002,56246.72045938581,50290.75017304042,16.70146485304247,16.701464853042477,232.8943515456097,49767.10564845439,75099.52847771478,24269.748447028767,1,0.00246811004566357,0.0022406109447439255,1,1
232,3,19.92383050596056,20.04184418257844,0,0.07883506056660343,1.6627545820547196,0.0523763177561516,17470.68477401714,174.7068477401714,0.0,496.3149675566955,549.121173750607,91052.25030409738,813832.1620588993,4624.199000552607,55409.1133515279,51978.86533325361,16.77671622271237,16.77671622271237,232.8943515456097,49767.10564845439,75462.79967329916,24269.748447028767,1,0.0026888905191764893,0.002250438307385341,1,1
233,3,21.601573468158904,21.56955209678448,0,0.07325140517106711,1.6621048339166458,0.05196508475737069,11752.723726573266,117.52723726573265,0.0,472.41541910624386,553.404807848848,91676.94117784308,828859.4089887968,4441.121489974316,57719.11024446889,52324.68704091682,17.25067919641592,17.250679196415906,232.8943515456097,49767.10564845439,76533.70819785942,24781.26051872769,1,0.0017968915846369618,0.0023179640498256736,1,1
234,3,22.807369827970874,22.94642836814917,0,0.06885603173839122,1.7707859141941318,0.12075057860388083,10004.038657341649,100.0403865734165,0.0,448.1993543160637,556.065416617148,92441.3728184137,840914.234802169,4461.630498197681,57464.91204412906,53626.68175366631,14.851961477768926,14.85196147776894,232.8943515456097,49767.10564845439,77198.86038993442,24781.26051872769,1,0.0014923971918747634,0.0019927264318960716,1,1
235,3,21.53367672497797,21.592426732203016,0,0.07317380392652127,1.6334260643900402,0.033813964803822885,10386.46067840345,103.86460678403449,0.0,445.6830205120271,557.5537626983175,92658.65297869836,846963.4961629818,4410.479659197707,58143.94985714882,55486.51605709531,11.941058294079872,11.941058294079857,232.8943515456097,49767.10564845439,77570.94691022682,24781.26051872769,1,0.0014975113114279283,0.0015956000293132176,1,1
236,3,23.295228379412915,23.54279655308452,0,0.06711182320407014,1.627753685529151,0.03022385160072844,12318.515174958922,123.18515174958922,0.0,456.18507575925815,560.6700215177291,93172.07526961964,859323.0923178341,4233.724492225014,60589.989639516265,56391.230749318725,11.823157926257174,11.823157926257165,232.8943515456097,49767.10564845439,78350.01161507971,24781.26051872769,1,0.0017475788361094064,0.0015791624464706992,1,1
237,3,26.60985037032957,26.80841355380772,0,0.058936721370279874,1.8679303087074428,0.18223437259964728,11476.444946503956,114.76444946503956,0.0,460.66130038229267,565.7163941808695,94505.77888334553,882572.2568273816,4243.984974606599,60458.25404822212,55616.40971921623,12.215655589615421,12.215655589615437,232.8943515456097,49767.10564845439,79611.60478086483,24781.26051872769,1,0.0016507998275248161,0.0016319633250207169,1,1
238,3,22.52299474442577,22.291741203657864,0,0.07087826767613546,1.667295517138536,0.055250327302870814,14918.731210954822,149.18731210954823,0.0,476.248724692559,566.7910377882066,94731.17505132634,887633.6147338824,4358.612142299055,58879.18330307313,56214.334766691536,13.744878404432221,13.744878404432212,232.8943515456097,49767.10564845439,79880.26568269909,24781.26051872769,1,0.0021231212676087116,0.0018404999770809782,1,1
239,3,21.598307847638374,21.353195124236883,0,0.07399361036169362,1.6711069446509554,0.05766262319680719,10544.922621813465,105.44922621813464,0.0,461.12031707735315,567.9077979244256,95012.11777387346,893142.4144292814,4456.454101041532,57597.67074827739,59009.85879764978,12.94707711771638,12.947077117716368,232.8943515456097,49767.10564845439,80159.45571675384,24781.26051872769,1,0.0014295811359892213,0.001734500743707583,1,1
240,3,25.273208764077797,25.49024683894201,0,0.06198449195031722,1.9093911080181936,0.20847538482164144,10371.52293964792,103.71522939647922,0.0,449.229579917498,573.6826968681064,96469.74283198774,918134.5736168883,4404.306744412823,58296.57598443183,59160.39337613564,12.33480789812453,12.33480789812454,232.8943515456097,49767.10564845439,81603.18045267403,24781.26051872769,1,0.0014024954666824957,0.0016517326234268097,1,1
241,3,24.384861976209493,24.143837510452475,0,0.06544112961810558,1.6488431942739363,0.043571641945529274,9636.915028539985,96.36915028539985,0.0,448.2214024802111,576.7344639286976,96898.37591960304,930123.2988127528,4167.322240341494,61630.83184260184,58211.6403893556,10.395130537294005,10.395130537294023,232.8943515456097,49767.10564845439,82366.12221782182,25115.53980585301,1,0.0013243969713386966,0.0013854911913368042,1,1
242,3,22.720082557735527,22.339106958349937,0,0.0707279840212872,1.6755345466189713,0.0604649029233995,21989.602117623523,219.89602117623522,0.0,494.90244196174615,577.17425597105,97016.47427414186,932827.9255995048,4352.385598717184,59017.917789576386,61063.72088372805,13.94138338730078,13.941383387300762,232.8943515456097,49767.10564845439,82476.07022840994,25505.15275177434,1,0.0028808728717326757,0.001869255103251289,1,1
243,3,22.127709902758294,21.846223599040496,0,0.07232371273858952,1.6971522597445536,0.07414699983832504,17217.55383220085,172.17553832200852,0.0,504.4846446894413,580.265539690343,97721.0077925422,945313.1556842313,4439.292357455371,57880.11823646848,62555.09724482801,15.885153572363917,15.885153572363897,232.8943515456097,49767.10564845439,83248.89115823318,25505.15275177434,1,0.0022019057874455637,0.002135725210172312,1,1
244,3,20.9257055671313,20.95864957531076,0,0.07538653644275042,1.6914069558503948,0.07051073155088274,14634.882903130514,146.34882903130514,0.0,476.0406503692279,580.5582373484056,97833.40698883848,948442.699792439,4557.566228480231,56385.181975279695,65665.93291852507,16.971210195914885,16.971210195914896,232.8943515456097,49767.10564845439,83322.06557274883,25527.10507612904,1,0.0017829498192054904,0.0022885761594612433,1,1
245,3,20.992520145147544,20.82635740672855,0,0.07586540311122941,1.6695411747555866,0.05667162959214338,9110.798969526322,91.10798969526323,0.0,437.38261538407426,581.8423469894881,98252.97114845928,955445.2104498676,4521.204399504698,56848.83719673862,67305.86316018744,12.568762978036833,12.56876297803684,232.8943515456097,49767.10564845439,83643.09298301948,25527.10507612904,1,0.0010829129638043795,0.001689256190151811,1,1
246,3,21.951251202157724,22.089590831320013,0,0.07152690206283842,1.6350528753922646,0.0348435920204206,10325.211793659812,103.25211793659811,0.0,431.3388093095407,584.4671308433627,98640.50978697826,965443.7588141329,4376.079407180205,58750.64947031534,67059.89115486975,10.205655427074655,10.205655427074653,232.8943515456097,49767.10564845439,84299.28894648816,25527.10507612904,1,0.0012317600420572725,0.001365874275022381,1,1
247,3,20.754535928840355,20.93068663023734,0,0.07548725122650618,1.6236550796030362,0.027629797217111493,4814.233455199713,48.14233455199713,0.0,403.2421200925173,584.5634155124667,98705.16891056107,967145.0656587284,4485.072072470933,57330.88920233891,70002.52900352556,7.181392378511291,7.18139237851129,232.8943515456097,49767.10564845439,84323.36011376415,25534.32642631184,1,0.000550178231984419,0.0009549504126153569,1,1
248,3,18.684039300836627,18.51148085359619,0,0.08535243681993472,1.6301455413895092,0.03173768442373994,15857.685701339427,158.5768570133943,0.0,434.60583049327073,584.8805692264934,98775.12880652779,968671.5127455037,4736.889161794882,54292.22177747584,73168.11750787616,8.77185333756005,8.771853337560044,232.8943515456097,49767.10564845439,84402.64854227085,25912.680395762352,1,0.0017338355821039056,0.001171924618715199,1,1
249,3,17.14893391820512,17.16312454439322,0,0.09205782990814153,1.6179388826458574,0.024011951041681846,9106.299999665627,91.06299999665627,0.0,428.54060758303956,584.8805692264934,98767.21717532139,969270.6898460484,4926.150686062356,52213.48809434304,74854.42205422412,8.134916480573635,8.134916480573642,232.8943515456097,49767.10564845439,84402.64854227085,26210.758425955315,1,0.0009732277398996228,0.0010857471846626493,1,1
250,3,19.388557821403865,19.70087329502782,0,0.08019949046617982,1.950239671545089,0.23432890604119547,30929.66001583004,309.2966001583004,0.0,501.0212970629567,598.1197752740156,102171.24240878063,1010857.1160127035,5087.1392783538795,50574.4475835408,75038.94706794781,14.854689603740017,14.854689603740038,232.8943515456097,49767.10564845439,87712.4500541514,26210.758425955315,1,0.0032974513875119508,0.0020015049031718263,1,1
251,3,20.709711447838195,20.44342812697493,0,0.07728645069635867,1.3110412981835797,0.1702270264660888,19187.819887599715,191.87819887599716,0.0,503.50193597807277,609.6324672065755,103799.91569529701,1048554.0177382054,4037.5905157523184,63779.329180254485,75090.09541929951,15.611059208367775,15.611059208367752,232.8943515456097,49767.10564845439,90590.62303729136,26526.50274724739,1,0.002044245093093127,0.0021049747401682335,1,1
252,3,21.09838832378888,21.26658173080149,0,0.07429496756931107,1.486723242755141,0.05903592230687289,12487.15559552919,124.8715559552919,0.0,438.80339573989954,609.6324672065755,103796.03730553367,1050084.2541824898,4260.209961863896,60457.49574057197,75813.86595064825,16.41570371761656,16.415703717616545,232.8943515456097,49767.10564845439,90590.62303729136,27514.388404937494,1,0.0013176645658626955,0.002219787015489258,1,1
253,3,20.89388226235367,21.181859328935992,0,0.07459212977784263,1.6382055422640676,0.036838950800042715,12440.380942709218,124.40380942709218,0.0,420.5778252391931,609.8812748254296,103890.17143910863,1052997.2256276396,4494.368194271444,57321.74472135793,79034.84958274823,11.439004902871705,11.439004902871693,232.8943515456097,49767.10564845439,90652.8249420049,27533.048976351558,1,0.0012592299228389712,0.0015403798605982645,1,1
254,3,17.207552426237488,17.423254047104813,0,0.09068340481797346,1.5359127350464141,0.027903332249105028,14579.467037506607,145.79467037506606,0.0,431.5730472275112,609.8812748254296,103884.47806595279,1053482.993618916,4795.821865858142,53729.84695068385,80843.82879637211,9.975933776027999,9.975933776027993,232.8943515456097,49767.10564845439,90652.8249420049,28310.190830703305,1,0.001442729000302951,0.0013398744963348727,1,1
255,3,18.1063311491869,17.98558986708967,0,0.08784810571551564,1.6759513113900608,0.060728678094975154,12203.854918874966,122.03854918874966,0.0,425.2395008933529,610.7088206009604,104102.1277521657,1057159.8163677207,4884.109358689281,52766.03253105425,83644.11965215196,9.60055763037038,9.600557630370385,232.8943515456097,49767.10564845439,90859.7113858876,28310.190830703305,1,0.0011672170112736423,0.0012897253114718548,1,1
256,3,17.013517103356225,16.644112852366376,0,0.09492845993142636,1.6839329506480003,0.06578034851139256,18871.46758372805,188.71467583728048,0.0,449.2090430902208,612.6116587935194,104451.40465542627,1062883.6489326605,5051.187778658093,51034.37736721828,85348.24467874404,10.847278606846245,10.847278606846258,232.8943515456097,49767.10564845439,91335.42093402735,28656.657341439797,1,0.001768890985843835,0.001459612332473476,1,1
257,3,15.811730002242244,15.600038186833821,0,0.10128180335696194,1.6609983351647961,0.05126476909164306,11933.54417701737,119.3354417701737,0.0,431.0249323400243,613.1105946678607,104529.84227317641,1065113.259967788,5204.298853279867,49541.872846534716,87381.56715372596,9.983099935734582,9.983099935734593,232.8943515456097,49767.10564845439,91460.15490261267,28759.019226930697,1,0.001092545676689299,0.001342884557935592,1,1
258,3,14.081959624759094,14.254868684459364,0,0.11083932339008593,1.6293498109620879,0.03123405757094164,12826.249830980845,128.26249830980845,0.0,419.2323258191301,613.3671196644804,104604.91642524282,1066708.2736794571,5462.352118017717,47209.39694142366,88513.44643141539,9.956569944435833,9.956569944435826,232.8943515456097,49767.10564845439,91524.28615176758,28778.258601677167,1,0.0011592588785632031,0.0013402318470321125,1,1
259,3,13.112720580034058,13.188444906540461,0,0.11980184253690447,1.611881140244467,0.020177936863586692,9662.307885665026,96.62307885665027,0.0,406.2082890383393,613.3671196644804,104598.20804414598,1067240.0742326044,5630.493769549901,45804.302615348475,89617.70046799303,7.743670666842503,7.743670666842509,232.8943515456097,49767.10564845439,91524.28615176758,29031.481429731364,1,0.0008625356674145793,0.0010381134075556939,1,1
260,3,12.765492899613493,12.724519449060859,0,0.12416971865421707,1.6340899772704083,0.034234162829372285,18350.799864386565,183.50799864386565,0.0,436.24494909703884,613.734135661768,104684.48993243069,1068714.1308638616,5746.112494154704,44888.56749922652,90551.11075816871,9.04059754777903,9.040597547779019,232.8943515456097,49767.10564845439,91616.04015108952,29149.38154343461,1,0.001621254534438154,0.0012143496934719788,1,1
261,3,12.346269010770246,12.304334876611877,0,0.12841002913560728,1.6471783864859235,0.04251796613033129,10003.079816750087,100.03079816750088,0.0,415.4600912324382,614.3630750214973,104782.44912348432,1070682.622394618,5866.6922051059655,43973.233720090546,92918.38452365837,8.302763392596264,8.302763392596267,232.8943515456097,49767.10564845439,91773.27499102183,29149.38154343461,1,0.000861235792510203,0.0011150086647876455,1,1
262,3,11.972058711310897,12.011525622856789,0,0.13154032631736726,1.6272591554448335,0.029910857876476828,16485.706412850046,164.85706412850047,0.0,427.4900939533748,616.074442322957,105040.38293724823,1074688.1446362527,5922.195915559018,43570.73485420117,96064.82985156897,9.543830985017433,9.543830985017426,232.8943515456097,49767.10564845439,92201.11681638676,29174.836755985158,1,0.0013728817456563304,0.0012851240242015623,1,1
263,3,12.528210065992862,12.492014564638882,0,0.1264808003404433,1.6533667136796446,0.046434628911167425,11887.917574178286,118.87917574178286,0.0,420.6177203496167,617.3736445675347,105252.60783891685,1077958.3858390145,5835.963428455327,44221.390913587005,99437.09933480133,7.91802880333391,7.918028803333899,232.8943515456097,49767.10564845439,92525.91737753118,29174.836755985158,1,0.0009564170840625246,0.0010635115407430192,1,1
264,3,12.049841254902267,12.169455201225015,0,0.12983325661455677,1.6285977813709962,0.030758089475314006,9140.892710849796,91.40892710849796,0.0,391.9014345892077,617.5564624217517,105332.42873625092,1079255.6448765884,5906.156012287566,43699.090830665686,102922.24173291624,7.535847451221388,7.535847451221382,232.8943515456097,49767.10564845439,92571.62184108543,29188.548095051432,1,0.0007105086369626857,0.0010132691555605135,1,1
265,3,12.334875792343006,12.248355450016028,0,0.12899690954004217,1.607499859369289,0.01740497428436013,18381.147828211222,183.81147828211223,0.0,424.35878634367754,621.1561525918303,105854.30852129048,1086435.4660881944,5800.50778063592,44509.20638632945,103032.84288899113,7.679387639726598,7.679387639726594,232.8943515456097,49767.10564845439,93471.5443836051,29480.285667224427,1,0.0014272068837712496,0.0010313775349321532,1,1
266,3,12.669754580267599,12.761492192781096,0,0.12380997270003992,1.6318363583004498,0.03280782170914541,12739.987665698438,127.39987665698438,0.0,421.58894625091165,623.7733184021847,106456.89413963215,1093251.1011571584,5767.393683143397,44778.670460141024,105158.22640806438,7.706505625634505,7.706505625634495,232.8943515456097,49767.10564845439,94125.83583619371,29480.285667224427,1,0.0009692052139610018,0.0010356402448983123,1,1
267,3,12.36607607660979,12.305105561029267,0,0.12840198665210314,1.6363639480892125,0.035673384866590135,7011.555791559965,70.11555791559965,0.0,373.08764767299624,623.9135495180159,106481.79749824252,1094228.3527577047,5846.123758990388,44179.420624225204,109259.04666881685,7.2051540096264395,7.205154009626447,232.8943515456097,49767.10564845439,94160.89361515151,29592.219936420206,1,0.0005133894907806186,0.0009699338628376234,1,1
268,3,11.907763692338337,11.977733789654527,0,0.13191143063846403,1.621446923602687,0.026232230128282828,7981.204305240914,79.81204305240915,0.0,362.7953982604041,624.454886077818,106623.34908790389,1096136.349737169,5930.809719451749,43555.34530019557,111218.29135417333,5.123670008158308,5.123670008158313,232.8943515456097,49767.10564845439,94296.22775510201,29592.219936420206,1,0.0005740929272020455,0.0006855625439812219,1,1
269,3,11.944732168436156,12.016692655385862,0,0.1314837655677119,1.6324094275833363,0.03317052378692166,12886.88577283639,128.8688577283639,0.0,384.57021592080815,626.1263675696517,107139.0800530893,1100636.8133156642,5942.179200810137,43480.353550522246,114019.97294656711,4.969497740203844,4.969497740203838,232.8943515456097,49767.10564845439,94714.09812806046,29592.219936420206,1,0.0009041844469740781,0.0006638889549855807,1,1
270,3,11.724652004072347,11.727451242230893,0,0.13472663133404247,1.6256668800815794,0.02890308865922745,7529.954062324426,75.29954062324425,0.0,369.99386771213585,626.84688919633,107383.91347577005,1103161.3881535365,5985.817490259393,43170.97671920291,114781.03892172486,4.991865716688833,4.991865716688831,232.8943515456097,49767.10564845439,94894.22853473005,29592.219936420206,1,0.0005248221576010994,0.0006676998439257409,1,1
271,3,12.695157911515915,12.814832159460213,0,0.12329463081056481,1.7102631330560514,0.08244502092155145,7351.004167626843,73.51004167626843,0.0,356.4977157846137,629.1879959431318,107945.33782443327,1109161.996058131,5900.949798599588,43802.31794348959,114433.33267008288,4.8414648020260485,4.841464802026044,232.8943515456097,49767.10564845439,95479.5052214305,29592.219936420206,1,0.0005139064988219936,0.0006476377011323904,1,1
272,3,11.835957469514716,11.639902330766786,0,0.1357399705858113,1.6551600170637464,0.04756963105300399,8246.750871975031,82.46750871975031,0.0,361.3961301091117,629.9480939043049,108185.22644438423,1111313.2771516575,6012.506146272608,42995.09793543885,118090.03475762,3.998719290766331,3.9987192907663283,232.8943515456097,49767.10564845439,95669.52971172378,29592.219936420206,1,0.0005586754810531812,0.0005324680458254248,1,1
273,3,11.658138373291363,11.639902330766786,1,0.1357399705858113,1.6248929515372792,0.028413260466632357,13813.304125530198,138.13304125530198,0.0,385.2675833729329,631.0263810158815,108441.67150284185,1114086.5574716078,6002.979586395561,43069.647513722506,121822.22032653488,4.932688743355619,4.932688743355617,232.8943515456097,49767.10564845439,95939.10148961793,29592.219936420206,1,0.0009071122879556601,0.0006598980892769451,1,1
274,3,12.209542410877539,12.108789113437627,0,0.13048373253495746,1.6744006934071172,0.059747274308301956,10122.102169438478,101.22102169438479,0.0,383.5540375488511,633.9256269395382,109186.90539680405,1121193.224088932,5955.417075861517,43426.23462143773,120360.19105265835,5.320181413322378,5.32018141332238,232.8943515456097,49767.10564845439,96663.9129705321,29592.219936420206,1,0.0006727873780133829,0.0007128583823407414,1,1
275,3,12.410575304576588,12.49655124320959,0,0.12643488345302828,1.6219196852750533,0.02653144637661594,12506.479061955484,125.06479061955484,0.0,389.71891075004777,635.7022390323544,109555.23338712477,1125817.4459931995,5814.1854197430885,44488.87737265241,123122.7900191511,5.937326679657421,5.937326679657426,232.8943515456097,49767.10564845439,97108.06599373615,29592.219936420206,1,0.0008126183014540309,0.0007975059891410246,1,1
276,3,8.926002909225668,8.953061623990752,0,0.17647594380074513,1.3025301447681519,0.17561383242522036,15710.229649844881,157.10229649844882,0.0,410.73458918037943,635.7022390323544,109566.92655038691,1125138.5120372693,6144.475914018299,42106.97933133578,120907.87619126479,6.267892592797124,6.267892592797122,232.8943515456097,49767.10564845439,97108.06599373615,30992.15818411755,1,0.0010394842847122907,0.0008416299880599014,1,1
277,3,7.599454601474989,7.488315095529621,0,0.21099539480426371,1.2723511165314205,0.19471448320796172,11356.42189851448,113.5642189851448,0.0,400.760933095332,635.7022390323544,109541.99835020766,1124515.707833378,6582.382856467875,39315.02793318732,120086.30684846318,6.469533416972257,6.469533416972261,232.8943515456097,49767.10564845439,97108.06599373615,32259.603217948978,1,0.0007565506640383331,0.0008695510834015515,1,1
278,3,5.599273402063414,5.579178211600446,0,0.2831958292199382,1.063212768873476,0.3270805260294456,7780.068597789289,77.8006859778929,0.0,373.2067289160284,635.7022390323544,109522.98877279475,1124093.823421219,7010.693791002732,36920.91782867225,118452.0649981234,5.763945375778002,5.763945375777995,232.8943515456097,49767.10564845439,97108.06599373615,33180.04871993443,1,0.0005254492505749088,0.0007738280664418442,1,1
279,3,5.665426095530533,5.638831690747769,0,0.2801998865460862,1.196037748760856,0.2430140830627494,6563.926265841639,65.6392626584164,0.0,359.0250766797811,635.7022390323544,109491.56823379708,1123600.0279119494,7392.849574652799,35018.66303464329,118382.48524846567,4.309592445946031,4.309592445946025,232.8943515456097,49767.10564845439,97108.06599373615,34007.46738862942,1,0.00044357414879844917,0.0005751913544705638,1,1
280,3,5.579152813796096,5.638831690747769,1,0.2801998865460862,1.279848157514331,0.18996952056055003,7356.074494477455,73.56074494477456,0.0,363.3690277826973,635.7022390323544,109468.07761917316,1123137.9580255265,7706.864876045888,33595.99856145924,112409.12860802603,3.7498476292998912,3.7498476292998864,232.8943515456097,49767.10564845439,97108.06599373615,34722.372854415735,1,0.0005235215029646431,0.0004975149674460004,1,1
281,3,6.735684696346906,6.857355501919734,0,0.23040952150689503,1.5741529352909756,0.003700673866471214,8811.705310128678,88.11705310128679,0.0,372.7639545936308,636.3722252569312,109806.59723076117,1124906.193486709,7779.6190621928245,33288.41809829282,114285.79042274703,3.9732436325529665,3.9732436325529705,232.8943515456097,49767.10564845439,97275.56254988033,34722.372854415735,1,0.0006168189607848101,0.0005279715375159675,1,1
282,3,6.746077583629555,6.937233508625622,0,0.22775649659701647,1.5508538010737885,0.018446961345703557,7385.629297707333,73.85629297707332,0.0,368.97454161274965,636.5199378428854,110026.69075464908,1126122.7489547094,7716.400969875609,33565.66529555061,118359.30093202308,4.10333541639975,4.103335416399752,232.8943515456097,49767.10564845439,97312.49069636887,34733.4512983623,1,0.0004992006028794711,0.0005465136888763081,1,1
283,3,7.301701311600728,7.106378719947518,0,0.2223354625844749,1.6485887657241636,0.043410611217825,7489.334925651433,74.89334925651433,0.0,365.72937856641744,637.3838795411492,110324.72935371002,1127766.8387373234,7647.446231685813,33871.0109769359,121152.05378463778,4.0292160001600354,4.029216000160038,232.8943515456097,49767.10564845439,97528.47612093484,34733.4512983623,1,0.0004945411780778966,0.0005368535805807259,1,1
284,3,6.7504629103998735,7.106378719947518,1,0.2223354625844749,1.5212334198305961,0.037194038081901235,4469.604454101175,44.69604454101175,0.0,349.5336524679527,637.4732716302312,110488.98392840737,1128732.7453951605,7640.62041585196,33905.200909533254,122049.60670307766,3.235529005616458,3.2355290056164607,232.8943515456097,49767.10564845439,97550.82414320535,34740.15570504345,1,0.0002929696915763002,0.0004289038241778893,1,1
285,3,5.926443954348477,5.985183673370061,0,0.26398521519563556,1.4289399394952902,0.09560763323082903,6192.610777488317,61.92610777488317,0.0,351.59171387574327,637.4732716302312,110471.99696768705,1128583.468454688,7903.679958260262,32780.045550606665,123054.87930265178,3.0002041093629255,3.000204109362924,232.8943515456097,49767.10564845439,97550.82414320535,35099.924306008994,1,0.00040259180701044295,0.00039670089222154664,1,1
286,3,6.330162611918762,6.277286018316063,0,0.2517011325260354,1.5934126068579302,0.008488991682234246,8280.975663036774,82.80975663036774,0.0,363.52696924547774,637.638891143492,110451.90805773098,1128715.2210452938,8075.9415755153705,32083.355684109873,126783.59867686314,3.068670974914227,3.068670974914227,232.8943515456097,49767.10564845439,97592.22902152053,35336.78502683319,1,0.0005225266201280642,0.00040602937290493574,1,1
287,3,7.093319020181784,7.059573985827315,0,0.2238095390985323,1.6417278409554603,0.03906825376927863,6544.974884316633,65.44974884316633,0.0,361.04492474255176,639.4611256073366,110991.18437272639,1131957.8060184538,7744.792750866073,33462.480416432634,125909.50381811519,3.367693169847959,3.3676931698479544,232.8943515456097,49767.10564845439,98047.78763748168,35336.78502683319,1,0.00041585263611371506,0.00044699035441740745,1,1
288,3,6.029940451544531,6.078948460643243,0,0.25991337321402663,1.4694432523490562,0.06997262509553412,5868.067377498639,58.68067377498639,0.0,354.8204355289176,639.4611256073366,110959.50327478134,1131828.381773404,7947.318732750434,32612.25544526571,123516.11739038216,3.3130742334947096,3.3130742334947088,232.8943515456097,49767.10564845439,98047.78763748168,35697.372443770146,1,0.0003800681239972699,0.00043948246007968306,1,1
289,3,5.605636644779161,5.7516579532845515,0,0.2747034007990205,1.4576582595707157,0.07743148128435719,7414.790588254082,74.14790588254083,0.0,361.497703073346,639.4611256073366,110893.52156430129,1131446.7085918752,8209.94420033443,31572.533382783713,123642.17096748484,3.2108682812078446,3.210868281207845,232.8943515456097,49767.10564845439,98047.78763748168,36288.890139337236,1,0.0004797580327316646,0.00042522626428088316,1,1
290,3,5.49580780122795,5.53764398238974,0,0.2853198950717232,1.5243342882698394,0.03523146312035485,6618.027182322601,66.18027182322601,0.0,362.008351158303,639.4611256073366,110859.47155695864,1131349.1544438254,8479.497966159852,30571.83154084399,126550.5007428035,3.2146748761489126,3.214674876148914,232.8943515456097,49767.10564845439,98047.78763748168,36588.140599802566,1,0.00041836434583678695,0.0004260635008552405,1,1
291,3,5.467263721915693,5.453992984512133,0,0.2896960088666732,1.5908448378646542,0.0068638214333254285,7838.981533126549,78.3898153312655,0.0,367.388067987671,639.6179052379991,110844.7693384024,1131505.5572326144,8685.597966714171,29849.834211550646,125410.1437341524,3.5091558219936307,3.509155821993632,232.8943515456097,49767.10564845439,98086.98254514732,36768.24973120674,1,0.0005000540657855442,0.00046605881478466524,1,1
292,4,5.294686055708092,5.298515667238645,0,0.2981967213514775,2.5739210939741293,0.6290639835279298,3406.0229905657875,34.06022990565788,0.0,759.834694662324,784.5305952944,105296.88757942086,1131573.8471156682,14347.067283806457,29512.644061123396,126739.88715464064,2.9767935515486212,2.9767935515486244,633.6994357732033,49133.406212681184,98104.01266010014,36860.84502409739,1,0.00021499296343289033,0.0003778037916850738,4,1
293,4,5.594537287991687,5.5273202693543695,0,0.28585280443402916,2.4220720617067917,0.5329570010802478,6044.172165294518,60.44172165294518,0.0,762.272794870052,788.1570985935767,106647.71417535623,1136327.8145547654,13541.151539355777,31277.548842162716,121692.49993724977,2.9354433185272253,2.9354433185272257,633.6994357732033,49133.406212681184,99010.63848489431,36860.84502409739,1,0.0003973406524419284,0.00037079589388678766,4,1
294,4,6.407301074514727,6.430829734821572,0,0.24569146831001246,2.379008096350877,0.5057013268043523,9221.846256387376,92.21846256387377,0.0,779.148154890268,793.6902063474091,107963.83396165464,1143275.3177017088,12542.293115479417,33779.72873608809,122031.68001050805,3.1941390773806715,3.1941390773806746,633.6994357732033,49133.406212681184,100393.91542335242,36860.84502409739,1,0.0006045542439860399,0.00040562928662028617,4,1
295,4,5.937295623466647,5.928582616429818,0,0.2665055211715129,2.0519995034141334,0.29873386292033755,7182.260906393557,71.82260906393557,0.0,776.2871412327178,797.9995628912452,109329.46598371725,1148437.5457492291,12101.758065056734,35015.46422227007,122299.77215299172,3.8128377303799232,3.8128377303799184,633.6994357732033,49133.406212681184,101471.25455931145,36860.84502409739,1,0.0004698135265474647,0.0004905694743251443,4,1
296,4,6.227023280571859,6.309359810530046,0,0.25042160337139896,1.9366698721352096,0.22574042540203132,6318.711764745929,63.18711764745929,0.0,765.3349465994601,801.7907899500927,110120.64442312765,1153230.9923881039,11481.442260278278,36916.56966319707,122623.13328766431,3.8452125760423694,3.845212576042365,633.6994357732033,49133.406212681184,102419.06132402334,36860.84502409739,1,0.00041223619689591354,0.000495534655809806,4,1
297,4,7.05018684402362,7.001516568696674,0,0.22566539470378139,2.1228235692247335,0.34355922102831227,5630.431948161849,56.304319481618485,0.0,758.7351408121355,805.1690491189898,111190.48784548396,1158077.225303215,11298.155175781007,37522.71556468479,121092.63364341344,3.280160191298527,3.280160191298526,633.6994357732033,49133.406212681184,103263.62611624761,36860.84502409739,1,0.00037197519147148247,0.00041800830497162026,4,1
298,4,6.750190843532914,6.633357188806169,0,0.2381900981702387,1.7816603450979807,0.12763312980884847,12394.064534282137,123.94064534282137,0.0,783.2569988001261,812.6054878395591,112852.03884728772,1166960.3260526774,10579.590604283487,40082.979801312176,121404.66557911476,4.1310618193970745,4.131061819397072,633.6994357732033,49133.406212681184,105122.73579638994,36860.84502409739,1,0.0008167109212919269,0.0005336407698864409,4,1
299,4,6.064918043318229,5.950321613888507,0,0.2655318657586775,1.6212556340275381,0.026111160776922826,8213.491697453703,82.13491697453703,0.0,777.7850194648643,812.7697576735083,112814.14870924327,1167101.0625443836,10647.365306817483,39830.48484630341,124794.58197474339,4.40117653197762,4.401176531977618,633.6994357732033,49133.406212681184,105163.8032548772,37149.82943321776,1,0.0005265287365835158,0.0005717382831156417,4,1
300,4,5.9234849723014396,5.833846150489535,0,0.27083333348916266,1.622588291041727,0.026954614583371526,5920.513031061712,59.20513031061712,0.0,750.8406763038231,812.8881679341295,112845.00302491328,1167479.2830956858,10778.374809599503,39347.96125608993,128592.71044766504,4.3779310569389045,4.3779310569389045,633.6994357732033,49133.406212681184,105193.40582003251,37158.710202764356,1,0.00036832650998339485,0.0005705220559529459,4,1
301,4,6.166138393684213,6.136104014070103,0,0.25749237567959343,1.6332432928514082,0.03369828661481529,8926.468782225182,89.26468782225182,0.0,758.4842946051914,813.9486806067162,113280.47979152239,1169374.6519508716,10599.262307968382,40016.4008313732,129173.98958922831,3.737030895473851,3.7370308954738536,633.6994357732033,49133.406212681184,105458.53398817919,37158.710202764356,1,0.0005528338211499849,0.0004825630225722985,4,1
302,4,6.164496015282081,6.215337514002833,0,0.2542098472432659,1.6025803674553938,0.01429137180721121,5767.064798090745,57.670647980907454,0.0,748.6493038465517,814.2999541945778,113510.45359836974,1170460.077668045,10501.016427624227,40393.27776571119,129193.67542783581,3.3219704892138675,3.3219704892138657,633.6994357732033,49133.406212681184,105546.3523851446,37158.710202764356,1,0.00035711127678611954,0.00042609053597316636,4,1
303,4,5.631830175364954,5.667431879630864,0,0.27878588284027334,1.5072430424886334,0.04604870728567511,5925.602009550465,59.256020095504645,0.0,741.5844000882313,814.2999541945778,113445.2727954119,1170251.894233183,10654.87723858715,39812.06577540852,124863.09902325808,3.3548053362544294,3.3548053362544294,633.6994357732033,49133.406212681184,105546.3523851446,37582.006604585185,1,0.0003796543289989438,0.0004298664756450161,4,1
304,4,5.523392625120702,5.558741349778519,0,0.28423700628973375,1.561451454845342,0.011739585540922842,5899.261381954821,58.99261381954822,0.0,740.9700162724142,814.2999541945778,113387.39149411826,1170125.7166290153,10951.223820567655,38738.257727366065,127465.5255790664,2.9059157948280157,2.9059157948280125,633.6994357732033,49133.406212681184,105546.3523851446,37888.0280598834,1,0.00037024984474224963,0.000369005150175771,4,1
305,4,5.4624150280213755,5.465175472953464,0,0.28910325163743444,1.588048967726845,0.005094283371420845,6931.469913423866,69.31469913423867,0.0,745.2080259307558,814.4385835928463,113430.83340055618,1170415.8659114866,11105.930217529269,38201.089105725485,127850.48036188877,3.0929099443462946,3.0929099443462933,633.6994357732033,49133.406212681184,105581.00973471171,37898.42526475353,1,0.0004337235116397785,0.00039454256179365733,4,1
306,4,5.498359594141044,5.355761505382588,0,0.2950094021946433,1.6510899076216703,0.04499361241877862,10890.298951261739,108.9029895126174,0.0,762.1491382083531,815.5650517944629,113624.81813519569,1171549.7516676749,11287.730885969795,37589.71763224872,131229.6865832036,3.783789528882301,3.783789528882303,633.6994357732033,49133.406212681184,105862.62678511586,37898.42526475353,1,0.0006638924002524053,0.0004892885855448111,4,1
307,4,5.0624860113805115,5.0668522036912895,0,0.3118306862886079,1.5710952207925082,0.005635936207273345,5481.445778238508,54.814457782385084,0.0,742.6984021511429,815.5650517944629,113550.88606653518,1171435.2693372227,11475.502246915295,36977.115600459685,130103.94604079839,3.69938122672209,3.699381226722087,633.6994357732033,49133.406212681184,105862.62678511586,38226.305468614715,1,0.00033705023990707373,0.00047822205059975257,4,1
308,4,4.964100723594079,5.021354849341757,0,0.3146561132215383,1.5954211522811261,0.009760222962738013,11373.17119153251,113.7317119153251,0.0,756.2828915197588,815.7925152182935,113713.68672749097,1172140.0200004769,11678.662157646633,36337.77525419754,131131.83524997561,4.3344951850938305,4.334495185093836,633.6994357732033,49133.406212681184,105919.49264107352,38243.36522540201,1,0.0006938465351210511,0.0005649297250935101,4,1
309,4,5.375321368912377,5.301645967177352,0,0.29802065429902846,1.6550919684209275,0.04752656229172624,4530.206965065811,45.30206965065811,0.0,733.5493702601799,816.7679038230024,114274.57657857856,1174225.8434037105,11431.82380592754,37127.681096942804,132021.91435572293,3.3792995636472747,3.3792995636472765,633.6994357732033,49133.406212681184,106163.33979225074,38243.36522540201,1,0.00027451242392135085,0.00043513639964982525,4,1
310,4,4.8911910997095,4.875213403418365,0,0.3240883771143531,1.587960257492222,0.005038137653305035,10027.428683494565,100.27428683494566,0.0,742.1391592348128,816.7679038230024,114186.1280085088,1174035.5655595413,11739.143431771905,36158.58369300355,135776.13784094554,3.9935106597443997,3.993510659744396,633.6994357732033,49133.406212681184,106163.33979225074,38663.14007397712,1,0.0005908212646461434,0.0005197267412295151,4,1
311,4,4.918328046036841,4.870298067392728,0,0.32441546249054104,1.6229579082341479,0.027188549515283416,5741.8398380978815,57.418398380978815,0.0,732.0206790362696,817.0034307327485,114233.35637268079,1174386.9144771898,11835.219825953587,35866.29899991267,138284.78904262753,3.107152690283215,3.1071526902832156,633.6994357732033,49133.406212681184,106222.22151968727,38663.14007397712,1,0.00033217477513469154,0.00039916948790072866,4,1
312,4,4.309829504308989,4.2594063226231995,0,0.3709437138241699,1.4453687743386163,0.08520963649454667,4952.077138565715,49.520771385657156,0.0,715.2643395112365,817.0034307327485,114228.50905841324,1174361.3943227762,11931.624902451547,35577.95764784265,136417.61427905376,3.1439904989319034,3.143990498931902,633.6994357732033,49133.406212681184,106222.22151968727,38864.478073692946,1,0.0002904069046940419,0.0004044676481582923,4,1
313,4,4.6285820633793024,4.574326961831703,0,0.34540600468299687,1.5812678092233594,0.0008024109008603415,5860.470442531914,58.60470442531914,0.0,718.3020709174912,817.1206401415991,114209.24933293354,1174422.3493585987,12042.875102383647,35251.103807512256,132443.87075004049,2.5742793930221683,2.574279393022168,633.6994357732033,49133.406212681184,106251.52387189993,39020.94696788106,1,0.0003539896808719703,0.00032552378690023457,4,1
314,4,5.217877627344858,5.118363739660069,0,0.3086924025655383,1.6513315733079796,0.045146565384797194,6208.434423803719,62.0843442380372,0.0,721.8428029197701,818.7577979488988,115054.48532306387,1177288.8742921273,11592.008262942636,36628.428565705326,133972.28421252992,2.6668021321755186,2.6668021321755178,633.6994357732033,49133.406212681184,106660.81332372485,39020.94696788106,1,0.0003707294809696508,0.0003383753555118877,4,1
315,4,5.102503743545674,5.091995136210962,0,0.3102909483876106,1.593375523144701,0.008465520977658878,9519.868876700799,95.198688767008,0.0,734.9967792541192,819.2940820138552,115334.59424676378,1178388.3436419773,11515.370476426631,36875.94048659566,137223.70915946682,3.30948068650532,3.3094806865053235,633.6994357732033,49133.406212681184,106794.88433996397,39020.94696788106,1,0.000554998487361266,0.00042657254973429574,4,1
316,4,5.363325158306847,5.376218008647358,0,0.29388689176269545,1.605749838086018,0.016297365877226543,5934.243741031835,59.342437410318354,0.0,722.6362068577583,820.2254699023382,115745.47074901215,1180294.5408699284,11276.300917213835,37663.69266710882,140280.43721570817,3.264122573838441,3.264122573838439,633.6994357732033,49133.406212681184,107027.73131208471,39020.94696788106,1,0.0003384217419799908,0.0004213832367703026,4,1
317,4,5.215391268786955,5.221156181580585,0,0.30261496592919224,1.580061043331578,3.863501998605706e-05,5187.080458508099,51.87080458508099,0.0,707.5974058751467,820.3292115115083,115736.05520228065,1180456.2409768691,11343.450598120648,37441.928878022256,139925.04384817442,3.080206354174265,3.0802063541742633,633.6994357732033,49133.406212681184,107053.66671437725,39136.27021513331,1,0.00029656337798322004,0.0003966612024414923,4,1
318,4,6.130138498750921,6.055871038583585,0,0.26090383859454647,1.7162978094130665,0.08626443633738383,9399.947084098498,93.99947084098498,0.0,722.4456092611109,824.2508147643035,116842.97139382146,1185576.4471654058,10906.030607877772,38953.3085291127,140119.09986158184,3.0392515421074786,3.039251542107477,633.6994357732033,49133.406212681184,108034.06752757604,39136.27021513331,1,0.000536683269783168,0.00039055612991545954,4,1
319,4,5.004352257292854,5.006182159231721,0,0.3156097700293184,1.5041105734178317,0.048031282646941995,9682.309698057226,96.82309698057226,0.0,732.8631332697279,824.2508147643035,116799.63550953858,1185359.2454957003,11300.41886747827,37597.81871575879,139365.4666605744,3.5719365133565173,3.5719365133565146,633.6994357732033,49133.406212681184,108034.06752757604,39580.95507866767,1,0.0005557939096426843,0.0004630135191363574,4,1
320,4,5.28460718918998,5.30906779694718,0,0.29760403529006196,1.594745400485569,0.009332531952891732,12194.243559046496,121.94243559046495,0.0,745.5598237645038,825.0414481754218,117171.39009082763,1186893.7182583823,11324.06610369482,37525.26335816809,138241.4684598841,4.572361408238409,4.572361408238414,633.6994357732033,49133.406212681184,108231.7258803556,39580.95507866767,1,0.0007056778950570889,0.000599385024827647,4,1
321,4,5.222409653220485,5.286795005740178,0,0.29885781428720104,1.5946078418933909,0.009245469552778997,5869.538754054947,58.695387540549476,0.0,716.0792861047596,825.1588389505029,117240.36714841705,1187353.1340635808,11391.130374108187,37306.444671813464,142635.86519152852,4.053886763486618,4.053886763486621,633.6994357732033,49133.406212681184,108261.07357412588,39589.75938679875,1,0.0003292040888130598,0.000530225297837611,4,1
322,4,5.729231331636064,5.796054123004568,0,0.2725992488111821,1.6729835422856185,0.05885034321874585,8604.474388315037,86.04474388315037,0.0,712.9861444303644,827.4043490472372,117915.85730294687,1190501.5134958178,11140.788289748054,38152.29003481237,144028.02086843274,3.8618710118736312,3.861871011873629,633.6994357732033,49133.406212681184,108822.45109830947,39589.75938679875,1,0.0004779333541589153,0.0005042717793430214,4,1
323,4,11.935249175217235,12.083955355059535,0,0.13075188988831016,2.853413701514753,0.805958038933388,14873.756611006533,148.73756611006533,0.0,743.9613683012988,836.3286030138412,120486.43445237033,1210347.3661249878,10082.893583487183,42174.69316217073,135642.36619327846,4.298828955000951,4.298828955000957,633.6994357732033,49133.406212681184,111053.51458996044,39589.75938679875,1,0.0008772336861073472,0.0005614570430264408,4,1
324,4,12.182811850243956,12.349665349994275,0,0.12793868944802886,2.36290113382208,0.49550704672283535,8934.321989166061,89.34321989166061,0.0,730.9020358893216,841.6891962073408,121240.41549898962,1222674.3700114808,9084.048006923435,46836.17360152526,135999.62117635924,4.772572771979721,4.77257277197972,633.6994357732033,49133.406212681184,112393.66288833536,39589.75938679875,1,0.0005255498162060534,0.0006269056188241053,4,1
325,4,15.602066561329298,15.332613118772539,0,0.10304831849344202,2.0424841997770447,0.29271151884623076,15760.32138217508,157.6032138217508,0.0,749.2496249441169,851.1453890366458,122498.76944779279,1247680.289043508,7465.683254685796,57028.63555964064,134551.24546039046,5.896869370335403,5.8968693703353985,633.6994357732033,49133.406212681184,114757.71109566162,39589.75938679875,1,0.0009370598586879462,0.0007799477870004491,4,1
326,4,14.900030964207001,15.098413271000284,0,0.10464675801626959,1.7522600361535712,0.10902533933770323,10440.83929552968,104.4083929552968,0.0,742.8983112125002,855.9490721989647,123520.01414678643,1260581.2220355296,7076.830471460508,60176.56682090981,130213.53643893014,5.328142674210079,5.328142674210072,633.6994357732033,49133.406212681184,115958.63188624135,39589.75938679875,1,0.0006414595336899654,0.0007013564028613218,4,1
327,4,18.423877991050745,18.75321946892462,0,0.08425220014185666,1.837091793446447,0.16271632496610566,5678.774937821338,56.787749378213384,0.0,703.693045933779,859.3563371616575,124186.84066097483,1273606.9477060519,6517.608941300119,65363.980371727266,130380.5913070112,4.885940347525749,4.885940347525749,633.6994357732033,49133.406212681184,116810.44812691455,39589.75938679875,1,0.0003484429626154618,0.0006423207849977912,4,1
328,4,19.324165853347537,19.383436848394787,0,0.0815128922882861,1.9268812909770319,0.2195451208715391,11308.652952569782,113.08652952569783,0.0,718.0457780266823,866.1415289331994,125979.46686421457,1296234.1131468527,6518.643857551164,65373.69771147225,128099.69572270667,4.331877756895097,4.331877756895099,633.6994357732033,49133.406212681184,118506.74606980002,39589.75938679875,1,0.0007062407378109165,0.0005653810780387813,4,1
329,4,10.44440364192642,10.413614129396075,0,0.15172446187917568,1.1790880637453465,0.25374173180674275,20558.92327277529,205.58923272775291,0.0,765.6491986832266,866.1415289331994,125999.09929866613,1295069.9792391928,6936.805667124605,61446.469183068264,124585.31274879385,6.003077401778095,6.003077401778093,633.6994357732033,49133.406212681184,118506.74606980002,41670.554532314345,1,0.0013201506867332935,0.0007916114623865572,4,1
330,4,10.203282947534706,10.202249822830971,0,0.15486780145926418,1.2662388521564536,0.19858300496426992,12184.911453037168,121.84911453037168,0.0,748.5809302810703,866.1415289331994,125979.15057738574,1294704.056662907,7273.684434219797,58610.94865872398,124785.67948704629,7.050702870575251,7.050702870575249,633.6994357732033,49133.406212681184,118506.74606980002,43022.0173736625,1,0.000781173705388337,0.000935855043310849,4,1
331,4,10.521400874270086,10.420633761219424,0,0.15162225601671162,1.417388054228023,0.10291895302023861,9438.883407892159,94.38883407892159,0.0,711.990906560786,866.1415289331994,125934.39758908997,1294649.9106095452,7578.843675200891,56258.44822972295,125468.97861543021,6.7848013311643305,6.784801331164333,633.6994357732033,49133.406212681184,118506.74606980002,43954.26650169302,1,0.0006018305727552237,0.0009010516549589513,4,1
332,4,9.714302542901848,9.602096399280638,0,0.1645474003071214,1.4404381969531046,0.08833025509297181,14318.247804945633,143.18247804945634,0.0,730.902758987101,866.1415289331994,125911.10523362721,1294338.5189095628,7951.907641730828,53627.595261208764,115358.33570748335,6.012769790519241,6.012769790519237,633.6994357732033,49133.406212681184,118506.74606980002,44911.850147762576,1,0.0009929580011454207,0.0007919874264296604,4,1
333,4,6.288635403371449,6.2066744670065965,0,0.25456466395957367,1.057922432822392,0.3304288399858279,11132.119828984063,111.32119828984064,0.0,730.9544713580358,866.1415289331994,125884.58572571128,1293561.9261137107,8470.80650880736,50353.23200802039,115131.20335556919,5.9946325694502836,5.994632569450279,633.6994357732033,49133.406212681184,118506.74606980002,46255.24710963127,1,0.0007735258212913016,0.0007894381317306486,4,1
334,4,5.849106909699621,5.822107500462199,0,0.27137939309340625,1.0706816294892232,0.3223533990574537,7137.778528976181,71.37778528976182,0.0,701.0305178232464,866.1415289331994,125829.25249960687,1292998.8578158647,8836.787055490116,48275.1462266792,115294.08413781777,5.725545544693154,5.72554554469316,633.6994357732033,49133.406212681184,118506.74606980002,47316.86035575727,1,0.0004952745724884879,0.0007539194649750702,4,1
335,4,5.810641937334849,5.877703350845429,0,0.26881247754239557,1.132719052413931,0.2830892073329551,5147.607083170436,51.47607083170436,0.0,680.5230198024256,866.1415289331994,125775.5721794817,1292513.1326567847,9119.71470170086,46782.471425109805,111169.22243165178,4.212238579284737,4.21223857928474,633.6994357732033,49133.406212681184,118506.74606980002,48133.582065133436,1,0.00037043397232252835,0.0005464114553674393,4,1
336,4,6.038518544224806,6.147507263234507,0,0.25701474310559563,1.257961426269265,0.2038218821080601,8661.395157668028,86.61395157668028,0.0,692.505480235453,866.1415289331994,125739.31847615184,1291857.6791501318,9428.213375081184,45257.70036779312,104019.65307003024,3.9704835221338834,3.970483522133881,633.6994357732033,49133.406212681184,118506.74606980002,49061.25089640618,1,0.0006661352851724531,0.0005106146099944898,4,1
337,4,5.8548000380517164,5.775334483470359,0,0.2735772282145967,1.343243960903934,0.14984559436459882,11062.858657399149,110.62858657399148,0.0,710.4967819828513,866.1415289331994,125704.95362721666,1291221.716156627,9895.024161453855,43129.46085982512,100558.47405057284,4.921819082685973,4.921819082685977,633.6994357732033,49133.406212681184,118506.74606980002,49993.59991618478,1,0.000880113487150604,0.0006388942482151951,4,1
338,4,5.055673525637456,5.0689095729233475,0,0.31170412043645523,1.267038815828682,0.19807669884260634,9211.546452988887,92.11546452988887,0.0,708.7347937550409,866.1415289331994,125660.5929015722,1290564.992151615,10342.595169554397,41268.494644265134,100735.07709149756,5.7994351624634195,5.799435162463421,633.6994357732033,49133.406212681184,118506.74606980002,50971.30204969345,1,0.0007315462870691646,0.0007592650197974072,4,1
339,4,5.369339616972276,5.32894996932891,0,0.29649368245034846,1.4248130161055217,0.09821961005979644,10844.068792548815,108.44068792548815,0.0,715.214434008339,866.1415289331994,125645.6327707573,1290284.9632478727,10643.095163712193,40107.99442717446,97728.26839314974,6.348876250170023,6.348876250170023,633.6994357732033,49133.406212681184,118506.74606980002,51573.22081679459,1,0.0008876914711247604,0.0008331170817815096,4,1
340,4,5.268431098672956,5.276281665284842,0,0.29945330826357675,1.4886872215410067,0.057792897758856536,5511.248184475664,55.112481844756644,0.0,689.914854433879,866.1415289331994,125580.88363823316,1290121.4976648819,10983.298234251022,38869.649141899296,99785.2417055882,5.267671419359827,5.267671419359823,633.6994357732033,49133.406212681184,118506.74606980002,51992.9237931312,1,0.00044184876162239314,0.0006870288399387727,4,1
341,4,4.385955320488734,4.4665223774223275,0,0.35374277043515745,1.300295085285874,0.17702842703425706,4370.803899975765,43.70803899975765,0.0,668.5928350663811,866.1415289331994,125496.40883436275,1289711.0848641535,11250.688644462463,37949.091923618,97833.53621240011,4.354346362103059,4.354346362103061,633.6994357732033,49133.406212681184,118506.74606980002,52601.00725660295,1,0.00035740741420092124,0.0005623158823160249,4,1
342,4,4.251358990081481,4.253220944903682,0,0.3714831701591229,1.3319786412692354,0.15697554350048398,6160.978076222214,61.609780762222144,0.0,674.306992800764,866.1415289331994,125429.47106240357,1289229.2690200554,11566.259999950884,36916.7506962086,94252.89182035993,3.478453266406805,3.4784532664068086,633.6994357732033,49133.406212681184,118506.74606980002,53226.25490415013,1,0.0005229316963952385,0.00044072929073951764,4,1
343,4,4.659587987438051,4.665233107418131,0,0.33867546671733534,1.518715407868157,0.03878771653914114,4213.077610125141,42.13077610125141,0.0,667.6642431043676,866.1415289331994,125397.38353160853,1289166.7128109778,11797.378691358028,36195.67151865074,94862.19944918567,3.2636201907535773,3.263620190753576,633.6994357732033,49133.406212681184,118506.74606980002,53419.142684363156,1,0.00035530085826289014,0.00041187998961968327,4,1
344,4,4.629901410801015,4.613124323436539,0,0.34250106635387223,1.57938652430602,0.0003882757556836589,7073.13702701082,70.7313702701082,0.0,674.5988297762935,866.1415289331994,125323.76023979636,1289008.9004500227,12069.708852731941,35381.815144823646,98051.57985668533,3.792419013777647,3.792419013777648,633.6994357732033,49133.406212681184,118506.74606980002,53726.41257397144,1,0.000577095201309278,0.0004851092519891355,4,1
345,4,4.940729819434377,4.951473536191779,0,0.31909692911641646,1.640208095314677,0.038106389439668896,9395.78115582487,93.95781155824871,0.0,688.9627843971647,867.493925388962,125874.30589779036,1290866.8648509567,11907.423227303128,35868.22987876742,98469.6648280772,4.381680920735535,4.3816809207355405,633.6994357732033,49133.406212681184,118844.84518374068,53726.41257397144,1,0.0007633442175093744,0.0005652467590271808,4,1
346,4,5.313148623316163,5.341170184843907,0,0.2958153261027714,1.6766261197435075,0.061155771989561666,6393.894479986297,63.938944799862966,0.0,678.1725254474454,869.1874792122974,126331.9868168599,1293177.9165016706,11610.306186319793,36792.50943529446,99878.84002423049,4.755757172139176,4.75575717213918,633.6994357732033,49133.406212681184,119268.23363957454,53726.41257397144,1,0.0005121320574756491,0.0006175238254314338,4,1
347,4,6.192544360062372,6.203314553736546,0,0.25470254431129763,1.7281997627260972,0.09379731818107413,6437.270337420692,64.37270337420692,0.0,671.9297801002562,872.3009272868195,127468.03075397351,1298240.607092066,10919.889354232018,39128.520146528936,94991.65285423293,4.68103577232145,4.681035772321448,633.6994357732033,49133.406212681184,120046.59565820507,53726.41257397144,1,0.0005421335575494276,0.0006058699441781505,4,1
348,4,6.010281428958823,5.942439018682622,0,0.2658840915375973,1.6292092528417068,0.03114509673525743,11099.404906323301,110.99404906323302,0.0,691.0318231247347,874.3456786591136,128122.66707698547,1301237.8002066861,10763.168496565424,39706.1774715731,94536.50198381601,5.117738508651434,5.11773850865144,633.6994357732033,49133.406212681184,120557.7835012786,53726.41257397144,1,0.0009392693550877052,0.0006645116567042605,4,1
349,4,6.543906509773671,6.636013596092799,0,0.23809475027752866,1.658164940419781,0.0494714812783423,10049.006273954945,100.49006273954944,0.0,697.6577940040874,877.119611426319,129216.35665192512,1306030.8901315418,10407.301985415092,41072.157269407086,96081.83942618112,5.9057559593103415,5.905755959310342,633.6994357732033,49133.406212681184,121251.26669307995,53726.41257397144,1,0.0008367039044189417,0.0007727022723520247,4,1
350,4,6.950449962617484,7.017190873548118,0,0.22516132573163158,1.679374483475007,0.06289524270570063,6226.92753522264,62.269275352226394,0.0,672.6273707418591,878.8389811785146,129943.55390948632,1309630.7360294908,10163.681960657823,42064.56844415993,97721.591165577,5.813205502719546,5.813205502719551,633.6994357732033,49133.406212681184,121681.10913112883,53726.41257397144,1,0.0005097688206629293,0.0007619140267231921,4,1
351,4,6.672240615193907,6.603872868559878,0,0.23925354582795813,1.6053242859638013,0.01602802909101342,11970.945274435644,119.70945274435644,0.0,689.3077333618396,879.0784000840033,130004.06704539165,1310175.9281401103,10142.411494558299,42155.10255572585,94975.17435319396,5.9949603665594005,5.994960366559403,633.6994357732033,49133.406212681184,121740.96385750102,53744.3689918831,1,0.0010083431048975436,0.0007849386099931382,4,1
352,4,7.304992123234482,7.338010626494677,0,0.2153172134004876,1.60634722882661,0.016675461282664557,8943.373186481389,89.4337318648139,0.0,688.5669008179344,880.7555883804931,130506.89888405609,1313521.3294935257,9697.170418956133,44098.65579304538,97703.492475401,5.733204746843665,5.733204746843667,633.6994357732033,49133.406212681184,122160.26093162347,53744.3689918831,1,0.0007322868781775088,0.0007501329345793273,4,1
353,4,8.756716632798325,8.887697973447379,0,0.17777381777827744,1.8336367742681436,0.16052960396717947,10513.37093587977,105.1337093587977,0.0,693.4710867716063,885.1122802134892,131754.56768013106,1320737.5095565862,9463.433753800853,45193.578640114385,91268.1507657004,6.75527265212179,6.755272652121795,633.6994357732033,49133.406212681184,123249.4338898725,53744.3689918831,1,0.0009215368864320905,0.000887388956502381,4,1
354,4,9.34222261572245,9.365234555612625,0,0.16870906869631996,1.852226561102953,0.17229529183731193,11613.4732555452,116.13473255545199,0.0,704.0815886181534,891.6531229360355,133584.74652553574,1332068.6064559459,9209.587768219237,46451.131269009114,91489.54192200638,6.776253901468579,6.776253901468585,633.6994357732033,49133.406212681184,124884.64457050907,53744.3689918831,1,0.0010155017075455931,0.0008897751573850641,4,1
355,4,9.03242223067017,8.907950526303049,0,0.17736964247103054,1.6525571234781247,0.04592223004944594,16128.45588638266,161.28455886382662,0.0,725.5382497447367,896.1787588101698,134389.76848597036,1339123.079308158,8848.069731186228,48361.11297035248,93137.50463085594,8.368802452538322,8.368802452538329,633.6994357732033,49133.406212681184,126016.05353904265,53744.3689918831,1,0.0013853457595031503,0.001107461451160278,4,1
356,4,8.91611113885256,8.992798110649339,0,0.1756961493585575,1.6098302131624869,0.018879881748409363,11163.971498911647,111.63971498911647,0.0,709.128057023651,897.0409966103074,134728.57584540825,1341757.0289497648,8790.396188086675,48685.97242535158,97312.83601660615,8.341305803878766,8.34130580387877,633.6994357732033,49133.406212681184,126231.61298907702,53744.3689918831,1,0.0009177799727885065,0.0011062091466124168,4,1
357,4,9.366750070876488,9.546750035792313,0,0.16550134800600458,1.6775989371248614,0.061771479192950215,9798.027980005554,97.98027980005554,0.0,688.475897661455,899.0952279327083,135404.77800227038,1346485.5952523684,8755.87772016743,48887.798174528725,96699.69752362522,7.836588956143131,7.836588956143123,633.6994357732033,49133.406212681184,126745.17081967727,53744.3689918831,1,0.000810594302230304,0.001037906678173987,4,1
358,4,8.352431976925942,8.362912646066919,0,0.1889293918122025,1.5765609873920476,0.00217659025819774,8033.660497920464,80.33660497920464,0.0,678.0500643631017,899.0952279327083,135346.00784313725,1346422.6656390005,8989.141191905852,47623.39734194246,93428.35636005668,6.144494906258446,6.1444949062584495,633.6994357732033,49133.406212681184,126745.17081967727,54226.72674493479,1,0.0006878991185040335,0.0008054244645076147,4,1
359,4,9.136788327327178,9.296330614212124,0,0.1699595319452725,1.6139700403035377,0.02150002550856815,12062.961268760955,120.62961268760955,0.0,692.6343434078523,901.6951956510111,135891.3303381821,1351429.2183615363,8696.946454290788,49233.97390450271,93415.2683865404,6.4307481880339505,6.430748188033954,633.6994357732033,49133.406212681184,127395.16274925295,54226.72674493479,1,0.00103306120955268,0.0008438515434290059,4,1
360,4,10.418011365544112,10.206702404778385,0,0.15480024177645318,1.4820039200559887,0.06202283540760214,24703.097583047744,247.03097583047744,0.0,751.1846293624011,913.369221130674,137479.30032539778,1369858.9975908215,7806.885107193639,54879.893821851525,89299.61058671458,9.87980251511004,9.87980251511004,633.6994357732033,49133.406212681184,130313.66911916867,54566.342140044944,1,0.0022130531070175046,0.001311337811691406,4,1
361,4,11.531135294571545,11.485599679495575,0,0.13756356168504302,1.6477757007008542,0.04289601310180642,8748.007347118299,87.48007347118299,0.0,697.2638759345265,914.2257902879912,137691.6413823986,1372735.4739608096,7825.126739033898,54760.241388794835,93502.25523891924,9.992353605702977,9.992353605702972,633.6994357732033,49133.406212681184,130527.81140849798,54566.342140044944,1,0.0007484745538823788,0.0013315296234841878,4,1
362,4,10.587685510244672,10.478461541317255,0,0.15078549401264274,1.6443283674524674,0.04071415661548562,21835.546935573653,218.35546935573655,0.0,717.5322632041667,914.6625012267027,137797.88962835236,1374271.3425035777,8158.325815293322,52530.74126323074,98595.38408976156,11.783223402504396,11.783223402504388,633.6994357732033,49133.406212681184,130636.98914317584,54760.00246871848,1,0.0017717297528407215,0.0015777524712468685,4,1
363,4,10.867366003515126,10.763758303661751,0,0.14678887758586104,1.6387569535259814,0.037187945269608426,17813.93839481627,178.1393839481627,0.0,732.4793430943303,917.5921508101392,138159.6630546599,1379582.0724033762,8039.9541700196405,53316.70717191918,96788.13408759909,9.991580703413279,9.991580703413288,633.6994357732033,49133.406212681184,131369.40153903497,55079.692183957704,1,0.0014724068038087055,0.0013308703701772687,4,1
364,4,10.30354437925924,10.274170638933589,0,0.15378370240539405,1.6221472803706383,0.026675493905467213,9595.922838262733,95.95922838262733,0.0,678.4975234524093,917.5921508101392,138128.717721579,1380095.4070583964,8215.359429343813,52182.26575115244,98274.20746953214,10.046876580486352,10.046876580486346,633.6994357732033,49133.406212681184,131369.40153903497,55439.14249167647,1,0.0007811549406786312,0.0013417638324426861,4,1
365,5,11.923014874178389,12.01927894694842,0,0.13145547307570785,3.288269526358382,1.0811832445306213,13739.730663849856,137.39730663849855,0.0,542.8032077329542,1061.2605034993892,132421.31989202695,1391045.0529195145,14937.598137471903,54162.5932272092,94157.78032906119,8.534706060992503,8.534706060992498,470.78890164530594,48662.61731103588,132695.25118572378,55439.14249167647,1,0.0011673793172126575,0.0011403136872333314,7,1
366,5,11.159515365560601,10.95160749937765,0,0.1442710579328,2.218087760384986,0.4038530129018897,15937.079235521296,159.37079235521296,0.0,563.2115881211786,1070.8227510407019,133472.49683643866,1409475.60484641,12684.381282515551,63816.9284159852,94703.22985517493,8.23444022653162,8.23444022653163,470.78890164530594,48662.61731103588,135085.813071052,55439.14249167647,1,0.001346275455220955,0.001098269904370748,7,1
367,5,9.892245222833262,9.78091272163105,0,0.16153911653927136,1.785554203514202,0.1300975971608873,7580.932321129642,75.80932321129643,0.0,525.0378220319641,1074.891598677579,134292.98529948885,1417713.951543406,12089.242715427166,66976.2661161381,94954.40093474103,7.872553995827953,7.872553995827943,470.78890164530594,48662.61731103588,136103.02498027124,55439.14249167647,1,0.0006387008708602996,0.001050785214431304,7,1
368,5,9.137067007070023,9.231416551960413,0,0.17115466419554715,1.6384518997445638,0.03699487325605302,14453.700197933613,144.53700197933614,0.0,537.9721056805454,1077.8702269739374,135109.13876368053,1423926.1257054883,12051.073767424721,67204.57801493589,98105.98886151658,7.898233128839362,7.898233128839355,470.78890164530594,48662.61731103588,136847.68205436086,55439.14249167647,1,0.001178619194661889,0.0010545318402477146,7,1
369,5,9.204227600017857,9.213370468793178,0,0.17148990213208673,1.6270173061862514,0.029757788725475524,23871.969053681412,238.71969053681414,0.0,587.9108316943981,1079.6485106717844,135613.87269754004,1427677.0603749575,11965.567124637035,67690.61568042291,101076.95367241264,9.232009580854422,9.23200958085442,470.78890164530594,48662.61731103588,137292.2529788226,55439.14249167647,1,0.001889409459731028,0.0012355765084177388,7,1
370,5,6.961530159620111,6.964693009406928,0,0.2268585274133344,1.3403075254407375,0.15170409782231808,16004.225338390079,160.0422533839008,0.0,574.8756569365565,1079.6485106717844,135583.14394830546,1427100.9716330268,12488.53521625273,64865.19914810798,101120.55931605579,10.754005954312376,10.754005954312381,470.78890164530594,48662.61731103588,137292.2529788226,56796.506439110315,1,0.0012661500645674497,0.0014447262396534554,7,1
371,5,7.0555574739486,7.039738838694317,0,0.2244401441876568,1.4542329008675052,0.07959942983069293,10958.306371125658,109.58306371125659,0.0,530.9682803972578,1079.6485106717844,135564.84296312253,1427196.8886250043,12922.290852657108,62695.57355744994,99756.37174226498,10.011231696663113,10.011231696663108,470.78890164530594,48662.61731103588,137292.2529788226,57370.646388775574,1,0.0008788055282874986,0.001344788350861992,7,1
372,5,7.102043080944025,7.122109741851894,0,0.22184437719562122,1.5066525333443999,0.04642244725037988,5430.300292414061,54.303002924140614,0.0,486.24357081690897,1079.6485106717844,135491.8369419218,1427108.8882872635,13110.329711400516,61799.33618076174,103125.27361264556,6.416554691397001,6.416554691397004,470.78890164530594,48662.61731103588,137292.2529788226,57888.74286520961,1,0.00042125854135901603,0.0008554047114046548,7,1
373,5,6.239371386159249,6.264202465614553,0,0.25222684111392196,1.3880372092901505,0.12149543715813263,8531.773219129827,85.31773219129828,0.0,488.5731560096223,1079.6485106717844,135391.99104036877,1426481.7824437013,13426.095013838049,60351.6912201778,103809.98678928983,4.935169507133972,4.935169507133974,470.78890164530594,48662.61731103588,137292.2529788226,58832.06886862799,1,0.0006574915175702582,0.0006525185290722576,7,1
374,5,6.238608918369665,6.345851487843601,0,0.2489815595317223,1.4773516134165612,0.06496733328065753,10614.872332267823,106.14872332267824,0.0,503.34983326868667,1079.6485106717844,135315.11340313425,1426051.9803888467,13852.886656233266,58498.42478519892,106682.30515159767,4.734103475010846,4.734103475010849,470.78890164530594,48662.61731103588,137292.2529788226,59554.40867356678,1,0.0007959987229135239,0.000624916260614266,7,1
375,5,6.761399837633395,6.829122377020802,0,0.23136208619082815,1.5863530722688115,0.004020931815703438,4516.622720450164,45.16622720450164,0.0,473.5545139586529,1079.7388431261934,135501.14967506993,1427098.8999756926,13789.155811156252,58772.537773895216,110659.65830978724,4.487564129807139,4.487564129807137,470.78890164530594,48662.61731103588,137314.83609242484,59561.18360764746,1,0.00032652352551503904,0.0005933379219996071,7,1
376,5,7.451647749556153,7.4280085246667635,0,0.21270842578507707,1.6838225754259781,0.06571049077593548,10121.436975981404,101.21436975981403,0.0,485.2133501921327,1082.3975928555014,136541.1726511177,1432204.0402721774,13533.681613799501,59892.43143100494,108481.74686250514,4.710982872593091,4.710982872593088,470.78890164530594,48662.61731103588,137979.5235247519,59561.18360764746,1,0.0007464066365973836,0.0006229762950086488,7,1
377,5,7.420005133645539,7.409818057155189,0,0.21323060671837885,1.6112066134603944,0.019751021177464762,11787.991602253805,117.87991602253805,0.0,503.8831590833642,1083.644575265919,136953.6417653956,1434780.6384699987,13267.4536912722,61099.907161015435,109384.7429590124,4.876785857478859,4.876785857478855,470.78890164530594,48662.61731103588,138291.26912735627,59561.18360764746,1,0.0008621305884803982,0.0006450202501976069,7,1
378,5,7.64931164657993,7.728914796437364,0,0.20442714683933372,1.5926468638005598,0.00800434417756942,4002.3231174638117,40.02323117463812,0.0,464.4885492823365,1084.1057056605464,137388.143388369,1437334.173756657,12992.345756627556,62400.83974133876,112298.43881314815,4.758871636859568,4.75887163685957,470.78890164530594,48662.61731103588,138406.55172601313,59561.18360764746,1,0.000285120481443075,0.0006312192355069522,7,1
379,5,8.142686017546293,8.202063280724982,0,0.1926344562243299,1.6411245575518159,0.03868642883026315,7593.1971388464535,75.93197138846453,0.0,462.6228458153886,1085.5169047579298,137903.15483269785,1440748.302750891,12783.753484104118,63428.5132519484,114581.5301977875,4.229048459322912,4.229048459322913,470.78890164530594,48662.61731103588,138759.35150035896,59561.18360764746,1,0.0005301515611278212,0.0005591342103504314,7,1
380,5,8.257456914872055,8.210626322222177,0,0.19243355354313318,1.631185756269113,0.032396048271590455,10371.686702831055,103.71686702831056,0.0,480.4224995355059,1086.905604946395,138462.7002296073,1443955.0794891804,12656.785126936173,64071.70824340275,117581.3716879052,3.8500901535053287,3.8500901535053265,470.78890164530594,48662.61731103588,139106.52654747528,59561.18360764746,1,0.0007056686993147518,0.0005069802472952161,7,1
381,5,8.359248946371912,8.42977427915029,0,0.18743087865447114,1.5946341650478235,0.009262129777103445,15038.72321826219,150.38723218262191,0.0,504.81240227419215,1088.5922082543107,139080.20175263798,1448013.1222735045,12438.719416081554,65205.14513745994,120525.40542902943,5.589020488172593,5.58902048817259,470.78890164530594,48662.61731103588,139528.17737445422,59561.18360764746,1,0.0009982110022184586,0.0007446770875536773,7,1
382,5,10.671758300481288,10.89152042992563,0,0.14506698216887876,1.8822508274359002,0.19129799204803807,10451.515548316198,104.51515548316198,0.0,494.5673154121198,1094.8631175833004,140432.0558928334,1460693.7109707117,11962.379393140518,67822.85321460488,120892.46094995554,5.9783793162760634,5.978379316276069,470.78890164530594,48662.61731103588,141095.90470670164,59561.18360764746,1,0.0006916239749734397,0.0007985012255022168,7,1
383,5,12.02805818801722,12.035101320697523,0,0.13128265046533297,1.7422997709706483,0.1027213740320558,16786.794504136848,167.86794504136847,0.0,514.4864627260994,1104.9351942857825,142556.16228126758,1482397.6872773035,10842.686648509056,74853.05806477167,120375.98570997684,6.982618043580435,6.982618043580444,470.78890164530594,48662.61731103588,143613.92388232215,59561.18360764746,1,0.0011156241441432648,0.0009351530404450543,7,1
384,5,13.072058942269503,13.133342027102293,0,0.12030448889090627,1.811010695717146,0.14620930108680116,8186.35084893631,81.8635084893631,0.0,486.96621841161937,1108.481063111118,143790.79723588782,1492782.6657880556,10604.68795999796,76545.71362019186,120649.27661074913,5.865820199942069,5.865820199942078,470.78890164530594,48662.61731103588,144500.391088656,59561.18360764746,1,0.0005428197220177583,0.0007833559470448209,7,1
385,5,13.996579240881385,14.138925968456691,0,0.11174823346022952,1.742785578859668,0.10302884737953666,14261.724733716921,142.6172473371692,0.0,498.1035421050926,1114.8338400469588,145149.15380598867,1508713.8553009247,10054.687022382763,80750.7391374702,121043.48961741057,6.4793710367456905,6.479371036745688,470.78890164530594,48662.61731103588,146088.5853226162,59561.18360764746,1,0.0009425851669541129,0.0008670096777050454,7,1
386,5,15.109289711080274,15.086503341974524,0,0.10472937062917917,1.683627920502829,0.0655872914574867,16270.793728115385,162.70793728115385,0.0,521.4763735241838,1120.8846690546718,146555.2825140911,1525604.835659851,9512.805885783879,85370.2521461224,118857.79029066088,6.439474695981236,6.439474695981241,470.78890164530594,48662.61731103588,147601.29257454444,59561.18360764746,1,0.001095143612434723,0.0008601828338021981,7,1
387,5,16.90956988588418,16.618566049097,0,0.09507438820726967,1.9137580041352587,0.21123924312358136,11067.68622562402,110.6768622562402,0.0,502.42281310288377,1126.6945316625902,148078.3557963538,1542760.8374657186,9588.129087889858,84718.72542725813,119220.98731688414,6.919448494029028,6.919448494029023,470.78890164530594,48662.61731103588,149053.75822652405,59561.18360764746,1,0.0007426669733043963,0.0009267985842310774,7,1
388,5,16.86710923345394,16.833796663840204,0,0.09385880271406125,1.8129631699542512,0.14744504427484248,13292.40032520756,132.9240032520756,0.0,508.27228926618864,1133.4261163769836,149780.1348920509,1563242.8431660926,9345.190638948932,86944.04493533119,112869.38034411853,6.928922453340833,6.928922453340844,470.78890164530594,48662.61731103588,150736.65440512242,59561.18360764746,1,0.0009421439391042221,0.0009266515082811138,7,1
389,5,17.992716215731967,18.034449604978352,0,0.08761010369641922,1.6867867314547564,0.06758653889541542,11088.453798298771,110.88453798298771,0.0,510.3595933962953,1138.3251498494524,151075.14867386632,1581443.0078069018,8728.78108331749,93108.67699672417,106883.6746077261,6.293524832696632,6.293524832696636,470.78890164530594,48662.61731103588,151961.4127732396,59561.18360764746,1,0.0008299455526015189,0.000838252155003379,7,1
390,5,17.816270102812894,17.820312689728578,0,0.08866286621955258,1.6123338427214802,0.02046445741865829,10785.312451527123,107.85312451527123,0.0,505.5523584727513,1139.907605838083,151597.36561227537,1589111.068046084,8576.89302234152,94774.56757407053,110281.33163857025,6.383212335876239,6.383212335876243,470.78890164530594,48662.61731103588,152357.0267703973,59561.18360764746,1,0.0007823853623294498,0.0008514916180117302,7,1
391,5,14.360762037101845,14.572772913933282,0,0.1084213697236258,1.373205838805918,0.13088238050258355,8612.585232489355,86.12585232489356,0.0,498.11592573493334,1139.907605838083,151567.07481997536,1589050.1649482888,8816.784834600838,92204.49357550846,102573.0254776908,5.735116620056778,5.735116620056786,470.78890164530594,48662.61731103588,152357.0267703973,60470.673868369995,1,0.0006717232092846912,0.0007613513747385534,7,1
392,5,14.403102812326935,14.473683020235429,0,0.10916364534106675,1.483028222544285,0.06137454269349054,13149.124901661338,131.49124901661338,0.0,514.7978373792226,1139.907605838083,151536.22649078927,1589003.726865452,9149.673252886234,88861.21151115386,104723.1947525514,6.162007046356353,6.162007046356355,470.78890164530594,48662.61731103588,152357.0267703973,61380.904589810925,1,0.0010044861547802222,0.0008195315754647878,7,1
393,5,13.404551883350589,13.406479964838924,0,0.11785345624980266,1.5472952627846184,0.02069920076922892,13236.000207171908,132.3600020717191,0.0,525.825322911985,1139.907605838083,151512.66305562324,1589252.6734533815,9688.49826772838,83933.54573308425,108523.04163573544,6.62987885414897,6.6298788541489735,470.78890164530594,48662.61731103588,152357.0267703973,61991.80561465176,1,0.0009757190736764932,0.0008839761459138022,7,1
394,5,14.515581748558974,14.400376112197106,0,0.10971935647303971,1.6434742166303844,0.040173554829357166,8937.978832952753,89.37978832952753,0.0,501.68760698219097,1141.2987906784497,151975.99684643702,1594812.9695082486,9596.040351794723,84754.66592627025,111540.6421046912,6.5425727730895415,6.542572773089534,470.78890164530594,48662.61731103588,152704.8229804889,61991.80561465176,1,0.0006410562940502805,0.0008737538408356652,7,1
395,5,15.03426700266977,15.319111472625316,0,0.10313914111947037,1.62392605792707,0.027801302485487303,11051.55015001158,110.5155015001158,0.0,504.3476018701132,1143.4862020435721,152634.76408590045,1603027.9194152628,9373.692293415916,86781.40981367994,109980.6106525418,6.057668885421494,6.057668885421498,470.78890164530594,48662.61731103588,153251.67582176952,61991.80561465176,1,0.0008038908010741193,0.000806888722933631,7,1
396,5,15.838497140269684,15.783374207458,0,0.10010533737794891,1.7294021922898333,0.09455834955052735,18788.800856633006,187.88800856633006,0.0,541.1068993722964,1147.2328894443344,153707.10544523422,1613968.9274985443,9425.048736768807,86318.03991560878,108024.85352509057,7.084714144300387,7.084714144300381,470.78890164530594,48662.61731103588,154188.34767196007,61991.80561465176,1,0.0013914428203149747,0.0009454633051464581,7,1
397,5,15.48061639440369,15.739625560178412,0,0.10038358244032397,1.630155167907483,0.031743777156634796,11638.084598143636,116.38084598143637,0.0,525.6579272098546,1148.7246187503742,154344.60651615332,1620993.2808167145,9256.372722512187,87902.27957548991,110147.04347158146,7.573007293545801,7.573007293545807,470.78890164530594,48662.61731103588,154561.27999847004,61991.80561465176,1,0.0008452762221363719,0.0010135366145084886,7,1
398,5,14.091828884104414,13.979618934193573,0,0.11302167873370175,1.5363931531428356,0.027599270162762295,18534.254924705732,185.34254924705732,0.0,541.5760664311281,1148.7246187503742,154334.50628986966,1621482.8405917147,9419.057704311976,86391.7865991231,114126.60210593203,8.777292830775364,8.77729283077536,470.78890164530594,48662.61731103588,154561.27999847004,62775.313678718,1,0.0012992066412353034,0.0011786418945622166,7,1
399,5,12.860162452542612,12.736905316238634,0,0.12404897114102076,1.529622898397025,0.03188424152087028,11467.541868809798,114.67541868809798,0.0,522.1811143218451,1148.7246187503742,154270.96448853327,1621497.4491934837,9838.688098800663,82717.85640962148,116884.67917036214,7.291177346897441,7.291177346897444,470.78890164530594,48662.61731103588,154561.27999847004,63752.09942851639,1,0.0007848790414761263,0.0009764539682826004,7,1
400,5,10.995487639474664,11.030730058221755,0,0.143236212985046,1.4102062535372473,0.10746439649541316,18941.048665589045,189.41048665589045,0.0,543.4829700274604,1148.7246187503742,154258.09565316394,1621246.044403525,10217.149710804195,79663.90949835794,113203.2858162333,8.503650876284727,8.503650876284732,470.78890164530594,48662.61731103588,154561.27999847004,65041.541486226175,1,0.0013385511580528988,0.0011408789469214429,7,1
401,5,11.034068206266342,10.988471690872952,0,0.14378705651235843,1.4961703422456272,0.05305674541416006,13374.144904639845,133.74144904639846,0.0,537.1107903453347,1148.7246187503742,154214.91901456218,1621256.2262282155,10506.135345882465,77481.42756040621,115337.68536149636,7.594273611129027,7.594273611129022,470.78890164530594,48662.61731103588,154561.27999847004,65924.27826973176,1,0.0009276513474479411,0.0010170271823256554,7,1
402,5,10.139250137370533,10.079250805444257,0,0.15675768273834112,1.4307253447636124,0.09447762989644792,15195.335826312365,151.95335826312365,0.0,534.7031066737953,1148.7246187503742,154178.18229210936,1621072.953003676,10718.119931226358,75957.0656819503,116922.82594253344,8.211240839867754,8.21124083986776,470.78890164530594,48662.61731103588,154561.27999847004,67048.70227246165,1,0.0010396831040522913,0.0011019618698510437,7,1
403,5,10.202228808767115,10.236564886635863,0,0.15434865284376173,1.5715518216251667,0.005346948338502126,9777.176781487151,97.77176781487151,0.0,509.88156435980875,1148.7246187503742,154117.6486821106,1621152.900174568,11199.287299304819,72703.73776441657,120707.15531409954,6.518144316841134,6.518144316841139,470.78890164530594,48662.61731103588,154561.27999847004,67674.09654676427,1,0.0006479931868857555,0.0008717758794619959,7,1
404,5,11.18829959658672,11.13815812308977,0,0.14185469289797636,1.6530587028526555,0.04623968534978194,8681.333676749406,86.81333676749406,0.0,488.6209687007533,1150.5031634065788,154699.4939424053,1626496.1302914196,10969.088126788078,74241.43138539605,123241.52088236195,5.622655837992193,5.622655837992198,470.78890164530594,48662.61731103588,155005.91616252114,67674.09654676427,1,0.0005635330440321991,0.0007504031116567486,7,1
405,5,8.269340316687984,8.196321508193934,0,0.1927694025204429,1.315638046314008,0.16731769220632406,8220.46981148263,82.2046981148263,0.0,484.2590973136757,1150.5031634065788,154621.5499049472,1625849.2063065693,11383.261887568317,71548.60466829309,123441.70847606633,4.387597901348614,4.387597901348615,470.78890164530594,48662.61731103588,155005.91616252114,68789.27819707511,1,0.0005327515254263654,0.0005814259187814399,7,1
406,5,7.515640453903211,7.555983118611725,0,0.20910581392223868,1.248560269677354,0.20977198121686466,7271.5158002551225,72.71515800255122,0.0,479.0337056380343,1150.5031634065788,154550.42438523535,1625183.9597195706,11632.44719995578,70020.88155221594,123698.97605158937,3.9533025922102087,3.9533025922102136,470.78890164530594,48662.61731103588,155005.91616252114,69859.14911665974,1,0.00047027168905407885,0.0005221854195042144,7,1
407,5,6.747774573192991,6.7946345335061205,0,0.23253642152622142,1.2422624366803536,0.21375795146813065,10742.758072925664,107.42758072925665,0.0,492.7231672400488,1150.5031634065788,154518.66709320497,1624445.6842816912,12246.473939509166,66520.92425906114,122656.82218797118,4.292279338403203,4.292279338403198,470.78890164530594,48662.61731103588,155005.91616252114,70990.08064368938,1,0.0007006708885030413,0.0005678980343278285,7,1
408,5,6.724647659507522,6.714455991031975,0,0.23531318130765838,1.291305945668985,0.18271775590570571,10726.135109946066,107.26135109946067,0.0,503.1306278890514,1150.5031634065788,154496.99921930116,1623902.4888480976,12507.780731114906,65135.9336656273,118643.65121720685,4.763988259458732,4.76398825945873,470.78890164530594,48662.61731103588,155005.91616252114,71937.649181856,1,0.0007232505068684508,0.0006313976948085237,7,1
409,5,6.077074127142828,6.063794319793766,0,0.26056292754562577,1.2117599016317495,0.23306335339762693,6696.389542755821,66.96389542755821,0.0,483.24825089241034,1150.5031634065788,154446.38253228835,1623410.5073305673,12746.11179722121,63922.78381241781,118852.60394173031,4.710072718376464,4.710072718376461,470.78890164530594,48662.61731103588,155005.91616252114,72815.96977627529,1,0.00045073573960828663,0.0006248857116599262,7,1
410,5,5.907664736920994,5.9385801129387,0,0.26605686375394183,1.2521408339028954,0.20750580132728141,9759.854314306205,97.59854314306206,0.0,491.33720841061523,1150.5031634065788,154389.69495676993,1622642.1678009122,13141.930312353765,62004.30189579325,113110.86049893372,4.694946325181011,4.6949463251810135,470.78890164530594,48662.61731103588,155005.91616252114,73928.32975552564,1,0.0006902859209985914,0.0006214240558251096,7,1
411,5,6.110129465772346,6.172650923790457,0,0.25596781990544915,1.3295401114525016,0.1585189168022142,6662.464039657403,66.62464039657404,0.0,488.0034274029198,1150.5031634065788,154351.43800784822,1622304.8842115428,13316.109357037658,61196.46293558957,104445.3766524019,4.188784952132719,4.188784952132715,470.78890164530594,48662.61731103588,155005.91616252114,74541.60763330811,1,0.0005103118397920347,0.0005504445001329709,7,1
412,5,7.028410690120974,7.029200132207235,0,0.22477664176334458,1.5887631634435166,0.005546305976909224,11311.400785005151,113.11400785005151,0.0,501.956329960655,1150.729391422279,154424.24903996996,1622866.9955352708,13572.820974347851,60043.788920963416,110021.45691992829,5.089365078309375,5.089365078309373,470.78890164530594,48662.61731103588,155062.47316644617,74558.57473448562,1,0.000822486893133029,0.0006743615513078849,7,1
413,5,6.687685786445989,7.029200132207235,1,0.22477664176334458,1.5221629887320356,0.03660570333415473,7047.016843905176,70.47016843905176,0.0,489.9205178934493,1150.8703317591571,154684.1355982094,1624277.00918285,13620.300928614939,59841.35312821654,113931.7059980703,4.604169695009653,4.60416969500965,470.78890164530594,48662.61731103588,155097.7082506657,74569.14525975147,1,0.0004948239320860891,0.0006092075550037175,7,1
414,5,6.344154553522625,6.460245727904336,0,0.24457274019397746,1.5049038175466296,0.04752922940086738,10935.372129663641,109.35372129663642,0.0,497.96244585738026,1150.8703317591571,154598.2271665929,1623908.6869935056,13905.357678354123,58620.18369872177,117408.82907723944,5.173373705110199,5.1733737051102,470.78890164530594,48662.61731103588,155097.7082506657,75289.23098499009,1,0.0007451141257848415,0.0006874749836679865,7,1
415,5,6.2419087593653515,6.248699803010231,0,0.2528526013105727,1.515900803425879,0.04056911175577285,7838.603936003641,78.3860393600364,0.0,491.60328986266563,1150.8703317591571,154521.43277220987,1623672.1528767995,14070.271992468462,57936.082491651076,119945.35509475294,4.438955129643829,4.438955129643829,470.78890164530594,48662.61731103588,155097.7082506657,75826.9600776536,1,0.0005228116706852982,0.0005875832428520763,7,1
416,5,6.468625411457075,6.4944809090939355,0,0.2432834928789452,1.591366434720276,0.007193946025491131,10290.10733937509,102.9010733937509,0.0,497.0408803092552,1151.0761339059445,154567.15668543905,1624191.1949925318,14161.786327747945,57565.17726691784,122820.9165126595,4.863941466337942,4.863941466337942,470.78890164530594,48662.61731103588,155149.15878736257,75842.39523866266,1,0.0006702511351681347,0.0006460589772127581,7,1
417,5,7.28160230409212,7.15590071175461,0,0.22079680303621593,1.7010058124388479,0.07658595723977707,7127.526739662077,71.27526739662076,0.0,487.558725291883,1152.943259084751,155257.68826402986,1627828.9676593235,13800.722284214187,59077.6177529859,122096.76860793222,4.1852589190351335,4.185258919035129,470.78890164530594,48662.61731103588,155615.9400820642,75842.39523866266,1,0.0004670083784149567,0.0005533570614227965,7,1
418,5,7.708661736324048,7.727824132068199,0,0.20445599860942285,1.6897845827739555,0.06948391314807305,12543.204135059525,125.43204135059524,0.0,504.5810720592642,1157.370532006782,156620.894598623,1635519.9984195542,13370.283334674812,60994.16020036337,122689.75206168709,4.907620941191228,4.907620941191233,470.78890164530594,48662.61731103588,156722.75831257197,75842.39523866266,1,0.0008178811302024924,0.0006517135479285279,7,1
419,5,7.4386957608982085,7.417974868361398,0,0.2129961381695832,1.619212611624447,0.02481810862306765,10167.107739977115,101.67107739977115,0.0,506.4441547861911,1158.131058752544,156918.6750707133,1637354.272694493,13324.115959223856,61211.26045588307,128174.57592683454,4.81492511053502,4.814925110535016,470.78890164530594,48662.61731103588,156912.8899990125,75842.39523866266,1,0.0006345787480213406,0.0006398227522129298,7,1
420,5,8.017943378514689,8.148254190794065,0,0.19390656734605696,1.7065340468702672,0.08008483979130832,12044.535544692715,120.44535544692715,0.0,510.8724247861587,1161.1337854307678,157889.39756732955,1642824.5437834542,13176.179937315517,61906.68441468743,130680.0749126038,5.471215708346448,5.471215708346446,470.78890164530594,48662.61731103588,157663.57166856845,75842.39523866266,1,0.0007373448815512454,0.0007299349199250261,7,1
421,5,8.471454298551938,8.458247072151272,0,0.18679993461081798,1.6735567888602019,0.05921315750645683,12103.26700882916,121.0326700882916,0.0,517.8664004950015,1164.8398480793544,158958.3795758527,1649944.1780169557,12695.521811865636,64264.047411702755,132067.6285029179,5.265484306803553,5.265484306803548,470.78890164530594,48662.61731103588,158590.08733071512,75842.39523866266,1,0.0007331557109658708,0.000701693113512819,7,1
422,5,9.016890396435887,9.002768086646991,0,0.1755015773807918,1.6253150485062229,0.02868041044697646,20409.73585669393,204.0973585669393,0.0,552.2145012145418,1169.7501965437068,159767.99787459715,1657844.9743998526,12128.083669514795,67283.94059190314,134592.62902165923,6.679913624816248,6.6799136248162405,470.78890164530594,48662.61731103588,159817.67444680323,75842.39523866266,1,0.0012131265139881922,0.0008945423688351027,7,1
423,5,9.010908898508752,9.089168825540304,0,0.17383327676346438,1.6423048525589647,0.0394334509866865,15659.666692187742,156.59666692187741,0.0,550.8543098037114,1171.2732441613643,160310.26779289643,1661574.0150316153,12196.01931320331,66916.45511763023,138584.25713862412,7.080719700103644,7.080719700103638,470.78890164530594,48662.61731103588,160198.43635121762,75842.39523866266,1,0.0009039795437384245,0.0009500872562308292,7,1
424,5,10.435206993979609,10.426654617468932,0,0.15153470196978144,1.781573510961669,0.1275781714947272,8282.25071750228,82.8225071750228,0.0,500.4363165972288,1174.7712237230887,161574.18738169371,1670441.3098191384,11805.11546395838,69146.07940468293,135972.60968466505,6.471697510560848,6.471697510560855,470.78890164530594,48662.61731103588,161072.9312416487,75842.39523866266,1,0.0004872893584500409,0.0008681318053922192,7,1
425,5,12.029844017939029,12.133646697864723,0,0.13021641715330712,1.645419435104717,0.041404705762479135,15269.640534726444,152.69640534726446,0.0,518.6274220809144,1183.7550665248398,162966.01322820998,1689202.2121168023,10568.403608335166,77266.77114325252,132189.94195280987,5.777273950583891,5.7772739505838935,470.78890164530594,48662.61731103588,163318.89194208648,75842.39523866266,1,0.000924103017772866,0.0007717906399871104,7,1
426,5,11.559596497857266,11.528380289409073,0,0.13705307773820743,1.6282193288374927,0.03051856255537505,14823.855247657055,148.23855247657056,0.0,532.9711764190804,1184.3711396411381,163128.57295988966,1691188.4353016817,10725.130283942446,76143.41401894626,137900.6741315398,5.668057375616834,5.6680573756168275,470.78890164530594,48662.61731103588,163472.91022116106,75842.39523866266,1,0.0008599728951878495,0.0007571217571369187,7,1
427,5,12.582068424957047,12.480823447973705,0,0.12659421123824305,1.690586090443065,0.06999119648295246,9981.920508592713,99.81920508592714,0.0,507.0259822361949,1187.1581225593493,164078.85528288744,1699771.8639135864,10476.138183297366,77967.92378494478,137017.57734807287,5.894491284169869,5.894491284169862,470.78890164530594,48662.61731103588,164169.65595071384,75842.39523866266,1,0.0005828110933962946,0.0007889623354523367,7,1
428,5,12.990727779168804,12.839621248947209,0,0.12305658939351914,1.6295665575771718,0.03137123897289352,13893.749787933524,138.93749787933524,0.0,519.6375469860803,1191.3132630758048,164769.25703347565,1709795.8446843033,10123.68179555335,80704.89279339071,129102.45466002208,5.7526509275429545,5.752650927542949,470.78890164530594,48662.61731103588,165208.44107982772,75842.39523866266,1,0.0008609441129231058,0.0007679093671690834,7,1
429,5,12.664893148590906,12.574975754268623,0,0.12564636551793454,1.6364632418587524,0.035736229024526764,12445.486187898665,124.45486187898665,0.0,526.7672356142983,1192.3036611434102,164917.71092655713,1712431.7782275376,10275.433568567665,79523.48997068773,129319.11598767973,5.535260486571923,5.535260486571919,470.78890164530594,48662.61731103588,165456.0405967291,75842.39523866266,1,0.00076990852236165,0.0007378879095603502,7,1
430,5,14.227377536973899,14.303925637551583,0,0.11045918722144939,1.7477743407341997,0.1061862916039238,7682.047016755234,76.82047016755234,0.0,498.22873420679923,1195.0486172012518,165565.40201654297,1720597.463125935,10019.965944384283,81565.35719507768,130049.88834680412,5.258137732355694,5.258137732355697,470.78890164530594,48662.61731103588,166142.27961118947,75842.39523866266,1,0.00047256000689640057,0.0007011375473937187,7,1
431,5,15.288882675161314,15.570728717768969,0,0.10147245056019372,1.7343947621453197,0.09771820388944281,10228.537577754649,102.28537577754649,0.0,501.3605454971782,1199.7682591411083,166613.5458418642,1734588.4818808897,9630.18717008548,84891.1706820205,130428.92023301883,4.690264808512522,4.69026480851252,470.78890164530594,48662.61731103588,167322.19009615362,75842.39523866266,1,0.0006273785022205674,0.000623282343826206,7,1
432,5,18.212853903148762,18.18604487735499,0,0.08687980320379578,1.9318986151191113,0.22272064248045015,15887.12904138824,158.8712904138824,0.0,530.808666662284,1209.3005365659412,169231.19445950864,1765100.386261244,9313.482878150384,87802.27992387279,126399.53837192219,5.276557876858027,5.27655787685803,470.78890164530594,48662.61731103588,169705.25945236185,75842.39523866266,1,0.0010055181685642825,0.0007018188925604168,7,1
433,5,18.579234956142773,18.520723021854906,0,0.08530984444481791,1.9268248993634867,0.21950942997689024,8397.85076053302,83.9785076053302,0.0,508.09185151302563,1213.793023274215,170622.48759199193,1781056.280561636,9209.76358019935,88804.3129936589,126822.30515965736,5.408646096503311,5.40864609650331,470.78890164530594,48662.61731103588,170828.38112943035,75842.39523866266,1,0.0005297396700027437,0.0007208787802625311,7,1
434,5,19.815613636329598,20.061111478700923,0,0.07875934499828195,1.6819260640089486,0.06451016709427122,21347.970133380197,213.47970133380198,0.0,546.4536850881937,1226.6018053542432,173255.7209323134,1823818.5668766522,8333.663801419396,98183.06856508405,127240.38082445509,7.158601953548101,7.158601953548106,470.78890164530594,48662.61731103588,174030.57664943737,75842.39523866266,1,0.0013422135328458374,0.0009591571238042879,7,1
435,5,19.78120658498099,19.694833163612824,0,0.08022408653448906,1.687598635121076,0.06810040197536457,11911.527132881205,119.11527132881206,0.0,535.030619580332,1229.5846575714095,174270.12778354998,1837386.3336352822,8356.013555708972,97945.10787840377,125235.38476412959,6.562556669501759,6.562556669501758,470.78890164530594,48662.61731103588,174776.28970372895,75842.39523866266,1,0.0007609048931539964,0.0008776193653341925,7,1
436,5,17.861932039691276,17.988689302142276,0,0.08783296956559462,1.604018736766485,0.015201732130686726,13867.570580247007,138.67570580247008,0.0,520.5350228368411,1229.8620089830144,174289.109111614,1839130.438337879,8573.428542910837,95471.45209122128,132203.59152127017,7.3032693528015225,7.303269352801524,470.78890164530594,48662.61731103588,174845.62755663018,76340.90857816572,1,0.0008391645292338892,0.0009807609850779077,7,1
437,5,17.288179725261326,17.40816799155531,0,0.09076199177113048,1.6206886084252112,0.025752283813424783,11350.15975862109,113.5015975862109,0.0,512.8518887217306,1230.089012178187,174441.175754861,1841691.0849905615,8760.255523249689,93447.23664857094,133609.23194283358,5.687306978735366,5.68730697873537,470.78890164530594,48662.61731103588,174902.37835542328,76357.93381780366,1,0.0006796033234276747,0.0007598909152718535,7,1
438,6,12.082339126336773,12.035083903387248,0,0.13128284045907754,2.383570830999685,0.5085891335441043,9683.019308342304,96.83019308342304,0.0,718.8877871236979,1398.9175208569854,165658.5258343746,1840463.2877833317,17826.62907859052,90363.32178834904,133898.76834918227,5.299383816007945,5.299383816007945,669.4938417459114,47993.12346928997,174902.37835542328,78080.17505446075,1,0.0005785277596036342,0.0006990985374217327,10,1
439,6,13.340863093638117,13.530158532501707,0,0.11677616313249956,2.370692255298706,0.5004381362650039,13030.931091251632,130.3093109125163,0.0,733.1404848982122,1406.7360795117365,168290.1695507963,1861246.6138869792,16920.659571391167,95219.53019901535,126320.45235113919,5.281428674744257,5.281428674744261,669.4938417459114,47993.12346928997,176857.018019111,78080.17505446075,1,0.0008252618383619406,0.0006944643071310833,10,1
440,6,13.62391027611588,13.735954160863777,0,0.11502659236456296,2.145706462524129,0.3580420648886891,11537.696435796099,115.37696435796099,0.0,737.4201102892896,1413.6586973732142,170293.4042195264,1880153.2753468403,15931.353596600888,101154.25188300927,126790.4903373011,5.39960402418046,5.399604024180457,669.4938417459114,47993.12346928997,178587.67248448043,78080.17505446075,1,0.000727984971434519,0.0007105915231333646,10,1
441,6,17.25404583167656,17.07090350734727,0,0.09255514796390081,2.549024239837455,0.6133064809097816,11035.42759279346,110.3542759279346,0.0,733.9936479985963,1420.2799539288903,171915.799004575,1899598.2398475118,15430.814462079803,104449.37156258668,123776.4025473025,5.731585179627415,5.731585179627415,669.4938417459114,47993.12346928997,180242.98662339945,78080.17505446075,1,0.0007132492052239862,0.0007554986716734819,10,1
442,6,17.896126198302852,17.854618929748913,0,0.0884925075251785,2.164105090075779,0.36968676587074617,14994.622939162142,149.94622939162142,0.0,751.4893656302719,1429.2767276923876,173083.1462389019,1927049.0764246085,13963.41569759764,115470.84780195224,124060.04153929031,6.0809559398778115,6.080955939877812,669.4938417459114,47993.12346928997,182492.18006427377,78080.17505446075,1,0.0009669268365939268,0.0008027203377508106,10,1
443,6,18.701524436790965,18.58537709371458,0,0.08501307194538134,2.0442314341102383,0.2938173633609103,10906.826641189708,109.06826641189707,0.0,741.6320302589002,1435.8208236771013,174459.30987087966,1949044.5967127627,13277.34001270463,121466.9212888093,124443.70437781306,6.0121024419052,6.012102441905203,669.4938417459114,47993.12346928997,184128.20406045223,78080.17505446075,1,0.0007011573109766266,0.0007937777842648465,10,1
444,6,21.35722157764449,21.063344537206227,0,0.07501182906679862,2.02347967559141,0.28068333898190495,10406.180683301303,104.06180683301304,0.0,729.1116997228729,1442.0645320870822,175955.61303426407,1974618.3719691983,12362.840062318279,130486.07195065645,124973.68736491102,5.892880613336099,5.892880613336093,669.4938417459114,47993.12346928997,185689.13116294742,78080.17505446075,1,0.0006661357860341444,0.000778073311201566,10,1
445,6,21.715110062574066,21.777745603109874,0,0.07255112759579556,1.9452862860718203,0.23119385194419,28277.905961673572,282.7790596167357,0.0,798.5359124049351,1458.0645320870822,180124.10589650908,2032236.5316344441,12022.576916976192,134207.2798524122,120582.3663196597,8.133944653033497,8.1339446530335,669.4938417459114,47993.12346928997,189689.13116294742,78080.17505446075,1,0.0018760889721941476,0.0010811273564016394,10,1
446,6,21.877700768496673,21.89126077593764,0,0.07217492021915427,1.922770474992139,0.2169433386026196,10605.682379831043,106.05682379831043,0.0,756.4763442625051,1464.0569692952922,181764.50456544838,2056743.1562570804,11909.487425932586,135508.73887419768,117896.95769436593,8.171446744750595,8.171446744750593,669.4938417459114,47993.12346928997,191187.24046499992,78080.17505446075,1,0.000719657747730864,0.001087294168653052,10,1
447,6,21.798516883838893,22.04415327935116,0,0.0716743337781085,1.968550704069353,0.2459181671325019,21510.249407993753,215.10249407993754,0.0,772.2681725556147,1476.2243203382804,184773.15137590753,2100444.239985711,12073.62198716371,133695.84648859742,118452.23503035826,10.089320063348781,10.089320063348792,669.4938417459114,47993.12346928997,194229.07822574698,78080.17505446075,1,0.0014527543124859311,0.001349500344136981,10,1
448,6,21.08610294640948,21.20852665097541,0,0.07449833861643254,1.750490867656608,0.10790561244089109,15567.069703258428,155.6706970325843,0.0,774.3540597001015,1483.3660982591575,186511.00471612153,2128852.033208539,11577.482927555015,139460.30875187222,117134.90613611283,8.114589972750078,8.114589972750071,669.4938417459114,47993.12346928997,196014.52270596626,78080.17505446075,1,0.0010631891187188366,0.0010785337263118772,10,1
449,6,20.44789535423524,20.034196943209484,0,0.07886515264269353,1.709950749589728,0.08224730986691636,11502.966847932328,115.02966847932328,0.0,736.4476145938775,1486.0253851968967,187366.03164298236,2141416.6633751458,11620.860368753565,138964.31625499483,120559.0190338188,8.202477390106239,8.202477390106226,669.4938417459114,47993.12346928997,196679.34444040104,78080.17505446075,1,0.0007633085896099109,0.0010930840069382263,10,1
450,6,16.01417191637345,15.93799155224532,0,0.09913419735609108,1.4297610355974193,0.09508795215353213,9007.38562892889,90.07385628928891,0.0,712.4872710809833,1486.0253851968967,187299.3406998693,2141268.6208764934,12008.047975163912,134497.2620365079,119570.91894390945,6.128411950542613,6.128411950542613,669.4938417459114,47993.12346928997,196679.34444040104,79360.23487038432,1,0.0006026472462358005,0.0008097149848548495,10,1
451,6,14.8033468582459,14.911150811381027,0,0.10596096974581301,1.4164007427808183,0.10354383368302644,10436.8513273539,104.368513273539,0.0,719.2429099960494,1486.0253851968967,187216.57020116062,2140621.500493456,12431.672965335247,129928.17736937173,108742.87852621646,5.433601469667355,5.433601469667357,669.4938417459114,47993.12346928997,196679.34444040104,80856.20343614984,1,0.0007678186539700777,0.0007112581632719297,10,1
452,6,15.409958347147445,15.347573503399474,0,0.10294786987988892,1.5440810322431004,0.022733523896771912,15069.363442294498,150.693634422945,0.0,741.5544304882571,1486.0253851968967,187163.88046537386,2140568.1669861046,12722.393408582786,126969.73047941538,114066.2874736012,6.143842527466863,6.1438425274668695,669.4938417459114,47993.12346928997,196679.34444040104,81871.26807484803,1,0.001056884643205877,0.0008091168478039182,10,1
453,6,15.901886961674352,15.750942612371755,0,0.10031145683680996,1.6311323081473608,0.03236222034643082,12196.464860044349,121.9646486004435,0.0,737.7660981548463,1488.15162552437,187944.76349370633,2149924.557125025,12873.803084715755,125506.53334340661,117053.7382366765,6.698501242227805,6.698501242227811,669.4938417459114,47993.12346928997,197210.90452226938,81871.26807484803,1,0.0008335634585464492,0.0008860889185741348,10,1
454,6,15.203447617506711,15.056954318755832,0,0.10493490028271248,1.6072146984244964,0.01722449267373184,11497.020445335329,114.97020445335329,0.0,722.4082380005797,1488.3815659332768,188009.3949083284,2151503.5408276306,13069.702734979335,123632.85446706438,124900.92635266637,6.603090459967912,6.603090459967903,669.4938417459114,47993.12346928997,197268.38962449605,81888.51360551604,1,0.0007363929655972415,0.0008756136891165224,10,1
455,6,16.551223696772418,16.66606328038149,0,0.09480343218544611,1.678054487011895,0.06205980190626259,12261.008294034524,122.61008294034524,0.0,723.1813889452363,1491.3642405911792,189180.61664368468,2164200.956974371,12800.415234061178,126254.86096567866,128232.92932428197,5.887380280051089,5.887380280051089,669.4938417459114,47993.12346928997,198014.05828897163,81888.51360551604,1,0.0007649210453909705,0.0007782924898448871,10,1
456,6,15.908294682433453,16.09775789966755,0,0.09815031446289985,1.5945149942990362,0.009186705252554514,7248.574217938285,72.48574217938285,0.0,697.155668142568,1491.9681794632907,189496.59892072922,2168755.2549700704,12728.168523422,126987.48921284665,129236.87160782484,4.941929952714094,4.941929952714093,669.4938417459114,47993.12346928997,198165.0430069995,81888.51360551604,1,0.0004487000731453428,0.000650004694711185,10,1
457,6,16.080269941860262,16.019543541382372,0,0.09862952686001797,1.6144843748992934,0.021825553733729967,13107.433694101226,131.07433694101226,0.0,710.0561758365398,1492.2303281371726,189618.81644974163,2170794.127682087,12739.223989678505,126882.71487088896,137958.49589210952,4.990533511631743,4.990533511631745,669.4938417459114,47993.12346928997,198230.58017547,81908.1747560572,1,0.0007600798259993729,0.0006579003148452288,10,1
458,6,14.34947210517554,14.479657151715685,0,0.1091186057407987,1.550867043004945,0.018438580376617174,14769.449928934777,147.69449928934776,0.0,727.8708626644968,1492.2303281371726,189529.58258813323,2170429.618678525,13218.053785097858,122300.6800805212,143450.247771479,5.130829061314596,5.1308290613145955,669.4938417459114,47993.12346928997,198230.58017547,83209.42899291989,1,0.0008236695388613341,0.0006774831460020166,10,1
459,6,11.99972448723281,12.022686315440104,0,0.13141821707274265,1.3663124074288022,0.13524531175392268,9860.050685602657,98.60050685602657,0.0,705.8226917304424,1492.2303281371726,189453.83522412454,2170025.952862152,13567.679514818483,119158.9970373435,143774.8873226079,5.367996477468126,5.367996477468127,669.4938417459114,47993.12346928997,198230.58017547,84547.30444411702,1,0.0005486382702413547,0.0007107958783673539,10,1
460,6,11.493958992757705,11.68606449182022,0,0.13520377207450268,1.3926553645169395,0.11857255410320289,21038.16675891987,210.3816675891987,0.0,741.8434498244545,1492.2303281371726,189407.0855025651,2169336.3625484626,13996.77530597427,115519.14816593169,144542.7670290741,6.359981845161259,6.359981845161259,669.4938417459114,47993.12346928997,198230.58017547,86281.450538453,1,0.001164398174538233,0.0008455686612136405,10,1
461,6,10.371055240680814,10.346451744264964,0,0.15270935766706625,1.302481560282897,0.17564458209943234,11928.809956703626,119.28809956703627,0.0,724.9748337839128,1492.2303281371726,189347.46211222798,2168850.9807615564,14250.572901737578,113470.68801739426,144855.58979092515,5.954137847818554,5.954137847818548,669.4938417459114,47993.12346928997,198230.58017547,87713.54118139973,1,0.0006587973566734082,0.0007906112671509986,10,1
462,6,10.736703021082139,10.98874483573793,0,0.14378348242844588,1.386703890452444,0.12233930984022534,8528.53675405749,85.2853675405749,0.0,682.0859354156808,1492.2303281371726,189307.83077589466,2168932.84697401,14451.91735334555,111895.51408662171,146433.8285158383,5.740228071686616,5.7402280716866185,669.4938417459114,47993.12346928997,198230.58017547,88529.51639749148,1,0.00046593259715995425,0.0007630427094571985,10,1
463,6,10.580585286057591,10.645864194709581,0,0.14841444255743697,1.4326781045898755,0.09324170595577501,9633.107897261638,96.33107897261638,0.0,679.6174314621499,1492.2303281371726,189197.89173082222,2168241.4479581094,14798.069074742109,109286.39965437404,147307.6823085603,4.178251328285709,4.178251328285708,669.4938417459114,47993.12346928997,198230.58017547,89845.54635764525,1,0.0005231557646577319,0.0005492952394970315,10,1
464,6,10.158900081105827,10.259476772042605,0,0.15400395508526804,1.4518606061296073,0.0811008821964511,8613.161878167773,86.13161878167773,0.0,679.213006414607,1492.2303281371726,189083.45774261642,2167551.73250059,15203.490297618207,106381.24498005526,143247.81616494473,3.7503332340526816,3.7503332340526856,669.4938417459114,47993.12346928997,198230.58017547,91051.32028154572,1,0.0004810216090554582,0.0004900366569577148,10,1
465,6,10.896658281663886,11.034214263872444,0,0.14319098417121917,1.5763625049425851,0.002302212061655033,16109.182376355966,161.09182376355966,0.0,707.1623269408565,1492.5525117846996,189276.33722560716,2169581.1222208287,15296.883245968456,105740.21456562035,147348.72666983365,4.746901340297465,4.746901340297466,669.4938417459114,47993.12346928997,198311.1260873518,91075.48405511025,1,0.000874615355853168,0.000626264243188786,10,1
466,6,11.187568249791317,11.210293433740325,0,0.14094189499487808,1.6080443543665162,0.017749591371212712,13862.312234318366,138.62312234318367,0.0,714.8615849939754,1493.6671860939082,189811.36030080798,2174007.100594907,15248.457205225839,106087.3446831576,152876.53640913658,5.234562796754898,5.234562796754897,669.4938417459114,47993.12346928997,198589.79466465395,91075.48405511025,1,0.00072541215597503,0.000693683040294552,10,1
467,6,11.275850534687772,11.38562222036296,0,0.13877151107070823,1.5875578818386817,0.004783469518152954,9280.72427904574,92.80724279045741,0.0,683.3099192027739,1494.3440089893645,190335.99226876133,2178381.8970342977,15092.424645200772,107196.04396925838,153919.3177800471,5.229201274925516,5.229201274925516,669.4938417459114,47993.12346928997,198759.00038851803,91075.48405511025,1,0.0004823682647714449,0.0006941319255332144,10,1
468,6,10.510680289428745,10.506398039752877,0,0.15038455558430028,1.5430744158386756,0.02337062288691425,12078.298503895316,120.78298503895316,0.0,688.6927658333057,1494.3440089893645,190247.27545479176,2178106.2234855867,15412.158064874578,104980.20337016162,153075.38085895198,4.6391502195410785,4.639150219541077,669.4938417459114,47993.12346928997,198759.00038851803,92016.00913740312,1,0.0006312340200557583,0.0006130048136007445,10,1
469,6,10.113784559661333,10.038208961090332,0,0.1573985963157698,1.5488123585100328,0.019739013601245078,10711.368921738836,107.11368921738837,0.0,689.6153536615722,1494.3440089893645,190155.25095619785,2177820.0530297905,15741.340847616444,102791.36083737426,156492.55417813634,4.203035383215395,4.203035383215396,669.4938417459114,47993.12346928997,198759.00038851803,92892.30505989058,1,0.0005475720670797424,0.0005537247839689819,10,1
470,6,18.008472491616597,18.034517977472913,0,0.08760977154884833,2.160817465234901,0.3676059906550006,17712.67881764775,177.1267881764775,0.0,716.0109138806818,1504.9716162799532,191312.6363828935,2211142.7410070584,13937.772452333847,116158.81296802638,157133.29245269482,5.229106820667932,5.229106820667926,669.4938417459114,47993.12346928997,201415.9022111652,92892.30505989058,1,0.0009017912647877687,0.0006935324506410898,10,1
471,6,17.614189198097748,17.50482976394289,0,0.09026080352146833,1.9810925673348267,0.25385605527520677,7513.165875302215,75.13165875302215,0.0,680.0510606680102,1509.4795158051345,193047.13324308096,2229729.4876076854,13495.695752606285,119992.24178917162,157699.2083199895,4.611622523937139,4.6116225239371404,669.4938417459114,47993.12346928997,202542.87709246052,92892.30505989058,1,0.0003811390535357491,0.0006101674618010868,10,1
472,6,20.266419287307375,20.162619650116355,0,0.07836283317435302,2.059182947658677,0.3032803466194159,11446.488237787473,114.46488237787473,0.0,677.9414907305203,1516.347408747807,194689.93765593634,2255839.5231422056,12829.14424946234,126264.0683541873,153052.4585766566,4.739346004180844,4.739346004180843,669.4938417459114,47993.12346928997,204259.85032812864,92892.30505989058,1,0.0005983040504797631,0.000627078122934427,10,1
473,6,23.799784468194638,23.799674622930006,0,0.06638746222512366,2.3440209943685444,0.4835575913724964,12731.527135287437,127.31527135287438,0.0,693.4654846430994,1523.9863250289795,197128.38986530234,2289843.166227016,12632.521529406868,128263.05327982115,150747.5758623657,4.1952934939558295,4.195293493955828,669.4938417459114,47993.12346928997,206169.57939842175,92892.30505989058,1,0.000675647462320003,0.0005516968554451717,10,1
474,6,22.506780133552887,22.536999424472004,0,0.07010693705233638,1.8497129101262944,0.1707043734976546,11769.584674372541,117.69584674372541,0.0,694.3709024650559,1531.048075833603,198271.2702500239,2318245.1060401374,11541.432118312956,140432.8605218306,151309.7023271428,4.781659210527318,4.781659210527312,669.4938417459114,47993.12346928997,207935.0170995776,92892.30505989058,1,0.0006222778575785353,0.0006320764567927671,10,1
475,6,24.632647972075596,24.665126247185928,0,0.06405805444357959,1.676184967042831,0.06087656141951327,14469.453882520822,144.6945388252082,0.0,706.525532441895,1539.7297481631156,199629.1957347418,2354992.469640552,10504.000362595307,154363.24052401137,151308.90775495264,5.1902883616454,5.190288361645399,669.4938417459114,47993.12346928997,210105.43518195575,92892.30505989058,1,0.0007650285285756923,0.0006876512828247434,10,1
476,6,27.5447740372387,27.104747935290426,0,0.05829237016968667,1.6869668051072295,0.06770050956153761,14737.465713875446,147.37465713875446,0.0,717.5928486703497,1545.0216598320399,200948.84283178757,2383222.8998029847,9966.245665616501,162728.7413290665,148920.3269348844,5.478120964104355,5.478120964104359,669.4938417459114,47993.12346928997,211428.41309918684,92892.30505989058,1,0.0007916966618167269,0.0007263343493236515,10,1
477,6,23.97084016695934,23.747088670612655,0,0.06653447173738276,1.5833050926194314,0.002091830771791993,9918.88227878844,99.1888227878844,0.0,694.829627017401,1545.0216598320399,200891.5137133158,2383630.3462800817,10350.543344159842,156704.61827010446,148408.86619960153,5.259970689510759,5.25997068951076,669.4938417459114,47993.12346928997,211428.41309918684,94117.95853381894,1,0.0005346786904468689,0.0006971346269464294,10,1
478,6,24.284866745261983,24.58692801044965,0,0.06426178981483521,1.583168312558511,0.002005261112981589,6597.745936366376,65.97745936366375,0.0,660.5637816661342,1545.3935606673604,201138.01494676335,2389221.0742772925,10283.52771819104,157743.24077007934,156657.13486444097,4.201274935652579,4.201274935652582,669.4938417459114,47993.12346928997,211521.388308017,94117.95853381894,1,0.00033692667452781173,0.0005544340089304691,10,1
479,6,24.593704251279078,24.586968680219293,0,0.06426168351819399,1.6178864230277792,0.023978748751758934,10824.373065032929,108.2437306503293,0.0,671.6012783747478,1547.0622355052144,201643.17723800062,2399698.844732065,10331.276806655762,157047.0971908441,154971.2565628659,3.638787279119811,3.6387872791198124,669.4938417459114,47993.12346928997,211938.55701748046,94117.95853381894,1,0.0005587809406780874,0.0004767954352175893,10,1
480,6,25.050009690716653,24.656139161248653,0,0.06408140340492727,1.633006785914268,0.03354859867991645,13633.028159855945,136.33028159855945,0.0,692.1285195816678,1548.6545207960203,202213.16857964106,2409698.4453547695,10285.106730469057,157771.5570386068,155629.52203311466,4.047146268495047,4.047146268495041,669.4938417459114,47993.12346928997,212336.6283401819,94117.95853381894,1,0.0007007939358423334,0.0005321671836827443,10,1
481,6,22.764334258816493,23.072103556128134,0,0.06848096863627068,1.573139179863063,0.004342291225909568,12313.353387334044,123.13353387334044,0.0,696.1592182698436,1548.6545207960203,202231.94508110805,2411074.721255562,10589.972305778543,153243.70052326657,153160.65274549063,4.795891541960146,4.795891541960148,669.4938417459114,47993.12346928997,212336.6283401819,94207.464097805,1,0.00064316014154342,0.0006342450060212802,10,1
482,6,21.22473294222294,21.269749590743597,0,0.07428390227441144,1.550256514366041,0.018824990907569065,16992.495128324168,169.92495128324168,0.0,715.934867512651,1548.6545207960203,202202.804668282,2411640.6478716116,10887.73103545228,149065.12659856697,152470.30022859515,5.611195701387038,5.611195701387043,669.4938417459114,47993.12346928997,212336.6283401819,95257.90638523505,1,0.0008915832186516439,0.0007451790986791325,10,1
483,6,21.51345147244443,21.264561268427645,0,0.07430202674088979,1.613602450965996,0.0212673740291114,19731.3137585375,197.31313758537502,0.0,737.1608929377128,1549.049147071191,202249.47792079297,2413953.4081347063,11033.540519985443,147105.34085012882,161598.4639348654,6.277940612432266,6.277940612432271,669.4938417459114,47993.12346928997,212435.28490897457,96076.63724636711,1,0.0009768069957145381,0.0008371834519698674,10,1
484,6,21.528919106344574,21.547654456877545,0,0.07332584635427446,1.6153760392842915,0.02238989828119712,14552.226645458488,145.5222664545849,0.0,715.7488462534786,1549.3401916041003,202440.28073674592,2418385.6296657887,11036.073551803327,147083.2357113031,164705.18250852235,6.424973824066513,6.424973824066514,669.4938417459114,47993.12346928997,212508.04604220187,96098.4655863353,1,0.000706825440405581,0.0008584052182572544,10,1
485,6,23.647083719621545,23.547345991048108,0,0.06709885694127321,1.646457395340041,0.04206164262027906,16480.903644071645,164.80903644071645,0.0,714.1648868474355,1553.3111358698566,203672.62926246485,2439842.0474954047,10632.049505827428,152701.77381269998,167677.84135165543,6.165658953115625,6.165658953115625,669.4938417459114,47993.12346928997,213500.78210864097,96098.4655863353,1,0.0007863127774651035,0.0008233150711950743,10,1
486,6,21.82510756296212,21.758306351353284,0,0.07261594604314091,1.5975389597739829,0.01110060745188784,13427.46223920399,134.2746223920399,0.0,701.095958864513,1553.3111358698566,203653.15635606792,2440953.204249945,10901.731028149068,148936.2439996438,176389.69434519,5.260257083641816,5.260257083641813,669.4938417459114,47993.12346928997,213500.78210864097,96740.35128354093,1,0.0006089907820998567,0.0007007096666568471,10,1
487,6,22.482803931444987,22.266795475500466,0,0.07095767335440926,1.6408070240701649,0.038485458272256204,16926.769375931613,169.26769375931613,0.0,713.7380460094165,1555.3446050356288,203946.48570424336,2449535.0848733997,10886.307716783429,149167.28069988568,171497.74035661368,5.468497557759083,5.468497557759081,669.4938417459114,47993.12346928997,214009.14940008402,96740.35128354093,1,0.0007895973132116593,0.0007283002909255397,10,1
488,6,27.369582196119744,27.555972467190852,0,0.057337842164024724,1.9978055521513778,0.26443389376669474,14046.163795214836,140.46163795214835,0.0,712.5600264370898,1563.7723033127577,206329.04186189867,2490086.61756898,10888.293703177931,149167.69510611548,170550.93562876713,5.158955375551779,5.158955375551775,669.4938417459114,47993.12346928997,216116.07396936623,96740.35128354093,1,0.0006588607089574076,0.0006858162680896412,10,1
489,6,23.671172301679025,23.697892869160007,0,0.06667259442531207,1.6100819651211498,0.019039218431107396,13538.596660395571,135.38596660395572,0.0,703.6803599944705,1566.7910791607203,206931.2525053877,2505761.5939893783,10511.926804955941,154544.69773160107,174512.8247726098,5.181970447001751,5.181970447001749,669.4938417459114,47993.12346928997,216870.7679313569,96740.35128354093,1,0.0006206350359882772,0.0006896976860524479,10,1
490,6,19.939117595551743,19.712396002119863,0,0.0801526105619067,1.46606107390064,0.07211324436668351,11700.31014729519,117.0031014729519,0.0,692.3378731468534,1566.7910791607203,206882.95911594792,2505966.560514494,10929.909872948858,148651.89598525505,178304.56357178427,4.532564119548057,4.5325641195480575,669.4938417459114,47993.12346928997,216870.7679313569,98053.11479262821,1,0.0005249584155521504,0.000601484720165945,10,1
491,6,18.9334406134882,18.868982291747802,0,0.08373530567628973,1.4460719268701094,0.08476460324676623,14942.59095883365,149.4259095883365,0.0,704.1642159526142,1566.7910791607203,206831.57201181556,2505877.602973096,11140.089286405648,145857.3498412593,180525.71870251,4.5412912242000285,4.541291224200032,669.4938417459114,47993.12346928997,216870.7679313569,99622.69938953868,1,0.0006621811480925966,0.000602591533211008,10,1
492,6,18.810381713661943,18.99436136296845,0,0.0831825808621489,1.5222669186803894,0.036539924885829515,13108.200197389508,131.08200197389507,0.0,703.7225567168759,1566.7910791607203,206770.65360177652,2505949.629312157,11467.63614373189,141703.5413237362,185368.01666784834,4.403848107820814,4.403848107820819,669.4938417459114,47993.12346928997,216870.7679313569,100942.35242313593,1,0.0005657157230474094,0.0005842850955640521,10,1
493,6,18.91004209853494,18.79903875851214,0,0.0840468504957245,1.611402846451151,0.0198752192728803,13552.530497979025,135.52530497979026,0.0,699.6252823261782,1567.0621297706798,206830.12322506582,2508105.2599166436,11768.078727168197,138100.08132958214,194481.8251190163,4.47572792841777,4.475727928417776,669.4938417459114,47993.12346928997,216938.53058384682,100962.6812188829,1,0.0005574826538031648,0.0005951265083143903,10,1
494,6,18.915394375021258,18.621549545662255,0,0.0848479336333237,1.6485174021339382,0.04336544438856841,14701.751813767178,147.01751813767177,0.0,706.588611410655,1568.1260607405281,207117.07822593092,2512889.102400059,11901.654978676357,136561.7962817281,201020.61378249057,4.285119003768492,4.285119003768486,669.4938417459114,47993.12346928997,217204.5133263089,100962.6812188829,1,0.0005850843468093216,0.0005694275745532987,10,1
495,6,17.70758276960789,17.805712872690577,0,0.08873556545008188,1.5901273622670247,0.006409722953813036,10010.184382259813,100.10184382259813,0.0,684.8441832402551,1568.1260607405281,207057.12090032347,2513155.26935404,12081.345059049503,134537.28467153286,201071.45184795835,3.873697145524714,3.8736971455247087,669.4938417459114,47993.12346928997,217204.5133263089,101893.19195138196,1,0.0003982737197254273,0.0005136135734459713,10,1
496,6,17.25471967828417,17.616394948063512,0,0.08968917900956132,1.5720476332172597,0.005033143533379975,6842.609430934429,68.4260943093443,0.0,654.1108571958966,1568.2629129291468,207139.36979755518,2515087.0156223583,12169.426687479729,133571.04562293718,205033.820046431,3.1589449542709156,3.158944954270917,669.4938417459114,47993.12346928997,217238.72637346358,101903.45586552836,1,0.00026698461470931514,0.00041678089374802134,10,1
497,6,16.99678859190973,17.06319519753499,0,0.09259695981373127,1.6031215388141247,0.014633885325395314,7816.002724098043,78.16002724098043,0.0,650.0542719930538,1568.4192329836287,207182.60820382377,2516225.6422204967,12382.372136210624,131281.72529027925,209060.9214539917,2.4600739823803064,2.4600739823803055,669.4938417459114,47993.12346928997,217277.80638708407,101915.17986961451,1,0.0002990899559702982,0.0003214494301350135,10,1
498,6,15.618842939523223,15.367325761761974,0,0.10281554673171982,1.5449132817599038,0.02220678369626344,14969.650086528613,149.69650086528614,0.0,679.060819395255,1568.4192329836287,207110.4512783556,2515851.371098293,12680.901187293686,128202.0203427408,215594.74573766478,2.8440650711949136,2.8440650711949145,669.4938417459114,47993.12346928997,217277.80638708407,103140.62926586704,1,0.0005554736516535947,0.0003738494074444027,10,1
499,6,13.3807760133276,13.324593941650567,0,0.11857772228699373,1.485259019861505,0.05996264565727536,13145.502445054071,131.45502445054072,0.0,688.0392245163689,1568.4192329836287,207036.1529423974,2515516.5078844302,13434.46555677103,121031.80123469637,220013.190816116,3.3566912843704158,3.3566912843704193,669.4938417459114,47993.12346928997,217277.80638708407,104390.95858355457,1,0.00047798961130620217,0.00044418440631003166,10,1
500,6,14.348450818959462,14.465183795588436,0,0.10922778599480122,1.589540110232847,0.006038044451168958,8243.902441495833,82.43902441495833,0.0,654.9429792794101,1568.5841110324586,207235.43628992813,2518241.7520215525,13421.836196359473,121156.14782151234,225624.47951288958,3.3319889498557727,3.331988949855777,669.4938417459114,47993.12346928997,217319.02589929156,104403.32443721681,1,0.0002923052484125463,0.00044192283712411436,10,1
501,6,11.687441059932548,11.645964334997165,0,0.13566931466997187,1.373585074075173,0.13064235818027034,12901.512290978873,129.01512290978874,0.0,665.7272400999469,1568.5841110324586,207163.10391869608,2517592.4651879743,13825.02675200738,117633.18367802395,226972.52233110822,3.087960501278709,3.08796050127871,669.4938417459114,47993.12346928997,217319.02589929156,105872.60223730722,1,0.0004547338914323068,0.00040834291705035174,10,1
502,6,14.882581003024034,14.749997775181926,0,0.10711866022505298,1.6818233801733986,0.06444517732493578,8371.5940552606,83.71594055260601,0.0,653.7945534550514,1570.8270297106994,207986.896585096,2526659.176769986,13557.678819289604,119972.91488494925,230579.96717629462,2.6280587442329617,2.628058744232964,669.4938417459114,47993.12346928997,217879.75556885175,105872.60223730722,1,0.00029045347374379417,0.00034583087119621574,10,1
503,6,15.409108790774809,15.51696157858142,0,0.10182405827316908,1.6385685677767219,0.037068713782735324,10942.836991765396,109.42836991765397,0.0,657.1430839965249,1573.7549795014143,208704.34356947494,2537399.623743982,13153.06985706773,123691.54904223401,230230.7770766701,2.842718446621925,2.8427184466219257,669.4938417459114,47993.12346928997,218611.74301653047,105872.60223730722,1,0.0003802388935384178,0.0003751420862381729,10,1
504,6,16.156013096917942,16.138327190027542,0,0.0979035795591218,1.610193431605016,0.019109766838617634,17032.31348317772,170.3231348317772,0.0,688.0343860493726,1577.4734616831508,209532.8143415481,2550030.9777424494,12735.013054831705,127777.83939796383,224628.17218864273,3.2198671188657424,3.2198671188657415,669.4938417459114,47993.12346928997,219541.36356196462,105872.60223730722,1,0.0006065958091445087,0.00042576272547557354,10,1
505,6,18.179819270455152,18.627199932025786,0,0.08482219580858756,1.718521679496369,0.08767194904833471,10873.060645424714,108.73060645424714,0.0,672.9219537732105,1580.5384931617905,210349.19886201492,2562094.1164144706,12403.34062565275,131211.89776921726,228218.3568996354,3.436376206470621,3.436376206470625,669.4938417459114,47993.12346928997,220307.62143162455,105872.60223730722,1,0.0003811458742630913,0.0004559935256486726,10,1
506,6,18.058005190811468,17.870135606000552,0,0.08841566929517072,1.6368926886972366,0.03600803082103577,12237.053654518733,122.37053654518733,0.0,663.8154190791297,1582.456642771142,211022.457735529,2571445.208112619,12146.66162240869,134000.52437344415,234152.75442200064,3.524328252388953,3.5243282523889503,669.4938417459114,47993.12346928997,220787.15883396243,105872.60223730722,1,0.00041808788232196715,0.000468609855243189,10,1
507,6,20.250520545808616,19.95801251289145,0,0.07916619948902391,1.7972604835846515,0.13750663518015913,11628.556536941363,116.28556536941363,0.0,666.254991558361,1586.5973004110972,212349.68575655052,2588224.927385363,12019.844936933514,135432.8540998833,232893.78728681928,3.0212050113255122,3.0212050113255122,669.4938417459114,47993.12346928997,221822.32324395122,105872.60223730722,1,0.00039944583056207567,0.00039955986238237803,10,1
508,6,21.809012986855848,21.50119958504651,0,0.07348427206353855,1.7585566566751196,0.11301054219944275,7987.511277768838,79.87511277768839,0.0,645.9280552274579,1590.146459115019,213469.47375213006,2606007.324821176,11458.104013981074,142099.45314933558,233272.97962176517,2.7569588461853987,2.7569588461853995,669.4938417459114,47993.12346928997,222709.61291993168,105872.60223730722,1,0.0002739283835005664,0.00036382069879486973,10,1
509,6,22.450422098937715,22.322965179817075,0,0.07077912756090889,1.6462849971788507,0.041952529860032034,7112.671353798282,71.12671353798282,0.0,631.3097358690475,1592.187189653813,214052.92261251077,2618301.367112022,10927.794542110421,149022.55715217086,235507.14831557745,2.3243099745630253,2.3243099745630285,669.4938417459114,47993.12346928997,223219.79555463014,105872.60223730722,1,0.00024161207520605253,0.00030499542975623154,10,1
510,6,26.342565444963157,25.978591215871887,0,0.06081931028787592,1.8467530582101352,0.16883104950008554,15274.630185118582,152.74630185118582,0.0,661.5782324664285,1600.4219993192025,216149.5297465667,2655561.6946147056,10686.076011986554,152428.96468704587,235973.6614630956,2.6168954427586764,2.616895442758678,669.4938417459114,47993.12346928997,225278.4979709775,105872.60223730722,1,0.0005178418672800028,0.00034446077532887396,10,1
511,7,27.204783962156935,27.25248914837667,0,0.05797635553206393,3.60698439652754,1.282901516789582,12632.332895163227,126.32332895163226,0.0,1194.111477725982,1814.6537526194404,206622.77228602054,2685802.9588048947,21142.959215973806,159465.51871557857,234073.53095871487,3.0847718666570905,3.0847718666570856,1170.3676547935743,46822.75581449639,226869.4073257301,105872.60223730722,1,0.0004317389614596373,0.0003970643013152309,13,1
512,7,29.416133226190766,29.436781346118927,0,0.05367434643829748,2.9932776091496294,0.8944794994617906,12408.696396604952,124.08696396604952,0.0,1186.071123693571,1822.0989704574033,207752.4365177185,2729165.749172402,18526.30189456423,182065.35974254482,235123.23005224898,3.5221286473075764,3.522128647307582,1170.3676547935743,46822.75581449639,228730.71178522086,105872.60223730722,1,0.0004222023113189623,0.0004572610466862008,13,1
513,7,21.3651196585289,21.727184492116596,0,0.07271996059007466,1.9639956095596656,0.2430351959238389,9948.590079989044,99.48590079989044,0.0,1172.612668434569,1828.0681245053968,209734.84700613507,2757507.527889838,17610.26241282758,191571.38734770927,230238.3280480994,3.10497365286102,3.1049736528610214,1170.3676547935743,46822.75581449639,230223.00029721923,105872.60223730722,1,0.00034567971942223874,0.00039987366406694615,13,1
514,7,23.5226497359745,23.746801632986326,0,0.06653527596765897,1.999361764129442,0.2654188380566089,19143.43888900867,191.4343888900867,0.0,1204.693917189525,1839.554187838802,212636.10849143934,2807492.4233814334,16936.494502567628,199259.20115443572,229220.89957463316,3.68610580694019,3.686105806940189,1170.3676547935743,46822.75581449639,233094.51613057053,105872.60223730722,1,0.0006681219356361758,0.000478667988792459,13,1
515,7,26.597608462387413,26.313196272479008,0,0.06004591702348693,1.9257766388837545,0.21884597397705977,13845.74363568932,138.4574363568932,0.0,1203.9270865330711,1847.8616340202154,214012.49430999553,2847732.663070471,15634.133918953114,215928.76568794338,223344.23368619184,3.870462952989898,3.870462952989901,1170.3676547935743,46822.75581449639,235171.37767592393,105872.60223730722,1,0.0004959427304541268,0.0005032481285041805,13,1
516,7,25.91997460115449,25.87714936797974,0,0.06105773002783237,1.7567664806290322,0.11187751938546335,13651.828101645064,136.51828101645063,0.0,1190.641839896663,1853.5570699070306,215871.25302617188,2880396.8124234127,15127.799487319397,223201.08153604798,223871.95855237718,4.2137665783947105,4.2137665783947105,1170.3676547935743,46822.75581449639,236595.2366476277,105872.60223730722,1,0.00048784414769663354,0.0005506362712623122,13,1
517,7,42.82846378066477,43.12509899620426,0,0.0366375970554657,2.7378191135648198,0.7327969073195061,8274.965961711634,82.74965961711634,0.0,1159.4695414893831,1858.5220494840576,217339.88892163194,2922472.2788086752,14693.59743180662,229856.02017965436,224039.4892468308,3.301786715205821,3.3017867152058207,1170.3676547935743,46822.75581449639,237836.48154188445,105872.60223730722,1,0.00029548240766054824,0.0004264230952704362,13,1
518,7,43.72285395051713,43.349497008323496,0,0.03644794309139563,2.288337993844668,0.44831518597763803,12703.496610239756,127.03496610239756,0.0,1167.9033391285648,1866.1441474502014,218732.9551468951,2982908.5633064494,13297.531266850643,254073.48872712525,223863.69841202372,3.2011826914815256,3.2011826914815216,1170.3676547935743,46822.75581449639,239742.00603342042,105872.60223730722,1,0.00045397254491378323,0.000412433033423655,13,1
519,7,38.85858687981174,38.99107521458194,0,0.04052209361513348,1.8548483267583729,0.17395463718884352,11863.917269028007,118.63917269028006,0.0,1175.5013564134679,1873.2624978116182,220549.65239631396,3034913.993136191,12700.668681736875,266075.6840768186,218672.05363460773,3.0760364126343025,3.076036412634303,1170.3676547935743,46822.75581449639,241521.59362377462,105872.60223730722,1,0.00043403506106371104,0.0003944966712126809,13,1
520,7,36.40250892675407,37.51683073555288,0,0.04211443155038975,1.6715271090522594,0.05792855003307554,16287.144916585059,162.8714491658506,0.0,1193.9901759419272,1877.2308912163357,221876.98310418005,3068322.4150637346,12457.883768668025,271307.729705043,215215.95997038553,3.8365170132977857,3.836517013297782,1170.3676547935743,46822.75581449639,242513.691974954,105872.60223730722,1,0.0006054251708405353,0.0004978109256060098,13,1
521,7,38.937398073959315,38.95184184793854,0,0.040562908582553174,1.6802581013080282,0.06345449449875198,9835.433855557416,98.35433855557416,0.0,1169.0333713055547,1879.803420550909,222655.56646967132,3092895.5145830833,12077.849873496149,279885.6009298455,220313.2750627657,3.5920800701651108,3.5920800701651117,1170.3676547935743,46822.75581449639,243156.82430859737,105872.60223730722,1,0.00035714357576520513,0.0004655346025564838,13,1
522,7,37.05500103747285,37.16694816314258,0,0.042510888789272235,1.6038683666034057,0.015106561141395969,11648.895907317932,116.48895907317933,0.0,1159.0466602328381,1880.520537247615,222914.68686164776,3102515.3893897925,12096.765705980633,279477.8394030248,224600.00396821162,3.5402487111620284,3.5402487111620258,1170.3676547935743,46822.75581449639,243336.10348277388,105872.60223730722,1,0.00041492059488891693,0.0004591631138315525,13,1
523,7,41.52733639726614,41.91417473925862,0,0.03769607799339788,1.7305937616759588,0.09531250738984728,10565.355476238457,105.65355476238457,0.0,1156.6764476950818,1884.2369754627825,223984.0075279612,3135819.6377134477,11870.90203653476,284854.2235196588,226068.53809833093,2.975219524083408,2.975219524083409,1170.3676547935743,46822.75581449639,244265.21303656575,105872.60223730722,1,0.0003738814985973128,0.0003819818897504783,13,1
524,7,40.67471559396442,40.70322397104337,0,0.03881756396309113,1.6502001629149403,0.044430482857557116,11136.999252527821,111.36999252527822,0.0,1156.596676348135,1886.7628438562062,224898.32927850226,3162637.6907995837,11713.929674504156,288729.06978540635,225282.27069589982,3.069158395934638,3.06915839593464,1170.3676547935743,46822.75581449639,244896.68013492165,105872.60223730722,1,0.000395486043997177,0.0003947627124944689,13,1
525,7,43.86233198023792,43.94917337339386,0,0.03595061928870105,1.6578888166391819,0.049296719391887206,7875.276370243137,78.75276370243137,0.0,1137.5291549075446,1888.742179632582,225556.98103952056,3186400.1420054403,11307.361725849136,299155.9197831127,230854.4047544269,2.7160587108162333,2.716058710816234,1170.3676547935743,46822.75581449639,245391.51407901561,105872.60223730722,1,0.0002729088536515652,0.00034742546541535166,13,1
526,7,39.61055796466148,39.156536170921896,0,0.040350862320996786,1.5377804727854363,0.02672121975605303,8444.373285973918,84.44373285973917,0.0,1128.3151807410409,1888.742179632582,225500.3481161326,3186537.4901777133,11459.883708027377,295186.7291323282,236824.34656163887,2.4944435085218677,2.4944435085218655,1170.3676547935743,46822.75581449639,245391.51407901561,107829.99124066773,1,0.000285253552975427,0.0003178828168747231,13,1
527,7,42.376828017995656,42.00197818708494,0,0.03761727585692213,1.6291310469037703,0.031095599306183695,17203.230673995,172.03230673995,0.0,1162.0136834440186,1890.0781785838262,225842.44174427586,3199067.0606582733,11404.242577123117,296646.2564719608,237768.6143623386,2.945044898694251,2.9450448986942535,1170.3676547935743,46822.75581449639,245725.51381682663,107829.99124066773,1,0.0005788225908665567,0.00037899499916451627,13,1
528,7,36.66041097768989,35.995385621086456,0,0.043894515164588775,1.454951587825276,0.07914456466754695,11996.70459688084,119.9670459688084,0.0,1156.93127919142,1890.0781785838262,225783.35937309964,3199373.9264379903,11587.526041277713,291970.86036579474,240336.8778863678,3.2499907235859946,3.249990723585993,1170.3676547935743,46822.75581449639,245725.51381682663,110237.56037190148,1,0.00039932963105405507,0.0004211352582986796,13,1
529,7,36.887120422148264,36.444751015894,0,0.04335329384774622,1.5341664277502864,0.02900859003146432,7922.934417519457,79.22934417519457,0.0,1116.7050062877374,1890.0781785838262,225710.1576069186,3199730.5292435717,11862.591287776724,285221.22856815014,247320.1761445973,3.1685931673916063,3.1685931673916063,1170.3676547935743,46822.75581449639,245725.51381682663,112483.21168915975,1,0.00025628105368604505,0.0004114777585355523,13,1
530,7,35.40170489907159,35.336563984684624,0,0.04471289287449665,1.5124120334096607,0.042777194044518595,11237.84762710569,112.3784762710569,0.0,1121.3985493797302,1890.0781785838262,225663.1512330883,3200100.558583944,12023.0020499084,281427.78632368904,252812.9103212496,2.6225393452080232,2.622539345208021,1170.3676547935743,46822.75581449639,245725.51381682663,114248.99465149544,1,0.00035560992871212934,0.0003370735378174098,13,1
531,7,38.567843385472884,39.26278913181756,0,0.04024166481641031,1.6213925630138637,0.02619782469231875,13338.46781182959,133.3846781182959,0.0,1136.4869126092415,1891.7522861583814,226396.11360263478,3219252.302959086,11927.505654598106,283717.94749742455,252330.60473758497,2.682358245965816,2.682358245965816,1170.3676547935743,46822.75581449639,246144.0407104654,114248.99465149544,1,0.00042288862504653,0.00034492653581490146,13,1
532,7,31.155405505485145,31.09351572522427,0,0.05081445321148559,1.3943863383929356,0.11747700101712942,10398.721423276953,103.98721423276953,0.0,1125.2619797060659,1891.7522861583814,226353.44186558755,3219691.3548107655,12307.345086005056,274988.5855109222,255012.84306637975,2.8492023344935906,2.8492023344935906,1170.3676547935743,46822.75581449639,246144.0407104654,116047.09502672341,1,0.00032621796763609024,0.00036823884046491653,13,1
533,7,21.580930059924817,21.892745581048693,0,0.0721700251871431,1.003606484801944,0.36480602227725073,4745.546394963397,47.455463949633966,0.0,1084.8536414703217,1891.7522861583814,226276.85862096088,3219142.602944946,12545.821408377285,269777.54573988105,250108.0048629574,2.3505065848780666,2.3505065848780684,1170.3676547935743,46822.75581449639,246144.0407104654,118338.15221811351,1,0.0001517919075821229,0.00030029950008824774,13,1
534,7,15.421304056911612,15.693109737441416,0,0.10068112862489938,0.7490427082440868,0.5259223365543755,14631.808256842423,146.31808256842424,0.0,1111.776053526525,1891.7522861583814,226212.32214852926,3217618.275493322,12822.188367616724,263983.43287466833,250400.369306066,2.462725574220391,2.462725574220391,1170.3676547935743,46822.75581449639,246144.0407104654,121605.89497010173,1,0.0004674692229054302,0.00031515969937454777,13,1
535,7,16.741028071133304,16.971916405377097,0,0.09309496713638181,0.8570512459319438,0.45756250257471914,18347.81697363944,183.47816973639442,0.0,1146.3152999582182,1891.7522861583814,226147.02859006182,3216014.4538703817,13164.35966884103,257143.21728208885,242101.63538865343,3.154983786898867,3.154983786898866,1170.3676547935743,46822.75581449639,246144.0407104654,125261.2435125966,1,0.0006062847760341679,0.00040851530217390696,13,1
536,7,15.42718716565155,15.568807736901727,0,0.10148497089183196,0.8485602978697226,0.4629365203356186,18614.737453093592,186.14737453093593,0.0,1159.6752461074568,1891.7522861583814,226108.02769839356,3215539.2436420443,13646.193535567341,248093.60313039605,242363.30887965896,4.282588121493316,4.282588121493317,1170.3676547935743,46822.75581449639,246144.0407104654,128340.42242779057,1,0.0006144407761766084,0.0005627315917054021,13,1
537,7,15.092272272476318,14.952534736121477,0,0.10566770302717482,0.8809707386688752,0.4424235831209651,11683.902200474085,116.83902200474085,0.0,1123.2611943346392,1891.7522861583814,226070.59154624582,3215770.053662866,14058.432431668174,240840.79149273058,242665.26192734783,4.076670708938543,4.0766707089385505,1170.3676547935743,46822.75581449639,246144.0407104654,130450.43516797455,1,0.0003851858187752365,0.0005353037903286709,13,1
538,7,16.895425502664533,17.029895523933412,0,0.09277802073298133,1.0419524960046103,0.340536394933791,11052.436482665144,110.52436482665144,0.0,1101.093947746875,1891.7522861583814,226000.77252895513,3215162.8930579494,14450.801600735036,234322.0471520651,243078.33369819276,3.482884547929097,3.4828845479290957,1170.3676547935743,46822.75581449639,246144.0407104654,132949.9425764412,1,0.0003637489632091325,0.0004544585193869925,13,1
539,7,16.47716205362058,16.567637607209697,0,0.0953666441443912,1.0785662503084763,0.3173631327161543,9476.406275078129,94.76406275078129,0.0,1096.5255927938097,1891.7522861583814,225921.32782194484,3214098.2980571743,14888.646036881373,227452.54029460542,217581.95283444313,2.8541903547864513,2.8541903547864487,1170.3676547935743,46822.75581449639,246144.0407104654,135318.42815228328,1,0.0003484261870666699,0.0003657869896836797,13,1
540,7,20.016629167086176,19.997787125468008,0,0.07900874182162909,1.341839636739388,0.1507344071269696,8501.11084385473,85.01110843854731,0.0,1088.8184211342877,1891.7522861583814,225858.9153624997,3213693.5683711013,15067.339204690566,224764.0724996458,218175.70082670552,2.6736241557924334,2.673624155792434,1170.3676547935743,46822.75581449639,246144.0407104654,136918.8111001237,1,0.00031171613746691494,0.0003412970959142391,13,1
541,7,22.16001089773689,22.325078394617947,0,0.07077242785319406,1.5518366311340244,0.01782491700378209,21366.787502443232,213.66787502443233,0.0,1134.8496239818355,1891.7522861583814,225825.46793638082,3214061.7362762885,15400.512571485988,219917.17399109981,225159.0631447492,3.6376309399377362,3.6376309399377362,1170.3676547935743,46822.75581449639,246144.0407104654,138157.178314681,1,0.0007591713059742855,0.0004731045435026234,13,1
542,7,25.06437175550734,25.11109641757348,0,0.06292039079959368,1.6193748969239594,0.024920820837948953,15824.048796404963,158.24048796404963,0.0,1139.8899816095836,1896.5804976919674,226863.3921582369,3240670.452051765,14794.675060209134,228989.12192315352,228463.18520829253,4.136258541767654,4.136258541767652,1170.3676547935743,46822.75581449639,247351.0935938619,138157.178314681,1,0.0005541041120293582,0.0005416638518235196,13,1
543,7,21.801861583737356,22.027881539205996,0,0.07172727877566713,1.4943696144441017,0.05419644655436608,21913.861613346948,219.13861613346947,0.0,1156.2374631158584,1896.5804976919674,226795.14960185223,3240963.0530562894,15239.22326248802,222330.16049113605,233314.5998385315,5.204908911180899,5.204908911180907,1170.3676547935743,46822.75581449639,247351.0935938619,140310.5896190694,1,0.0007513927247934843,0.0006882227142657092,13,1
544,7,20.851090744308472,20.541502745289023,0,0.07691744949684153,1.5204572859432999,0.03768526206120265,12461.564454006044,124.61564454006044,0.0,1118.6425959639537,1896.5804976919674,226737.50616784176,3241612.3744912227,15718.97333779403,215565.239815577,240080.97674403564,4.3572088991163085,4.357208899116316,1170.3676547935743,46822.75581449639,247351.0935938619,141641.60935126903,1,0.0004152453767227729,0.0005735807378485384,13,1
545,7,20.0982544021866,20.294137176951995,0,0.07785499754059032,1.5277602480799342,0.033063134126624,13022.71722818933,130.2271722818933,0.0,1092.8586383625504,1896.5804976919674,226701.34330662474,3242433.0051662023,16049.599010024951,211138.4455525423,247182.15066356905,4.02579115355269,4.0257911535526905,1170.3676547935743,46822.75581449639,247351.0935938619,142626.3507751232,1,0.0004214775927219468,0.0005293718980794014,13,1
546,7,20.893382166188665,21.046606555504336,0,0.07507148460409555,1.585560604673817,0.003519370046719637,14215.333812933364,142.15333812933363,0.0,1100.8640445121134,1896.864804368226,226892.42563079647,3246224.2895455468,16036.61074375854,211318.97193465073,246744.92962638428,3.320375293117016,3.320375293117012,1170.3676547935743,46822.75581449639,247422.17026292658,142647.6737758426,1,0.00046089162065321166,0.00043253819669931043,13,1
547,7,20.503660209392873,20.40340656078451,0,0.07743804914600737,1.5968041098733055,0.010635512578041382,10531.126275689272,105.31126275689272,0.0,1081.4753092112978,1897.0754268937399,226835.44869961156,3246684.713110746,16245.975955190384,208605.40669676734,255980.11375338634,3.1021717256306,3.1021717256306034,1170.3676547935743,46822.75581449639,247474.82589430502,144236.80227849333,1,0.00032912326262453525,0.0004038308253332312,13,1
548,7,20.266939052157554,20.40019989830329,0,0.07745022146235983,1.6026489482893942,0.01433477739835071,9285.183469486736,92.85183469486736,0.0,1061.3933499156356,1897.2611305631297,226946.49878463807,3249209.0515210154,16370.849326091287,207024.13081672275,261317.63395681986,2.7623145062864554,2.7623145062864523,1170.3676547935743,46822.75581449639,247521.25181165244,144250.73005369757,1,0.00028425738680983226,0.0003580907566958597,13,1
549,7,20.26734057527949,20.007399087623092,0,0.07897078441232344,1.620171029926317,0.02542470248501072,14578.243912283411,145.78243912283412,0.0,1079.1348168749967,1897.5526954413754,227041.23856224824,3251308.8258073684,16460.10469750423,205905.76034694794,268935.6774695787,2.694253006326258,2.6942530063262584,1170.3676547935743,46822.75581449639,247594.14303121387,144272.59741956598,1,0.0004336574172516018,0.0003490126888953231,13,1
550,7,20.44243702810533,20.312685783155974,0,0.07778390395376442,1.621419836984389,0.02621508669898038,8778.239698904143,87.78239698904143,0.0,1058.140212900476,1898.139146847637,227319.91400223112,3256030.484939982,16396.158286501995,206718.4732968649,279072.31675692473,2.4976460743633875,2.497646074363387,1170.3676547935743,46822.75581449639,247740.75588277925,144272.59741956598,1,0.0002516405726204679,0.000323185125560634,13,1
551,7,21.769201908155384,21.732753319348145,0,0.07270132673863114,1.6197350133812183,0.02514874264634064,13057.567637524486,130.57567637524485,0.0,1063.6279757380644,1900.9452197154872,228088.02682872996,3271796.351323041,15881.849053376998,213451.69170362232,286115.1106392821,2.6916558311354466,2.691655831135444,1170.3676547935743,46822.75581449639,248442.27409974177,144272.59741956598,1,0.0003650997001409474,0.0003501325633376723,13,1
552,7,19.478562058089874,19.275017284548554,0,0.08197139212251585,1.5133475958269809,0.042185065932290634,13596.605850424708,135.9660585042471,0.0,1076.3156381673703,1900.9452197154872,228018.08093151575,3271605.97706796,16229.5059414176,208892.81452837057,278954.5445703896,2.5903964763617378,2.590396476361739,1170.3676547935743,46822.75581449639,248442.27409974177,145740.63705309815,1,0.000389930362923163,0.0003355568785615261,13,1
553,7,27.668360315432686,27.274115928402324,0,0.057930383670278474,2.0318915023429978,0.28600727996392256,7438.3673324481,74.383673324481,0.0,1047.9497436728159,1905.408240114956,229745.6609136527,3299679.6553974655,15780.132651691023,214878.79423131156,263656.5074854483,2.5315158112402028,2.531515811240203,1170.3676547935743,46822.75581449639,249558.02919960898,145740.63705309815,1,0.00022569872910445455,0.0003269095973895216,13,1
554,7,23.877948876963984,23.660760513750123,0,0.06677722802197356,1.6766436407374343,0.06116686122622421,15540.928784098265,155.40928784098264,0.0,1069.26153413471,1909.4033667189392,231060.50498995717,3321504.903925296,15431.561677807655,219768.847643941,268201.1445098636,2.77154558842349,2.7715455884234874,1170.3676547935743,46822.75581449639,250556.8108506048,145740.63705309815,1,0.000463560401652998,0.0003597298312268718,13,1
555,7,22.332343679667634,22.430542052420517,0,0.07043967088746746,1.609340763196357,0.018570103288833493,14127.21392767784,141.2721392767784,0.0,1079.8139107057182,1909.6859109974928,231124.6079935032,3323929.7651507896,15633.539241845447,216941.97976135212,279208.049778077,2.8033215274485905,2.8033215274485928,1170.3676547935743,46822.75581449639,250627.44692024318,145761.82787398968,1,0.00040477955958380363,0.0003646795634470854,13,1
556,7,22.598285319222803,22.466759548904278,0,0.0703261187516051,1.6219836880576575,0.02657195446687177,10296.075005325405,102.96075005325406,0.0,1055.2467485389204,1910.2979802380787,231299.1155116608,3328564.759915151,15602.587394747383,217383.02564980963,273635.1895311017,2.986191704767028,2.9861917047670254,1170.3676547935743,46822.75581449639,250780.46423038963,145761.82787398968,1,0.0003010161090163483,0.00038978535675105,13,1
557,7,23.704919543485264,24.029141270039386,0,0.06575349415295233,1.6432464216897325,0.04002938081628631,13344.450949066972,133.44450949066973,0.0,1062.245274260378,1912.7708640075627,232147.99145128837,3344048.262538264,15334.677048665715,221212.887407453,277631.2437973594,2.79276153664057,2.7927615366405725,1170.3676547935743,46822.75581449639,251398.68517276066,145761.82787398968,1,0.0003845230318186226,0.00036343956680625814,13,1
558,7,25.425548261212466,25.604219018792545,0,0.06170858009144269,1.6058385851802819,0.016353534924228995,24088.244678320574,240.88244678320575,0.0,1110.7467165078615,1921.5122718044327,233427.78892305677,3382450.469275248,14639.880317403073,231796.01423434325,272794.01455436344,3.535708523816479,3.5357085238164747,1170.3676547935743,46822.75581449639,253584.03712197815,145761.82787398968,1,0.0007064156365064287,0.0004639849257804665,13,1
559,7,22.434917094311984,22.234694662984683,0,0.07106011681061278,1.5574290308471523,0.014285423514460589,15236.550643397184,152.36550643397183,0.0,1091.923289560515,1921.5122718044327,233338.9846825317,3382716.9230004745,15349.534582165883,221111.54278397595,280798.9588400696,3.852841429593014,3.852841429593014,1170.3676547935743,46822.75581449639,253584.03712197815,147646.5192667149,1,0.00043409137145911526,0.0005083433465947222,13,1
560,7,28.31453842536296,27.99835072173292,0,0.05643189542495338,1.7993021804684177,0.13879884839773268,8339.114297319475,83.39114297319475,0.0,1030.350485297099,1925.8082326789306,234702.15320272674,3411817.281792348,14687.505678359425,231128.4610316984,275501.61296527,3.5009737572812605,3.5009737572812636,1170.3676547935743,46822.75581449639,254658.02734060262,147646.5192667149,1,0.0002421507215892986,0.0004608859098516141,13,1
561,7,26.937486447878516,26.863476361957815,0,0.058815917147547074,1.6800000738982577,0.06329118601155544,14603.283430629162,146.03283430629162,0.0,1043.2458023990937,1928.8758830084791,235793.12695208922,3431449.308885025,14551.421036871167,233320.64865244165,281140.9967020048,2.7921204905634034,2.7921204905634003,1170.3676547935743,46822.75581449639,255424.93992298975,147646.5192667149,1,0.00041554333524990384,0.00036392847609943924,13,1
562,7,27.562378184528374,27.60666381922113,0,0.05723255842670586,1.615492416757955,0.022463554910098032,7217.271467466095,72.17271467466095,0.0,1018.6185370492185,1930.1164434311831,236625.6480381064,3446656.819924942,14107.547568225415,240692.904094214,280497.0308609511,2.2338208689681953,2.2338208689681958,1170.3676547935743,46822.75581449639,255735.08002866575,147646.5192667149,1,0.00020584236333093635,0.0002878454733900463,13,1
563,7,28.27346258953799,27.944375522454017,0,0.05654089491928098,1.6283563701919168,0.03060529758982072,6745.42872693151,67.4542872693151,0.0,993.160757393601,1930.9107984371556,236939.4094713448,3454720.0849725353,13984.992948692521,242824.10299608344,288208.2309360791,2.0934285221514872,2.09342852215149,1170.3676547935743,46822.75581449639,255933.66878015886,147646.5192667149,1,0.00018723764286739084,0.00026954111381607705,13,1
564,7,25.03483678465896,25.19280850663133,0,0.06271631047344751,1.479474600622629,0.06362367049200705,12494.355580827485,124.94355580827485,0.0,1013.2541146801154,1930.9107984371556,236860.00367680224,3453985.556720969,14166.68147785299,239720.61326976737,294310.75343630137,1.908574166514828,1.9085741665148288,1170.3676547935743,46822.75581449639,255933.66878015886,149685.105768039,1,0.0003396234880294764,0.0002442344980759346,13,1
565,7,23.6431866614821,23.708789984165403,0,0.06664195013981095,1.4608212249445405,0.07542960446548075,9288.95196473387,92.8895196473387,0.0,1009.9532310019582,1930.9107984371556,236738.29060066366,3452775.422192953,14485.976856983349,234453.50393000332,298353.4414273331,2.011660773086323,2.011660773086326,1170.3676547935743,46822.75581449639,255933.66878015886,152230.1440535493,1,0.0002490724268584322,0.0002586445192517665,13,1
566,7,24.675653523126613,24.369470215499625,0,0.06483522153038347,1.5888905368060984,0.005626922029176141,9463.385120183917,94.63385120183918,0.0,999.0794778765322,1930.9107984371556,236639.89266061506,3452352.4510113,14788.644003306064,229669.3491774366,310873.9512162433,2.142385501100488,2.1423855011004864,1170.3676547935743,46822.75581449639,255933.66878015886,154075.73903151968,1,0.0002435298315129969,0.00027740858213363517,13,1
567,7,26.76238444217652,26.44259323854776,0,0.05975208201957632,1.6493891626066357,0.043917191523187106,12118.20715371147,121.1820715371147,0.0,1009.5716780380267,1933.542626476578,237535.8586922705,3470292.1041765898,14469.307279921868,234773.68035162968,318002.5063877677,2.0563646015992707,2.0563646015992707,1170.3676547935743,46822.75581449639,256591.62579001448,154075.73903151968,1,0.0003048581545186868,0.0002658201376300386,13,1
568,7,28.148972982391193,28.1205897809902,0,0.05618658827234469,1.6641370914737497,0.05325132371756303,6745.188732611808,67.45188732611808,0.0,985.1697395422973,1935.2726935172554,238386.56335038613,3487155.7611991195,14172.64566419259,239731.10264434843,321036.30769850226,1.8554267138760168,1.8554267138760183,1170.3676547935743,46822.75581449639,257024.14255018384,154075.73903151968,1,0.0001680853802728501,0.0002388244554348446,13,1
569,7,29.378552565846274,29.034960981973832,0,0.054417155958326684,1.673124907943113,0.058939815153868924,17483.025465946605,174.83025465946605,0.0,1016.8601460362349,1939.3996995728842,239434.85184428614,3511122.927635365,13911.410751183736,244271.72775831167,317321.7494818796,2.340321085105968,2.340321085105969,1170.3676547935743,46822.75581449639,258055.894064091,154075.73903151968,1,0.00044076463071296564,0.00030456938850150086,13,1
570,7,27.807291397755165,27.78301567859598,0,0.05686927647732752,1.6210447402129613,0.025977683679089383,15327.145996780842,153.27145996780843,0.0,1030.3762211387552,1940.6352201095585,239824.83923060217,3520552.8823233237,14075.668791809774,241453.06665670595,329480.11172327603,2.5012541605668908,2.5012541605668894,1170.3676547935743,46822.75581449639,258364.7741982596,154075.73903151968,1,0.00037215347333993416,0.00032700116144191663,13,1
571,7,29.956307822589547,30.38919720146948,0,0.05199215989567499,1.7405244657426555,0.10159776312826294,10086.206668245486,100.86206668245487,0.0,993.5179908091189,1943.382538443471,240556.76703325464,3538438.9970653136,14053.281327179504,241872.16533886024,334045.9714973212,2.67443670249265,2.67443670249265,1170.3676547935743,46822.75581449639,259051.60378173774,154075.73903151968,1,0.00024155254135914934,0.0003514902151373497,13,1
572,7,30.402833666572917,30.280249604912512,0,0.052179226413763415,1.7154576205927679,0.08573267126124542,8815.051563968555,88.15051563968555,0.0,970.7607055292909,1945.6816854203894,241159.25196211718,3554139.465923126,13849.739512971762,245457.1431457129,338217.92599155573,2.105478633030871,2.105478633030872,1170.3676547935743,46822.75581449639,259626.3905259673,154075.73903151968,1,0.0002085058392603032,0.00027407061798646225,13,1
573,7,30.542224937240245,30.303266884999896,0,0.052139592935509516,1.621389135912655,0.0261956556409209,6947.316221282164,69.47316221282165,0.0,954.7312503078485,1947.068474757361,241849.46152745487,3570019.274271473,13434.933552406532,253074.81929284448,344517.2687791168,1.5888438131135165,1.5888438131135174,1170.3676547935743,46822.75581449639,259973.0878602102,154075.73903151968,1,0.00016132291413784207,0.0002037937649190982,13,1
574,7,31.695320440751196,31.53428890270734,0,0.05010418991450132,1.6012849346760925,0.013471477643096443,17362.693883948334,173.62693883948333,0.0,989.845016930901,1949.222375105665,242596.45730971065,3587894.526088808,13107.035870885591,259436.4644042396,354731.2467557122,1.9545830062309224,1.9545830062309242,1170.3676547935743,46822.75581449639,260511.5629472862,154075.73903151968,1,0.00039156841226124653,0.00025379905521979724,13,1
575,7,28.81015511475153,28.411660280821632,0,0.055610970439011184,1.5119557526626557,0.04306597932743315,11310.367936958753,113.10367936958754,0.0,984.8895142529691,1949.222375105665,242570.75996277615,3588770.7857994,13359.141889218043,254557.01950969722,357874.02418800024,2.0610498670535553,2.061049867053556,1170.3676547935743,46822.75581449639,260511.5629472862,155134.6729783564,1,0.00025283462162690263,0.00026857531600866374,13,1
576,7,20.375781173843464,20.216515927796625,0,0.07815392155814468,1.1126944759279351,0.29576298991902844,10772.358906806541,107.72358906806541,0.0,965.828005402727,1949.222375105665,242487.72371214553,3587911.837384945,13627.846714327014,249554.59789646065,358233.37239953806,2.2518324821265887,2.25183248212659,1170.3676547935743,46822.75581449639,260511.5629472862,158029.87915678,1,0.00024056628414378142,0.0002949897726773102,13,1
577,7,16.9609554263099,16.779693250135804,0,0.09416143528054141,0.9678962600204878,0.38740743036677994,19317.026471180612,193.1702647118061,0.0,999.4079617073044,1949.222375105665,242449.28130615718,3586843.056064799,13931.695607696429,244132.43234358073,354342.49992162635,2.364783379832485,2.3647833798324824,1170.3676547935743,46822.75581449639,260511.5629472862,161118.63068665235,1,0.00043612101795191175,0.0003098406412408653,13,1
578,7,16.114616470715728,15.977286130639756,0,0.09889038645743614,0.9652225013936461,0.38909968266224937,10598.458813049134,105.98458813049135,0.0,977.4405797047665,1949.222375105665,242417.22088320108,3586875.107816847,14273.678493349837,238302.41650451257,349207.9231240682,2.3395833042468714,2.339583304246869,1170.3676547935743,46822.75581449639,260511.5629472862,162966.49732134436,1,0.00024279996211388745,0.00030649575473652686,13,1
579,7,13.77865874079138,13.608446374064856,0,0.11610436317044857,0.8920369027197806,0.4354196818229237,18249.345577537504,182.49345577537505,0.0,994.5366112992692,1949.222375105665,242321.7540033419,3585200.5173167596,14840.460585190656,229230.02550236633,349575.66991305153,2.7721261925804774,2.7721261925804748,1170.3676547935743,46822.75581449639,260511.5629472862,166703.24280396174,1,0.0004176342268230873,0.00036551840229629546,13,1
580,7,15.125808599638042,14.939293082278033,0,0.10576136309115587,1.0465206600988157,0.3376451518361926,14383.770040199543,143.83770040199542,0.0,996.395618686716,1949.222375105665,242233.15344899506,3583928.4275042578,15342.511394239675,221751.8484203862,349941.03874052456,2.511130246955701,2.511130246955699,1170.3676547935743,46822.75581449639,260511.5629472862,169724.07180620448,1,0.00032882728112068886,0.0003297538233525545,13,1
581,7,17.564396175713778,17.412743490293273,0,0.09073814249206452,1.3126337036124558,0.1692191749288255,15637.782604392487,156.37782604392487,0.0,998.2484819276908,1949.222375105665,242166.53956069952,3583462.168436664,15946.41246329639,213379.48684073376,338985.17942491034,2.8218954897734605,2.821895489773462,1170.3676547935743,46822.75581449639,260511.5629472862,171953.38971498725,1,0.0003690493520907798,0.00037183695334485196,13,1
582,7,14.865577316316513,14.645793772416217,0,0.10788080349566036,1.1620751951414574,0.26450937016363457,11236.503693116365,112.36503693116366,0.0,979.7916143265011,1949.222375105665,242134.22025691177,3583247.359713836,16309.853849690715,208640.02126031625,339531.9532853475,2.447726753682767,2.4477267536827685,1170.3676547935743,46822.75581449639,260511.5629472862,173631.95121046327,1,0.00026475278298589,0.0003208764720657862,13,1
583,7,15.91784550494305,15.822867455819713,0,0.09985547843408558,1.2918842868396738,0.1823517171900799,13899.321684987954,138.99321684987953,0.0,984.1183201565218,1949.222375105665,242037.7441377036,3582237.1564472714,16619.064834235505,204770.43428954008,339943.46333911945,2.4438540808405973,2.4438540808406013,1170.3676547935743,46822.75581449639,260511.5629472862,176049.98223716306,1,0.0003270972543130755,0.0003202997964632484,13,1
584,8,15.374303116410115,15.340841844947072,0,0.10299304405647182,2.2663654235957633,0.43440849594668557,11190.643927085044,111.90643927085044,0.0,1528.6328064299828,2083.7909975918897,229903.9294130523,3581640.0131002176,29278.75337570034,198617.76242352408,340812.8792930829,2.2430712754071727,2.24307127540717,1704.0643964654146,45118.691418030976,260511.5629472862,177358.45491491273,1,0.00026268124491766337,0.00028484376073887625,16,1
585,8,14.014376270437612,13.966701931966078,0,0.1131262060074325,1.9231015164507779,0.2171528585131505,14722.509583611467,147.22509583611466,0.0,1538.2600380176486,2092.6245033420564,232814.84840422607,3608955.730032904,28251.888021416125,205882.31338567962,341128.67576992494,2.4398649032005713,2.4398649032005686,1704.0643964654146,45118.691418030976,262719.9393848279,177358.45491491273,1,0.0003452658337885637,0.0003116814443397675,16,1
586,8,14.275232570345544,14.40292654920241,0,0.10969992762252166,1.8282583143239237,0.15712551539488837,10442.11890163804,104.4211890163804,0.0,1525.2204392002777,2097.962816439788,234232.57566859032,3626336.718830887,27295.88694451462,213129.14662767242,326843.6805249768,2.2715936682457025,2.271593668245701,1704.0643964654146,45118.691418030976,264054.5176592609,177358.45491491273,1,0.0002555868636619412,0.0002878446474560561,16,1
587,8,14.005255622772316,13.957350168647805,0,0.11320200331070947,1.6924457611357806,0.071168203250494,13785.56302340718,137.8556302340718,0.0,1532.0726522519794,2102.604777056508,235846.620215295,3643952.0548678907,26517.079642618857,219433.01658013626,329047.3959470356,2.447585239987242,2.447585239987244,1704.0643964654146,45118.691418030976,265215.0078134408,177358.45491491273,1,0.00033516297513872185,0.00031200522419640896,16,1
588,8,13.036018117021614,13.071369857084138,0,0.12087485988652566,1.6074925222860597,0.017400330560797206,25019.920749520523,250.19920749520523,0.0,1580.206978064625,2104.2388586871266,236541.19465978068,3650699.9890801767,26788.00615838371,217238.29427396457,336907.69347913255,3.054349608314738,3.054349608314738,1704.0643964654146,45118.691418030976,265623.52822109545,177358.45491491273,1,0.0005941074361620706,0.0003949524249875779,16,1
589,8,14.366979325274926,14.540581030600562,0,0.108661407455101,1.6710851827048785,0.057648849813214186,20078.702241055642,200.78702241055643,0.0,1586.3802841088586,2109.0259780020974,237651.49923499482,3665991.368252416,26018.491376991424,223691.24659643148,332522.88288771803,3.610810837625087,3.6108108376250905,1704.0643964654146,45118.691418030976,266820.3080498381,177358.45491491273,1,0.00048306335050837525,0.00047077792060305594,16,1
590,8,14.27426084956181,14.457094423704865,0,0.10928890368242469,1.57921356576657,0.000497743185715225,11182.082956629536,111.82082956629536,0.0,1523.1454306391045,2110.2937991039744,238715.65905411702,3677312.7156133307,25376.93343867825,229378.07483297962,335612.0001953542,3.4353674241426115,3.43536742414261,1704.0643964654146,45118.691418030976,267137.2633253074,177358.45491491273,1,0.00026654786956653825,0.0004479062187456614,16,1
591,8,13.568061711771998,13.7956972979519,0,0.11452846245289579,1.5498510277334676,0.019081628016792695,13039.082826754158,130.3908282675416,0.0,1506.1439273377025,2110.2937991039744,238560.14472232162,3676701.603345372,25786.60828403187,225747.04682855774,341835.17792864493,2.7274183746029075,2.7274183746029093,1704.0643964654146,45118.691418030976,267137.2633253074,179090.87979984272,1,0.00030515485049291104,0.00035158869018927483,16,1
592,8,13.428868356008449,13.426309810527059,0,0.11767939383919043,1.580090872796756,5.7514428326520945e-05,14209.643389846751,142.09643389846752,0.0,1516.1722745620727,2110.577991971771,238457.5819028611,3676772.186128868,26172.228534638798,222432.4041268229,332406.9112965971,2.3897828084922166,2.3897828084922192,1704.0643964654146,45118.691418030976,267208.3115422566,180519.63634263593,1,0.00034198190006146773,0.0003045615400403057,16,1
593,8,14.176733608651373,14.218569206339046,0,0.1111222920584436,1.5880159572415964,0.005073390659238175,13403.207502008907,134.03207502008908,0.0,1513.1044630702736,2112.038467000898,239412.14671193995,3686689.2633282235,25537.635421690273,227982.7559145128,341375.2308095715,2.500789127872157,2.5007891278721557,1704.0643964654146,45118.691418030976,267573.43029953836,180519.63634263593,1,0.00031409912125664646,0.00032041195727034176,16,1
594,8,12.237407505628424,12.19734704843772,0,0.1295363650575452,1.452264888409196,0.08084500733595194,21625.051377904725,216.25051377904725,0.0,1543.2921752038376,2112.038467000898,239331.42873730062,3686196.7634486156,26286.91255683152,221504.81195970994,344875.2938127107,2.980436053668021,2.9804360536680177,1704.0643964654146,45118.691418030976,267573.43029953836,182200.61054904558,1,0.0005016317901774317,0.0003859042704985153,16,1
595,8,12.965757502453606,12.971668485899633,0,0.12180391456330232,1.583663994994402,0.0023189841736721223,12060.880885077162,120.60880885077162,0.0,1510.9018891736212,2112.2796846185997,239233.167228448,3686507.279870647,26668.870464923963,218343.1008127286,349375.54817405663,2.814806003348082,2.814806003348083,1704.0643964654146,45118.691418030976,267633.73470396374,183467.2344332217,1,0.00027617000555673715,0.00036396697233027176,16,1
596,8,12.585877057075802,12.392152732151006,0,0.12750004249872948,1.5709123927021502,0.0057516501885125654,13759.85747291266,137.5985747291266,0.0,1490.3418704736912,2112.2796846185997,239082.55283680334,3686092.44254016,26959.695317626276,215996.39314081147,359617.11086446,2.7887597790091827,2.7887597790091827,1704.0643964654146,45118.691418030976,267633.73470396374,184986.17514017975,1,0.00030610017281627655,0.00036130065618348185,16,1
597,8,10.736470719004199,10.860555798997586,0,0.14548058398133104,1.3930948912152095,0.11829437264860164,12159.737739685323,121.59737739685323,0.0,1488.0996255587386,2112.2796846185997,238963.6686434023,3685306.161025143,27488.7138846982,211853.31565511684,338461.12409512285,2.2767056616431876,2.2767056616431867,1704.0643964654146,45118.691418030976,267633.73470396374,186586.99507570238,1,0.0002874123348067092,0.0002898941710599077,16,1
598,8,10.646713061745176,10.69617062909996,0,0.14771641691106333,1.4167015647859578,0.10335344000888753,10053.101620614232,100.53101620614233,0.0,1473.2744313400294,2112.2796846185997,238773.28180458583,3684094.9585560556,27837.811108508384,209205.09619408086,333620.5485615821,2.1919941317018194,2.1919941317018217,1704.0643964654146,45118.691418030976,267633.73470396374,188552.24552342945,1,0.000241066724791589,0.00027819307747152495,16,1
599,8,9.799464603465497,9.831234178531249,0,0.16071227389235543,1.350488951779321,0.14526015710169557,12918.79233867848,129.1879233867848,0.0,1481.2336268668353,2112.2796846185997,238633.71442667462,3682976.7797310716,28330.83884285155,205575.21189730937,334934.12842776725,2.198237187301078,2.1982371873010793,1704.0643964654146,45118.691418030976,267633.73470396374,190402.63157342392,1,0.0003085691481921247,0.0002790160692634743,16,1
600,8,12.243892622421342,12.244546456410067,0,0.12903703747825335,1.6115573456383778,0.019973003568593516,18262.167675531542,182.62167675531543,0.0,1506.7560617200277,2115.6324125261385,240427.46929811448,3697480.137198383,27689.518644857504,210372.5901977579,341830.7761661872,2.538334266661357,2.538334266661358,1704.0643964654146,45118.691418030976,268471.91668084846,190402.63157342392,1,0.0004273966874569085,0.00032567752014687405,16,1
601,8,13.927388736969023,13.914389110580164,0,0.11355151760120079,1.709786449455167,0.082143322439979,15257.518949206855,152.57518949206855,0.0,1504.0184078713435,2121.304859359344,241739.4926419494,3715478.890346989,26744.31763763634,217850.89498342367,343091.70155510685,2.816551800662446,2.8165518006624484,1704.0643964654146,45118.691418030976,269890.02838914987,190402.63157342392,1,0.0003557653858732276,0.0003639104071740869,16,1
602,8,14.22458365551572,14.165114079366033,0,0.11154163610313217,1.679426035418742,0.06292787051819111,11883.179249346405,118.83179249346405,0.0,1474.3496685833093,2123.748780036406,242940.64432990045,3726781.6910168305,26228.610061458257,222153.90860847832,350262.6903251352,2.7197681012927424,2.7197681012927397,1704.0643964654146,45118.691418030976,270501.0085584154,190402.63157342392,1,0.0002714118192449379,0.00035152463085835793,16,1
603,8,14.581956391754623,14.337044884881657,0,0.11020402130888927,1.6182902113516318,0.02423431098204537,21688.78318917015,216.8878318917015,0.0,1505.9095144876037,2129.9083249457276,244864.320711514,3749719.3893867685,25432.78040093911,229167.60672847152,352636.13978737866,2.8792937261258658,2.8792937261258658,1704.0643964654146,45118.691418030976,272040.89478574577,190402.63157342392,1,0.0004920376726502818,0.00037307162592281574,16,1
604,8,13.697457406955373,13.540742181312309,0,0.11668488911786322,1.5677726173641575,0.007738849769520603,13214.776199667558,132.14776199667557,0.0,1482.7668909704994,2129.9083249457276,244740.31347500713,3749506.8764883946,25828.943435290254,225664.6459142553,364135.0259027186,2.7128182382106814,2.7128182382106827,1704.0643964654146,45118.691418030976,272040.89478574577,191801.3863777484,1,0.0002903269448888003,0.0003512588122613401,16,1
605,8,13.941101938304843,13.925815433721857,0,0.1134583470188736,1.5988786149967646,0.011948490504281376,16225.851171914514,162.25851171914513,0.0,1474.5597584717107,2130.2328419691657,245047.08821004472,3753323.4274679217,25855.87632818054,225445.13649405303,365827.6324622086,2.9142972146821005,2.9142972146820987,1704.0643964654146,45118.691418030976,272122.02404160536,191825.72515450628,1,0.0003548305208703053,0.0003790650461364625,16,1
606,8,14.376275268726296,14.152762785979426,0,0.11163897988633305,1.6204209321180345,0.025582868429135718,11780.523368323937,117.80523368323936,0.0,1454.8508555244591,2131.232972909981,245447.9518825498,3758573.403295576,25633.182355875586,227416.0239832563,376774.8656509361,2.319480880181742,2.3194808801817395,1704.0643964654146,45118.691418030976,272372.0567768092,191825.72515450628,1,0.0002501339540889233,0.0002984304732826763,16,1
607,8,8.517028223609362,8.394861565179776,0,0.18821036984737513,1.0152338722083465,0.35744691632383135,9306.191901474134,93.06191901474135,0.0,1425.760826201956,2131.232972909981,245268.11364106578,3756930.584084991,26361.465618677074,221152.34020078494,377271.5529892237,2.090204764234617,2.0902047642346195,1704.0643964654146,45118.691418030976,272372.0567768092,194377.20359842345,1,0.00019733673165100695,0.0002674337355367452,16,1
608,8,8.479297337107877,8.474065978424075,0,0.1864512270759819,1.0343452461030749,0.34535111006134506,5878.400139924187,58.78400139924187,0.0,1396.5875210132285,2131.232972909981,245141.14657370036,3755887.178825231,26668.0489261821,218617.83296977074,377592.14850327966,1.5269060874369702,1.5269060874369704,1704.0643964654146,45118.691418030976,272372.0567768092,196069.35480388245,1,0.0001245449655290834,0.0001906718837563379,16,1
609,8,7.836222026927011,7.84586414113632,0,0.2013799846107414,0.9897177112381662,0.3735963852922999,7122.460342473833,71.22460342473833,0.0,1391.8301564995193,2131.232972909981,245002.86845490042,3754522.9934555544,27136.44142151073,214856.39550052004,366323.7745409343,1.3004173619131192,1.3004173619131192,1704.0643964654146,45118.691418030976,272372.0567768092,197950.24030653265,1,0.00015554459388063429,0.00015914209702024156,16,1
610,8,7.380195111312707,7.372077658275761,0,0.2143222132537251,0.9724552066176005,0.38452202112810097,8026.451655858671,80.2645165585867,0.0,1397.1914708626553,2131.232972909981,244789.94930327407,3752486.924419073,27718.27807355096,210360.6407167593,359688.998387201,1.2577316518357124,1.2577316518357124,1704.0643964654146,45118.691418030976,272372.0567768092,200456.21470713735,1,0.00017851981443632123,0.00015286979128201295,16,1
611,8,7.301019824195062,7.194645875919078,0,0.2196077509927705,1.0058444943042686,0.3633895605669186,13328.015780836666,133.28015780836665,0.0,1418.2489001205697,2131.232972909981,244664.05642346162,3750722.828803025,28343.50242685154,205734.06155461396,359880.6412221682,1.6776715731615217,1.677671573161523,1704.0643964654146,45118.691418030976,272372.0567768092,202820.0743029311,1,0.0002962763595301869,0.00021011358928238084,16,1
612,8,7.070022038589682,7.1069886713669295,0,0.22231638082745236,1.0077796301038238,0.3621647910735293,6504.23768223119,65.0423768223119,0.0,1392.048380381348,2131.232972909981,244527.7836787354,3749630.34979024,28831.242694123845,202263.9822819038,360371.90852417354,1.647677598962331,1.6476775989623291,1704.0643964654146,45118.691418030976,272372.0567768092,204484.11804920997,1,0.0001443894494189164,0.0002063952077951415,16,1
613,8,6.854822696080843,6.761271093977632,0,0.23368387068628713,1.0081644751344252,0.3619212182693512,6522.878932978935,65.22878932978935,0.0,1370.1178381946916,2131.232972909981,244362.01567806007,3748318.292822256,29286.585059382305,199128.56771608428,360845.69612649246,1.562767948951557,1.5627679489515562,1704.0643964654146,45118.691418030976,272372.0567768092,206322.08286571328,1,0.00014461314635034198,0.0001950929850998151,16,1
614,8,4.799200936791911,4.849295516245577,0,0.3258205227350772,0.7194666804188188,0.5446413415070768,6086.951787703473,60.86951787703473,0.0,1365.4505212530544,2131.232972909981,244315.2512770486,3747712.6347777313,29568.456406434532,197236.32455452293,345762.24871757143,1.190081709870441,1.1900817098704415,1704.0643964654146,45118.691418030976,272372.0567768092,207303.587937064,1,0.00014083554373630814,0.00014327937983518884,16,1
615,8,4.682098304702128,4.607762230655,0,0.34289963780865507,0.723926776810775,0.5418184956893829,6865.4532644037745,68.65453264403774,0.0,1366.4349529675596,2131.232972909981,244123.68532637786,3746080.3724365514,30029.30915890757,194218.7829046808,338620.88572180714,1.2365618260176403,1.2365618260176419,1704.0643964654146,45118.691418030976,272372.0567768092,209306.5062179553,1,0.00016219798728053805,0.00014921555912239605,16,1
616,8,4.80599265324623,4.754597219357958,0,0.3323099575221972,0.7597007218918934,0.51917675829627,4162.046210293411,41.620462102934106,0.0,1350.2062187999804,2131.232972909981,243965.15153571477,3744943.4952870538,30363.755683205494,192086.1498920819,333277.5458969488,1.1283581065129957,1.1283581065129955,1704.0643964654146,45118.691418030976,272372.0567768092,210769.4270138331,1,9.990582951736779e-05,0.00013431312017807132,16,1
617,8,5.030716592295455,5.001463245993337,0,0.31590754990866626,0.8169815243060699,0.4829230858822343,6562.408867566793,65.62408867566793,0.0,1352.5689895095372,2131.232972909981,243791.41626078633,3743485.4722607867,30776.993785418545,189515.0975767652,333652.26334216713,1.1686290310638587,1.16862903106386,1704.0643964654146,45118.691418030976,272372.0567768092,212555.96294174984,1,0.00015734726452820518,0.0001398170271087037,16,1
618,8,5.349136673579194,5.359212899771613,0,0.29481941276625395,0.9004299518969285,0.43010762538169084,7181.867617990603,71.81867617990603,0.0,1358.2266101886175,2131.232972909981,243525.45106338873,3741442.5006362605,31335.115044943683,186150.8634898434,327436.48429248534,1.204361247528085,1.2043612475280858,1704.0643964654146,45118.691418030976,272372.0567768092,214919.38143488244,1,0.00017546896482251113,0.00014424068628936137,16,1
619,8,5.6035208706865545,5.542147197899718,0,0.2850880612840391,0.9621271642328832,0.39105875681463087,5502.122598471644,55.02122598471644,0.0,1347.1397549267763,2131.232972909981,243466.03900463282,3740847.352786522,31647.598145033804,184318.64654210437,327907.8258874718,1.2864458649330575,1.2864458649330575,1704.0643964654146,45118.691418030976,272372.0567768092,215851.08615634684,1,0.0001342358349290464,0.0001556840214265876,16,1
620,8,5.065703834071674,4.939465635801065,0,0.31987265759037137,0.8966505956297006,0.4324996230191768,6099.263278757544,60.99263278757544,0.0,1342.0872225592905,2131.232972909981,243272.39681761983,3739415.607566141,32133.429407116084,181540.54359957596,328189.50098209037,1.2646566770152403,1.264656677015242,1704.0643964654146,45118.691418030976,272372.0567768092,217603.87582514677,1,0.00014867662153739372,0.0001527938070963171,16,1
621,8,4.8460383783547885,4.806299219659421,0,0.3287352550871688,0.8828639849176972,0.4412253260014575,5798.342427999995,57.98342427999995,0.0,1338.1983491469966,2131.232972909981,243133.7563686256,3738325.0783639997,32600.86015019157,178946.04622470058,328592.1658642478,1.1805764112421093,1.180576411242109,1704.0643964654146,45118.691418030976,272372.0567768092,218985.88108789996,1,0.00014116812341522422,0.00014136019329388813,16,1
622,8,4.4462854743180875,4.806299219659421,1,0.3287352550871688,0.8294879596957062,0.47500762044575556,4631.957963338785,46.319579633387846,0.0,1327.7721180526773,2131.232972909981,243021.99882644115,3737499.130075369,32990.585643573206,176838.68707398392,318205.67502279097,1.1409582431863456,1.1409582431863445,1704.0643964654146,45118.691418030976,272372.0567768092,220078.36131584898,1,0.00011645192595655695,0.00013543222363639163,16,1
623,8,4.713936016206458,4.744907670632097,0,0.33298856577951474,0.9135876919968882,0.4217799417741214,11768.227436290606,117.68227436290607,0.0,1351.211659073524,2131.232972909981,242939.16871988666,3736162.303056071,33626.31880545084,173505.3095592658,312513.17273988033,1.5177415372114462,1.5177415372114458,1704.0643964654146,45118.691418030976,272372.0567768092,221749.6325029871,1,0.0003012539236824009,0.00018629132435139402,16,1
624,8,4.564396955744289,4.5215554239231475,0,0.34943727365153165,0.9059149360223934,0.4266361164415232,5087.45960151524,50.874596015152406,0.0,1330.8417334519381,2131.232972909981,242798.31685234385,3735231.9256903674,34029.57879996469,171455.94989503492,310826.36063244316,1.4913180978135436,1.4913180978135425,1704.0643964654146,45118.691418030976,272372.0567768092,223000.15868535437,1,0.00013094023534332698,0.00018288202832742828,16,1
625,8,5.139737133872759,5.206272100283314,0,0.30348010429843264,1.042642682384905,0.3400995681108196,4122.435269166,41.224352691659995,0.0,1304.076627396152,2131.232972909981,242637.52249597412,3734309.5424146703,34404.02843683268,169595.64911263157,306446.508694213,1.4688704523419878,1.4688704523419864,1704.0643964654146,45118.691418030976,272372.0567768092,224226.84811752805,1,0.00010761905003863662,0.00017993773635478815,16,1
626,8,5.888742334363005,5.897286580916766,0,0.26791982691035854,1.2220442897708508,0.22655424698047422,5941.389162372003,59.413891623720026,0.0,1307.494202323196,2131.232972909981,242462.2840885186,3733183.597629617,34797.82202019692,167682.4722223342,306934.66792442783,1.112798356461012,1.1127983564610109,1704.0643964654146,45118.691418030976,272372.0567768092,225577.87134097866,1,0.000154857428196019,0.00013113890452599422,16,1
627,8,4.2429463874387805,4.262415651858523,0,0.37068182201120614,0.9053022160579398,0.42702391388737987,5201.49386438566,52.0149386438566,0.0,1304.3928115343947,2131.232972909981,242255.61917263427,3731884.70597291,35285.147134212544,165373.49065074115,307375.6981842589,1.1230058884149032,1.1230058884149035,1704.0643964654146,45118.691418030976,272372.0567768092,227098.14501333382,1,0.000135378141996576,0.00013261820674374388,16,1
628,8,4.045252169963771,3.9996522052119894,0,0.39503434772180573,0.8850175700000209,0.4398622974683412,5295.428591015879,52.95428591015879,0.0,1300.1362852657192,2131.232972909981,242044.35784745988,3730581.5056904424,35730.626953232,163318.10928536067,295738.97921746195,1.2152675376247914,1.2152675376247914,1704.0643964654146,45118.691418030976,272372.0567768092,228626.1731569292,1,0.00014324600984362117,0.00014449386001207207,16,1
629,8,4.337326461319821,4.400144654131804,0,0.3590791040281723,0.9762137994266742,0.3821431649198265,4538.082008272837,45.38082008272837,0.0,1294.0492590501267,2131.232972909981,241776.82585347272,3729110.563714944,36241.665351538504,161022.03659059494,280454.63173745706,1.1613938465403904,1.161393846540389,1704.0643964654146,45118.691418030976,272372.0567768092,230295.19192388802,1,0.0001294493010911251,0.0001360244843104408,16,1
630,8,4.235006752735788,4.285577828132548,0,0.3686784054248501,0.9797476176646956,0.3799065710982939,6093.113324260315,60.931133242603146,0.0,1297.3900002076348,2131.232972909981,241595.0512641238,3727897.033251587,36743.941280619714,158827.47417795437,280761.8994736271,1.2546905824385424,1.2546905824385433,1704.0643964654146,45118.691418030976,272372.0567768092,231716.95295371074,1,0.00017361652947023637,0.00014877061346832757,16,1
631,8,4.843049474592049,4.840582543375372,0,0.32640699458008937,1.1511930410054954,0.27139680949019285,4997.119347870731,49.97119347870731,0.0,1293.3678056929748,2131.232972909981,241327.0210396693,3726461.0604693172,37245.99235049732,156693.25409245107,264027.92946099996,1.2846946482402997,1.284694648240299,1704.0643964654146,45118.691418030976,272372.0567768092,233348.1977353615,1,0.0001514118406510131,0.00015149255707079155,16,1
632,8,4.923362956233312,4.9168166641754265,0,0.3213461285860195,1.2136557249018962,0.23186346525196447,10350.66060376261,103.5066060376261,0.0,1311.3831217920053,2131.232972909981,241128.83491418886,3725000.13718684,37931.09066285539,153872.73575801327,252077.97585167194,1.7801135145845675,1.7801135145845657,1704.0643964654146,45118.691418030976,272372.0567768092,235057.87558003288,1,0.000328490755887477,0.00021783970866957547,16,1
633,8,4.504136567498153,4.469524840272318,0,0.3535051390169104,1.136401210163075,0.2807587277448893,4235.898902664548,42.358989026645474,0.0,1292.0170509091201,2131.232972909981,240901.5190307466,3723884.0721261376,38374.864656449725,152099.1262822609,234472.42875588476,1.7205676580132805,1.7205676580132807,1704.0643964654146,45118.691418030976,272372.0567768092,236393.06272208982,1,0.00014452527063042112,0.00020814262238963706,16,1
634,8,4.548013706026873,4.513064981118948,0,0.35009467105174774,1.1732047394683187,0.2574653547668869,6080.977323235867,60.809773232358665,0.0,1284.746310930189,2131.232972909981,240700.91352249536,3722760.023130396,38803.4692923751,150424.4777114459,230020.66293781847,1.8695045889153474,1.869504588915347,1704.0643964654146,45118.691418030976,272372.0567768092,237745.33184960712,1,0.00021149325440835684,0.00022816976030875166,16,1
635,8,4.298283326625599,4.2469440914950995,0,0.3720322109170443,1.1382328501696126,0.27959946191796675,6087.925043231935,60.87925043231935,0.0,1286.4819183713803,2131.232972909981,240494.03215678607,3721548.5177576337,39316.209335609194,148468.92446320498,230367.25918201843,1.5845917555627365,1.5845917555627345,1704.0643964654146,45118.691418030976,272372.0567768092,239145.36874363315,1,0.00021141632938113751,0.00018914495147330515,16,1
636,8,4.339079506348992,4.345917201270085,0,0.3635596185629695,1.1769113350656555,0.255119408186294,3888.902255449606,38.88902255449606,0.0,1270.2827060213813,2131.232972909981,240169.79307681104,3720162.492698674,39791.02829475896,146703.01004511068,230136.73538863022,1.5595006628673798,1.5595006628673813,1704.0643964654146,45118.691418030976,272372.0567768092,240712.66809515056,1,0.00013518579722207133,0.00018603179367052188,16,1
637,8,3.89126314101995,3.877790141085832,0,0.40744855768744087,1.0791240897373449,0.3170100697864906,3301.4611294172764,33.01461129417277,0.0,1257.3677483143763,2131.232972909981,239916.33441422888,3719053.8078815322,40235.556285967235,145087.2412385176,223430.36984790672,1.3364486077824862,1.3364486077824858,1704.0643964654146,45118.691418030976,272372.0567768092,241968.82202140454,1,0.00011820993293488771,0.0001549373531793655,16,1
638,8,3.7176798936135422,3.7131675167099534,0,0.42551271734703655,1.0626047451975333,0.3274653511408017,5444.1374389441,54.441374389441,0.0,1262.83678115415,2131.232972909981,239582.94462507,3717459.1222525365,40848.89506904813,142915.902230701,214960.33548927103,1.324041913034354,1.3240419130343535,1704.0643964654146,45118.691418030976,272372.0567768092,243699.5876039641,1,0.00020260993458361343,0.0001520018882468575,16,1
639,8,3.2708339955629215,3.2490821742283194,0,0.48629117863886023,0.9538957280091649,0.39626852657647793,2713.8101767395947,27.13810176739595,0.0,1251.0008282781039,2131.232972909981,239311.3263354723,3716363.2656100253,41262.799508068405,141486.91876916596,199603.07297287424,1.2740928000677003,1.2740928000676999,1704.0643964654146,45118.691418030976,272372.0567768092,244914.86704761503,1,0.00010876827240463968,0.00014319604664104696,16,1
640,8,3.9287624368655463,4.0013005819066745,0,0.39487160928237697,1.1791819347263246,0.2536823197934655,5199.772405949222,51.99772405949222,0.0,1254.2849024433435,2131.232972909981,239002.67217391,3714983.527232003,41861.07127324791,139471.44163420182,195811.4171071267,1.5084278478626192,1.508427847862617,1704.0643964654146,45118.691418030976,272372.0567768092,246429.12733443384,1,0.0002124400091790142,0.0001746060720557558,16,1
641,8,4.044338090294606,3.994794805077698,0,0.39551468275459256,1.2528263057282385,0.2070719583998491,7254.253554557426,72.54253554557425,0.0,1264.7631865444127,2131.232972909981,238732.72439197343,3713697.3095393614,42528.47506191424,137289.20827142493,195958.80126541862,1.7378281821992339,1.7378281821992323,1704.0643964654146,45118.691418030976,272372.0567768092,247865.5408175547,1,0.000296154232735148,0.00020578750477293398,16,1
642,8,3.383381282771164,3.3958191834749307,0,0.4652780123537647,1.0856776552237493,0.31286224352927267,8097.712981262224,80.97712981262224,0.0,1272.9479185212833,2131.232972909981,238496.4568038208,3712316.802542769,43285.864229767634,134895.08800232882,176667.06033733886,2.392848889531792,2.3928488895317934,1704.0643964654146,45118.691418030976,272372.0567768092,249426.1501219041,1,0.0003666880726174968,0.000291760771510553,16,1
643,8,2.863666772913586,2.8737952038291756,0,0.5497956144873288,0.9343614634925251,0.4086319851313132,3417.743434881387,34.177434348813875,0.0,1249.9407683873646,2131.232972909981,238393.95237626703,3711811.951448928,43648.846107827616,133776.65406681705,165517.662002926,2.2905171371241284,2.29051713712413,1704.0643964654146,45118.691418030976,272372.0567768092,250090.26176745366,1,0.00016519051289262261,0.0002760109394150891,16,1
644,8,3.4821934159978483,3.480649634035619,0,0.45393824892627255,1.1607444036438823,0.26535164326336563,4451.583183278798,44.51583183278798,0.0,1240.911407870988,2131.232972909981,238264.22480872483,3711146.933265956,44119.0152007233,132355.53302689176,162082.64668926716,2.1083333855917634,2.1083333855917643,1704.0643964654146,45118.691418030976,272372.0567768092,250895.60906300903,1,0.00021971917533222636,0.0002505325869474486,16,1
645,8,3.6370698608791128,3.6419144027018886,0,0.43383776368489574,1.2457503900411409,0.2115503860499109,7155.482691996352,71.55482691996352,0.0,1251.7003168715012,2131.232972909981,238047.98487560177,3710091.372388446,44723.23446589555,130573.13042588472,155269.01345803353,2.127968203980033,2.1279682039800356,1704.0643964654146,45118.691418030976,272372.0567768092,252082.94588137936,1,0.00036867537354092107,0.00025119502058859,16,1
646,8,3.325364987531909,3.326025513797734,0,0.47504145516788865,1.1598435205060398,0.26592182246453183,3516.831096911627,35.16831096911627,0.0,1236.840753359922,2131.232972909981,237887.00673763084,3709428.9321148056,45131.505062979646,129395.66770659912,148406.122918071,2.197265318643371,2.197265318643369,1704.0643964654146,45118.691418030976,272372.0567768092,252873.43759940373,1,0.0001895787601083347,0.00025932443632716067,16,1
647,8,3.461895684848718,3.4385348370755104,0,0.4594980347338279,1.23813778252256,0.2163684920743292,4300.257921893704,43.00257921893704,0.0,1229.9088925491674,2131.232972909981,237561.03616873999,3708293.6408016775,45702.117066064675,127785.42428219407,138763.38420319045,2.285200070365935,2.2852000703659385,1704.0643964654146,45118.691418030976,272372.0567768092,254130.06321298625,1,0.0002479188841688589,0.0002687243392727049,16,1
648,8,3.5305414042946164,3.49451768565551,0,0.4521367874272526,1.2968639459671056,0.17920003419803446,8504.18771279653,85.04187712796531,0.0,1246.8582473714657,2131.232972909981,237231.05322499794,3706936.9519601096,46317.666531079776,126093.75096501906,123585.31408434946,2.7723736694712673,2.772373669471266,1704.0643964654146,45118.691418030976,272372.0567768092,255614.0993383428,1,0.0005504982708215478,0.0003293319716995804,16,1
649,8,3.583799092003605,3.5804669207578907,0,0.4412832278493877,1.3295183260439247,0.15853270503549072,4065.764065067541,40.65764065067541,0.0,1231.0264294454312,2131.232972909981,237132.6084794475,3706574.0092424443,46547.79363260813,125472.4641906146,125138.79160941347,2.9343488523936028,2.934348852393602,1704.0643964654146,45118.691418030976,272372.0567768092,256112.61288478045,1,0.0002599203021079323,0.00035277915236611295,16,1
650,8,3.53196652523422,3.529740237745813,0,0.447625007388371,1.34821136207257,0.14670166957432285,5714.322570568476,57.14322570568476,0.0,1226.2030994191452,2131.232972909981,236725.63431384857,3705310.7155894567,47217.713333253436,123698.24760620868,118410.88594004384,3.289424647662976,3.2894246476629787,1704.0643964654146,45118.691418030976,272372.0567768092,257515.52611532525,1,0.0003860673805590386,0.0003988286511628395,16,1
651,8,3.6779661582477723,3.6722595486241856,0,0.4302528127653581,1.434476007258226,0.09210379287454049,3808.493820376305,38.08493820376305,0.0,1219.955109388011,2131.232972909981,236284.74816899782,3704119.465002635,47729.275611701865,122376.85368683848,103672.25808169822,2.716539770083292,2.716539770083292,1704.0643964654146,45118.691418030976,272372.0567768092,258805.58092998902,1,0.00029388720885196095,0.0003132916305063106,16,1
652,8,3.9102349275243506,3.8662766439546283,0,0.4086619105413766,1.5440378299664341,0.02276086710985186,5012.266502449636,50.122665024496364,0.0,1219.6435219568948,2131.232972909981,236041.07446023086,3703532.9566783058,48025.7515830573,121623.94445009224,103407.65183677261,3.028623823830716,3.0286238238307184,1704.0643964654146,45118.691418030976,272372.0567768092,259500.5433800488,1,0.0003877675520849403,0.0003559073804986466,16,1
653,8,3.4987433750157897,3.469152843960979,0,0.45544260257959734,1.416460331904942,0.10350611904750509,6914.558771610336,69.14558771610336,0.0,1228.9160264667396,2131.232972909981,235692.5715549081,3702484.6667273757,48629.79133134015,120118.54932789241,92730.67002209002,3.593962841246203,3.5939628412462046,1704.0643964654146,45118.691418030976,272372.0567768092,260661.2958773007,1,0.0005965283132291115,0.00042606102472200427,16,1
654,8,4.06256667147424,4.093213341142398,0,0.3860048007072675,1.5846047154168919,0.002914376846134038,5277.8943640215,52.778943640215005,0.0,1220.221167340573,2131.679563755606,236767.02212365434,3705340.6968161827,47734.395712578786,122380.15147762964,101569.46469773813,3.845172701663358,3.8451727016633575,1704.0643964654146,45118.691418030976,272483.70448821544,260661.2958773007,1,0.00041570717181413163,0.00046666767904272785,16,1
655,8,4.077876388949056,4.0563959604980075,0,0.3895083259588943,1.597091527922736,0.010817422735908822,3228.0258994089263,32.280258994089266,0.0,1195.9879472523467,2131.744124273594,236780.53011687036,3705506.899973264,47832.26714741609,122130.8042902523,109522.52458848023,3.435440254050408,3.435440254050412,1704.0643964654146,45118.691418030976,272499.8446177125,260666.1379161498,1,0.00023578900588991397,0.0004160081636443857,16,1
656,8,3.341174560382947,3.314169181745811,0,0.47674090046534695,1.332269455021683,0.15679148416349187,2485.107934450739,24.85107934450739,0.0,1180.7405569729515,2131.744124273594,236479.57658133082,3704695.10806405,48264.290533631065,121041.14456581537,109399.1102510463,2.4214549167662787,2.4214549167662773,1704.0643964654146,45118.691418030976,272499.8446177125,261568.93845952908,1,0.00018172783517145444,0.00027774133762516667,16,1
657,9,3.85485860520645,3.8241504939206763,0,0.41316365621901013,1.93720811625598,0.22608108623796197,3994.0716170075757,39.94071617007576,0.0,71.99643442077148,2179.6972509552993,224431.00984532613,3704096.563751094,60413.422565007975,120216.9244958508,113920.84167415103,1.721527667714952,1.721527667714953,569.6042083707553,44549.08720966022,272499.8446177125,262220.77540865383,1,0.0002804804851025845,0.00023266577538798433,19,1
658,9,3.5250127557903,3.570936918315762,0,0.4424609104394959,1.7047982409311115,0.07898622843741232,3441.0095008313456,34.410095008313455,0.0,74.24789030769574,2180.5179301366666,225672.7964719692,3706785.7045472874,59267.78986473315,122548.05892254882,110979.48693952129,1.7527061480906527,1.752706148090653,569.6042083707553,44549.08720966022,272705.0144130543,262220.77540865383,1,0.00024804652432437626,0.0002367516148661384,19,1
659,9,3.596780246991229,3.5727393396831184,0,0.4422376920842305,1.621468303706137,0.026245761839327194,2468.7765758908995,24.687765758908995,0.0,67.76087661063642,2181.0187289772743,227857.5244870167,3711563.187874994,57224.74531062499,126937.31545779391,116422.42665525975,1.7201235286317016,1.7201235286317003,569.6042083707553,44549.08720966022,272830.21412320615,262220.77540865383,1,0.0001696426811786861,0.00023272323020188227,19,1
660,9,3.6375795577406103,3.6709358276402466,0,0.4304079597642154,1.5618252034127198,0.01150303581473435,2998.5334002150234,29.985334002150235,0.0,66.89787541811576,2181.2465819535355,229312.70756375656,3714942.443216484,55848.78087895156,130074.9809940955,129341.23080005632,1.4865536861009856,1.486553686100986,569.6042083707553,44549.08720966022,272887.17736727145,262220.77540865383,1,0.00018546496777043,0.0002010513910911641,19,1
661,9,3.730716419239972,3.6873593132262297,0,0.42849092420494,1.6078483354176774,0.017625528745365368,3141.179319596841,31.411793195968414,0.0,68.52009371152086,2181.3094055399274,229330.8162123392,3715030.512915751,55954.079133981846,129831.15207465838,137912.261575545,1.3256153314104748,1.3256153314104746,569.6042083707553,44549.08720966022,272902.88326386944,262225.4871776332,1,0.00018221320040502298,0.00017910694978471304,19,1
662,9,4.197022312954979,4.234861758497529,0,0.37309364274515594,1.673976475212445,0.05947878178002849,3336.9315908566655,33.369315908566655,0.0,70.31158210817574,2182.2719912594766,231637.58252606663,3720792.1353170807,53831.3382156964,134966.8474874062,140674.5587088757,1.3746943443383466,1.3746943443383477,569.6042083707553,44549.08720966022,273143.5296937568,262225.4871776332,1,0.00018976745313343575,0.0001858152071029629,19,1
663,9,4.570914961384077,4.6135624948440626,0,0.3424685374405888,1.700887775094462,0.07651125005978601,6033.065815369629,60.330658153696284,0.0,81.69822448242773,2184.116098642504,233616.56324735243,3726545.0588534814,51998.49972498303,139739.21374633355,144035.94240231335,1.741233587859345,1.7412335878593457,569.6042083707553,44549.08720966022,273604.5565395135,262225.4871776332,1,0.00033508668543402297,0.0002356891129908272,19,1
664,9,4.499184203860879,4.451031823854997,0,0.3549738717957709,1.6072554854936167,0.01725030727444093,4450.615280746619,44.50615280746619,0.0,80.15251203744697,2184.6568967163626,234805.04353996814,3729993.8191199885,50950.15706028491,142624.5820274571,154831.6871197185,1.8556068343001473,1.8556068343001486,569.6042083707553,44549.08720966022,273739.7560579782,262225.4871776332,1,0.00022995888573146283,0.00025160434143297385,19,1
665,9,5.7922479983278015,5.801723084833941,0,0.27233288747100265,1.9039553346663458,0.20503502194072515,7786.514306805722,77.86514306805722,0.0,91.09553285973733,2189.3288053004458,237161.0492640709,3739283.866443473,48877.28703023665,148695.38313733315,155871.8951551551,2.368724822943338,2.368724822943339,569.6042083707553,44549.08720966022,274907.73320399906,262225.4871776332,1,0.0003996366015338437,0.0003215607242331099,19,1
666,9,6.075640476452368,5.992495882781681,0,0.26366309312616054,1.9080267304197487,0.20761185469604343,6703.819604333491,67.0381960433349,0.0,95.88447118076002,2192.8994647503455,238861.34798912986,3745789.2864790168,47776.73887751473,152133.24002712805,156702.615299327,2.387143754685039,2.387143754685037,569.6042083707553,44549.08720966022,275800.39806647407,262225.4871776332,1,0.0003422441720722083,0.00032394655311250494,19,1
667,9,5.945395414760819,5.896217309569768,0,0.26796841382280884,1.731983786284081,0.09619226980005122,13866.828211773842,138.6682821177384,0.0,123.47191575674339,2198.069476394394,240990.84172392706,3755238.8959156373,46018.469654260916,157967.99060327755,157783.8851243209,3.5446328069957103,3.5446328069957143,569.6042083707553,44549.08720966022,277092.9009774862,262225.4871776332,1,0.0007030795673891745,0.0004816534469984088,19,1
668,9,5.79746469644406,5.8273059489347006,0,0.2711372997823879,1.5913908679251152,0.007209410079186786,10727.457226148072,107.27457226148071,0.0,126.4504213240054,2199.517021503672,242428.39995229317,3761222.913711671,44672.66925552994,162743.31349062623,169193.94768685612,3.8051512976803608,3.8051512976803576,569.6042083707553,44549.08720966022,277454.7872548058,262225.4871776332,1,0.0005072265230670039,0.0005175167541761289,19,1
669,9,5.894870708187176,5.83512549632579,0,0.27077395353276984,1.6070452019496027,0.0171172164237991,2717.6695082670817,27.17669508267082,0.0,69.09239257269067,2199.6549519106425,242707.35984929235,3762557.9694018885,44519.96480813737,163305.57233774874,179885.20881142258,3.2531959754851227,3.253195975485125,569.6042083707553,44549.08720966022,277489.26985654846,262225.4871776332,1,0.00012086238890785386,0.0004437228264546774,19,1
670,9,4.11716012761312,4.063754559373676,0,0.3888030088715586,1.1486667986769683,0.2729956970398935,5933.504742804214,59.335047428042145,0.0,65.6519647433787,2199.6549519106425,242494.24214594194,3761402.323745549,45038.51590679417,161431.30637352885,180032.99717122648,2.183239942363588,2.1832399423635898,569.6042083707553,44549.08720966022,277489.26985654846,263573.8887451616,1,0.0002636629878315453,0.00029725063326880105,19,1
671,9,6.979556487014063,7.005125583762582,0,0.2255491327182393,1.8248713967826915,0.15498189669790596,11555.232019278781,115.55232019278782,0.0,94.2962378398757,2205.0506780535857,244263.0136942335,3770888.323746649,43602.780599110614,166766.85859557768,180687.6408314776,2.1996478924835436,2.199647892483546,569.6042083707553,44549.08720966022,278838.20139228425,263573.8887451616,1,0.0005116113959363068,0.0002987122575585686,19,1
672,9,6.884418990830945,6.805125362565784,0,0.23217794174540843,1.7095966231946085,0.08202317923709393,5031.447344415163,50.31447344415163,0.0,77.97171617384336,2206.4713410705754,245469.23403352278,3776626.511172057,42495.72215603722,171127.12593770443,174869.33264039934,2.46288265886967,2.4628826588696686,569.6042083707553,44549.08720966022,279193.36714653164,263573.8887451616,1,0.00023018089076884914,0.0003351517581789004,19,1
673,9,6.467198280924681,6.526976063953562,0,0.2420722834768529,1.5850513234237025,0.0031970401415837993,4279.228611643086,42.79228611643086,0.0,56.627685557880106,2206.5569256428084,245864.47039650741,3778436.0230301893,42218.520484939356,172256.59451432014,185654.29307192014,2.2648568953180725,2.2648568953180703,569.6042083707553,44549.08720966022,279214.76328958984,263580.3075880791,1,0.0001843955683797893,0.00030872928502831507,19,1
674,9,6.5641331005501184,6.5340552882074725,0,0.24181001389008008,1.6012171751785298,0.013428591885145395,16910.232872495762,169.10232872495763,0.0,102.85344406970785,2207.6576675186056,246569.04460420238,3781591.617681693,42120.1600196512,172670.10426279833,194739.1651660938,2.7184743028883527,2.7184743028883522,569.6042083707553,44549.08720966022,279489.94875853916,263580.3075880791,1,0.0006946823607084055,0.000369752939952348,19,1
675,9,5.802771895222641,5.814911517495839,0,0.271715226490741,1.4602031037997425,0.07582082037990985,8189.46553894103,81.8946553894103,0.0,91.37293129708584,2207.6576675186056,246230.05594386256,3780253.117325877,42781.16435151863,170010.1427656867,200383.78483629704,2.951314568453151,2.9513145684531525,569.6042083707553,44549.08720966022,279489.94875853916,265240.70267173066,1,0.0003269512269420958,0.00040200971867676355,19,1
676,9,5.333817037844051,5.368407932805676,0,0.294314444762071,1.3983468029171064,0.11497037790056558,11946.427777615709,119.46427777615709,0.0,91.26685879263582,2207.6576675186056,245935.57333716087,3778917.671695507,43668.30940067175,166567.24369752494,203517.69358131735,3.645030885895835,3.645030885895835,569.6042083707553,44549.08720966022,279489.94875853916,266963.6208286957,1,0.0004695976086361221,0.0004970770654288745,19,1
677,9,5.428488694492985,5.396456731318242,0,0.29278470645942506,1.4438616797251502,0.08616349384484168,3852.655486069651,38.526554860696514,0.0,57.62349264948795,2207.6576675186056,245732.6117489746,3778257.6654446544,43985.23585663759,165371.35026522545,209596.27857146392,2.3061265935785693,2.306126593578572,569.6042083707553,44549.08720966022,279489.94875853916,267872.8645439746,1,0.00014705053018414355,0.0003145331219207872,19,1
678,9,8.110124515799047,8.115255154866954,0,0.19469504899700266,2.0121829481644458,0.2735335114964846,9176.258774929809,91.76258774929809,0.0,65.41206839420828,2213.1634227835634,248055.02855276118,3790034.8414315274,42484.2791127832,171233.33337206763,210630.22184828648,2.359925182496836,2.359925182496835,569.6042083707553,44549.08720966022,280866.38757477864,267872.8645439746,1,0.0003485258172130425,0.0003217246520111027,19,1
679,9,8.18876548793091,8.113245625242179,0,0.1947432720493825,1.9026829905133271,0.20422974083121964,13026.556705890618,130.26556705890619,0.0,92.47023565048693,2220.817001536391,250772.9150147157,3804624.41400139,41115.89986439891,176954.57598219102,211110.92796469876,2.4230767682664243,2.423076768266424,569.6042083707553,44549.08720966022,282779.78226298554,267872.8645439746,1,0.0004936383665773617,0.00032973823799151586,19,1
680,9,8.0920199035844,8.048125782812503,0,0.19631899930965693,1.8096732336893964,0.1453628061325293,16081.451588934826,160.81451588934826,0.0,115.97133498107537,2227.3864496898964,253183.25357277252,3817148.5478664706,40339.75899353918,180380.70443028046,211946.43129717896,3.5462728033285207,3.546272803328523,569.6042083707553,44549.08720966022,284422.14430136175,267872.8645439746,1,0.0006070006082390262,0.0004830549306764768,19,1
681,9,6.996293543421157,6.889605879922272,0,0.2293309700928532,1.6143431049753176,0.021736142389441493,12996.427087507143,129.96427087507143,0.0,110.76717046035314,2227.6463782316464,253265.0131083152,3817899.4626137926,40976.59628364072,177585.72829224812,219157.1713203317,3.851078930691778,3.8510789306917768,569.6042083707553,44549.08720966022,284487.1264367993,267892.3591846058,1,0.00047441485064655736,0.0005250179418209818,19,1
682,9,7.313672986170731,7.319318125030134,0,0.21586710305661092,1.6148731766913667,0.02207163081732062,11534.296294553966,115.34296294553965,0.0,94.99786327112584,2229.3237098090035,254661.0252345072,3824830.800564105,40086.21848789151,181548.30825372096,228783.57241001725,3.6280268648445446,3.628026864844548,569.6042083707553,44549.08720966022,284906.45933113864,267892.3591846058,1,0.0004033260316044943,0.0004949138301633592,19,1
683,9,8.141347738192358,8.10124318519113,0,0.19503179498279974,1.6626732487644453,0.052324840990155226,11692.166300971363,116.92166300971363,0.0,97.97640731510337,2232.510426554989,256260.96331190196,3834898.67661592,38554.72039783594,188784.7693109962,221209.49686288743,3.1809252869147615,3.1809252869147584,569.6042083707553,44549.08720966022,285703.138517635,267892.3591846058,1,0.00042284500319508556,0.00043352862848204573,19,1
684,9,8.424375320792619,8.443337848834867,0,0.18712978543409003,1.6718140071706562,0.058110131120668436,12468.503537009767,124.68503537009767,0.0,106.25663389745358,2234.83146020566,257057.1642816732,3840626.518898167,38007.05374662058,191519.92041324306,227196.32464748682,3.0957481031654748,3.0957481031654726,569.6042083707553,44549.08720966022,286283.3969303027,267892.3591846058,1,0.00043903891689641165,0.00042173665056533053,19,1
685,9,8.396691824299536,8.401923177297299,0,0.1880521836083068,1.596736801812554,0.010592912539591133,12993.026361244345,129.93026361244344,0.0,114.2617255598664,2236.2140661194967,258100.1585318512,3846942.2248293655,37206.52052569425,195656.3450871127,230488.38426373704,3.212714746767849,3.212714746767846,569.6042083707553,44549.08720966022,286629.0484087619,267892.3591846058,1,0.00045097374959692665,0.0004376192232294746,19,1
686,9,9.015510904548675,8.936685545125687,0,0.1767993281202308,1.6188592210997632,0.024594443734027305,8327.69969386184,83.2769969386184,0.0,91.81853622954696,2237.6657375311493,259515.6073482254,3855454.20458126,36156.86441555058,201359.45186835737,237398.78875535075,2.862684745564738,2.862684745564742,569.6042083707553,44549.08720966022,286991.966261675,267892.3591846058,1,0.0002806315815686449,0.00039021474935399444,19,1
687,9,9.792397165395151,9.761942951801341,0,0.16185302534557913,1.6426487851540248,0.03965112984431944,18586.11571978674,185.8611571978674,0.0,124.91335620758716,2242.134844856092,261265.4589875582,3868625.437183892,34949.59040691288,208346.5882210997,241731.92769489018,3.295840248242532,3.295840248242528,569.6042083707553,44549.08720966022,288109.2430929107,267892.3591846058,1,0.0006150984157374797,0.00044890124896768374,19,1
688,9,10.543799455314442,10.479433785804465,0,0.15077150467234998,1.6332211601958264,0.033684278604953384,9691.948232839311,96.91948232839312,0.0,107.06448771962367,2244.4296603450975,262911.8204194554,3880751.4506870783,33586.74692499596,216830.35498456028,246959.80959552235,2.9594036667414234,2.959403666741424,569.6042083707553,44549.08720966022,288682.94696516206,267892.3591846058,1,0.00031396034030680716,0.00040323011253764394,19,1
689,9,9.16945652271529,9.04313429095828,0,0.17471818389114857,1.4477116948363418,0.0837267754200369,13932.697498307227,139.32697498307226,0.0,109.41301198266163,2244.4296603450975,262779.265638726,3880055.709567733,33909.416137655564,214774.05901597172,253015.3979551166,3.3484566903961,3.348456690396103,569.6042083707553,44549.08720966022,288682.94696516206,269323.63146881876,1,0.0004405327932105951,0.00045653051641829395,19,1
690,9,9.26322209476847,9.185366365445836,0,0.17201273603454256,1.5159877283640892,0.04051409597209546,17217.018408221553,172.17018408221554,0.0,133.5405671712984,2244.4296603450975,262531.57964519755,3878695.51387894,34524.672660467295,210957.9811362972,259918.52421091677,3.1441593600193665,3.144159360019368,569.6042083707553,44549.08720966022,288682.94696516206,271367.5638437843,1,0.0005299204729017442,0.0004281378688063821,19,1
691,9,7.071806354624793,7.041933774613882,0,0.22437018730506786,1.1804624435973312,0.2528718711409296,6465.760519010129,64.6576051901013,0.0,86.33520484105512,2244.4296603450975,262395.52820946934,3877872.173721954,34868.311193456975,208885.887060915,260409.54591696002,2.8568791007302923,2.8568791007302927,569.6042083707553,44549.08720966022,288682.94696516206,272802.8977325168,1,0.00019863359451721314,0.0003896956202098508,19,1
692,9,6.58455730116878,6.689318144996966,0,0.23619746673010375,1.1209750128470881,0.2905221437676658,6236.576091536413,62.36576091536413,0.0,59.050858978004214,2244.4296603450975,262230.8177718367,3876713.662843113,35213.78014539717,206844.1762758151,260311.9319196361,2.2474789028228237,2.2474789028228264,569.6042083707553,44549.08720966022,288682.94696516206,274432.71903100016,1,0.0001916647015154658,0.0003067395896448077,19,1
693,9,7.196319805232466,7.27964344275853,0,0.21704359731680467,1.2492971369022858,0.20930560955551533,5651.816054197313,56.51816054197313,0.0,57.86005235933965,2244.4296603450975,262015.48036953728,3875293.9920710777,35560.048238139956,204836.3610643285,260188.297852234,1.380698007404793,1.3806980074047925,569.6042083707553,44549.08720966022,288682.94696516206,276135.5174944763,1,0.0001737761798159605,0.00018802482528287984,19,1
694,9,6.5733230225106745,6.545518416346155,0,0.24138653342633004,1.173356023915514,0.25736960511676327,5218.9371649315335,52.18937164931533,0.0,56.286683775986766,2244.4296603450975,261726.4460099124,3873413.5505811595,36059.20812301289,202009.2947897726,260355.28092968,1.287348453194815,1.2873484531948154,569.6042083707553,44549.08720966022,288682.94696516206,278272.84551692056,1,0.0001603635508001431,0.00017526814404385648,19,1
695,9,6.3673215091079705,6.359985212940386,0,0.24842825055398596,1.1661064312064262,0.2619579549326417,7455.198384163155,74.55198384163155,0.0,66.26023350242296,2244.4296603450975,261549.68176730222,3871987.106041702,36525.21897186137,199439.61045116806,260828.6272022151,1.3787564981617055,1.3787564981617046,569.6042083707553,44549.08720966022,288682.94696516206,279967.66630824,1,0.0002286619674882019,0.00018760056603476851,19,1
696,9,6.620951705880391,6.584004642176292,0,0.23997552946404718,1.2615819229399832,0.20153042851899802,9646.856341835888,96.46856341835888,0.0,81.40657882883163,2244.4296603450975,261316.97910627603,3870314.4476083103,37257.4553690496,195532.1396073989,261342.39526020942,1.6765657341766629,1.676565734176664,569.6042083707553,44549.08720966022,288682.94696516206,281954.6170096127,1,0.00029530168902694426,0.00022810906910509642,19,1
697,9,5.504436980637557,5.547963258682676,0,0.2847891967430151,1.086834172106401,0.31213027081873357,8344.219718392875,83.44219718392876,0.0,84.87970016413479,2244.4296603450975,261024.37073144465,3868290.837549242,37927.34594370791,192088.8125787981,256355.1862146427,1.9206926997185045,1.9206926997185074,569.6042083707553,44549.08720966022,288682.94696516206,284319.4337148594,1,0.00026039558135270574,0.000261453079289284,19,1
698,9,5.144802112770531,5.2305981678135725,0,0.3020687021462502,1.0397454347424786,0.34193326915033,6109.02983376579,61.0902983376579,0.0,75.003337469825,2244.4296603450975,260804.74267716854,3866865.677118024,38371.99976968265,189869.88438683472,243330.5041344453,1.8521753917536148,1.8521753917536121,569.6042083707553,44549.08720966022,288682.94696516206,286049.97881944035,1,0.00020084715167122396,0.000252181474016958,19,1
699,9,4.790552822506898,4.835258760303736,0,0.32676637969645067,0.9933797233221313,0.37127865612523336,4353.375875020983,43.53375875020983,0.0,62.61321842563223,2244.4296603450975,260482.44158799946,3865081.702210768,38869.48344277527,187447.26638213207,243248.78536029867,1.4801436853200864,1.4801436853200851,569.6042083707553,44549.08720966022,288682.94696516206,288071.7419257739,1,0.00014317443332176276,0.00020147238878189748,19,1
700,9,7.979176884060589,8.025845950135224,0,0.196863982914272,1.5958476501991987,0.010030158353923195,18577.941660825876,185.77941660825877,0.0,113.85999315718018,2247.2253909509627,262158.7143351718,3874324.439039635,38176.273812420644,190879.90102664963,251087.48403231497,2.294007767547726,2.2940077675477273,569.6042083707553,44549.08720966022,289381.8796166284,288071.7419257739,1,0.0005919193219024775,0.00031198030229848806,19,1
701,9,8.708431560843106,8.62250343728674,0,0.18324144623329738,1.6560175598188174,0.04811237963216285,11711.018595586713,117.11018595586712,0.0,118.49045941699931,2249.7491482786836,263380.13658272754,3882526.021145395,37227.430616094556,195766.36116211486,257457.89943318593,2.6910092392344223,2.691009239234421,569.6042083707553,44549.08720966022,290012.8189485586,288071.7419257739,1,0.0003638969671195004,0.0003663302407812469,19,1
702,9,8.692665497456943,8.565114991221932,0,0.18446921046819376,1.6246277155935291,0.028245389616157638,10466.132428796498,104.66132428796499,0.0,93.58381116949408,2250.769351969072,264058.21575448266,3886813.1602069265,36907.473676395966,197475.59391346472,267856.2944600503,3.0992064289889716,3.099206428988973,569.6042083707553,44549.08720966022,290267.8698711557,288071.7419257739,1,0.0003125894786200734,0.0004228019225473504,19,1
703,9,8.774704739698112,8.833914333721296,0,0.1788561605095873,1.578603548402064,0.0008838301252760191,15361.690509994307,153.61690509994307,0.0,113.72974164794745,2251.885814047743,264876.40151135845,3892403.0373394312,36211.8105088196,201284.1955324556,268952.39859144593,2.773424473681804,2.7734244736818034,569.6042083707553,44549.08720966022,290546.9853908235,288071.7419257739,1,0.0004569341070151107,0.00037780685091822814,19,1
704,9,8.760024712655637,8.68969508620515,0,0.181824561659044,1.6107941402205794,0.019489962164923644,15787.740159438052,157.87740159438053,0.0,128.6253910414915,2252.201568850932,264943.4530177179,3893415.2858071886,36610.504104978296,199099.8804220092,280395.03380246134,2.985328462917723,2.9853284629177255,569.6042083707553,44549.08720966022,290625.9240916207,288095.42353601306,1,0.00045044278981233414,0.00040665545848250605,19,1
705,9,8.232719514326027,8.32116203535631,0,0.18987732642227595,1.5496372836288124,0.01921690909568842,7116.385376794559,71.1638537679456,0.0,81.81868839054661,2252.201568850932,264704.1388465268,3892557.195651918,37041.60592859208,196790.0199562704,289817.93476366275,2.6962524729166253,2.6962524729166226,569.6042083707553,44549.08720966022,290625.9240916207,289523.48327827867,1,0.00019643740495487954,0.0003679381005941081,19,1
706,9,10.278746231895223,10.164585662941121,0,0.15544165324519754,1.845367478096427,0.16795410006102976,10900.953595795543,109.00953595795544,0.0,86.73614992020732,2257.5695396975507,267099.36467548716,3907543.180908325,36178.26504944215,201513.90439429253,270073.6044677991,2.371528486308127,2.371528486308129,569.6042083707553,44549.08720966022,291967.91680327535,289523.48327827867,1,0.0003229031912919211,0.00032326112868637827,19,1
707,9,10.744435802415833,10.703180582509988,0,0.14761967135095055,1.8112633701825687,0.14636922163453708,7900.918972673451,79.00918972673452,0.0,85.75554914671864,2261.044587489737,268243.9931154649,3917744.0026521273,35058.90451069758,207969.83752851372,269279.1324456658,1.846524161324311,1.846524161324312,569.6042083707553,44549.08720966022,292836.6787513219,289523.48327827867,1,0.00023472799844281056,0.0002513561982298704,19,1
708,9,10.464405368084206,10.50929962295042,0,0.15034303490116166,1.6349306963760382,0.03476626352913803,16182.77323162801,161.8277323162801,0.0,114.47480147386793,2264.7028578343306,269605.3631050012,3929694.17942582,33753.600177387154,216040.5671453481,276844.87875646265,2.509905586088936,2.509905586088938,569.6042083707553,44549.08720966022,293751.24633747037,289523.48327827867,1,0.00046763438946223213,0.0003417551930656546,19,1
709,9,8.112584780263653,8.002998178891842,0,0.19742601018794426,1.2945855515751845,0.18064205596507313,6093.65789628866,60.9365789628866,0.0,87.29436697004482,2264.7028578343306,269396.0765944338,3928423.7389239524,34113.06329748659,213771.20869194873,265414.97017832013,2.1680214527463195,2.168021452746321,569.6042083707553,44549.08720966022,293751.24633747037,291288.4943835826,1,0.0001836718672558556,0.0002953447517202994,19,1
710,9,12.003998281614825,12.009393971641327,0,0.1315636745476892,1.8066756338374532,0.14346559103636275,11343.530698396522,113.43530698396522,0.0,94.32160364522049,2269.7041912196078,271352.8051453448,3944141.286142412,33131.3332868041,220132.74568698058,266118.49766812666,2.427565559520059,2.427565559520059,569.6042083707553,44549.08720966022,295001.5796837896,291288.4943835826,1,0.00034100690625551056,0.00033077105432453277,19,1
711,9,13.795460241980019,13.900576999231452,0,0.11366434645751443,1.9408813836697607,0.22840593903149406,10235.09332960721,102.35093329607211,0.0,104.03168740356419,2275.845247217372,272902.202657704,3962613.600857706,32035.39057345856,227702.19793485597,265509.5414267731,2.041437784754936,2.041437784754937,569.6042083707553,44549.08720966022,296536.84368323063,291288.4943835826,1,0.0003083909760713447,0.00027768991652757027,19,1
712,9,13.922925666659147,14.021953813227466,0,0.11268044532492492,1.7936346299920745,0.1352117911342243,23143.09139449284,231.4309139449284,0.0,155.62857910772766,2289.731102054068,276094.24998592277,4000785.8340097396,30659.88443288994,237994.56409323053,259361.30739646364,3.339135001195958,3.339135001195962,569.6042083707553,44549.08720966022,300008.30739240453,291288.4943835826,1,0.0007138486963012092,0.0004544155262093548,19,1
713,9,14.78840047739837,14.940095604001616,0,0.10575568201697494,1.6752935889297424,0.06031239805679897,19007.485707806365,190.07485707806364,0.0,172.4569652733576,2297.9744267723827,278072.3050803617,4029483.3756783297,28754.737475211794,253828.09091840932,259253.84926780412,3.9389502762440936,3.93895027624409,569.6042083707553,44549.08720966022,302069.13857198326,291288.4943835826,1,0.0005865289410047526,0.0005362562044591021,19,1
714,9,14.612835865674368,14.51369570407956,0,0.10886269301869739,1.6187052690372326,0.024497005719767394,15844.179407026182,158.44179407026184,0.0,147.99408167012547,2299.4453936699088,278759.9565454378,4037552.676211136,28435.166304521037,256698.00795067576,267580.81239298655,4.337113414841746,4.337113414841742,569.6042083707553,44549.08720966022,302436.8802963647,291288.4943835826,1,0.0004737015114149932,0.0005913597162403183,19,1
715,9,14.646551282815413,14.559115593571141,0,0.10852307544681351,1.6139233631343208,0.021470482996405544,16899.917624524845,168.99917624524846,0.0,146.2251997199292,2300.7205870524303,279306.2017300006,4044267.5433601746,28361.486623380617,257383.94881371793,281739.2605454789,3.7665312853303003,3.7665312853302955,569.6042083707553,44549.08720966022,302755.67864199507,291288.4943835826,1,0.00047987398254129596,0.000513368144987014,19,1
716,9,15.147498540571426,15.35556237729211,0,0.10289431029478366,1.5853970828357253,0.0034158752124843444,13036.191537961433,130.36191537961435,0.0,128.5764800883856,2302.4164361210665,280367.47445622686,4056842.584901105,27642.832427524794,264110.34080133913,292361.08010699536,3.204425326161051,3.2044253261610534,569.6042083707553,44549.08720966022,303179.640909154,291288.4943835826,1,0.000356714827656009,0.0004367634405374327,19,1
717,9,16.112097118056365,16.429337801861287,0,0.0961694268542583,1.6406222586089156,0.03836851810690858,12511.740228097735,125.11740228097734,0.0,116.94166397915033,2305.075214800033,281355.0175324794,4070864.4893401284,27267.800145068646,267789.51817075507,301028.90930011973,2.858976670063593,2.858976670063594,569.6042083707553,44549.08720966022,303844.3355788956,291288.4943835826,1,0.00033250601099242024,0.00038969827372990843,19,1
718,9,19.196873780124918,19.35820123700262,0,0.08161915359056592,1.6865280361487542,0.06742280768908492,26638.71668984315,266.3871668984315,0.0,175.50364465330978,2318.8686993318433,283832.6461675388,4119894.7572865463,25332.026795955182,288341.3204960216,287357.01091804367,3.5040053561919318,3.5040053561919353,569.6042083707553,44549.08720966022,307292.70671184815,291288.4943835826,1,0.0007416200942441097,0.0004769469776308463,19,1
719,9,21.08469162071096,21.116950163743113,0,0.07482141065582432,1.8242279166541941,0.15457463079379372,8322.645316597893,83.22645316597892,0.0,119.96521067139318,2322.112874613011,285185.4631125728,4137899.558256036,25140.19358829722,290574.01449399267,288203.2370010876,3.1910525308987108,3.1910525308987143,569.6042083707553,44549.08720966022,308103.7505321401,291288.4943835826,1,0.00023102156389913096,0.00043504922304522033,19,1
720,9,20.493929323998792,20.392722234206992,0,0.07747862114012859,1.704750957629494,0.07895630229714799,14455.504166492477,144.55504166492477,0.0,108.63862790268222,2325.9546635581682,286878.0829424853,4159887.711621817,24652.323608397768,296361.7503435094,293060.83529526705,3.340503870242543,3.340503870242543,569.6042083707553,44549.08720966022,309064.19776842935,291288.4943835826,1,0.0003946076015767347,0.0004557497532399918,19,1
721,9,19.306947470843568,19.198915578899303,0,0.08229631478438863,1.6003494483174663,0.012879397669282412,14464.799121271812,144.64799121271813,0.0,123.68743958720904,2326.7477387003723,287231.2919969715,4165905.209520629,24609.613804421682,296895.48210814386,304679.9452898872,2.461369376217408,2.4613693762174056,569.6042083707553,44549.08720966022,309262.4665539803,291288.4943835826,1,0.00037980311720246123,0.000335144094226109,19,1
722,9,17.982472913624232,18.084336357270217,0,0.08736842584576307,1.5363132062856752,0.027649869439446088,11481.42154595629,114.81421545956289,0.0,111.12837174027585,2326.7477387003723,287112.4845641999,4165412.851774942,24984.9919222401,292448.14055530395,305600.9590268981,2.6290344861740316,2.629034486174034,569.6042083707553,44549.08720966022,309262.4665539803,293071.99039559363,1,0.00030055983024439997,0.0003583235163411986,19,1
723,9,17.36965192350425,17.334596503806253,0,0.09114720378135543,1.5131827536274356,0.04228939643833195,15802.406889446529,158.0240688944653,0.0,128.35367506727812,2326.7477387003723,286989.0078936414,4164659.4624889465,25230.312792010365,289615.87757182255,300475.75041987613,2.694918560394485,2.694918560394487,569.6042083707553,44549.08720966022,309262.4665539803,295099.93100733624,1,0.00042073030831578796,0.00036703108525421637,19,1
724,9,20.129971751401335,19.963625853647542,0,0.07914393966220917,1.6640601263442125,0.05320261161026104,9903.109366323917,99.03109366323918,0.0,112.30628303634512,2329.255420237941,287994.5760419742,4181170.180674258,24579.21069705694,297332.29537233216,304242.35661291966,2.4022540601768023,2.4022540601768045,569.6042083707553,44549.08720966022,309889.38693837245,295099.93100733624,1,0.00026040054321360413,0.0003272302272579307,19,1
725,9,19.205199799607595,18.959976179478392,0,0.08333343802985028,1.6235579940220235,0.02756835064685027,10242.930346452113,102.42930346452113,0.0,100.05609718538747,2329.6694026788127,288103.46363691974,4183526.009760668,24856.398932625772,294028.36828590394,314536.3653864627,2.302964614463424,2.302964614463424,569.6042083707553,44549.08720966022,309992.88254859037,295099.93100733624,1,0.00026052136347075517,0.00031388407166671575,19,1
726,9,19.62218546981087,19.862439963488928,0,0.07954712527284416,1.5730181214341683,0.00441891048470365,11419.346529162824,114.19346529162824,0.0,107.97932642934484,2330.7899887101703,288904.0632212827,4195532.169717831,24206.325880349166,301955.2092215184,326450.61732068204,1.9605998591773328,1.9605998591773306,569.6042083707553,44549.08720966022,310273.02905642975,295099.93100733624,1,0.00027984254703847635,0.00026692148457427853,19,1
727,9,16.308817037342973,16.21472061269411,0,0.0974423203297784,1.3536479335577212,0.14326080154574614,18209.243695214158,182.09243695214158,0.0,140.54557451994847,2330.7899887101703,288880.1897558077,4195270.179346557,24631.37432494396,296760.0121754177,318828.6732952463,2.4427740050867324,2.442774005086732,569.6042083707553,44549.08720966022,310273.02905642975,296647.6077049277,1,0.00045690354024970076,0.0003324224835863107,19,1
728,9,17.511730661330038,17.618176042759163,0,0.08968011195740998,1.5084541315845987,0.045282195199621095,13184.26385850115,131.8426385850115,0.0,138.76382634083214,2330.7899887101703,288708.47093677893,4194047.533428562,25093.464140816788,291311.4666152396,317426.58766629593,2.6172498454256012,2.6172498454256043,569.6042083707553,44549.08720966022,310273.02905642975,299193.9620958037,1,0.0003322787534700527,0.00035634161358607657,19,1
729,9,20.04412453787115,19.99402424264471,0,0.07902361129632228,1.6175727889793645,0.02378024618947117,13601.929625812376,136.01929625812377,0.0,131.6518607135534,2333.2586223823596,290051.1821440764,4212760.238310179,24289.872951447294,300987.5300604407,325889.4624384162,2.7475858031737737,2.7475858031737763,569.6042083707553,44549.08720966022,310890.1874744771,299193.9620958037,1,0.0003339029012853155,0.0003743617316683563,19,1
730,10,22.62120605954894,22.64479217854645,0,0.06977321706210593,2.7466311150728027,0.738374123463799,13395.91575099173,133.9591575099173,0.0,1172.6259529535748,2495.831063212949,276788.29271127126,4237357.584026918,37984.15220507125,312836.81645957456,316816.51291084377,2.5792454709339725,2.579245470933972,1584.082564554219,42965.004645106,312016.57114991837,299193.9620958037,1,0.00033826306912888756,0.00033481490796141857,22,1
731,10,20.241541381663875,20.249976457746346,0,0.07802478206810917,2.2864613148431143,0.44712741445766724,14583.781800071722,145.83781800071722,0.0,1180.2743070166557,2504.581332292992,280118.1117073025,4277892.719912074,36640.612597647014,324371.32057739445,318164.6122256596,2.6633034190016334,2.6633034190016307,1584.082564554219,42965.004645106,314204.13841992914,299193.9620958037,1,0.0003666977718999903,0.0003462879141047311,22,1
732,10,18.778167739670174,19.02677719015897,0,0.0830408631061916,1.964196706617843,0.24316247254293852,10245.041346988559,102.45041346988559,0.0,1159.3349346391492,2510.7283571011853,282422.28440429986,4306922.922968234,35261.22797451588,337105.3680017379,318209.7149709317,2.4751317693491055,2.475131769349107,1584.082564554219,42965.004645106,315740.8946219774,299193.9620958037,1,0.0002575670286603145,0.0003208426232297308,22,1
733,10,18.182290311210267,18.11500220090724,0,0.08722052487086476,1.7188337661735233,0.08786947226172359,10711.6179764487,107.11617976448701,0.0,1149.601143010714,2515.0272379231283,284672.90361189283,4334786.285692436,33524.39682666587,354630.1728570524,319070.2537448394,2.304075028227547,2.304075028227551,1584.082564554219,42965.004645106,316815.61482746317,299193.9620958037,1,0.00026857077024835505,0.00029761185693622,22,1
734,10,19.87853740405756,18.11500220090724,1,0.08722052487086476,1.7412434098421494,0.10205279103933503,9866.623564307883,98.66623564307883,0.0,1145.2395424178796,2518.7508531165063,286872.7771530124,4360237.489531985,32272.617188545482,368433.513823027,320130.3872889679,2.0108194590419965,2.010819459041995,1584.082564554219,42965.004645106,317746.5186258077,299193.9620958037,1,0.0002465651236138782,0.0002575676408408493,22,1
735,10,18.510053728571545,18.602391600252222,0,0.08493531552032146,1.587722649914738,0.004887753110593692,16580.55460949615,165.8055460949615,0.0,1168.8254329229235,2519.5886139956388,287407.99146760744,4368074.278440944,31936.795551708776,372326.8680536109,332937.1191138318,2.3510927645724378,2.3510927645724378,1584.082564554219,42965.004645106,317955.9588455908,299193.9620958037,1,0.0003984068740338257,0.000304514255965353,22,1
736,10,17.715611225103423,17.36399135269229,0,0.090992904102951,1.5455108116749752,0.02182860020571196,12771.76099595789,127.7176099595789,0.0,1164.9228697167282,2519.5886139956388,287249.03407967696,4367140.552566317,32208.660545336577,369195.8050323288,337356.2544422041,2.4324462410398153,2.432446241039814,1584.082564554219,42965.004645106,317955.9588455908,301417.4398847907,1,0.000302867033357959,0.0003159463436685543,22,1
737,10,16.785402557313336,16.85345212137187,0,0.09374933922269856,1.541028207482209,0.024665691466956352,23722.83206700909,237.2283206700909,0.0,1201.9074220698674,2519.5886139956388,287063.7923881536,4365957.488979358,33042.462461796895,359909.72210194194,336955.16786952916,3.2071493926017376,3.2071493926017407,1584.082564554219,42965.004645106,317955.9588455908,304213.98701788357,1,0.0005632282114443119,0.0004215007062786989,22,1
738,10,21.97031745577758,21.914186052189535,0,0.07209941524805735,1.7961411639326594,0.13679820502067047,16119.632234979417,161.19632234979417,0.0,1194.9973915989315,2528.4695140939075,289156.25769325084,4408014.868188449,31183.7608038012,381438.35132895625,328686.8836430659,3.1948947629994087,3.1948947629994056,1584.082564554219,42965.004645106,320176.183870158,304213.98701788357,1,0.00039234013980270324,0.0004194784615349914,22,1
739,10,18.720277639214746,18.940264709025147,0,0.08342016462141212,1.5616882761671673,0.011589698628375156,8085.345371001039,80.85345371001038,0.0,1127.6147217895366,2528.4695140939075,288987.0974750801,4407369.461078111,31500.998188917172,377608.9255509058,340798.1773689512,2.907827009313164,2.9078270093131615,1584.082564554219,42965.004645106,320176.183870158,306493.1141387131,1,0.00018979785475196998,0.00038178873533299505,22,1
740,10,19.753638349865135,19.62417335602641,0,0.08051294550528397,1.6130420904077134,0.020912715447919828,15991.591040196143,159.91591040196144,0.0,1143.6961323291155,2530.154257737558,289783.0927829055,4419502.544327034,31167.422996852358,381682.5399896875,340818.2005674871,2.452419083156156,2.4524190831561583,1584.082564554219,42965.004645106,320597.36978107056,306493.1141387131,1,0.0003753694142758569,0.0003191691362768434,22,1
741,10,15.794488825706695,15.637857230828313,0,0.10103686052876887,1.3209961900348373,0.1639264620032676,10098.101927584039,100.9810192758404,0.0,1132.5664161369996,2530.154257737558,289658.6793346278,4418404.290657836,31543.369197419037,377148.2431759602,341270.21349174855,2.0723860443945448,2.072386044394542,1584.082564554219,42965.004645106,320597.36978107056,308750.79875632847,1,0.00023671803816135154,0.0002672951023963928,22,1
742,10,13.949870988850444,14.208895611021068,0,0.11119794551622153,1.2125082896252306,0.23258969011061356,13134.835877120402,131.34835877120403,0.0,1135.3302568598383,2530.154257737558,289523.6226806134,4416811.42672223,32157.389996630853,369969.79371564015,334071.7038974667,2.378835708199147,2.378835708199145,1584.082564554219,42965.004645106,320597.36978107056,311596.8349059515,1,0.0003145393213225086,0.000308875591253239,22,1
743,10,13.144529777212002,13.186193887235484,0,0.11982229394711644,1.1800273294067671,0.2531472598691348,10163.542054798676,101.63542054798677,0.0,1127.5306429360169,2530.154257737558,289292.2312577016,4414195.243573425,32681.973896359475,364050.1947312771,334062.9274946201,2.0568424061496593,2.0568424061496624,1584.082564554219,42965.004645106,320597.36978107056,315262.08959858207,1,0.00024339227656351915,0.00026488321201579304,22,1
744,10,13.86392888146327,13.980128218081623,0,0.11301756145243784,1.2937402952341155,0.18117702833283833,12198.336617111632,121.98336617111633,0.0,1130.7530955640382,2530.154257737558,289087.3747643947,4412076.127985626,33321.78154094266,357081.5651248509,334806.4286993118,2.1901547280128133,2.1901547280128137,1584.082564554219,42965.004645106,320597.36978107056,318457.80335599126,1,0.0002914719807382649,0.00028313452620809754,22,1
745,10,15.084653114958895,15.362670121057754,0,0.10284670487289052,1.4536368605147998,0.07997667056025334,17658.93136590088,176.5893136590088,0.0,1159.3760940368556,2530.154257737558,288880.1969994284,4410183.680791151,33862.56729414527,351397.99704393436,311259.3470467062,2.5418762443997314,2.5418762443997314,1584.082564554219,42965.004645106,320597.36978107056,321474.1377266385,1,0.00045387054964813147,0.00032957826898330516,22,1
746,10,13.27673096627622,13.026148191341624,0,0.12129448988229792,1.319731450475762,0.16472693007863168,10010.440595232922,100.10440595232922,0.0,1134.402780354185,2530.154257737558,288642.7516291831,4408132.264666922,34392.74947690462,345997.120725423,312120.83339584613,2.570667275227438,2.5706672752274398,1584.082564554219,42965.004645106,320597.36978107056,324633.01988748455,1,0.0002565785945480215,0.0003339737083114726,22,1
747,10,13.523314767715515,13.366789392116342,0,0.1182034034988144,1.3795590299523222,0.1268613734478974,10357.146551540802,103.57146551540802,0.0,1114.5661799675981,2530.154257737558,288361.31456641085,4405751.518210271,34842.32253283426,341546.5990361201,314823.58355198754,2.498399464335649,2.4983994643356504,1584.082564554219,42965.004645106,320597.36978107056,328071.3015126946,1,0.00026318604050399555,0.00032454506156671617,22,1
748,10,12.849432631303364,12.88679515412596,0,0.12260612364076666,1.3559645772157514,0.1417945713824359,15980.601763669652,159.80601763669654,0.0,1137.465740360665,2530.154257737558,288132.0299326223,4403473.085468297,35438.25817950413,335821.09643548593,316114.2031784639,2.380200992821886,2.3802009928218872,1584.082564554219,42965.004645106,320597.36978107056,331325.65686106344,1,0.00040442603598289374,0.00030806355701163687,22,1
749,10,14.165919705423613,14.251042348793728,0,0.11086908321016521,1.536575175397615,0.027484066204041247,14932.01596143359,149.3201596143359,0.0,1147.2528845275165,2530.154257737558,287904.7232925529,4401984.601289027,35929.84845911998,331242.7250220445,314752.5421243188,2.681071160405654,2.6810711604056565,1584.082564554219,42965.004645106,320597.36978107056,333879.9923862835,1,0.0003795239488305285,0.0003490453417724726,22,1
750,10,13.51809842971808,13.376184214691555,0,0.11812038281176092,1.5275846745491783,0.03317425661444413,18857.73924682188,188.5773924682188,0.0,1164.9520319794683,2530.154257737558,287718.3117690444,4400960.276237191,36674.12686148043,324541.3920401961,309997.08808211784,3.2289726647670993,3.228972664767102,1584.082564554219,42965.004645106,320597.36978107056,336118.26498061843,1,0.000486655906698749,0.0004235352971707238,22,1
751,10,13.137656857045117,13.082656595858897,0,0.12077057808733767,1.5320090496358332,0.030374019217827147,14990.812950285937,149.90812950285937,0.0,1154.0266557401578,2530.154257737558,287475.7455708208,4399598.589618514,37256.05687990042,319487.2061957031,320405.3315249787,3.1499564215723703,3.149956421572373,1584.082564554219,42965.004645106,320597.36978107056,338667.1904647494,1,0.00037429621733038506,0.0004134920242865542,22,1
752,10,12.108636726354321,12.188635904962187,0,0.12962894390476928,1.448640227791339,0.08313909633459558,10466.109277322521,104.6610927732252,0.0,1115.50471344568,2530.154257737558,287283.981619661,4398578.756500505,37736.895532306575,315428.4620949387,326770.60167328827,2.843080733891601,2.843080733891599,1584.082564554219,42965.004645106,320597.36978107056,340753.0175327906,1,0.00025623135554370943,0.00037239449319094784,22,1
753,10,12.471964089401993,12.48121081131952,0,0.1265902822959339,1.537368119602731,0.026982202783081752,13679.890151553669,136.7989015155367,0.0,1118.2950465827194,2530.154257737558,287011.20593502856,4396883.968181746,38305.82055503229,310757.59428450605,339702.6832417673,2.438367378388459,2.4383673783884583,1584.082564554219,42965.004645106,320597.36978107056,343368.45357212826,1,0.00032216148594428753,0.00031756301960612736,22,1
754,10,10.88484010039439,10.707477046972365,0,0.1475604377267154,1.3822360797016173,0.1251670381635334,12117.221231571852,121.17221231571853,0.0,1120.7175328536318,2530.154257737558,286754.35151787836,4394929.751512799,38880.60707881006,306177.21333859826,324897.879784172,2.259345950765873,2.2593459507658706,1584.082564554219,42965.004645106,320597.36978107056,346114.3419296943,1,0.0002983638117828596,0.0002922522177569522,22,1
755,10,9.126987739161486,8.988724762192728,0,0.17577576817632712,1.1836918491099238,0.2508279436013141,5096.831460841357,50.968314608413564,0.0,1079.93848445887,2530.154257737558,286549.3280300284,4393494.208810671,39293.04017058912,302973.35927506466,313738.54898958915,1.951828982949483,1.951828982949486,1584.082564554219,42965.004645106,320597.36978107056,348197.80471607763,1,0.00012996379252102645,0.00025016303008272453,22,1
756,10,7.772909789646362,7.81898751821269,0,0.20207219877506158,1.0397974636646745,0.3419003394527377,8577.85592208937,85.7785592208937,0.0,1080.664764812263,2530.154257737558,286261.86820950237,4390938.447418723,39907.3319878293,298323.57004758116,307405.4183457921,1.7137761578281228,1.713776157828125,1584.082564554219,42965.004645106,320597.36978107056,351292.5381604954,1,0.00022323239370986936,0.00021718666600458513,22,1
757,10,7.522259044605031,7.5031576645359905,0,0.21057800870531357,1.032981590864079,0.3462141829974184,7484.562988301083,74.84562988301083,0.0,1082.6565931185396,2530.154257737558,286089.1999610237,4389315.498177199,40434.4131765391,294446.8061392002,307869.29735067213,1.4610514887899198,1.4610514887899193,1584.082564554219,42965.004645106,320597.36978107056,353363.59675489087,1,0.00019448676572060894,0.00018256098398383494,22,1
758,10,7.436205237853551,7.461591666636307,0,0.21175106741163519,1.0664493480688497,0.32503205818427233,17071.984561728033,170.71984561728033,0.0,1116.7937842224014,2530.154257737558,285816.60739498545,4386220.363929374,41322.59176266641,288136.7726124634,308288.15768768237,2.2266735607499872,2.226673560749988,1584.082564554219,42965.004645106,320597.36978107056,357113.0557007009,1,0.0004430136970495807,0.00028691095216001964,22,1
759,10,6.313669974704377,6.3454035221803196,0,0.24899913685191488,0.9323977701679265,0.4098748290076415,6757.884664619848,67.57884664619849,0.0,1085.1308732054592,2530.154257737558,285523.8443087348,4384094.319299968,41933.619123585566,283950.73482810735,308155.26459338487,2.106687896676704,2.106687896676705,1584.082564554219,42965.004645106,320597.36978107056,359841.93935917475,1,0.00017544103096306263,0.00027098049791108404,22,1
760,10,5.635430370322506,6.3454035221803196,1,0.24899913685191488,0.8546693076018432,0.45907005847984605,10751.806548965245,107.51806548965246,0.0,1081.8606298589457,2530.154257737558,285404.8813284397,4382775.365503936,42495.929938450594,280205.2818091925,293650.82806112943,2.352136355281759,2.3521363552817602,1584.082564554219,42965.004645106,320597.36978107056,361784.57322505076,1,0.000292914046793753,0.0003037895916021321,22,1
761,10,5.642524355325973,5.758626474790768,0,0.2743709818507385,0.8783157348164737,0.4441039653060293,8751.064306922117,87.51064306922117,0.0,1081.9890569532724,2530.154257737558,285198.4179582516,4380975.45618047,43053.666126275544,276587.73499525624,291370.38998609415,1.859869848638833,1.8598698486388305,1584.082564554219,42965.004645106,320597.36978107056,364060.9101865395,1,0.00024027326338382614,0.00023620944704688058,22,1
762,10,6.018919871572458,5.9697220862299245,0,0.2646689372097424,0.96583944012244,0.38870921511237977,6882.151898546958,68.82151898546958,0.0,1065.8460753998356,2530.154257737558,284982.2920556594,4379349.8472036505,43714.443266382164,272419.7421648047,286175.51089227013,1.9015130639565032,1.901513063956504,1584.082564554219,42965.004645106,320597.36978107056,366151.0665276088,1,0.00019238968078265012,0.00024185899698674304,22,1
763,10,5.99788238327542,5.940431118875609,0,0.265973961886298,0.9954225335757229,0.3699857382432134,8719.781126210422,87.19781126210422,0.0,1070.0241507934197,2530.154257737558,284603.888020063,4376541.686459902,44457.79441153717,267878.82824229304,286617.6910005279,1.7813130462123643,1.7813130462123652,1584.082564554219,42965.004645106,320597.36978107056,369380.04635186604,1,0.0002433843101804728,0.00022534908478231635,22,1
764,10,5.7260015936696655,5.719923129381752,0,0.27622748842269446,0.9716577352477427,0.38502674984320084,6732.908637110595,67.32908637110594,0.0,1062.2199944891117,2530.154257737558,284416.18477830925,4375097.938211504,44955.34328217215,264922.88173062494,287161.4955934104,1.6518217168573308,1.651821716857331,1584.082564554219,42965.004645106,320597.36978107056,371206.4445789703,1,0.00018757134895671848,0.00020778177997328047,22,1
765,10,5.681472558045983,5.791800206636257,0,0.2727994653872267,0.9871361749319828,0.37523026903039064,5571.079088369333,55.71079088369333,0.0,1048.069119187012,2530.154257737558,284180.66796900827,4373499.411658099,45490.08146240837,261818.6386592079,287666.31627593597,1.5586415323185474,1.5586415323185494,1584.082564554219,42965.004645106,320597.36978107056,373158.37992447586,1,0.000154931704496829,0.00019529578787800674,22,1
766,10,5.85781212238938,5.852332170822657,0,0.2699778402663533,1.0475529520170581,0.3369918025208493,8213.446128773467,82.13446128773467,0.0,1055.599086769385,2530.154257737558,283955.1467846885,4371702.455997962,46151.76426022607,258076.084490674,287636.2030741248,1.5232461098213432,1.5232461098213426,1584.082564554219,42965.004645106,320597.36978107056,375290.2906140861,1,0.00022843984285682802,0.0001903142987701252,22,1
767,10,5.634584839874487,5.657550471381641,0,0.2792728068432318,1.0302785039440285,0.3479249975037794,6716.086748660806,67.16086748660805,0.0,1052.7574986379318,2530.154257737558,283653.44752021896,4369662.618093799,46668.33554325581,255228.75120423787,287376.3749664384,1.5215255242018952,1.5215255242018964,1584.082564554219,42965.004645106,320597.36978107056,377657.3129532714,1,0.00018696280790500338,0.0001901114517528868,22,1
768,10,4.85310954127055,4.805223292425806,0,0.3288088614925475,0.9091070824100683,0.42461577062653905,5313.681362357293,53.136813623572934,0.0,1038.7644568571257,2530.154257737558,283362.40514493623,4367851.560363249,47236.891284284684,252165.90237531165,286799.64818566176,1.5036818055826775,1.5036818055826784,1584.082564554219,42965.004645106,320597.36978107056,379783.62985728664,1,0.00014822002456341772,0.00018787422510841637,22,1
769,10,4.4979294874523585,4.595710393138068,0,0.34379886129446374,0.8661157024534071,0.45182550477632466,3934.0168124301626,39.34016812430163,0.0,1028.8494140667292,2530.154257737558,282995.0322921183,4365738.722029073,47893.26579742864,248720.271287584,247564.73951447013,1.2766432785717272,1.2766432785717283,1584.082564554219,42965.004645106,320597.36978107056,382121.1439593203,1,0.00012712688632947165,0.0001541032395992976,22,1
770,10,4.444184365469085,4.429127496059163,0,0.356729401311164,0.8799296924221603,0.44308247315053145,6468.57817039052,64.6857817039052,0.0,1036.264576423909,2530.154257737558,282701.62299355835,4363790.467253422,48565.75918003267,245286.8558747163,243734.816568012,1.3418283040337111,1.3418283040337098,1584.082564554219,42965.004645106,320597.36978107056,384295.0973283871,1,0.00021231527810342262,0.00016255406299877067,22,1
771,10,4.4052435578853855,4.371458580047542,0,0.36143542734489703,0.8950793131825621,0.43349410558065693,6256.954836589218,62.56954836589218,0.0,1040.2621497117973,2530.154257737558,282430.2616255777,4362027.237032499,49199.09577315694,242139.43559689916,236196.0611574984,1.5024123728832992,1.5024123728832999,1584.082564554219,42965.004645106,320597.36978107056,386297.07182232133,1,0.00021192410426919034,0.00018378875623402822,22,1
772,10,4.601942406288139,4.614373212356546,0,0.34240836778633665,0.9538694684844073,0.39628514652885616,3880.8257335008875,38.808257335008875,0.0,1025.4403911374482,2530.154257737558,282140.9077647514,4360447.947570095,49692.622012571635,239742.0109091573,228047.39880481287,1.5277186099240239,1.527718609924026,1584.082564554219,42965.004645106,320597.36978107056,388106.54418499913,1,0.00013614102169426663,0.0001867934680222932,22,1
773,10,3.7689564005690723,3.783241650969188,0,0.41763126592646727,0.7981556230539276,0.49483821325700783,4031.745512219481,40.31745512219481,0.0,1017.3292508841464,2530.154257737558,281916.63796851673,4359157.571039749,50229.45587442252,237187.61573169497,228339.80579165218,1.35329666168427,1.3532966616842719,1584.082564554219,42965.004645106,320597.36978107056,389596.6152822081,1,0.0001412542328567357,0.00016310645294006422,22,1
774,10,3.845931817097196,3.890906273265067,0,0.4060750604188,0.8348013122375043,0.47164473909018717,6839.182622300673,68.39182622300673,0.0,1026.8802248417408,2530.154257737558,281567.9710694136,4357025.024715044,50853.96267088499,234284.33831424805,228766.62470083585,1.4208085299546747,1.420808529954675,1584.082564554219,42965.004645106,320597.36978107056,391933.7118494345,1,0.0002391671470869303,0.0001721874672126442,22,1
775,10,3.683037427913434,3.6362089857289446,0,0.43451847960363044,0.8207065094778722,0.4805655003304607,3957.8655114636213,39.57865511463621,0.0,1015.7677531713924,2530.154257737558,281162.5371899838,4354975.401648947,51526.885952877754,231234.24429642892,229133.21567416744,1.423751510484687,1.423751510484685,1584.082564554219,42965.004645106,320597.36978107056,394183.74789005634,1,0.0001381856576251885,0.0001728690125229515,22,1
776,10,3.241349444580751,3.234688165046131,0,0.488455121292184,0.7380497152353905,0.5328799270662086,5572.8597894938,55.728597894938005,0.0,1015.7519358111272,2530.154257737558,280989.6895068426,4353829.740828322,52087.14672213113,228755.11041113138,218082.87794157895,1.5856776006773723,1.5856776006773736,1584.082564554219,42965.004645106,320597.36978107056,395537.07820284105,1,0.00020443089680746728,0.0001939279005065287,22,1
777,10,3.32052402136389,3.3290474715154015,0,0.47461023416430137,0.7783587244822284,0.5073678958973238,5471.664783838486,54.71664783838486,0.0,1017.7218061722332,2530.154257737558,280677.2423889387,4352102.0169558,52850.21229041677,225462.10882552623,217640.4062970243,1.4937887413391782,1.493788741339179,1584.082564554219,42965.004645106,320597.36978107056,397454.39902075677,1,0.00020112679908788786,0.00018124778450684788,22,1
778,10,3.505142946808184,3.4979988836113702,0,0.451686822257871,0.8413508667780026,0.4674994514063275,3586.6720096669865,35.866720096669866,0.0,1005.7713520857234,2530.154257737558,280302.8915814107,4350333.812713698,53481.52616561809,222808.82046493044,205458.7944930673,1.5053610406706641,1.5053610406706646,1584.082564554219,42965.004645106,320597.36978107056,399399.00987812295,1,0.00013965513692481088,0.00018173761094005534,22,1
779,10,3.764632223469853,3.7652252630598855,0,0.41962960768939,0.9236284793356687,0.41542501307869073,8327.70946657708,83.2770946657708,0.0,1019.5495309068324,2530.154257737558,280134.50716961053,4348986.782607681,54070.89598528032,220388.43748569113,205476.56880861364,1.7993043266157225,1.7993043266157214,1584.082564554219,42965.004645106,320597.36978107056,400951.846272534,1,0.00032423003809582717,0.0002216706580361753,22,1
780,10,3.4232043027799937,3.407951128349093,0,0.46362167193559384,0.8724631302297159,0.4478081454242305,7161.337059588183,71.61337059588183,0.0,1024.795087884258,2530.154257737558,279743.98477906274,4346911.971058075,55111.943341675695,216237.72403094926,195975.21675414479,2.0310053307817237,2.031005330781723,1584.082564554219,42965.004645106,320597.36978107056,403240.12629868224,1,0.00029233643633918215,0.00025207387045327344,22,1
781,10,3.5115065241686727,3.492993068794348,0,0.45233413547693,0.9191569015680379,0.41825512558984945,5628.329632526116,56.28329632526116,0.0,1012.1091002898478,2530.154257737558,279455.65208172216,4345453.115863601,55852.89771459861,213377.94927498652,196474.50450973026,2.2459901791104677,2.2459901791104713,1584.082564554219,42965.004645106,320597.36978107056,404929.77177421725,1,0.0002291729258845339,0.0002819131334398477,22,1
782,10,3.5398150876784187,3.57964603319285,0,0.441384423305878,0.9474711388119254,0.40033472227093336,4354.289154930274,43.54289154930274,0.0,998.1890439353292,2530.154257737558,279102.1491046762,4343866.308238775,56480.378917777765,211014.44599319904,197016.47380541233,1.884169879032697,1.8841698790326968,1584.082564554219,42965.004645106,320597.36978107056,406706.4632962592,1,0.00017680913969583614,0.00023277283397318406,22,1
783,10,3.645872997884484,3.6953414875285078,0,0.42756535636351284,1.002904444950647,0.3652503512970589,4929.676435659277,49.29676435659277,0.0,995.9697795836322,2530.154257737558,278600.9714769223,4341684.969447353,57258.915453144684,208154.16143563294,191923.06521088543,1.677318369746427,1.677318369746426,1584.082564554219,42965.004645106,320597.36978107056,409047.8397964395,1,0.00020548552328476162,0.00020382252962171054,22,1
784,10,3.6461769148568073,3.6953414875285078,1,0.42756535636351284,1.020963313666397,0.35382068755291335,5555.195253129628,55.55195253129629,0.0,998.9695937017316,2530.154257737558,278506.91244645964,4340938.003515137,57770.542328446216,206316.5394653607,190405.0408831961,1.689702532097029,1.6897025320970267,1584.082564554219,42965.004645106,320597.36978107056,409951.8452928744,1,0.0002334053857970057,0.00020523334959253448,22,1
785,10,2.8800412564276647,2.917903321653124,0,0.5414846983706296,0.8216829079223079,0.4799475266314507,3592.3531374402887,35.92353137440289,0.0,987.1392871608208,2530.154257737558,278283.1333720718,4339926.80469133,58314.87475937912,204396.66390907107,189900.5225427283,1.6259533104962534,1.6259533104962525,1584.082564554219,42965.004645106,320597.36978107056,411111.1988771642,1,0.00015133620863552906,0.00019674237257243216,22,1
786,10,3.0325024455384018,3.0293213586695846,0,0.5215689631204737,0.8813233398629987,0.44220041780822866,2488.140118422115,24.88140118422115,0.0,973.7540314103843,2530.154257737558,277913.646415599,4338511.080849034,58857.22950313003,202518.9670270189,179009.67808530782,1.405328994638722,1.405328994638721,1584.082564554219,42965.004645106,320597.36978107056,412645.4636811744,1,0.00011119578092247645,0.0001653124584516704,22,1
787,10,2.867255670570801,2.879908747469017,0,0.5486284943537081,0.8481612419048915,0.4631890874019674,3065.115730595678,30.651157305956783,0.0,971.1482080391503,2530.154257737558,277605.5368578349,4337245.507001587,59380.59208342394,200739.35351096946,178369.48799584163,1.1720720462190852,1.1720720462190846,1584.082564554219,42965.004645106,320597.36978107056,414007.67787974235,1,0.00013747264804245607,0.00013333487920015388,22,1
788,10,2.631911908184671,2.6517084116960405,0,0.5958422853097288,0.7892062427277151,0.5005023780204335,3470.5395839690427,34.705395839690425,0.0,971.786943601147,2530.154257737558,277399.3620614722,4336291.981161299,59786.480312272484,199381.02483637698,177847.20018574529,1.1844110442183509,1.1844110442183509,1584.082564554219,42965.004645106,320597.36978107056,415057.2089351666,1,0.00015611331886448043,0.00013492724927647098,22,1
789,10,2.0754372545258417,2.0608518225253594,0,0.7666732672045652,0.6335787460042293,0.5990007936682094,2310.3682324340994,23.103682324340994,0.0,965.0370151872086,2530.154257737558,277082.81721168995,4335092.31617895,60324.681259478384,197607.78221004683,156979.90567873567,1.2252796866280062,1.2252796866280056,1584.082564554219,42965.004645106,320597.36978107056,416343.0926471363,1,0.0001177408393740453,0.00013710893542699394,22,1
790,10,2.1678326217683264,2.142790043696369,0,0.7373564221319876,0.6705340259783217,0.5756113759630875,1878.410731985846,18.78410731985846,0.0,956.8024414086353,2530.154257737558,276819.23427274113,4334117.8562067775,60722.79166251686,196316.43369444998,157332.88884241192,1.1207633245783044,1.1207633245783037,1584.082564554219,42965.004645106,320597.36978107056,417395.5908987076,1,9.551267993902043e-05,0.00012312227939251537,22,1
791,10,1.6263578303752817,1.6219931569913553,0,0.9741101515685501,0.5106991832941713,0.6767726688011575,1867.2658899012374,18.672658899012376,0.0,951.7458433125225,2530.154257737558,276571.83881448203,4333191.867456465,61183.43965617635,194843.01018903084,157000.48634205622,0.9717063602250151,0.9717063602250158,1584.082564554219,42965.004645106,320597.36978107056,418388.0502857404,1,9.514701175297174e-05,0.00010280017702201249,22,1
792,10,1.5730027688001156,1.591997620620373,0,0.9924637948794812,0.5042780379931414,0.6808366848144676,2131.6800315977976,21.316800315977975,0.0,949.9706155914328,2530.154257737558,276162.3427760717,4331738.968203316,61821.07228708388,192839.48645627443,148630.83127232522,0.9764206262582112,0.9764206262582122,1584.082564554219,42965.004645106,320597.36978107056,419902.8405497305,1,0.00011473689615270086,0.00010179886261489769,22,1
793,10,1.4357859700636066,1.432166583154994,0,1.103223618386163,0.46885474922691495,0.7032564878310664,1905.9805710581238,19.059805710581237,0.0,945.9226871360003,2530.154257737558,275839.3504208225,4330599.318711963,62394.53703831607,191072.39723164475,148818.4186359722,0.992037410274449,0.9920374102744492,1584.082564554219,42965.004645106,320597.36978107056,421104.3323949436,1,0.00010245939117094812,0.00010411443302554026,22,1
794,10,1.7271886167973467,1.7083759556280074,0,0.9248549739856203,0.5732459985017465,0.6371860768976287,2038.6902032815992,20.386902032815993,0.0,942.2908431893914,2530.154257737558,275516.9552705611,4329469.664876133,62904.008635869046,189529.60500510846,149028.69801571386,1.0255972276392809,1.0255972276392804,1584.082564554219,42965.004645106,320597.36978107056,422296.9723187534,1,0.00010943879832146886,0.00010887836188170595,22,1
795,10,1.8733065952928423,1.8424598550710396,0,0.8575492137054351,0.6387206442001927,0.5957464277213971,2819.083444049876,28.19083444049876,0.0,943.4667607731302,2530.154257737558,274925.96583739156,4327492.036504772,63758.44376634264,186997.42101284262,149367.49493613662,1.1135716116285574,1.1135716116285568,1584.082564554219,42965.004645106,320597.36978107056,424341.25403638196,1,0.0001509877872829132,0.00012096199225844339,22,1
796,10,1.8847701493927445,1.8424598550710396,1,0.8575492137054351,0.6510611921657695,0.5879359543254623,1492.2850214728062,14.922850214728062,0.0,935.6954791410943,2530.154257737558,274645.93842743663,4326581.206294025,64176.04231349845,185784.51659248976,135414.89683467415,1.100438422937835,1.100438422937836,1584.082564554219,42965.004645106,320597.36978107056,425311.1430489937,1,8.816075964195951e-05,0.0001161957817487805,22,1
797,10,1.7585394393834008,1.76092285680943,0,0.8972567957137888,0.6162408667245198,0.6099741349844812,1372.993575681733,13.729935756817332,0.0,929.1881479702439,2530.154257737558,274331.9894780143,4325589.436344869,64639.098138193105,184457.7494614637,123369.5618368773,1.0734835418551332,1.0734835418551345,1584.082564554219,42965.004645106,320597.36978107056,426354.6450477909,1,8.903288981424083e-05,0.00010939381224637117,22,1
798,10,1.8760479020302596,1.850517318058469,0,0.8538153005007858,0.6669104345910788,0.5779047882334944,2168.4615720451284,21.684615720451283,0.0,929.8810482221178,2530.154257737558,274068.0593466071,4324667.626789357,65104.756230817664,183142.49560948586,123679.89000216029,1.0469008756392246,1.0469008756392255,1584.082564554219,42965.004645106,320597.36978107056,427326.2191000375,1,0.00014026283962621585,0.00010581882969413873,22,1
799,10,1.9402521559002326,1.9368676507591582,0,0.8157501104325412,0.7023318163468211,0.5554861921855563,2483.3789626439307,24.83378962643931,0.0,930.2676935884106,2530.154257737558,273714.0857930019,4323484.589646088,65697.56286116345,181495.17793711496,123562.50485334996,1.223995454991942,1.2239954549919414,1584.082564554219,42965.004645106,320597.36978107056,428566.3490316027,1,0.00016078527806417177,0.00013002700250154282,22,1
800,10,1.853892779780362,1.8415609264190276,0,0.8579678127035195,0.681620192386458,0.5685948149452797,2223.8679586323406,22.238679586323407,0.0,926.1550838299166,2530.154257737558,273380.9428901357,4322405.619193456,66212.7300190537,180087.53772698363,123850.04903560822,1.3550447781854498,1.3550447781854504,1584.082564554219,42965.004645106,320597.36978107056,429707.75166238524,1,0.0001436490643935364,0.0001482323940279747,22,1
801,10,1.7960877488227656,1.7962517029559653,0,0.8796094653104045,0.6711093239867627,0.5752472632995173,1851.581931412252,18.51581931412252,0.0,920.9508888234138,2530.154257737558,273018.9639181302,4321295.864664743,66749.9532535021,178642.68754440994,112040.76196504312,1.362517848202822,1.3625178482028222,1584.082564554219,42965.004645106,320597.36978107056,430873.4043074449,1,0.00013220773575173996,0.00014554735940314938,22,1
802,10,1.8251409239577605,1.808952893074891,0,0.8734334686373658,0.6964470634362045,0.5592107193441743,3504.3284697508693,35.043284697508696,0.0,925.6528996218208,2530.154257737558,272651.7726231169,4320025.284373445,67456.03434208843,176778.35877173362,99615.0063656594,1.6952330611398265,1.6952330611398252,1584.082564554219,42965.004645106,320597.36978107056,432204.4082057843,1,0.00028142976425760114,0.00018576218813429253,22,1
803,11,1.8376280961599833,1.8270482382009385,0,0.8647828595679541,0.8549267290624517,0.4589071335047774,2128.5092575954595,21.285092575954597,0.0,0.0,2416.046806349721,258702.40751865774,4318966.7590097245,81604.54072227003,175405.43734072507,98832.52745711176,1.4257622816835602,1.4257622816835591,494.1626372855592,42470.842007820436,320597.36978107056,433304.30978733837,1,0.00017229220479212157,0.00019530990160048756,26,1
804,11,1.8410265348370298,1.8431361323496274,0,0.8572345646470607,0.8685983332883294,0.4502542194377663,1207.4580824972616,12.074580824972616,0.0,0.0,2408.459815730268,258223.56196673977,4317863.72586699,82179.40608779209,174182.31353496172,96716.56952902132,1.347088405486313,1.3470884054863135,494.1626372855592,42470.842007820436,320597.36978107056,434445.07217641344,1,9.987600580766628e-05,0.00018453265828579634,27,1
805,11,1.7763976816337737,1.7871367992394147,0,0.8840957226511312,0.8520280049533578,0.46074176901686215,2969.9751721292305,29.699751721292305,0.0,5.771147175769768,2408.459815730268,257845.59200885383,4316807.241344541,82860.19556138285,172755.658780276,95773.60241413639,1.2681440063631284,1.2681440063631266,494.1626372855592,42470.842007820436,320597.36978107056,435536.10290421447,1,0.00024808298715019254,0.00017341706591666016,27,1
806,11,1.9455614300294588,1.9709881471036184,0,0.8016283620588088,0.952706144778557,0.39702142735534374,2679.874136845103,26.79874136845103,0.0,8.96288493537621,2408.459815730268,257250.53958039056,4315354.408830551,83724.56162273361,170977.4611322329,96311.10891850994,1.3917605152657886,1.3917605152657904,494.1626372855592,42470.842007820436,320597.36978107056,437026.30991335696,1,0.00022260145621312108,0.00019018681639032664,27,1
807,11,1.9174593345521866,1.9144866018496527,0,0.8252865277163636,0.9562618356047721,0.394770990123562,2281.9277695369797,22.8192776953698,0.0,7.055711415501607,2408.459815730268,256675.53897884302,4314009.545137864,84494.31847760992,169424.74712384093,96675.59537143087,1.6074866379929167,1.6074866379929165,494.1626372855592,42470.842007820436,320597.36978107056,438413.7732710905,1,0.00018883175310333385,0.00021983873215554916,27,1
808,11,1.9327592199524823,1.9460497864251838,0,0.8119011193965379,0.9798815443246842,0.3798218073894404,2939.7453098792853,29.39745309879285,0.0,10.484558886777517,2408.459815730268,256201.3698753775,4312816.533643323,85193.3462489684,168038.90877930276,90204.59767209753,1.639810374374562,1.6398103743745607,494.1626372855592,42470.842007820436,320597.36978107056,439646.6222631322,1,0.00026071800203049915,0.00022405040378231804,27,1
809,11,2.1333918405762273,2.138858557824855,0,0.7387117741936172,1.1028000590277853,0.3020252790963384,3374.1423809207254,33.741423809207255,0.0,15.855660676409508,2408.459815730268,255669.8171433393,4311489.198390366,86025.54414147313,166418.3751625324,78708.86424391707,1.9357668457843868,1.9357668457843886,494.1626372855592,42470.842007820436,320597.36978107056,441014.1870195823,1,0.0003429491621644374,0.00026416630576609016,27,1
810,11,1.8592904446470255,1.8483627837649952,0,0.854810545785629,0.9810740663720986,0.3790670465999376,1687.7642550757976,16.877642550757976,0.0,12.419480166999913,2408.459815730268,254946.6774548967,4309975.190603302,86915.71997709018,164719.0290541516,65588.99539086153,1.9767594653227396,1.976759465322738,494.1626372855592,42470.842007820436,320597.36978107056,442561.80061780877,1,0.0002058594427334013,0.00026984220230944595,27,1
811,11,1.8891534281406894,1.898358432413979,0,0.8322980386748408,1.01259179649241,0.3591191161440443,1361.073485522516,13.61073485522516,0.0,8.220138348509467,2408.459815730268,254380.27141280856,4308807.787488011,87601.18228057065,163434.1443292128,65998.07451126151,1.7414400395053307,1.741440039505329,494.1626372855592,42470.842007820436,320597.36978107056,443758.53937691904,1,0.000164983417543828,0.00023793067414722225,27,1
812,11,1.7141110516622016,1.701126736350699,0,0.928796171524208,0.9319541749926281,0.41015558544770375,1047.977838880678,10.47977838880678,0.0,6.067568751840684,2408.459815730268,253879.02175741072,4307798.067700485,88228.50316313209,162275.63157247994,66513.77632822558,1.2124268538661962,1.2124268538661958,494.1626372855592,42470.842007820436,320597.36978107056,444788.5436546947,1,0.00012604640983957622,0.00016562975670560186,27,1
813,11,1.6237268094960982,1.6204514974469266,0,0.9750368971174643,0.902209674561037,0.42898121863225513,2615.5450113807547,26.155450113807547,0.0,11.82274131102862,2408.459815730268,253186.67734927588,4306306.461405702,89193.96112586142,160524.35482436855,67007.18607117394,1.4744705840568317,1.4744705840568317,494.1626372855592,42470.842007820436,320597.36978107056,446304.3985640232,1,0.00031227038945972935,0.00020110007228104452,27,1
814,11,1.553395857086502,1.5723753589444043,0,1.0048491227061167,0.8768864367072767,0.4450085843624831,2225.285783727825,22.252857837278253,0.0,14.143113070900338,2408.459815730268,252695.5847221832,4305237.716325538,89903.02647814876,159262.34347414612,67010.65869142345,1.7207223382715962,1.7207223382715953,494.1626372855592,42470.842007820436,320597.36978107056,447401.0354086128,1,0.00026566350215717367,0.0002346601004854931,27,1
815,11,1.4780708937200424,1.465987951827181,0,1.0777714769283857,0.8513696583056864,0.4611584441103251,2260.4606882189314,22.604606882189316,0.0,14.846576152334121,2408.459815730268,252033.74805564218,4303886.650501732,90815.90577345097,157666.3505693826,64399.35983712148,2.0980135291119666,2.0980135291119666,494.1626372855592,42470.842007820436,320597.36978107056,448784.1475273434,1,0.0002808053612875751,0.00028624641763482606,27,1
816,11,1.37224031780686,1.3613970878307489,0,1.1605724840484073,0.8054265846378289,0.49023633883681716,1446.119504283915,14.46119504283915,0.0,11.414061981373399,2408.459815730268,251326.18564332352,4302554.79335782,91675.80498500906,156192.05793212898,64726.632504396795,1.7711007942959187,1.7711007942959192,494.1626372855592,42470.842007820436,320597.36978107056,450142.71944765263,1,0.0001787356392051673,0.00024173483421663868,27,1
817,11,1.4962431555581022,1.4949188103468651,0,1.0569135855835499,0.8878217566692753,0.4380874957789397,1746.5846152870372,17.465846152870373,0.0,13.044392490117465,2408.459815730268,251024.00643024026,4301890.930624076,92176.91987849934,155345.46707443302,52173.47853411693,1.7790177037876729,1.7790177037876715,494.1626372855592,42470.842007820436,320597.36978107056,450827.94257925195,1,0.00026781187137367847,0.00024245095728880697,27,1
818,11,1.493463534926078,1.4982162950229367,0,1.0545873818411589,0.9018814147538532,0.4291889780038904,1948.9773912067621,19.489773912067623,0.0,16.09022653610051,2408.459815730268,250436.82093716154,4300739.369991139,92991.592793431,153988.70696275265,46168.94686726502,1.9210859536636204,1.9210859536636204,494.1626372855592,42470.842007820436,320597.36978107056,451999.54795980727,1,0.0003377122543964524,0.0002614199216584327,27,1
819,11,1.5568772723595203,1.5744711203628579,0,1.0035115789458673,0.9555649303513323,0.395212069397891,1661.489813430433,16.61489813430433,0.0,16.354310133891694,2408.459815730268,249857.29795189173,4299648.407671857,93750.75307920716,152745.68174236204,46290.48650104102,2.185048314828848,2.1850483148288493,494.1626372855592,42470.842007820436,320597.36978107056,453113.025295386,1,0.0002871414735972702,0.0002975551997891337,27,1
820,11,1.5033959142303137,1.5327849400044438,0,1.0308034472177288,0.9408825318378796,0.40450472668488635,2906.620894668402,29.066208946684018,0.0,21.61513893310525,2408.459815730268,249287.79272082396,4298471.896735345,94669.311698166,151268.0399454397,43532.15325115685,2.8383808019113506,2.838380801911352,494.1626372855592,42470.842007820436,320597.36978107056,454316.47513393237,1,0.000534156144842876,0.0003863366242788662,27,1
821,11,1.3680031596428308,1.347799564377111,0,1.172281132714419,0.8660769327608152,0.4518500425564461,1336.8344417164465,13.368344417164465,0.0,17.38840316160495,2408.459815730268,248889.905469922,4297732.320756356,95217.49656476485,150399.84466351336,43517.18049555511,2.611085411837353,2.6110854118373528,494.1626372855592,42470.842007820436,320597.36978107056,455080.6060167603,1,0.00024575754706405984,0.00035568505516806874,27,1
822,11,1.4185528670611152,1.402300886455328,0,1.126719675685189,0.9085450570321654,0.4249714828910346,1991.8954164300123,19.918954164300125,0.0,17.494994254255218,2408.459815730268,248545.08570067838,4297019.820686278,95771.54528255519,149532.4850340717,43931.31137722831,2.794966283667864,2.7949662836678666,494.1626372855592,42470.842007820436,320597.36978107056,455819.30077280744,1,0.00036272906116114836,0.0003808809176893614,27,1
823,11,0.8647000085608905,0.8385539509559305,0,1.8841959997908775,0.563985753017087,0.6430469917613373,1032.9183656344874,10.329183656344874,0.0,16.966757229345802,2408.459815730268,247895.87220382103,4295925.8324001,96648.0927934567,148180.35068939728,31866.94729130195,2.131066488330152,2.1310664883301538,494.1626372855592,42470.842007820436,320597.36978107056,456927.51865936856,1,0.00025930776643081125,0.0002892647915520065,27,1
824,11,0.8473980679538222,0.8629650790307993,0,1.8308967980193434,0.5631664692939226,0.6435655257633401,2381.682966210951,23.81682966210951,0.0,21.802995464382743,2408.459815730268,247361.70205171301,4294889.776026709,97560.30358578068,146799.24547217903,31521.573722469926,3.00971696067439,3.0097169606743903,494.1626372855592,42470.842007820436,320597.36978107056,457983.04677328473,1,0.0006044578832720361,0.0004088315702879986,27,1
825,11,0.8461182809602503,0.843475992065683,0,1.873200914860138,0.5755821094389274,0.6357075256715649,1054.216801881669,10.54216801881669,0.0,18.68173032320441,2408.459815730268,246421.3318487988,4293405.16283168,98706.16531828679,145100.22036768802,31811.450140367782,2.768381260976185,2.7683812609761858,494.1626372855592,42470.842007820436,320597.36978107056,459485.3698159614,1,0.00026511631434089183,0.0003762939880145797,27,1
826,11,0.8833092234371608,0.8819140267579426,0,1.7915578526495757,0.6135699103316277,0.6116646137141597,3054.6491271802893,30.546491271802893,0.0,24.330373191184066,2408.459815730268,245886.7334843424,4292341.348182306,99744.54998146335,143594.5268870756,32159.02537862935,3.99263440346752,3.992634403467521,494.1626372855592,42470.842007820436,320597.36978107056,460574.4047991601,1,0.0007598859956023908,0.0005431533977384395,27,1
827,11,0.8476505278185111,0.8374019384790028,0,1.8867880851455867,0.5976006901335265,0.621771715105363,1107.1644789871202,11.071644789871202,0.0,19.584422735921784,2408.459815730268,245357.8826295232,4291493.863467808,100488.29870357004,142534.90807822387,32429.166348357547,3.1808267962593386,3.180826796259338,494.1626372855592,42470.842007820436,320597.36978107056,461441.91249201784,1,0.00027312807664405355,0.0004327101288624454,27,1
828,11,0.8583158807057745,0.8565360783564223,0,1.8446391692359392,0.6159818742911638,0.6101380542460989,943.0017419454498,9.430017419454499,0.0,14.00842167384668,2408.459815730268,244635.7722206757,4290404.211580581,101387.57389675241,141274.55435592704,31877.295480164055,3.1055750034349523,3.1055750034349567,494.1626372855592,42470.842007820436,320597.36978107056,462550.4486619413,1,0.00023665790406397346,0.00042322399210347264,27,1
829,11,0.8105253430735903,0.8009387993047571,0,1.9726850558013862,0.5933313023668831,0.6244738592614664,981.0404679209987,9.810404679209988,0.0,14.385319315352316,2408.459815730268,243793.77767687626,4289156.223009566,102399.14054811906,139883.22913710726,31032.691627791733,1.8728011647830831,1.872801164783081,494.1626372855592,42470.842007820436,320597.36978107056,463809.28193218407,1,0.0002529050279460555,0.00025423033621802747,27,1
830,11,0.8130368558371346,0.8126970092950814,0,1.9441439822332598,0.6051181524909659,0.6170138275373633,806.5917194424676,8.065917194424676,0.0,13.984323605835982,2408.459815730268,243072.1202385683,4288108.475367323,103252.73927491713,138730.39860245038,30836.715780713825,1.7170093146466636,1.717009314646665,494.1626372855592,42470.842007820436,320597.36978107056,464866.7515466048,1,0.00020925489606047696,0.00023293927602350197,27,1
831,11,0.8106640471212694,0.8084756964228994,0,1.954294986220006,0.614445133826825,0.6111106747931487,1308.7930793059033,13.087930793059034,0.0,15.909360374786065,2408.459815730268,242350.21722333366,4287027.345012109,104199.11081771669,137474.3947532588,31088.604991253007,1.9627911285787147,1.9627911285787139,494.1626372855592,42470.842007820436,320597.36978107056,465958.86968365253,1,0.0003367904297215372,0.00026631678457602324,27,1
832,11,0.7725586840163191,0.7698573875048386,0,2.052328165767026,0.5936018490067446,0.6243026272109211,481.28067778606413,4.812806777860642,0.0,13.025338163300937,2408.459815730268,241743.72780790928,4286194.657744487,104912.99580253684,136541.76803700716,30825.698326233804,1.6480657625246107,1.6480657625246122,494.1626372855592,42470.842007820436,320597.36978107056,466800.60799676843,1,0.0001249037534053791,0.00022364969306246443,27,1
833,11,0.7368922859510034,0.727038722706762,0,2.1731992404994154,0.5774215987671067,0.6345432919195527,1440.7253578246168,14.407253578246168,0.0,15.442518718315489,2408.459815730268,240988.9486666292,4285087.695392455,105949.38673610997,135210.192957414,31105.721832544208,2.0432149943025455,2.0432149943025455,494.1626372855592,42470.842007820436,320597.36978107056,467918.63785745756,1,0.00037053642171190897,0.00027741020161294174,27,1
834,11,0.8279606523415542,0.8279625487922876,0,1.9082988745139213,0.6586822551729148,0.5831124967260033,1265.0109400459066,12.650109400459067,0.0,16.955572276659765,2408.459815730268,240380.4870849109,4284201.479004179,106756.020055969,134191.84031870478,31479.70233259901,2.0074981383761816,2.007498138376184,494.1626372855592,42470.842007820436,320597.36978107056,468815.69865929394,1,0.00032147977174127636,0.00027230664895285477,27,1
835,11,0.7363901690486958,0.7285339517099754,0,2.168739008376356,0.5930342866794021,0.6246618438737962,1001.2408114008963,10.012408114008963,0.0,15.553060670565825,2408.459815730268,239952.28290177017,4283577.230459378,107411.0926754596,133375.8847837863,31021.5372568655,2.33050548574865,2.3305054857486507,494.1626372855592,42470.842007820436,320597.36978107056,469452.220779343,1,0.0002582053373075334,0.00031674051025357293,27,1
836,11,0.6272023604635082,0.6299664060216749,0,2.5080702477103802,0.513912257485638,0.6747390775407354,462.15821455892484,4.621582145589248,0.0,12.123731494271667,2408.459815730268,239131.48975501786,4282530.806991521,108345.16900247686,132229.470601935,31291.11633859266,1.7122244766927395,1.7122244766927395,494.1626372855592,42470.842007820436,320597.36978107056,470507.5975629639,1,0.00011815704101011585,0.0002326140500196419,27,1
837,11,0.7035942734695909,0.7005851400497133,0,2.2552576548910013,0.5878684493439122,0.6279313611747391,997.6830592060339,9.97683059206034,0.0,13.406496980185812,2408.459815730268,238271.67085003282,4281400.652723703,109409.33812679973,130947.29587210777,31496.162351217106,1.5479842232811518,1.5479842232811527,494.1626372855592,42470.842007820436,320597.36978107056,471645.7172779121,1,0.00025341069761598573,0.00020992435864454498,27,1
838,11,0.6325735712991848,0.6255284800285051,0,2.5258642099365325,0.5353410386245625,0.6611765578325554,931.0219257707729,9.310219257707729,0.0,14.470867006290963,2408.459815730268,237779.52427912148,4280727.759858151,110113.22344803433,130112.78788330933,31471.987908118383,1.4968047253908017,1.4968047253908006,494.1626372855592,42470.842007820436,320597.36978107056,472326.20931069175,1,0.00023666046860182236,0.00020274273574264132,27,1
839,11,0.5628037932682759,0.6255284800285051,1,2.5258642099365325,0.48342544651515135,0.6940345275220562,632.3230422529117,6.323230422529117,0.0,13.01865739771612,2408.459815730268,237109.66947770782,4279886.895556893,110935.58592301662,129151.18352992139,31016.876088734425,1.6046822131850147,1.6046822131850134,494.1626372855592,42470.842007820436,320597.36978107056,473174.9981957865,1,0.00016309135464034086,0.00021772084028604964,27,1
840,11,0.6308594221588281,0.6302641513163898,0,2.5068854014621675,0.5509548233294564,0.651294415614268,1035.510830485264,10.35510830485264,0.0,14.334722247162212,2408.459815730268,236418.1737593155,4278991.926192844,111861.83888561677,128085.08438958827,30953.154445169195,1.6408733430335756,1.6408733430335751,494.1626372855592,42470.842007820436,320597.36978107056,474077.90620971675,1,0.00026763303425363793,0.00022246161916526701,27,1
841,11,0.5382394833013323,0.5392273285117101,0,2.93011855382194,0.4820003234385699,0.6949365041528038,594.9145169943752,5.949145169943752,0.0,13.260486004595192,2408.459815730268,235164.41507606738,4277523.660274756,113275.09518100004,126491.88337920504,31143.4189203056,1.43549761353603,1.435497613536031,494.1626372855592,42470.842007820436,320597.36978107056,475552.99832589616,1,0.00015281932109425256,0.00019451456999607713,27,1
842,11,0.5194529876692496,0.519969816374281,0,3.0386379175184577,0.4732423315652113,0.7004795369840435,396.98999344286,3.9698999344286,0.0,11.221451936408544,2408.459815730268,234292.6073664831,4276525.675905035,114254.39120325429,125410.98060388427,30592.152026708485,1.2891053870807438,1.2891053870807452,494.1626372855592,42470.842007820436,320597.36978107056,476556.9072057939,1,0.00010381485894716209,0.00017475573809835087,27,1
843,11,0.52137447106644,0.5242541548966898,0,3.013805394277432,0.4839700102671496,0.6936898669195256,809.782629326418,8.09782629326418,0.0,12.602488754539564,2408.459815730268,233412.57539938207,4275492.158881238,115330.72299400809,124244.25774960575,30788.56994747354,1.1514174891903415,1.1514174891903406,494.1626372855592,42470.842007820436,320597.36978107056,477595.635066889,1,0.0002104112352624205,0.00015568180510127839,27,1
844,11,0.5493082110391035,0.5438938880988621,0,2.904978405848179,0.5203488565555562,0.6706652806610405,800.5681199052898,8.005681199052898,0.0,13.572542863653965,2408.459815730268,232467.63394789209,4274410.611421406,116508.23465410084,122992.3524245032,31076.980112114303,1.2820348824347714,1.2820348824347705,494.1626372855592,42470.842007820436,320597.36978107056,478682.9240353025,1,0.00020608646451930268,0.0001734375195762951,27,1
845,11,0.5538716307527078,0.5499251500612322,0,2.873118277685741,0.5331610430359467,0.6625563018759832,581.0882074166675,5.810882074166675,0.0,12.543973968779133,2408.459815730268,231673.52114911316,4273527.528703212,117448.470060807,122010.74420511229,31325.032567390757,1.3892061719240911,1.389206171924091,494.1626372855592,42470.842007820436,320597.36978107056,479572.1881066528,1,0.00014840226101385209,0.00018829998693185843,27,1
846,11,0.6478555321629553,0.6534096294678133,0,2.4180849634659847,0.6367376819710996,0.597001467106899,1267.5274877125057,12.675274877125057,0.0,14.94756364831053,2408.459815730268,230741.47884400774,4272451.506606455,118678.1284663236,120750.32505637602,31689.707599132893,1.658435047003081,1.65843504700308,494.1626372855592,42470.842007820436,320597.36978107056,480655.50475813955,1,0.00031998464706495136,0.00022482445753270203,27,1
847,11,0.9545463680865472,0.9554018251235219,0,1.6537544292379023,0.9512276760693752,0.39795716704469924,2330.7076235721047,23.30707623572105,0.0,21.419920752421124,2408.459815730268,230277.89712417472,4271764.844314685,119502.8415939946,119919.76925117352,22448.560308309658,3.1956833665458277,3.195683366545824,494.1626372855592,42470.842007820436,320597.36978107056,481351.9731981172,1,0.0008305949572042212,0.00043299395509434157,27,1
848,11,0.9387041307019077,0.943803391610505,0,1.674077476352241,0.953046682249146,0.3968058973106671,1355.8816360095927,13.558816360095928,0.0,20.463439381137178,2408.459815730268,229362.19154824986,4270736.578979051,120623.96555803179,118808.67625891214,22828.411630977233,3.988674927838672,3.988674927838671,494.1626372855592,42470.842007820436,320597.36978107056,482392.49656078825,1,0.00047515583928571406,0.0005419118145182955,27,1
849,11,0.9958678159867527,0.9943683566974606,0,1.588948390561788,1.0254649592619218,0.35097154477093556,1719.2488583592535,17.192488583592535,0.0,20.771533704809357,2408.459815730268,228751.11104756675,4269986.357523919,121480.17926210657,117973.99776049618,22088.997510589117,4.726795419279749,4.72679541927975,494.1626372855592,42470.842007820436,320597.36978107056,483156.5706019085,1,0.0006226625205729948,0.0006428044390209767,27,1
850,11,1.0560879437095299,1.050459642983564,0,1.5041034756103635,1.106653468984508,0.29958641203512154,1302.8147803733043,13.028147803733043,0.0,20.06610833525186,2408.459815730268,227859.27364786572,4269014.997826402,122548.39522250896,116948.8790688949,22402.786788832625,3.836118190753062,3.8361181907530564,494.1626372855592,42470.842007820436,320597.36978107056,484139.1387789512,1,0.0004652331132384774,0.0005210171576990621,27,1
851,11,1.0958462149743702,1.0890010461166049,0,1.450870966225703,1.1692853821650204,0.2599459606550504,1181.7577132737115,11.817577132737116,0.0,18.862076808124186,2408.459815730268,226908.9982984704,4268025.396419228,123663.97389327246,115897.02547098683,22045.312997322864,3.721969474310619,3.721969474310623,494.1626372855592,42470.842007820436,320597.36978107056,485139.2519741868,1,0.0004288467896707919,0.0005055808078274214,27,1
852,11,1.0769502636224124,1.100036327784805,0,1.436316201649195,1.1708644019141183,0.25894658106701374,2628.463521495094,26.284635214950942,0.0,24.633365718659658,2408.459815730268,226093.46670935192,4267052.107698116,124830.18852444559,114817.65456329744,21773.765301180898,4.566845568971725,4.566845568971723,494.1626372855592,42470.842007820436,320597.36978107056,486125.013020359,1,0.0009657359616538311,0.0006199386215210335,27,1
853,11,1.0765231629331786,1.0731250403729027,0,1.4723354134490816,1.1798032712842343,0.25328906880744667,1959.2140816708018,19.592140816708017,0.0,25.73591754258348,2408.459815730268,225813.93416982057,4266645.783153724,125331.45703701285,114359.92747981103,21761.710999990883,5.189240940657788,5.189240940657797,494.1626372855592,42470.842007820436,320597.36978107056,486545.4116216397,1,0.0007202426616810131,0.000704941804335212,27,1
854,11,1.0225626697030017,1.006585063964437,0,1.5696636643674877,1.1384889216483016,0.27943739136183443,1280.5927066962358,12.805927066962358,0.0,20.504077458687846,2408.459815730268,225011.86587885424,4265815.823367655,126325.69807809121,113462.62631331332,22366.979562197506,5.250546984066846,5.250546984066846,494.1626372855592,42470.842007820436,320597.36978107056,487389.80560429674,1,0.00045802973195739643,0.0007146694517640803,27,1
855,11,0.7217852878848207,0.7191313927348436,0,2.1970950176313244,0.8163101742715657,0.48334799096736347,1032.3690095595664,10.323690095595664,0.0,17.605529749538036,2408.459815730268,224222.15926315935,4265022.070383348,127321.30753601025,112578.09777485218,22445.401426765562,3.7911221089895566,3.7911221089895606,494.1626372855592,42470.842007820436,320597.36978107056,488193.85049290233,1,0.000367957423413597,0.0005154099390173354,27,1
856,11,0.6232917723181227,0.6205531465797138,0,2.546115524042451,0.7145747112819083,0.5477375245051214,533.1327132407649,5.331327132407649,0.0,14.460512874992798,2408.459815730268,223470.30815594946,4264316.914183835,128191.78083959494,111815.99490526279,22393.558475432972,2.4969227340163234,2.4969227340163247,494.1626372855592,42470.842007820436,320597.36978107056,488905.683000539,1,0.00019045931045774342,0.0003388154886095789,27,1
857,11,0.4781100830019199,0.48269998210368464,0,3.273254730845658,0.5540366580583644,0.6493438873048326,678.5491060646948,6.785491060646948,0.0,14.199121825959477,2408.459815730268,222970.9029811215,4263820.099401868,128881.64983489268,111219.3848615224,22271.513257833885,1.975177972215658,1.9751779722156555,494.1626372855592,42470.842007820436,320597.36978107056,489407.6852378486,1,0.00024373704586993662,0.0002673845932470923,27,1
858,11,0.5376225824458466,0.5418165274483852,0,2.91611628652379,0.6327625558764948,0.5995173696984211,965.0438904002991,9.650438904002991,0.0,15.842677950496697,2408.459815730268,222241.79594410973,4263104.89436789,129889.06879756656,110359.40093153036,21684.44427489989,1.9495553846061255,1.9495553846061238,494.1626372855592,42470.842007820436,320597.36978107056,490127.7911812854,1,0.0003560317721463966,0.0002634093761580255,27,1
859,11,0.5357031820410136,0.5313392013083633,0,2.973618351722265,0.6384782336178958,0.5958998521405723,943.2928092763196,9.432928092763197,0.0,16.64366600977936,2408.459815730268,221692.00638555083,4262552.11032309,130709.15301593268,109669.062319869,22010.583767147793,2.32130739653002,2.321307396530023,494.1626372855592,42470.842007820436,320597.36978107056,490686.42899675074,1,0.0003428506283179076,0.0003142064821114136,27,1
860,11,0.5943352078083614,0.6038114226195705,0,2.6167110140867176,0.7148924003390434,0.5475364554816181,737.7043772942708,7.377043772942708,0.0,15.930255413248883,2408.459815730268,221253.92770896858,4262118.969923603,131311.52490896772,109167.56480750334,21169.327785956408,2.406451063973722,2.4064510639737247,494.1626372855592,42470.842007820436,320597.36978107056,491125.35844104085,1,0.0002787823533191863,0.0003258882512611635,27,1
861,11,0.5601470918191512,0.5509843008310109,0,2.8675953155416534,0.680682785279591,0.5691881105825374,677.0860805938777,6.770860805938777,0.0,15.342476182071351,2408.459815730268,220761.69082317036,4261649.768331142,131984.51590532815,108612.62301375957,21505.15259328171,2.1515852410176577,2.1515852410176595,494.1626372855592,42470.842007820436,320597.36978107056,491599.7644112053,1,0.00025187864263019534,0.0002911705414224297,27,1
862,11,0.6144195593337688,0.6218583252993849,0,2.5407716447943853,0.7559383230021693,0.5215580234163485,674.3249033161766,6.743249033161766,0.0,15.411190974995268,2408.459815730268,220085.10488486645,4261035.403163324,132805.63647038923,107943.17228568802,21406.03311052289,1.9307848263844496,1.9307848263844467,494.1626372855592,42470.842007820436,320597.36978107056,492218.7188373508,1,0.00025201302822789283,0.0002608913413924248,27,1
863,11,1.0190332285237136,1.0335996104748015,0,1.528638346984477,1.2643448872380325,0.19978171693795413,955.3726374653033,9.553726374653033,0.0,16.743537996700486,2408.459815730268,219631.7304331806,4260610.844274763,133366.63475117797,107490.47491679346,21382.22587967845,2.1245021689084065,2.124502168908405,494.1626372855592,42470.842007820436,320597.36978107056,492648.2749300466,1,0.00035744553175758346,0.00028711240087189054,27,1
864,11,1.071011724161029,1.0702371154342525,0,1.4763083593479278,1.3460600298674734,0.14806327223577637,1177.8211314373243,11.778211314373243,0.0,18.125401091958324,2408.459815730268,218847.1665203173,4259930.1786898095,134229.51773434004,106801.61659366189,23989.14329337435,2.466370182974242,2.4663701829742415,494.1626372855592,42470.842007820436,320597.36978107056,493335.36722653086,1,0.00039278472500104035,0.0003340810949955055,27,1
865,11,1.1375236964833502,1.1299326856932956,0,1.3983133862797814,1.442363243505789,0.0871118711988678,1285.6234536835645,12.856234536835645,0.0,18.092622241083255,2408.459815730268,218340.64731883598,4259498.842079629,134825.7705950253,106330.71082406145,29744.499903561406,2.6891547047590345,2.6891547047590367,494.1626372855592,42470.842007820436,320597.36978107056,493775.3226949315,1,0.00034577779632587007,0.00036533601769483124,27,1
866,11,1.0403213311784312,1.0460885507968956,0,1.5103883880541262,1.3316039248278277,0.15721270580517235,1549.7660145161308,15.497660145161309,0.0,19.099178735336636,2408.459815730268,217813.61012136232,4259012.743802577,135463.67662232227,105831.58382345567,31622.070636074128,2.7732560036153577,2.7732560036153564,494.1626372855592,42470.842007820436,320597.36978107056,494270.77807982307,1,0.0003920719885428816,0.00037687816995659733,27,1
867,11,1.2231019344236105,1.2065152408528108,0,1.3095566027688106,1.5836299626726098,0.0022974447294998304,800.0430989595365,8.000430989595365,0.0,11.88000588048515,2408.475816592247,217048.80878525894,4258428.961176129,136244.36386545317,105227.07256493121,47930.873624046755,2.129411125189505,2.1294111251895034,494.1626372855592,42470.842007820436,320601.36999656534,494868.25909674173,1,0.00013353282149368672,0.00029046086878747944,27,1
868,11,1.3092155528937612,1.282620756514325,0,1.2318528231944714,1.6448083409647871,0.04101793731948547,1285.712053286657,12.85712053286657,0.0,9.12538084471382,2408.6625106887263,219104.7124174568,4260064.369948075,134210.04691781057,106826.96360618754,58172.970504391655,1.7149405771063144,1.7149405771063122,494.1626372855592,42470.842007820436,320648.04352068517,494868.25909674173,1,0.00017681229507640077,0.00023413903503765636,27,1
869,11,1.4253897748202455,1.4356559491242191,0,1.1005422301658234,1.7350627605946043,0.09814098771810394,2874.795244704183,28.74795244704183,0.0,15.891102397270249,2409.42525473565,221358.14751411462,4261916.093745357,132109.61692974894,108530.76983944424,61855.85518277044,1.6692774622267026,1.6692774622267033,494.1626372855592,42470.842007820436,320838.7295324161,494868.25909674173,1,0.0003718057391604782,0.00022738361857685524,27,1
870,11,1.2984052979110265,1.28437181143555,0,1.2301733703062392,1.5823620912536738,0.0014949944643504454,1413.7585136254345,14.137585136254344,0.0,9.717621813516965,2409.4535299059226,221286.10755017397,4261870.354169443,132188.0030469845,108466.70583501006,78401.0793132663,1.6905250802491163,1.690525080249115,494.1626372855592,42470.842007820436,320845.7983249842,494934.340943092,1,0.00014425908684001615,0.00023095904035896507,27,1
871,11,1.318847550860984,1.319953716904914,0,1.1970116677309368,1.5779476014269402,0.0012989864386454637,1303.153758582787,13.031537585827872,0.0,0.8644056269204388,2409.4795929810944,222545.06398448054,4262930.656311086,130978.44615415302,109471.69777359681,95354.88348618662,1.5221270125754773,1.5221270125754764,494.1626372855592,42470.842007820436,320852.3140937771,494936.2956737299,1,0.00010933084586247255,0.0002084652239543223,27,1
872,11,1.0366387630021419,1.0173188269346074,0,1.5531020936286688,1.2600740618794006,0.2024847709624047,1667.4177671256807,16.674177671256807,0.0,2.1802461931415027,2409.4795929810944,221682.15662816318,4262111.792946661,132020.2384882612,108610.51811001981,95597.46274117238,0.9574402636817594,0.9574402636817587,494.1626372855592,42470.842007820436,320852.3140937771,495765.4420291545,1,0.00013953657089332345,0.00013104216786527073,27,1
873,11,0.9970229143249606,1.0029604765278852,0,1.5753362539965168,1.2248867982040377,0.22475519101010277,1518.0624019608888,15.180624019608889,0.0,3.008445311363216,2409.4795929810944,221118.29661709946,4261546.906389878,132725.8826748962,108035.08254387649,96031.33265013692,0.914449726844106,0.9144497268441067,494.1626372855592,42470.842007820436,320852.3140937771,496340.0915378759,1,0.00012646392464355535,0.00012511044713311713,27,1
874,11,0.883001255898166,0.8840632345311945,0,1.7872024740830337,1.0965642578054478,0.3059719887307293,814.5128717291013,8.145128717291014,0.0,0.0,2408.697652611499,220539.07774520284,4261008.79347259,133444.38633779544,107455.22653150263,96142.2899619387,0.8121885392882363,0.8121885392882364,494.1626372855592,42470.842007820436,320852.3140937771,496886.8064380041,1,6.777561649938273e-05,0.00011125870401208718,28,1
875,11,0.8559474379978993,0.8427043185753128,0,1.8749162252676825,1.0735753485337562,0.32052193130774925,745.3793855035892,7.453793855035892,0.0,0.0,2406.787122574549,219999.7452181834,4260511.8333167685,134109.63217685028,106923.8374645916,96633.97525203123,0.6228043171098326,0.6228043171098332,494.1626372855592,42470.842007820436,320852.3140937771,497390.32190300216,1,6.170743849123988e-05,8.531565987805933e-05,29,1
