epoch,year,xfg_price,oracle_price,oracle_stale,redemption_price,heat_price,peg_deviation,swap_volume,total_fees,cd_pool,swf_balance,yem_reserve,treasury,heat_supply,pool_xfg,pool_heat,cd_locked,cd_apy_mean,cd_apy_min,bonds_outstanding,bond_migrations_remaining,xfg_burned,heat_burned_lifetime,lag_complete,organic_rate,rolling_avg_rate,payout_queue_len,solvent
0,0,3.0685249078055374,3.054756004035206,0,0.5172262524119391,1.468106635538194,0.07081858510240892,3254.720244302895,32.54720244302895,0.0,27.665122076574608,0.0,29973.007221938973,88437.44007414034,5147.642228780844,10759.210545830063,79652.0320478044,0.012677353356019144,0.01267735335601909,0.0,50000,0.0,170.15486256852623,0,0.0,0.0,0,1
1,0,3.057685851225301,3.0836434304076925,0,0.5123809012480753,1.506533467243057,0.04649780554236901,4250.300926868288,42.50300926868288,0.0,63.792679954955055,0.0,29952.64835156759,88284.34475898794,5224.0484948046615,10602.817339272528,79945.41458792044,0.029125282924077563,0.029125282924077546,0.0,50000,0.0,323.2501777209243,0,0.0,0.0,0,1
2,0,3.2226319093198876,3.226211248851271,0,0.489738544108845,1.5668582523617935,0.008317561796333243,3376.986019510642,33.769860195106425,0.0,92.49706112079552,0.0,29970.822857372907,88312.03284568396,5189.537560115793,10673.568786860244,80418.1759908239,0.04198233408445195,0.041982334084452136,0.0,50000,16.884930097553212,328.31565675019027,1,0.0,0.0,0,1
3,0,2.9286786961766547,2.9110644812054565,0,0.542756785430507,1.473863648773335,0.06717490583966144,4673.388348362536,46.73388348362536,0.0,94.35958651850189,0.0,29950.878292902835,88152.71231952812,5280.074601321536,10491.908130025382,80572.44256181478,3.43008100120915,3.430081001209163,0.0,50000,16.884930097553212,563.1854383847734,1,0.0004640185353474556,0.0004640185353474556,0,1
4,0,3.157376265619643,3.1845120043233743,0,0.4961513719700073,1.5993125749484796,0.012223148701569295,3352.227674389028,33.52227674389028,0.0,90.16695015231905,0.06704455348778057,30008.306611331685,88330.74210862957,5297.433322840906,10458.237185297745,81020.39451971228,2.9424414025600267,2.9424414025600454,0.0,50000,33.64606846949835,568.213779896357,1,0.0003310008739662141,0.00039750970465683483,0,1
5,0,3.100807415455378,3.1037451465021673,0,0.509062415057053,1.5863800539401496,0.0040380088228794365,2573.311403031416,25.73311403031416,0.0,83.16199122504173,0.11851078154840888,30021.344413908504,88407.47738047328,5324.009300164707,10406.540019776976,81351.50096889852,2.587629315822367,2.5876293158223564,0.0,50000,46.51262548465543,572.0737470009041,1,0.00025305607123489644,0.0003493584935161887,0,1
6,0,2.789358421508536,2.828532544240187,0,0.5585935375632832,1.5480776369004925,0.02020402727816935,4415.157757149384,44.151577571493846,0.0,89.70546821711224,0.11851078154840888,29988.00116819518,88302.55970182232,5545.603352525932,9992.183237453792,81640.1386665098,2.514082528565474,2.514082528565465,0.0,50000,46.51262548465543,727.7182805991614,1,0.00043264578715964964,0.00033890091078692006,0,1
7,0,3.0017094676588156,2.9906544193111264,0,0.528312462248293,1.6006295937352863,0.013056704895750807,3740.915443577732,37.40915443577732,0.0,92.03977908497654,0.6320529796355118,30225.10384276859,88846.8457810114,5436.18709511018,10194.647365776222,81904.02547438935,2.5986860194159633,2.5986860194159918,0.0,50000,174.89817500643113,727.7182805991614,1,0.0003653950263773038,0.00035036562825728327,0,1
8,0,3.4635864416364996,3.5381733448387322,0,0.44655810951286656,1.7371616538661168,0.0994694011810865,3626.257360395291,36.26257360395291,0.0,90.92545689709834,2.199452957820745,30577.0995195499,89999.93602251711,5272.828867512942,10513.067988775034,81944.02547438935,2.8438555206222613,2.8438555206222658,0.0,50000,566.7481695527395,727.7182805991614,1,0.0003540228676247921,0.0003840212270539152,0,1
9,0,3.922216719428415,3.954795810340298,0,0.3995149372488199,1.8515995606104279,0.17189845608254922,3818.9095851360885,38.18909585136088,0.0,92.98076263731299,4.277601027779337,31282.059087966616,91737.04927931241,5116.116299759641,10837.395577498439,81984.02547438935,2.6987589617397068,2.6987589617396854,0.0,50000,1086.2851870423874,727.7182805991614,1,0.000372649141150461,0.00036402234505085234,0,1
10,0,3.4421457876821866,3.481847877816856,0,0.4537820305322103,1.5951146778799417,0.009566251822747838,3571.201342145067,35.71201342145067,0.0,93.43800805788791,4.438402195736748,31351.814848439248,91979.67890268813,5069.1690557012535,10938.911887715865,82159.2012011201,2.655900538870937,2.6559005388709456,0.0,50000,1126.4854790317402,727.7182805991614,1,0.0003477347676156696,0.00035813559213030755,0,1
11,0,3.183617147510477,3.229209499435714,0,0.4892838325528573,1.5518072135018575,0.017843535758318107,3316.857640122131,33.168576401221316,0.0,92.52442720893553,4.438402195736748,31317.383309274763,91901.833162562,5199.220692095035,10666.48486037936,82399.54276254647,2.5775176814518352,2.577517681451852,0.0,50000,1126.4854790317402,865.4343839944673,1,0.0003220268005302342,0.0003474702364321216,0,1
12,0,3.778932788152979,3.7355635617814738,0,0.4229616157960661,1.7001202123339814,0.07602545084429195,5790.58707563474,57.905870756347404,0.0,102.64283442771041,6.48011599528423,31835.47072920761,93411.52473401527,4995.543764973751,11103.817242544506,82271.85854617931,3.0454242415605615,3.04542424156054,0.0,50000,1636.9139289186105,865.4343839944673,1,0.0005630685561707082,0.000410943374772204,0,1
13,0,3.3593786539606265,3.370325008621628,0,0.4687975183278177,1.5647902956486763,0.009626395159065658,2251.576368049983,22.51576368049983,0.0,90.88714458079362,6.48011599528423,31797.73304474315,93357.97268699287,5083.2647487083095,10913.03488827057,82604.80194469324,2.724498700723793,2.7244987007238106,0.0,50000,1636.9139289186105,985.5169468192186,1,0.00021805767365025493,0.00036771767678373245,0,1
14,0,2.9750200947921575,3.0005896833252845,0,0.5265631648273308,1.4626718607418943,0.07425831598614292,2954.2881657131484,29.542881657131485,0.0,86.11561862824227,6.48011599528423,31774.82310296383,93257.17330590256,5222.6413525442695,10622.658019708402,82738.42813151023,2.6338141610988512,2.633814161098874,0.0,50000,1636.9139289186105,1147.2635730922689,1,0.0002856508862863478,0.0003555923720357703,0,1
15,0,2.9309534231147487,2.9477922786765447,0,0.535994347847795,1.515246820723092,0.04098302485880256,4729.509459133984,47.29509459133984,0.0,95.01054038854,6.48011599528423,31742.99057715695,93101.78323486469,5355.831140753623,10359.824815949982,82774.27446809835,2.3798618500173,2.379861850017309,0.0,50000,1636.9139289186105,1354.8944912958277,1,0.0004570994541021813,0.000320269338012928,0,1
16,0,2.7335736425486457,2.766866778826653,0,0.5710430339801296,1.4609020901058096,0.07537842398366483,3512.1191577043555,35.121191577043554,0.0,94.53016767989993,6.48011599528423,31723.482867562518,92981.13729018372,5445.708257761165,10189.761969159243,82735.343283842,2.6754235365983523,2.675423536598337,0.0,50000,1636.9139289186105,1532.4455839676118,1,0.000339600370850484,0.00036078357041300437,0,1
17,0,2.7952301826544748,2.7765487064147685,0,0.5690517858914791,1.54793880811342,0.020291893599101312,2912.9863504821483,29.129863504821483,0.0,89.05640298446377,6.48011599528423,31674.495308522313,92882.69425353083,5543.609167097493,10010.514358507868,82789.97087872805,2.6628386092169114,2.662838609216919,0.0,50000,1636.9139289186105,1685.6194162360873,1,0.00028148205098408674,0.00035939395864558404,0,1
18,0,2.8786603300202014,2.904610249511313,0,0.5439628260851271,1.5938606528441546,0.008772565091237023,2072.3516122104515,20.723516122104517,0.0,83.61246340268679,6.521563027528439,31708.911621362728,92979.15523719987,5543.2591338156235,10011.640690836131,82511.72706801405,2.037209233717933,2.03720923371794,0.0,50000,1647.2756869796629,1688.727943654403,1,0.00020092674686130097,0.0002740030562319573,0,1
19,0,1.5528205661440044,1.5377014190421483,0,1.0275076685460822,0.9531157133725662,0.396762206726224,2044.6045528996915,20.446045528996915,0.0,81.86753893599847,6.521563027528439,31676.34745163086,92752.01776695598,5836.9149128785975,9509.529003020012,82390.35392418566,1.6932159008140302,1.6932159008140188,0.0,50000,1647.2756869796629,1947.0310668960774,1,0.00019852853694801264,0.00022697911159780013,0,1
20,0,1.4459367156032337,1.4263622303217587,0,1.1077130103505222,0.9447750224584625,0.40204112502628964,1265.6198886857949,12.656198886857949,0.0,77.8861771058485,6.521563027528439,31643.29860484024,92596.9602445558,6022.606162000522,9217.334461906456,82249.32712350854,1.3061169244821127,1.3061169244821018,0.0,50000,1647.2756869796629,2124.6336842254273,1,0.00012310081387392212,0.0001741853658944119,0,1
21,0,0.697860961108921,0.7071153498232546,0,2.2344303519856066,0.48096659827697436,0.6955907605841934,629.9449272230962,6.299449272230962,0.0,72.34762914603331,6.521563027528439,31614.66258497222,92503.60834389931,6185.660387440682,8975.115774228585,82289.32712350854,0.9637438063670023,0.9637438063669959,0.0,50000,1647.2756869796629,2233.771338076965,1,6.124195681197959e-05,0.00012762376921130478,0,1
22,0,0.7147117099851333,0.7167791929197295,0,2.2043050574110916,0.5250705857963787,0.6676768444326717,871.1820158046943,8.711820158046944,0.0,72.0158915409192,6.521563027528439,31592.215366687447,92391.41927151408,6386.745343600246,8693.46295382521,82179.24539838791,0.686919438478406,0.6869194384783995,0.0,50000,1647.2756869796629,2356.4726511247973,1,8.480798397029664e-05,8.971691821873277e-05,0,1
23,0,0.6461893610476592,0.6263387363043295,0,2.52259665324659,0.5071883872115659,0.6789946916382494,720.32116999168,7.2032116999168,0.0,71.86109817809852,6.521563027528439,31544.69209166179,92261.6830167877,6601.83235200744,8411.14255935821,82056.58774825103,0.5582382302809776,0.5582382302809776,0.0,50000,1647.2756869796629,2494.190454242203,1,7.022677298759922e-05,7.209223792329181e-05,0,1
24,0,0.6884426080384523,0.6937240799187357,0,2.277562572406431,0.5842164469534278,0.6302427550927673,1010.2880783765515,10.102880783765515,0.0,72.85943232783912,6.521563027528439,31509.69127180917,92123.73328842821,6864.983621486934,8089.719577673033,81357.01513325387,0.65167515611285,0.6516751561128545,0.0,50000,1647.2756869796629,2640.6791331205177,1,9.93436720087934e-05,8.479280965556308e-05,0,1
25,0,0.6943295895168297,0.7031743577492015,0,2.2469533801793333,0.6331498069982487,0.5992722740517413,1076.6022514757526,10.766022514757527,0.0,73.88444283235265,6.521563027528439,31475.960173029165,91984.38919635689,7116.751383507648,7804.426396702451,80740.031838811,0.7055942920252948,0.7055942920252922,0.0,50000,1647.2756869796629,2788.56240917555,1,0.00010667345325055864,9.208129941565041e-05,0,1
26,0,0.6378079363994293,0.6442706407757045,0,2.45238553490141,0.629850830565924,0.6013602338190355,1120.4804201593868,11.204804201593868,0.0,74.48681314871493,6.521563027528439,31434.953703021463,91836.40418479897,7406.527989957538,7500.09701331178,80577.60210275152,0.8057451404873579,0.8057451404873595,0.0,50000,1647.2756869796629,2945.5371800577054,1,0.00011124485126579612,0.0001057539921750494,0,1
27,0,0.6418807995765821,0.6340155612900557,0,2.4920523981858014,0.659530291080119,0.5825757651391652,489.9347608349638,4.899347608349638,0.0,71.15802188260649,6.521563027528439,31404.553292267618,91763.80175413784,7555.192520728881,7353.010288910826,80026.57437935112,0.6819008108871821,0.6819008108871806,0.0,50000,1647.2756869796629,3025.4176634325413,1,4.897720684756731e-05,8.896517045464069e-05,0,1
28,0,0.6391297537222236,0.652909009616941,0,2.4199390370290335,0.6972997448949759,0.5586710475348254,945.344178034666,9.45344178034666,0.0,71.8801859512073,6.521563027528439,31369.26112806821,91641.96341345181,7785.621496091561,7136.13103375065,79911.50963748005,0.6529938045170731,0.6529938045170669,0.0,50000,1647.2756869796629,3153.793076249825,1,9.463910090781529e-05,8.495371967372624e-05,0,1
29,0,0.5742524528246954,0.5697306763913589,0,2.7732401737740866,0.6655718953102291,0.5787519649935259,863.9204845839665,8.639204845839666,0.0,72.58016950170102,6.521563027528439,31351.76788302065,91544.20407513664,8025.0318535108745,6923.961571013929,79363.7519135081,0.5947524879129541,0.5947524879129491,0.0,50000,1647.2756869796629,3257.1178431323406,1,8.708464141417922e-05,7.690031638985394e-05,0,1
30,0,0.5652850940230142,0.5754389902424918,0,2.7457298285161094,0.6771879903255685,0.5714000061230579,449.59500141275475,4.495950014127548,0.0,70.08767764057335,6.521563027528439,31324.870209848657,91481.27421027437,8158.960304271934,6810.721260004986,78433.96476952793,0.5863962059974238,0.5863962059974195,0.0,50000,1647.2756869796629,3325.306641017189,1,4.585717452727063e-05,7.586030561642172e-05,0,1
31,0,0.4925903866081458,0.47957617463693347,0,3.2945756765255285,0.6196960929935827,0.607787282915454,578.7502302760811,5.787502302760811,0.0,69.66746127983265,6.521563027528439,31299.157887620622,91405.4026129806,8361.367590546512,6646.369632739928,77726.65242716963,0.5011553941509048,0.5011553941509016,0.0,50000,1647.2756869796629,3405.4125999190633,1,5.956775054151457e-05,6.416985549432148e-05,0,1
32,0,0.5044485440783717,0.4994414942407252,0,3.163533703586226,0.673848216700476,0.5735137868984329,668.5498384059968,6.685498384059968,0.0,70.33794672601162,6.521563027528439,31253.693584258155,91306.70414704176,8616.341958432868,6450.267357678347,75558.21103437539,0.462756070544024,0.462756070544024,0.0,50000,1647.2756869796629,3507.686673276945,1,7.078514213120673e-05,5.873668906666398e-05,0,1
33,0,0.5271724904154882,0.5237693432908341,0,3.0165950341287373,0.7386827087141723,0.5324792982821694,698.1095572774635,6.9810955727746355,0.0,70.7665902642033,6.521563027528439,31245.608862673784,91234.47131706843,8825.103015382369,6298.173058485047,74501.63856729849,0.534272453496138,0.5342724534961423,0.0,50000,1647.2756869796629,3583.8012965774547,1,7.496313592049123e-05,6.84386761977375e-05,0,1
34,0,0.5163713821725926,0.5141803223800779,0,3.0728519377917323,0.7541967800440446,0.5226602657949085,508.03109793395345,5.080310979339535,0.0,69.8027507628764,6.521563027528439,31209.931422332582,91162.5083086635,9010.376755512727,6169.080566570694,73529.19549983309,0.5238042659835659,0.5238042659835694,0.0,50000,1647.2756869796629,3659.372036849271,1,5.527394602706967e-05,6.700740802625587e-05,0,1
35,0,0.5499321766921698,0.550436091858667,0,2.870451308279562,0.8305599631363044,0.4743291372555036,512.4391460731375,5.124391460731375,0.0,69.30840398454006,6.521563027528439,31193.247580976225,91103.64291649272,9162.723198883225,6066.842295362068,72174.84218538484,0.4901733589246727,0.49017335892467434,0.0,50000,1647.2756869796629,3721.4408358790665,1,5.679975244081985e-05,6.234561146279358e-05,0,1
36,0,0.809287472395379,0.8109442891996973,0,1.948345923441013,1.2498805033676523,0.2089363902736378,614.9291425036488,6.149291425036488,0.0,69.76554920598187,6.521563027528439,31159.710534737915,91039.27672260522,9265.87369379544,5999.57794443713,71794.05258118517,0.47491692504859506,0.47491692504859323,0.0,50000,1647.2756869796629,3788.8232432857317,1,6.8521457741451e-05,6.0198385403113505e-05,0,1
37,0,0.8792780444868132,0.8749256072218385,0,1.805867821170525,1.3964609679764963,0.11616394431867325,1147.1586971501238,11.471586971501237,0.0,72.02113690510775,6.521563027528439,31119.06131101507,90964.97604998763,9396.506084024428,5916.485805214787,70933.0085497941,0.6568313855453372,0.6568313855453408,0.0,50000,1647.2756869796629,3867.127915704054,1,0.00012937939282187162,8.490020100138081e-05,0,1
38,0,1.0449324713682309,1.0537507052391026,0,1.4994058766883465,1.5826578237357145,0.0016821669213382515,1396.3984398300167,13.963984398300168,0.0,74.17709171727536,6.62970599674566,31306.652499296695,91097.01649211883,9176.628186197955,6058.768121334887,70554.5579738384,0.9052122559745212,0.9052122559745218,0.0,50000,1674.311429283968,3867.127915704054,1,0.00015833403028026066,0.00011874496028119442,0,1
39,0,1.0658006948756933,1.055995293459252,0,1.4962187897866497,1.6088061676913805,0.018231751703405345,1228.2300910684469,12.28230091068447,0.0,74.19949904022975,6.689690995732841,31348.869182676528,91134.50344684986,9161.190631749267,6069.0986504721695,70573.47656728764,1.0772674106378874,1.0772674106378906,0.0,50000,1689.3076790307632,3867.127915704054,1,0.00013922852049352022,0.00014231398119855085,0,1
40,0,0.9949671212245508,1.0097788768115543,0,1.5646990012199085,1.524569404318982,0.03508265549431529,1025.3528994208823,10.253528994208823,0.0,72.84605139846744,6.689690995732841,31324.470601424626,91108.8005833481,9230.222724499281,6023.843917134639,70181.33155028516,1.0463637557514243,1.0463637557514183,0.0,50000,1689.3076790307632,3899.3894339773433,1,0.00011688041554882309,0.00013814765544086798,0,1
41,0,1.0650831210217857,1.0611460456843926,0,1.4889562152408242,1.5937160501578502,0.008681044403702631,1174.2578583345742,11.742578583345741,0.0,73.35207535639876,6.775994327215692,31472.920336495037,91215.10939133,9121.593319828262,6095.976181460873,70009.04856823187,0.9879546472896547,0.9879546472896525,0.0,50000,1710.883511901476,3899.3894339773433,1,0.00013418355282347538,0.00013009749628860624,0,1
42,0,1.0568140665425474,1.047371469486707,0,1.5085383228686975,1.5828281429954132,0.0017899639211475435,1637.4701628540633,16.374701628540635,0.0,75.68450251016998,6.808743730472773,31482.095791899108,91224.8580976115,9125.96110398344,6093.171964429623,69777.03810289009,1.1073402152323446,1.10734021523235,0.0,50000,1719.0708627157462,3901.8456392216244,1,0.00018773742278249456,0.00014626713038493102,0,1
43,0,1.1830700504823382,1.1883022936947876,0,1.3296279981815966,1.6940384821523033,0.07217625452677422,1580.526793094076,15.805267930940762,0.0,76.95227997196726,7.168363221881328,31724.40348656999,91412.14747773185,8923.51668797999,6231.939504181422,67574.77307499133,1.280217980510656,1.280217980510653,0.0,50000,1808.9757355678848,3901.8456392216244,1,0.0001871144181382696,0.0001696784645814132,0,1
44,0,1.3291893486039477,1.3265993191091205,0,1.1910152351510712,1.7583667843355846,0.11289036983264841,1899.7088869843692,18.997088869843694,0.0,78.7548671310574,7.890503354973872,32069.675192840685,91739.65353873365,8577.659246090161,6484.047246243514,66594.70188597773,1.5106188058294518,1.510618805829462,0.0,50000,1989.510768841021,3901.8456392216244,1,0.0002282114142037326,0.00020102108504149892,0,1
45,0,1.3008136327273152,1.3065479897482832,0,1.2092935065511061,1.627189810141212,0.02986696844380495,1980.5092444234328,19.80509244423433,0.0,80.35412646657497,8.210960869652205,32330.90417440074,91970.35814502458,8341.46962109565,6668.366119598747,66085.33681416977,1.6384029562504527,1.6384029562504576,0.0,50000,2069.6251475106037,3901.8456392216244,1,0.00023975173191506286,0.00021835918808568838,0,1
46,0,1.1593398741260597,1.1529125892880876,0,1.370442143385419,1.4747674677219487,0.06660286853041228,2060.0962436004475,20.600962436004476,0.0,81.68835935586428,8.210960869652205,32303.51663856059,91897.32260410949,8412.108132271536,6612.901760212419,64577.42173069443,1.8058913715307223,1.8058913715307296,0.0,50000,2069.6251475106037,3987.4246001980077,1,0.0002552094758061558,0.0002410575406416504,0,1
47,0,1.2410518274911688,1.2361389339051172,0,1.2781734776434739,1.5772038292168076,0.00176972834379272,2086.467392706395,20.86467392706395,0.0,82.85768447243085,8.252690217506332,32310.731963736805,91911.47163747088,8408.171104291347,6616.12400473369,63665.69095693844,1.8898748129979484,1.889874812997935,0.0,50000,2080.057484474136,3993.9847092796244,1,0.0002621779311708241,0.0002523797129640142,0,1
48,0,1.1690351181955398,1.1651357241575455,0,1.3560651924413556,1.5335874092157926,0.029375057458359145,2053.1550390436796,20.531550390436795,0.0,83.5605098600488,8.252690217506332,32279.11562633537,91864.9153476948,8542.862488134971,6512.120664613413,62938.27923024812,1.9424717260378765,1.9424717260378879,0.0,50000,2080.057484474136,4053.295256371555,1,0.0002609737748351956,0.0002594537272707251,0,1
49,0,1.2051230380020945,1.1911593897262442,0,1.3264387735407268,1.5919828434333045,0.0075840781223446,2286.130263217479,22.861302632174787,0.0,85.31809180172061,8.298412822770683,32269.327165409028,91867.40645623764,8572.825561390322,6489.5860074245475,61616.823889165484,2.0458019107429655,2.0458019107429606,0.0,50000,2091.488135790223,4072.0473088376257,1,0.00029681896844663107,0.00027332355815088354,0,1
50,0,1.2941652576599258,1.2778418727265564,0,1.2364597167478344,1.6412768448188886,0.038782813176511714,1780.737064541498,17.80737064541498,0.0,84.00830553246983,8.606565551707147,32551.791547046527,92098.3208142414,8400.111610700866,6623.582512208309,60594.424971107204,1.9799819707387742,1.9799819707387665,0.0,50000,2168.5263180243396,4072.0473088376257,1,0.000235102429359215,0.0002642983908803472,0,1
51,0,1.127621910969879,1.1185888821151595,0,1.412493924499187,1.456424792676653,0.07821215653376401,1157.1197252063819,11.571197252063818,0.0,79.76826341647104,8.606565551707147,32531.344955862674,92056.73199027947,8477.382583022896,6563.526243413342,59596.99814473886,1.721155605430166,1.721155605430159,0.0,50000,2168.5263180243396,4124.519366721888,1,0.00015532590717353515,0.00022908243499312708,0,1
52,0,1.1298136582780909,1.1358305259454538,0,1.3910525944747119,1.492119901843726,0.05562031528878112,981.8166507934689,9.81816650793469,0.0,77.61224124596127,8.606565551707147,32488.500754904133,92007.914023979,8572.454996376757,6490.950712414725,57490.6281742287,1.33176614162788,1.3317661416278759,0.0,50000,2168.5263180243396,4181.2747727188325,1,0.00013662284542350332,0.00017568372731875117,0,1
53,0,1.2136940539144887,1.2119484918982788,0,1.303685767639548,1.585052230468784,0.0031976142207492983,1379.6083347541194,13.796083347541193,0.0,79.16954925827108,8.63415771840223,32544.112111394163,92055.6049151693,8524.788974696801,6527.5361218887365,56728.05005288498,1.2347711663159817,1.2347711663159835,0.0,50000,2175.42435969811,4183.3441852209635,1,0.00019455748377996047,0.00016216874545899965,0,1
54,0,1.2177993618472052,1.204266677670299,0,1.312001759491155,1.6033779733744455,0.014796185680028778,1961.2617430872804,19.612617430872803,0.0,82.50963094917124,8.673382953263976,32556.743867060042,92068.67927659227,8559.516613833888,6501.1332593709885,55500.521830130485,1.5480422756864285,1.548042275686425,0.0,50000,2185.2306684135465,4186.286077835594,1,0.0002827017373407884,0.00020462735551475073,0,1
55,0,1.176926683034636,1.176355758002202,0,1.343131097248425,1.5725821024248887,0.00469487188298187,1719.8152445068476,17.198152445068477,0.0,83.5136526660408,8.707779258154114,32534.087520826313,92058.45362628756,8622.95795454899,6453.4559357794815,53526.32118970484,1.8437486473752218,1.8437486473752325,0.0,50000,2193.8297446360807,4212.696536058904,1,0.00025704217383617004,0.0002447671316523063,0,1
56,0,1.1174475404890376,1.100384885515237,0,1.4358612343718182,1.5209549716997681,0.03737027107609617,1657.4322200853521,16.574322200853523,0.0,83.38237631236848,8.707779258154114,32519.225110783034,92028.58546300829,8703.186171468675,6394.241882688444,52124.27004414236,1.9907606730089813,1.9907606730089757,0.0,50000,2193.8297446360807,4252.997451501842,1,0.0002543816488835971,0.00026470852002018517,0,1
57,0,1.0536107414727198,1.0384774121090041,0,1.5214582248748563,1.4843124937370897,0.060561712824626794,2068.0003895517784,20.680003895517785,0.0,85.50898205029017,8.707779258154114,32483.533653627048,91952.74345273938,8854.655054169087,6285.306979812251,51539.900369356415,2.0861067763038874,2.086106776303879,0.0,50000,2193.8297446360807,4339.276297704149,1,0.0003209940841533065,0.00027747263562435785,0,1
58,0,0.903433414897526,0.9020044403573335,0,1.7516543481471945,1.3116157499437824,0.16986344940266943,1072.294651306234,10.722946513062341,0.0,81.89819837990738,8.707779258154114,32455.606548673946,91873.52670066511,8989.147598722193,6191.673371168018,49197.12258103308,1.8851354725722476,1.885135472572253,0.0,50000,2193.8297446360807,4427.244248521825,1,0.00017436705157543257,0.00024991426153744535,0,1
59,0,0.8810993106744156,0.885058575025326,0,1.78519257886947,1.3257652188376237,0.1609080893432762,1040.9285854649534,10.409285854649534,0.0,79.62797119048211,8.707779258154114,32407.754692627837,91784.60431007957,9151.619741257988,6082.137116741167,48026.88414145333,1.6878133658027674,1.6878133658027705,0.0,50000,2193.8297446360807,4523.542499681559,1,0.00017339098366641684,0.00022291737313171863,0,1
60,0,0.8305440382888307,0.8280904463815002,0,1.908004140011653,1.3043447606158023,0.17446534138240366,1096.5843820002879,10.96584382000288,0.0,80.22131865346229,8.707779258154114,32360.8377314407,91686.7517606882,9349.876054754175,5953.551584283102,46346.67834539986,1.369979515625613,1.3699795156256145,0.0,50000,2193.8297446360807,4626.921778307146,1,0.00018928379269434823,0.0001790139426453992,0,1
61,0,0.8631574375217561,0.8476577029693346,0,1.8639599386229597,1.3931485947135962,0.11826038309266067,993.2837874779724,9.932837874779723,0.0,80.10412121978825,8.707779258154114,32324.711747062815,91624.13161149356,9478.852586033314,5872.842380097287,45559.52123133667,1.3710941962316388,1.3710941962316414,0.0,50000,2193.8297446360807,4694.834410093862,1,0.0001744151405690846,0.0001790299723099499,0,1
62,0,0.8374407592030103,0.8398048655779469,0,1.8813894331424919,1.3926431408375743,0.1185802906091302,1438.5092267613368,14.385092267613368,0.0,82.02719337864276,8.707779258154114,32291.031325357057,91540.39728951214,9621.833046660951,5785.915239329888,43400.48270606708,1.5992087426784398,1.599208742678438,0.0,50000,2193.8297446360807,4784.270904176217,1,0.000265160041929256,0.00020961965839756292,0,1
63,0,0.7270902497223566,0.7330851397844108,0,2.1552748981716556,1.2438858224108311,0.21273049214504364,767.249556457131,7.67249556457131,0.0,79.87151089512065,8.707779258154114,32263.385121238814,91470.45544688168,9759.412880256252,5704.6827131577675,42444.96313502293,1.4902034946198686,1.490203494619864,0.0,50000,2193.8297446360807,4859.274186562635,1,0.0001446107146360638,0.0001947286323781348,0,1
64,0,0.7577341265269287,0.747714259822006,0,2.1131066837967225,1.3458710700087284,0.14818286708308331,1229.4099407280123,12.294099407280124,0.0,80.80682860545862,8.707779258154114,32243.095627079605,91394.06568858676,9944.567229020186,5598.855738032218,41145.44984888029,1.6504487085835895,1.650448708583583,0.0,50000,2193.8297446360807,4940.889603825983,1,0.0002390368694946168,0.00021626920868664552,0,1
65,0,0.808670651987869,0.7918607240401451,0,1.9953003754734762,1.4641585653647657,0.07331736369318628,679.9470242046428,6.799470242046429,0.0,79.21477293122591,8.707779258154114,32198.815044694365,91353.72409804031,10040.539498122105,5545.4988375753865,40292.285300174066,1.3338086883908624,1.3338086883908606,0.0,50000,2193.8297446360807,4985.293380096246,1,0.00013500292061154555,0.00017288350158074206,0,1
66,0,0.8655931136171521,0.8730055989528394,0,1.809839480863803,1.5716299098410684,0.005297525417045343,659.5556297993465,6.595556297993466,0.0,77.82504338555405,8.7209703707501,32202.03719249679,91358.31001225911,10054.677524282954,5537.728424588585,38814.70442808105,1.314133167967413,1.3141331679674133,0.0,50000,2197.1275227850774,4986.282713540945,1,0.0001359393332022246,0.00016999304110279566,0,1
67,0,0.7084407376666042,0.6938721580559495,0,2.277076521454257,1.3323520472911823,0.15673921057520113,1197.8146563008847,11.978146563008847,0.0,80.013627073643,8.7209703707501,32186.081984405395,91281.83090526672,10233.444995243879,5441.3466290991255,37056.94958645009,1.3673369584199389,1.3673369584199355,0.0,50000,2197.1275227850774,5066.439710821562,1,0.0002585889383056757,0.00017651039737314858,0,1
68,0,0.7447215860865956,0.740852698032123,0,2.132677662100506,1.426422846522942,0.0972007300487709,1036.5547783494542,10.365547783494542,0.0,80.82231761602945,8.7209703707501,32134.29663730044,91217.94090844733,10327.724966775726,5392.005418780039,35294.89044566856,1.6153057393029593,1.615305739302958,0.0,50000,2197.1275227850774,5134.397251574386,1,0.00023494727202966266,0.00020982518117918764,0,1
69,0,0.6990475978319884,0.6831662814150304,0,2.3127605137761975,1.3657794428174301,0.1355826311282088,593.9294596348769,5.93929459634877,0.0,78.36849060012642,8.7209703707501,32102.88833291874,91176.4292557577,10430.912449173256,5338.859307875132,33510.11943965467,1.6313238270057575,1.631323827005755,0.0,50000,2197.1275227850774,5179.740009041279,1,0.00014179106957930857,0.00021177575997154897,0,1
70,0,0.7616303042015617,0.7613704959681432,0,2.07520518376655,1.4984918504557412,0.051587436420417014,1051.5779094417558,10.515779094417558,0.0,79.53700213249104,8.7209703707501,32077.215012704226,91144.51005545209,10467.618061526888,5320.319310406525,32988.995535862705,1.6252637297144732,1.6252637297144732,0.0,50000,2197.1275227850774,5215.382009270201,1,0.0002550130168828145,0.00021058378616392855,0,1
71,0,0.8132349046627786,0.825833650789838,0,1.913218235281243,1.5674788520302656,0.007924777196034474,1247.2887472116474,12.472887472116474,0.0,81.32520456980876,8.745916145694332,32188.513420419324,91203.87258324343,10360.847949274272,5375.3855647495,32588.928341265295,1.8016971535997566,1.8016971535997577,0.0,50000,2203.363966521136,5217.252942391018,1,0.0003061871158573287,0.0002343304007731506,0,1
72,0,0.8088456139062771,0.7989902621622837,0,1.977495940593935,1.5765686927527505,0.002171713447626332,1404.9301933746,14.049301933746001,0.0,82.74437923999281,8.774014749561825,32164.2733390799,91193.89112032614,10419.093980289043,5345.430557877849,31477.042058526935,2.3304005687247886,2.3304005687247944,0.0,50000,2210.388617488009,5235.752050942828,1,0.0003570679076546872,0.00030608934679827684,0,1
73,1,0.5934332894616979,0.5991065384550316,0,2.6372604847119248,1.3713008575133894,0.13208806486494348,741.2144770191782,7.412144770191782,0.0,81.0566230724065,17.54802949912365,30540.430782859086,91124.13036781404,12177.668248226038,5269.911184641325,29497.991790038912,2.203368883679808,2.203368883679812,0.0,50000,2210.388617488009,5309.363484858375,1,0.00020102100028910488,0.0002880920079337069,0,1
74,1,0.6569162638506092,0.6540844383377183,0,2.4155902623450136,1.5310182594155508,0.03100110163572738,573.872674603746,5.73872674603746,0.0,78.70952979241598,17.54802949912365,30518.001869195858,91110.28605566891,12229.865490904427,5247.4864334716185,28425.396076836463,1.8520916359354724,1.8520916359354749,0.0,50000,2210.388617488009,5326.300369995293,1,0.00016150984789869323,0.0002398662519474951,0,1
75,1,0.6543604633983727,0.6551678065475884,0,2.4115959059799073,1.529927437437084,0.0316914952929849,835.6096684461257,8.356096684461258,0.0,79.5942165467182,17.54802949912365,30499.06433793556,91093.74138827884,12249.505966410336,5239.197758299585,27165.784993394387,1.5878889251140433,1.5878889251140418,0.0,50000,2210.388617488009,5345.3650270480375,1,0.000246077091061219,0.00020286931308300567,0,1
76,1,0.6275301383442676,0.63481481794189,0,2.4889148068762172,1.488120535950236,0.05815155952516708,955.6142897632071,9.556142897632071,0.0,80.71027450709674,17.54802949912365,30479.377533078212,91066.49866898857,12336.673107167888,5202.289730317892,26736.61288352628,1.7977514939700252,1.7977514939700228,0.0,50000,2210.388617488009,5375.37612838117,1,0.00028593428611954283,0.00023117374169315168,0,1
77,1,0.655079901452963,0.6472352206039579,0,2.4411526902470584,1.5574245382978458,0.014288266900097657,708.0573660662747,7.080573660662747,0.0,79.82053840503467,17.54802949912365,30456.021987874934,91054.43462650136,12352.561912864147,5195.7028039474435,26022.465417671283,1.9361976233271962,1.9361976233272016,0.0,50000,2210.388617488009,5390.33879405904,1,0.0002176757212513611,0.00024989569947737433,0,1
78,1,0.7191075872067566,0.7224686218884822,0,2.186946189953539,1.6816883348939018,0.06435970562905172,1230.0774075691527,12.300774075691526,0.0,81.56914350842463,17.765803627410534,30615.499448720504,91134.44228846158,12251.424536397626,5238.837753352427,25430.139749020265,2.2841467573661216,2.284146757366119,0.0,50000,2264.83214955973,5390.33879405904,1,0.00038696677869937173,0.0002968589286900919,0,1
79,1,0.6822364307088684,0.688928378908444,0,2.2934169187563342,1.5729585986633852,0.0044565831244398136,714.17755256887,7.1417755256887006,0.0,80.3156445314578,17.780087178461912,30688.495978920433,91167.96916926668,12164.89543075106,5276.257649549421,24857.185225665897,2.1485326166624295,2.1485326166624246,0.0,50000,2268.4030373225746,5391.410060387893,1,0.00022984985502910675,0.0002781641183266132,0,1
80,1,0.6962512706538873,0.6941175497597768,0,2.2762715055206617,1.5962563109534607,0.01028880440092442,1293.0497138868652,12.930497138868652,0.0,81.93844743979963,17.80594817273965,30696.359517748264,91172.52145702204,12130.818689849793,5291.191564238766,23658.526418396843,2.69127868272517,2.691278682725173,0.0,50000,2274.8682858920088,5393.349634958724,1,0.00043723761692322186,0.00035135141688390014,0,1
81,1,0.7547028518869524,0.7584482570132961,0,2.0832007792092555,1.6898308451030883,0.06951319310322042,587.7523961469536,5.877523961469536,0.0,79.86502528897881,17.917382551203193,30867.307800316452,91252.61001866282,11988.50840255048,5354.240933342402,22894.221781393946,2.2503325067832463,2.2503325067832423,0.0,50000,2302.7268805078943,5393.349634958724,1,0.0002053801703361214,0.00029082254742948335,0,1
82,1,0.7504360821889984,0.7550615270753624,0,2.0925447044294985,1.6576477606557465,0.049144152313763546,885.7444660604776,8.857444660604777,0.0,80.02345204168242,18.03259359888432,30980.497471093076,91309.65110315391,11907.675435034842,5390.740731258107,21506.764532709316,2.501238458368327,2.5012384583683214,0.0,50000,2331.5296424281755,5393.349634958724,1,0.0003294756734657553,0.00032403115357503286,0,1
83,1,0.8087189448608947,0.8126472337137396,0,1.9442630632968667,1.7223609023908821,0.09010183695625447,706.0543634927772,7.060543634927772,0.0,80.03120842268558,18.206471493619176,31181.850919195334,91412.31693261041,11692.68685714973,5490.195094754283,20803.80191916602,2.1025699753889087,2.1025699753889033,0.0,50000,2374.9991161118896,5393.349634958724,1,0.00027150974278112384,0.0002687885288610002,0,1
84,1,0.7474659642093292,0.7432311691318771,0,2.125852716652749,1.591618016268522,0.007353174853494931,801.3367578542887,8.013367578542887,0.0,80.29317821754438,18.222498228776264,31186.198343424723,91415.97369198938,11691.674401662036,5490.719877843771,20018.798128218154,2.388030665871242,2.3880306658712436,0.0,50000,2379.005799901161,5394.551640095506,1,0.00032023371342148184,0.000307073043222787,0,1
85,1,0.7089339811637182,0.7213765020393725,0,2.190257092562968,1.5248634605022917,0.034896543985891364,929.5804484901214,9.295804484901215,0.0,81.21750002221303,18.222498228776264,31161.217129724948,91393.67576752453,11750.898473088655,5463.1850343068,19204.70708713029,2.536529368122076,2.5365293681220793,0.0,50000,2379.005799901161,5419.943361217797,1,0.0003872302531968589,0.0003263245697998215,0,1
86,1,0.7237175077424686,0.7145999345114276,0,2.211027350681535,1.5665966606884492,0.00848312614655121,1318.4050301527593,13.184050301527593,0.0,83.17207119792185,18.248866329379318,31127.01272997926,91379.1748173862,11788.483123911634,5445.901833310593,18926.033371316324,3.2379640683477584,3.2379640683477504,0.0,50000,2385.5978250519247,5441.142918987221,1,0.0005572874164539479,0.0004215837943574295,0,1
87,1,0.7099103004421349,0.7117128114510369,0,2.219996569653851,1.5484600150074186,0.019962015818089544,833.1170171305828,8.331170171305828,0.0,81.74000842474162,18.248866329379318,31089.343813828884,91357.16042557702,11833.646470025511,5425.2789477560855,18657.04289073113,3.327509876242325,3.3275098762423245,0.0,50000,2385.5978250519247,5467.05154681924,1,0.0003572343257224231,0.00043391733179107663,0,1
88,1,0.7349142778833716,0.731841688178229,0,2.158936865065843,1.6022004494992932,0.014050917404615896,1220.600336717587,12.20600336717587,0.0,82.63141713998597,18.27327833611367,31095.835410103366,91362.26970833598,11830.779455593958,5426.667270704132,18467.36632413482,3.6753029613355244,3.675302961335522,0.0,50000,2391.7008267355127,5468.882447324316,1,0.0005287598958265734,0.00048109387933431476,0,1
89,1,0.35774292236921557,0.3576644851885174,0,4.417547912723891,0.8208717326188194,0.4804609287222662,666.6043824462383,6.666043824462384,0.0,81.03205703841233,18.27327833611367,31067.518933801657,91286.85105507066,12137.899855018568,5289.80057786396,17177.52310049382,3.083540519125648,3.083540519125647,0.0,50000,2391.7008267355127,5547.45985815061,1,0.0003104542504976517,0.00039881615734888275,0,1
90,1,0.369275553031057,0.3655116917119395,0,4.3227071413223115,0.888151351785077,0.43787889127526775,784.4586638000101,7.844586638000101,0.0,80.43381630755349,18.27327833611367,31045.839721703236,91203.39643927771,12427.408831468865,5167.067819871122,17041.400667710783,3.110464116204012,3.1104641162040068,0.0,50000,2391.7008267355127,5633.928288031916,1,0.0003682601819397929,0.00040249144275467265,0,1
91,1,0.36854020919515545,0.365683078073259,0,4.320681198388598,0.958752508486464,0.39319461488198487,1528.19145481246,15.2819145481246,0.0,83.67653743941267,18.27327833611367,31058.069972923262,91061.36366779567,12925.866484117567,4968.645709835546,15971.323219517975,3.705406301493983,3.705406301493983,0.0,50000,2391.7008267355127,5779.065154677594,1,0.000765467674184898,0.00048139403554078083,0,1
92,1,0.36545385298326044,0.3634432437634858,0,4.347308767220338,1.0339078346658848,0.3456279527431109,1514.732772990342,15.14732772990342,0.0,85.4346534728454,18.27327833611367,31069.6962624382,90921.5551067519,13480.444928030145,4764.91266793553,15846.36690252857,4.816317481674427,4.8163174816744245,0.0,50000,2391.7008267355127,5922.559218307159,1,0.0007647091764604488,0.0006328123441950466,0,1
93,1,0.3355814444425854,0.3312434573266092,0,4.769905533385691,1.005388753449962,0.36367800414559376,856.0196972465744,8.560196972465745,0.0,82.26052336163852,18.27327833611367,31057.998162888067,90837.5194688163,13872.938038109822,4630.547705567789,15171.315051474501,5.019716066737714,5.019716066737711,0.0,50000,2391.7008267355127,6010.075142781889,1,0.0004513885285973956,0.0006605217930809142,0,1
94,1,0.338300409962802,0.3390285587289825,0,4.660374352896456,1.0523133138672789,0.33397891527387413,714.1476244781038,7.141476244781038,0.0,80.11922676249827,18.27327833611367,31046.76623545087,90767.10885033518,14136.431741869697,4544.616694157736,14540.122224256842,4.116412078897346,4.116412078897344,0.0,50000,2391.7008267355127,6083.119242200288,1,0.0003929252387090464,0.0005363409812556303,0,1
95,1,0.3330155614208494,0.32998349699252677,0,4.788118237427439,1.0920174772860824,0.308849697920201,909.6111777826585,9.096111777826586,0.0,80.78102643864979,18.27327833611367,31058.319114103087,90684.48666954668,14515.121207935881,4426.450435725138,14580.122224256842,3.4711931235272,3.4711931235271996,0.0,50000,2391.7008267355127,6167.850001585177,1,0.0004990965994890469,0.00044780345559849636,0,1
96,1,0.2944885816665981,0.2897069711823761,0,5.4537866091091045,1.0184898169748031,0.3553861917880993,768.5282634151303,7.685282634151303,0.0,80.57491926786884,18.27327833611367,31041.425859075276,90606.5871014336,14907.392545139712,4310.3591354551745,14405.57418359819,3.4132768269003004,3.4132768269002995,0.0,50000,2391.7008267355127,6247.6930171256345,1,0.00042679493569379917,0.00043960559129729745,0,1
97,1,0.2282166377543633,0.23174374350406526,0,6.817875538341269,0.856880681108193,0.45767045499481457,1118.1085891230437,11.181085891230437,0.0,81.82943359698133,18.27327833611367,31056.12312449402,90502.36070084923,15533.776451179343,4137.176052016093,14251.591194395649,3.989834868266288,3.9898348682662883,0.0,50000,2391.7008267355127,6353.987850121019,1,0.0006276400011040076,0.0005178438454289513,0,1
98,1,0.270105357668328,0.271204135336532,0,5.8258698675055545,1.070840935174881,0.32225257267412594,889.9139263527218,8.899139263527218,0.0,81.84417135353925,18.27327833611367,31053.918715237756,90417.39294471103,15962.815269562543,4026.4074580549127,13557.180328744753,4.063962355760232,4.063962355760236,0.0,50000,2391.7008267355127,6440.855060296494,1,0.0005251321615695396,0.0005265223661224488,0,1
99,1,0.17487376969448168,0.17139831749703907,0,9.218293522789654,0.7527452343504749,0.5235789656009653,836.4643062422691,8.364643062422692,0.0,81.2389633388642,18.27327833611367,31069.117840798484,90339.08148459219,16634.290836511856,3864.3899848601764,13202.793963524058,4.262982009628584,4.262982009628584,0.0,50000,2391.7008267355127,6520.954316273389,1,0.000506840784490438,0.0005532043157213284,0,1
100,1,0.1892171370468928,0.18954275071515056,0,8.335850324207136,0.8705754944302085,0.4490028516264503,782.8521525369105,7.828521525369105,0.0,81.15355411449505,18.27327833611367,31082.241818637154,90266.3050427066,17198.462189525522,3738.0374222928904,12337.227007631616,3.986475962865347,3.9864759628653497,0.0,50000,2391.7008267355127,6595.1917806983065,1,0.0005076357285491467,0.0005132028915363747,0,1
101,1,0.17665917445763604,0.17742728395868135,0,8.905056565978573,0.8936129053236362,0.4344222118204834,1041.6940089071195,10.416940089071195,0.0,82.25151752493423,18.27327833611367,31100.450524156862,90169.04854543303,18034.47562314116,3565.2524223636115,12377.227007631616,4.3494727774087725,4.34947277740877,0.0,50000,2391.7008267355127,6693.901816758749,1,0.0006732971824883402,0.0005625912318426416,0,1
102,1,0.18083816481003143,0.1800006351810225,0,8.777746803010059,0.9651838386182823,0.3891241527732391,653.8912818827248,6.5389128188272485,0.0,81.29443801175347,18.27327833611367,31106.811036660023,90107.5890324026,18525.781467380224,3471.0157673471767,11072.313171045731,4.2912232371792225,4.291223237179218,0.0,50000,2391.7008267355127,6756.57878431199,1,0.00047245143577958807,0.0005511281156056917,0,1
103,1,0.16064170652107004,0.15871329381882116,0,9.955057714343992,0.908946508352022,0.4247173997772013,642.5882792255743,6.425882792255743,0.0,80.59619949717289,18.27327833611367,31112.138228641306,90046.53014186026,19075.58011606235,3371.30261744388,10574.54860057751,4.249120471965397,4.249120471965395,0.0,50000,2391.7008267355127,6818.723482683423,1,0.00048613954391621455,0.0005439627207280476,0,1
104,1,0.13899370454012538,0.13892163093250096,0,11.373318822953411,0.831090934228079,0.47399307960248166,561.6163376723638,5.616163376723638,0.0,80.14094665918942,18.27327833611367,31126.723869357153,89994.35238698938,19610.30600513562,3279.6761059015976,10412.041756739556,3.663524804672422,3.6635248046724267,0.0,50000,2391.7008267355127,6871.773356085354,1,0.0004315129353443771,0.0004633679716800599,0,1
105,1,0.1296684342538516,0.129202794120981,0,12.22883770238392,0.8192328327968422,0.4814982070906062,522.7787727555509,5.227787727555509,0.0,79.59136380956652,18.27327833611367,31128.2909842626,89943.66586823876,20158.768662950464,3190.7363381499376,10452.041756739556,3.4845610085350596,3.484561008535061,0.0,50000,2391.7008267355127,6923.248024751275,1,0.00040013523475905305,0.00043926257133988154,0,1
106,1,0.13021049620158665,0.12931524956649545,0,12.218203230451525,0.8702531494470995,0.44920686743854465,591.3709623026696,5.913709623026696,0.0,79.90335576401137,18.27327833611367,31145.689150013593,89888.75406874841,20734.81364532114,3102.419537487482,9838.411945278176,3.490224250689173,3.4902242506891703,0.0,50000,2391.7008267355127,6978.8616705636805,1,0.0004808670062541878,0.00043750505878587263,0,1
107,1,0.1429179322805028,0.12931524956649545,1,12.218203230451525,0.9939070119182973,0.37094492916563465,432.17059442176816,4.3217059442176815,0.0,79.13453270223171,18.27327833611367,31151.64098061121,89847.84609778745,21151.748968978707,3041.49602579843,9838.411945278176,3.2924667883321703,3.29246678833217,0.0,50000,2391.7008267355127,7020.406631508694,1,0.0003514149208840015,0.0004108057206324142,0,1
108,1,0.12814650784598566,0.12467631474563237,0,12.67281602944035,0.9807377816818205,0.37927988501150606,985.7732056382748,9.857732056382748,0.0,80.90534481441905,18.27327833611367,31185.738697429195,89756.79766996775,22190.878957550445,2899.535123003581,9838.411945278176,4.275863424609263,4.275863424609257,0.0,50000,2391.7008267355127,7112.205136343049,1,0.0008015709942793233,0.0005446176404725042,0,1
109,1,0.1680447300863388,0.1673906514986045,0,9.438997852357199,1.349586204476104,0.1458315161543646,1163.217760265462,11.63217760265462,0.0,82.76209092918555,18.27327833611367,31198.047779286167,89687.88448194816,22733.17024862783,2830.6376026720063,9552.149372180422,5.492406784730485,5.492406784730487,0.0,50000,2391.7008267355127,7182.010010712028,1,0.0009742039953045166,0.0007090633034892805,0,1
110,1,0.16942453091098264,0.17117961612111934,0,9.23007093836488,1.3842363165088372,0.12390106550073601,733.6487237679515,7.336487237679515,0.0,81.17220956618031,18.27327833611367,31193.3802604235,89653.80157168029,22929.85955447184,2806.5155151174677,9213.759131399343,6.192653474772913,6.192653474772915,0.0,50000,2391.7008267355127,7217.048229178876,1,0.0006370027375842879,0.0008042592423893759,0,1
111,1,0.20090533194751442,0.20098017999683762,0,7.861471713404083,1.6089961323465813,0.018351982497836247,975.510038412325,9.755100384123251,0.0,81.52473906690912,18.323009971985655,31293.20995643157,89667.10197956697,22702.50118115966,2834.720012153055,9178.795867326495,6.31368184175769,6.313681841757692,0.0,50000,2404.1337357035086,7217.048229178876,1,0.0008502292043642206,0.0008204786457510082,0,1
112,1,0.22590768845910542,0.22464307383971177,0,7.0333795429071095,1.7866838150560074,0.13081254117468816,272.73411593093084,2.7273411593093084,0.0,78.24769656715382,18.39871322702541,31381.224479193465,89680.07127419538,22560.818584276687,2852.582159848696,8995.945796225513,4.526591601958792,4.526591601958797,0.0,50000,2423.0595494634476,7217.048229178876,1,0.00024253958137041123,0.0005765905077729733,0,1
113,1,0.23955601936652826,0.2382737899593345,0,6.631027274420968,1.8846769097232072,0.1928334871665868,766.3915930979091,7.663915930979091,0.0,78.8726128813839,18.706432724172096,31538.550237544026,89701.95348149294,22501.64929735968,2860.1218102941493,9035.945796225513,4.628752740876764,4.628752740876765,0.0,50000,2499.9894237501194,7217.048229178876,1,0.0006785269503657675,0.0005904319120334664,0,1
114,1,0.20676652430267264,0.21083760800371792,0,7.493919206160498,1.6062373871354947,0.016605941224996593,796.6526319461547,7.966526319461547,0.0,79.84873091664694,18.72236577681102,31580.43057843151,89706.83370054545,22359.886369812913,2878.326719024952,9411.284774823545,4.198768265705674,4.198768265705677,0.0,50000,2503.9726869098504,7218.243208126795,1,0.0006771892688465301,0.0005327519335275696,0,1
115,1,0.14316146306454086,0.14210736720584263,0,11.118353897242843,1.1723749098133305,0.25799056340928456,648.2958998271266,6.4829589982712665,0.0,79.06218933433136,18.72236577681102,31602.798951795434,89648.3112399109,22958.575572136902,2803.5257674597287,9221.848668438162,4.980343488441655,4.980343488441654,0.0,50000,2503.9726869098504,7277.532520684572,1,0.000562399946592855,0.0006393720552683842,0,1
116,1,0.13339223212968213,0.133039965440465,0,11.876130565495714,1.176470974023458,0.2553981177066722,896.4277931530131,8.964277931530132,0.0,79.85418012814277,18.72236577681102,31636.00224990556,89566.5624262219,23827.470801614305,2701.638702876135,9221.848668438162,5.22469125148711,5.224691251487106,0.0,50000,2503.9726869098504,7360.027452189303,1,0.0007776556093105655,0.0006724149415833169,0,1
117,1,0.12707243490522263,0.133039965440465,1,11.876130565495714,1.1802385701117877,0.2530135632203876,717.9660227192347,7.179660227192348,0.0,79.50411885628168,18.72236577681102,31667.066487765595,89502.3574232746,24453.178690295354,2632.7939418672104,9261.848668438162,5.083149224669397,5.083149224669394,0.0,50000,2503.9726869098504,7424.925302671683,1,0.0006201492150618836,0.000653401590321768,0,1
118,1,0.1300416901643812,0.12930201020154355,0,12.219454264765472,1.2527133421226244,0.2071434543527694,569.2381597128541,5.692381597128541,0.0,78.09167478348418,18.72236577681102,31673.76637482619,89460.30368434083,24904.351862719108,2585.271426253741,9301.848668438162,4.899039788849173,4.899039788849179,0.0,50000,2503.9726869098504,7467.626157977421,1,0.000489569916693502,0.0006291249136886503,0,1
119,1,0.13068145566945136,0.12873817938394574,0,12.272971449191035,1.300361603766893,0.17698632672981457,597.4119332680101,5.974119332680101,0.0,77.90631822074732,18.72236577681102,31680.208181782546,89422.16658037087,25312.163671406863,2543.777350192989,8862.53334534455,4.333393578159097,4.333393578159091,0.0,50000,2503.9726869098504,7506.290732489301,1,0.0005392696737953177,0.0005496629351835678,0,1
120,1,0.1268421360422297,0.12888320685065138,0,12.259161132069664,1.3155360457719045,0.16738224951145286,714.8740459332998,7.148740459332998,0.0,78.49293588942582,18.72236577681102,31696.9417856746,89378.7045239256,25842.657633503313,2491.7127172431283,8862.53334534455,4.397009673731226,4.39700967373123,0.0,50000,2503.9726869098504,7550.265939556267,1,0.0006452999548340838,0.0005580465151076345,0,1
121,1,0.1296842885612697,0.1283292416202669,0,12.312080863653076,1.3769338932375004,0.1285228523813289,620.3507484719679,6.20350748471968,0.0,78.32270705177054,18.72236577681102,31700.046194179256,89349.54982142425,26148.16831863449,2462.7228817858345,8597.871915772917,4.619503534470192,4.619503534470188,0.0,50000,2503.9726869098504,7579.931870435627,1,0.0005772132960798598,0.000587260974903087,0,1
122,1,0.12382896398165372,0.12355163974968426,0,12.788175075628956,1.3792986738465751,0.12702615579330692,987.9012352699237,9.879012352699238,0.0,79.77545945631958,18.72236577681102,31716.570247794814,89299.05657913706,26783.165951818184,2404.5058223055025,8040.9443066226195,5.728556859454879,5.728556859454879,0.0,50000,2503.9726869098504,7630.989608469171,1,0.0009828708645140362,0.0007351280384759932,0,1
123,1,0.13952493187091186,0.13800607904402187,0,11.448771032006523,1.5536522710194198,0.016675777835810278,891.865111978839,8.91865111978839,0.0,80.24940894652973,18.72236577681102,31702.50636552776,89291.66725416356,26779.322870914457,2404.9031233107817,8285.730069493276,6.245083055323563,6.245083055323566,0.0,50000,2503.9726869098504,7639.0137462475805,1,0.0008611095022393188,0.0008070645542777383,0,1
124,1,0.13798841059287403,0.13723760583247333,0,11.51287936288188,1.5321988930358934,0.030253865167156117,693.2793963141094,6.932793963141094,0.0,78.87734407164085,18.72236577681102,31693.376629987746,89283.0695155892,26741.847865786473,2408.3460052662185,8156.075629467242,6.494707726799601,6.494707726799598,0.0,50000,2503.9726869098504,7648.263972994001,1,0.0006800127196558572,0.0008413310288030708,0,1
125,1,0.13743830647275682,0.1382231524900437,0,11.430791235309211,1.5346041153034322,0.028731572592764466,1250.840001029139,12.50840001029139,0.0,80.63560821791181,18.72236577681102,31688.15847686142,89266.13228194918,26816.863033146896,2401.7036077469606,8537.076190117185,6.947046792598044,6.947046792598047,0.0,50000,2503.9726869098504,7665.926346401795,1,0.0011721483778974868,0.000904423533264221,0,1
126,1,0.13109767235220376,0.13213499429492614,0,11.957468257601995,1.4650337872865802,0.07276342576798726,712.1130580299437,7.121130580299437,0.0,79.10424611510814,18.72236577681102,31684.2305202193,89246.26602548153,26828.834517666397,2400.7622129335323,8552.814263109638,6.465318446078171,6.465318446078171,0.0,50000,2503.9726869098504,7686.469436786563,1,0.0006660853713159282,0.0008394154896230907,0,1
127,1,0.1307663350017813,0.13331498512586326,0,11.85163092137253,1.4872356886528015,0.058711589460252234,1144.681257126179,11.44681257126179,0.0,80.0299692098736,18.72236577681102,31687.71018531442,89217.44129953883,27066.324344502438,2379.8272617477155,8351.951425340385,7.4907999361964945,7.490799936196496,0.0,50000,2503.9726869098504,7716.0455305138485,1,0.0010964443625983158,0.0009782260372705768,0,1
128,1,0.12987829676497264,0.12894388493130385,0,12.253392247656885,1.5000740797786607,0.05058602545654391,1241.254869229629,12.41254869229629,0.0,81.34919578882597,18.72236577681102,31689.383774221402,89188.8665123855,27276.407434984805,2361.6255938813256,8599.754628058015,7.443835676444263,7.443835676444259,0.0,50000,2503.9726869098504,7745.377229994297,1,0.0011546886374453943,0.0009724061237865461,0,1
129,1,0.13069996630323596,0.13138084026284963,0,12.026106674602952,1.5147071148579498,0.041324610849398875,494.05558132749894,4.940555813274989,0.0,77.52062726227618,18.72236577681102,31681.26932104752,89181.22480791034,27323.07225661631,2357.633755206554,8399.208264825324,6.959696432866337,6.959696432866334,0.0,50000,2503.9726869098504,7753.709777167131,1,0.00047057347859467437,0.0009072354928794615,0,1
130,1,0.11637336944750794,0.11712036629470368,0,13.490394967040412,1.3822013740092065,0.1251890037916415,661.3342388317993,6.613342388317993,0.0,76.38857143666175,18.72236577681102,31684.656191699418,89150.3869375958,27661.350879387664,2328.925919069943,8492.013137119136,5.799144073829266,5.799144073829261,0.0,50000,2503.9726869098504,7785.114677123155,1,0.000623017631417516,0.0007494265824858616,0,1
131,1,0.12057670665816941,0.12133868716812839,0,13.021403452393814,1.452845703375883,0.08047740292665635,735.1303715803659,7.35130371580366,0.0,76.97164528290071,18.72236577681102,31689.655975299804,89128.0915195516,27861.296719199065,2312.305700337627,8717.335488945966,4.624974888492481,4.624974888492475,0.0,50000,2503.9726869098504,7807.867089383095,1,0.0006746376780038345,0.0005894095960053417,0,1
132,1,0.13787549004933677,0.1388637442994421,0,11.378059895842432,1.642714902753129,0.03969297642603092,891.8954837099894,8.918954837099895,0.0,77.70267062039771,18.799766797492715,31760.53956050408,89134.71968667828,27705.425596543224,2325.3573244796326,9003.682087956244,5.400974515264257,5.400974515264254,0.0,50000,2523.322942080274,7807.867089383095,1,0.0007924717687693853,0.0006967090260635786,0,1
133,1,0.12549763748064646,0.1260994935657294,0,12.529788624221752,1.5073270391870723,0.04599554481830869,793.3094085860823,7.933094085860824,0.0,77.3769210976992,18.799766797492715,31754.41824611458,89119.9310328097,27817.639839343003,2316.052183345586,9330.369570306135,5.527803821225044,5.527803821225043,0.0,50000,2523.322942080274,7823.242670364084,1,0.000680195486456002,0.0007157683110764072,0,1
134,1,0.1168511633094454,0.11820297357953066,0,13.366838008833396,1.415533821163079,0.10409251825121585,440.0043435110374,4.4000434351103745,0.0,74.96603303983528,18.799766797492715,31749.34393145533,89103.5104632941,27937.377023488105,2306.2077049680483,9349.556926140607,4.792283227733712,4.792283227733707,0.0,50000,2523.322942080274,7840.169581942689,1,0.0003764921456594982,0.0006163864669616286,0,1
135,1,0.11567927131550915,0.1162164613703776,0,13.595320158343128,1.4098505436028674,0.10768952936527382,532.0313603041503,5.3203136030415035,0.0,74.35376925361003,18.799766797492715,31754.68387399311,89083.26210539998,28022.812348243406,2299.292309645818,9481.382320280083,3.949847509649599,3.949847509649594,0.0,50000,2523.322942080274,7860.838044916974,1,0.00044890615510033264,0.000501864595738611,0,1
136,1,0.11467469997731242,0.11397810194092316,0,13.862311909869684,1.4120982904892057,0.10626690475366735,745.4573474855612,7.454573474855612,0.0,75.29986179411836,18.799766797492715,31756.118966093065,89052.42683514171,28168.74594023869,2287.5479073874717,9619.114492629787,3.802814682856054,3.8028146828560594,0.0,50000,2523.322942080274,7892.07886472288,1,0.0006199800183742354,0.00048179277304468874,0,1
137,1,0.1218422031025881,0.12127338895140252,0,13.028414672514414,1.5176485573544611,0.03946293838325249,703.5487844762532,7.035487844762533,0.0,75.60815229515248,18.799766797492715,31750.834333622395,89041.3893058116,28330.831523707642,2274.499528793457,9591.720743388005,4.316545004264669,4.31654500426467,0.0,50000,2523.322942080274,7903.570477039795,1,0.000586796720462272,0.0005518942979789467,0,1
138,1,0.11748633833305645,0.1197461588104606,0,13.194577727548591,1.4694584942828053,0.06996297830202201,495.35967537350837,4.953596753735083,0.0,74.37064124311715,18.799766797492715,31744.44427110139,89028.55810405684,28389.945849451913,2269.8366754168,9316.959493261324,4.26283801040833,4.262838010408329,0.0,50000,2523.322942080274,7916.836040065962,1,0.0004253401987906351,0.0005440389792090474,0,1
139,1,0.11191311026854614,0.1115746775283908,0,14.160919260537053,1.4338006724944012,0.09253121994025242,677.047936741485,6.7704793674148505,0.0,74.73689949489173,18.799766797492715,31740.780381484037,89004.25224143719,28733.682942891748,2242.763509111023,9458.659110803526,4.144686637544225,4.144686637544222,0.0,50000,2523.322942080274,7941.5598828950015,1,0.0005726375620985617,0.0005282581604504896,0,1
140,1,0.09710501809632942,0.09504698280750311,0,16.623357768230736,1.2898956416521599,0.183610353384709,552.0601772081304,5.520601772081305,0.0,74.42236903040516,18.799766797492715,31761.002396760814,88968.155626263,29258.948531719707,2202.6516215010083,9498.659110803526,3.8457902847340204,3.845790284734015,0.0,50000,2523.322942080274,7978.0323681997925,1,0.00046495840793379494,0.00048764538960766393,0,1
141,1,0.09674758295474559,0.09589584126207254,0,16.476209804365112,1.379482202881767,0.12690999817609686,1164.0530468075488,11.640530468075488,0.0,76.61264726209107,18.799766797492715,31802.531897824723,88902.95491036044,30315.378012456993,2126.11626517376,9115.806679461075,5.317394101759583,5.317394101759578,0.0,50000,2523.322942080274,8043.696914316962,1,0.001021568875022582,0.0006863882816849796,0,1
142,1,0.10243689759914859,0.10328530577904363,0,15.297432563931846,1.461665632793175,0.07489516911824373,631.9132261198024,6.319132261198024,0.0,75.32108121652685,18.799766797492715,31802.586618417175,88885.09748062698,30327.218586284616,2125.401401723878,9269.423234707108,5.24088414200537,5.240884142005369,0.0,50000,2523.322942080274,8062.0199918941535,1,0.0005453743648288765,0.0006773005492617511,0,1
143,1,0.11070905691306121,0.11270127818316694,0,14.019361851709583,1.567439986386743,0.007949375704593096,858.1879663939866,8.581879663939866,0.0,74.89489917896323,18.816930556820594,31843.134998168298,88887.19265471674,30209.601922342932,2133.71903714876,9675.259773944848,5.82211495405005,5.822114954050049,0.0,50000,2527.613881912244,8063.307273843744,1,0.0007095937361434434,0.0007588456586649674,0,1
144,1,0.10657869436411031,0.10646029108138459,0,14.841214352797081,1.51710194290989,0.03980889689247474,645.632047031576,6.45632047031576,0.0,74.35868855468297,18.816930556820594,31839.02007669496,88877.17326441544,30291.374908905276,2128.01466860731,9385.837742592854,4.681995662836875,4.681995662836877,0.0,50000,2527.613881912244,8073.748679366271,1,0.0005503031820818323,0.0006017570943513841,0,1
145,1,0.11115995026696422,0.11143026488812903,0,14.179271686971658,1.5609549420196547,0.012053834164775564,919.7059935740382,9.197059935740382,0.0,75.07148888267976,18.835324676692075,31834.280704919016,88875.80979495784,30086.703976337856,2142.558012199483,9785.150625838165,5.175447847020002,5.175447847020006,0.0,50000,2532.212411880114,8075.912815244811,1,0.0007519197434901083,0.0006706055539051282,0,1
146,2,0.10026587311858079,0.0988476934598729,0,15.984186830230886,1.5041199170662163,0.04802536894543277,407.0565639662075,4.070565639662075,0.0,75.05015973734223,20.122619854260495,30240.801565646252,88861.95586832927,31903.44849788978,2126.7101664167185,9901.286784212129,4.245710073506849,4.245710073506854,0.0,50000,2532.212411880114,8090.150370274139,1,0.00032889184837289656,0.0005437049246482792,0,1
147,2,0.08700799286629161,0.08522896880006901,0,18.538297743650755,1.3537720353461402,0.14318225611003788,957.4211696883135,9.574211696883136,0.0,76.22574634807512,20.122619854260495,30277.162059096743,88805.048217834,32493.404980019233,2088.376680036951,9901.286784212129,4.793333937709912,4.7933339377099085,0.0,50000,2532.212411880114,8147.474476912937,1,0.0007735731248305607,0.0006181282388978553,0,1
148,2,0.0342798182032609,0.03413573988793861,0,46.28579914151125,0.6882524285582295,0.5643971971150447,1520.1077422995818,15.201077422995818,0.0,79.43602322007864,20.122619854260495,30509.552512864437,88699.66440338484,36918.46809779874,1838.7997226345499,9901.286784212129,5.964141839987969,5.9641418399879615,0.0,50000,2532.212411880114,8253.259471537562,1,0.0012282102522055498,0.0007768917418030024,0,1
149,2,0.0314841293603435,0.031377304802802486,0,50.35486667608498,0.7774059223478273,0.5079709352228942,1150.3797040820239,11.503797040820238,0.0,79.54500567241561,20.122619854260495,30732.813374677713,88606.4778509128,40949.314730270904,1658.4045543306656,9293.977301324623,7.592924953247123,7.592924953247129,0.0,50000,2532.212411880114,8346.836535780025,1,0.0009902152043500827,0.0009973328604620645,0,1
150,2,0.03140998893989859,0.03126329348276325,0,50.53850135370797,0.9247983668605646,0.41468457793635155,1117.7809278160157,11.177809278160158,0.0,78.76263065193704,20.122619854260495,30937.403558297185,88523.12385312769,44722.035475228666,1518.945848072069,9333.977301324623,8.037376308987858,8.037376308987852,0.0,50000,2532.212411880114,8430.538836600741,1,0.0009580318372168202,0.0010588190979241511,0,1
151,2,0.03229496867407881,0.0325618865955167,0,48.52298700092959,1.0995383953360198,0.3040896232050508,806.9071812700311,8.069071812700312,0.0,77.18135472752807,20.122619854260495,31104.260865701333,88450.44046151715,48096.71678746935,1412.667323456839,9073.393571072294,6.782408559338932,6.782408559338927,0.0,50000,2532.212411880114,8503.469422037004,1,0.0007114490735573115,0.0008865653717080715,0,1
152,2,0.0351901441473633,0.03543705663544605,0,44.586095743053306,1.2757460797420421,0.19256577231516325,592.8167475337391,5.928167475337391,0.0,75.18051807287608,20.122619854260495,31196.1668464161,88405.18131150136,49634.09730155878,1369.1055503923485,9113.393571072294,5.629794973712932,5.629794973712929,0.0,50000,2532.212411880114,8548.922202027916,1,0.0005203916568822013,0.0007299575225521109,0,1
153,2,0.0349046404299145,0.03473905312800026,0,45.481953528736035,1.315887339000131,0.1671599120252335,482.2475233790488,4.822475233790488,0.0,73.858012742551,20.122619854260495,31256.61355785382,88374.65450445996,50617.18370038055,1342.648830392414,9153.393571072294,4.317598163820092,4.317598163820089,0.0,50000,2532.212411880114,8579.59240418353,1,0.0004214808592110433,0.0005511071965501853,0,1
154,2,0.03594604175604624,0.03473905312800026,1,45.481953528736035,1.4907566838605564,0.05648311148066056,1615.7584523868952,16.15758452386895,0.0,77.93435927389628,20.122619854260495,31403.522096176486,88306.8430158695,53094.6875384589,1280.2517513047048,8907.585888268242,6.142319720476906,6.142319720476908,0.0,50000,2532.212411880114,8647.58370624868,1,0.001451130281675922,0.0007976675992563889,0,1
155,2,0.03983025335527484,0.039664161700038385,0,39.83444833522023,1.6353960197270072,0.035060771979118444,572.8948048537129,5.728948048537129,0.0,75.51847940179204,20.164085806381074,31443.598953517852,88308.05933617284,52830.119755597734,1286.6834878357008,8597.613380363606,6.174435673422676,6.174435673422676,0.0,50000,2542.5788999102588,8647.58370624868,1,0.0005330733351301119,0.0008018948253390258,0,1
156,2,0.04036157990027975,0.04046582705767589,0,39.04529117242626,1.6555572437065655,0.047821040320611054,446.6658258323361,4.466658258323362,0.0,72.11926094323586,20.207899567985898,31482.92163790834,88309.30336032853,52803.81452838057,1287.32811095992,8506.274255352073,6.159886754454134,6.159886754454134,0.0,50000,2553.5323403114653,8647.58370624868,1,0.00042008128346089754,0.0008014283000889771,0,1
157,2,0.03883848846612205,0.03909954545844153,0,40.40967692781402,1.5737998547926255,0.003924142536313007,433.99217089393795,4.33992170893938,0.0,71.56215901760216,20.216579411403778,31486.133814334564,88308.80786461034,52483.84742021363,1295.2049121622704,8583.208592335583,3.607951892412719,3.6079518924127147,0.0,50000,2555.702301165935,8648.234694505021,1,0.00040450343595887757,0.00045255268484996233,0,1
158,2,0.040629522760409875,0.03981944905073424,0,39.679102490516904,1.6210831042103409,0.026001964690089103,521.1629984405689,5.211629984405689,0.0,71.8521328739352,20.243546271865725,31492.8477742172,88309.07224189611,52079.79378154348,1305.2860530770904,8627.743049542378,3.486356135747495,3.4863561357474975,0.0,50000,2562.444016281421,8648.234694505021,1,0.0004832438754357311,0.0004359428649518354,0,1
159,2,0.04514164424080256,0.04558018776107696,0,34.66418366422868,1.7592702924938848,0.11346221043916753,741.6713885325288,7.416713885325288,0.0,72.81775029471768,20.41387736461494,31542.755007500127,88310.91477426504,51472.23592465251,1320.741543981592,8796.972916930508,4.103548795506099,4.103548795506098,0.0,50000,2605.0267894687254,8648.234694505021,1,0.0006744787285682059,0.0005207420133209381,0,1
160,2,0.04168968398570214,0.04201603005130462,0,37.60469511447668,1.6136217772239707,0.0212796058379561,416.21412246304664,4.162141224630466,0.0,71.34783915809663,20.43236165935048,31574.549352469912,88311.86964856548,51296.12783829679,1325.291582856436,9154.259108333976,3.9866896381290933,3.986689638129095,0.0,50000,2609.6478631526097,8648.234694505021,1,0.00036373374844426515,0.000507152117482734,0,1
161,2,0.0426698756894255,0.042783811770731095,0,36.929855817122316,1.633879292187571,0.03410081784023483,691.034366639722,6.910343666397219,0.0,71.73660923088823,20.48080475830309,31610.98955656948,88313.00590258182,51021.27430503542,1332.4554895344193,9405.478444888919,4.234951202859607,4.234951202859611,0.0,50000,2621.758637890762,8648.234694505021,1,0.000587771793376649,0.0005419947567963734,0,1
162,2,0.04402365612883563,0.04374649916535034,0,36.11717577738079,1.6846952066266532,0.06626278900421083,934.715241149648,9.34715241149648,0.0,73.13565431759017,20.606617316182408,31665.07696010757,88314.66760288278,51005.875910714785,1332.8613584290847,9683.545307948421,4.470041132790839,4.470041132790837,0.0,50000,2653.211777360592,8648.234694505021,1,0.0007722091126128507,0.0005745715514779217,0,1
163,2,0.041969870595342997,0.04223561903967555,0,37.40918295800921,1.5898678998360791,0.006245506225366489,754.7460757556022,7.547460757556022,0.0,72.64052091213141,20.62171223769752,31695.197033139575,88314.46592770028,50748.00880282472,1339.6631019756292,9993.347018264783,5.044818446028101,5.0448184460280965,0.0,50000,2656.98550773937,8649.366813618655,1,0.0006041988329845103,0.0006547265796580034,0,1
164,2,0.04226903336019678,0.04189623092399304,0,37.71222291729276,1.604561909494825,0.015545512338496733,732.9953698267838,7.329953698267838,0.0,71.7930648684791,20.636372145094054,31701.556470242143,88313.64467860227,50801.329534867604,1338.2612912254192,10370.967320865504,4.977788561868941,4.977788561868939,0.0,50000,2660.650484588504,8650.466306673396,1,0.0005654210236316603,0.0006472763230763404,0,1
165,2,0.04242270933957608,0.04257208112505659,0,37.113525067254976,1.592373238194515,0.00783116341424998,877.1958924407718,8.771958924407718,0.0,72.31640612918095,20.65391606294287,31743.455804767887,88313.52920942457,50516.92888290045,1345.8308261681154,10711.123527493,4.6867435952113095,4.686743595211308,0.0,50000,2665.0364640507078,8651.782100512057,1,0.0006551662971222102,0.0006082620512461268,0,1
166,2,0.0446037417275238,0.04479314169739333,0,35.27325702389716,1.673438366963758,0.059138206939087314,672.4115383128059,6.7241153831280585,0.0,71.3948881698305,20.73488664409044,31793.441042982548,88315.06375209689,50504.90922512561,1346.1553000824226,11012.703795536869,4.395315722474443,4.395315722474448,0.0,50000,2685.279109337601,8651.782100512057,1,0.0004884624526705711,0.0005696832578081472,0,1
167,2,0.0454431626484992,0.04507524026733901,0,35.05250311765614,1.687769305385539,0.06820842113008789,631.3441340388043,6.313441340388043,0.0,70.53174867599687,20.823068739978222,31859.244483235194,88317.00589270923,50250.52374865931,1352.9945808328139,10984.580814275036,4.136051795538671,4.136051795538677,0.0,50000,2707.324633309546,8651.782100512057,1,0.00045980389763683276,0.0005344775491432046,0,1
168,2,0.055376103412660825,0.05574829269744988,0,28.341675117743556,2.050050871699044,0.2975005517082558,694.9674222530543,6.949674222530543,0.0,70.7718699090717,21.240049193330055,31990.397193765548,88322.36212547818,50169.64268793556,1355.1855517423537,10944.580814275036,3.7795805541453897,3.779580554145392,0.0,50000,2811.569746647504,8651.782100512057,1,0.0005079901617403982,0.0004854188373492674,0,1
169,2,0.06041730264602695,0.06036501707834523,0,26.174100107507368,2.198360876769103,0.3913676435247488,1094.9999344110709,10.949999344110708,0.0,72.52587813287545,21.8970491539767,32195.66294307641,88329.70521056255,49738.74116064244,1366.9641821280281,10764.342907979319,4.581129601120956,4.581129601120962,0.0,50000,2975.8197368091646,8651.782100512057,1,0.0008137978834541785,0.0005938639809438032,0,1
170,2,0.060910693922356964,0.062137610534640335,0,25.427434148263316,2.208511914171219,0.39779235074127767,865.4300097666178,8.654300097666178,0.0,72.44907646017526,22.41630715983667,32369.45564270047,88336.77954420572,49651.30111724837,1369.3814309054399,10804.342907979319,5.020387396066324,5.0203873960663215,0.0,50000,3105.6342382741573,8651.782100512057,1,0.000640801586648993,0.0006541965439478566,0,1
171,2,0.04882413563671132,0.04839319617828015,0,32.64921775737425,1.726037289608677,0.09242866430928924,802.1589644785246,8.021589644785246,0.0,71.5596316331384,22.56818253503473,32450.255174072565,88339.5112721534,49027.954844614826,1386.845771951275,10733.78915725926,5.2376477702612005,5.2376477702612005,0.0,50000,3143.6030820736723,8651.782100512057,1,0.0005978570681620104,0.0006841521794217273,0,1
172,2,0.05038495650536181,0.04990753983105533,0,31.658543084843338,1.7518724962241712,0.10878006090137411,1051.4156404344246,10.514156404344247,0.0,72.5981058810482,22.801501577083766,32547.008790333286,88342.80399635625,48623.10170271049,1398.4310329245354,10638.554831474534,5.187051441341224,5.1870514413412225,0.0,50000,3201.9328425859317,8651.782100512057,1,0.0007906454642307431,0.0006764347063472489,0,1
173,2,0.052366498774297526,0.052955049637209754,0,29.836625795357325,1.7690309113499845,0.1196398173101167,644.6492678188665,6.446492678188665,0.0,70.98402826257652,22.95777471204838,32619.056325578033,88345.3343636314,47928.33854484282,1418.7650795470374,10824.458892862438,4.777381993190495,4.777381993190502,0.0,50000,3241.001126327085,8651.782100512057,1,0.0004764389789453166,0.0006216471704460233,0,1
174,2,0.04126112984608446,0.04204848934731958,0,37.57566620168529,1.4396849431988767,0.08880699797539451,909.2953303722051,9.092953303722052,0.0,71.31246293071315,22.95777471204838,32684.64593043451,88307.33967567113,48712.617791186596,1396.0954841681519,10935.170274410739,4.939986670734874,4.9399866707348785,0.0,50000,3241.001126327085,8689.98828356648,1,0.0006652262800150712,0.0006441035743970436,0,1
175,2,0.04174493693938234,0.04152156552048036,0,38.052515125439356,1.4904234680887525,0.056694007538764295,644.044306755921,6.44044306755921,0.0,70.58645071926868,22.95777471204838,32707.091837351407,88292.26577803137,49276.36767575293,1380.170740242015,10838.811664961002,4.1724671044550306,4.172467104455036,0.0,50000,3241.001126327085,8705.235347300662,1,0.0004753615629934379,0.0005390089406512752,0,1
176,2,0.03566005383355278,0.035910268983981995,0,43.99855653280596,1.3890641017378582,0.1208455052292037,974.3892358336199,9.743892358336199,0.0,71.51351047205206,22.95777471204838,32832.087301470434,88232.46483939928,51474.56409299707,1321.4550173159303,10805.653851647528,4.772380707719353,4.772380707719354,0.0,50000,3241.001126327085,8765.21706264873,1,0.0007213921520797601,0.0006206599983627565,0,1
177,2,0.03136534096362146,0.03108671772141349,0,50.82556525135001,1.361880395201709,0.13805038278372858,956.0293528131195,9.560293528131195,0.0,72.24850322386438,22.95777471204838,32995.63459999107,88165.94509940963,54351.38490322947,1251.7617004702743,10805.653851647528,4.878457892846312,4.878457892846306,0.0,50000,3241.001126327085,8831.902607541007,1,0.0007077993546257118,0.0006348510232329699,0,1
178,2,0.02875558188765173,0.028903523324242456,0,54.664615876597836,1.3520211494948753,0.1442904117121043,735.5195269455904,7.355195269455905,0.0,71.02816957971896,22.95777471204838,33122.311421701655,88117.70065076702,56562.647782565335,1203.0076975509064,10805.653851647528,5.042680210559322,5.042680210559322,0.0,50000,3241.001126327085,8880.305524550298,1,0.0005445442077221058,0.0006579119048091926,0,1
179,2,0.03147712779576719,0.0311275142702776,0,50.75895191247821,1.478609056844038,0.06417148301010259,597.8125383324949,5.978125383324949,0.0,69.59077739148363,22.95777471204838,33153.815842893724,88101.40495043577,56538.86595361685,1203.6184282871377,10942.676003460208,4.342983020691319,4.342983020691314,0.0,50000,3241.001126327085,8896.739598897078,1,0.0004370503435492081,0.0005631313019656753,0,1
180,2,0.03164322782508234,0.03205848428887715,0,49.28492519367764,1.5214305844944531,0.037069250319966426,1067.815583668322,10.67815583668322,0.0,71.13155455397838,22.95777471204838,33206.97707663268,88077.36811245776,57203.49928393412,1189.737723614206,11205.066484318992,4.4753805681326,4.475380568132596,0.0,50000,3241.001126327085,8920.918793953917,1,0.0007623805428822285,0.0005813250313845142,0,1
181,2,0.028973074063295915,0.029287237554819247,0,53.948413435804206,1.4439559906996886,0.0861038033546275,558.1895456966611,5.581895456966611,0.0,69.50029171596833,22.95777471204838,33253.77635459982,88057.59231206705,58240.91824063917,1168.6079413561206,11331.162118273598,4.101446214436066,4.101446214436066,0.0,50000,3241.001126327085,8940.822156852513,1,0.0003940916491144202,0.0005311741785152856,0,1
182,2,0.03352801343308245,0.03356014131896387,0,47.07965872322437,1.6224313975836384,0.02685531492635338,856.7761010699658,8.567761010699657,0.0,69.65153737466986,23.005022887119555,33293.170858807185,88058.53128114423,57390.197492264546,1185.9850070170419,11665.576301346353,4.461738256305522,4.46173825630552,0.0,50000,3252.8131700948784,8940.822156852513,1,0.0005875585253142328,0.0005813435724369606,0,1
183,2,0.029994180129651216,0.030194350782873226,0,52.32766921738898,1.4916200439181762,0.05593668106444551,830.5971584297945,8.305971584297945,0.0,70.21636395537142,23.005022887119555,33347.71882730255,88035.18969826652,58181.76956103832,1169.9457134483043,11705.709719679937,3.9889144350155235,3.9889144350155274,0.0,50000,3252.8131700948784,8964.29197294483,1,0.0005676526606726791,0.0005164342783671107,0,1
184,2,0.031130791864694377,0.030700467988712815,0,51.46501351643549,1.5518565529993904,0.017812308228233965,674.9683031225865,6.749683031225865,0.0,69.24468640646381,23.018522253182006,33345.41964059724,88034.21208460018,58251.59613289476,1168.5476415294004,11832.183063641942,4.135098709219512,4.135098709219517,0.0,50000,3256.1880116104912,8965.466078068777,1,0.0004563609602671793,0.0005371907154180304,0,1
185,2,0.028898884063911237,0.029142192904795736,0,54.216922012755944,1.4783220129826526,0.06435315634009331,717.8128538135495,7.178128538135495,0.0,69.09005420938658,23.018522253182006,33397.667847470984,88012.81503810037,59011.60089406952,1153.584535498307,11700.594011114088,3.9015419571567787,3.9015419571567747,0.0,50000,3256.1880116104912,8986.98506643802,1,0.000490787290376347,0.0005049336371054018,0,1
186,2,0.029738314816833835,0.029376115190267563,0,53.78519214560614,1.5369548011256717,0.02724379675590401,503.42605180520394,5.034260518052039,0.0,67.87342365298704,23.018522253182006,33405.57184889147,88007.17921583382,59315.62647103601,1147.6894260400304,12056.952076405454,3.323011884063161,3.323011884063158,0.0,50000,3256.1880116104912,8992.726916024527,1,0.0003340320496357422,0.0004270601000930895,0,1
187,2,0.033801449094437025,0.03363210519899579,0,46.97892060730046,1.7219335197076664,0.08983134158713058,797.3740478835841,7.9737404788358415,0.0,68.61461001267133,23.16375082218617,33453.528694856264,88008.51491689349,58890.121546441005,1156.0094642650172,12149.819895256061,3.490757125311951,3.490757125311953,0.0,50000,3292.4951538615323,8992.726916024527,1,0.0005250277319385922,0.00044994902398356047,0,1
188,2,0.03499926263038126,0.03492084688592345,0,45.24517991105468,1.781329556156104,0.12742376971905311,820.7953477075431,8.207953477075431,0.0,69.3798110770067,23.375131126039342,33540.92162380981,88010.47273281765,58863.383338536965,1156.537826287391,12017.014085673858,3.6307375305230276,3.6307375305230307,0.0,50000,3345.340229824825,8992.726916024527,1,0.0005464221590193913,0.0004684939801979085,0,1
189,2,0.034734060143628905,0.03479594618214268,0,45.40758833599007,1.7665349767045713,0.1180601118383362,1217.2897747246113,12.172897747246113,0.0,71.20556259404582,23.666806404929275,33642.35315887644,88012.94003634239,58841.918524249806,1156.9647722461173,11518.295453565064,4.890134725394539,4.890134725394533,0.0,50000,3418.259049547308,8992.726916024527,1,0.0008454652198370857,0.0006389717035983564,0,1
190,2,0.032109413435930684,0.03179136710410719,0,49.69902662021341,1.6117671044482536,0.02010576230902119,772.8235606634305,7.728235606634305,0.0,69.87584410771723,23.698018652182256,33661.622767047345,88013.45289511085,58457.87855191665,1164.5902102298303,11811.076387865707,4.8766095691164475,4.876609569116443,0.0,50000,3426.0621113605534,8992.726916024527,1,0.0005234568198762327,0.0006384480662442366,0,1
191,2,0.03847739652587281,0.03819571366734364,0,41.36589811518196,1.9122164889913373,0.21026360062742863,537.0277875414105,5.3702778754141045,0.0,67.33158356906627,23.925134233381502,33748.49746186722,88015.55506175244,58167.08681866785,1170.4313173543037,11672.39774388569,4.437221127890664,4.437221127890662,0.0,50000,3482.8410066603647,8992.726916024527,1,0.0003680668183691529,0.0005789962860274905,0,1
192,2,0.038720034231545374,0.039491526905443504,0,40.00858218987256,1.8693494334729919,0.18313255283100746,544.2292893234485,5.442292893234485,0.0,66.76167422202681,24.126373874504218,33843.03627452216,88017.80139532438,57332.20816483087,1187.5281437286237,11463.167876497559,3.3061569165285882,3.306156916528591,0.0,50000,3533.1509169410433,8992.726916024527,1,0.00037981074354795656,0.0004237781272644474,0,1
193,2,0.021132284145677235,0.02103361458280685,0,75.11785450758961,1.1770621750824655,0.2550239398212244,675.3922046917152,6.753922046917152,0.0,67.3387350392534,24.126373874504218,34060.18825376232,87958.39896138613,61587.531916896776,1105.7064374765469,11503.167876497559,3.1764615852497777,3.17646158524978,0.0,50000,3533.1509169410433,9052.218930123132,1,0.00046970866595566447,0.0004058620759575913,0,1
194,2,0.020040474646985412,0.01995688498797534,0,79.17067222424744,1.272465302502683,0.1946422136058968,727.1367121503615,7.271367121503616,0.0,67.86480493237505,24.126373874504218,34275.839754163375,87903.14029976467,65762.24968414096,1035.7113038223472,11543.167876497559,3.508015624035458,3.5080156240354556,0.0,50000,3533.1509169410433,9107.564686879186,1,0.0005039425710031277,0.0004511539935022496,0,1
195,2,0.01,0.00998043583929183,0,158.309719679748,0.7826065036583749,0.5046794280643196,1138.8626764304229,11.38862676430423,0.0,69.70324848662193,24.126373874504218,34685.12803522588,87850.87421827426,73022.46459729319,933.0674388206862,11143.854993252247,4.5869450609315905,4.586945060931596,0.0,50000,3533.1509169410433,9159.919900796503,1,0.0008175717843565047,0.0005970743404384323,0,1
196,2,0.01,0.009821185558231634,0,160.87670787115124,0.9239990037527186,0.4151905039539756,584.978893890222,5.84978893890222,0.0,67.89717475428466,24.126373874504218,35060.93405483381,87803.65867291304,79357.50976819868,858.848434315373,11052.029599112771,4.470281282984666,4.4702812829846605,0.0,50000,3533.1509169410433,9207.208591652625,1,0.00042343635701966103,0.0005816502374597644,0,1
197,2,0.01,0.010065260525108968,0,156.9755691925217,1.0688691064189124,0.3235005655576504,491.22344824290263,4.912234482429026,0.0,66.00999646482758,24.126373874504218,35396.609589928965,87760.49239656118,85362.57811967122,798.6251787711022,10665.363887757037,4.142284323906353,4.142284323906355,0.0,50000,3533.1509169410433,9250.431421413508,1,0.00036846258855305396,0.0005364902433097398,0,1
198,2,0.01,0.00993843454744282,0,158.97875993020827,1.2092500017332493,0.23465189763718405,613.4010209218563,6.134010209218563,0.0,66.38511687637516,24.126373874504218,35713.37806968862,87720.26406334736,90805.46519745082,750.9238376456233,10705.363887757037,3.2687048460218002,3.2687048460218042,0.0,50000,3533.1509169410433,9290.699275385892,1,0.00045838779688627635,0.00041676224748633047,0,1
199,2,0.01,0.009971703297093834,0,158.44835660728867,1.3175626681730004,0.166099577105696,787.4655755304633,7.874655755304633,0.0,67.32144130238989,24.126373874504218,36013.720137947654,87681.97167112034,94796.47162380308,719.4835882474775,10745.363887757037,3.6672804214635453,3.667280421463547,0.0,50000,3533.1509169410433,9329.032496981416,1,0.0005862737334955621,0.00047104137297829745,0,1
200,2,0.01,0.010007587183380316,0,157.88021338689103,1.418753475177273,0.10205476254602978,531.3679070281423,5.313679070281423,0.0,66.4672355542399,24.126373874504218,36235.99832931347,87653.58769951925,98376.88825416501,693.4036812975759,10383.984116500187,3.7717897272439904,3.7717897272439878,0.0,50000,3533.1509169410433,9357.45421307373,1,0.00040937497674619657,0.000484678835709345,0,1
201,2,0.01,0.009852829694123306,0,160.36002336896038,1.5486823442723527,0.019821301093447676,1348.0498870683214,13.480498870683213,0.0,69.15424883818915,24.126373874504218,36512.01187499788,87618.59021443353,102792.49211240489,663.7416155260804,10542.61154117532,5.151307067076457,5.151307067076454,0.0,50000,3533.1509169410433,9392.499530212915,1,0.0010229343132322503,0.0006728610078246697,0,1
202,2,0.01,0.009943609865777506,0,158.89601677131543,1.5586245919298003,0.013528739284936565,892.0022192289248,8.920022192289249,0.0,68.84955928049787,24.126373874504218,36632.47346067967,87603.08978860242,103128.51519350297,661.6635957592272,10807.794006974396,5.324451153288937,5.324451153288937,0.0,50000,3533.1509169410433,9408.05040853724,1,0.0006602658923020224,0.0006975250607601564,0,1
203,2,0.01,0.010089217994034996,0,156.60282104461777,1.5719663741935421,0.005084573295226547,1061.43689387216,10.6143689387216,0.0,68.70565253011921,24.126373874504218,36762.654410908624,87586.72564538695,103575.75067789757,658.892915130163,10673.811510309566,6.266557607675948,6.266557607675945,0.0,50000,3533.1509169410433,9424.472691869098,1,0.000795544791359259,0.000826248332297844,0,1
204,2,0.01,0.009949254702253316,0,158.80586509079524,1.56332232525177,0.010555490346981018,617.6755647195748,6.1767556471957485,0.0,66.6596754425051,24.126373874504218,36792.74041328908,87582.46052801961,103293.03698967675,660.727703565812,10930.017528604565,4.865175252328014,4.865175252328013,0.0,50000,3533.1509169410433,9428.784343751287,1,0.00045209483926486144,0.0006359685076420476,0,1
205,2,0.01,0.009991590696463645,0,158.13297882180206,1.5321428439474494,0.03028933927376626,432.88321122533335,4.328832112253334,0.0,64.35726974020564,24.126373874504218,36839.0143847624,87576.21488703894,102262.19972329565,667.4455983478987,10804.026432598088,4.033313619550284,4.033313619550282,0.0,50000,3533.1509169410433,9435.068912669849,1,0.0003205347294739902,0.0005227247866993702,0,1
206,2,0.01,0.010000807750017514,0,157.98723858052696,1.5299605019944895,0.031670568357918066,751.2513602515819,7.512513602515819,0.0,65.36712126914519,24.126373874504218,36989.49803763342,87556.77567872038,102198.30017051533,667.9799905767987,10196.217446751882,3.5483564740764346,3.548356474076436,0.0,50000,3533.1509169410433,9454.540398607478,1,0.0005894353384869416,0.0004540216357419311,0,1
207,2,0.01,0.010101846524482865,0,156.4070485698538,1.555646353318245,0.015413700431490571,822.330416760015,8.223304167600151,0.0,66.32664423493533,24.126373874504218,37088.294431743445,87544.33647363189,103056.94335147586,662.4702531629506,10361.68541793337,3.9928277765348246,3.9928277765348255,0.0,50000,3533.1509169410433,9467.015910341377,1,0.0006349008938926296,0.0005149569872845205,0,1
208,2,0.01,0.009944140812981781,0,158.8875328411839,1.5766710757081814,0.002106914108745972,1116.0213328868717,11.160213328868718,0.0,67.66588999632968,24.126373874504218,37232.45829802748,87526.4487641001,103758.1901886113,658.083932579324,10574.62458882845,5.267244568836286,5.267244568836289,0.0,50000,3533.1509169410433,9484.951846753345,1,0.0008443014300977767,0.0006895458874924494,0,1
209,2,0.01,0.010091857310563638,0,156.56186481611638,1.5651156878671244,0.009420450717009915,996.0362455139986,9.960362455139986,0.0,67.79671357854221,24.126373874504218,37373.52788043633,87508.67178664074,103385.88243904854,660.5638371687309,10827.257818839706,5.618748098655828,5.618748098655828,0.0,50000,3533.1509169410433,9502.781926665146,1,0.0007359471897165837,0.0007383831712356634,0,1
210,2,0.01,0.009903036140459709,0,159.54702957659356,1.5356662478507976,0.028059336803292676,674.6379626267329,6.74637962626733,0.0,65.59199228703635,24.126373874504218,37478.450310302884,87495.2158795291,102416.25821180936,666.9174265902074,11009.86105220035,5.255558291306444,5.255558291306444,0.0,50000,3533.1509169410433,9516.289381046148,1,0.0004902063409724176,0.0006901516535955926,0,1
211,2,0.01,0.010082590099250409,0,156.70576552719973,1.5603144136190636,0.012459231886668623,960.6547479163006,9.606547479163007,0.0,66.19583686841631,24.126373874504218,37628.36583460553,87476.31420653436,103242.22523157249,661.6757772051071,11223.55789075098,4.865119732761515,4.86511973276152,0.0,50000,3533.1509169410433,9535.238848754789,1,0.0006847416886995875,0.0006369650731295296,0,1
212,2,0.01,0.009986558322613845,0,158.21266435927214,1.5352971958857844,0.028292913996339035,288.88052560350167,2.888805256035017,0.0,63.045879997138464,24.126373874504218,37652.1947825926,87473.06410725659,102413.96496692054,667.0628021816528,11498.530414743476,3.548233974866748,3.5482339748667506,0.0,50000,3533.1509169410433,9538.525350957863,1,0.00020098604964898648,0.0004586446931069972,0,1
213,2,0.01,0.009972863100731422,0,158.4299297043515,1.5332233894582923,0.029605449709941636,629.2796390384727,6.292796390384727,0.0,63.126243474128145,24.126373874504218,37744.91459224155,87461.03422623767,102350.37133085617,667.5502867655697,11087.9393630205,3.46787584914563,3.4678758491456345,0.0,50000,3533.1509169410433,9550.589492987601,1,0.0004540281965373582,0.0004465853116286441,0,1
214,2,0.01,0.010188378207156986,0,155.07865607993472,1.547018663229303,0.020874263778922174,681.1014473802525,6.8110144738025244,0.0,63.97324674807509,24.126373874504218,37822.889006474965,87451.13955096429,102813.52963468214,664.591398141671,11317.858408416358,2.9716726848802444,2.9716726848802404,0.0,50000,3533.1509169410433,9560.513845443002,1,0.0004814348600606358,0.0003788163687489935,0,1
215,2,0.01,0.009823110887715323,0,160.84517604050782,1.5522089777127095,0.017589254612209226,624.8172538585565,6.248172538585565,0.0,63.739146376631695,24.126373874504218,37877.736318231466,87443.85634873179,102988.99158008266,663.4995226728057,11408.59401229791,3.546352485802082,3.546352485802079,0.0,50000,3533.1509169410433,9567.832666008082,1,0.0004381379533253854,0.0004578670033077931,0,1
216,2,0.01,0.009980561907625547,0,158.30772000851147,1.554405466529182,0.016199071816973467,639.6987430255734,6.396987430255734,0.0,63.66240958188605,24.126373874504218,37928.59853547898,87436.90498909082,103064.8953984417,663.0502633818858,11379.254909061348,3.5361726697298064,3.536172669729804,0.0,50000,3533.1509169410433,9574.819395620725,1,0.0004497297920735944,0.0004564342018198719,0,1
217,2,0.01,0.009884727980507754,0,159.84253720645526,1.5805393507009913,0.00034136120315898956,1157.6380345906268,11.57638034590627,0.0,65.66199154623865,24.126373874504218,38025.28666440332,87424.73553699067,103932.05926824835,657.5733734320062,11775.149444670666,4.277820006884155,4.277820006884154,0.0,50000,3533.1509169410433,9587.032332512134,1,0.00078649568909858,0.0005581211448325199,0,1
218,2,0.01,0.009903574073778097,0,159.53836344632384,1.562068133779016,0.011349282418344285,812.885977585243,8.12885977585243,0.0,65.0749961346301,24.126373874504218,38099.16279461598,87415.34580206056,103328.19169723686,661.4832571179932,12130.039829241608,4.508507942443511,4.508507942443509,0.0,50000,3533.1509169410433,9596.469917973009,1,0.000536114300713597,0.0005907799272952571,0,1
219,3,0.01,0.010045148356644757,0,157.28986212083637,1.585863836094528,0.0037112886674227894,522.1234197629717,5.221234197629717,0.0,144.96230635962652,28.13012789474794,36228.768184773355,87411.20199415302,105072.06384927784,662.5541326929839,12139.863854553985,4.491439943807456,4.491439943807461,60.69931927276993,49939.30068072723,3533.1509169410433,9600.660790834116,1,0.0003440720100445669,0.0005555606666189147,1,1
220,3,0.01,0.010012737865057866,0,157.798997766019,1.5559715450164233,0.015207882900997944,563.2524895816939,5.632524895816939,0.0,143.96990063235557,28.13012789474794,36265.08336504817,87406.24444328544,104080.85152506079,668.9123066447993,12105.933289564498,3.4815883759225676,3.481588375922563,60.69931927276993,49939.30068072723,3533.1509169410433,9605.655379858314,1,0.00037221582251223954,0.0004174673777568012,1,1
221,3,0.01,0.009973266757303971,0,158.42351743403228,1.6085605607290885,0.018076304258916716,1572.0471534154526,15.720471534154527,0.0,147.61840667358314,28.13012789474794,36480.43086011054,87381.10476877139,105833.98648800227,657.9421942312974,12102.681177715667,4.71673702266364,4.716737022663637,60.69931927276993,49939.30068072723,3533.1509169410433,9630.923480037618,1,0.0010391397610704774,0.0005851425312090946,1,1
222,3,0.01,0.009996221304045164,0,158.05972596471256,1.5822021268605468,0.0013937511775612478,687.1517251756213,6.871517251756213,0.0,145.11761253823715,28.143870929251452,36492.199609415504,87380.14725878715,104965.11387124771,663.4115331365573,12263.463623130421,4.956979862980234,4.956979862980236,60.69931927276993,49939.30068072723,3536.5866755669213,9631.954207625382,1,0.0004482594779370928,0.0006198716871732699,1,1
223,3,0.01,0.009859358840441491,0,160.25382842534307,1.5881532807238679,0.005160304255612522,793.3637430801624,7.933637430801625,0.0,142.8568776221812,28.159738204113054,36506.29612128722,87379.03726043938,105162.62991212176,662.1692703628044,12426.627196781737,5.281770217552127,5.281770217552123,60.69931927276993,49939.30068072723,3540.553494282322,9633.144253240001,1,0.0005107508130834592,0.0006660500173636764,1,1
224,3,0.01,0.010051051624395244,0,157.1974813227632,1.584087143114253,0.0025867994394005345,1266.886582887239,12.66886582887239,0.0,144.69176478427667,28.159738204113054,36609.06538372987,87366.25504712872,105033.94638055604,663.0566180473091,12628.239000797752,4.704730568150417,4.704730568150424,60.69931927276993,49939.30068072723,3540.553494282322,9645.9776563861,1,0.0008025737129664443,0.0005871946679956655,1,1
225,3,0.01,0.010056430731353134,0,157.11339760676745,1.588715865062316,0.005516370292605082,715.7667648737989,7.1576676487379896,0.0,142.7468734793443,28.17405353941053,36641.01950348889,87365.38178756091,105187.58562029795,662.0918688702844,12323.570645761958,4.749190368009429,4.749190368009427,60.69931927276993,49939.30068072723,3544.132328106691,9647.05130653341,1,0.0004646489466070123,0.000592657824218972,1,1
226,3,0.01,0.010056430731353134,1,157.11339760676745,1.5920942120928616,0.007654564615735155,443.97554763732563,4.439755476373256,0.0,139.32102519857048,28.182933050363275,36660.281556816604,87364.84842104682,105299.57020842383,661.3903210539531,12549.163232710674,4.1775079495263,4.177507949526294,60.69931927276993,49939.30068072723,3546.352205844878,9647.717269854867,1,0.000283031172296848,0.0005167512772901016,1,1
227,3,0.01,0.010051775751823611,0,157.18615685525552,1.5969410585601111,0.010722188962095619,743.3823905852103,7.433823905852103,0.0,139.71431402331953,28.19780069817498,36689.975233246965,87363.90417465709,105460.03022671738,660.3877435639728,12961.076683943726,3.3293182208173273,3.329318220817327,60.69931927276993,49939.30068072723,3550.069117797804,9648.832343440745,1,0.0004588398996241526,0.0004021733395093376,1,1
228,3,0.01,0.010168494264224599,0,155.38190404048808,1.5720900569018434,0.005006293100099129,985.5795417831703,9.855795417831702,0.0,141.04614755491943,28.217512289010642,36721.49663646671,87362.58925297332,104638.17668831092,665.5991253740511,12766.298170316652,3.711342469838544,3.7113424698385487,60.69931927276993,49939.30068072723,3554.99701550672,9650.31071275342,1,0.0006176133620784602,0.0004531614779998202,1,1
229,3,0.01,0.009984983010016872,0,158.23762528338347,1.571591720188219,0.0053216960834057275,908.8780637517225,9.088780637517225,0.0,141.09900408224308,28.217512289010642,36775.15423926997,87356.02834139852,104624.67411682021,665.7242639601717,12656.645875486307,4.424187418672149,4.424187418672154,60.69931927276993,49939.30068072723,3554.99701550672,9656.920302048504,1,0.000574482732751216,0.0005503119981512763,1,1
230,3,0.01,0.009984983010016872,1,158.23762528338347,1.5488669235035213,0.019704478795239736,811.8406299721125,8.118406299721126,0.0,140.00558238652184,28.217512289010642,36893.31346775164,87340.77441504362,103873.60120072377,670.6425169553156,12888.979598504993,4.523396366606563,4.523396366606565,60.69931927276993,49939.30068072723,3554.99701550672,9672.225689882436,1,0.0005038975343346988,0.0005653312097214584,1,1
231,3,0.01,0.009923821884596992,0,159.21285351285445,1.5652409198800457,0.009341189949338236,880.214982050659,8.80214982050659,0.0,139.7290867962666,28.217512289010642,36970.44004384837,87330.62457556547,104425.12977138537,667.1505226134016,13099.7979466583,4.321410273895138,4.3214102738951325,60.69931927276993,49939.30068072723,3554.99701550672,9682.42495065154,1,0.0005375441579388317,0.0005386414750082488,1,1
232,3,0.01,0.00994128538748605,0,158.93316994891646,1.5599977515674184,0.012659650906697274,614.5826928682125,6.1458269286821245,0.0,138.0836188748165,28.217512289010642,37006.29636681724,87325.64360321476,104252.67864214824,668.2873647567739,13050.23153791109,3.8371346945309504,3.8371346945309455,60.69931927276993,49939.30068072723,3554.99701550672,9687.449828603083,1,0.00037674898936947864,0.00047273022721433636,1,1
233,3,0.01,0.01009192367674621,0,156.560835239037,1.542015698639835,0.024040697063395608,787.4492898527186,7.874492898527186,0.0,138.0414753497409,28.217512289010642,37132.943262056935,87309.17514253924,103658.39093359566,672.2265605014887,12938.55589936307,3.7989530951153108,3.7989530951153143,60.69931927276993,49939.30068072723,3554.99701550672,9703.961840667054,1,0.00048688542738620943,0.00046705952489817324,1,1
234,3,0.01,0.0099211546694997,0,159.2556564869758,1.5478115455841115,0.020372439503726948,580.3302007885992,5.803302007885992,0.0,136.9293504547058,28.217512289010642,37184.80330162563,87302.10218432116,103855.97112160044,670.9858924227586,13219.920802882352,3.3341211165384075,3.3341211165384097,60.69931927276993,49939.30068072723,3554.99701550672,9711.073738687806,1,0.0003511852813291101,0.00040493989936159935,1,1
235,3,0.01,0.009887024115777713,0,159.80541581552694,1.5502695637222235,0.018816731821377598,557.1012100682808,5.571012100682808,0.0,135.74075024066067,28.217512289010642,37229.18395328172,87296.03974425602,103941.09388333198,670.4710994503927,13431.985136063107,3.215560485278264,3.215560485278262,60.69931927276993,49939.30068072723,3554.99701550672,9717.17427874143,1,0.0003318057335084671,0.0003899588140745955,1,1
236,3,0.01,0.010019191763718285,0,157.6973509701182,1.551451774579445,0.01806849710161717,563.7355797222828,5.637355797222828,0.0,135.21735067229878,28.217512289010642,37273.07475253669,87290.1712511944,103983.37904136008,670.2327506734591,13756.011244162586,2.818492702867399,2.8184927028673994,60.69931927276993,49939.30068072723,3554.99701550672,9723.076929986437,1,0.0003278482808519111,0.0003369464318964961,1,1
237,3,0.01,0.010030873514830155,0,157.51369984518772,1.562659843079463,0.010974782861099456,833.6034775121657,8.336034775121657,0.0,136.06605194946565,28.217512289010642,37347.96272305528,87280.85922017248,104361.9614967159,667.8482329913496,13861.274945534571,3.134158284373862,3.134158284373863,60.69931927276993,49939.30068072723,3554.99701550672,9732.426918638179,1,0.0004811121521145281,0.00038025538882496883,1,1
238,3,0.01,0.010026128036500782,0,157.58825283777603,1.568039133079591,0.007570168936967712,681.6091792997295,6.816091792997295,0.0,135.54371285463736,28.231144472596636,37360.36360994324,87279.89751266217,104541.70457600971,666.7034155626736,14152.82454811776,3.255563584969262,3.255563584969264,60.69931927276993,49939.30068072723,3558.4050614032185,9733.449332407128,1,0.0003852851715824482,0.00039808186818296253,1,1
239,3,0.01,0.010049973368842998,0,157.2143469452693,1.5755355964326883,0.002825571878045452,1050.2474528028604,10.502474528028603,0.0,136.56430873548712,28.231144472596636,37428.08111043444,87271.53119708516,104794.78698663195,665.1375394114056,14180.059873067361,3.901555559480777,3.901555559480774,60.69931927276993,49939.30068072723,3558.4050614032185,9741.863593649457,1,0.0005925207437509506,0.00048630602248264236,1,1
240,3,0.01,0.009977036052772973,0,158.36366548568918,1.5677471100067175,0.007754993666634529,749.3588963475664,7.4935889634756645,0.0,135.49594638090343,28.231144472596636,37462.76423469842,87266.55832256327,104538.16500657397,666.8050244795287,14588.562723323956,3.7182616759293197,3.7182616759293228,60.69931927276993,49939.30068072723,3558.4050614032185,9746.883772528327,1,0.00041092952640194155,0.00046291181391178014,1,1
241,3,0.01,0.010055226822436585,0,157.13220874087992,1.5716954499716618,0.0052560443217331,945.322662731357,9.45322662731357,0.0,135.35443975741111,28.231144472596636,37524.1682600412,87258.97509110882,104673.02609983667,665.9879692450847,14876.808344789308,4.010796607763068,4.010796607763066,60.69931927276993,49939.30068072723,3558.4050614032185,9754.518876983277,1,0.0005083470275732695,0.0005039324325753872,1,1
242,3,0.01,0.010106480937887215,0,156.33532677797768,1.5791788082715141,0.0005197416003075551,1158.3063931813672,11.583063931813673,0.0,136.43256022149123,28.231144472596636,37597.176061841245,87250.5039563211,104925.42189502825,664.4302807601255,15228.346680450724,4.044597784538384,4.0445977845383885,60.69931927276993,49939.30068072723,3558.4050614032185,9763.071331454896,1,0.0006085001438368011,0.0005092588992706707,1,1
243,3,0.01,0.010030510124939081,0,157.5194063232747,1.5531449495169525,0.01699686739433392,657.8111650015467,6.578111650015467,0.0,133.83453815795687,28.244300695896666,37606.13336876549,87249.57007730451,104058.71206509642,669.9871257828188,15449.150101070465,3.8627309983175953,3.862730998317592,60.69931927276993,49939.30068072723,3561.6941172282263,9764.077620693604,1,0.0003406329335649175,0.00048582670165832933,1,1
244,3,0.01,0.00999966937271136,0,158.005224083883,1.5587450102755551,0.013452525142053766,736.4443659389689,7.364443659389689,0.0,132.45828813551034,28.244300695896666,37665.32946999857,87241.55668853759,104249.51722653041,668.8041760473778,15807.567372143467,3.5223208937887804,3.522320893788778,60.69931927276993,49939.30068072723,3561.6941172282263,9772.1398543754,1,0.0003727047172289149,0.00044061259821021113,1,1
245,3,0.01,0.009919352441644755,0,159.28459133749823,1.5815704430764796,0.0009939513142275807,1197.4478072658653,11.974478072658654,0.0,134.19828147833158,28.244300695896666,37760.51184689565,87229.87938491719,105014.28137772248,663.9873793635654,16061.065229033284,3.492119771359335,3.4921197713593326,60.69931927276993,49939.30068072723,3561.6941172282263,9783.86555921628,1,0.0005964475158727388,0.0004365950555555237,1,1
246,3,0.01,0.010164206892692148,0,155.4474457949087,1.5566970376383993,0.014748710355443536,622.3396320004724,6.223396320004724,0.0,131.83341032055168,28.256747488536675,37771.15428546815,87229.01392142898,104186.8979139381,669.2817895510082,16476.168261852534,3.385620809119338,3.3856208091193407,60.69931927276993,49939.30068072723,3564.805815388229,9784.79906866428,1,0.00030217687613272694,0.0004237763697447935,1,1
247,3,0.01,0.010050159315806445,0,157.21143818238247,1.5514691174990227,0.01805752057023883,781.2978174058991,7.812978174058991,0.0,130.78941046430757,28.256747488536675,37865.305104065446,87216.64755123478,104017.70998693652,670.4465387916563,16493.376561724348,3.3982346568602044,3.3982346568602035,60.69931927276993,49939.30068072723,3564.805815388229,9797.214827803778,1,0.00037896318657710496,0.0004258625261941902,1,1
248,3,0.01,0.009954069265332374,0,158.7290542072838,1.5596510681273628,0.012879070805466651,1064.883746890563,10.648837468905631,0.0,132.07665835068903,28.278045163474488,37879.47654503916,87215.09547712613,104292.0397498917,668.6882847143031,16581.43855988867,3.19835265733704,3.198352657337042,60.69931927276993,49939.30068072723,3570.1302341226815,9798.845188014539,1,0.0005137714646624548,0.00039830384245742893,1,1
249,3,0.01,0.009920216257433829,0,159.2707214236392,1.5621646772077058,0.011288178982464729,911.2059874429547,9.112059874429546,0.0,131.70608602485942,28.278045163474488,37988.480244232494,87201.18216672142,104382.35710330302,668.1904835403235,16880.53422889975,3.5079075873588095,3.507907587358815,60.69931927276993,49939.30068072723,3570.1302341226815,9812.810299007453,1,0.0004318375118166368,0.00044152405435206554,1,1
250,3,0.01,0.010155986800748522,0,155.5732624508285,1.5681451365815506,0.00750307811294268,897.1828398938422,8.971828398938422,0.0,131.04608980711177,28.278045163474488,38053.835391659544,87193.0060123332,104585.37424759747,666.9368275157647,16601.331607663848,3.6411358790212707,3.64113587902127,60.69931927276993,49939.30068072723,3570.1302341226815,9821.039138868344,1,0.00043234259087008,0.00045931718911639056,1,1
251,3,0.01,0.009948793872451043,0,158.81322100512492,1.5737976444930601,0.003925541460088561,1071.3464826775141,10.713464826775141,0.0,131.68825997481548,28.278045163474488,38172.28799346452,87178.34434478177,104780.18536294284,665.7792742896997,16935.512169034806,3.6181255406085664,3.6181255406085686,60.69931927276993,49939.30068072723,3570.1302341226815,9835.753982045939,1,0.0005060828261864477,0.00045675430962438817,1,1
252,3,0.01,0.009909367413768367,0,159.44509210595032,1.572838856624922,0.004532369224732914,926.4039522643754,9.264039522643754,0.0,131.04039805293192,28.278045163474488,38219.09647245565,87171.81830977899,104751.32760729169,666.0016515110292,17234.59606597452,3.607407054826213,3.607407054826217,60.69931927276993,49939.30068072723,3570.1302341226815,9842.334043053499,1,0.00043002061607621086,0.0004561486777109129,1,1
253,3,0.01,0.00993843764670413,0,158.97871035332935,1.5813560754308116,0.0008582755891212087,1168.2053968024536,11.682053968024537,0.0,131.72759542732118,28.301409271410538,38238.78448559966,87170.15874894333,105034.99987104442,664.208406335237,17307.323877015606,3.8696126591831397,3.869612659183143,60.69931927276993,49939.30068072723,3575.971261106694,9844.086351148702,1,0.0005399819891757379,0.0004920284771461322,1,1
254,3,0.01,0.009895126371071181,0,159.67456510906183,1.5747493385428586,0.0033232034538870133,1056.8746923094413,10.568746923094414,0.0,131.52455064688718,28.301409271410538,38331.76363625329,87158.22106031826,104821.24666811695,665.6376611982563,17650.056682753,3.797982276331845,3.7979822763318425,60.69931927276993,49939.30068072723,3575.971261106694,9856.08220600224,1,0.000479035149316968,0.0004830125848563056,1,1
255,3,0.01,0.00986974457439392,0,160.08519654086638,1.5511147918431032,0.018281777314491696,604.2131912939236,6.042131912939237,0.0,128.38184674254862,28.301409271410538,38382.43967842302,87151.27802452577,104036.08369425699,670.7181456933739,17688.066295609515,3.409498270208274,3.4094982702082715,60.69931927276993,49939.30068072723,3575.971261106694,9863.078457310121,1,0.0002732749555303962,0.0004307640313410341,1,1
256,3,0.01,0.010057510331683962,0,157.09653263020368,1.541514087654223,0.024358172370744953,677.2077342088637,6.772077342088637,0.0,127.28947044287018,28.301409271410538,38470.43174785516,87139.84418500419,103719.2863755589,672.8403405861327,17542.57639703406,2.8469510400803406,2.846951040080338,60.69931927276993,49939.30068072723,3575.971261106694,9874.556594493733,1,0.0003088293162335539,0.00035371314036030597,1,1
257,3,0.01,0.009990406388074686,0,158.1517246271392,1.5628484364961737,0.010855419939130636,641.6715397593946,6.416715397593946,0.0,126.93307263996068,28.301409271410538,38505.18373372104,87135.19566123733,104435.62528558658,668.2389849634167,17839.22789272629,2.3763754929767917,2.376375492976793,60.69931927276993,49939.30068072723,3575.971261106694,9879.242188371,1,0.0002877575391123414,0.0002899539369587638,1,1
258,3,0.01,0.009823053869268853,0,160.84610967501516,1.5876366570075289,0.004833327219954938,1268.8740626743015,12.688740626743016,0.0,129.0736500297284,28.301409271410538,38653.24061980226,87116.50310342043,105268.04369532791,663.048709732763,18199.81527965646,3.0677515585244426,3.0677515585244453,60.69931927276993,49939.30068072723,3575.971261106694,9897.982731910795,1,0.0005577525016279189,0.00038477978565793804,1,1
259,3,0.01,0.009914303900802118,0,159.36570189987518,1.5694163579598506,0.006698507620347784,459.8364497959892,4.598364497959892,0.0,126.20568409161127,28.31060600040646,38657.429742602726,87115.84820929985,104663.51479376703,666.8945067567887,17399.535727667542,2.836623405282231,2.8366234052822294,60.69931927276993,49939.30068072723,3578.2704433556737,9898.694383965645,1,0.0002114246986785005,0.00035231157980625364,1,1
260,3,0.01,0.01003109849793316,0,157.51016703958678,1.5584949357466829,0.013610800160327353,825.7630411710762,8.257630411710762,0.0,125.92534864007814,28.31060600040646,38742.71601519398,87104.6589490515,104304.35132055244,669.2633317449934,17411.567952839716,3.0588711611517074,3.0588711611517083,60.69931927276993,49939.30068072723,3578.2704433556737,9909.930342682404,1,0.0003794089278611578,0.00038286204272252575,1,1
261,3,0.01,0.009938150944191723,0,158.98329667888765,1.5559069166224373,0.01524878694782454,574.3861631933773,5.743861631933774,0.0,125.16861709527146,28.31060600040646,38781.27801758279,87099.46838795354,104220.24382468656,669.8359825466158,17650.932337005313,2.330001479193909,2.3300014791939097,60.69931927276993,49939.30068072723,3578.2704433556737,9915.157039625255,1,0.0002603312515063796,0.00028372162601534597,1,1
262,3,0.01,0.009656658350706228,0,163.61767628285708,1.5513118433311792,0.018157061182798008,754.858480481887,7.54858480481887,0.0,125.10241546911259,28.31060600040646,38878.46002913423,87087.37955750861,104072.17354404932,670.8655902514867,18015.810111022318,2.6258074306242074,2.625807430624209,60.69931927276993,49939.30068072723,3578.2704433556737,9927.287534509487,1,0.0003351982401368915,0.00032497947316814294,1,1
263,3,0.01,0.010026033940844201,0,157.589731824403,1.5675559677369852,0.007875969786718244,931.6496170716775,9.316496170716775,0.0,126.03591085674125,28.31060600040646,38962.38704672908,87076.94803201019,104619.55178752482,667.4055277181565,17941.206142513096,2.71639571946119,2.716395719461191,60.69931927276993,49939.30068072723,3578.2704433556737,9937.761509204896,1,0.00041542340450079803,0.0003369842987146897,1,1
264,3,0.01,0.010116323235649403,0,156.18322617768493,1.5718428857772515,0.005162730520726938,587.240314370495,5.8724031437049495,0.0,124.2713244229866,28.32235080669387,38972.93071795088,87076.12788731011,104762.7249961868,666.4961615701386,18218.92818470424,2.702937155977822,2.7029371559778244,60.69931927276993,49939.30068072723,3581.206644927526,9938.642369676452,1,0.0002578594342837421,0.00033616035964047724,1,1
265,3,0.01,0.010124187329896917,0,156.06190882444758,1.5822902565431836,0.0014495294577110687,1264.0476663444233,12.640476663444232,0.0,126.08412395044498,28.32235080669387,39060.045741341084,87066.96871872102,105113.98264362945,664.3154263824584,18487.525968593374,3.218244444819069,3.218244444819065,60.69931927276993,49939.30068072723,3581.206644927526,9947.933491065944,1,0.0005469840230615124,0.0004067556206153509,1,1
266,3,0.01,0.00996124084243463,0,158.61477751539152,1.5862684172030945,0.003967352660186364,514.0925350673081,5.140925350673081,0.0,123.46858607674528,28.332632657395216,39068.29433240289,87066.25688234092,105246.23941698366,663.4831676378808,18572.69919396871,2.739936636367017,2.7399366363670143,60.69931927276993,49939.30068072723,3583.7771076028625,9948.704629868545,1,0.00022144009535641617,0.00034209451756722354,1,1
267,3,0.01,0.009940245345924538,0,158.949799025614,1.5905602424587064,0.006683697758674904,578.5468395647794,5.7854683956477935,0.0,121.395878489394,28.34420359418651,39077.63244885137,87065.45017124756,105388.73867332652,662.5887901637437,18851.99099660579,2.7022813921919724,2.7022813921919733,60.69931927276993,49939.30068072723,3586.6698418006863,9949.572450127893,1,0.0002455111885716236,0.00033797843566318403,1,1
268,3,0.01,0.00993936617774336,0,158.96385863497025,1.566432961675522,0.008586733116758317,972.0665784106926,9.720665784106925,0.0,122.8398111653959,28.363644925754723,39089.280542749024,87064.02844860751,104588.27784036016,667.6843529166302,19135.485759337276,2.3594493254718403,2.3594493254718385,60.69931927276993,49939.30068072723,3591.53017469274,9951.0625559694,1,0.00040639326981761797,0.0002911148512485526,1,1
269,3,0.01,0.010042783358871382,0,157.32690266631045,1.5641804152617211,0.010012395403974009,750.2763174417024,7.502763174417025,0.0,122.35103535220767,28.363644925754723,39139.40162182553,87057.84369875639,104516.04422993328,668.1840739736247,19554.918808855684,2.561564001527454,2.5615640015274543,60.69931927276993,49939.30068072723,3591.53017469274,9957.291072996048,1,0.0003069412150571265,0.00031961522448212265,1,1
270,3,0.01,0.0098186105892395,0,160.91889841639792,1.5694173198543495,0.006697898826361112,670.7514108341114,6.7075141083411145,0.0,120.99032946810158,28.377059953971404,39150.77688493557,87056.89629382417,104691.12194443014,667.0700050267449,19598.05879636617,2.627370983689505,2.6273709836895076,60.69931927276993,49939.30068072723,3594.8839317469105,9958.303143367139,1,0.00027380320379831935,0.0003290458962243546,1,1
271,3,0.01,0.00997557138155442,0,158.38691735708878,1.5661618521499023,0.008758321424112491,772.2128313803045,7.7221283138030445,0.0,121.10052187243232,28.377059953971404,39195.86759744549,87050.86674892683,104585.42948391693,667.7817451647821,19565.40679340463,2.407378045929323,2.4073780459293213,60.69931927276993,49939.30068072723,3594.8839317469105,9964.373773755533,1,0.00031574619001149004,0.0002988302029556453,1,1
272,3,0.01,0.010032853001754605,0,157.4826223132822,1.5258933937995867,0.03424468746861608,715.4475196001534,7.154475196001535,0.0,120.81615446420393,28.377059953971404,39333.49032028339,87032.7317011474,103242.36930132525,676.6027674072575,19593.880096382403,2.370432202052666,2.3704322020526662,60.69931927276993,49939.30068072723,3594.8839317469105,9982.550416614124,1,0.0002921106043645723,0.00029388666605812726,1,1
273,3,0.01,0.009965342151528651,0,158.54949844924624,1.5457214673613404,0.02169527382193649,698.2288625358657,6.982288625358657,0.0,120.26350155942764,28.377059953971404,39417.510128012414,87021.58510302432,103915.07208964591,672.2755314192312,19839.351779645633,2.3854888578570805,2.3854888578570814,60.69931927276993,49939.30068072723,3594.8839317469105,9993.738862763646,1,0.0002815530951982897,0.0002964699631914507,1,1
274,3,0.01,0.01004614738512374,0,157.27422059720647,1.537242199084879,0.02706189931336775,624.351958423029,6.243519584230291,0.0,119.58533433921163,28.377059953971404,39497.15385425344,87010.93653115456,103634.92186476807,674.1613125534934,19440.006014794693,2.2456532249898937,2.2456532249898933,60.69931927276993,49939.30068072723,3594.8839317469105,10004.426254463078,1,0.0002569348828175753,0.0002768661941268124,1,1
275,3,0.01,0.010043154497962196,0,157.3210887396574,1.581638175800498,0.0010368201268974463,1210.1340411335802,12.101340411335803,0.0,121.58899629300586,28.377059953971404,39630.279199615514,86994.28959963362,105126.10611067696,664.6659629182925,19622.191029289843,2.7370357511467103,2.737035751146708,60.69931927276993,49939.30068072723,3594.8839317469105,10021.119521125844,1,0.000493373666305552,0.00034395388144047235,1,1
276,3,0.01,0.010025064804224541,0,157.60496623764382,1.565944262953072,0.008896036105650686,900.4260848980718,9.004260848980719,0.0,121.33821955733805,28.377059953971404,39711.73625815841,86984.17445995331,104608.67484714446,668.0229770750108,19564.216041311487,2.9480620378353133,2.9480620378353115,60.69931927276993,49939.30068072723,3594.8839317469105,10031.284990060974,1,0.0003681930655424154,0.0003728338715551809,1,1
277,3,0.01,0.010073944948544853,0,156.84024561085434,1.5614230059462137,0.011757591173282482,688.2638989040241,6.882638989040242,0.0,119.26769676759574,28.377059953971404,39758.54082893969,86978.38824997304,104460.42869483573,669.0078748489638,19071.01414211155,3.027288216762891,3.0272882167628916,60.69931927276993,49939.30068072723,3594.8839317469105,10037.121779560333,1,0.00028871622401421777,0.00038342765195406174,1,1
278,3,0.01,0.010085253336086177,0,156.66438386297958,1.571219927537744,0.005557007887503787,1319.808380846125,13.198083808461249,0.0,121.35994388078237,28.403456121588327,39781.111483433284,86976.50040711225,104788.12339649622,666.9220620229116,18505.3030282986,3.226223908529001,3.2262239085290014,60.69931927276993,49939.30068072723,3601.482973651141,10039.101492131602,1,0.0005705643960881282,0.0004091578952149205,1,1
279,3,0.01,0.00993168300595236,0,159.08683342521684,1.5752396810824154,0.003012860074420671,1020.0963143275642,10.200963143275642,0.0,121.30324135518602,28.403456121588327,39842.76472351865,86968.86090674213,104925.39689608394,666.091631363585,18845.69815507229,3.3795626894202235,3.37956268942022,60.69931927276993,49939.30068072723,3601.482973651141,10046.79623528517,1,0.000433030946769359,0.0004307705222905683,1,1
280,3,0.01,0.009951462616137245,0,158.77063110681635,1.56547305684896,0.009194267817113907,911.6282084515103,9.116282084515104,0.0,119.59235680289602,28.403456121588327,39931.60963843366,86957.50005089474,104605.33730395771,668.2027317321645,19190.764096256975,3.594276013148623,3.59427601314862,60.69931927276993,49939.30068072723,3601.482973651141,10058.217342556778,1,0.0003800278942011766,0.00046120774568622126,1,1
281,3,0.01,0.009977584498689903,0,158.35496058264005,1.564182486031867,0.010011084789957679,752.4559359455445,7.524559359455445,0.0,118.08348052516354,28.403456121588327,39978.56103114645,86951.10620349832,104565.25240861424,668.4977829785261,19549.727694624984,2.948167987206603,2.948167987206604,60.69931927276993,49939.30068072723,3601.482973651141,10064.661578148765,1,0.0003079146462597227,0.00037365782907675273,1,1
282,3,0.01,0.010047734452680774,0,157.24937869734904,1.5617687382375898,0.011538773267348292,714.7814574209988,7.147814574209988,0.0,117.16302199322308,28.403456121588327,40029.12550369978,86944.85611505414,104487.52574074615,669.0332773510197,19614.1933930129,2.601427150009689,2.6014271500096884,60.69931927276993,49939.30068072723,3601.482973651141,10070.956331206258,1,0.00029153641675649965,0.00032649298573913296,1,1
283,3,0.01,0.009935981948762284,0,159.01800226165057,1.5459359844161626,0.02155950353407432,661.3326465219461,6.613326465219461,0.0,116.4921903093232,28.403456121588327,40102.15655050991,86935.04997405103,103961.82376568647,672.4846618079638,19723.7302100946,2.3269537173249666,2.3269537173249666,60.69931927276993,49939.30068072723,3601.482973651141,10080.80305385357,1,0.0002682383664661875,0.0002892298098274699,1,1
284,3,0.01,0.009740224964952618,0,162.21391247996561,1.5645537381236765,0.009776115111597206,614.6231863498765,6.146231863498765,0.0,115.8528850451694,28.403456121588327,40131.408671151185,86931.10951806861,104586.89571388862,668.4774908359276,19511.112955407756,2.19207103786388,2.1920710378638772,60.69931927276993,49939.30068072723,3601.482973651141,10084.78087729209,1,0.00025200948311030136,0.0002705947554443295,1,1
285,3,0.01,0.009992990346377224,0,158.11083021538195,1.568442498626616,0.007314874286951874,877.5822586864078,8.775822586864079,0.0,116.71141374815105,28.403456121588327,40193.2798740616,86923.48990604778,104720.09644888138,667.6693378340489,19602.68194568138,2.3547449941133607,2.3547449941133607,60.69931927276993,49939.30068072723,3601.482973651141,10092.440672568593,1,0.00035814783349264964,0.00029279856102304615,1,1
286,3,0.01,0.00978749087943134,0,161.43054634364054,1.5681771081368434,0.007482842951364974,820.9423980035102,8.209423980035103,0.0,116.8580657718202,28.403456121588327,40242.766963393915,86916.92903236748,104714.3338570805,667.7455837975596,19945.196572584737,2.499814250613423,2.499814250613425,60.69931927276993,49939.30068072723,3601.482973651141,10099.044980811268,1,0.00032927924074989363,0.0003131455191176149,1,1
287,3,0.01,0.010085210689357072,0,156.66504634031838,1.5749152698264721,0.0032181836541316147,899.3613454417864,8.993613454417865,0.0,116.85783154581007,28.421443348497164,40257.83728318777,86915.6556574646,104939.40331796152,666.3177716825617,20336.571762172025,2.7433659956644654,2.7433659956644636,60.69931927276993,49939.30068072723,3605.97978037835,10100.39402282943,1,0.0003537907395442864,0.0003470726045956099,1,1
288,3,0.01,0.009878113173664192,0,159.94957460220252,1.584591348068225,0.0029059164988765322,1178.7332237392131,11.787332237392132,0.0,118.0367515492913,28.445018012971946,40277.73931362956,86913.97571550867,105261.76632310633,664.2833589330835,20715.67636936688,2.977775780395999,2.9777757803959948,60.69931927276993,49939.30068072723,3611.873446497046,10102.162122665039,1,0.0004552043400261859,0.00037942477344012196,1,1
289,3,0.01,0.009938011984869316,0,158.98551967994803,1.5589341164718458,0.013332837676047028,737.9784101018282,7.3797841010182825,0.0,116.08379589107953,28.459777581173984,40286.463810529465,86912.91968354995,104407.93700684568,669.7392526320485,21010.514735301796,2.8539703296038113,2.8539703296038113,60.69931927276993,49939.30068072723,3615.5633385475553,10103.292814366481,1,0.0002809939382824846,0.0003633296726176523,1,1
290,3,0.01,0.009952273251461167,0,158.75769887729203,1.5566745342865778,0.014762952983178677,592.7084253923338,5.927084253923338,0.0,113.79511171771581,28.459777581173984,40325.13713560719,86907.56393121861,104334.87640524443,670.2420712050832,21044.259636810228,2.53706232870594,2.5370623287059417,60.69931927276993,49939.30068072723,3615.5633385475553,10108.695495188696,1,0.0002253188035584124,0.0003205056939556943,1,1
291,3,0.01,0.009923105976493277,0,159.22434001439092,1.5634679556221225,0.010463319226504801,917.1353666227976,9.171353666227976,0.0,114.71843086352754,28.47812028850644,40335.83935193924,86906.22509130999,104562.63553348965,668.7865597596015,21007.970930721873,2.2811909284386322,2.2811909284386296,60.69931927276993,49939.30068072723,3620.1490153806694,10110.103545875814,1,0.0003492523365144558,0.0002851883594517843,1,1
292,4,0.01,0.009937737837609671,0,158.98990553166357,1.5922958589408591,0.0077821892030753475,723.213788541748,7.2321378854174805,0.0,195.81458997921197,28.82611268226494,38379.35437248275,86899.76013431637,106539.83911214254,669.0957494734,21111.193915066728,2.403551524771882,2.403551524771883,105.55596957533363,49833.7447111519,3620.1490153806694,10116.612064970212,1,0.0002740588870345611,0.0002828766757024764,4,1
293,4,0.01,0.010019252954304938,0,157.69638786503808,1.5589635245475766,0.013314224969888282,583.3304421059717,5.833304421059717,0.0,193.91553441256843,28.82611268226494,38412.83194771738,86895.15708058773,105422.59177321485,676.2351402917482,20798.367042016944,2.4030154944114175,2.4030154944114144,105.55596957533363,49833.7447111519,3620.1490153806694,10121.258976280258,1,0.00022437547752764445,0.00028256223369222045,4,1
294,4,0.01,0.010019252954304938,1,157.69638786503808,1.582552309047625,0.0016153854731803382,1246.0729646713685,12.460729646713686,0.0,195.89778118841076,28.82611268226494,38509.811979204904,86883.14307754977,106221.5133926536,671.2038065685006,20510.298106681297,2.744144109889308,2.7441441098893113,105.55596957533363,49833.7447111519,3620.1490153806694,10133.321512820019,1,0.0004860282217996456,0.0003281541954539504,4,1
295,4,0.01,0.00978694310135025,0,161.4395816587527,1.5562868467832405,0.015008324820733922,690.106231025059,6.901062310250589,0.0,194.16259422425514,28.82611268226494,38567.44520506621,86875.4634166591,105341.29060352365,676.875801021247,20183.98473209593,2.745346295393223,2.7453462953932224,105.55596957533363,49833.7447111519,3620.1490153806694,10141.04987188955,1,0.00027352625963006165,0.0003279766529857839,4,1
296,4,0.01,0.009974249279759982,0,158.40791178201042,1.5425785052512029,0.023684490347339993,636.70034737255,6.3670034737255,0.0,191.7078410302324,28.82611268226494,38642.42710598229,86865.77581152583,104881.460838887,679.9100368756108,20524.270314059595,2.7930706291001104,2.7930706291001135,105.55596957533363,49833.7447111519,3620.1490153806694,10150.788324965573,1,0.00024817460991493403,0.00033590969711488043,4,1
297,4,0.01,0.01003055056502606,0,157.5187712535992,1.5536258763862583,0.016692483299836587,726.0670803366702,7.260670803366702,0.0,191.36299613839435,28.82611268226494,38713.13807408178,86856.51002556678,105260.0363964954,677.5121217814084,20815.846966713245,2.2840287286204526,2.2840287286204495,105.55596957533363,49833.7447111519,3620.1490153806694,10160.09593095453,1,0.0002790439731797524,0.000266914947574916,4,1
298,4,0.01,0.009939910681045345,0,158.95515067483856,1.5592256401676394,0.013148329007823192,756.9279054503769,7.569279054503769,0.0,191.16325458984105,28.84125124037395,38722.33338232526,86855.41120199331,105449.8468207998,676.2962595295854,20806.05927296109,2.326456187681004,2.3264561876810053,105.55596957533363,49833.7447111519,3623.933654907921,10161.259792949199,1,0.0002910413338806766,0.00027275330565845437,4,1
299,4,0.01,0.010156460907939127,0,155.56600023586384,1.566157205210228,0.008761262525172233,1005.8922206688401,10.0589222066884,0.0,191.94645037933063,28.84125124037395,38844.104052177216,86839.99826197661,105690.58522368126,674.8402067945296,20730.29067414676,2.6697469534110185,2.669746953411014,105.55596957533363,49833.7447111519,3623.933654907921,10176.720990298056,1,0.0003881825822821915,0.00031942262978087353,4,1
300,4,0.01,0.010273101563139956,0,153.79970598840995,1.5637364790246522,0.010293367705916386,775.3891821780137,7.753891821780138,0.0,190.79828475328844,28.84125124037395,38904.733227105164,86833.60032922785,105611.9174569521,675.3818106413,20801.380892921217,2.713206840298491,2.7132068402984917,105.55596957533363,49833.7447111519,3623.933654907921,10183.228705409161,1,0.00029820681085336267,0.0003258102423387436,4,1
301,4,0.01,0.010057349245975386,0,157.09904880078247,1.5696685253944427,0.006538907978200879,796.2785837051189,7.962785837051189,0.0,189.853744263498,28.857176812048053,38917.82814331186,86832.4789807336,105812.35276339878,674.1063546318428,20251.69745125794,2.7778028986330026,2.7778028986330017,105.55596957533363,49833.7447111519,3627.915047826447,10184.42312328472,1,0.0003145528262493998,0.00033364740646165135,4,1
302,4,0.01,0.009874229706078364,0,160.01248168526868,1.564537251778461,0.009786549507303186,724.0801754127718,7.240801754127719,0.0,188.92736171662304,28.857176812048053,38958.35247631468,86826.82022122321,105642.14056561752,675.2293078706219,20558.328555455395,2.5121079231260124,2.5121079231260106,105.55596957533363,49833.7447111519,3627.915047826447,10190.127009838781,1,0.00028176616536099814,0.00029817526748792024,4,1
303,4,0.01,0.010141910826050735,0,155.78918283737787,1.5585155319312634,0.013597764600466276,586.1012989019217,5.861012989019217,0.0,187.23582740425377,28.857176812048053,38995.69316381567,86822.1820328433,105441.06159457423,676.5480319847373,20950.31293345515,2.321843539070755,2.3218435390707537,105.55596957533363,49833.7447111519,3627.915047826447,10194.807891385057,1,0.00022380622218429508,0.00027337507126489765,4,1
304,4,0.01,0.010015002702538904,0,157.76331239525817,1.5430894277009324,0.023361121708270687,807.5244439446732,8.075244439446731,0.0,187.48359985210195,28.857176812048053,39127.62126626244,86805.07349864468,104926.48005741587,679.9766635284846,20914.44636134629,2.3090479382697393,2.309047938269736,105.55596957533363,49833.7447111519,3627.915047826447,10211.959175878075,1,0.0003088867589388837,0.0002714863821613923,4,1
305,4,0.01,0.010103908723340407,0,156.37512602921095,1.5617892852024475,0.011525768859210469,597.9341165696273,5.979341165696273,0.0,186.31872056262364,28.857176812048053,39160.971070183536,86800.96273435459,105561.29121120619,675.8997017803383,20915.88738649268,2.1778660170096593,2.1778660170096584,105.55596957533363,49833.7447111519,3627.915047826447,10216.109823563587,1,0.00022870045359137616,0.0002537978115715183,4,1
306,4,0.01,0.010003387401646104,0,157.94649717754643,1.5647371942972153,0.009660003609357481,963.609616866876,9.63609616866876,0.0,187.04328110913357,28.857176812048053,39276.25189597344,86786.59485127633,105667.27761963337,675.3036740274631,21209.52104730334,2.51444310995644,2.51444310995644,105.55596957533363,49833.7447111519,3627.915047826447,10230.524250397839,1,0.0003634630370832982,0.00030035008320451935,4,1
307,4,0.01,0.009929127484049883,0,159.12777860271277,1.571455828215356,0.005407703661167197,869.3320826590866,8.693320826590867,0.0,187.00423651715136,28.874563453701235,39284.67908498239,86785.32391364263,105894.23494548112,673.8607159307893,21139.898376647794,2.5643354497973094,2.564335449797305,105.55596957533363,49833.7447111519,3632.2617082397423,10231.868269892593,1,0.0003289825020613704,0.00030704866424534826,4,1
308,4,0.01,0.010060944625405724,0,157.04290788065876,1.5805166972386817,0.00032702356878584835,1277.0871510865159,12.77087151086516,0.0,188.26645512325712,28.900105196722965,39305.59419315187,86783.50480595636,106199.54969526576,671.9293119826373,20940.820242834703,3.2002856994019475,3.2002856994019524,105.55596957533363,49833.7447111519,3638.6471439951747,10233.783900619223,1,0.00048788428964180447,0.00039344327626215773,4,1
309,4,0.01,0.009951285743584972,0,158.77345307047747,1.5868408902348154,0.004329677363807201,866.8249600192374,8.668249600192375,0.0,186.66284256615486,28.91744169592335,39320.37069655295,86782.28687396504,106412.13058009256,670.5910544336052,20994.581530039806,3.1159710865673755,3.115971086567371,105.55596957533363,49833.7447111519,3642.981268795271,10235.084138059252,1,0.0003303042582788147,0.00038239034999399654,4,1
310,4,0.01,0.010150271730629268,0,155.6608573573673,1.5911528730019728,0.007058780380995419,553.5894683217289,5.535894683217289,0.0,183.28001037733333,28.928513485289784,39337.16119089701,86781.5714547305,106556.85342819113,669.6833172739337,20816.983745221693,2.829964505236926,2.829964505236928,105.55596957533363,49833.7447111519,3645.7492161368796,10235.914522261735,1,0.0002127453141519791,0.0003436446206908661,4,1
311,4,0.01,0.00987278168579394,0,160.03595038199623,1.571976785219363,0.005077984038377953,492.0317587710334,4.9203175877103345,0.0,181.59525431396483,28.938354120465206,39339.85017141979,86780.85131705018,105914.17208756428,673.764225295378,20093.807506198387,2.1279599053206804,2.127959905320682,105.55596957533363,49833.7447111519,3648.2093749307346,10236.686476546703,1,0.00019589388765439507,0.00024631448669506297,4,1
312,4,0.01,0.00990476126805758,0,159.51924102355002,1.569543749961185,0.0066178797714019025,1000.3830049792325,10.003830049792326,0.0,183.07793011244576,28.938354120465206,39441.73170700581,86767.70490212072,105838.3270881231,674.3254343228119,20463.71193830455,2.2725431912467995,2.2725431912468017,105.55596957533363,49833.7447111519,3648.2093749307346,10249.873329184078,1,0.0003910856478024156,0.00026657494986959655,4,1
313,4,0.01,0.00988409657801182,0,159.85274805133645,1.5703182559665516,0.006127686097119277,888.7172039615672,8.887172039615672,0.0,183.3278328028093,28.938354120465206,39494.98587789383,86760.8431409453,105867.62116325049,674.1793949156349,20528.839490362403,2.5970058000802303,2.5970058000802303,105.55596957533363,49833.7447111519,3648.2093749307346,10256.78146811382,1,0.0003463292523199044,0.000311102929258905,4,1
314,4,0.01,0.00988409657801182,1,159.85274805133645,1.5767899824410927,0.0020316566828527684,809.0208100220628,8.090208100220629,0.0,182.06737898189243,28.954534536665648,39504.8190192605,86759.68393808312,106085.88492958843,672.7965430459709,20589.820584722012,2.8820204001363168,2.882020400136315,105.55596957533363,49833.7447111519,3652.254478980845,10258.016165707813,1,0.0003143381679089986,0.0003505843560104396,4,1
315,4,0.01,0.01000810720022776,0,157.87201000045675,1.581036562656994,0.0006560523145531154,580.1854682818471,5.801854682818471,0.0,179.93538376896004,28.966138246031285,39515.04538829569,86758.87566207728,106228.85883162441,671.8937521160336,20908.960900785572,2.46189504086226,2.461895040862261,105.55596957533363,49833.7447111519,3655.1554063222543,10258.886443910236,1,0.00022198538551384406,0.000294217601914249,4,1
316,4,0.01,0.010008743789827235,0,157.86196881229918,1.559635139191688,0.012889152410324059,557.3183649891282,5.573183649891282,0.0,178.59615834288343,28.97728461333107,39520.61048766877,86758.06979144416,105508.96626991942,676.4977501379043,20635.933198596438,2.1466873798920134,2.146687379892011,105.55596957533363,49833.7447111519,3657.9419981472,10259.747929969573,1,0.0002160574410182853,0.0002507936648137093,4,1
317,4,0.01,0.009857252053654054,0,160.28807941603753,1.5630603657172222,0.010721287520745502,456.6687938254839,4.566687938254839,0.0,177.50942797960798,28.986417989207578,39526.59546744627,86757.41534456055,105624.93512443679,675.757235236209,19563.21864352412,1.8515067027084167,1.8515067027084153,105.55596957533363,49833.7447111519,3660.2253421163277,10260.447602430306,1,0.00018674587332351956,0.00020826289995188297,4,1
318,4,0.01,0.009948563985723535,0,158.8168907861822,1.5444673694499442,0.022489006677250532,550.1633973435418,5.501633973435418,0.0,177.25079658019473,28.986417989207578,39577.89238485878,86750.48153419557,104998.96422752095,679.839317452954,19207.850906639233,1.8745547155594449,1.8745547155594466,105.55596957533363,49833.7447111519,3660.2253421163277,10267.413271328382,1,0.00022914105279872896,0.00021064812238017795,4,1
319,4,0.01,0.010006573080613207,0,157.8962135459842,1.5475409462250937,0.020543704920826786,543.7449412306145,5.437449412306145,0.0,176.83544301866505,28.986417989207578,39625.431586437204,86744.33217467593,105106.04708784288,679.1810410201252,19473.459278645463,1.8869975963977237,1.8869975963977264,105.55596957533363,49833.7447111519,3660.2253421163277,10273.595084365405,1,0.00022337888033150167,0.00021308860215125004,4,1
320,4,0.01,0.009968035948591884,0,158.50665147562955,1.5645580686081362,0.009773374298648035,604.7274444486291,6.047274444486291,0.0,176.48040509998506,28.986417989207578,39651.039246487984,86740.65226017106,105683.21840430184,675.4828761218166,19868.24507505205,2.0178490562736906,2.017849056273693,105.55596957533363,49833.7447111519,3660.2253421163277,10277.310018474429,1,0.00024349506145682366,0.00023200499819568473,4,1
321,4,0.01,0.009797409467568933,0,161.26711915328892,1.5455073100285066,0.02183081643765409,492.01912609436846,4.920191260943684,0.0,175.32665208516528,28.986417989207578,39692.418492410645,86735.06768687977,105041.40214952943,679.6564562841955,20178.246605668246,1.9278727834221205,1.9278727834221223,105.55596957533363,49833.7447111519,3660.2253421163277,10282.929015272237,1,0.0001950691299237689,0.0002206476905706981,4,1
322,4,0.01,0.009939217716260485,0,158.96623306833615,1.5225586344736797,0.036355294636911645,563.0104495981261,5.630104495981262,0.0,174.7979941063682,28.986417989207578,39780.73090037422,86723.49868844495,104265.09358267492,684.8018278042699,20075.816990421423,1.930901776218935,1.9309017762189369,105.55596957533363,49833.7447111519,3660.2253421163277,10294.5328141673,1,0.0002243536887656427,0.00022097262671541174,4,1
323,4,0.01,0.010080659010972862,0,156.7357846625067,1.5420338550253072,0.024029205680185354,683.3093343206016,6.833093343206016,0.0,175.12203457414202,28.986417989207578,39867.32796991773,86712.18249476694,104933.90711497805,680.490293860999,19929.047355613395,2.008786729602039,2.0087867296020403,105.55596957533363,49833.7447111519,3660.2253421163277,10305.884467004369,1,0.000274296838028491,0.00023123988557263419,4,1
324,4,0.01,0.0100544005424076,0,157.1451220125807,1.5594319153092706,0.013017775120714848,838.6093533229565,8.386093533229566,0.0,175.67555021381304,28.986417989207578,39954.043314449445,86701.34771594024,105528.21998950685,676.709377007833,20281.88923087777,2.334436617086868,2.334436617086869,105.55596957533363,49833.7447111519,3660.2253421163277,10316.760710492841,1,0.00033078155344472824,0.00027647736007962065,4,1
325,4,0.01,0.00997111943686636,0,158.45763457192618,1.5562504928229073,0.015031333656387839,841.3967242586423,8.413967242586423,0.0,175.74908302718868,28.986417989207578,40054.08400956554,86688.45452611861,105426.60966261651,677.4398475619533,19604.733325343208,2.635037406670383,2.6350374066703846,105.55596957533363,49833.7447111519,3660.2253421163277,10329.699250199988,1,0.00034334431804627983,0.0003161409031731664,4,1
326,4,0.01,0.009939393199379233,0,158.96342646940252,1.5635400692149113,0.010417677712081509,817.168381892884,8.17168381892884,0.0,175.23755369068525,28.986417989207578,40117.43749229714,86680.11235043143,105676.73992801177,675.8812390466874,19570.039131096677,2.7800597507608384,2.7800597507608362,105.55596957533363,49833.7447111519,3660.2253421163277,10338.088982154304,1,0.0003340487472380812,0.0003360582062430298,4,1
327,4,0.01,0.010220339466241974,0,154.59369086699888,1.5502484209885778,0.018830113298368496,888.4820491824288,8.884820491824287,0.0,175.06348215898473,28.986417989207578,40258.22327636271,86662.12080709513,105235.27730431367,678.8284760013249,19834.01399219348,2.8425141248296404,2.8425141248296404,105.55596957533363,49833.7447111519,3660.2253421163277,10356.130217887758,1,0.0003583670151819511,0.0003452533601554374,4,1
328,4,0.01,0.009925060743721077,0,159.19298035526487,1.584141280033619,0.0026210633124170318,1260.1774007354925,12.601774007354924,0.0,176.39753198861058,28.986417989207578,40373.46836904543,86647.93569235624,106384.29221310678,671.5581088250478,20230.084239604137,3.2157648780739714,3.2157648780739754,105.55596957533363,49833.7447111519,3660.2253421163277,10370.371401931005,1,0.0004983379745966502,0.0003969179123388942,4,1
329,4,0.01,0.00987533237881633,0,159.99461480296839,1.5422965933899222,0.023862915575998653,570.5307201807702,5.7053072018077025,0.0,173.17844434017235,28.986417989207578,40431.70955940946,86640.00234173397,104975.62022856712,680.6448297848718,19833.32511304579,2.9633388148992332,2.9633388148992363,105.55596957533363,49833.7447111519,3660.2253421163277,10378.356915096867,1,0.00023013013377388405,0.00036227837451749514,4,1
330,4,0.01,0.009993700128011082,0,158.0996007246064,1.5510128334358455,0.01834630795199656,676.1065182626608,6.7610651826266075,0.0,171.48854639469283,28.986417989207578,40496.17590727096,86631.38334877913,105275.3836587244,678.7524989430005,19628.601825863923,2.7620227218524205,2.762022721852425,105.55596957533363,49833.7447111519,3660.2253421163277,10387.023715630005,1,0.00027555972626507866,0.00033467594487853765,4,1
331,4,0.01,0.010044083556436791,0,157.30653684053144,1.5561381410852761,0.01510244235109109,710.264459585636,7.10264459585636,0.0,171.3967380759312,28.986417989207578,40554.66973015332,86623.4198995823,105452.5721673284,677.6555974252007,20026.895178174687,2.2332866236284272,2.233286623628425,105.55596957533363,49833.7447111519,3660.2253421163277,10395.026435275106,1,0.00028372424313068053,0.0002631380343898811,4,1
332,4,0.01,0.010044083556436791,1,157.30653684053144,1.5831425427830972,0.0019889511285424767,1261.6033016625797,12.616033016625797,0.0,173.27123948475955,28.986417989207578,40657.12424022344,86610.68491407884,106368.13671846832,671.8797192543236,20359.498150852964,2.877838492637058,2.8778384926370566,105.55596957533363,49833.7447111519,3660.2253421163277,10407.811931305645,1,0.000495730608805689,0.00035167152606714944,4,1
333,4,0.01,0.009923896921525786,0,159.21164966686064,1.5911367003323986,0.007048544514176299,1056.6722994865613,10.566722994865613,0.0,173.15829701546795,29.00755143519731,40675.27239406802,86609.18842254345,106636.7612343149,670.1923298735916,20814.03300533484,3.1885982655242335,3.1885982655242313,105.55596957533363,49833.7447111519,3665.5087036137606,10409.396939754875,1,0.00040613841602565957,0.000395197755987343,4,1
334,4,0.01,0.010160341992681213,0,155.50657656387153,1.5594159251753632,0.013027895458630928,370.73238402411647,3.707323840241165,0.0,168.37347205867673,29.01496608287779,40681.63538567544,86608.6943904229,105570.34340663753,676.986438975642,20227.035345952594,2.855176433351963,2.855176433351961,105.55596957533363,49833.7447111519,3667.362365533881,10409.953038330912,1,0.00014662846143621323,0.00034949916208918726,4,1
335,4,0.01,0.010041249863345163,0,157.35092956581758,1.5775572384461816,0.0015460516163408268,1133.6119867691789,11.336119867691789,0.0,169.77972207796427,29.01496608287779,40769.02870367517,86597.85091931988,106186.70444238326,673.10840998056,20635.22246554608,2.7147923497948367,2.7147923497948407,105.55596957533363,49833.7447111519,3667.362365533881,10420.844985427257,1,0.00043948621873572983,0.00033075103206586754,4,1
336,4,0.01,0.010069096719889616,0,156.9157635440134,1.5536072869776754,0.01670424874830678,615.7102774921273,6.157102774921273,0.0,168.4876118280432,29.027280288427633,40776.17406734865,86596.96847783006,105379.2405584082,678.287501878346,20644.333535674465,2.3046919254576705,2.3046919254576683,105.55596957533363,49833.7447111519,3670.440916921342,10421.787944877213,1,0.00023859729893557416,0.00027490399303583906,4,1
337,4,0.01,0.009973531735975495,0,158.41930840815266,1.5537831785076335,0.01659292499516873,833.4298969591655,8.334298969591655,0.0,167.8300484218316,29.027280288427633,40881.84671261887,86583.23346487002,105391.46009982505,678.289362104246,20682.03716547259,2.730646229859634,2.7306462298596323,105.55596957533363,49833.7447111519,3670.440916921342,10435.572636965575,1,0.0003223782610159995,0.00033348725956243447,4,1
338,4,0.01,0.010065809388753138,0,156.96700970369918,1.526920095342047,0.03359487636579309,607.3562638499353,6.073562638499354,0.0,166.61733867425602,29.027280288427633,40976.015744597076,86571.01460630845,104483.33846766387,684.275089354027,20936.487790676856,2.220233385672641,2.2202333856726413,105.55596957533363,49833.7447111519,3670.440916921342,10447.83312508033,1,0.00023207570244724421,0.00026435042079960594,4,1
339,4,0.01,0.00999575426395868,0,158.06711112306425,1.537998391870807,0.02658329628429948,852.526286051875,8.52526286051875,0.0,166.97090403286222,29.027280288427633,41153.59042715042,86548.17394334592,104871.53490582573,681.870250711127,20475.748485802975,2.4573253328174496,2.457325332817452,105.55596957533363,49833.7447111519,3670.440916921342,10470.718473922281,1,0.00033308722722120987,0.00029584706356148454,4,1
340,4,0.01,0.009874821686336096,0,160.0028891849525,1.5050961680631694,0.04740748856761436,471.0231266013506,4.710231266013507,0.0,164.97163886509816,29.027280288427633,41236.820361949634,86537.13177835291,103750.4813189212,689.3279215004072,20759.68427680856,2.106970934450629,2.1069709344506276,105.55596957533363,49833.7447111519,3670.440916921342,10481.800405803875,1,0.0001815145626766776,0.00024889249744837726,4,1
341,4,0.01,0.009910703138417694,0,159.42360273867078,1.55076330411217,0.018504237903689914,857.5708589010083,8.575708589010082,0.0,165.58917840952302,29.027280288427633,41370.267459706636,86520.21638703876,105318.15429317129,679.1375190133684,20008.396793895925,2.3886231255040284,2.3886231255040293,105.55596957533363,49833.7447111519,3670.440916921342,10498.75788442044,1,0.00034288438708397957,0.00028582872566062237,4,1
342,4,0.01,0.009708784531328604,0,162.7392177570331,1.6011580481438443,0.01339116971129383,1431.3369294106365,14.313369294106366,0.0,168.32231256373123,29.027280288427633,41566.56600654034,86495.99103603678,107024.56476273002,668.4197408669252,19678.700204590652,3.004155813392505,3.004155813392501,105.55596957533363,49833.7447111519,3670.440916921342,10523.03360270091,1,0.0005818827115732914,0.00036876055377798293,4,1
343,4,0.01,0.01005918772590336,0,157.07033639817163,1.5777948001922797,0.0013956960808356846,1053.3580456634115,10.533580456634116,0.0,167.68313617142047,29.048347449340902,41583.66629509926,86494.50347516105,106242.86935379179,673.3630339055775,19268.159656756146,3.6321216930591054,3.6321216930591085,105.55596957533363,49833.7447111519,3675.7077071496587,10524.613639769406,1,0.00043734661303538225,0.00045403790389755106,4,1
344,4,0.01,0.009950973576519778,0,158.77843387386264,1.581908533309188,0.0012079324741695841,554.3516383764209,5.543516383764208,0.0,163.72115114541984,29.05943448210843,41592.848988514444,86493.74320392888,106381.4920165852,672.4882619733152,18707.962584427172,3.3763847984596587,3.3763847984596556,105.55596957533363,49833.7447111519,3678.479465341541,10525.445167226972,1,0.0002370548415947219,0.00041876138873446516,4,1
345,4,0.01,0.00988046331081482,0,159.9115294796536,1.5909683198536249,0.006941974590901763,1391.1740450125549,13.91174045012555,0.0,165.81429193918973,29.05943448210843,41719.39332577741,86478.23255162858,106692.45872736043,670.6133453190101,18986.85820360072,3.386131784851292,3.38613178485129,105.55596957533363,49833.7447111519,3678.479465341541,10541.01097121877,1,0.0005861629259963521,0.0004201881268754854,4,1
346,4,0.01,0.009878876871702748,0,159.93720951475603,1.565227018897715,0.009349988039420871,774.7514435233894,7.747514435233894,0.0,164.17101048690606,29.074929510978897,41728.419606448944,86477.11738157771,105827.67284451076,676.1170844024793,19429.815819453197,3.087788543284952,3.087788543284952,105.55596957533363,49833.7447111519,3682.353222559158,10542.201568820372,1,0.0003189948688027009,0.0003807375454645916,4,1
347,4,0.01,0.009878876871702748,1,159.93720951475603,1.5692221388550602,0.006821431104392302,1009.0580643357583,10.090580643357583,0.0,163.36488419611575,29.074929510978897,41841.383014361934,86462.691097429,105969.12427355119,675.297152963115,19451.59397248433,3.5189371108784546,3.5189371108784555,105.55596957533363,49833.7447111519,3682.353222559158,10556.687473584052,1,0.00041500272554039245,0.00044005350677981514,4,1
348,4,0.01,0.010078694254699667,0,156.76633897920362,1.5735533381214932,0.004080165745890407,600.4756185825204,6.004756185825204,0.0,161.26735608018092,29.08693902335055,41851.36247140752,86461.85421043,106115.48835803717,674.3685503836671,19544.928966363408,2.6852975016395786,2.685297501639576,105.55596957533363,49833.7447111519,3685.3556006520707,10557.588187011926,1,0.0002457826762597835,0.0003265934235342923,4,1
349,4,0.01,0.010154917565042566,0,155.58964313398414,1.5565552938551426,0.0148384216106693,791.6417797907571,7.916417797907571,0.0,160.71551323161358,29.08693902335055,41931.51717436175,86451.7501418656,105546.19322997783,678.0754506225736,19801.15178368577,2.6824316122795406,2.6824316122795366,105.55596957533363,49833.7447111519,3685.3556006520707,10567.738893536336,1,0.0003198366593777613,0.00032687402039264574,4,1
350,4,0.01,0.009777174408233702,0,161.60088119829658,1.5312282601382845,0.03086818978589593,654.5025384589928,6.545025384589929,0.0,159.99512123485064,29.08693902335055,42037.47220800562,86438.14870572956,104691.61230601041,683.7100322100623,19800.116863375988,2.314759323128886,2.314759323128887,105.55596957533363,49833.7447111519,3685.3556006520707,10581.381245770805,1,0.0002644439092860578,0.00027668774830786756,4,1
351,4,0.01,0.009777174408233702,1,161.60088119829658,1.5207032861750367,0.03752956571200214,768.3296998154656,7.683296998154656,0.0,159.85255613619137,29.08693902335055,42228.88155828449,86413.97554427992,104342.97598723782,686.149473969294,19627.17291403776,2.4810683466191397,2.4810683466191397,105.55596957533363,49833.7447111519,3685.3556006520707,10605.598161798041,1,0.00031316978891685016,0.0002991501191935564,4,1
352,4,0.01,0.0100485533156055,0,157.23656434665523,1.535171440777534,0.028372505837003785,756.0787255477625,7.560787255477625,0.0,159.68835447253178,29.08693902335055,42360.51930885241,86396.97841005023,104845.10934709184,682.95375071588,19598.7799299097,2.453906081882837,2.4539060818828373,105.55596957533363,49833.7447111519,3685.3556006520707,10622.638102395464,1,0.0003086227727447098,0.00029541215698253927,4,1
353,4,0.01,0.010130832208854895,0,155.95954680001458,1.5545964734309379,0.016078181372824175,922.718716730322,9.227187167303219,0.0,160.2069894030548,29.08693902335055,42504.15817274695,86378.78261838452,105513.57150846577,678.719997837131,19419.460192907303,2.739108620551423,2.7391086205514217,105.55596957533363,49833.7447111519,3685.3556006520707,10640.880626016266,1,0.0003801212629246337,0.00033397127486206455,4,1
354,4,0.01,0.01009588260640783,0,156.49944255464877,1.565104574083563,0.009427484757238678,999.5852702079794,9.995852702079794,0.0,160.79455088046365,29.08693902335055,42632.91770840799,86362.56929369378,105876.37278427943,676.4811408609847,19083.8943069137,3.003114991791004,3.0031149917910063,105.55596957533363,49833.7447111519,3685.3556006520707,10657.143962891896,1,0.00041902779553577824,0.0003692572770683739,4,1
355,4,0.01,0.0099956618083897,0,158.06857317580034,1.569882309704533,0.006403601452827318,656.9142318717691,6.569142318717691,0.0,158.73035413822626,29.100077307987984,42644.51318832619,86361.65223695728,106038.09605041897,675.4525189240229,19110.007079209514,2.9169446253527274,2.9169446253527282,105.55596957533363,49833.7447111519,3688.6401718114294,10658.129334239704,1,0.00027500323956926233,0.00035805076600989137,4,1
356,4,0.01,0.01006988446417544,0,156.90348837873944,1.5343569735191462,0.028887991443578374,574.0616991741693,5.740616991741693,0.0,156.80016506764406,29.100077307987984,42716.471808224174,86352.19889588008,104837.53213675086,683.2668925556433,19381.53409874742,2.560683786384506,2.560683786384506,105.55596957533363,49833.7447111519,3688.6401718114294,10667.626926592957,1,0.0002369520168008866,0.00031032768396864236,4,1
357,4,0.01,0.01008592814772803,0,156.65390203636468,1.5649010742897418,0.009556282095100179,963.7737321957883,9.637737321957884,0.0,157.88081004925476,29.100077307987984,42825.418203858215,86338.51704614151,105880.56917311282,676.5959261748773,19664.527775223327,2.49288214730534,2.492882147305341,105.55596957533363,49833.7447111519,3688.6401718114294,10681.351542914457,1,0.0003920861942731673,0.00030134715021443875,4,1
358,4,0.01,0.010031422283629306,0,157.50508306070094,1.5545213920417893,0.01612570123937391,277.38653597962184,2.7738653597962184,0.0,154.76617805902498,29.105625038707576,42825.41531134106,86338.11527581922,105529.61047295852,678.8559553648241,18803.099068303767,2.118262610307084,2.1182626103070827,105.55596957533363,49833.7447111519,3690.0271044913275,10681.79677803379,1,0.00011801736935895216,0.00024901852681100204,4,1
359,4,0.01,0.00998335119126672,0,158.26348985720944,1.5684787140456333,0.007291953135675155,944.5647964172372,9.445647964172371,0.0,155.85158566225937,29.105625038707576,42906.39811731841,86328.10194342186,106006.15430440822,675.853317964276,19052.667935677222,2.5049128734827386,2.5049128734827413,105.55596957533363,49833.7447111519,3690.0271044913275,10691.851650304649,1,0.0003966120858689759,0.0003022385498336985,4,1
360,4,0.01,0.010155331028073646,0,155.5833084743579,1.5604929690458595,0.01234622212287375,601.384738367608,6.0138473836760795,0.0,155.25673761978942,29.105625038707576,42941.9657004384,86323.68220641966,105738.34577166446,677.5957845956628,19366.347528547733,2.1493793003226473,2.1493793003226456,105.55596957533363,49833.7447111519,3690.0271044913275,10696.307848897206,1,0.0002484246396925855,0.0002543513649735045,4,1
361,4,0.01,0.009888284890692737,0,159.78504032455228,1.577558311101693,0.0015453727204474568,1111.6171716744498,11.116171716744498,0.0,156.3604668951793,29.105625038707576,43021.044901249064,86313.30433206513,106318.96054036976,673.9463117919335,19702.882955817786,2.957540461061947,2.957540461061949,105.55596957533363,49833.7447111519,3690.0271044913275,10706.736158117597,1,0.0004513520885921788,0.00036546293805124675,4,1
362,4,0.01,0.0099514877940088,0,158.77022940742833,1.5431498433612925,0.02332288394854912,843.3940809912259,8.43394080991226,0.0,155.85135625476696,29.105625038707576,43175.48726720184,86293.64001519547,105163.81467586705,681.4880300075007,19913.488568996283,2.812924301338815,2.8129243013388137,105.55596957533363,49833.7447111519,3690.0271044913275,10726.45008446235,1,0.0003388232365490489,0.0003461999882779377,4,1
363,4,0.01,0.010099438570940476,0,156.44433984144408,1.545355209178145,0.02192708279864241,483.5905449708027,4.835905449708027,0.0,152.5452740502499,29.105625038707576,43213.10489340422,86288.31121627332,105241.2714964889,681.0167065244411,20298.892368936755,2.6608198565137395,2.6608198565137386,105.55596957533363,49833.7447111519,3690.0271044913275,10731.826735639594,1,0.00019058795373912626,0.00032692109296011794,4,1
364,4,0.01,0.010017889348896263,0,157.71785302999768,1.5684671835086774,0.007299250943875095,982.6371506677505,9.826371506677505,0.0,153.57786259637996,29.105625038707576,43309.867781631445,86276.27198598078,106029.64889902688,676.0080798237516,20249.46934250452,2.50971093523438,2.5097109352343776,105.55596957533363,49833.7447111519,3690.0271044913275,10743.910203765818,1,0.00038821250435640893,0.00030587456488152803,4,1
365,5,0.01,0.01004775731443072,0,157.24902090646472,1.6063770425659636,0.016694330737951592,1027.7494866712573,10.277494866712573,0.0,200.74241480348277,29.385137395150206,41223.47239668484,86268.10607414292,108396.80413156495,674.7905458012283,20620.96315258427,2.7339565486578037,2.7339565486578077,103.10481576292135,49730.63989538898,3690.0271044913275,10752.124041675117,1,0.00039872026502989303,0.0003258402410418094,7,1
366,5,0.01,0.009986772391378072,0,158.2092730344059,1.552691430121988,0.017283904986083544,869.1803952818973,8.691803952818972,0.0,199.33020245304294,29.385137395150206,41349.12818820686,86252.25034311958,106580.01711700301,686.4211075643632,20878.071841573645,3.0737697369476127,3.073769736947616,103.10481576292135,49730.63989538898,3690.0271044913275,10768.036284696365,1,0.0003330500639627589,0.0003733276111163536,7,1
367,5,0.01,0.010181967574213418,0,155.1762946094492,1.5511329929489257,0.018270257627262258,511.9409449938987,5.1194094499389875,0.0,196.23614044981196,29.385137395150206,41387.40712626666,86247.46356961444,106528.80291560845,686.7805881240523,20836.264260936074,2.6026888215640747,2.6026888215640764,103.10481576292135,49730.63989538898,3690.0271044913275,10772.870918328612,1,0.00019655767025519562,0.00030944266641594917,7,1
368,5,0.01,0.009985139717034047,0,158.23514189837675,1.5489066351750278,0.019679344825931814,789.4023729191018,7.8940237291910185,0.0,196.19595408038035,29.385137395150206,41490.81976670949,86234.09803982615,106458.52070863165,687.3139948593592,20742.971259769965,2.374775711916839,2.3747757119168376,103.10481576292135,49730.63989538898,3690.0271044913275,10786.279899948082,1,0.0003044510308704371,0.00027801958836279724,7,1
369,5,0.01,0.009916430131937652,0,159.331531506618,1.5518682820008534,0.017804884809586526,610.8794635079425,6.108794635079426,0.0,195.25952798225168,29.385137395150206,41539.82886019699,86227.39031097511,106563.21933839732,686.6769594710921,21061.80586262298,2.122118749728618,2.122118749728619,103.10481576292135,49730.63989538898,3690.0271044913275,10793.027006279579,1,0.00023203308111087695,0.0002443472607455032,7,1
370,5,0.01,0.00993586685097608,0,159.01984433746554,1.5864640763645448,0.004091187572496654,1273.8907891181777,12.738907891181778,0.0,197.09720679699785,29.385137395150206,41767.86603406311,86199.00176867847,107755.75706097501,679.2196474306703,21324.281873051517,2.80572757064357,2.8057275706435716,103.10481576292135,49730.63989538898,3690.0271044913275,10821.467021250612,1,0.0004779118177866717,0.00033813197658932854,7,1
371,5,0.01,0.010215429823406308,0,154.66799021807122,1.562119808189976,0.011316577094951886,910.8485312250325,9.108485312250325,0.0,196.30129997000773,29.403354365774707,41783.717688989585,86197.71796654291,106927.74921775999,684.5041504316938,21641.510961382955,2.8779227904094946,2.877922790409499,103.10481576292135,49730.63989538898,3694.5813471474526,10822.833294047448,1,0.0003367042284063614,0.00034888304243463667,7,1
372,5,0.01,0.010086694706315479,0,156.6419968089974,1.5622808054771398,0.011214680077759685,766.2080088865727,7.662080088865727,0.0,193.9138048844743,29.403354365774707,41840.00796513524,86190.73438939205,106936.44401212108,684.4892649081826,21630.876822088798,2.998990505219722,2.9989905052197194,103.10481576292135,49730.63989538898,3694.5813471474526,10829.873674693205,1,0.00028337566347902984,0.0003659972365573543,7,1
373,5,0.01,0.009963064197109352,0,158.58574919736196,1.5624437158851945,0.011111572224560497,756.2001427619165,7.562001427619165,0.0,192.87195392277496,29.403354365774707,41892.73625516561,86183.86728544408,106945.20464911565,684.4739657615532,21682.16867703014,2.512474811792497,2.5124748117924987,103.10481576292135,49730.63989538898,3694.5813471474526,10836.78844540589,1,0.0002790127330991672,0.00029969754166151943,7,1
374,5,0.01,0.009908587929307353,0,159.45763526271173,1.5767103320736695,0.0020820683078041544,1105.1380519852146,11.051380519852145,0.0,193.98070708890506,29.403354365774707,41971.548373040554,86173.75978242733,107436.26752376511,681.3950878501969,21337.425095995615,2.7085487428170447,2.708548742817046,103.10481576292135,49730.63989538898,3694.5813471474526,10846.94599547044,1,0.0004143472971132268,0.00032557856456380795,7,1
375,5,0.01,0.00982702824120251,0,160.78105824255363,1.5524447972392066,0.017440001747337647,493.5374174821886,4.935374174821886,0.0,190.93440032597303,29.403354365774707,42004.13181679216,86169.31463116116,106609.6879259903,686.7212806251139,21435.34716475782,2.4605077988273076,2.4605077988273063,103.10481576292135,49730.63989538898,3694.5813471474526,10851.437654935284,1,0.00018419572631643533,0.0002925185855096098,7,1
376,5,0.01,0.010075935579642994,0,156.80925979639719,1.5544180839205342,0.01619108612624425,667.7200828458482,6.677200828458482,0.0,189.72579042241264,29.403354365774707,42061.67926627975,86162.14673186901,106680.60447825953,686.3057344854803,20786.98901823317,2.4149040171018616,2.414904017101862,103.10481576292135,49730.63989538898,3694.5813471474526,10858.649712365659,1,0.0002569761622561736,0.00028517306189527856,7,1
377,5,0.01,0.00992779425942125,0,159.14914821090457,1.5614578823456504,0.011735517502752946,944.8297698709852,9.448297698709851,0.0,190.77730925977113,29.422250961172125,42073.36500785538,86160.77540767637,106922.27263852357,684.7592486958598,21236.12976910842,2.267523867286617,2.267523867286618,103.10481576292135,49730.63989538898,3699.3054959968076,10860.091338408298,1,0.00035593294263831505,0.00026570161040364134,7,1
378,5,0.01,0.010051154312583204,0,157.19587530578178,1.5559052358989645,0.015249850696857983,426.3901210037403,4.263901210037403,0.0,188.03755541885258,29.422250961172125,42092.71473258155,86157.73379159442,106733.68963211562,685.9909406400801,20910.492229876887,2.2165871038588425,2.2165871038588425,103.10481576292135,49730.63989538898,3699.3054959968076,10863.173736896902,1,0.00016312963513867535,0.0002586795800110547,7,1
379,5,0.01,0.009976300774130777,0,158.37533728905277,1.5645311182095503,0.009790431512942914,1177.7803140326755,11.777803140326755,0.0,189.73227721540536,29.445806567452777,42110.90170460958,86156.04302833609,107029.5953011935,684.1001374499868,20201.66853120308,2.7407858990031944,2.7407858990031952,103.10481576292135,49730.63989538898,3705.194397566971,10864.948126124242,1,0.00046640912346957895,0.0003284905670821898,7,1
380,5,0.01,0.010100528285407685,0,156.4274615499705,1.5586866573070504,0.013489457400601082,601.2871504364103,6.012871504364104,0.0,187.99067076080647,29.445806567452777,42149.66673972597,86151.24588365326,106831.99317823627,685.3974958816314,20486.1901006477,2.4381816448868934,2.4381816448868907,103.10481576292135,49730.63989538898,3705.194397566971,10869.789105325153,1,0.00023480682254038048,0.0002881151937162116,7,1
381,5,0.01,0.009965161761406039,0,158.55236852442917,1.607320917229626,0.01729171976558596,1607.6183039787443,16.076183039787445,0.0,190.50085419448854,29.445806567452777,42365.04151370724,86126.50180523325,108494.79333233873,675.003928396204,20476.009335219107,3.5742464911769014,3.5742464911769076,103.10481576292135,49730.63989538898,3705.194397566971,10894.692302914547,1,0.00062809828913825,0.00044310474504940313,7,1
382,5,0.01,0.009984952832143726,0,158.23810353050823,1.580839914201695,0.0005315912668954586,663.6001789278642,6.636001789278643,0.0,187.49839260760936,29.459078571031334,42376.40834489572,86125.58083917537,107599.15245126597,680.6454688082837,20579.20139454377,3.0600147657917134,3.0600147657917116,103.10481576292135,49730.63989538898,3708.5123984616102,10895.687703182939,1,0.00025796926370672744,0.00037362479179511924,7,1
383,5,0.01,0.009958024704993606,0,158.666005237734,1.5460822262409104,0.021466945417145358,754.0813574628737,7.5408135746287375,0.0,184.80344777916883,29.459078571031334,42475.13880318062,86112.65879459461,106417.3968315846,688.3036039443004,20837.154777133495,3.1842983707156165,3.184298370715614,103.10481576292135,49730.63989538898,3708.5123984616102,10908.668464557592,1,0.00028951413588976005,0.0003918605629115791,7,1
384,5,0.01,0.010073189904550755,0,156.8520016967222,1.5362802706550756,0.02767071477526868,605.5956890469722,6.055956890469722,0.0,183.6290652012482,29.459078571031334,42549.73893371861,86102.70385025466,106084.5414392675,690.5285673819964,20721.13714514402,2.224602246289778,2.2246022462897797,103.10481576292135,49730.63989538898,3708.5123984616102,10918.664438883123,1,0.00023380789762839557,0.00026043043240829436,7,1
385,5,0.01,0.009861276848088196,0,160.22265922960216,1.5433962591025434,0.023166924618643454,543.9701268716486,5.439701268716487,0.0,182.32452930484973,29.459078571031334,42603.12264241418,86095.75438251691,106332.80668423208,688.9533783505648,20397.70632953606,2.1188125126833097,2.118812512683312,103.10481576292135,49730.63989538898,3708.5123984616102,10925.652204152288,1,0.00021334560585725272,0.0002455558797918028,7,1
386,5,0.01,0.010040770506961392,0,157.35844165590342,1.53908714543322,0.025894211751126623,703.6027042814458,7.036027042814458,0.0,182.5507481594749,29.459078571031334,42699.86524007993,86082.85651877717,106190.3384103348,689.9566325755031,19890.810944927285,2.1116568106265405,2.1116568106265388,103.10481576292135,49730.63989538898,3708.5123984616102,10938.587346169923,1,0.00028298603057644935,0.00024337984468736587,7,1
387,5,0.01,0.0098003250045481,0,161.2191431678806,1.5687631902481358,0.007111904906243197,1057.5800886453167,10.575800886453166,0.0,183.98568187473074,29.459078571031334,42861.3513564747,86062.62185361638,107217.06413499959,683.44964237745,19431.302142857337,2.6128461721843075,2.6128461721843093,103.10481576292135,49730.63989538898,3708.5123984616102,10958.866186253597,1,0.0004354129562167577,0.00031058153088348657,7,1
388,5,0.01,0.009974682881522976,0,158.40102575358858,1.582187476495948,0.001384478794903779,1256.9749657980772,12.569749657980772,0.0,185.2835548710796,29.459078571031334,42941.45862482055,86052.80176713574,107678.70807412484,680.5685778312416,19481.457522133533,3.3512677419558377,3.351267741955838,103.10481576292135,49730.63989538898,3708.5123984616102,10968.742612940232,1,0.000516172864117579,0.0004115239503035954,7,1
389,5,0.01,0.010024084670971224,0,157.6203765093412,1.5579474370826716,0.013957318302106638,386.8966754007193,3.868966754007193,0.0,180.42056851473708,29.459078571031334,42955.09628193278,86050.38911873009,106853.0529505381,685.857882026016,19522.669887915257,3.0386304529127495,3.0386304529127517,103.10481576292135,49730.63989538898,3708.5123984616102,10971.207431099054,1,0.000158542526251581,0.0003700427821953059,7,1
390,5,0.01,0.010023956350263315,0,157.62239427134932,1.575397479049112,0.002912987943599986,1145.0580774998261,11.450580774998262,0.0,181.54222735443233,29.459078571031334,43098.062652485554,86032.51887747704,107457.0463425013,682.0948222372482,19060.457128348302,3.158914569228216,3.158914569228216,103.10481576292135,49730.63989538898,3708.5123984616102,10989.129856917983,1,0.0004806004682004401,0.0003851052861898667,7,1
391,5,0.01,0.009992709970430039,0,158.11526649682241,1.5794277845112026,0.00036216170177056294,561.3229834235642,5.613229834235642,0.0,179.74340214167535,29.470305030699805,43107.28477747162,86031.73523144561,107594.62070820622,681.2253258005356,19545.36719314521,2.449972591286951,2.4499725912869517,103.10481576292135,49730.63989538898,3711.319013378728,10989.971841393119,1,0.00022975182932165195,0.0002896316079245577,7,1
392,5,0.01,0.010009465581299101,0,157.85058524522506,1.5601228217143566,0.012580492585850318,951.4691820878938,9.514691820878939,0.0,179.710793369339,29.470305030699805,43235.70680074446,86015.14453107613,106943.56866173937,685.4817272926202,19772.23133021478,2.9970391942203753,2.997039194220371,103.10481576292135,49730.63989538898,3711.319013378728,11006.614437364415,1,0.00038497189971024214,0.0003651080657441114,7,1
393,5,0.01,0.010012429273970462,0,157.8038612574834,1.558142355909656,0.0138339519559139,977.1678795983155,9.771678795983155,0.0,180.38860950894707,29.470305030699805,43394.33217580267,85994.78015028856,106885.04755683796,685.9774214560621,19497.432503161846,2.809148642380335,2.8091486423803333,103.10481576292135,49730.63989538898,3711.319013378728,11027.026823875862,1,0.0004009421771568542,0.00033855530206291606,7,1
394,5,0.01,0.010155474769475665,0,155.58110633576777,1.5624721145818297,0.011093598365930638,563.481855705138,5.634818557051379,0.0,177.8157184563709,29.48157466781391,43404.00473564603,85993.99911362634,107033.67505330594,685.027745803654,18920.071307656366,2.835188033425481,2.83518803342548,103.10481576292135,49730.63989538898,3714.1364226572537,11027.872046659419,1,0.0002382578148009894,0.00034139063055602857,7,1
395,5,0.01,0.010095038970496377,0,156.5125211123688,1.5588069259620951,0.013413337998674009,675.7195938444125,6.757195938444125,0.0,176.81665949178236,29.48157466781391,43453.06917184441,85987.90204862358,106911.00962433788,685.8515178738537,19008.08239222352,2.586938160835413,2.58693816083541,103.10481576292135,49730.63989538898,3714.1364226572537,11034.012239976362,1,0.00028439253572295505,0.0003078641758935995,7,1
396,5,0.01,0.010234093710157263,0,154.38592265691898,1.559591417364171,0.012916824453056405,759.8337787987741,7.598337787987742,0.0,177.0394449551917,29.48157466781391,43532.76578511921,85980.62654306176,106941.188154448,685.7000299167254,19077.354646442473,2.38584529344139,2.38584529344139,103.10481576292135,49730.63989538898,3714.1364226572537,11041.46293142956,1,0.00031863276345411645,0.00028042770465935363,7,1
397,5,0.01,0.009846151040527803,0,160.46879572500487,1.5936487760721054,0.008638465868421107,1388.2833233338636,13.882833233338635,0.0,179.3140642267922,29.48157466781391,43706.52881521434,85959.28216773306,108110.65594232024,678.3844568863066,19309.54031333554,3.205891401698239,3.2058914016982403,103.10481576292135,49730.63989538898,3714.1364226572537,11062.860313311123,1,0.0005751699111656588,0.0003927317367809101,7,1
398,5,0.01,0.010128346742175413,0,155.99781881683884,1.5474716123220398,0.020587587137949552,719.5468545614773,7.195468545614773,0.0,176.88882663936417,29.48157466781391,43791.3431495192,85948.60179399949,106539.9950507757,688.4778641652005,19213.04963604414,3.2400095243049734,3.2400095243049716,103.10481576292135,49730.63989538898,3714.1364226572537,11073.595721621072,1,0.00029960755556956054,0.0003978034100631119,7,1
399,5,0.01,0.010059247362650405,0,157.0694051988898,1.5616818413323246,0.011593771308655378,979.8912488237996,9.798912488237997,0.0,176.02956168012759,29.48157466781391,43928.04325292504,85931.44128527188,107035.11073928987,685.3835903475355,19508.05867446383,3.435792414002599,3.435792414002597,103.10481576292135,49730.63989538898,3714.1364226572537,11090.814895063713,1,0.00040184059938531286,0.00042553935537351074,7,1
400,5,0.01,0.00995577909852977,0,158.7017936379613,1.5584539626698308,0.013636732487448887,648.8729285650157,6.488729285650158,0.0,174.36105457079452,29.48157466781391,43970.569890619365,85925.61285865039,106927.28066780914,686.1112565983601,19553.102405128004,2.678343497112707,2.6783434971127074,103.10481576292135,49730.63989538898,3714.1364226572537,11096.689282981637,1,0.0002654813195863352,0.0003223098248470695,7,1
401,5,0.01,0.010115089207048575,0,156.20228034163026,1.5636039414775027,0.010377252229428714,731.4424267956069,7.31442426795607,0.0,173.39058391271675,29.496203516349823,43983.37458550186,85924.583771824,107104.07465872678,684.9821225029689,19616.84823205931,2.672277766703342,2.672277766703345,103.10481576292135,49730.63989538898,3717.793634791232,11097.78644662183,1,0.0002982915168198037,0.00032187114526381725,7,1
402,5,0.01,0.010024876379272058,0,157.6079285393372,1.578535673465575,0.0009267889458385851,1166.4076113974277,11.664076113974277,0.0,175.01032285509558,29.496203516349823,44067.43060391451,85914.18734998275,107618.21361581211,681.759781706695,19281.239856244312,2.880772240579498,2.880772240579499,103.10481576292135,49730.63989538898,3717.793634791232,11108.230896689583,1,0.0004839554385895704,0.0003492427583319031,7,1
403,5,0.01,0.00993895171691898,0,158.9704875324408,1.5830608435956202,0.0019372427820380307,600.4375895153445,6.004375895153445,0.0,172.521919386035,29.50821226814013,44077.251463958324,85913.35245252655,107772.59251235069,680.78616781125,19614.279087763145,2.8204306053467567,2.8204306053467554,103.10481576292135,49730.63989538898,3720.7958227388085,11109.131553073856,1,0.00024489815275033686,0.00034238170271990364,7,1
404,5,0.01,0.010094452870559194,0,156.521608477476,1.557332997606352,0.01434620404661276,736.6441335378453,7.366441335378453,0.0,171.23889308999148,29.522945150810887,44090.514347185366,85912.31814453333,106895.11476523468,686.3985732629717,19409.930569516884,2.834352551384077,2.834352551384076,103.10481576292135,49730.63989538898,3724.4790434064976,11110.236519274162,1,0.00030361536055970777,0.0003441563172998717,7,1
405,5,0.01,0.010002764453986415,0,157.9563336983628,1.5681691074014525,0.007487906707941472,1556.2970504177893,15.562970504177892,0.0,174.30685810616552,29.554071091819242,44116.382632841094,85910.08539648505,107266.93052406187,684.0265505664081,19819.77556400836,3.184288937535569,3.1842889375355683,103.10481576292135,49730.63989538898,3732.2605286585867,11112.570964849789,1,0.0006281794848349103,0.0003922309993816516,7,1
406,5,0.01,0.010197189874572918,0,154.94464842120772,1.560315132058159,0.012458777178380443,572.0061255595731,5.720061255595731,0.0,170.77667345152923,29.554071091819242,44148.53919365493,85906.09905936863,107000.23854577362,685.7604361282662,19297.99068168466,3.1673783155125106,3.1673783155125133,103.10481576292135,49730.63989538898,3732.2605286585867,11116.61093033997,1,0.00023712567178403823,0.0003896401723928854,7,1
407,5,0.01,0.009972217460179665,0,158.440187080671,1.563966260986231,0.010147936084663944,812.6342532795883,8.126342532795883,0.0,169.00364512487025,29.554071091819242,44207.79650263538,85898.39527937814,107128.72385294226,684.9810416331316,19614.397792351585,3.2265847140227684,3.2265847140227644,103.10481576292135,49730.63989538898,3732.2605286585867,11124.370050907439,1,0.0003314439777891997,0.0003989163781360494,7,1
408,5,0.01,0.009919699650678718,0,159.27901606294043,1.554640324488377,0.016050427539001894,801.3541499203329,8.01354149920333,0.0,169.1505222776956,29.554071091819242,44295.325520843115,85886.7546142428,106814.70107931927,687.070182065883,19420.666123174597,2.504680209281209,2.504680209281211,103.10481576292135,49730.63989538898,3732.2605286585867,11136.053459394603,1,0.00033010367196996626,0.00029955777384773474,7,1
409,5,0.01,0.010038432165463127,0,157.39509656058985,1.5423123345315979,0.02385295282810265,826.0901122206135,8.260901122206135,0.0,168.77025050661888,29.554071091819242,44434.53441989771,85868.68459495141,106399.16424204732,689.8678163937584,19732.424069280558,2.7369125627110944,2.7369125627110904,103.10481576292135,49730.63989538898,3732.2605286585867,11154.17133115328,1,0.00033491682899990815,0.0003321548262530247,7,1
410,5,0.01,0.009995061487576408,0,158.07806704980229,1.5714012996338698,0.00544221542160146,917.3099245957544,9.173099245957545,0.0,168.82464797920156,29.554071091819242,44486.69611142419,85862.30832525832,107399.35508282382,683.4623027729928,20076.520439854365,2.8145925008381676,2.814592500838168,103.10481576292135,49730.63989538898,3732.2605286585867,11160.596729386874,1,0.0003655254613841476,0.00034351532078467396,7,1
411,5,0.01,0.009988486821730334,0,158.18211789223668,1.5360284961677675,0.0278300657166029,497.3571191294013,4.973571191294013,0.0,166.1984916097858,29.554071091819242,44539.22081080886,85855.26343445572,106188.71955259184,691.3199840857231,20053.213502041195,2.48972660958925,2.489726609589248,103.10481576292135,49730.63989538898,3732.2605286585867,11167.686108764257,1,0.0001984149299876654,0.0002996190734572404,7,1
412,5,0.01,0.009902859695408519,0,159.54987231946447,1.5695693285050536,0.0066016908195863765,898.4922589385712,8.984922589385713,0.0,166.75459938770305,29.554071091819242,44593.44160370039,85847.8552032001,107343.56385075902,683.904571153917,20111.791969890422,2.5445618367910563,2.544561836791057,103.10481576292135,49730.63989538898,3732.2605286585867,11175.138869828861,1,0.00035739918562551306,0.00030711319233244204,7,1
413,5,0.01,0.009990196690404813,0,158.15504428631795,1.5346383875854952,0.028709881275003082,525.6660667501421,5.256660667501421,0.0,165.2165885697442,29.554071091819242,44653.84349095287,85839.87194407995,106147.8127759963,691.679640198514,20344.80020935198,2.1518681511675775,2.1518681511675792,103.10481576292135,49730.63989538898,3732.2605286585867,11183.161151123662,1,0.00020670286710744185,0.0002541723275735401,7,1
414,5,0.01,0.01008639326633139,0,156.64667818119645,1.5445135307366715,0.02245979067299275,620.7690824713853,6.207690824713853,0.0,164.20993673994806,29.554071091819242,44716.86385628117,85831.35732362632,106492.13678906854,689.4865902422754,20210.013029982518,2.2671538127829756,2.2671538127829747,103.10481576292135,49730.63989538898,3732.2605286585867,11191.716332627528,1,0.0002457273358707666,0.0002699431295345738,7,1
415,5,0.01,0.01004373656160973,0,157.31197152653814,1.5310607031472026,0.03097423851442881,748.8410606196622,7.488410606196623,0.0,164.63475325700327,29.554071091819242,44853.022299771794,85813.64274229443,106036.07014728375,692.5660748089164,20468.818430275925,2.1066680701927787,2.106668070192776,103.10481576292135,49730.63989538898,3732.2605286585867,11209.469379730388,1,0.00029267583301712555,0.00024836867866511136,7,1
416,5,0.01,0.01002144501343037,0,157.66189385687818,1.555031547457662,0.01580281806477098,827.8871740117686,8.278871740117687,0.0,165.02894249100814,29.554071091819242,44947.20081818217,85801.30295663599,106867.32090874673,687.2357096771785,20114.53129613016,2.4107992371982054,2.4107992371982068,103.10481576292135,49730.63989538898,3732.2605286585867,11221.851758318262,1,0.0003292692876899582,0.0002892241521926168,7,1
417,5,0.01,0.00983369426851799,0,160.67206858955132,1.5635275561559194,0.010425597369671292,829.8616756118657,8.298616756118658,0.0,164.7928411464129,29.554071091819242,45014.57569473701,85792.60712200109,107162.47831611011,685.3891247019606,20498.955346038518,2.5948977991643485,2.5948977991643485,103.10481576292135,49730.63989538898,3732.2605286585867,11230.594081102601,1,0.00032386496252248835,0.0003152700277431907,7,1
418,5,0.01,0.009950989914520772,0,158.77817318399835,1.5657861570287352,0.00899610314637014,830.1874656737915,8.301874656737915,0.0,164.25749657836167,29.554071091819242,45069.384261566636,85785.2141902687,107243.1522661589,684.915700555595,20908.711074046834,2.6489656104435513,2.6489656104435473,103.10481576292135,49730.63989538898,3732.2605286585867,11238.035357227678,1,0.00031764271369334507,0.0003235923213019306,7,1
419,5,0.01,0.010198525959497029,0,154.92434948686667,1.5641229757874522,0.010048749501612586,785.985283776297,7.85985283776297,0.0,163.54537429858954,29.554071091819242,45121.82887378129,85778.6431671476,107189.27971191243,685.2995664100412,20921.57656829386,2.5776519580146013,2.577651958014605,103.10481576292135,49730.63989538898,3732.2605286585867,11244.653507887506,1,0.0003005453365182578,0.0003140176709113638,7,1
420,5,0.01,0.009929503028640355,0,159.12176021727336,1.567252814801103,0.00806783873347922,1001.4339965432083,10.014339965432084,0.0,164.18776534880374,29.554071091819242,45235.85768720619,85764.06232294717,107302.98678094025,684.6565261684209,20792.835304929416,2.7300372798249297,2.7300372798249333,103.10481576292135,49730.63989538898,3732.2605286585867,11259.283818161313,1,0.000385299640710681,0.00033449589697409464,7,1
421,5,0.01,0.010044364763146409,0,157.30213281353028,1.546668470775201,0.021095904572657653,595.8756663497563,5.958756663497564,0.0,162.17467920412724,29.554071091819242,45293.51988213154,85756.68754240219,106600.43712633157,689.2261602313694,20412.48024296208,2.5271432458941367,2.5271432458941354,103.10481576292135,49730.63989538898,3732.2605286585867,11266.704227513885,1,0.00023353386134649875,0.0003064596128584792,7,1
422,5,0.01,0.010123499422404396,0,156.07251347328472,1.5340065622664631,0.029109770717428433,437.63971521332047,4.376397152133205,0.0,159.76634523744588,29.554071091819242,45335.562700836395,85750.73628474501,106166.54645457343,692.0866511660455,20114.932997278203,2.2192711841105517,2.2192711841105504,103.10481576292135,49730.63989538898,3732.2605286585867,11272.695317069973,1,0.00017405564921246856,0.0002642963837565494,7,1
423,5,0.01,0.010023373813080296,0,157.63155494990446,1.555185081249608,0.015705644778729176,550.3411341911092,5.503411341911092,0.0,159.3868881353832,29.554071091819242,45370.47118980988,85745.95570711384,106898.000112143,687.365133584289,20532.22224975176,1.7969224111694748,1.7969224111694733,103.10481576292135,49730.63989538898,3732.2605286585867,11277.508318001044,1,0.00021443022679058053,0.00020733991244984928,7,1
424,5,0.01,0.010084828271861841,0,156.67098709141464,1.561138158955507,0.01193787407879315,801.3242068006988,8.013242068006988,0.0,160.34291376203547,29.554071091819242,45437.443759194575,85737.59472493903,107105.88722369174,686.0756468559571,19685.5456307755,2.0350302872427752,2.035030287242773,103.10481576292135,49730.63989538898,3732.2605286585867,11285.904331110492,1,0.0003256497825685642,0.0002380452195238711,7,1
425,5,0.01,0.010048560991009195,0,157.23644424447264,1.5557139673706701,0.015370906727424008,451.29780751191083,4.512978075119109,0.0,158.55828325224857,29.554071091819242,45460.804987614916,85734.26239395417,106921.47337111071,687.2823386153684,20076.793313825005,2.040039753298672,2.0400397532986734,103.10481576292135,49730.63989538898,3732.2605286585867,11289.27268474864,1,0.00017982864114107083,0.0002399695501667385,7,1
426,5,0.01,0.01005978637661606,0,157.0609892544741,1.5523500068556688,0.01749999566096915,453.2742189319494,4.532742189319494,0.0,157.01812658441708,29.554071091819242,45484.694883470984,85730.41626480751,106807.73816161834,688.0390227070027,20121.52161655938,1.953347352949666,1.9533473529496674,103.10481576292135,49730.63989538898,3732.2605286585867,11293.153452218134,1,0.00018021468855870977,0.00022856437075611494,7,1
427,5,0.01,0.009831011486044337,0,160.71591435356342,1.5149850743941682,0.04114868709229866,405.0583142960223,4.050583142960223,0.0,156.17173066031205,29.554071091819242,45540.64300296882,85722.86043610895,105519.8987715161,696.5078439054112,20190.34331904843,1.5489718222405597,1.5489718222405597,103.10481576292135,49730.63989538898,3732.2605286585867,11300.737510219687,1,0.0001604958599842621,0.00017351306322801425,7,1
428,5,0.01,0.01001832850269869,0,157.7109394620457,1.5612516197083524,0.0118660634757264,977.4819631022667,9.774819631022668,0.0,157.96543261822023,29.554071091819242,45676.92863095446,85705.27245797477,107124.59293526519,686.1455999980097,19855.562095606325,2.0777831576772323,2.077783157677234,103.10481576292135,49730.63989538898,3732.2605286585867,11318.361538164758,1,0.00039383703504160814,0.00024484919452819336,7,1
429,5,0.01,0.010145849615203284,0,155.72870286115935,1.5730326916374384,0.004409688837064337,1055.272830010444,10.552728300104441,0.0,159.18147517248977,29.554071091819242,45765.622535431416,85695.53465240824,107531.83540074935,683.5956809569849,19960.818936842526,2.6691015152009046,2.6691015152009006,103.10481576292135,49730.63989538898,3732.2605286585867,11328.211969659616,1,0.00042293768942022015,0.00032575686148203015,7,1
430,5,0.01,0.010164293244147747,0,155.44612518039168,1.5796026455718584,0.0002514901443934843,985.3418675852818,9.853418675852819,0.0,158.73244449066328,29.573777929170948,45792.670037053635,85694.21038920544,107756.53488106697,682.1749455987789,19828.55498778909,3.247035136533107,3.2470351365331074,103.10481576292135,49730.63989538898,3737.187237996513,11329.689982460994,1,0.0003975445989653122,0.00040477310780904683,7,1
431,5,0.01,0.010164293244147747,1,155.44612518039168,1.5869776326709926,0.0044162232094889205,1118.2121726087992,11.182121726087992,0.0,159.05848998901917,29.596142172623125,45836.2297150654,85692.78535364676,108008.25380426663,680.5909017285978,19745.951248759968,3.3929196733494957,3.392919673349495,103.10481576292135,49730.63989538898,3742.778298859557,11331.367300719907,1,0.0004530395759703994,0.0004245072881186439,7,1
432,5,0.01,0.00995089833051284,0,158.77963451351746,1.5444835201960783,0.02247878468602646,510.68600911003375,5.106860091100337,0.0,155.71298176315548,29.596142172623125,45879.82011892387,85686.78866258432,106557.31133123979,689.92197027594,19496.97964151098,2.8711547569648994,2.871154756964901,103.10481576292135,49730.63989538898,3742.778298859557,11337.413612467868,1,0.00020954466527635209,0.00035337628007068786,7,1
433,5,0.01,0.010035293086266673,0,157.44433036661724,1.5674718302302435,0.007929221373263651,774.5224733125507,7.745224733125507,0.0,155.07483326609557,29.596142172623125,45921.83970324878,85681.64447240105,107348.57635717698,684.8517101669936,19811.948899435934,2.659010292712812,2.6590102927128125,103.10481576292135,49730.63989538898,3742.778298859557,11342.603739101174,1,0.000312749634977951,0.00032511129207490083,7,1
434,5,0.01,0.010000579439919952,0,157.99084537972,1.5597446226510787,0.012819859081595794,433.1289478592636,4.331289478592636,0.0,153.3525323380334,29.596142172623125,45938.81157843307,85679.01747466881,107085.27354324445,686.5564528200324,19945.246196542863,1.9742889616059787,1.9742889616059796,103.10481576292135,49730.63989538898,3742.778298859557,11345.265280675461,1,0.00017372719036552717,0.00023200716353994342,7,1
435,5,0.01,0.009973446928623881,0,158.4206554972871,1.5675025648766536,0.007909769065409142,903.5490146699517,9.035490146699518,0.0,154.26122446842626,29.596142172623125,46004.529185011816,85670.2878612151,107354.84106859165,684.8782482026712,20278.728611139744,2.3287838425015335,2.32878384250153,103.10481576292135,49730.63989538898,3742.778298859557,11354.036028674716,1,0.000356451938184568,0.0002809762545093487,7,1
436,5,0.01,0.010174157667123412,0,155.29541134452668,1.547050885639758,0.020853869848254467,427.7484233081173,4.277484233081173,0.0,152.32654414041474,29.596142172623125,46037.1027031663,85666.211355727,106655.10733163264,689.4091740720418,20695.85791076382,1.9610945337494776,1.9610945337494794,103.10481576292135,49730.63989538898,3742.778298859557,11358.148435505424,1,0.00016534648629787794,0.00023184187161599104,7,1
437,5,0.01,0.009987923290216775,0,158.1910427313372,1.5358703493184716,0.027930158659195264,558.6486631736412,5.586486631736412,0.0,151.2042102518325,29.596142172623125,46102.54164966683,85657.54337170627,106273.53443906695,691.9433953928785,20801.644341819043,2.057819358322674,2.0578193583226714,103.10481576292135,49730.63989538898,3742.778298859557,11366.854531846991,1,0.00021484788567432609,0.0002455487700522573,7,1
438,6,0.01,0.010089025142208313,0,156.6058145092664,1.5856678148083083,0.003587224562220409,762.8898112850213,7.628898112850213,0.0,205.9791343985458,29.807146950096044,43895.49070168621,85646.87281771279,109147.61612087162,688.3384722926126,21056.52554958341,1.98747824758496,1.98747824758496,105.28262774791705,49625.35726764106,3742.778298859557,11377.561126071352,1,0.0002898445176013816,0.00022334629652452856,10,1
439,6,0.01,0.009911436093425026,0,159.4118132939513,1.5652363396491624,0.009344088829644081,531.6548237864529,5.316548237864529,0.0,204.51309305556612,29.817780046571773,43900.9466744077,85646.10493345869,108443.59117721513,692.8256674741021,21019.553591834094,2.0755945277114303,2.0755945277114294,105.28262774791705,49625.35726764106,3745.436572978489,11378.382977178819,1,0.00020234676115785675,0.0002356797214778548,10,1
440,6,0.01,0.009902454485974072,0,159.55640111630169,1.5674481097867963,0.007944234312154302,866.1806337876866,8.661806337876866,0.0,205.03086791089822,29.817780046571773,43956.31284151015,85638.66159140355,108523.52040751203,692.357978104126,21051.31713008876,2.3541382775057653,2.354138277505763,105.28262774791705,49625.35726764106,3745.436572978489,11385.86950001032,1,0.00032916919295264435,0.0002737868239039609,10,1
441,6,0.01,0.0099938448897126,0,158.09731063831202,1.5707519172822537,0.005853216909966046,460.91920958720993,4.6091920958721,0.0,202.89888709459117,29.826998430763517,43964.757671532505,85638.02246267557,108638.00286693305,691.6305603172567,21416.306727822757,2.058117134701615,2.058117134701613,105.28262774791705,49625.35726764106,3747.7411690264253,11386.560878824701,1,0.0001721750497674417,0.00023456366795931427,10,1
442,6,0.01,0.009784305321328443,0,161.48310463654653,1.5635684628266133,0.010399707071763763,692.3338539181626,6.923338539181627,0.0,202.34507608645504,29.826998430763517,44003.44867827731,85632.80831541939,108392.1533008469,693.2357352929462,21399.666623165,2.194860678322005,2.1948606783220055,105.28262774791705,49625.35726764106,3747.7411690264253,11391.816084175322,1,0.000258820425985035,0.00025338822290170703,10,1
443,6,0.01,0.009784305321328443,1,161.48310463654653,1.5647904934117198,0.009626269992582431,959.8597760176555,9.598597760176554,0.0,203.44473528997077,29.826998430763517,44113.00012097958,85618.82005196298,108440.9921077558,693.0064603812962,21384.759858649304,2.269765541205328,2.269765541205328,105.28262774791705,49625.35726764106,3747.7411690264253,11405.846694924681,1,0.0003590818068053,0.00026335909418592556,10,1
444,6,0.01,0.010074163954329763,0,156.8368360057247,1.5537729044148143,0.01659942758556061,807.6258027079919,8.076258027079918,0.0,202.73259639194103,29.826998430763517,44205.26812676175,85607.25704377783,108064.3957926508,695.4967195373399,21382.25000247293,2.5849039631740416,2.58490396317404,105.28262774791705,49625.35726764106,3747.7411690264253,11417.458325125483,1,0.000302166816912004,0.000306689683234113,10,1
445,6,0.01,0.009978113519563028,0,158.34656489949344,1.5662134156821959,0.008725686277091277,914.4444603900868,9.144444603900867,0.0,202.3706310391174,29.826998430763517,44277.89917754469,85597.49767182587,108500.0156624571,692.7537114423051,21233.808785919013,2.7952463024625627,2.7952463024625605,105.28262774791705,49625.35726764106,3747.7411690264253,11427.269484062997,1,0.00034452395031323496,0.00033525752467684634,10,1
446,6,0.01,0.009962691896397619,0,158.59167546587562,1.5707253895930802,0.005870006586658166,587.516800306939,5.87516800306939,0.0,200.26376345636083,29.838748766769655,44287.615035319606,85596.679067629,108656.42554495337,691.759528844838,20971.66311843816,2.4675166519957936,2.4675166519957927,105.28262774791705,49625.35726764106,3750.67875302796,11428.150759263457,1,0.00022411834368649486,0.0002902697036372446,10,1
447,6,0.01,0.010009558775555894,0,157.8491155732539,1.566249649297889,0.008702753608931049,798.5349395455639,7.985349395455639,0.0,199.88131823712234,29.838748766769655,44336.892626053035,85590.6328447311,108504.50088066119,692.7663219544922,21299.42103088888,2.4560484771031788,2.45604847710318,105.28262774791705,49625.35726764106,3750.67875302796,11434.242625936196,1,0.00029992737864095417,0.0002895232242135613,10,1
448,6,0.01,0.009922607782921426,0,159.23233433850538,1.5691139752323011,0.006889889093480351,378.14655704127597,3.7814655704127595,0.0,197.3494980894048,29.84631169791048,44339.688787832325,85590.08747079046,108603.82026967281,692.1346822724872,21395.021161215504,1.9559208666991557,1.9559208666991532,105.28262774791705,49625.35726764106,3752.569485813166,11434.835792109227,1,0.0001413960955464809,0.00022181393929130997,10,1
449,6,0.01,0.009934357694221272,0,159.0440014978595,1.5495159906549114,0.019293676800689025,697.3376714358711,6.973376714358712,0.0,197.2442685130201,29.84631169791048,44411.43946660117,85580.62161771774,107928.85361250056,696.5326867448708,21647.67123025833,2.033540266753075,2.033540266753073,105.28262774791705,49625.35726764106,3752.569485813166,11444.34046271087,1,0.0002577044575441105,0.00023300931057718184,10,1
450,6,0.01,0.009911771084612438,0,159.4064256036821,1.5568175840400917,0.014672415164498943,746.954060572499,7.46954060572499,0.0,197.71706750122647,29.84631169791048,44476.460702583434,85572.011037474,108186.43624982798,694.9204412830035,21273.809145742936,1.993875424171091,1.9938754241710888,105.28262774791705,49625.35726764106,3752.569485813166,11452.988253330257,1,0.0002808915151791594,0.0002266640227565836,10,1
451,6,0.01,0.010050907872098652,0,157.1997296270205,1.5311355464099439,0.030926869360795063,822.095993757381,8.220959937573811,0.0,197.66590711761404,29.84631169791048,44648.071838334865,85549.84445460922,107301.7378904541,700.7984246858135,21478.510599750727,2.391583735220649,2.391583735220648,105.28262774791705,49625.35726764106,3752.569485813166,11475.200673546395,1,0.0003062022349974014,0.0002815994025735571,10,1
452,6,0.01,0.009924964812593038,0,159.19451905716153,1.5323831035524478,0.030137276232628032,673.7126115423861,6.737126115423861,0.0,196.39838857114324,29.84631169791048,44752.45040831941,85536.3505055883,107351.59834960406,700.5532630889506,21499.947642531122,2.372014764931351,2.372014764931354,105.28262774791705,49625.35726764106,3752.569485813166,11488.740130429112,1,0.00025068437290876006,0.0002792593743617736,10,1
453,6,0.01,0.009924964812593038,1,159.19451905716153,1.540104004545209,0.02525063003467788,517.9687801749823,5.1796878017498225,0.0,194.4360406808916,29.84631169791048,44802.80557478069,85529.50437836607,107624.47648803837,698.8130423037227,21551.31145014163,2.1522599164218015,2.152259916421805,105.28262774791705,49625.35726764106,3752.569485813166,11495.627465015175,1,0.00019227369299480037,0.00024972010030032066,10,1
454,6,0.01,0.010042236542646918,0,157.3354693737921,1.5368882132533157,0.027285940978914156,701.4299029816138,7.014299029816138,0.0,194.4012785519067,29.84631169791048,44900.615511333526,85516.23900334004,107518.24298728403,699.5840169773134,21350.798377167957,2.049732208373112,2.049732208373111,105.28262774791705,49625.35726764106,3752.569485813166,11508.931745011645,1,0.0002628210488772004,0.00023525970492692025,10,1
455,6,0.01,0.009941148185502327,0,158.93536345270388,1.5628983452612462,0.010823832113135387,1071.9982705157793,10.719982705157793,0.0,195.81651670614218,29.84631169791048,45112.65607796938,85489.4485244984,108435.17634780255,693.8082484800192,21603.673177182663,2.404192228428267,2.404192228428266,105.28262774791705,49625.35726764106,3752.569485813166,11535.76758650252,1,0.0003969688901415157,0.00028402121067117215,10,1
456,6,0.01,0.0099200799193751,0,159.27291038392457,1.562162737788722,0.011289406462834257,749.5926696880084,7.495926696880084,0.0,194.4413788311224,29.84631169791048,45163.434629085736,85482.72140419562,108412.83742278008,693.9919561533071,21674.1947751632,2.606180281624784,2.6061802816247868,105.28262774791705,49625.35726764106,3752.569485813166,11542.544150997488,1,0.0002766765464512586,0.00031215549515665824,10,1
457,6,0.01,0.0099200799193751,1,159.27291038392457,1.543975582868586,0.022800264007224135,516.2007690857392,5.162007690857393,0.0,191.6368025349717,29.84631169791048,45208.82545938007,85476.56924223267,107783.71504296444,698.09209574876,21564.38590706138,2.4295557133240036,2.4295557133240044,105.28262774791705,49625.35726764106,3752.569485813166,11548.74275919048,1,0.00019150121735363916,0.0002883822179821378,10,1
458,6,0.01,0.009696717217313012,0,162.94174250838086,1.545439499238041,0.02187373465946782,438.7842318677205,4.3878423186772055,0.0,189.88538343227077,29.84631169791048,45242.88387605628,85471.98818879513,107836.89756095817,697.7749540769844,21477.180727905135,1.8596475456266424,1.8596475456266408,105.28262774791705,49625.35726764106,3752.569485813166,11553.359174216686,1,0.00016344202246158375,0.00021053992875549386,10,1
459,6,0.01,0.009957464422150479,0,158.67493299652412,1.574183280057687,0.00368146831791971,1002.6933050943753,10.026933050943754,0.0,191.553282361378,29.84631169791048,45296.156863602846,85465.50152348787,108836.61179084521,691.3846257270426,20720.300381734636,2.1431550054459754,2.1431550054459736,105.28262774791705,49625.35726764106,3752.569485813166,11559.884331859585,1,0.0003871346598732786,0.00024735929989616715,10,1
460,6,0.01,0.010122080458299949,0,156.094392502524,1.5497023044214788,0.01917575669526661,566.2841858088829,5.662841858088829,0.0,190.21446948625288,29.84631169791048,45343.93176360379,85459.52865770432,107990.98375804699,696.849862389288,20067.805021020882,2.2350260187668343,2.2350260187668383,105.28262774791705,49625.35726764106,3752.569485813166,11565.896780221106,1,0.00022574833080776067,0.00025877500438087434,10,1
461,6,0.01,0.010112223174254706,0,156.2465516012951,1.5778692012231659,0.0013486068207811375,1212.107698798179,12.12107698798179,0.0,191.6956988854265,29.84631169791048,45508.17537154853,85438.78980016164,108975.86672308057,690.652093586733,19833.37401541536,3.0338289532426166,3.0338289532426135,105.28262774791705,49625.35726764106,3752.569485813166,11586.687696210218,1,0.0004889163882478396,0.0003672664596429596,10,1
462,6,0.01,0.01000692269156716,0,157.89069714023745,1.5595480835983884,0.012944250887096014,482.7463638269082,4.827463638269082,0.0,188.7210726076105,29.85596662518702,45511.58485775938,85438.09122068029,108342.6532959163,694.7054370131012,20279.27744713708,2.5420925305459603,2.5420925305459607,105.28262774791705,49625.35726764106,3754.9832176323007,11587.446050237339,1,0.00019043927579187386,0.00030170133161582473,10,1
463,6,0.01,0.009946219093106681,0,158.85433300931743,1.5393178646116246,0.025748186954668042,778.1560801961291,7.781560801961291,0.0,187.72546464620171,29.85596662518702,45638.1995657175,85421.754883889,107646.1745343484,699.3108896420683,20266.11943745878,2.738658578751492,2.738658578751493,105.28262774791705,49625.35726764106,3754.9832176323007,11603.831679260033,1,0.0003071751679338584,0.0003288436106578573,10,1
464,6,0.01,0.010110787188181244,0,156.2687425413228,1.5490635255821497,0.019580047099905323,700.0313821504316,7.0003138215043155,0.0,187.45937976592117,29.85596662518702,45712.95277051689,85412.36202284836,107990.11302213729,697.1315975021347,20553.40585944105,2.2067816656670223,2.2067816656670196,105.28262774791705,49625.35726764106,3754.9832176323007,11613.264551954542,1,0.0002724731412157183,0.0002566958616471502,10,1
465,6,0.01,0.009965610186072985,0,158.54523411000582,1.528815740347864,0.03239510104565578,710.8518275762293,7.108518275762293,0.0,186.64153634361654,29.85596662518702,45837.147447293406,85396.12181427979,107290.50326764915,701.7883217452777,20833.69342010102,2.401676339581978,2.4016763395819765,105.28262774791705,49625.35726764106,3754.9832176323007,11629.549500650166,1,0.0002729623838624318,0.00028420356433733616,10,1
466,6,0.01,0.010030345391884488,0,157.52199333817276,1.5671949854473262,0.008104439590299942,1037.337475315987,10.373374753159869,0.0,187.64635616546994,29.85596662518702,45964.76734472619,85380.16357860116,108634.07882566942,693.1752579253045,20826.001581455494,2.6257279712623918,2.6257279712623904,105.28262774791705,49625.35726764106,3754.9832176323007,11645.555378756237,1,0.0003984778244671541,0.00031463778318176807,10,1
467,6,0.01,0.009837352190319336,0,160.6123242751067,1.5728239993172852,0.004541772583996737,711.7024133915369,7.117024133915369,0.0,186.19048857798103,29.87020067345485,45973.36016108419,85379.13905361685,108829.29322429064,691.935609270523,20854.220096635716,2.624065544050441,2.624065544050445,105.28262774791705,49625.35726764106,3758.541729699258,11646.64853084703,1,0.000273020006538188,0.0003148200716225913,10,1
468,6,0.01,0.010038393642633536,0,157.39570057201828,1.5680297069725229,0.00757613482751722,1012.5616915944095,10.125616915944095,0.0,186.44027901297844,29.87020067345485,46078.023653801734,85366.08578123065,108669.49516257524,693.0321197318968,21102.088647610955,2.8905489833994884,2.8905489833994866,105.28262774791705,49625.35726764106,3758.541729699258,11659.75494351336,1,0.00038387164740075923,0.0003517898261353671,10,1
469,6,0.01,0.009945756781007993,0,158.86171709096115,1.5706066172726083,0.005945178941387192,311.9807333642065,3.1198073336420653,0.0,182.76776448325163,29.876440288122133,46079.50899674771,85365.64397518171,108758.8884641381,692.4642190353192,20822.70691116181,2.2104724587398716,2.2104724587398707,105.28262774791705,49625.35726764106,3760.101633366079,11660.246226318744,1,0.00011986173928115842,0.0002589177977400352,10,1
470,6,0.01,0.0099813412786022,0,158.29535890002805,1.5781703950267265,0.001157977831185796,1086.2477363556764,10.862477363556764,0.0,184.09592445863453,29.898165242849245,46098.160445332025,85364.09383474124,109020.85313480752,690.80533685313,21251.55926413466,2.5369549741421342,2.5369549741421356,105.28262774791705,49625.35726764106,3765.5328720478574,11661.875597923277,1,0.00040891031960704733,0.0003042145687629883,10,1
471,6,0.01,0.009938482768285533,0,158.97798857607344,1.5586680999625013,0.01350120255537895,511.640125721274,5.11640125721274,0.0,182.4885691473885,29.908398045363672,46104.3811408941,85363.36010298418,108346.52711517586,695.1225031023762,20822.756764395886,2.084880410560064,2.084880410560066,105.28262774791705,49625.35726764106,3768.0910726764637,11662.662718109194,1,0.00019656960181030779,0.00024178055356617115,10,1
472,6,0.01,0.01006697810090715,0,156.94878683183228,1.5617293284917577,0.011563716144457186,383.94979441475493,3.839497944147549,0.0,179.69590664288563,29.916077041251967,46110.61735481962,85362.8344632563,108453.03349646226,694.4419338093685,20408.440177787917,2.1609481850133276,2.16094818501333,105.28262774791705,49625.35726764106,3770.0108216485373,11663.238642800816,1,0.00015050627723431297,0.00025199539955055603,10,1
473,6,0.01,0.009832689209210816,0,160.68849186445638,1.5417940953645808,0.02418095230089828,788.1343380221772,7.8813433802217725,0.0,180.6758664268935,29.916077041251967,46238.00254929289,85346.61602072371,107767.16073448226,698.9724572073877,20108.96506379016,1.9354586448557607,1.9354586448557625,105.28262774791705,49625.35726764106,3770.0108216485373,11679.491544305352,1,0.0003135454601555228,0.00022020711306671453,10,1
474,6,0.01,0.010045946905488082,0,157.27735920412331,1.5534750589965263,0.01678793734397076,1039.9104230048724,10.399104230048724,0.0,182.19318009559842,29.916077041251967,46477.503553838076,85315.82679133685,108187.97176143216,696.4255469367924,19251.81275635307,2.526133253356092,2.526133253356093,105.28262774791705,49625.35726764106,3770.0108216485373,11710.323500201463,1,0.0004321298720970382,0.00029872720316229134,10,1
475,6,0.01,0.010086884939202434,0,156.63904263043275,1.5585377957781774,0.013583673558115605,698.3145743136524,6.983145743136524,0.0,180.59613174699797,29.93004333273824,46489.29120058723,85314.84868584973,108364.38686777158,695.2952129958792,19141.728870701623,2.869011265711607,2.869011265711609,105.28262774791705,49625.35726764106,3773.5023945201056,11711.370972062932,1,0.0002918501579583,0.00034584183007028697,10,1
476,6,0.01,0.010008111479534728,0,157.87194249693283,1.5500977951654122,0.018925446097840398,906.0271359409859,9.060271359409859,0.0,180.29296298511775,29.93004333273824,46638.14733110365,85295.6653923246,108079.72915363438,697.2445834754645,19405.568388135573,3.00967814617232,3.0096781461723205,105.28262774791705,49625.35726764106,3773.5023945201056,11730.605752515636,1,0.00037351222816845684,0.00036583075274126503,10,1
477,6,0.01,0.010111412554655226,0,156.2590776965755,1.5541947718155993,0.016332422901519483,564.6876264652335,5.646876264652335,0.0,178.37410583653025,29.941337085267545,46647.63697928339,85294.8786288512,108222.68150313741,696.3263772706715,19432.98205087525,2.5197460916475527,2.519746091647553,105.28262774791705,49625.35726764106,3776.325832652432,11731.452783955334,1,0.00023246566069454086,0.00029927601560709923,10,1
478,6,0.01,0.00987904574581112,0,159.934475520568,1.5585001246278374,0.013607516058330816,549.235543467852,5.492355434678521,0.0,176.76765301133847,29.952321796136903,46655.38774045439,85294.09683835345,108372.69992262371,695.3653593611525,19392.208607128763,2.3586025163981783,2.3586025163981783,105.28262774791705,49625.35726764106,3779.0720103697713,11732.291030880773,1,0.00022657988250639912,0.00027751925712313224,10,1
479,6,0.01,0.01010121629769744,0,156.41680698988293,1.556758652113091,0.014709713852474129,989.4806311997185,9.894806311997185,0.0,178.1182946610755,29.952321796136903,46820.58848093498,85273.20503397625,108321.65199891939,695.8153201967903,19373.344672061365,2.446838366382774,2.446838366382773,105.28262774791705,49625.35726764106,3779.0720103697713,11753.224397656939,1,0.00040859465330286127,0.00028921339883460046,10,1
480,6,0.01,0.009940078255634508,0,158.95247093295077,1.5637874207016693,0.01026112613818402,844.8148069005064,8.448148069005065,0.0,178.1719578454816,29.952321796136903,46885.37150978986,85264.5763422868,108569.5012163255,694.2727622633677,18806.105035923196,2.765886836144827,2.765886836144825,105.28262774791705,49625.35726764106,3779.0720103697713,11761.89853252685,1,0.0003593789592419063,0.00033151783168372225,10,1
481,6,0.01,0.010073540179936589,0,156.84654766621935,1.567502178812685,0.007910013409693049,896.0339708035707,8.960339708035708,0.0,177.65967390712564,29.952321796136903,46948.72024063527,85256.72163434242,108701.79837945157,693.4714340351888,18930.528919468,3.1326926947960483,3.1326926947960474,105.28262774791705,49625.35726764106,3779.0720103697713,11769.80494561809,1,0.00037866199074114486,0.00038221186776197076,10,1
482,6,0.01,0.01000818281800781,0,157.87081718342438,1.5719997828518077,0.005063428574805268,638.7756024879827,6.3877560248798275,0.0,175.94891630405976,29.965097308186664,46959.27864868814,85255.82797913552,108857.87228792555,692.480199268498,18482.93096395935,2.8161364899862544,2.816136489986255,105.28262774791705,49625.35726764106,3782.2658883822114,11770.763109021822,1,0.0002764823841991548,0.000338174444727402,10,1
483,6,0.01,0.009855336395600997,0,160.3192358512739,1.563473398009679,0.010459874677418332,644.3129438166202,6.443129438166202,0.0,174.71499027539352,29.965097308186664,46989.7723605168,85251.39610568206,108564.81637002876,694.3822421809869,18825.146002778136,2.59920858805518,2.599208588055183,105.28262774791705,49625.35726764106,3782.2658883822114,11775.237777369492,1,0.00027380948598073457,0.00030965128697367804,10,1
484,6,0.01,0.009895966615688345,0,159.66100749523378,1.5496671484504276,0.01919800730985597,736.8449817821553,7.368449817821553,0.0,174.687804083044,29.965097308186664,47071.62790115007,85240.59465148451,108090.11092090109,697.5053386721438,18808.37266114532,2.440681681176371,2.44068168117637,105.28262774791705,49625.35726764106,3782.2658883822114,11786.079703886733,1,0.0003134114769235057,0.0002879011157011317,10,1
485,6,0.01,0.0101768384135334,0,155.2545039821875,1.5784661305055656,0.0009708034774901637,1232.5956863028428,12.325956863028427,0.0,176.48097848520905,29.965097308186664,47245.71159845428,85219.63093311319,109097.82411555399,691.1635416631407,19085.808179351203,3.0236015541427714,3.0236015541427714,105.28262774791705,49625.35726764106,3782.2658883822114,11807.14850141486,1,0.0005166543327775364,0.00036795843189392556,10,1
486,6,0.01,0.009790976069481951,0,161.3730836218456,1.5641051714081875,0.010060018096083905,379.93380385087426,3.7993380385087425,0.0,172.45450190648373,29.97269598426368,47248.708918850934,85219.09387080967,108601.44020970174,694.3359193162582,19369.798074865845,2.726629940202077,2.726629940202076,105.28262774791705,49625.35726764106,3784.165557401466,11807.743001142248,1,0.00015691802356736988,0.0003289946110894707,10,1
487,6,0.01,0.009992205398405882,0,158.1232507742552,1.5705883683153972,0.005956728914305636,1075.5510046360955,10.755510046360955,0.0,173.32013778466822,29.97269598426368,47374.38110970675,85203.4536127868,108833.06392524698,692.9445430821612,19262.414663391413,3.0544030276696987,3.054403027669697,105.28262774791705,49625.35726764106,3784.165557401466,11823.434414484866,1,0.00044669415478016923,0.0003734221703750251,10,1
488,6,0.01,0.009946887168792797,0,158.84366366968217,1.5691093387184847,0.006892823595895816,876.568155438026,8.76568155438026,0.0,173.70199704078433,29.97269598426368,47424.42990307121,85196.80379685863,108784.96285959367,693.2911568064466,19197.73828222742,2.6878906885121974,2.6878906885121965,105.28262774791705,49625.35726764106,3784.165557401466,11830.129149023745,1,0.0003652797605849316,0.0003229639796441569,10,1
489,6,0.01,0.01008390542818199,0,156.68532507100826,1.5755472091645901,0.0028182220477278148,1094.007509004898,10.940075090048982,0.0,173.90549667618106,29.97269598426368,47494.033606745754,85188.18630280255,109011.47007851019,691.8959295184296,19607.646487396567,3.3856730708441423,3.385673070844141,105.28262774791705,49625.35726764106,3784.165557401466,11838.80420425055,1,0.0004463595402775569,0.00041944448521421927,10,1
490,6,0.01,0.009989969341768042,0,158.15864352996792,1.5676349301628383,0.007825993567823918,990.675938380895,9.90675938380895,0.0,173.50846647940875,29.97269598426368,47592.62737711173,85175.96259624988,108743.44294017313,693.6783612551769,19604.65316969393,3.281730639049045,3.281730639049047,105.28262774791705,49625.35726764106,3784.165557401466,11851.083995514693,1,0.00040426155150241264,0.0004053002841216337,10,1
491,6,0.01,0.010000522553837576,0,157.99174408078252,1.5343901340113653,0.028867003790275195,472.3274532316249,4.723274532316249,0.0,169.8461607805854,29.97269598426368,47642.16759276106,85169.32653665359,107588.98081097731,701.1839976428081,19569.79227977928,2.85646649393228,2.8564664939322806,105.28262774791705,49625.35726764106,3784.165557401466,11857.769942058343,1,0.00019308429909893843,0.000347901796959636,10,1
492,6,0.01,0.010078823749584749,0,156.76432481172188,1.5292354975791198,0.03212943191194953,579.1632352005095,5.791632352005094,0.0,168.4221760667844,29.97269598426368,47719.77130410075,85158.88705002556,107413.09172398094,702.3973213675912,19846.584034197796,2.331364526213434,2.331364526213433,105.28262774791705,49625.35726764106,3784.165557401466,11868.250810184058,1,0.00023345608864580383,0.0002769339797490516,10,1
493,6,0.01,0.009913107533692716,0,159.38493500952035,1.5965794862552614,0.01049334573117803,1661.9527930502345,16.619527930502347,0.0,172.39073460503772,29.97269598426368,48010.57835479167,85122.75908428153,109765.8692001664,687.5064482860142,19610.186827651,3.008571479871049,3.008571479871045,105.28262774791705,49625.35726764106,3784.165557401466,11904.429150562855,1,0.0006779956999519566,0.0003681786958988996,10,1
494,6,0.01,0.009989800402225007,0,158.16131818290285,1.5811163141221607,0.0007065279254181152,397.1956323350826,3.971956323350826,0.0,167.78597477644456,29.980639896910382,48017.24544243583,85122.2255484152,109234.11275063595,690.8670271439389,19942.21010119362,2.912686852978814,2.912686852978813,105.28262774791705,49625.35726764106,3786.1515355631414,11905.024944011358,1,0.00015933866118933684,0.0003569301499290324,10,1
495,6,0.01,0.010018222115929036,0,157.71261424597387,1.555055387617316,0.015787729356129095,477.29781838514356,4.772978183851436,0.0,164.1357562198288,29.980639896910382,48042.691333254515,85118.49586121216,108333.23853059889,696.6519610377933,20043.36489120935,2.7999780344369474,2.7999780344369487,105.28262774791705,49625.35726764106,3786.1515355631414,11908.804048585918,1,0.00019050606361788189,0.0003426134749197251,10,1
496,6,0.01,0.009948606968622962,0,158.81620461871518,1.559369190860393,0.013057474138991785,606.9996719183345,6.069996719183345,0.0,164.52772343555563,29.99277989034875,48049.13765487593,85117.61135380527,108483.62479737299,695.6891634976857,19445.967106598888,1.7677524902950534,1.7677524902950559,105.28262774791705,49625.35726764106,3789.186533922733,11909.73681657144,1,0.000249717452915922,0.00019985405924104692,10,1
497,6,0.01,0.010029906796094471,0,157.52888158594192,1.5569417496770348,0.014593829318332448,643.1726140868475,6.431726140868475,0.0,164.5755447595415,29.99277989034875,48092.40967274381,85111.65123100171,108402.00818167544,696.2496073097268,19624.842390172034,2.0152912227675555,2.0152912227675546,105.28262774791705,49625.35726764106,3789.186533922733,11915.731643040488,1,0.0002621871203037812,0.00023413687894586173,10,1
498,6,0.01,0.009941526764089492,0,158.92931111016392,1.5408419954399057,0.024783547189933117,479.0831079493628,4.7908310794936275,0.0,163.27657889213498,29.99277989034875,48134.68318593383,85105.76556405808,107843.64648767751,699.9007478173547,19161.043307227537,2.043385714006306,2.0433857140063063,105.28262774791705,49625.35726764106,3789.186533922733,11921.65206582223,1,0.00020002380883661083,0.000237309460685438,10,1
499,6,0.01,0.010117950992883712,0,156.15809970924607,1.5660243613645457,0.008845340908515423,988.3571704120299,9.883571704120298,0.0,164.67092623536877,29.99277989034875,48236.74703018082,85092.92436936469,108725.86871991953,694.2795489157136,19160.753275055984,2.4425376715218095,2.4425376715218117,105.28262774791705,49625.35726764106,3789.186533922733,11934.534050000912,1,0.0004126590040481139,0.00029162331106283534,10,1
500,6,0.01,0.00987336353559842,0,160.02651926097008,1.56973761713673,0.006495179027386056,917.5870706445218,9.175870706445219,0.0,165.17911310353546,29.99277989034875,48294.172905152234,85085.2699693193,108858.1199567163,693.4797176822344,19516.592302026274,2.715019853159182,2.7150198531591814,105.28262774791705,49625.35726764106,3789.186533922733,11942.234553813523,1,0.00037612593692363193,0.0003296029166027856,10,1
501,6,0.01,0.009935137571096719,0,159.0315170467828,1.5589298210136602,0.013335556320468286,855.064048382818,8.55064048382818,0.0,164.12586132198203,29.99277989034875,48383.400065834816,85073.78163044323,108488.60001448187,695.9171513182006,19827.047528540235,3.0610414138172164,3.061041413817218,105.28262774791705,49625.35726764106,3789.186533922733,11953.776114897439,1,0.0003450091284249913,0.00037793135646557903,10,1
502,6,0.01,0.010148431516869083,0,155.68908332028136,1.5365525648642093,0.02749837666822199,766.2015784619259,7.66201578461926,0.0,163.00202051662626,29.99277989034875,48507.402132921685,85057.6527118218,107715.56177907031,701.02100144286,19847.066513904112,2.806049066013931,2.806049066013929,105.28262774791705,49625.35726764106,3789.186533922733,11969.95458720514,1,0.0003088422474626782,0.00034332577093710046,10,1
503,6,0.01,0.01002046909348532,0,157.67724896504265,1.543538330367171,0.02307700609672724,561.6856110121469,5.616856110121469,0.0,161.05662718645553,29.99277989034875,48561.73966506518,85050.50227243031,107963.08206338319,699.4519017723476,20213.21009755473,2.4228069474487888,2.4228069474487905,105.28262774791705,49625.35726764106,3789.186533922733,11977.148433221155,1,0.00022230436760961434,0.00029205191449909466,10,1
504,6,0.01,0.010041706008597256,0,157.3437818879855,1.582795394771125,0.0017692371969145592,1271.456950123976,12.71456950123976,0.0,163.10102577654484,29.99277989034875,48747.1193616732,85027.23033031257,109335.87196744412,690.7770412312469,20473.77312278277,2.79214203804932,2.792142038049319,105.28262774791705,49625.35726764106,3789.186533922733,12000.469661296562,1,0.0004968139257962672,0.00034265351362285323,10,1
505,6,0.01,0.00998811479148708,0,158.1880097480099,1.5846878890614309,0.0029670183933106363,1316.90642072485,13.1690642072485,0.0,164.49940742659035,29.99277989034875,48864.07658141445,85012.7514913687,109407.79764373589,690.405968260004,20739.937344300943,3.2754139295524785,3.2754139295524767,105.28262774791705,49625.35726764106,3789.186533922733,12015.007028609461,1,0.0005079692957073347,0.0004090291963710721,10,1
506,6,0.01,0.010091698785183978,0,156.5643241670729,1.5664454655776312,0.00857881925466384,937.6748811871324,9.376748811871325,0.0,162.3359155061869,29.99277989034875,48944.63275018031,85002.7051794554,108781.7574458419,694.449694140666,20328.029043331455,3.6343974724478505,3.6343974724478465,105.28262774791705,49625.35726764106,3789.186533922733,12025.117844961163,1,0.0003690175291223263,0.0004579335835419761,10,1
507,6,0.01,0.010000642244503692,0,157.98985318851507,1.570975752670708,0.005711548942589923,613.2319550751391,6.132319550751391,0.0,159.161810010344,30.005044529450252,48954.60286130782,85001.85699693205,108939.18674132322,693.4491926824662,20313.004967375393,3.0076774311044194,3.0076774311044203,105.28262774791705,49625.35726764106,3792.2526936981085,12026.037692893777,1,0.00024151304292399777,0.00037283328925121964,10,1
508,6,0.01,0.010027794132008685,0,157.56206990295556,1.5624441678489556,0.011111286171547153,657.8611018445733,6.578611018445733,0.0,158.07329787051867,30.005044529450252,48993.16221409833,84997.13038759265,108645.59535471049,695.3566571552109,20286.854025709865,2.401293136443488,2.401293136443492,105.28262774791705,49625.35726764106,3792.2526936981085,12030.806932236836,1,0.0002594236054583348,0.00028998472583488625,10,1
509,6,0.01,0.00994415883832117,0,158.88724483274092,1.5673966329263687,0.007976814603564183,894.4841128682434,8.944841128682434,0.0,158.8873624362782,30.005044529450252,49056.30165227832,84988.94795368971,108821.13399241344,694.2794931825371,20161.881134023144,2.3702279414623026,2.3702279414623004,105.28262774791705,49625.35726764106,3792.2526936981085,12039.030997344278,1,0.0003549208952963433,0.00028528584789289194,10,1
510,6,0.01,0.010003785057053571,0,157.94021872610682,1.560381997626353,0.01241645719851074,898.0362383645257,8.980362383645257,0.0,159.20935000440625,30.005044529450252,49153.198881215394,84976.49979377259,108583.4312586453,695.8772366242496,20118.39569407748,2.6526967428014707,2.6526967428014707,105.28262774791705,49625.35726764106,3792.2526936981085,12051.525875804427,1,0.00035710053704884334,0.0003238150126011738,10,1
511,7,0.01,0.010116303521486467,0,156.18353054000087,1.6017356467009465,0.013756738418320511,864.013709823449,8.64013709823449,0.0,213.1675018916533,30.2375026571974,46728.82634086912,84975.28080836221,111249.33709387663,694.5549181165695,20130.85166006425,2.954594425631401,2.9545944256314054,100.65425830032126,49524.70300934074,3796.572762247226,12052.821896369163,1,0.0003433590289823601,0.00035179348710918224,13,1
512,7,0.01,0.010086699131742717,0,156.64192808406068,1.5490201453577301,0.019607502938145525,696.8708943203636,6.968708943203636,0.0,211.38507600338855,30.2375026571974,46798.22906481536,84966.02912279681,109410.26714696045,706.319201043659,20471.958626487707,2.7439861794897427,2.7439861794897404,100.65425830032126,49524.70300934074,3796.572762247226,12062.123182658994,1,0.0002723221190643537,0.00032426056169851907,13,1
513,7,0.01,0.010024796511920042,0,157.60918419853132,1.5383369790263113,0.026369000616258728,637.3432348923636,6.373432348923636,0.0,209.77085715226764,30.2375026571974,46875.56178267104,84955.73758475676,109037.58274538803,708.8016750036345,20823.452188426876,2.4616665081422036,2.461666508142206,100.65425830032126,49524.70300934074,3796.572762247226,12072.460295847159,1,0.00024485593613400266,0.0002868456947269055,13,1
514,7,0.01,0.010066489732888711,0,156.9564010816905,1.5565093141635264,0.014867522681312419,532.2374422141125,5.3223744221411255,0.0,208.18202779693547,30.2375026571974,46909.045566964414,84951.6118365178,109680.68585073965,704.658075944007,21134.092130902045,2.108256257356374,2.1082562573563752,100.65425830032126,49524.70300934074,3796.572762247226,12076.625201248251,1,0.00020147066225225004,0.00023954957248353546,13,1
515,7,0.01,0.009991848288291683,0,158.12890212228535,1.5451409596409846,0.022062683771528757,728.2246865333668,7.2822468653336685,0.0,208.21002037170356,30.2375026571974,46996.53649520398,84939.98201106703,109285.29704773887,707.2836712136053,21356.025436059223,2.105716148666299,2.105716148666298,100.65425830032126,49524.70300934074,3796.572762247226,12088.294788624176,1,0.0002727940884744496,0.0002397068956202341,13,1
516,7,0.01,0.009945474342511165,0,158.8662285564814,1.5505060925109215,0.018667030056378823,654.837594679596,6.54837594679596,0.0,207.66753398457956,30.2375026571974,47056.350636807314,84932.16158898779,109478.16141397163,706.0801756456206,20998.936702483832,2.122063248629644,2.122063248629644,100.65425830032126,49524.70300934074,3796.572762247226,12096.15449219991,1,0.0002494745725300041,0.0002412464410855679,13,1
517,7,0.01,0.00996008969058903,0,158.63310964889115,1.5525788196988373,0.017355177405799244,636.8007032974814,6.368007032974814,0.0,206.6216324390817,30.2375026571974,47106.12585112313,84925.26764020768,109554.35929834085,705.6283256497841,21372.00403273068,2.2037600138183846,2.203760013818385,100.65425830032126,49524.70300934074,3796.572762247226,12103.08991849453,1,0.00023836817635715862,0.00025354561245387075,13,1
518,7,0.01,0.010000170955718968,0,157.99729894581637,1.5564695676637308,0.014892678693841315,542.9582083852896,5.429582083852896,0.0,205.3402785572635,30.248361821365105,47111.15217253316,84924.47924193168,109691.75229741163,704.7471699819968,20995.358939765854,2.0474887753488495,2.047488775348847,100.65425830032126,49524.70300934074,3799.2875532891526,12103.932412342341,1,0.0002068869448502393,0.000231576564579134,13,1
519,7,0.01,0.009958596957824735,0,158.6568877816219,1.5611787326100623,0.011912194550593495,656.3385123626214,6.5633851236262135,0.0,205.0333313620482,30.26148859161236,47117.60950487621,84923.51734428572,109857.81523168068,703.6850614023834,20935.725140032817,2.0511989520048237,2.051198952004822,100.65425830032126,49524.70300934074,3802.5692458509657,12104.951550056989,1,0.0002508013485933997,0.00023201882326693253,13,1
520,7,0.01,0.009848020138718952,0,160.43833966057764,1.5593247049108707,0.013085629803246426,706.6515519033035,7.066515519033035,0.0,205.05247408962566,30.26148859161236,47168.647081545605,84916.88764269763,109795.72760579613,704.123568747485,20162.57407213266,2.167173151934605,2.167173151934605,100.65425830032126,49524.70300934074,3802.5692458509657,12111.619535902362,1,0.00028038148279092574,0.00024602325874485486,13,1
521,7,0.01,0.009985502721497333,0,158.22938955276535,1.5639791915111823,0.010139752208112541,651.2040135250147,6.512040135250147,0.0,204.24447055724005,30.27451267188286,47174.742141449555,84915.93839743153,109959.720562336,703.0766212182676,20217.915673988406,2.2882803039377992,2.2882803039378015,100.65425830032126,49524.70300934074,3805.825265918591,12112.628769105406,1,0.00025767404475341793,0.0002629522920459144,13,1
522,7,0.01,0.01001731713680312,0,157.7268622349151,1.5581223654993244,0.013846604114351709,542.1308118741377,5.421308118741377,0.0,202.7555139751,30.27451267188286,47202.10273780661,84911.89016862033,109755.85008579028,704.4109789837804,20232.904147374742,2.1966376551837925,2.1966376551837925,100.65425830032126,49524.70300934074,3805.825265918591,12116.71601356208,1,0.00021435610347394655,0.0002508038770060967,13,1
523,7,0.01,0.010057860617247812,0,157.09106142219977,1.561363358025034,0.011795343022130488,469.90014369523476,4.699001436952348,0.0,201.34548447616163,30.283910674756765,47209.665544589436,84911.23403668456,109870.11482544936,703.6806279636528,19931.955800089272,1.9762474841545232,1.9762474841545201,100.65425830032126,49524.70300934074,3808.174766637067,12117.420863777623,1,0.00018860172013551434,0.00022021062278762627,13,1
524,7,0.01,0.010057860617247812,1,157.09106142219977,1.5555498018599725,0.015474808949384543,434.9580491999518,4.349580491999518,0.0,200.17646798997563,30.283910674756765,47234.7946812556,84908.148983339,109667.09520718001,705.0053625801692,20089.87142756548,1.7656837846756477,1.765683784675649,100.65425830032126,49524.70300934074,3808.174766637067,12120.537107231676,1,0.00017320491104911396,0.00019205424488619163,13,1
525,7,0.01,0.010048761196957943,0,157.2333115527029,1.5783803438805737,0.0010250988097635332,1204.5588230873216,12.045588230873216,0.0,202.63612725937105,30.283910674756765,47333.78437212544,84895.82869052954,110473.42165001832,699.9163546247074,19276.486575937117,2.4805302481281353,2.480530248128137,100.65425830032126,49524.70300934074,3808.174766637067,12132.898718352819,1,0.0004999080380512806,0.0002872382230786363,13,1
526,7,0.01,0.010120458711540346,0,156.11940575364713,1.5855324449831036,0.003501547457660486,1122.6767922596396,11.226767922596396,0.0,203.54320025033942,30.30636421060196,47372.80388108509,84894.35038730214,110723.86498319062,698.3386895269151,19589.867844248245,3.132767760256113,3.132767760256109,100.65425830032126,49524.70300934074,3813.788150598365,12134.582733541209,1,0.00045847243123256384,0.00037719512677765276,13,1
527,7,0.01,0.009898331912174593,0,159.62285504456128,1.5597436082445348,0.012820501111053944,785.7287644263582,7.857287644263582,0.0,200.75004028762928,30.322078785890486,47383.6960996706,84893.23588908314,109821.62501383261,704.1004972441273,19898.874097835138,3.46895243079907,3.468952430799067,100.65425830032126,49524.70300934074,3817.716794420497,12135.781163234375,1,0.00031588873242304307,0.0004247564005689625,13,1
528,7,0.01,0.0099180391475302,0,159.30568295785093,1.5663418275847074,0.008644412921071301,857.4375664793503,8.574375664793504,0.0,199.6086956190946,30.339227537220072,47395.61302548729,84892.0050992591,110054.01950352939,702.6181486402124,19902.224900038702,3.0890269843266345,3.08902698432663,100.65425830032126,49524.70300934074,3822.003982252894,12137.09117872542,1,0.00034465998481513817,0.00037300704949024834,13,1
529,7,0.01,0.009896396189471926,0,159.65407707513268,1.5533123290034647,0.01689093101046541,920.2812994134896,9.202812994134897,0.0,199.67160793002535,30.339227537220072,47539.150080853506,84873.85397929112,109604.37574280213,705.6171105853475,19552.158570394695,2.8963398450641735,2.8963398450641704,100.65425830032126,49524.70300934074,3822.003982252894,12155.292106757628,1,0.0003765441226758268,0.0003456976133046693,13,1
530,7,0.01,0.009927543441028459,0,159.15316909822735,1.5553264611534778,0.015616163826912806,684.9313768644463,6.849313768644463,0.0,197.94848718236443,30.339227537220072,47592.39196639033,84866.55897825431,109678.68222516963,705.1810984031517,19627.52303655034,2.8023596958729238,2.8023596958729255,100.65425830032126,49524.70300934074,3822.003982252894,12162.635476545594,1,0.0002791718040382246,0.0003334586371763965,13,1
531,7,0.01,0.009957635020577862,0,158.67221451025924,1.5292992313689024,0.032089094070314954,371.7306263251592,3.7173062632515923,0.0,194.830650639374,30.339227537220072,47628.31239345915,84861.43726211066,108760.84504866523,711.1809305711316,19652.992671395605,2.325625810469045,2.3256258104690444,100.65425830032126,49524.70300934074,3822.003982252894,12167.798120425072,1,0.0001513176675087059,0.00026901119807425246,13,1
532,7,0.01,0.010112137120296126,0,156.24788125437632,1.5362947906091478,0.02766152493091919,480.7653220410253,4.807653220410253,0.0,193.89540243821605,30.339227537220072,47675.30422037759,84854.97255017674,109011.88370187797,709.5766018880678,19264.285860198357,1.9007135712349705,1.9007135712349694,100.65425830032126,49524.70300934074,3822.003982252894,12174.295423231899,1,0.00019965041031054344,0.00021004662728582463,13,1
533,7,0.01,0.009851917334487979,0,160.37487388053844,1.5170370059423512,0.03984999623901824,763.4266070994955,7.634266070994955,0.0,194.77249883274405,30.339227537220072,47859.02589359096,84831.62604047498,108338.2728206477,714.14390285984,19442.661466461024,1.9840408404856797,1.9840408404856826,100.65425830032126,49524.70300934074,3822.003982252894,12197.676646561404,1,0.0003141243222966862,0.00022169746670531185,13,1
534,7,0.01,0.010167648902175442,0,155.3948228544701,1.526903779204851,0.03360520303490448,434.55159986692473,4.3455159986692475,0.0,192.9502019200368,30.339227537220072,47907.56093390813,84824.96376325728,108692.5142998515,711.8491405951861,19749.311268796293,2.035121594037435,2.0351215940374354,100.65425830032126,49524.70300934074,3822.003982252894,12204.374942529807,1,0.00017602703970887807,0.00022993392410536922,13,1
535,7,0.01,0.010064096139616808,0,156.99373079122424,1.561545580656763,0.01168001224255506,810.5168691900249,8.105168691900248,0.0,193.4474851290297,30.339227537220072,47972.643965507385,84816.86790448258,109920.42809848695,703.9207145798207,19601.7289239367,2.357848610657471,2.3578486106574736,100.65425830032126,49524.70300934074,3822.003982252894,12212.511223637797,1,0.0003307940324387448,0.00027364846481476966,13,1
536,7,0.01,0.009891170913944956,0,159.73841861052617,1.5686025355016475,0.007213585125539588,993.7957777608013,9.937957777608014,0.0,194.55229204627827,30.359103452775287,47985.27317300966,84815.41552333464,110168.8982620858,702.3378820872122,19636.16373504794,2.5801188191624957,2.5801188191624997,100.65425830032126,49524.70300934074,3826.972961141698,12214.037251765953,1,0.0004048838830925038,0.00030390165174670893,13,1
537,7,0.01,0.009839830673974042,0,160.57186880044966,1.5862838197969475,0.003977101137308529,1389.4137154372434,13.894137154372434,0.0,196.17259955764055,30.359103452775287,48068.11720280465,84804.59737636268,110792.28325281026,698.4392191997031,19946.108052762676,3.5051485032127796,3.505148503212779,100.65425830032126,49524.70300934074,3826.972961141698,12224.91556923581,1,0.0005572670966233134,0.00043098167071818736,13,1
538,7,0.01,0.009912005755571496,0,159.4026515886443,1.5601766592815767,0.012546418176217341,708.9553973586876,7.0895539735868764,0.0,192.90853726470064,30.373282560722462,48076.32991116695,84803.59006509099,109878.6928156076,704.2708411379776,20008.2945188477,3.3829100411888455,3.3829100411888504,100.65425830032126,49524.70300934074,3830.517738128491,12226.003378589012,1,0.00028346459882059644,0.00041520519284547123,13,1
539,7,0.01,0.010018543515124552,0,157.7075547573102,1.5640670152351481,0.010084167572691103,531.7905420828927,5.317905420828927,0.0,189.45817739104916,30.38391837156412,48085.07582353141,84802.85920769823,110015.80945091872,703.3957520955616,19934.775517794198,2.9119759512366534,2.91197595123665,100.65425830032126,49524.70300934074,3833.1766908389054,12226.801064402136,1,0.0002134122018512645,0.00035138129909839146,13,1
540,7,0.01,0.009870719414940844,0,160.06938639228548,1.5742680399648095,0.0036278228070826635,1459.982807323208,14.599828073232079,0.0,192.28407665910157,30.413118027710585,48108.647669761245,84800.74425883226,110374.5332449173,701.1165217289463,20180.783344559302,2.9651616199908255,2.965161619990829,100.65425830032126,49524.70300934074,3840.4766048755214,12229.011188661401,1,0.0005787616000413844,0.0003585461335710818,13,1
541,7,0.01,0.010160429344550618,0,155.50523963314677,1.553117649229933,0.01701414605700447,570.0816278902344,5.7008162789023435,0.0,189.23025141582633,30.42451966026839,48118.54117661233,84799.95726327522,109632.12714641832,705.8842400044591,20512.376724635964,2.8053609509958513,2.8053609509958477,100.65425830032126,49524.70300934074,3843.3270130149726,12229.866311103237,1,0.0002223366450580248,0.0003381701489835579,13,1
542,7,0.01,0.010042758654743246,0,157.32728967391424,1.5582617904843148,0.013758360452965367,768.7134918926135,7.6871349189261355,0.0,187.55144220780994,30.42451966026839,48185.15463755156,84791.68825868027,109817.06759372554,704.7408096915083,19529.058645986588,3.0661321120791647,3.0661321120791603,100.65425830032126,49524.70300934074,3843.3270130149726,12238.187866866012,1,0.00031490037725933777,0.000371999540786249,13,1
543,7,0.01,0.010174722799572062,0,155.28678580476446,1.5724432790962632,0.004782734749200521,1156.3277983742091,11.563277983742092,0.0,189.13119827239765,30.42451966026839,48342.877643926295,84773.80594207095,110322.96948127098,701.6022196023334,19863.373915201657,2.788049188578875,2.788049188578875,100.65425830032126,49524.70300934074,3843.3270130149726,12256.22018271941,1,0.000465712543422146,0.0003343165219131695,13,1
544,7,0.01,0.009904345957576098,0,159.52593000766657,1.5517096738813423,0.017905269695353027,718.0211250130171,7.180211250130172,0.0,187.18727726273056,30.42451966026839,48411.30480326315,84764.48294122904,109598.63927540703,706.308925697836,19926.367053502046,2.9438269915304907,2.943826991530489,100.65425830032126,49524.70300934074,3843.3270130149726,12265.594891355127,1,0.00028826975758707626,0.00035629422608952,13,1
545,7,0.01,0.009726567798559314,0,162.44167857792831,1.5412499982527126,0.024525317561574358,651.3392985762188,6.513392985762188,0.0,185.11352853389837,30.42451966026839,48493.90965166585,84754.16151989298,109234.02948569412,708.736607361108,19638.378365222332,2.8243875026134253,2.8243875026134257,100.65425830032126,49524.70300934074,3843.3270130149726,12275.96554436033,1,0.00026533323127317994,0.00033977184409413405,13,1
546,7,0.01,0.01001622917619205,0,157.74399449201513,1.5203213629407941,0.03777128927797845,599.2872403608222,5.992872403608223,0.0,184.11543737181876,30.42451966026839,48592.10577441895,84741.2212382978,108496.8463366673,713.6441609081861,19329.01885568238,2.2983303891266913,2.298330389126691,100.65425830032126,49524.70300934074,3843.3270130149726,12288.94577867742,1,0.00024803627947608635,0.0002672130894454475,13,1
547,7,0.01,0.01003116061401146,0,157.50919168745702,1.5444468357426553,0.022502002694522013,882.3817897749344,8.823817897749345,0.0,184.8869495580917,30.42451966026839,48743.72473084483,84721.34021755468,109362.05245617827,708.0985238549241,18891.17400313957,2.5156850599599445,2.515685059959943,100.65425830032126,49524.70300934074,3843.3270130149726,12308.868816920482,1,0.00037366943510373226,0.0002956796486176662,13,1
548,7,0.01,0.010011509665162824,0,157.81835635617932,1.5686544462573266,0.007180730216881918,1100.5867130267868,11.005867130267868,0.0,186.01174750554912,30.42451966026839,48902.23201502985,84701.51200223615,110223.57895863707,702.6632233862656,19229.84706368565,2.9800251355126783,2.9800251355126823,100.65425830032126,49524.70300934074,3843.3270130149726,12328.746910665352,1,0.0004578660285261135,0.00035985724770197736,13,1
549,7,0.01,0.01000146455019761,0,157.976863495335,1.5804103411019146,0.00025970955817374247,1252.487808068498,12.52487808068498,0.0,186.83218433126632,30.42451966026839,49095.317874011365,84677.36619771467,110646.24268758624,700.1108497584243,19565.335648486092,3.6181181226592702,3.618118122659274,100.65425830032126,49524.70300934074,3843.3270130149726,12352.953889211303,1,0.0005121252527718989,0.0004478869054672482,13,1
550,7,0.01,0.010119828824294822,0,156.12912307438154,1.5877130717239558,0.004881690964528952,1005.8566515013476,10.058566515013476,0.0,185.29435111968738,30.444636793298418,49130.3474164982,84676.06205294427,110902.02294999413,698.5016683749761,20006.32863440444,3.6770914453321457,3.677091445332149,100.65425830032126,49524.70300934074,3848.3562962724795,12354.462674188555,1,0.0004022153868937645,0.00045740222273059225,13,1
551,7,0.01,0.009844054252598114,0,160.50297564979337,1.5580251222975157,0.013908150444610384,719.9968905323152,7.199968905323153,0.0,182.59856544677632,30.444636793298418,49186.39092814749,84668.68751407684,109865.25252744951,705.1571310059402,19579.66930806074,3.2811333704711316,3.2811333704711307,100.65425830032126,49524.70300934074,3848.3562962724795,12361.893630742472,1,0.00029418143042319933,0.0004028406900296209,13,1
552,7,0.01,0.009925938421395284,0,159.17890409176047,1.5638993727856088,0.010190270388855263,801.8182674883934,8.018182674883935,0.0,181.71083807300406,30.460673158648184,49196.02769583079,84667.53625344524,110072.4873832967,703.8335669080564,20031.696493676624,2.8048646858943784,2.8048646858943775,100.65425830032126,49524.70300934074,3852.3653876099215,12363.117930065808,1,0.0003202198147287235,0.0003388722106818958,13,1
553,7,0.01,0.010077383827580475,0,156.78672431586338,1.5703574829410476,0.006102858898071184,951.2263904800946,9.512263904800946,0.0,182.29768204793,30.479697686457786,49211.32038232929,84666.18537206281,110299.87234294527,702.3870267830347,19418.371421558855,2.7912934679891346,2.7912934679891332,100.65425830032126,49524.70300934074,3857.121519562322,12364.544769651528,1,0.0003918871958228236,0.00033542948032491547,13,1
554,7,0.01,0.01001528418246489,0,157.7588784516289,1.5348555918838582,0.028572410200089774,590.4565131204254,5.9045651312042535,0.0,180.1333545081715,30.479697686457786,49282.99502824752,84656.59413299426,109052.1854392923,710.504532256636,19782.248644631032,2.646192798056916,2.646192798056916,100.65425830032126,49524.70300934074,3857.121519562322,12374.182671937666,1,0.00023878236442273298,0.0003169631249914267,13,1
555,7,0.01,0.009967953117213452,0,158.50796862913919,1.5564530489648,0.014903133566582273,578.2378190774563,5.782378190774563,0.0,178.4141169615756,30.479697686457786,49319.27861786449,84651.71162396431,109817.90861988624,705.5651867746755,19932.05026017601,2.4260818692532387,2.426081869253239,100.65425830032126,49524.70300934074,3857.121519562322,12379.107679877845,1,0.00023208362874049875,0.0002875843963286851,13,1
556,7,0.01,0.00990811315071557,0,159.46527617984373,1.5646051051895422,0.009743604310416366,1068.980833974664,10.689808339746639,0.0,179.95856963318792,30.50107730313728,49332.29078239171,84650.14387494307,110105.5564099043,703.7274520241688,19898.767581083146,2.521637082498404,2.5216370824984047,100.65425830032126,49524.70300934074,3862.4664237321954,12380.751041458157,1,0.00042976765455199166,0.00030021121590507446,13,1
557,7,0.01,0.010081652868296223,0,156.72033352473647,1.5699431417632663,0.006365100149831484,778.9694484950539,7.789694484950539,0.0,179.18736672696772,30.51665669210718,49345.3152413974,84649.04597958915,110293.50818009267,702.5318640280028,20005.027694584325,2.695445925856479,2.6954459258564776,100.65425830032126,49524.70300934074,3866.361270974671,12381.9194956309,1,0.0003115094706740879,0.0003244535846555261,13,1
558,7,0.01,0.009989945470764346,0,158.15902145050566,1.5621067627163394,0.011324833723835859,667.1439570326447,6.671439570326448,0.0,177.44774433280935,30.51665669210718,49381.78140422433,84644.07532528846,110020.59336998481,704.3090523382062,19157.57530712006,2.8197646910228795,2.8197646910228813,100.65425830032126,49524.70300934074,3866.361270974671,12386.937448956349,1,0.0002785922315689692,0.00033995645226501627,13,1
559,7,0.01,0.009958417775337665,0,158.65974250577435,1.5675132966156733,0.007902976825523279,906.6249689785813,9.066249689785813,0.0,178.02024828542002,30.51665669210718,49444.73900109362,84635.85541666557,110214.37974458688,703.1160755225767,19050.150623291327,2.7034476961995804,2.7034476961995804,100.65425830032126,49524.70300934074,3866.361270974671,12395.202228869763,1,0.00038073188476320496,0.000323611195668754,13,1
560,7,0.01,0.009875948683672862,0,159.98463039931457,1.5601092748923415,0.012589066523834522,477.26112621949545,4.772611262194955,0.0,175.7203622799197,30.51665669210718,49464.08098107853,84632.86030442748,109955.61278808666,704.7943022816422,19076.876199500755,2.4275758978049855,2.427575897804986,100.65425830032126,49524.70300934074,3866.361270974671,12398.237965840137,1,0.00020014225441458198,0.0002864887902489187,13,1
561,7,0.01,0.010109168880572282,0,156.29375853404045,1.5635150462863021,0.010433515008669594,838.9122930300806,8.389122930300806,0.0,176.04960728267204,30.51665669210718,49527.721316488816,84624.92102181162,110079.01424997134,704.0483205545967,19025.004037906416,2.609603995707769,2.609603995707765,100.65425830032126,49524.70300934074,3866.361270974671,12406.220622032663,1,0.0003527619931574628,0.00031121204411174995,13,1
562,7,0.01,0.009903751230676099,0,159.5355096466956,1.5675900172134738,0.007854419485143212,559.7481872752855,5.597481872752856,0.0,174.90912327356935,30.527851655852686,49530.75262903297,84624.09699740988,110222.58884484845,703.1340314400483,19121.03792004825,2.2491490993299728,2.2491490993299754,100.65425830032126,49524.70300934074,3869.160011911047,12407.098828293525,1,0.0002341915494821102,0.00026236526568471834,13,1
563,7,0.01,0.010124466182865126,0,156.05761049150695,1.560468314413425,0.012361826320617109,642.1075168167929,6.4210751681679294,0.0,174.1786641824687,30.527851655852686,49570.012601077484,84619.22850280895,109974.54125223836,704.7534399541937,18399.76314573141,2.4531154127916497,2.453115412791652,100.65425830032126,49524.70300934074,3869.160011911047,12412.006863300427,1,0.00027918077498329387,0.0002887114392076223,13,1
564,7,0.01,0.010015448317194663,0,157.75629307451308,1.5619523722124211,0.01142254923264491,788.8212991731112,7.888212991731113,0.0,174.69603869162032,30.527851655852686,49625.61031909569,84611.74666253255,110030.16984126059,704.4399803651427,18286.387713321757,2.4376379009362914,2.4376379009362887,100.65425830032126,49524.70300934074,3869.160011911047,12419.527678206603,1,0.00034509660914536976,0.00028615631120359125,13,1
565,7,0.01,0.009836122838118452,0,160.63239815152997,1.5572331276729983,0.014409412865191018,555.5648102286111,5.555648102286112,0.0,173.18939868747347,30.527851655852686,49656.05253309574,84607.277886253,109866.15412156534,705.5215572362009,18609.831415253855,2.4399005060196863,2.4399005060196894,100.65425830032126,49524.70300934074,3869.160011911047,12424.036336800964,1,0.00023882636992540761,0.00028770125135135706,13,1
566,7,0.01,0.01011298300805122,0,156.23481209669978,1.5435343581422887,0.023079520163108477,282.4954222719775,2.8249542227197746,0.0,170.2688062878216,30.527851655852686,49670.99691564824,84604.7367186833,109383.73568046592,708.6576019733959,19018.7538267609,2.0368005526673474,2.0368005526673483,100.65425830032126,49524.70300934074,3869.160011911047,12426.61188064616,1,0.00011882815239954742,0.0002342503771567749,13,1
567,7,0.01,0.009848047605077152,0,160.43789219554873,1.5334812997937275,0.02944221532042568,515.1768628305963,5.151768628305963,0.0,170.1493465418409,30.527851655852686,49732.283225053914,84596.9213640281,109031.11319911944,711.0038656081786,19057.7162910749,1.7224004033051457,1.722400403305147,100.65425830032126,49524.70300934074,3869.160011911047,12434.456483475087,1,0.0002162596420104601,0.00019130472144513835,13,1
568,7,0.01,0.009954799471138764,0,158.71741109208486,1.5461585862081473,0.021418616323957463,683.5461376203921,6.835461376203921,0.0,170.92028858961402,30.527851655852686,49808.40054017428,84587.1561849935,109484.66270473048,708.1075879365935,18602.66657556829,1.8660337244144356,1.8660337244144347,100.65425830032126,49524.70300934074,3869.160011911047,12444.252312884024,1,0.00029395619594370354,0.00020968133011790366,13,1
569,7,0.01,0.010185591165159462,0,155.12108962359517,1.5571115402588083,0.014486366924804938,813.4129951529111,8.134129951529111,0.0,171.52317697094398,30.527851655852686,49886.327029306325,84577.30588927909,109875.61154766155,705.6373850353654,18548.60800738483,2.4327216334537916,2.4327216334537907,100.65425830032126,49524.70300934074,3869.160011911047,12454.142182768956,1,0.00035082438308214344,0.0002870134070121024,13,1
570,7,0.01,0.009984751012759405,0,158.2413019594515,1.5829976686782927,0.0018972586571472487,1303.2846764529602,13.032846764529602,0.0,173.47164584541508,30.527851655852686,49992.36294659236,84564.20322832146,110789.80218219737,699.8734386936915,18278.776122868047,3.3033449655805205,3.303344965580518,100.65425830032126,49524.70300934074,3869.160011911047,12467.29690141479,1,0.000570403474583819,0.000405061351203222,13,1
571,7,0.01,0.010121174358747417,0,156.10836687488296,1.5611239183925034,0.011946887093352312,585.5306186028824,5.855306186028825,0.0,170.30863876959071,30.539562268224742,50002.877598935534,84563.3947381263,110023.29139013313,704.7697501388911,18594.032674068174,3.188979598194721,3.1889795981947238,100.65425830032126,49524.70300934074,3872.0876650040614,12468.175197342694,1,0.0002519219488817967,0.00039104993551591975,13,1
572,7,0.01,0.010028302238463491,0,157.5540866668258,1.5649232631977603,0.009542238482430224,540.3548312765072,5.403548312765072,0.0,167.38680541779837,30.550369364850273,50012.54263724301,84562.64837646692,110157.29492085672,703.9149938621372,19047.237155732077,2.8740069705755698,2.8740069705755693,100.65425830032126,49524.70300934074,3874.789439160444,12468.985729589609,1,0.00022695357940199443,0.00034975966762253673,13,1
573,7,0.01,0.010025819199663536,0,157.59310720993497,1.5713924075407455,0.005447843328642137,911.8891114196207,9.118891114196208,0.0,168.43493314531807,30.568607147078666,50027.71688910456,84561.34805346471,110385.09285863512,702.4667570552259,19027.21717001579,2.4213232615149702,2.4213232615149702,100.65425830032126,49524.70300934074,3879.348884717542,12470.353563256738,1,0.0003834040903707682,0.00028742653955151975,13,1
574,7,0.01,0.009975309192309734,0,158.39108037052821,1.5487283905087323,0.019792157905865648,556.6077177793788,5.5660771777937885,0.0,166.97256889608823,30.568607147078666,50072.86552156985,84555.33867874778,109590.12357248187,707.613576687151,19000.382608582717,2.3762275977141236,2.3762275977141267,100.65425830032126,49524.70300934074,3879.348884717542,12476.402811319418,1,0.00023435642502396854,0.0002815713649322437,13,1
575,7,0.01,0.00994587490674321,0,158.85983031304514,1.5547712528684006,0.015967561475695887,869.5196062271551,8.69519606227155,0.0,167.3047486649206,30.58599753920321,50086.13507694725,84554.09262702143,109804.03905320716,706.2391901743068,18953.85603352821,2.7184460508469974,2.718446050846997,100.65425830032126,49524.70300934074,3883.696482748678,12477.720129373956,1,0.0003670048373012977,0.00032825511756534484,13,1
576,7,0.01,0.009840353778574912,0,160.56333294033428,1.5694450277237504,0.006680362200158029,985.0592153681293,9.850592153681294,0.0,168.15643490787403,30.58599753920321,50167.81918179406,84543.72952057762,110325.02827297988,702.9556711074496,19037.150898592437,2.7930034602065055,2.7930034602065033,100.65425830032126,49524.70300934074,3883.696482748678,12488.129497475766,1,0.00041395236949703956,0.0003384378772741019,13,1
577,7,0.01,0.009967229273558358,0,158.5194798509868,1.5352581585551748,0.028317621167610944,660.9963510618636,6.609963510618636,0.0,166.15337642860646,30.58599753920321,50259.69063057268,84531.80726584666,109124.07843881211,710.7865073422463,19270.335754799187,2.882771549546373,2.8827715495463764,100.65425830032126,49524.70300934074,3883.696482748678,12500.101250029531,1,0.00027440989486537433,0.00035178903388790385,13,1
578,7,0.01,0.010017476551625167,0,157.72435222158535,1.5651936347956852,0.009371117217920813,1000.2572754718004,10.002572754718004,0.0,166.65984387684455,30.58599753920321,50373.44543954632,84517.62392009741,110187.67686270941,703.9875093607375,19571.990616774423,2.980694973851759,2.9806949738517567,100.65425830032126,49524.70300934074,3883.696482748678,12514.33550383743,1,0.00040885254650163883,0.0003657382702880176,13,1
579,7,0.01,0.009991971436560762,0,158.12695322754408,1.545929069641539,0.021563879973709482,628.5409107191817,6.285409107191818,0.0,164.99804303670814,30.58599753920321,50434.67037681875,84509.38295305031,109512.24932442897,708.3911640902257,19729.251787997695,2.588034436860792,2.5880344368607893,100.65425830032126,49524.70300934074,3883.696482748678,12522.62164651523,1,0.00025486659807405574,0.00031270967981368965,13,1
580,7,0.01,0.010009454909904621,0,157.8507535346953,1.5784550434353033,0.0009778206105675795,1173.8730657769327,11.738730657769327,0.0,166.22515036718286,30.58599753920321,50495.78476696289,84501.91531907902,110660.0301186477,701.0654537097898,19733.25687227022,3.0805258840440497,3.080525884044048,100.65425830032126,49524.70300934074,3883.696482748678,12530.14186155588,1,0.0004758963300889253,0.00037987182488820656,13,1
581,7,0.01,0.01020210098298156,0,154.8700608468439,1.5825730024289184,0.001628482549948314,650.0390061723166,6.5003900617231665,0.0,164.2723958026313,30.598998319326654,50525.67750340162,84501.1262182051,110804.55913879204,700.1544887264615,20164.807471363274,2.7030701869163356,2.703070186916336,100.65425830032126,49524.70300934074,3886.9466777795396,12531.116920065138,1,0.00025789048850397765,0.0003295511388889862,13,1
582,7,0.01,0.010103288455201863,0,156.38472632012287,1.5585238247676514,0.013592515969840938,963.3817272563851,9.633817272563851,0.0,164.09394234011054,30.61826595387178,50542.17108569137,84499.76393688853,109961.44163327162,705.5486729544539,20337.28180505017,3.0021933004632926,3.002193300463297,100.65425830032126,49524.70300934074,3891.7635864158215,12532.561992656023,1,0.0003789618441603764,0.0003709162209177598,13,1
583,7,0.01,0.010103288455201863,1,156.38472632012287,1.5565493093875133,0.014842209248409318,658.2047796843716,6.5820477968437165,0.0,162.7963218357171,30.61826595387178,50591.596030066576,84493.61341035398,109894.70808109872,706.0149486966218,20326.689285332446,2.47235839395209,2.472358393952091,100.65425830032126,49524.70300934074,3891.7635864158215,12538.756668868395,1,0.0002590504613692605,0.0002986342646778715,13,1
584,8,0.01,0.010181369358943562,0,155.1854121284864,1.5963316259731934,0.010336472134932516,571.3019436182891,5.713019436182891,0.0,208.5684733868162,31.021881328290892,48086.45334924471,84492.81710239497,112562.69705334835,705.1335400607954,20368.48208742079,2.4722555642085693,2.47225556420857,101.84241043710395,49422.86059890364,3894.6200961339127,12539.613621783823,1,0.00022438665430886084,0.00028746631994616586,16,1
585,8,0.01,0.009990000670232075,0,158.15814754728095,1.5992911000637435,0.012209557002369278,499.595191700964,4.9959519170096405,0.0,207.09030913312006,31.031873232124912,48117.330922616966,84492.26105548517,112667.21821122713,704.4822434560945,20778.575383118598,2.0081939844354926,2.0081939844354904,101.84241043710395,49422.86059890364,3897.1180720924176,12540.363014571374,1,0.0001923501231395706,0.00022526241293923063,16,1
586,8,0.01,0.010090449771619594,0,156.58370397362356,1.5757636796037238,0.0026812154406812057,624.0831380234882,6.240831380234883,0.0,206.8020721058292,31.04435489488538,48127.6812095348,84491.37925130584,111837.12583190425,709.7328570235181,20816.81100925875,1.960270419261902,1.9602704192618996,101.84241043710395,49422.86059890364,3900.2384877825352,12541.29913927841,1,0.000239838133802882,0.0002188583037504378,16,1
587,8,0.01,0.009971417026505603,0,158.45290551985843,1.5807138349607852,0.00045179427897793824,721.6709739641474,7.216709739641474,0.0,206.92747589217547,31.058788314364662,48140.56442050634,84490.35627983237,112012.91735535988,708.6223633776112,21161.11885163812,2.0724633392283645,2.072463339228366,101.84241043710395,49422.86059890364,3903.846842652356,12542.381645739357,1,0.00027282904236730626,0.0002350057664365863,16,1
588,8,0.01,0.010015929883163095,0,157.74870815100255,1.5574054560496666,0.014300344272362939,1144.426774999853,11.44426774999853,0.0,208.45619356018574,31.08167684986466,48154.23732026738,84488.69027735462,111186.0849884526,713.9186815903053,20316.90762037969,2.7185223436571553,2.718522343657153,101.84241043710395,49422.86059890364,3909.568976527355,12544.130516137837,1,0.0004506303011790593,0.0003210991591164159,16,1
589,8,0.01,0.009953251192745628,0,158.74210038540716,1.579989449008905,6.677842465213564e-06,1252.136472906849,12.52136472906849,0.0,209.51923220630036,31.08167684986466,48311.9745688992,84469.11213394762,111997.161279259,708.8475264788161,20337.14502757121,3.33499348252756,3.334993482527562,101.84241043710395,49422.86059890364,3909.568976527355,12563.767278350766,1,0.0004925515243007094,0.000405336955949025,16,1
590,8,0.01,0.010030217046141965,0,157.52400897523282,1.586601390601611,0.004178095317475261,965.3074442764082,9.653074442764082,0.0,207.82427075095202,31.100982998750187,48327.87149988416,84467.75549708102,112231.61664402731,707.371223224953,19961.937182555757,3.6164357159935974,3.616435715993602,101.84241043710395,49422.86059890364,3914.395513748737,12565.21523951718,1,0.0003868592253140508,0.0004433470169312732,16,1
591,8,0.01,0.00990330173523738,0,159.5427507149592,1.557403408982091,0.014301639884752606,725.4406937338846,7.254406937338846,0.0,205.1558747646943,31.100982998750187,48384.45861023311,84460.23142706322,111199.19272310317,714.0037840021312,19987.924005192104,3.221057373591463,3.2210573735914627,101.84241043710395,49422.86059890364,3914.395513748737,12572.795870588856,1,0.0002903515917092511,0.00038992078044133713,16,1
592,8,0.01,0.009869955931078757,0,160.0817684529733,1.554685536170114,0.01602181255056083,550.1042384203926,5.5010423842039256,0.0,202.76214338198574,31.100982998750187,48419.12899939164,84455.44446851562,111104.52580038634,714.6430787160116,20269.24861826533,2.5413273802127754,2.5413273802127727,101.84241043710395,49422.86059890364,3914.395513748737,12577.62816857594,1,0.00021711874920698319,0.000298109855410095,16,1
593,8,0.01,0.009917164143716763,0,159.31973869778525,1.568652248971161,0.007182120904328553,985.8486240327924,9.858486240327924,0.0,203.71542731006005,31.100982998750187,48497.82903483049,84445.04013976309,111606.52687266437,711.480361220049,20539.04050827156,2.5312438890800286,2.531243889080027,101.84241043710395,49422.86059890364,3914.395513748737,12588.077750297914,1,0.0003839901376642274,0.00029715349286015387,16,1
594,8,0.01,0.009917164143716763,1,159.31973869778525,1.5625488473662443,0.011045033312503632,715.6260456396246,7.156260456396247,0.0,202.76564508124105,31.100982998750187,48538.034229879486,84439.36444058116,111392.17848255973,712.8876557703583,20481.653405991052,2.504205991525555,2.5042059915255543,101.84241043710395,49422.86059890364,3914.395513748737,12593.798324547346,1,0.0002795188577618634,0.000293542581544358,16,1
595,8,0.01,0.009852449900978178,0,160.36620494189302,1.575960058437854,0.002556925039333009,1123.9033333306468,11.239033333306468,0.0,203.54254441547056,31.100982998750187,48616.98910850059,84429.10160479887,111873.22424110795,709.8734745346311,20885.62647948974,3.017798086939875,3.017798086939872,101.84241043710395,49422.86059890364,3914.395513748737,12604.11577939059,1,0.0004304982986971833,0.00036466909804109133,16,1
596,8,0.01,0.01008022061482198,0,156.74260121616427,1.568805350768666,0.007085221032489984,849.849846151163,8.49849846151163,0.0,202.5825325483264,31.100982998750187,48662.28856655182,84423.53616789413,111621.9260424415,711.5090854818301,20693.719490209336,2.8844848031901615,2.884484803190161,101.84241043710395,49422.86059890364,3914.395513748737,12609.733229010593,1,0.00032854406731597815,0.000346187074591675,16,1
597,8,0.01,0.010159725745169618,0,155.51600895833255,1.5613117837729158,0.011827984953850807,946.8474318915207,9.468474318915208,0.0,201.8536707240547,31.100982998750187,48764.442893199994,84410.6374047301,111361.22635855108,713.2542488691545,20697.89104061706,3.0934886514855937,3.0934886514855946,101.84241043710395,49422.86059890364,3914.395513748737,12622.688043910366,1,0.00036596866029817214,0.0003750036754371112,16,1
598,8,0.01,0.009951885085202788,0,158.7638911093601,1.5558854138030989,0.015262396327152665,382.69280649918056,3.826928064991806,0.0,198.3511630941953,31.100982998750187,48781.04361867177,84408.09718616893,111169.02943598875,714.5065340271739,20408.512591404735,2.4097576170127986,2.4097576170127977,101.84241043710395,49422.86059890364,3914.395513748737,12625.271553189063,1,0.0001500130123781214,0.0002815085799974239,16,1
599,8,0.01,0.010088472520059802,0,156.61439299738848,1.5407855543004343,0.024819269430104922,612.6121143705218,6.126121143705218,0.0,197.37918926570325,31.100982998750187,48847.029715132456,84399.30358762693,110633.07606171104,718.0303303917071,20653.39141682108,2.181788575030612,2.181788575030613,101.84241043710395,49422.86059890364,3914.395513748737,12634.105137719791,1,0.00023729259839488915,0.00025109142369039424,16,1
600,8,0.01,0.010061223649381106,0,157.03855267119425,1.5470391841492233,0.020861275854922035,631.9040728200895,6.319040728200895,0.0,197.3744365304012,31.100982998750187,48905.99953949418,84391.40016248875,110860.5990201312,716.5985202960306,20932.184133726285,1.8742734495064761,1.8742734495064786,101.84241043710395,49422.86059890364,3914.395513748737,12642.043210134663,1,0.00024150526052442092,0.0002096036237658105,16,1
601,8,0.01,0.009966285270315805,0,158.53449476365773,1.5731785805935707,0.004317354054702107,1115.9332134569572,11.159332134569572,0.0,198.94511063840926,31.100982998750187,49013.63809000069,84378.07802193945,111797.9570249703,710.6501347277954,20514.72803998443,2.5779619787161296,2.577961978716127,101.84241043710395,49422.86059890364,3914.395513748737,12655.411234657566,1,0.00043517348561752776,0.00030465711484561263,16,1
602,8,0.01,0.010109437843067863,0,156.28960032465318,1.5779429668373959,0.0013019197231672111,699.398673090048,6.99398673090048,0.0,197.41009329859625,31.11497097221199,49025.56272053906,84377.09744410335,111967.3762546901,709.5780938084318,20475.161556181185,2.6634477065076956,2.6634477065076942,101.84241043710395,49422.86059890364,3917.892507114187,12656.4603326672,1,0.0002732671666285959,0.00031664863759018155,16,1
603,8,0.01,0.010077881620531273,0,156.77897989803017,1.5535145145389342,0.016762965481687268,670.8332344842503,6.708332344842503,0.0,195.48849352764006,31.128387636901675,49037.57473342903,84376.16044868571,111099.12852440539,715.1470262083672,20521.406022525163,2.7079284610694754,2.7079284610694736,101.84241043710395,49422.86059890364,3921.2466732866083,12657.466582518928,1,0.0002615155058080973,0.000323318719351407,16,1
604,8,0.01,0.01005991468588137,0,157.0589860187838,1.5550828355453326,0.015770357249789566,701.711484162601,7.01711484162601,0.0,194.96135050243763,31.128387636901675,49097.32110518889,84368.72796116571,111158.51741311834,714.8076930200156,20426.596395940873,2.318413396109008,2.318413396109007,101.84241043710395,49422.86059890364,3921.2466732866083,12664.940692217637,1,0.00027482267552005627,0.0002698684493189165,16,1
605,8,0.01,0.010108744372849088,0,156.30032195132924,1.5599225315027028,0.012707258542593228,661.3633681833186,6.613633681833186,0.0,194.16587455290437,31.141614904265342,49108.91005618741,84367.79703111186,111331.61673280297,713.6996516458745,20567.072591575878,2.275650385602801,2.2756503856027996,101.84241043710395,49422.86059890364,3924.553490127525,12665.932737269912,1,0.000257251338123524,0.00026452983981722585,16,1
606,8,0.01,0.009790603234928282,0,161.37922884703374,1.5662616884598937,0.008695133886143295,890.6524413080269,8.90652441308027,0.0,194.6580896137094,31.141614904265342,49176.32153509527,84359.27939862767,111561.25024727438,712.2772080122361,20855.79555479532,2.4667164094213283,2.46671640942133,101.84241043710395,49422.86059890364,3924.553490127525,12674.495230546789,1,0.0003416421834278066,0.00029123873235712897,16,1
607,8,0.01,0.009995035216062747,0,158.0784825510995,1.5610991228927698,0.011962580447614125,716.2457818128349,7.16245781812835,0.0,193.68663518129011,31.141614904265342,49221.97478101657,84353.24412727702,111380.27435789061,713.4734285898462,20910.931310416232,2.4621638214745194,2.4621638214745203,101.84241043710395,49422.86059890364,3924.553490127525,12680.57559071325,1,0.00027401774552472696,0.00029097042235868583,16,1
608,8,0.01,0.009965047019761,0,158.55419416153387,1.5574266350756383,0.014286939825545438,620.0515383610515,6.200515383610515,0.0,192.02074506392853,31.141614904265342,49259.407987126906,84347.91743696046,111251.86699821326,714.3313495008397,21015.85916296272,2.4059485025144154,2.4059485025144145,101.84241043710395,49422.86059890364,3924.553490127525,12685.946687297497,1,0.00023603185900819085,0.0002838972626535748,16,1
609,8,0.01,0.010075945686767297,0,156.8091025019129,1.5588651622579517,0.013376479583574926,755.4969216796351,7.554969216796351,0.0,191.83802976542844,31.141614904265342,49319.69186090256,84340.41539428361,111306.61738200524,714.0233810907815,21337.855230745372,2.258518872722363,2.2585188727223637,101.84241043710395,49422.86059890364,3924.553490127525,12693.490972348478,1,0.0002832513065665763,0.00026443363703316467,16,1
610,8,0.01,0.009999955050036759,0,158.0007102126116,1.556568499762329,0.014830063441563951,898.8088896536082,8.988088896536082,0.0,192.34197575692923,31.141614904265342,49426.92583982794,84326.50307971588,111231.06475666196,714.5915182894021,21614.263145832563,2.3978999771893936,2.397899977189394,101.84241043710395,49422.86059890364,3924.553490127525,12707.448763370672,1,0.00033267250744170097,0.0002839852243388227,16,1
611,8,0.01,0.010068816748329289,0,156.92012671321766,1.561596514920414,0.011647775366826582,738.510164725292,7.38510164725292,0.0,191.31603202357036,31.15638510755985,49440.36404126718,84325.46430009039,111410.83862045864,713.4419010030682,21286.870749250902,2.502153597180299,2.5021535971803024,101.84241043710395,49422.86059890364,3928.2460409511514,12708.55652861776,1,0.0002775457880773878,0.0002978232006952217,16,1
612,8,0.01,0.010127682316641596,0,156.0080530373447,1.577891212511346,0.0013346756257304193,1220.4065647968846,12.204065647968847,0.0,192.6578490695492,31.15638510755985,49542.92387757196,84314.29239744486,111994.82299225431,709.7753134324462,21286.714581719858,2.9312718154197537,2.9312718154197515,101.84241043710395,49422.86059890364,3928.2460409511514,12719.862141672033,1,0.00045865473889330723,0.00035629101147079866,16,1
613,8,0.01,0.010027740929416155,0,157.5629058550072,1.5616473394480628,0.01161560794426411,439.39764489091505,4.39397644890915,0.0,188.9254750770414,31.16517306045767,49550.73770434919,84313.69422362665,111418.0510561727,713.4648665014951,21724.26799331951,2.502579298403089,2.5025792984030915,101.84241043710395,49422.86059890364,3930.443029175606,12720.521238139369,1,0.00016180895762325724,0.0002993364948646508,16,1
614,8,0.01,0.010143819279357811,0,155.75987273503824,1.5522157167536628,0.017584989396416013,958.8086270328962,9.588086270328962,0.0,189.0165517945054,31.16517306045767,49705.96499990691,84293.99904456893,111090.44438208787,715.6894701106673,22023.605420499345,2.6705455437329784,2.670545543732978,101.84241043710395,49422.86059890364,3930.443029175606,12740.268183217935,1,0.00034828398301776583,0.0003229158931781101,16,1
615,8,0.01,0.010085841265644466,0,156.65525149418866,1.5541404638728509,0.016366795017183036,691.0079129929268,6.910079129929268,0.0,188.432870976766,31.16517306045767,49765.48467038585,84286.57399183647,111162.59113681069,715.2673372894385,21571.069147716003,2.1836653252505296,2.1836653252505287,101.84241043710395,49422.86059890364,3930.443029175606,12747.73466238817,1,0.00025627210529473174,0.00025545501531191826,16,1
616,8,0.01,0.009910104217785784,0,159.4332375601414,1.5268841238765776,0.03361764311609019,467.00028936621385,4.670002893662138,0.0,185.80858732752256,31.16517306045767,49820.938005052696,84279.0650626175,110188.42956997325,721.6554802483498,21859.61021698663,2.1972180203308946,2.1972180203308964,101.84241043710395,49422.86059890364,3930.443029175606,12755.2866492175,1,0.0001709089173066107,0.0002584883352063694,16,1
617,8,0.01,0.009786550119072786,0,161.44606432053862,1.5106024893748955,0.04392247507918011,373.67938367252134,3.7367938367252136,0.0,184.02401845461418,31.16517306045767,49872.03261825843,84272.01030565894,109603.53994014574,725.5617590402684,21309.852137788468,1.6960325150453497,1.696032515045352,101.84241043710395,49422.86059890364,3930.443029175606,12762.374149303456,1,0.00014028417701120727,0.00018915506653751659,16,1
618,8,0.01,0.009929380221070632,0,159.1237282511513,1.524410111946761,0.035183473451417126,467.847810825778,4.678478108257781,0.0,183.65267511075572,31.16517306045767,49930.441814651735,84264.14203074922,110106.17721625752,722.2871086550684,21007.849161811406,1.5098485605545402,1.509848560554539,101.84241043710395,49422.86059890364,3930.443029175606,12770.270862602207,1,0.00017816114623528184,0.0001631180801843666,16,1
619,8,0.01,0.00994511432103952,0,158.87197964707252,1.5448776900553096,0.022229310091576235,739.8953160363509,7.398953160363509,0.0,184.54184901237073,31.16517306045767,50021.608636764446,84252.14621536106,110847.27470433389,717.514890776663,20354.68579341803,1.8134195712282417,1.8134195712282444,101.84241043710395,49422.86059890364,3930.443029175606,12782.299294513095,1,0.0002908009776404827,0.00020308210029565727,16,1
620,8,0.01,0.010144762175218907,0,155.74539577276056,1.5609442301139547,0.01206061385192747,568.3382532752955,5.6833825327529555,0.0,183.85401940187919,31.16517306045767,50051.577101458155,84248.44254870915,111423.0467456577,713.8182428050194,19696.725004926288,2.043541086568852,2.0435410865688537,101.84241043710395,49422.86059890364,3930.443029175606,12786.038211759327,1,0.00023083563511523878,0.00023326591966366778,16,1
621,8,0.01,0.009993757433915845,0,158.09869415460787,1.5750130633175294,0.0031562890395383752,1123.9658638152268,11.23965863815227,0.0,185.43714001802812,31.16517306045767,50136.169680499974,84238.00073822752,111928.12031026019,710.6488378864639,19384.232466760066,2.747234704219826,2.747234704219826,101.84241043710395,49422.86059890364,3930.443029175606,12796.526170649742,1,0.00046386809103433733,0.0003285015679300196,16,1
622,8,0.01,0.010123048095733198,0,156.079471820939,1.5749824561901378,0.003175660639153355,1174.897480518836,11.74897480518836,0.0,186.49322382375288,31.16517306045767,50252.896018229716,84223.32382856391,111933.66474586203,710.6978513057734,19669.990263817916,3.199258899894659,3.199258899894661,101.84241043710395,49422.86059890364,3930.443029175606,12811.257639198131,1,0.00047784364496814555,0.00039084912370590725,16,1
623,8,0.01,0.009892866412944692,0,159.7110416787383,1.5697643931058154,0.0064782322115092906,1046.964894198009,10.46964894198009,0.0,185.82178714413823,31.16517306045767,50354.43055352206,84210.27261420093,111754.43761098705,711.9185407810041,18616.041855509044,3.750638585795068,3.7506385857950715,101.84241043710395,49422.86059890364,3930.443029175606,12824.369644490303,1,0.0004499194414469715,0.00046387705914981814,16,1
624,8,0.01,0.01004642222517514,0,157.26991804512335,1.5773381440387169,0.0016847189628374749,1113.701449505845,11.13701449505845,0.0,185.52811385762524,31.187447089447787,50373.99493176956,84208.69739598587,112024.11492309734,710.209889657925,18943.53840458147,3.759484858950487,3.759484858950487,101.84241043710395,49422.86059890364,3936.0115364231356,12826.040196664562,1,0.0004703245721977675,0.0004660292195376282,16,1
625,8,0.01,0.010005872533617063,0,157.9072684257791,1.582697805594887,0.0017074718954980825,773.5570048552513,7.735570048552513,0.0,183.15556926073037,31.202918229544892,50387.88627392672,84207.61669967654,112214.5643632809,709.0081503025963,19414.58757171319,3.359230381514635,3.359230381514635,101.84241043710395,49422.86059890364,3939.8793214474117,12827.200532171844,1,0.00031875289732440743,0.00041299897032304883,16,1
626,8,0.01,0.01006940646767581,0,156.9109366149851,1.5878386149810055,0.0049611487221553575,739.6979210470828,7.396979210470828,0.0,181.364561309364,31.217712187965834,50421.80865039357,84206.70988583588,112396.99606891602,707.861586237217,19725.384135640685,2.9856829334061072,2.9856829334061032,101.84241043710395,49422.86059890364,3943.577811052647,12828.310079053415,1,0.00029999838419797947,0.00036302528457338477,16,1
627,8,0.01,0.009972823686044562,0,158.43055585259847,1.5508350752644073,0.01845881312379287,820.933751267078,8.20933751267078,0.0,181.20491032374173,31.217712187965834,50522.03365853625,84193.65977708812,111087.53581974891,716.3078627223414,19585.685788720624,2.65926772853794,2.6592677285379374,101.84241043710395,49422.86059890364,3943.577811052647,12841.406076835268,1,0.00033531989030064104,0.0003180237239410093,16,1
628,8,0.01,0.010061006761748998,0,157.04193799044162,1.5505225379593308,0.018656621544727376,850.5122944524151,8.505122944524151,0.0,181.03771364427848,31.217712187965834,50630.205434057825,84179.27531277829,111082.90859964436,716.4224052224515,19928.75571576202,2.70830752669578,2.7083075266957786,101.84241043710395,49422.86059890364,3943.577811052647,12855.8381048045,1,0.0003414211329931569,0.0003255798024972591,16,1
629,8,0.01,0.010136653054330058,0,155.8699889925772,1.5652931112850152,0.009308157414547356,956.4704152720543,9.564704152720543,0.0,181.131174019953,31.217712187965834,50715.417971022434,84168.57679804845,111614.85418866569,713.0604062841389,20295.964681744576,2.889869250541019,2.88986925054102,101.84241043710395,49422.86059890364,3943.577811052647,12866.587811259626,1,0.0003770090972349245,0.0003512500401762408,16,1
630,8,0.01,0.010060293217798444,0,157.05307646547516,1.5692888081778669,0.006779235330464053,582.6423952436659,5.826423952436659,0.0,178.76326655984266,31.229365035870707,50725.11019669636,84167.76696699506,111757.43883442317,712.1534178542126,20292.334948382075,2.6286587213030654,2.6286587213030663,101.84241043710395,49422.86059890364,3946.4910230288656,12867.46177485249,1,0.00022969949854494018,0.00031604324292434054,16,1
631,8,0.01,0.009965195265646511,0,158.55183545141446,1.5615452650290016,0.01168021200696106,929.3374264061846,9.293374264061846,0.0,179.22758449049323,31.229365035870707,50820.69419436803,84155.1417119617,111487.56888891861,713.9566901177727,20078.885029479396,2.703130852709432,2.703130852709434,101.84241043710395,49422.86059890364,3946.4910230288656,12880.134503626097,1,0.000370274514761851,0.0003256610368472386,16,1
632,8,0.01,0.010161527530015861,0,155.4884337352707,1.5569884413021617,0.014564277656859703,909.9590212628278,9.099590212628279,0.0,179.6173369764824,31.229365035870707,50928.241684900415,84141.53081153489,111331.13930331092,715.0415272845632,20100.51550007454,2.667363597467897,2.667363597467896,101.84241043710395,49422.86059890364,3946.4910230288656,12893.792439390152,1,0.00036216345645839916,0.0003207124899217301,16,1
633,8,0.01,0.010108222323348546,0,156.30839424162906,1.5661806566435608,0.008746419845847661,938.9962283425089,9.389962283425088,0.0,179.35869644980076,31.229365035870707,51004.0417173559,84132.06471075385,111663.10161802293,712.9643770299468,19806.527814922018,3.0356766877503363,3.035676687750333,101.84241043710395,49422.86059890364,3946.4910230288656,12903.31099896258,1,0.00037926737573259236,0.00037056844898428085,16,1
634,8,0.01,0.009860920933929786,0,160.22844221004584,1.5613065295645985,0.011831310402152908,713.0434040275567,7.130434040275567,0.0,177.65169151712718,31.229365035870707,51049.6628785858,84126.04679737806,111492.26542568607,714.0959402557415,20101.06061031261,2.81727226259928,2.8172722625992788,101.84241043710395,49422.86059890364,3946.4910230288656,12909.378518932055,1,0.00028378339545396457,0.0003417380758816521,16,1
635,8,0.01,0.01002470003136797,0,157.61070107395457,1.565638103665908,0.009089807806387422,632.3110135350732,6.323110135350732,0.0,175.92926592946944,31.24201125614141,51060.59810532652,84125.16258424579,111647.05043606593,713.108924563389,20455.75148069965,2.529078289722972,2.5290782897229693,101.84241043710395,49422.86059890364,3949.6525780965408,12910.326985452357,1,0.0002472892825791981,0.000303446684588585,16,1
636,8,0.01,0.010033785317841682,0,157.46798939284722,1.5324281340580954,0.030108775912597883,540.7327539432711,5.4073275394327105,0.0,174.59338327184798,31.24201125614141,51123.13824027982,84116.64547007246,110462.23768887133,720.8314389031156,20387.937715746688,2.1211455173150138,2.1211455173150124,101.84241043710395,49422.86059890364,3949.6525780965408,12918.882696100341,1,0.00021217751848462215,0.0002477500655059283,16,1
637,8,0.01,0.010054685720308418,0,157.14066495472073,1.5502773049302079,0.018811832322653287,921.6050096856524,9.216050096856524,0.0,175.64211461517763,31.24201125614141,51266.360994210976,84097.96827113641,111111.21748154778,716.7183388945367,19980.16647694802,2.3368202572548817,2.33682025725488,101.84241043710395,49422.86059890364,3949.6525780965408,12937.60101120657,1,0.0003690079402487253,0.0002761582471041818,16,1
638,8,0.01,0.009915747932217034,0,159.34249345593565,1.5517643426121062,0.017870669232844246,615.1781746210711,6.151781746210711,0.0,174.46304494584805,31.24201125614141,51316.22689813669,84091.45310338837,111167.41172646529,716.3936473713248,20068.605181107032,2.328251059556123,2.328251059556123,101.84241043710395,49422.86059890364,3949.6525780965408,12944.157352913988,1,0.00024523006718980616,0.00027547184197438453,16,1
639,8,0.01,0.009978013324823197,0,158.34815494476166,1.5580802949198047,0.013873231063414785,815.2788093081604,8.152788093081604,0.0,174.24992466928984,31.258316832327573,51325.59681008952,84090.27397438374,111393.76152023433,714.9423677549803,19998.24103776114,2.606287738489878,2.6062877384898786,101.84241043710395,49422.86059890364,3953.7289721430816,12945.40664820437,1,0.0003261402071387107,0.00031345940485908076,16,1
640,8,0.01,0.009862932410454104,0,160.19576473273779,1.5625675286289362,0.011033209728521424,631.98425330531,6.3198425330531,0.0,173.19876410856278,31.270956517393678,51331.938829997474,84089.3573835784,111554.29546647554,713.9166367059864,20292.825657952137,2.3081159187635354,2.308115918763536,101.84241043710395,49422.86059890364,3956.888893409608,12946.382962751863,1,0.0002491458859235426,0.0002735053867506865,16,1
641,8,0.01,0.010008043116758394,0,157.87302088600137,1.557391617758999,0.01430910268417787,894.5007525479876,8.945007525479877,0.0,173.65833966788247,31.270956517393678,51431.97291962209,84076.1479462673,111375.71220262356,715.1426200873425,20243.312064570277,2.573162793623434,2.5731627936234345,101.84241043710395,49422.86059890364,3956.888893409608,12959.638082300993,1,0.00035349976315922636,0.0003095952854071599,16,1
642,8,0.01,0.010120268640107488,0,156.12233787335697,1.5567584322123773,0.014709853030140989,715.6549905250828,7.156549905250828,0.0,172.8410745561002,31.270956517393678,51489.52981225502,84068.95635262577,111356.34303657556,715.3090725728217,20518.716398117067,2.452859897344905,2.4528598973449047,101.84241043710395,49422.86059890364,3956.888893409608,12966.8738707111,1,0.00027902524763810514,0.000293890298906958,16,1
643,8,0.01,0.009938780530703968,0,158.9732256506612,1.5554780598236955,0.015520215301458608,638.7557867482033,6.387557867482033,0.0,171.38521955598893,31.270956517393678,51536.90853654263,84062.86639823447,111313.42813580798,715.621975075783,20470.944643537714,2.4521458556028386,2.4521458556028373,101.84241043710395,49422.86059890364,3956.888893409608,12973.007959752473,1,0.00024962435212284016,0.0002940497876400572,16,1
644,8,0.01,0.01002641659981887,0,157.58371739994757,1.5471860730964053,0.020768308166832117,778.0661891694932,7.780661891694932,0.0,171.46955897956292,31.270956517393678,51633.30022337804,84050.33974197242,111022.47719791891,717.5767616349342,20403.92398833381,2.3354433173800517,2.3354433173800504,101.84241043710395,49422.86059890364,3956.888893409608,12985.576692520275,1,0.0003050653157164718,0.0002779049718258057,16,1
645,8,0.01,0.010087210670882309,0,156.63398451276726,1.5751773099563584,0.003052335470659281,1170.987864981499,11.70987864981499,0.0,172.98343890429962,31.270956517393678,51745.20159515448,84036.32526178523,112027.08339680612,711.2030035520885,20755.84016129275,2.7521995763152627,2.7521995763152622,101.84241043710395,49422.86059890364,3956.888893409608,12999.640676185325,1,0.00045133817022362943,0.0003353426126876471,16,1
646,8,0.01,0.01003124616066791,0,157.50784844609964,1.5834927424815115,0.002210596507285718,1093.2084879282022,10.932084879282023,0.0,173.1526096247912,31.292820687152243,51762.76100555858,84034.7758628022,112322.84343071212,709.336016625435,21180.07918767499,3.1437495347749334,3.1437495347749302,101.84241043710395,49422.86059890364,3962.354935849249,13001.280488917217,1,0.00041291950922047805,0.0003897743317201931,16,1
647,8,0.01,0.010276656956306647,0,153.74649623099225,1.5587199256390478,0.013468401494273575,1041.8312769093327,10.418312769093328,0.0,172.24248569275375,31.31365731269043,51799.57461558898,84033.42900762025,111442.82470549263,714.9637524509288,21240.55903661088,3.3538336900167,3.353833690016702,101.84241043710395,49422.86059890364,3967.5640922337957,13002.84323583258,1,0.0003923931663431646,0.000418883615262424,16,1
648,8,0.01,0.010120945907106462,0,156.1118905783892,1.5577092695093586,0.014108057272557881,717.2233234774413,7.1722332347744135,0.0,169.76406609275236,31.31365731269043,51855.23709179117,84026.49062288529,111409.9456083296,715.2165541354266,21603.59699835259,2.8926950759865244,2.892695075986527,101.84241043710395,49422.86059890364,3967.5640922337957,13009.836507263057,1,0.0002655940391897272,0.0003569689049177899,16,1
649,8,0.01,0.010042398521483331,0,157.3329316318173,1.562859281469118,0.010848556032203836,730.7166788599113,7.307166788599114,0.0,168.43495449642586,31.32827164626763,51866.92666368118,84025.4647134748,111594.2438850752,714.0389746425183,21615.82350378109,2.5435827792620587,2.5435827792620582,101.84241043710395,49422.86059890364,3971.217675628095,13010.932582281346,1,0.0002704376925476257,0.0003094749660268392,16,1
650,8,0.01,0.010074818823858087,0,156.82664151323658,1.5671057463662497,0.008160920021361017,575.144561459975,5.75144561459975,0.0,167.05824860545675,31.33977453749683,51877.11087565036,84024.65927996149,111745.97671534587,713.0723435508967,21760.483393387705,2.099076847864442,2.0990768478644446,101.84241043710395,49422.86059890364,3974.093398435395,13011.795299123536,1,0.00021144550920582677,0.00024915908031439326,16,1
651,8,0.01,0.010117005670184594,0,156.17269096293504,1.57203206251994,0.005042998405101319,735.1026094832279,7.351026094832279,0.0,167.10449326953324,31.354476589686495,51889.122899842936,84023.61832098268,111921.74771227494,711.9558842385588,21196.370070397206,2.135450694055721,2.135450694055723,101.84241043710395,49422.86059890364,3977.7689114828113,13012.89795303776,1,0.0002774447160685764,0.0002531093059406763,16,1
652,8,0.01,0.009834974141170842,0,160.65115955779248,1.5681100660790828,0.007525274633491966,851.1301013897091,8.511301013897091,0.0,167.6468662231105,31.354476589686495,51938.62634998641,84017.359872059,111785.1587751679,712.8655136732626,21520.35505949119,2.2438801988963606,2.2438801988963593,101.84241043710395,49422.86059890364,3977.7689114828113,13019.198458372259,1,0.00031640002185348055,0.00026843008237596125,16,1
653,8,0.01,0.00999703992490239,0,158.04678303467185,1.5783085424296852,0.001070542766022062,1199.8593462405452,11.998593462405452,0.0,169.0624433361673,31.354476589686495,52017.375923854015,84007.67432781319,112151.94797354213,710.5831651959053,21210.612130364327,2.837157459808966,2.8371574598089677,101.84241043710395,49422.86059890364,3977.7689114828113,13028.936054212014,1,0.000452550577556551,0.00034879843849286934,16,1
654,8,0.01,0.009974029956338974,0,158.41139508467532,1.5631984961080359,0.010633863222762165,414.87836907811084,4.148783690781109,0.0,165.17016831860767,31.362774157068056,52020.790067468355,84007.08957917824,111614.95190923366,714.0165000614211,21325.359894792287,2.5325326806931887,2.5325326806931887,101.84241043710395,49422.86059890364,3979.8433033282017,13029.580562561327,1,0.0001556375587094032,0.00030819605270647824,16,1
655,8,0.01,0.010012516872178488,0,157.80248065202304,1.5684180669858514,0.007330337350727007,948.4019559584765,9.484019559584764,0.0,165.46742811340957,31.362774157068056,52089.78306542495,83998.57501669494,111804.73760613454,712.8503551415869,21737.663918583185,2.607082652682636,2.6070826526826374,101.84241043710395,49422.86059890364,3979.8433033282017,13038.144483070493,1,0.00034903546563628765,0.00031907453396741393,16,1
656,8,0.01,0.010192969909547147,0,155.00879665308423,1.5730660971505697,0.004388546107234434,746.7688543019374,7.467688543019374,0.0,165.32839044787465,31.377709534154096,52114.12158609291,83997.59498009959,111970.570580171,711.7982568119227,21792.240179746204,2.1720244716029113,2.1720244716029105,101.84241043710395,49422.86059890364,3983.577147599711,13039.264636351945,1,0.00027414119820356515,0.000259604740849752,16,1
657,9,0.01,0.00995130396138834,0,158.77316240469546,1.6197177339190325,0.02513780627786863,1339.059439486675,13.390594394866751,0.0,223.3623670122353,31.73353774001729,49598.54590861072,83988.20655381087,114935.04522596064,709.5992271929159,21465.534338239326,3.1105683783680345,3.1105683783680322,107.32767169119663,49315.53292721244,3983.577147599711,13048.70933889442,1,0.0004990546867873625,0.0003740771168757385,19,1
658,9,0.01,0.010113190552258462,0,156.231605825637,1.5741318510183677,0.0037140183428052836,555.9748143756452,5.559748143756452,0.0,220.15101669829514,31.744657236304803,49607.84474247803,83987.43976977721,113308.96476010945,719.8187666859382,20704.97940801986,2.792262313217131,2.7922623132171314,107.32767169119663,49315.53292721244,3986.3570216715893,13049.543301115982,1,0.00021481781881330214,0.0003293379012680766,19,1
659,9,0.01,0.010001130737899851,0,157.9821363610917,1.591787622938774,0.007460520847325246,1492.1821308768165,14.921821308768164,0.0,222.13292353252024,31.744657236304803,49760.47878247536,83968.46205204133,113950.32673794209,715.8638821903005,20146.984959923575,3.581319256556504,3.5813192565565055,107.32767169119663,49315.53292721244,3986.3570216715893,13068.582892586914,1,0.000592518288506223,0.0004354635980356292,19,1
660,9,0.01,0.010061050838325406,0,157.0412500035613,1.5596054072788392,0.012907970076684077,757.1776413579504,7.571776413579504,0.0,220.15820795964413,31.744657236304803,49818.32074827106,83961.29400060631,112797.51988223806,723.2439651452888,19616.467805058048,3.1255576349011283,3.125557634901129,107.32767169119663,49315.53292721244,3986.3570216715893,13075.804714793801,1,0.0003087926527374982,0.0003720429200190078,19,1
661,9,0.01,0.009859845041522888,0,160.24592611203587,1.5525691577898317,0.017361292538081226,952.3259311432047,9.523259311432048,0.0,218.8464470173836,31.744657236304803,49974.97377958245,83941.3618709363,112552.39523985478,724.942877263383,19184.801012233096,3.575873403094334,3.5758734030943318,107.32767169119663,49315.53292721244,3986.3570216715893,13095.797254626985,1,0.0003971168345341539,0.00043280925859262505,19,1
662,9,0.01,0.009988090379823612,0,158.1883963717099,1.5558567547483626,0.015280534969390802,462.8664255557608,4.6286642555576085,0.0,216.0072696489805,31.75391456481592,49979.186810905194,83940.69978861164,112671.67828896892,724.1777107378497,18885.603026117693,2.61229568050527,2.61229568050527,107.32767169119663,49315.53292721244,3988.6713537993683,13096.516643438186,1,0.0001960716530642494,0.00030066038011196714,19,1
663,9,0.01,0.009971681248180287,0,158.44870696085792,1.5461606426775052,0.021417314761072708,764.1030164069518,7.641030164069519,0.0,215.59827598013453,31.75391456481592,50073.53006906773,83928.48199764005,112326.18322161409,726.4845587266888,19138.84745515805,2.6317871501760495,2.6317871501760473,107.32767169119663,49315.53292721244,3988.6713537993683,13108.7789548858,1,0.00031939353430648546,0.00030419400730162955,19,1
664,9,0.01,0.010062640794937554,0,157.01643655956468,1.5584645981824596,0.013630001150342045,852.8615948752116,8.528615948752115,0.0,216.10746252856805,31.75391456481592,50156.504699194484,83918.11880608136,112776.24266267203,723.6368589584644,19383.726401243654,2.5177447864397897,2.5177447864397884,107.32767169119663,49315.53292721244,3988.6713537993683,13119.184914863556,1,0.0003519907688422562,0.00028915198540433037,19,1
665,9,0.01,0.01017428968434394,0,155.29339629785485,1.5535588437381895,0.016734909026462366,372.6239893389173,3.726239893389173,0.0,212.8376232545998,31.75391456481592,50177.575342671465,83915.51844739015,112600.0686693653,724.7879224093363,19491.11850860184,2.404428237223028,2.404428237223027,107.32767169119663,49315.53292721244,3988.6713537993683,13121.826586432593,1,0.000152941038935029,0.00027477511402792355,19,1
666,9,0.01,0.00984762892269198,0,160.44471338264907,1.566056794896052,0.008824813356929168,941.8141885155298,9.418141885155299,0.0,213.72607985960565,31.75391456481592,50255.89714648552,83905.38444703897,113056.11047169624,721.9157749588541,19372.222855862638,2.5777632140565143,2.577763214056511,107.32767169119663,49315.53292721244,3988.6713537993683,13132.004126036793,1,0.0003889338649562387,0.0002979552242445079,19,1
667,9,0.01,0.010023541432478664,0,157.62891894479762,1.5767394131758201,0.0020636625469493395,1174.3252345457274,11.743252345457275,0.0,215.39477544377613,31.75391456481592,50334.62988149289,83895.66632337571,113444.99572034432,719.4910888403994,18762.338333222287,2.9559971453719434,2.955997145371943,107.32767169119663,49315.53292721244,3988.6713537993683,13141.770258757972,1,0.000500715940066537,0.0003475302813192682,19,1
668,9,0.01,0.010040618752818878,0,157.36081997500594,1.5379431612031573,0.026618252403065028,631.4111849560397,6.314111849560398,0.0,212.35789440336077,31.75391456481592,50409.02098067799,83885.75907009165,112047.23042820366,728.5524800575032,19023.98173627381,3.218354972067258,3.218354972067256,107.32767169119663,49315.53292721244,3988.6713537993683,13151.731995804308,1,0.0002655221998040934,0.0003850573349422897,19,1
669,9,0.01,0.010093836847522046,0,156.5311609319183,1.5859786160211051,0.003783934190572819,1363.4481626983581,13.634481626983582,0.0,213.87647660058673,31.75391456481592,50695.81048785069,83852.10805831625,113796.27600454247,717.5145670629153,18839.16369518799,3.6877509747097554,3.687750974709752,107.32767169119663,49315.53292721244,3988.6713537993683,13185.568783093075,1,0.0005789845811665699,0.00044840757367906677,19,1
670,9,0.01,0.010004913575345484,0,157.92240363709894,1.5563490269359304,0.014968970293715009,581.4462809610651,5.814462809610651,0.0,210.79952682411562,31.75391456481592,50731.83002275213,83847.28427127552,112732.1071994348,724.3369273110716,19175.27675917903,3.046503879660577,3.046503879660577,107.32767169119663,49315.53292721244,3988.6713537993683,13190.44394520506,1,0.00024258164855231395,0.0003623628098409924,19,1
671,9,0.01,0.010020338964161218,0,157.67929664365985,1.5539056585930109,0.016515405953790623,576.5646812783901,5.765646812783902,0.0,207.90872592276537,31.75391456481592,50769.147429295386,83842.03621515848,112646.11825241992,724.9225049763686,18983.213920912567,2.990149547454471,2.99014954745447,107.32767169119663,49315.53292721244,3988.6713537993683,13195.741996398712,1,0.0002429787426641077,0.00035484832412766384,19,1
672,9,0.01,0.009912489193921306,0,159.3948774207908,1.5538536285484534,0.016548336361738376,636.3789062393867,6.363789062393867,0.0,207.55400801395226,31.75391456481592,50817.88161883688,83835.65056260447,112647.17048676987,724.9535504319043,18694.648532285857,2.249423982224342,2.24942398222434,107.32767169119663,49315.53292721244,3988.6713537993683,13202.164634037747,1,0.0002723255931301853,0.00025262866144886895,19,1
673,9,0.01,0.010154384923412791,0,155.59780448710598,1.552231274365691,0.017575142806524745,582.0736927548444,5.820736927548444,0.0,206.64505667520592,31.75391456481592,50862.2693877974,83830.09495875367,112590.95157765574,725.349072892925,19009.092852760325,2.2467783271060826,2.2467783271060813,107.32767169119663,49315.53292721244,3988.6713537993683,13207.75785671397,1,0.00024496642623125325,0.0002534235873418488,19,1
674,9,0.01,0.01015381382045282,0,155.60655611169543,1.5547411365392905,0.01598662244348709,732.9798492038249,7.329798492038249,0.0,206.56365177801376,31.75391456481592,50926.50627679108,83822.02042832262,112685.42365194575,724.785760173382,19266.07888895876,2.3906944167035826,2.390694416703585,107.32767169119663,49315.53292721244,3988.6713537993683,13215.872864307164,1,0.00030436077976360405,0.0002738842663750142,19,1
675,9,0.01,0.010138776266945412,0,155.8373474667884,1.5726910558705007,0.00462591400601224,1119.658421732599,11.19658421732599,0.0,207.93507442266815,31.75391456481592,51020.69816252783,83810.19569751297,113338.38061440094,720.6652583883806,19568.874883011922,2.8383485787412317,2.838348578741229,107.32767169119663,49315.53292721244,3988.6713537993683,13227.745807424842,1,0.00045773032059378903,0.00033568584219621545,19,1
676,9,0.01,0.010138776266945412,1,155.8373474667884,1.5784234558423182,0.0009978127580264715,902.2808678727952,9.022808678727952,0.0,207.23861481602498,31.771960182173373,51048.01094163022,83808.9923569683,113545.0930770078,719.3576138059542,19359.2351071091,3.1524383706724866,3.152438370672489,107.32767169119663,49315.53292721244,3993.1827581387324,13229.09922872665,1,0.0003728580650550432,0.00037831638847081207,19,1
677,9,0.01,0.010041585492167627,0,157.34567028607088,1.5861657853243816,0.0039023957749250004,1107.9134640587554,11.079134640587554,0.0,207.41969096277037,31.794118451454548,51067.034887598515,83807.4219924833,113823.64931497737,717.6024748995558,18936.417700187976,3.5598372141723544,3.5598372141723553,107.32767169119663,49315.53292721244,3998.7223254590263,13230.76109892274,1,0.00046805620011128405,0.0004328815285867054,19,1
678,9,0.01,0.009915906329278251,0,159.33994811294306,1.5619330597254486,0.011434772325665485,1012.0346998315196,10.120346998315195,0.0,206.97811458555233,31.814359145451178,51080.75951200803,83805.96359216359,112952.88811493706,723.1608769123021,18927.554702460944,3.4862228399011106,3.4862228399011133,107.32767169119663,49315.53292721244,4003.7824989581836,13232.307401183327,1,0.00042775084927370384,0.00042288837148001033,19,1
679,9,0.01,0.010015767491577714,0,157.75126582447388,1.5796592548908457,0.00021566146149011605,1271.381249631892,12.71381249631892,0.0,207.66570040098642,31.814359145451178,51231.65805421609,83787.13782960518,113599.69871441383,719.1405257981637,18942.044466510422,3.8865481388381578,3.8865481388381604,107.32767169119663,49315.53292721244,4003.7824989581836,13251.196817956616,1,0.0005369562939754246,0.0004775877811201375,19,1
680,9,0.01,0.010185248365098576,0,155.1263104603447,1.5830893320912318,0.0019552734754631294,566.3245669605649,5.663245669605649,0.0,203.76648069347814,31.82568563679039,51255.97053559736,83786.45593357482,113723.2007250422,718.3624980582489,19165.511765359683,3.310743124361939,3.3107431243619354,107.32767169119663,49315.53292721244,4006.614121792986,13252.046304807056,1,0.00023639319373006538,0.0004003667789930646,19,1
681,9,0.01,0.010128041580439845,0,156.002519090308,1.554192103874331,0.01633411147194249,703.7626329070242,7.0376263290702425,0.0,202.14438913463786,31.82568563679039,51316.326727825224,83778.90220467535,112685.46239081526,725.0420466679118,18258.685816343474,3.0362365779821805,3.036236577982182,107.32767169119663,49315.53292721244,4006.614121792986,13259.648816436265,1,0.00030835193287660675,0.0003605671401940322,19,1
682,9,0.01,0.010053172294039656,0,157.1643212497963,1.5590265434680455,0.013274339577186451,728.7726106216007,7.287726106216008,0.0,202.05116266946428,31.840261089002823,51328.25305765356,83777.87128434204,112860.85223957284,723.9187344977112,18349.073652230578,2.500627099130797,2.500627099130799,107.32767169119663,49315.53292721244,4010.257984846094,13260.741975352197,1,0.0003177370692097074,0.0002874940652721265,19,1
683,9,0.01,0.009839662282026401,0,160.5746167616041,1.5302221952461657,0.03150493971761672,461.0619115262561,4.610619115262561,0.0,199.84561091034547,31.840261089002823,51378.570636326134,83770.98660440418,111818.1564709429,730.7315030347916,18609.196593236407,2.397766190986217,2.3977661909862156,107.32767169119663,49315.53292721244,4010.257984846094,13267.66656151259,1,0.00019820819634688844,0.0002747657328110676,19,1
684,9,0.01,0.009990571060450436,0,158.14911784719982,1.555720164248867,0.015366984652615902,644.0613117492707,6.440613117492707,0.0,199.48870468981778,31.840261089002823,51421.95743375111,83764.9226318847,112747.31005918299,724.7274455275808,18101.294104572968,2.35036447461275,2.350364474612752,107.32767169119663,49315.53292721244,4010.257984846094,13273.767907294567,1,0.0002846476315023511,0.000266864299019649,19,1
685,9,0.01,0.009859370300933574,0,160.25364214694233,1.5523682396342762,0.017488455927673355,847.785824409877,8.47785824409877,0.0,200.25380509964418,31.840261089002823,51524.58486255778,83751.3220955065,112632.27925308877,725.5512988311582,18348.844991442493,2.4727326626080552,2.472732662608057,107.32767169119663,49315.53292721244,4010.257984846094,13287.408352427854,1,0.0003696301646475367,0.0002841619974989254,19,1
686,9,0.01,0.010034072180971073,0,157.46348755556704,1.567512210994664,0.007903663927427905,998.3495856356824,9.983495856356823,0.0,200.90009298813965,31.840261089002823,51611.697813352126,83740.49701745657,113184.51019813643,722.0646155369677,18687.372955867188,3.0244545108176806,3.0244545108176792,107.32767169119663,49315.53292721244,4010.257984846094,13298.282673547623,1,0.00042739001912935444,0.0003605559384264141,19,1
687,9,0.01,0.010212571664769896,0,154.7112766366668,1.5752024666051736,0.0030364135410294113,1237.7658275883534,12.377658275883535,0.0,201.83234511338676,31.86501640555459,51649.630475132304,83738.84088076967,113462.28093394225,720.3028394087813,19089.381743786405,3.5875600628252493,3.587560062825252,107.32767169119663,49315.53292721244,4016.446813984036,13300.139322289006,1,0.00051872432295666,0.00043858150224451703,19,1
688,9,0.01,0.009868548968123246,0,160.1045913744376,1.580483507027536,0.00030601710603542253,743.8838383122297,7.438838383122297,0.0,199.13362037495517,31.879894082320835,51656.67383974557,83737.76973200645,113652.60861893652,719.1002507371081,19110.879389487975,3.440270962150834,3.4402709621508354,107.32767169119663,49315.53292721244,4020.166233175597,13301.289456083845,1,0.00031139701032131736,0.00041917045080244394,19,1
689,9,0.01,0.010089851994950756,0,156.59298082773427,1.553676909078309,0.016660184127652633,729.4401823693353,7.294401823693353,0.0,197.20870338263813,31.879894082320835,51723.810595347284,83729.38693833392,112689.90770284669,725.3110800861292,18729.164566857395,3.162452088823841,3.1624520888238417,107.32767169119663,49315.53292721244,4020.166233175597,13309.724392947435,1,0.00031157403941450005,0.0003805651242308258,19,1
690,9,0.01,0.009966241866003683,0,158.53518520251978,1.559421172018049,0.013024574672120877,839.5290228774801,8.395290228774801,0.0,197.16731831271235,31.896684662778384,51734.424379771335,83728.17300225366,112898.34953075254,723.9759954307317,19024.136188588323,2.7532422182566703,2.7532422182566676,107.32767169119663,49315.53292721244,4024.3638782899843,13311.009373605702,1,0.00035303743184137787,0.0003253361605257317,19,1
691,9,0.01,0.009873275317491742,0,160.02794910426863,1.5432091500328804,0.02328534808045549,621.5218616626519,6.215218616626519,0.0,195.68402540888155,31.896684662778384,51798.6207467525,83719.60214407604,112314.79137494766,727.8001907424838,18603.862010644178,2.6514917559022986,2.6514917559022986,107.32767169119663,49315.53292721244,4024.3638782899843,13319.623948064202,1,0.00026726573710643474,0.00031062573612077087,19,1
692,9,0.01,0.009752469438071964,0,162.01024879216249,1.5655223887980991,0.009163045064494266,730.2437327509184,7.3024373275091845,0.0,195.11140757153478,31.896684662778384,51833.864161498226,83714.61530978678,113125.07214680579,722.6027104834666,18630.215360103546,2.654693216083413,2.6546932160834107,107.32767169119663,49315.53292721244,4024.3638782899843,13324.653961267171,1,0.0003135739307940495,0.0003112923665806207,19,1
693,9,0.01,0.00988731507585633,0,159.80071312364421,1.5693007415317706,0.006771682574828797,531.7220543859203,5.317220543859203,0.0,193.60246031101462,31.9073191038661,51837.62147617414,83713.83916770027,113261.71005717058,721.7336171435027,18768.206282703126,2.3414005212869293,2.3414005212869307,107.32767169119663,49315.53292721244,4027.022488561914,13325.484211068419,1,0.00022664800093377408,0.00026916255627808613,19,1
694,9,0.01,0.010012391412525024,0,157.80445798628043,1.5359865467510319,0.027856615980359628,457.8688942301342,4.5786889423013415,0.0,191.88014602214344,31.9073191038661,51881.27235087918,83707.8773860505,112057.57895077772,729.5479194645651,19014.73633514819,2.1516174558387453,2.151617455838743,107.32767169119663,49315.53292721244,4027.022488561914,13331.482435991406,1,0.00019263749385103036,0.0002442864751929513,19,1
695,9,0.01,0.010128953687607826,0,155.98847114219075,1.5513149276015135,0.01815510911296621,792.8846009590903,7.928846009590903,0.0,192.61087919111918,31.9073191038661,51969.12614535843,83696.8029226203,112619.50551789122,725.9615924151013,19391.442225298157,2.178768152215537,2.1787681522155355,107.32767169119663,49315.53292721244,4027.022488561914,13342.594086351619,1,0.0003271070162794554,0.0002487975036880866,19,1
696,9,0.01,0.009954897316365938,0,158.7158510819058,1.5491883874644474,0.019501020592121925,418.0542780939092,4.180542780939092,0.0,190.7274978017969,31.9073191038661,51991.91199945884,83693.11159532076,112544.10764892572,726.4714127706984,19382.206532837885,2.0437600393629793,2.0437600393629793,107.32767169119663,49315.53292721244,4027.022488561914,13346.320404838421,1,0.00017255177933869594,0.00023076542982306057,19,1
697,9,0.01,0.010046304064290697,0,157.27176779528955,1.5590563947345215,0.01325544637055605,991.5372821388348,9.915372821388349,0.0,191.89494934496906,31.9073191038661,52127.59148630142,83676.09015952429,112909.19867171813,724.2149742180717,19288.828879998076,2.579635707113795,2.5796357071137965,107.32767169119663,49315.53292721244,4027.022488561914,13363.385410567109,1,0.0004112379401808178,0.00030363224526632306,19,1
698,9,0.01,0.009937781346929556,0,158.98920944644928,1.5318390273374667,0.030481628267426192,719.0418718217021,7.190418718217021,0.0,191.3865297459855,31.9073191038661,52241.84411259975,83661.11803374632,111927.6139517667,730.6747768811668,19227.256192273544,2.5118680953032015,2.5118680953032007,107.32767169119663,49315.53292721244,4027.022488561914,13378.400627067998,1,0.0002991760715647607,0.00029432193036142484,19,1
699,9,0.01,0.009896368406234838,0,159.6545252907703,1.52737192711488,0.033308906889316495,559.30387711102,5.5930387711102005,0.0,189.07708846535232,31.9073191038661,52318.303706327,83651.16171739048,111769.11895677085,731.7740818236489,19483.21505098805,2.641721342507606,2.641721342507607,107.32767169119663,49315.53292721244,4027.022488561914,13388.40305386115,1,0.0002296556808092743,0.0003133565641849509,19,1
700,9,0.01,0.009978889061148875,0,158.33425848489128,1.5791471103627155,0.000539803567901634,1246.399413994272,12.46399413994272,0.0,191.10069088089983,31.9073191038661,52418.13755429571,83638.83557917037,113650.54086981517,719.6957150097985,19089.006500182968,2.923285060517049,2.9232850605170477,107.32767169119663,49315.53292721244,4027.022488561914,13400.777412990392,1,0.0005223527642393858,0.0003503948388711402,19,1
701,9,0.01,0.01010548923924275,0,156.35066869047466,1.571541565947164,0.005353439273946818,933.0717800401522,9.330717800401523,0.0,190.7949211601079,31.9073191038661,52463.39447607851,83633.27771674875,113379.4869902767,721.4539497206565,19112.228068907698,3.14463774405517,3.1446377440551725,107.32767169119663,49315.53292721244,4027.022488561914,13406.387534709738,1,0.00039056536021903147,0.0003808579350892305,19,1
702,9,0.01,0.009953891729286011,0,158.73188527371423,1.5533560231182062,0.016863276507464477,779.5406701615839,7.795406701615839,0.0,188.68759798532554,31.9073191038661,52540.99892447598,83623.04901628933,112727.28829624767,725.7015559765814,18726.937741420206,3.3995314517182393,3.3995314517182385,107.32767169119663,49315.53292721244,4027.022488561914,13416.672293748901,1,0.00033301362173587936,0.0004153105820647656,19,1
703,9,0.01,0.009979257465229633,0,158.32841326172183,1.560856353529846,0.012116231943135432,1023.7475248766192,10.237475248766192,0.0,189.2452320011281,31.927794054363634,52554.57878293899,83621.57145673005,112999.52334328322,723.9585057762491,18399.05164052677,3.2192841843168765,3.2192841843168765,107.32767169119663,49315.53292721244,4032.141226186297,13418.232396908556,1,0.0004451305621086062,0.00038956984802117236,19,1
704,9,0.01,0.009823145569126534,0,160.84460816358362,1.519073401895414,0.03856113804087729,671.0057907741402,6.710057907741402,0.0,187.4456400264584,31.927794054363634,52683.32948266486,83605.21134893295,111486.64019131612,733.9121338850999,18374.057836518103,2.97675125748008,2.976751257480079,107.32767169119663,49315.53292721244,4032.141226186297,13434.641752722573,1,0.00029215355551587675,0.0003567659131201208,19,1
705,9,0.01,0.009911119164049152,0,159.41691082992656,1.554991722411439,0.015828023790228588,740.2715812758986,7.402715812758986,0.0,186.33323290781584,31.927794054363634,52747.62164384451,83596.6923089381,112798.9530994285,725.3990582310171,18276.18019823178,2.954682553047692,2.9546825530476957,107.32767169119663,49315.53292721244,4032.141226186297,13443.208271980233,1,0.0003240377686131678,0.00035377396207921685,19,1
706,9,0.01,0.009999696481096233,0,158.00479574423943,1.5525707740170995,0.017360269609430722,518.5621507791367,5.1856215077913665,0.0,184.60377128471592,31.927794054363634,52778.53050442317,83592.0948128731,112713.38059381318,725.9790180268574,18605.15451818605,2.404132798373606,2.4041327983736025,107.32767169119663,49315.53292721244,4032.141226186297,13447.845181136567,1,0.00022297569214907873,0.00027972233875937444,19,1
707,9,0.01,0.010000156085716042,0,157.9975338841791,1.5597483923311135,0.01281747320815605,948.3707059340029,9.483707059340029,0.0,185.49002181121395,31.946761468482315,52790.075800016595,83590.71887097879,112974.01666647448,724.3092361687245,18897.955570085287,2.6662370861875053,2.666237086187506,107.32767169119663,49315.53292721244,4036.883079715967,13449.29374372191,1,0.00040147018122330065,0.0003161612139951824,19,1
708,9,0.01,0.010106821888236979,0,156.33005285656748,1.5635988794680402,0.010380456032885985,511.0420039766923,5.110420039766923,0.0,183.54744247565495,31.956982308561848,52798.38992778631,83590.00792222474,113113.59028946314,723.4182102250297,19192.680174737958,2.3868867931385305,2.3868867931385322,107.32767169119663,49315.53292721244,4039.4382897358505,13450.060306727875,1,0.000213015378498035,0.00027915375062347145,19,1
709,9,0.01,0.0098959635810533,0,159.6610564558918,1.5671769122520318,0.008115878321498895,499.5138931459745,4.995138931459746,0.0,181.59447392862646,31.966972586424767,52802.25708966254,83589.28094099344,113243.13237068657,722.593164086091,19273.74954942386,2.343659590816329,2.3436595908163294,107.32767169119663,49315.53292721244,4041.9358592015806,13450.841586415301,1,0.00020733439204035162,0.00027393998392056244,19,1
710,9,0.01,0.010050666181483304,0,157.20350984404294,1.5368331119478882,0.02732081522285562,755.3137933255423,7.553137933255423,0.0,182.25125717607827,31.966972586424767,52915.43788164057,83574.44122967363,112149.8004624662,729.7461226633764,18936.15159273002,2.150620529977019,2.15062052997702,107.32767169119663,49315.53292721244,4041.9358592015806,13465.717481523494,1,0.0003190991747723536,0.00024648298177024677,19,1
711,9,0.01,0.010149590478951703,0,155.6713054853411,1.5406275887521215,0.02491924762523962,807.5432949161797,8.075432949161797,0.0,182.7069672261006,31.966972586424767,53037.03815282368,83558.70012460627,112295.0240464969,728.8914262365877,18846.015715814585,2.4689837706414597,2.468983770641459,107.32767169119663,49315.53292721244,4041.9358592015806,13481.499836155355,1,0.0003427964009341378,0.000289743322582281,19,1
712,9,0.01,0.009961382929344276,0,158.61251507013455,1.5802384289989575,0.0001509044297198921,1273.8509141120612,12.738509141120613,0.0,184.341626528759,31.966972586424767,53171.2963836298,83542.06578499699,113734.97551529396,719.7330062865406,19100.878554807045,3.2611178260351315,3.261117826035129,107.32767169119663,49315.53292721244,4041.9358592015806,13498.187983919286,1,0.0005335255801797561,0.0003984737186287491,19,1
713,9,0.01,0.01013921190172833,0,155.8306518606908,1.5696709369340018,0.006537381687340654,1072.1815955396864,10.721815955396865,0.0,184.1254528807218,31.966972586424767,53269.73041533272,83529.69799971487,113360.20599373242,722.1908957246543,18986.780503906662,3.5856251652369036,3.585625165236899,107.32767169119663,49315.53292721244,4041.9358592015806,13510.615033174803,1,0.00045175919964696604,0.00044269372692028663,19,1
714,9,0.01,0.01011513727555046,0,156.20153804724487,1.5757457704698157,0.0026925503355597433,1143.2963515175966,11.432963515175967,0.0,183.52274665763161,31.966972586424767,53339.74070117791,83521.01879070036,113583.05412899937,720.8209360773602,19329.79042701814,3.8954602425186735,3.8954602425186695,107.32767169119663,49315.53292721244,4041.9358592015806,13519.359549031908,1,0.0004731748565342162,0.0004861532121203128,19,1
715,9,0.01,0.009902023179620552,0,159.56335097778938,1.5785577898109915,0.0009127912588661936,1191.8052607399989,11.91805260739999,0.0,183.48579554942535,31.966972586424767,53398.78252472958,83513.14197425378,113687.88506642394,720.200969519376,19683.203928521383,3.7696180269640815,3.7696180269640807,107.32767169119663,49315.53292721244,4041.9358592015806,13527.300586760926,1,0.000484394823146875,0.0004697762931093524,19,1
716,9,0.01,0.009994206461913844,0,158.09159096533588,1.5673200741526028,0.008025269523669177,759.9472753543241,7.599472753543242,0.0,180.70319878339893,31.966972586424767,53436.52016764926,83508.57083088026,113285.25374948284,722.7959088747866,19725.855444027835,3.4144147106372817,3.4144147106372804,107.32767169119663,49315.53292721244,4041.9358592015806,13531.930525871941,1,0.0003082035260820709,0.00042192440192105406,19,1
717,9,0.01,0.009862939873582121,0,160.1956435151784,1.5620875722940775,0.01133697956071051,725.9964983510943,7.259964983510943,0.0,178.8976483639414,31.966972586424767,53480.14226228426,83502.64514753956,113099.07231807953,724.0251719817638,19436.827037319534,2.991715090465673,2.9917150904656697,107.32767169119663,49315.53292721244,4041.9358592015806,13537.907122824292,1,0.0002988127627856749,0.00036380370400487366,19,1
718,9,0.01,0.010068360230059968,0,156.92724176502668,1.5694743094217523,0.00666182947990368,992.1787522301826,9.921787522301825,0.0,179.63010470822664,31.98681616146937,53496.66597667371,83501.23483424241,113366.57233688877,722.3219370736745,19772.318056107837,2.785513982505989,2.785513982505988,107.32767169119663,49315.53292721244,4046.8967529627316,13539.395390952637,1,0.0004014415505211601,0.0003361526131296353,19,1
719,9,0.01,0.009845425642259063,0,160.4806188589998,1.5665773190883607,0.008495367665594519,833.9759867811811,8.33975986781181,0.0,178.89815214094614,31.98681616146937,53545.332101503365,83494.77072012358,113265.1050275283,723.0099890214211,20120.877247369503,2.835339965006427,2.8353399650064293,107.32767169119663,49315.53292721244,4046.8967529627316,13545.909281258973,1,0.00033158633255524114,0.0003439468819540254,19,1
720,9,0.01,0.01002679510388789,0,157.57776873164138,1.5598172352822817,0.01277390172007494,931.189507449326,9.311895074493261,0.0,178.44308726270268,31.98681616146937,53645.06657838977,83481.67136331166,113026.79849441031,724.6156532816855,20422.899533977437,2.9902060855874804,2.9902060855874804,107.32767169119663,49315.53292721244,4046.8967529627316,13559.062142308516,1,0.00036476289995947443,0.00036593026101195856,19,1
721,9,0.01,0.010065679406838871,0,156.96903667789272,1.5676778342934266,0.007798839054793365,1138.381480368567,11.38381480368567,0.0,179.30299973711755,32.00958379107674,53664.71218584949,83480.05308036464,113311.66713734054,722.7994467907473,20213.005468349485,3.114577664477613,3.114577664477611,107.32767169119663,49315.53292721244,4052.5886603645745,13560.76971452907,1,0.00045055406813246076,0.00038230110021572546,19,1
722,9,0.01,0.009904312459890817,0,159.52646954530934,1.568768800953476,0.007108353826914014,922.3751660743005,9.223751660743005,0.0,178.2996246778084,32.00958379107674,53723.849799857475,83472.6256647322,113354.51382658236,722.5699144302657,20182.6141469066,3.1960458631325515,3.196045863132547,107.32767169119663,49315.53292721244,4052.5886603645745,13568.253338069302,1,0.00036561177233452626,0.00039364291347548713,19,1
723,9,0.01,0.009904312459890817,1,159.52646954530934,1.5757633677777039,0.002681412798921645,1121.3929494920083,11.213929494920082,0.0,178.50083205659502,32.00958379107674,53791.163915491554,83463.82159783923,113610.6866380804,720.9882458322745,20017.806250153615,3.4019960253292805,3.4019960253292783,107.32767169119663,49315.53292721244,4052.5886603645745,13577.116445583817,1,0.0004481581789646517,0.00042144133981054623,19,1
724,9,0.01,0.01007364940501584,0,156.84484703361736,1.5843102137471652,0.0027279833842817182,1273.1098579606673,12.731098579606673,0.0,179.40495014978774,32.03504598823596,53820.340424905444,83462.06712484072,113918.87586970581,719.044003385348,20085.382945672165,3.540088337945607,3.5400883379456105,107.32767169119663,49315.53292721244,4058.954209654378,13579.026110370758,1,0.0005070791476186365,0.0004402830329726048,19,1
725,9,0.01,0.009918608884513474,0,159.2965322452577,1.5590469460498626,0.013261426550719916,791.9879678900761,7.919879678900761,0.0,176.69042621527078,32.05088574759376,53829.98325132905,83460.94198102543,113008.96124794392,724.8592579862544,20211.047602878407,3.406322402393641,3.4063224023936396,107.32767169119663,49315.53292721244,4062.914149493828,13580.235284439597,1,0.00031348715156250814,0.00042290815938193213,19,1
726,9,0.01,0.010000739734049238,0,157.98831306654432,1.5628698258422657,0.010841882378312863,512.4523755335297,5.1245237553352965,0.0,173.25170933888714,32.06113479510443,53833.84501051435,83460.20397046168,113147.63737976135,723.973522995004,20266.330010795344,2.8009727290228192,2.800972729022821,107.32767169119663,49315.53292721244,4065.4764113714955,13581.038429346183,1,0.0002022871927025997,0.0003409511639612481,19,1
727,9,0.01,0.010048498444727218,0,157.2374229533845,1.5517271866183837,0.017894185684567313,818.7381961079386,8.187381961079387,0.0,173.63319856371044,32.06113479510443,53923.94596202652,83448.07527150825,112749.65367737185,726.6074516815203,20510.00538992979,2.3411410771978756,2.341141077197876,107.32767169119663,49315.53292721244,4065.4764113714955,13593.209393684681,1,0.0003193517234315038,0.0002783753558988705,19,1
728,9,0.01,0.01001666257327146,0,157.73716928591406,1.5577030288238092,0.01411200707353854,790.6170599390197,7.9061705993901965,0.0,173.87332386848718,32.06113479510443,53990.414901196316,83439.26168113537,112970.22798373805,725.2359781892421,20138.441943807615,2.3487025356085387,2.348702535608539,107.32767169119663,49315.53292721244,4065.4764113714955,13602.0644621175,1,0.0003140727816561309,0.00027857056593007815,19,1
729,9,0.01,0.009910270697913136,0,159.43055928156534,1.5292078140649576,0.03214695312344457,462.9178505851792,4.629178505851792,0.0,171.50013374080848,32.06113479510443,54040.94868402724,83432.22346066617,111936.97084433265,731.9931916040929,19906.17812398263,2.3084929002553034,2.3084929002553025,107.32767169119663,49315.53292721244,4065.4764113714955,13609.143811217176,1,0.00018603987071831273,0.0002731547919353158,19,1
730,10,0.01,0.009924941225907502,0,159.19489738394196,1.5817086955503286,0.0010814528799547387,706.5193589170165,7.065193589170165,0.0,226.64074502758172,32.38873185019157,51436.76828355958,83421.51971420567,115207.55050043571,728.3740098574297,20183.946316228117,2.3082023129164466,2.3082023129164435,100.91973158114058,49214.613195631304,4065.4764113714955,13619.887810777449,1,0.00028003219899528454,0.0002600482837899094,22,1
731,10,0.01,0.009978357993146579,0,158.3426853481494,1.5844437713069919,0.002812513485437852,402.1440891067927,4.021440891067927,0.0,224.64884140324747,32.39677473197371,51443.70310879168,83420.96260612842,115307.26633456559,727.7460293807067,20620.427184566688,1.9114004390898913,1.911400439089893,100.91973158114058,49214.613195631304,4067.4871318170294,13620.49102691111,1,0.00015601775288448983,0.00020736327419936237,22,1
732,10,0.01,0.010002083152856712,0,157.96709303988675,1.5595246686564121,0.012959070470625266,903.4884789698085,9.034884789698085,0.0,225.53877769742283,32.414844501553105,51455.454896577554,83419.65386513757,114398.98208240913,733.5503206946258,20383.780727659192,2.3277519097352117,2.3277519097352104,100.91973158114058,49214.613195631304,4072.0045742118787,13621.868476663552,1,0.0003545911295028191,0.00026354702712753117,22,1
733,10,0.01,0.01011807613055851,0,156.15616838739732,1.5639196141380873,0.010177459406273884,672.2807148772812,6.722807148772812,0.0,224.90294913087388,32.42829011585065,51466.35597563819,83418.70637859251,114560.31041231143,732.5204529482694,20141.197683622442,2.299818052323787,2.29981805232379,100.91973158114058,49214.613195631304,4075.365977786265,13622.876897735869,1,0.00026702710551277205,0.0002592119959666937,22,1
734,10,0.01,0.010007173887267675,0,157.88673383703917,1.567778557290467,0.007735090322489284,575.6149338088078,5.756149338088078,0.0,222.94247292694254,32.439802414526824,51476.26230861104,83417.90385777714,114701.77524918722,731.619747672924,20232.399720651712,2.4686305760640126,2.4686305760640095,100.91973158114058,49214.613195631304,4078.244052455309,13623.740320136581,1,0.00022760125017548495,0.0002830731617303587,22,1
735,10,0.01,0.010233200324331318,0,154.39940096191208,1.5728703045465542,0.004512465476864483,819.0289464333999,8.190289464333999,0.0,223.2058155768519,32.45618299345549,51505.79252305608,83416.84360795422,114888.21568043454,730.4366758552027,20606.78221261937,2.3726659022174585,2.3726659022174577,100.91973158114058,49214.613195631304,4082.339197187476,13624.96886355623,1,0.00031796480905469483,0.0002708643882476506,22,1
736,10,0.01,0.009976771959583217,0,158.3678574994717,1.5538505171780972,0.016550305583482836,535.7311380016646,5.357311380016646,0.0,221.52671724240608,32.466897616215526,51508.14492441441,83416.05180757806,114192.92258529269,734.9028836613907,20273.41055047609,2.2407907470169164,2.2407907470169164,100.91973158114058,49214.613195631304,4085.0178528774845,13625.816726259894,1,0.00021140247189009204,0.00025232284370675726,22,1
737,10,0.01,0.009959958785424123,0,158.6351945865727,1.5529035183793911,0.01714967191177782,598.221848414579,5.98221848414579,0.0,220.32001232996575,32.466897616215526,51551.986075022076,83410.28652740773,114160.83347967594,735.1444061303571,20329.193075307106,2.256540587074354,2.2565405870743533,100.91973158114058,49214.613195631304,4085.0178528774845,13631.622402124445,1,0.0002354139079494347,0.0002549270629647405,22,1
738,10,0.01,0.01005008825655127,0,157.2125497475167,1.5362225249525572,0.027707262688254995,823.3638447562726,8.233638447562726,0.0,220.88385838865295,32.466897616215526,51692.33085489979,83392.0120029552,113555.2036114654,739.1846022761079,20370.840979551514,2.269846014018908,2.2698460140189063,100.91973158114058,49214.613195631304,4085.0178528774845,13649.93803166451,1,0.00032334996697790715,0.0002567221156058113,22,1
739,10,0.01,0.009998240090477629,0,158.02781146501968,1.5443888579676728,0.022538697488814742,631.0143976424125,6.310143976424126,0.0,219.67038391260618,32.466897616215526,51755.238277734294,83383.6856699098,113859.96536366252,737.2493318392345,20339.870584060583,2.3577829081814317,2.3577829081814294,100.91973158114058,49214.613195631304,4085.0178528774845,13658.306826453518,1,0.0002481881662066855,0.00026898401371134244,22,1
740,10,0.01,0.010013043352757567,0,157.7941834801776,1.5599678304330733,0.012678588333497956,552.3090497977834,5.523090497977834,0.0,217.91854367497987,32.466897616215526,51781.14365657883,83379.98081174173,114433.66438998625,733.5642579130465,20334.130538274992,2.3106563802839704,2.310656380283969,100.91973158114058,49214.613195631304,4085.0178528774845,13662.052887329215,1,0.00021729340185287804,0.00026294384501249023,22,1
741,10,0.01,0.009919416485376833,0,159.28356293227836,1.5665616167377312,0.008505305862195488,977.8221137449866,9.778221137449867,0.0,218.95553799513175,32.48645405849042,51795.03202112677,83378.56342589628,114675.62189754938,732.0211389856108,20685.299576272308,2.4392428993291135,2.439242899329111,100.91973158114058,49214.613195631304,4089.9069634462094,13663.54340680258,1,0.00037817083001945084,0.0002812174660263381,22,1
742,10,0.01,0.009892510883827237,0,159.71678156887972,1.5595427494267238,0.01294762694511158,560.5075266426103,5.605075266426103,0.0,216.9940972716499,32.48645405849042,51822.71271290624,83374.64244388287,114420.6607481511,733.6808227296833,20831.92632966399,2.3529359064132915,2.3529359064132915,100.91973158114058,49214.613195631304,4089.9069634462094,13667.507388417125,1,0.00021524942735399967,0.0002702378864087762,22,1
743,10,0.01,0.009787726944194669,0,161.42665288973302,1.5599673449594573,0.012678895595280218,755.6012572608412,7.556012572608412,0.0,216.1892058302999,32.48645405849042,51875.405400585056,83367.39380501912,114439.65847561076,733.6029106339081,20857.255383213786,2.5275423973934616,2.5275423973934634,100.91973158114058,49214.613195631304,4089.9069634462094,13674.802222316684,1,0.0002898180967257887,0.0002944127846997464,22,1
744,10,0.01,0.009846833245817602,0,160.45767817497043,1.5576746798929955,0.014129949434813042,922.6626236785237,9.226626236785236,0.0,216.8727006567665,32.48645405849042,51984.712937430406,83353.24488887347,114362.18563441157,734.1853026863587,20595.318155804278,2.4854491868443156,2.485449186844314,100.91973158114058,49214.613195631304,4089.9069634462094,13688.996015765806,1,0.0003583970363355593,0.0002878215201384492,22,1
745,10,0.01,0.010073955452379718,0,156.84008207786593,1.5515377436315911,0.018014086309119576,982.0672322097985,9.820672322097986,0.0,217.1373074348718,32.48645405849042,52147.95746103832,83332.35785894413,114146.47395952936,735.6989826902541,20258.552362460334,2.9122208064672077,2.912220806467206,100.91973158114058,49214.613195631304,4089.9069634462094,13709.93498955878,1,0.00038781338948170723,0.0003453428408476851,22,1
746,10,0.01,0.009984861681651228,0,158.239548065398,1.5741940756207335,0.003674635683080079,1159.7019242849415,11.597019242849415,0.0,217.74353479625285,32.48645405849042,52252.46620612413,83319.42727863173,114981.51617737413,730.415124526719,20312.75749036863,3.3184387836743006,3.318438783674296,100.91973158114058,49214.613195631304,4089.9069634462094,13722.924054992272,1,0.00045673835266721167,0.00040098292616149274,22,1
747,10,0.01,0.009974026153913537,0,158.4114554762874,1.5374188751224467,0.026950079036426194,545.4791753914383,5.454791753914383,0.0,214.12243326448143,32.48645405849042,52308.01340386053,83311.784083219,113636.03418141342,739.1351571143092,20293.541761332403,2.963450122279736,2.9634501222797325,100.91973158114058,49214.613195631304,4089.9069634462094,13730.620804448992,1,0.00021503557409808155,0.0003531957720823335,22,1
748,10,0.01,0.009840522125175909,0,160.5605861052577,1.5631417390254356,0.01066978542693952,756.7368578907018,7.567368578907018,0.0,212.8316232466742,32.48645405849042,52353.95678885496,83305.71850396133,114584.14685880541,733.037471894549,20688.229309565228,2.7222005956191526,2.7222005956191544,100.91973158114058,49214.613195631304,4089.9069634462094,13736.73564618181,1,0.000292625085140882,0.0003214663373020584,22,1
749,10,0.01,0.00989492175016121,0,159.67786708108716,1.5454779905636238,0.02184937306099765,656.4573319106877,6.564573319106877,0.0,212.0371758233842,32.48645405849042,52420.56533903961,83296.88383574752,113939.96802527532,737.2474323217136,21025.753336134123,2.2111771794601514,2.2111771794601527,100.91973158114058,49214.613195631304,4089.9069634462094,13745.611438030744,1,0.00024977267502992084,0.00025247777808962813,22,1
750,10,0.01,0.009907310448928688,0,159.478196241529,1.557621502149328,0.01416360623460255,437.1366571284985,4.371366571284985,0.0,209.72197058069256,32.48645405849042,52439.582535314024,83294.03869983116,114387.4020134552,734.3722583157365,21039.303447622606,2.0881321104803763,2.088132110480379,100.91973158114058,49214.613195631304,4089.9069634462094,13748.495178263034,1,0.00016621715950501924,0.000236204973225274,22,1
751,10,0.01,0.009907310448928688,1,159.478196241529,1.5551283913428486,0.01574152446655154,609.9128504790876,6.099128504790876,0.0,209.3390915857194,32.48645405849042,52480.11755798488,83288.49835254678,114298.50981819817,734.9779635847415,20845.96123102177,1.9483391815126645,1.9483391815126632,100.91973158114058,49214.613195631304,4089.9069634462094,13754.071218466383,1,0.00023406465884487978,0.0002166848311266066,22,1
752,10,0.01,0.009944784839977745,0,158.87724324094435,1.5615276978989594,0.011691330443696628,879.7413586431304,8.797413586431304,0.0,210.35142325695267,32.50404888566329,52490.05531169162,83287.21228912799,114533.79283685742,733.4726946628166,20152.982161443673,2.204777821304887,2.204777821304887,100.91973158114058,49214.613195631304,4094.305670239425,13755.422429705552,1,0.0003492252815372351,0.00024983569996237805,22,1
753,10,0.01,0.01000608613606182,0,157.9038975394883,1.5592460302658506,0.013135423882373067,738.9890874397945,7.3898908743979455,0.0,209.6386575194477,32.50404888566329,52540.91255245134,83280.35322076779,114453.36055818509,734.0301551941155,20418.30597643959,2.4986382473663467,2.4986382473663467,100.91973158114058,49214.613195631304,4094.305670239425,13762.326222352225,1,0.00028953982305584186,0.00029094325447931885,22,1
754,10,0.01,0.01004653330187051,0,157.2681792341074,1.5660743069607472,0.008813729771679012,943.08431325283,9.4308431325283,0.0,209.68342542353759,32.50404888566329,52614.747074830106,83271.19423956539,114707.47448482504,732.4523106916671,20693.082135308832,2.8113742697612834,2.811374269761285,100.91973158114058,49214.613195631304,4094.305670239425,13771.535955212563,1,0.00036459887689466424,0.0003344546604959137,22,1
755,10,0.01,0.00994820830298263,0,158.8225690375111,1.5683458437428486,0.007376048264019932,940.6237876063345,9.406237876063345,0.0,209.64803727964937,32.50404888566329,52674.17118499289,83263.22054769046,114794.16759096127,731.944220395966,20507.538624500154,2.857757944191586,2.857757944191587,100.91973158114058,49214.613195631304,4094.305670239425,13779.560701888067,1,0.0003669377607247632,0.00034035882022508975,22,1
756,10,0.01,0.009803858088749966,0,161.16104350929632,1.537646397259207,0.02680607768404629,750.7431859213116,7.507431859213116,0.0,207.89919580219788,32.50404888566329,52790.692966412236,83248.65976484273,113673.53406560817,739.2696673840402,20824.902362325112,2.8462377716581644,2.846237771658161,100.91973158114058,49214.613195631304,4094.305670239425,13794.174203929739,1,0.0002884020958598111,0.0003399795778264128,22,1
757,10,0.01,0.009922775218414786,0,159.2296474748133,1.542537496148734,0.023710445475484905,527.8826952401488,5.278826952401488,0.0,205.316187422572,32.50404888566329,52836.87824984608,83242.26386791917,113856.87399153189,738.1141416386914,21156.236888429834,2.4346091895976207,2.4346091895976216,100.91973158114058,49214.613195631304,4094.305670239425,13800.615799833067,1,0.00019961307789244633,0.00028498431149234023,22,1
758,10,0.01,0.009957178093139698,0,158.6794958592324,1.543079082343825,0.023367669402642476,804.475153316238,8.04475153316238,0.0,205.59103570028324,32.50404888566329,52951.52730048623,83227.4404370233,113883.63863674122,738.0285297093151,20835.405376296265,2.299290091138356,2.299290091138356,100.91973158114058,49214.613195631304,4094.305670239425,13815.481638653171,1,0.00030888773749762014,0.0002656343037499592,22,1
759,10,0.01,0.01014432535349589,0,155.75210227809856,1.5636111560857509,0.01037268602167672,992.8362079707509,9.92836207970751,0.0,206.52107965039207,32.50404888566329,53051.78914713174,83214.80316867729,114643.32638233267,733.1958840030522,20896.600296893554,2.522978858378098,2.5229788583780977,100.91973158114058,49214.613195631304,4094.305670239425,13828.164946408106,1,0.0003800948264750392,0.00029619854728836855,22,1
760,10,0.01,0.010024874585334378,0,157.60795674306178,1.5321369892589731,0.030293044772801862,682.6284438075971,6.826284438075971,0.0,204.60595428777523,32.50404888566329,53151.27173759979,83201.8564730623,113491.22339211837,740.7380944898997,21173.885536786736,2.6568175190516374,2.6568175190516374,100.91973158114058,49214.613195631304,4094.305670239425,13841.161864934244,1,0.00025791334051433247,0.0003156319681623306,22,1
761,10,0.01,0.009963077843103038,0,158.58553198936997,1.556412924409574,0.014928528854700104,897.0489340776004,8.970489340776004,0.0,204.3849581593143,32.50404888566329,53251.88007306298,83188.66631143355,114391.52603571324,734.9690062430426,20823.444334749205,2.7493396229367617,2.7493396229367644,100.91973158114058,49214.613195631304,4094.305670239425,13854.402289001499,1,0.00034463037705271323,0.0003275461813473616,22,1
762,10,0.01,0.010007563706421465,0,157.88058376147788,1.5758193608045907,0.0026459741743097096,1188.0659500878214,11.880659500878215,0.0,205.6492262349896,32.50404888566329,53349.05695062423,83176.63495987604,115106.95047796998,730.4577754343495,20883.45536493384,2.9330868354032877,2.9330868354032877,100.91973158114058,49214.613195631304,4094.305670239425,13866.486710830119,1,0.0004551223652701633,0.0003525553609457363,22,1
763,10,0.01,0.009897879380343326,0,159.63015301416968,1.5519701475554644,0.01774041293957956,713.0207911927131,7.130207911927131,0.0,203.13357049269308,32.50404888566329,53413.29265298005,83168.03289317181,114237.87794573586,736.0829596218327,21174.975873313546,2.951710232029596,2.9517102320295936,100.91973158114058,49214.613195631304,4094.305670239425,13875.143876825152,1,0.00026938242403055424,0.0003563783887844769,22,1
764,10,0.01,0.010014877125394709,0,157.76529059888279,1.5408012536009303,0.024809333163968182,704.4388812237714,7.044388812237714,0.0,201.14927619699995,32.50404888566329,53500.46311882081,83156.62084569797,113831.89635725415,738.7837729961815,21018.876181886764,2.7646815026769525,2.764681502676955,100.91973158114058,49214.613195631304,4094.305670239425,13886.607512168386,1,0.0002681166681331246,0.0003308738191446141,22,1
765,10,0.01,0.00993085771672246,0,159.1000541010124,1.535612344009488,0.028093453158551954,684.5577229790683,6.845577229790684,0.0,200.3842469574546,32.50404888566329,53593.009645704566,83144.36589078237,113645.9957854819,740.0695639678951,20934.871721542924,2.2938331819071323,2.2938331819071323,100.91973158114058,49214.613195631304,4094.305670239425,13898.90521484446,1,0.00026159519182517954,0.00026636476132961946,22,1
766,10,0.01,0.009826567753069471,0,160.7885926911219,1.5486782766357365,0.019823875547002233,736.8531111898105,7.368531111898106,0.0,200.06578501916098,32.50404888566329,53672.38951854627,83133.95374073857,114132.55003023523,736.9674628494855,20462.11530710284,2.3468461372698255,2.346846137269826,100.91973158114058,49214.613195631304,4094.305670239425,13909.359738741998,1,0.0002880848241272624,0.00027259889469518885,22,1
767,10,0.01,0.0099752226926226,0,158.39245385153401,1.5554816309106638,0.015517955119833065,774.9339392732339,7.749339392732339,0.0,199.8230451403511,32.50404888566329,53739.62776165582,83124.86751573587,114386.73817443449,735.3782642066062,20526.05964640975,2.427823476872947,2.427823476872948,100.91973158114058,49214.613195631304,4094.305670239425,13918.489741798836,1,0.0003020293042590974,0.00028390310673717976,22,1
768,10,0.01,0.00984674711294294,0,160.45908175332215,1.5599018957374953,0.012720319153484051,976.7557274051879,9.76755727405188,0.0,200.62901223942603,32.50404888566329,53864.907814418875,83109.10881958656,114556.17910830816,734.3806647157637,18700.576016941824,2.8443040511516613,2.8443040511516613,100.91973158114058,49214.613195631304,4094.305670239425,13934.295000736096,1,0.00041785054172461606,0.0003359882233703253,22,1
769,10,0.01,0.010112290705932257,0,156.2455081590081,1.5625727567896446,0.01102990076604778,855.4901677548563,8.554901677548564,0.0,200.02672851246845,32.50404888566329,53930.64145384715,83100.90917389806,114657.76021185132,733.7754975801532,19117.187171599835,3.0047432997736587,3.004743299773659,100.91973158114058,49214.613195631304,4094.305670239425,13942.544889636716,1,0.00035799834361647425,0.00035929272986672927,22,1
770,10,0.01,0.00999627073752337,0,158.0589443290182,1.5682252742695486,0.007452358057247761,971.442792104433,9.714427921044331,0.0,199.66821960597673,32.50404888566329,54002.31727725778,83092.07882967981,114868.67721772673,732.4756149669282,19421.422286442263,3.236854898382546,3.236854898382545,100.91973158114058,49214.613195631304,4094.305670239425,13951.430012781195,1,0.00040015310012905884,0.00039200066182338303,22,1
771,10,0.01,0.010133351005386496,0,155.92078071312574,1.562572768701979,0.011029893226595594,997.7432305110755,9.977432305110755,0.0,199.6851725266707,32.50404888566329,54111.05713314009,83078.37671833525,114667.96458309006,733.8407969207357,19002.98617432817,3.250469191165335,3.250469191165332,100.91973158114058,49214.613195631304,4094.305670239425,13965.186131823963,1,0.00042003639695700604,0.0003927292802341797,22,1
772,10,0.01,0.010086401826279413,0,156.646545241081,1.5621089674235915,0.011323438339499088,813.305243904269,8.13305243904269,0.0,198.34036317636006,32.50404888566329,54170.27734225108,83071.02418887292,114654.32600176794,733.971370709618,18612.640732737087,3.235369507434977,3.235369507434981,100.91973158114058,49214.613195631304,4094.305670239425,13972.591370306032,1,0.0003495711352656268,0.0003899202107838972,22,1
773,10,0.01,0.010250462905195431,0,154.13938030049155,1.5428895520017063,0.023487625315375803,598.1595171118815,5.981595171118816,0.0,196.0827050747864,32.50404888566329,54230.27759645041,83063.40285983062,113951.26593511947,738.5575058647714,18530.45040888398,2.887322221845948,2.8873222218459462,100.91973158114058,49214.613195631304,4094.305670239425,13980.260145775148,1,0.00025823852261037684,0.0003426153516110032,22,1
774,10,0.01,0.010026705111872354,0,157.57918302884607,1.5510534115473373,0.0183206256029511,738.3387780663171,7.383387780663171,0.0,195.60229174728806,32.50404888566329,54301.91068282194,83053.99283119169,114256.18308905621,736.6360322503257,18781.192983325243,2.624430127753908,2.624430127753908,100.91973158114058,49214.613195631304,4094.305670239425,13989.713605687002,1,0.000314501332784066,0.00030743699688668986,22,1
775,10,0.01,0.009942548674453475,0,158.91297611242018,1.5713611039632291,0.005467655719475269,1093.5524929294386,10.935524929294386,0.0,196.87635288501897,32.50404888566329,54395.19599227142,83041.65291293668,115006.24491096244,731.8893449818627,19063.069049236023,2.887330392588466,2.8873303925884644,100.91973158114058,49214.613195631304,4094.305670239425,14002.101343389766,1,0.00045891980566403675,0.00034388655368615986,22,1
776,10,0.01,0.009893977076133698,0,159.69311307697328,1.5629421347388563,0.010796117253888432,964.7669327625338,9.647669327625337,0.0,196.6403747308886,32.50404888566329,54493.6744333991,83028.92574368305,114704.08686150912,733.8984874233646,18917.216007079856,3.2541896482483965,3.254189648248393,100.91973158114058,49214.613195631304,4094.305670239425,14014.882332974248,1,0.00040799531279928937,0.0003938054837491307,22,1
777,10,0.01,0.010076306012371644,0,156.8034950566292,1.5676643443578138,0.007807376988725509,959.710088814042,9.597100888140421,0.0,195.9622522953474,32.50404888566329,54563.050481955346,83020.3167662079,114880.90745783751,732.815719585036,18309.16323431418,3.520534378738821,3.5205343787388164,100.91973158114058,49214.613195631304,4094.305670239425,14023.547507611904,1,0.0004193354230477986,0.0004287501805037082,22,1
778,10,0.01,0.010059874574451774,0,157.05961225526553,1.5559709194826712,0.015208278808436,874.8519822888683,8.748519822888683,0.0,195.04533178779187,32.50404888566329,54659.52763255764,83008.25198118947,114457.80022642366,735.6037236510729,18269.206477562726,3.335046414512107,3.3350464145121097,100.91973158114058,49214.613195631304,4094.305670239425,14035.665820049118,1,0.0003830935879402602,0.00040347477459578277,22,1
779,10,0.01,0.010056148551289256,0,157.11780627956566,1.5585148918722909,0.013598169701081776,341.81278615096613,3.4181278615096615,0.0,191.058562808576,32.510885141386304,54665.77137865714,83007.79368843636,114551.47033206899,735.0040152292345,18710.424120994136,2.680919548027293,2.680919548027291,100.91973158114058,49214.613195631304,4096.0147341701795,14036.178539228345,1,0.00014614859992080381,0.0003161925369696209,22,1
780,10,0.01,0.009848554735734458,0,160.42963078299542,1.5305242052196693,0.03131379416476634,668.8079995824303,6.688079995824303,0.0,190.6659932485064,32.510885141386304,54766.95677735788,82994.73323718217,113525.72646674699,741.7440774839176,18915.639003071832,2.3440265285493362,2.344026528549339,100.91973158114058,49214.613195631304,4096.0147341701795,14049.278581686709,1,0.00028285927828240677,0.0002707004887144903,22,1
781,10,0.01,0.009999767713836505,0,158.00367020663705,1.5691648901115962,0.006857664486331557,1003.6885390629186,10.036885390629186,0.0,192.16017815002434,32.510885141386304,54842.1377216759,82985.44796328606,114952.00866346652,732.5680646301698,19183.321147322673,2.4280547183392,2.428054718339201,100.91973158114058,49214.613195631304,4096.0147341701795,14058.604366513488,1,0.00041856716315381035,0.00028252501378567366,22,1
782,10,0.01,0.010003068531019592,0,157.95153208242132,1.5784067081214417,0.0010084125813660692,1292.6010499293031,12.926010499293032,0.0,193.67225017823407,32.53673716238489,54865.760837127425,82983.60414108819,115290.53298636577,730.423485868101,19190.41157752341,3.386375973424777,3.3863759734247783,100.91973158114058,49214.613195631304,4102.477739419826,14060.543268088382,1,0.0005388528723139008,0.00041342643791670593,22,1
783,10,0.01,0.009993905314247055,0,158.0963547600949,1.5826028310149602,0.0016473614018735264,616.7242913431895,6.167242913431895,0.0,190.15246586921089,32.54907164821175,54876.59004074059,82982.75278632718,115443.91017996112,729.4559817381613,19262.516092748603,3.3132971871802184,3.3132971871802197,100.91973158114058,49214.613195631304,4105.5613608765425,14061.468354525397,1,0.00025613446898574427,0.00040451816815115183,22,1
784,10,0.01,0.010076781635514554,0,156.7960939464498,1.5703085204993,0.0061338477852532595,1208.9979653500766,12.089979653500766,0.0,191.01693602320378,32.54907164821175,55091.34004886742,82955.65050229934,115007.54287318105,732.3881987000422,19098.111790576277,3.531866829531994,3.5318668295319973,100.91973158114058,49214.613195631304,4105.5613608765425,14088.629300416247,1,0.0005064366482331061,0.00043380799651091705,22,1
785,10,0.01,0.00981254985890655,0,161.0182901201651,1.5741389085219317,0.003709551568397688,545.5552711050574,5.455552711050574,0.0,188.3775999895718,32.559982753633854,55096.63288534211,82954.8711475851,115147.93815324952,731.4979480519283,19140.352041636772,2.7696755709266263,2.769675570926626,100.91973158114058,49214.613195631304,4108.289137232067,14089.470838739873,1,0.00022802308752453007,0.0003301980682477935,22,1
786,10,0.01,0.009827578060877917,0,160.77206308741907,1.5777862675887406,0.0014010964628224298,1180.1538419603655,11.801538419603656,0.0,189.3972278095105,32.559982753633854,55160.69645076551,82946.72174211717,115284.88575496114,730.6749217125956,18925.73703659332,3.3663397230510013,3.366339723051004,100.91973158114058,49214.613195631304,4108.289137232067,14097.67538345736,1,0.0004988567006626005,0.00041110547880674554,22,1
787,10,0.01,0.010167798767280507,0,155.39253246084738,1.5857152716907146,0.003617260563743359,1146.3522963039416,11.463522963039416,0.0,190.31503085817914,32.582909799559935,55197.09921375239,82945.19909139631,115574.68934187967,728.8489390573386,18942.535482043095,3.3135264506996314,3.3135264506996274,100.91973158114058,49214.613195631304,4114.0208987135875,14099.394911901814,1,0.0004841389041675635,0.0004036728974515647,22,1
788,10,0.01,0.00999370237812518,0,158.09956512797496,1.5620934849973036,0.011333237343478776,871.1942146487464,8.711942146487464,0.0,188.24272482888054,32.582909799559935,55267.271842992486,82936.03628596322,114716.14958031052,734.3744192141518,18923.33733066911,3.651253230917519,3.651253230917521,100.91973158114058,49214.613195631304,4114.0208987135875,14108.618211826983,1,0.00036830468090289734,0.0004504334285776871,22,1
789,10,0.01,0.009985751707289148,0,158.22544424438988,1.5480435308391018,0.02022561339297356,766.2129649130585,7.662129649130585,0.0,186.28607486101083,32.582909799559935,55353.311884515766,82924.65552285196,114205.0947334655,737.7382641918458,19296.631012312522,3.1996081641646033,3.199608164164606,100.91973158114058,49214.613195631304,4114.0208987135875,14120.053525588002,1,0.0003176566787950349,0.0003900334212884986,22,1
790,10,0.01,0.009940264435504113,0,158.9494937736907,1.5435074492912282,0.023096551081501195,781.2365897364184,7.8123658973641845,0.0,185.4884316016759,32.582909799559935,55457.72744792885,82911.01284213785,114044.16195862417,738.8636965179063,19336.977970442727,2.805772169906391,2.805772169906391,100.91973158114058,49214.613195631304,4114.0208987135875,14133.744254813419,1,0.00032320938294724935,0.0003363902475483939,22,1
791,10,0.01,0.009905459585893823,0,159.50799519186853,1.5216575958281469,0.03692557226066659,605.3999576571294,6.053999576571295,0.0,183.89614090266866,32.582909799559935,55552.39585677186,82898.4388222779,113241.07767176733,744.195527181902,19636.7152726127,2.5014174536687226,2.501417453668724,100.91973158114058,49214.613195631304,4114.0208987135875,14146.362426363945,1,0.00024664001051193324,0.0002958353574180725,22,1
792,10,0.01,0.01000956091356816,0,157.84908185715506,1.5696614212427047,0.006543404276769227,1061.6436293110505,10.616436293110505,0.0,185.06715279209712,32.582909799559935,55645.90128329627,82886.84031828208,115016.08297045858,732.7445359483962,19336.5885457269,2.8047540815263794,2.804754081526382,100.91973158114058,49214.613195631304,4114.0208987135875,14158.008102094085,1,0.0004392268581608344,0.0003363587505400057,22,1
793,10,0.01,0.009860195216909956,0,160.24023513148552,1.5497657504783673,0.019135600963058722,733.6833167521514,7.336833167521514,0.0,183.93362688939337,32.582909799559935,55720.22843495628,82876.92318799364,114290.50327619616,737.4695384829485,19622.650472329417,2.7389279319843465,2.7389279319843483,100.91973158114058,49214.613195631304,4114.0208987135875,14167.972647280068,1,0.0002991169078965123,0.0003283279255230933,22,1
794,10,0.01,0.010026018417866319,0,157.58997581576824,1.5490077271444707,0.019615362566790768,501.180351502614,5.0118035150261395,0.0,181.14602910523976,32.582909799559935,55756.11662914295,82872.11666943264,114264.82137044863,737.6646311577214,19463.408385658684,2.6376064128803214,2.6376064128803205,100.91973158114058,49214.613195631304,4114.0208987135875,14172.82452985808,1,0.0002059990076031703,0.00031478092455350566,22,1
795,10,0.01,0.00998650661607538,0,158.21348352752884,1.5514755444939767,0.018053452851913506,643.5353055615008,6.435353055615008,0.0,180.66829642815975,32.582909799559935,55807.010185820414,82865.14207642943,114358.90941973568,737.0977249727423,19744.07976697823,2.197602167476247,2.197602167476245,100.91973158114058,49214.613195631304,4114.0208987135875,14179.837346137694,1,0.00026075069110602237,0.0002552888688685683,22,1
796,10,0.01,0.010016475111499414,0,157.74012139121487,1.549484415271775,0.019313661220395583,855.3559180235526,8.553559180235526,0.0,181.4513748389301,32.582909799559935,55916.70500553576,82850.73472480483,114292.16823876719,737.614183868514,19694.180498022426,2.3175231334920734,2.317523133492073,100.91973158114058,49214.613195631304,4114.0208987135875,14194.284918254256,1,0.0003474552975116451,0.0002714016654069459,22,1
797,10,0.01,0.010060257170486165,0,157.05363920867305,1.5508663619926393,0.018439011397063793,614.9299777118713,6.1492997771187135,0.0,180.08418678596723,32.582909799559935,55961.237730125904,82844.23018485308,114346.03648690031,737.3042532174221,19954.516066198656,2.409266799963165,2.4092667999631634,100.91973158114058,49214.613195631304,4114.0208987135875,14200.831851863459,1,0.00024653265483236183,0.00028491288115000974,22,1
798,10,0.01,0.009909970473532323,0,159.43538925972427,1.556228839461276,0.01504503831564815,765.941751074092,7.659417510740921,0.0,179.62721572634848,32.582909799559935,56028.12646565378,82835.64061181179,114547.25138219951,736.056603486751,20316.71923665747,2.5019746503665297,2.50197465036653,100.91973158114058,49214.613195631304,4114.0208987135875,14209.466064843913,1,0.0003016005653873891,0.00029852950591046534,22,1
799,10,0.01,0.009770383389161377,0,161.7132037779345,1.5535453099604175,0.016743474708596558,524.0484312911576,5.240484312911576,0.0,178.05486051976746,32.582909799559935,56061.80290934193,82831.12547263764,114450.72743081512,736.7067229840319,20413.96900505751,2.1518815527672825,2.151881552767285,100.91973158114058,49214.613195631304,4114.0208987135875,14214.019883308301,1,0.00020536856156147822,0.00025116726059374304,22,1
800,10,0.01,0.009989591238710422,0,158.16462978759137,1.538663068415975,0.026162614926598146,467.76333415144853,4.677633341514485,0.0,176.43544745868826,32.582909799559935,56103.634011657545,82825.37146910062,113904.69294233422,740.2835310760854,20454.43370584408,1.9936403793348099,1.9936403793348132,100.91973158114058,49214.613195631304,4114.0208987135875,14219.810144875848,1,0.00018294843685368923,0.00022997252126751887,22,1
801,10,0.01,0.010013840180797436,0,157.78162737506156,1.5614173221729624,0.011761188498125132,702.6195994168667,7.026195994168667,0.0,176.92465722125496,32.582909799559935,56142.83553440411,82819.88352612293,114745.09272544281,734.8778004188953,20345.78050857232,1.934565010006054,1.9345650100060543,100.91973158114058,49214.613195631304,4114.0208987135875,14225.33251300449,1,0.00027627137690621633,0.00022152945844046128,22,1
802,10,0.01,0.010024680829430047,0,157.6110029719351,1.543317545916562,0.023216743090783584,467.1995549817375,4.671995549817375,0.0,175.60166662339628,32.582909799559935,56179.8823078655,82814.79326886969,114081.41239769767,739.1959788155314,20660.236920298918,1.8678753951930216,1.8678753951930198,100.91973158114058,49214.613195631304,4114.0208987135875,14230.456972870334,1,0.00018090772406301252,0.00021337584594097268,22,1
803,11,0.01,0.009974006892111429,0,158.41176140049015,1.5992992188846882,0.012214695496638043,920.5340733811216,9.205340733811216,0.0,247.83473254190486,32.7770877489283,53478.2009094048,82803.21663283778,117551.80061231519,735.0206842112567,20608.858697795495,2.420920918544366,2.420920918544364,103.04429348897747,49111.568902142324,4114.0208987135875,14242.076208065699,1,0.0003573352942556067,0.00027150479840827856,25,1
804,11,0.01,0.00983846371462047,0,160.59417870821005,1.5587551344684325,0.013446117425042765,916.6332420363599,9.166332420363599,0.0,248.30234707996217,32.7770877489283,53578.85036384719,82790.49425597435,116060.30281193275,744.5704603982696,20242.244077734886,2.6389661070406047,2.638966107040608,103.04429348897747,49111.568902142324,4114.0208987135875,14254.845392003272,1,0.0003622654636575972,0.00030016949399207216,25,1
805,11,0.01,0.009942171691092743,0,158.91900171222474,1.5427675628172415,0.02356483365997379,647.5687872208595,6.475687872208595,0.0,245.97238747979023,32.7770877489283,53647.114730789006,82781.4122560126,115468.6294079621,748.4512391296672,20279.217947318237,2.8153692524462697,2.815369252446273,103.04429348897747,49111.568902142324,4114.0208987135875,14263.978023839696,1,0.00025546104939672793,0.00032502060243664395,25,1
806,11,0.01,0.009942171691092743,1,158.91900171222474,1.5374851156335823,0.026908154662289754,724.3951378559594,7.243951378559594,0.0,244.886153409896,32.7770877489283,53747.37103842785,82768.38907477348,115277.06975121051,749.7768178634105,19815.5625309135,2.665852113810151,2.6658521138101507,103.04429348897747,49111.568902142324,4114.0208987135875,14277.048179945185,1,0.00029245503849849666,0.00030339385051760724,25,1
807,11,0.01,0.010193542206950837,0,155.00009397347858,1.5612081155723088,0.011893597739045131,737.8674079311365,7.378674079311366,0.0,244.28745654089403,32.7770877489283,53794.426535295686,82762.5040930037,116164.34421448896,744.067002059526,20130.717426939398,2.4897195776468686,2.4897195776468704,103.04429348897747,49111.568902142324,4114.0208987135875,14282.97704031914,1,0.00029323044669782316,0.0002803821781976826,25,1
808,11,0.01,0.009914813017078078,0,159.35751862173092,1.5615427081128832,0.011681830308301814,810.1479772776421,8.101479772776422,0.0,243.9117358045887,32.7770877489283,53853.87332559603,82754.91916650212,116180.26106861542,744.0095007649115,19864.524813060638,2.6672646265774262,2.6672646265774262,103.04429348897747,49111.568902142324,4114.0208987135875,14290.608335358405,1,0.0003262692603630696,0.00030398491518646316,25,1
809,11,0.01,0.009898708773374076,0,159.61677792258564,1.5710669330039766,0.005653839870900934,1379.5647892611,13.795647892611,0.0,245.80808942873995,32.804679044713524,53871.689737762696,82752.91144774848,116534.56545315006,741.7543008834691,19969.594120194928,3.301553010378029,3.3015530103780275,103.04429348897747,49111.568902142324,4120.918722659893,14292.7143890051,1,0.0005526661307015624,0.00039072194592081836,25,1
810,11,0.01,0.010051746130374177,0,157.1866200664963,1.5350879456298163,0.028425350867204904,630.841023252925,6.3084102325292495,0.0,242.5419633935704,32.804679044713524,53948.753433338796,82742.65298095615,115199.12717870178,750.4399178344004,19507.967863895425,3.222051601640892,3.2220516016408927,103.04429348897747,49111.568902142324,4120.918722659893,14303.028898412389,1,0.0002587008662939047,0.00037921208578617897,25,1
811,11,0.01,0.00980230322060202,0,161.18660731482277,1.5743301279031543,0.0035885266435732744,1186.7729641294436,11.867729641294437,0.0,242.87666532301546,32.804679044713524,54083.06120845632,82725.83811702485,116667.92290731812,741.0639029230025,19864.48906041153,3.583605706475564,3.5836057064755593,103.04429348897747,49111.568902142324,4120.918722659893,14319.905530980412,1,0.00047794754167409024,0.0004297715128898525,25,1
812,11,0.01,0.010158456790068379,0,155.53543541620604,1.5562784509806016,0.015013638619872462,509.5540906613952,5.0955409066139525,0.0,239.7394385665747,32.81487012652675,54091.816540529304,82725.13719568947,115998.49942411807,745.3582573930014,19930.682075144356,2.7292482165790655,2.7292482165790655,103.04429348897747,49111.568902142324,4123.4664931132,14320.669862116403,1,0.0002045305178177971,0.00031372630859526405,25,1
813,11,0.01,0.010108594104581243,0,156.30264541771834,1.5626432867723963,0.010985261536458096,895.5155499561085,8.955155499561085,0.0,239.3837581630708,32.81487012652675,54164.74227256425,82716.02856532678,116239.26710480325,743.863094595906,19247.146786520738,3.0203895658733577,3.0203895658733555,103.04429348897747,49111.568902142324,4123.4664931132,14329.829330725357,1,0.000372217476133454,0.00035156517854178045,25,1
814,11,0.01,0.010178207705258098,0,155.23361732771147,1.5805350614274147,0.00033864647304725475,1359.3595020105713,13.593595020105713,0.0,241.47910751944576,32.81487012652675,54287.012739904065,82703.81845564434,116907.35560248343,739.6694857050619,19194.60934881954,3.241237449991397,3.241237449991399,103.04429348897747,49111.568902142324,4123.4664931132,14342.2446167737,1,0.0005665588613166212,0.0003811022850892908,25,1
815,11,0.01,0.010178207705258098,1,155.23361732771147,1.5844763673898195,0.0028331439176072027,650.3133149202923,6.503133149202924,0.0,238.13730133246577,32.827876392825154,54322.64212051052,82703.07724158687,117053.32589898731,738.7508473339658,18938.31033032081,3.411776504078517,3.411776504078517,103.04429348897747,49111.568902142324,4126.7180596878015,14343.22008674608,1,0.0002747080615229421,0.0004044947996576724,25,1
816,11,0.01,0.009940802850667469,0,158.94088472883374,1.5420043465951674,0.02404788190179284,660.8144526855743,6.608144526855743,0.0,235.42414438317195,32.827876392825154,54396.108744536425,82693.44657566486,115480.64070777425,748.899579711056,19169.549763187715,3.166401567924995,3.166401567924998,103.04429348897747,49111.568902142324,4126.7180596878015,14352.904615607591,1,0.0002757767233342416,0.00037234788205793497,25,1
817,11,0.01,0.01006986114209256,0,156.9038517716511,1.5343084038220138,0.028918731758219136,659.5685224472883,6.5956852244728825,0.0,234.57609472953848,32.827876392825154,54481.57665938619,82682.10338345931,115197.67561914807,750.8117359729425,19165.451006605115,2.456190482303943,2.4561904823039433,103.04429348897747,49111.568902142324,4126.7180596878015,14364.289751007203,1,0.0002753156279891256,0.0002752668042821031,25,1
818,11,0.01,0.010028800829204527,0,157.546253725464,1.5407854811458765,0.024819315730457925,831.8977654222841,8.318977654222842,0.0,234.74360525014654,32.827876392825154,54607.00624963422,82665.51418737473,115447.77275361004,749.2786904232247,19108.954522039396,2.636845542004011,2.636845542004011,103.04429348897747,49111.568902142324,4126.7180596878015,14380.923621196815,1,0.00034827557497729613,0.0002997893087668878,25,1
819,11,0.01,0.009969636589404477,0,158.48120298378691,1.5495356194126613,0.01928125353629038,726.1554816810357,7.2615548168103565,0.0,233.97303552137106,32.827876392825154,54678.18336718229,82656.06814413231,115778.94439954113,747.1847884556936,18430.07055937975,2.7477772460265757,2.747777246026579,103.04429348897747,49111.568902142324,4126.7180596878015,14390.414338970653,1,0.00031520464529593157,0.0003129319494207844,25,1
820,11,0.01,0.009998465097244889,0,158.024255186466,1.553630329543648,0.016689664845792453,579.2689295886312,5.792689295886312,0.0,232.17093485355122,32.83946177141693,54683.832322465954,82655.22986626768,115932.0493747628,746.2009924124991,18131.012581677463,2.7037995480329275,2.7037995480329267,103.04429348897747,49111.568902142324,4129.614404335744,14391.313192944366,1,0.0002555925332814645,0.00030635758451823074,25,1
821,11,0.01,0.010029021031503216,0,157.54279455959812,1.558319427094916,0.013721881585496178,700.6992375851876,7.006992375851876,0.0,231.55887112742644,32.853475756168635,54691.221793039076,82654.21110396291,116107.13256011282,745.0791573365967,18589.104794587165,2.5773874178025555,2.577387417802557,103.04429348897747,49111.568902142324,4133.11790052367,14392.395105657457,1,0.00030155265477408875,0.0002907832777838283,25,1
822,11,0.01,0.009892393891221082,0,159.71867046278425,1.5660653939632008,0.008819370909366646,1170.5366610965525,11.705366610965525,0.0,233.21459089078226,32.876886489390564,54706.638717603826,82652.5091998708,116395.78074039951,743.2370397116033,17758.687562515384,3.118168869437976,3.1181688694379797,103.04429348897747,49111.568902142324,4138.970583829153,14394.180082080671,1,0.0005273077335139534,0.0003614843071898356,25,1
823,11,0.01,0.010126489699454986,0,156.026426421491,1.566740484096829,0.008392098672893027,928.2599672521022,9.282599672521023,0.0,232.51901705133145,32.876886489390564,54769.55768671593,82644.67715282759,116424.36122674585,743.0992076129342,17887.31895219454,3.501580699367859,3.501580699367862,103.04429348897747,49111.568902142324,4138.970583829153,14402.0667690442,1,0.00041515890435361955,0.0004146730975472205,25,1
824,11,0.01,0.00988236701307651,0,159.88072472003097,1.5607553700033119,0.01218014556752417,683.199030486978,6.83199030486978,0.0,229.87265763201702,32.876886489390564,54807.77844461683,82639.31650823716,116204.61675871129,744.5408741951962,17403.429876391427,3.539639228538883,3.5396392285388862,103.04429348897747,49111.568902142324,4138.970583829153,14407.481418277877,1,0.00031405259093841945,0.0004188397429353308,25,1
825,11,0.01,0.009873638768991864,0,160.02205842915643,1.5561392674147265,0.015101729484350346,534.2621080223435,5.342621080223434,0.0,227.67279123565473,32.876886489390564,54837.23735993837,82635.16142310995,116034.8695530485,745.6586436882455,17137.811636091268,2.8661735892725373,2.8661735892725395,103.04429348897747,49111.568902142324,4138.970583829153,14411.679695307288,1,0.0002493957195315264,0.0003262024049411885,25,1
826,11,0.01,0.009989712009551444,0,158.16271765285302,1.5623064153023831,0.011198471327605663,933.6319096853719,9.33631909685372,0.0,228.4706164297113,32.89555912758427,54847.58433693108,82633.80070061785,116264.92183479673,744.1877002872945,17501.10891771831,2.8860403373993395,2.8860403373993386,103.04429348897747,49111.568902142324,4143.63874337758,14413.11260344166,1,0.0004267761153078263,0.00033007480859259075,25,1
827,11,0.01,0.010246299178952567,0,154.20201698243955,1.556505042560612,0.014870226227460835,943.2160109323871,9.432160109323872,0.0,228.80823514765794,32.89555912758427,54956.811122383624,82619.86668507259,116055.41529806214,745.615414821522,17834.653929077296,3.143153012739705,3.1431530127397087,103.04429348897747,49111.568902142324,4143.63874337758,14427.095813719438,1,0.00042309360851441473,0.0003664218144512558,25,1
828,11,0.01,0.010126578516835997,0,156.02505795744958,1.5612327435743243,0.01187801039599733,727.9907108723627,7.279907108723627,0.0,226.75096253536188,32.91011894180172,54969.06480578537,82618.8495192016,116231.80161296272,744.4873423987945,18207.580980781648,3.30090732327412,3.3009073232741244,103.04429348897747,49111.568902142324,4147.278696931941,14428.187799785746,1,0.0003198626820952292,0.00038991080197249003,25,1
829,11,0.01,0.009947693937979398,0,158.83078126958677,1.5657028068203536,0.009048856442814245,655.127684205044,6.551276842050441,0.0,224.82784200789644,32.92322149548582,54974.31054263163,82617.89901608204,116398.33170794853,743.4254521414031,18612.02110419701,2.9339802684630256,2.9339802684630265,103.04429348897747,49111.568902142324,4150.5543353529665,14429.205603542407,1,0.00028159335540719446,0.00034151654867227947,25,1
830,11,0.01,0.009897461991766592,0,159.63688482101327,1.5582814089007806,0.013745943733683211,922.456012549864,9.22456012549864,0.0,225.40218136486632,32.92322149548582,55076.10900781796,82604.81311009325,116128.61683302103,745.2352070024293,17980.37216820996,2.919815624835139,2.919815624835141,103.04429348897747,49111.568902142324,4150.5543353529665,14442.337521758169,1,0.0004104279951138294,0.000337294677538751,25,1
831,11,0.01,0.00978416285536484,0,161.48545597170394,1.5614014624210695,0.011771226315778857,440.65269915527455,4.406526991552745,0.0,222.6168841564039,32.93203454946892,55078.3489332844,82604.17486383946,116244.99486139411,744.4913922467292,18327.43489104608,2.595314872335467,2.595314872335467,103.04429348897747,49111.568902142324,4152.757598848743,14443.030433231164,1,0.00019234669849867825,0.00029478934967323405,25,1
832,11,0.01,0.010009661311345674,0,157.84749861707246,1.562623905357122,0.0109975282549861,841.0027272180088,8.410027272180088,0.0,222.77390789843136,32.93203454946892,55135.93200756911,82596.34390328091,116294.0131383158,744.2226676529563,18084.5610025562,2.821651516267186,2.821651516267185,103.04429348897747,49111.568902142324,4152.757598848743,14450.90600429392,1,0.00037203124901915424,0.00032493531421055394,25,1
833,11,0.01,0.010204966222575535,0,154.82657811298847,1.5608443059873633,0.012123856970023243,800.0767752288872,8.000767752288873,0.0,222.91910591720602,32.93203454946892,55193.47232200399,82589.10857193137,116231.12745258992,744.6682991168943,18105.137454131112,2.6829686775645483,2.6829686775645483,103.04429348897747,49111.568902142324,4152.757598848743,14458.183850250178,1,0.00035352475053265325,0.00030596756601682855,25,1
834,11,0.01,0.009980491537659333,0,158.30883619691423,1.5310429611319964,0.030985467637976976,466.1972461897644,4.661972461897644,0.0,220.07368212512054,32.93203454946892,55243.908662201706,82582.40521583158,115120.91683479733,751.9117344015036,18396.154293697276,2.6954963493176267,2.6954963493176267,103.04429348897747,49111.568902142324,4152.757598848743,14464.93154264684,1,0.00020273682803344988,0.0003094309425284191,25,1
835,11,0.01,0.009977368942474033,0,158.3583817647437,1.5690152801529744,0.006952354333560536,1130.3205137000132,11.303205137000132,0.0,221.5211295987755,32.93203454946892,55379.986972942104,82565.4813460099,116545.33730983316,742.7928764241884,18631.719138614073,2.968509057102552,2.968509057102554,103.04429348897747,49111.568902142324,4152.757598848743,14481.903530927131,1,0.0004853317099901679,0.00034719776285209035,25,1
836,11,0.01,0.010065232626466934,0,156.97600429475682,1.5362792705251846,0.027671347768870518,454.38875863878144,4.5438875863878145,0.0,218.78708427372948,32.93203454946892,55420.45867279368,82559.72313004978,115327.57607100131,750.6940846215807,18643.076500040446,2.5771104944539993,2.577110494453999,103.04429348897747,49111.568902142324,4152.757598848743,14487.704557703131,1,0.00019498445275930532,0.00029435099692764105,25,1
837,11,0.01,0.010068001553355946,0,156.93283236267897,1.5571766800828024,0.014445139188099783,624.2763730619822,6.2427637306198225,0.0,217.11809099105577,32.93203454946892,55461.90482761384,82554.60510798983,116110.47924213663,745.6474318377443,18587.428510585833,2.7355956518907165,2.7355956518907147,103.04429348897747,49111.568902142324,4152.757598848743,14492.867242866037,1,0.0002686875692165582,0.0003163345773220105,25,1
838,11,0.01,0.010019016523852745,0,157.70010921116057,1.574358934182605,0.003570294821136137,1171.2114880890442,11.712114880890443,0.0,219.12575922307516,32.93203454946892,55556.86449520995,82542.82917266109,116753.73555999239,741.5954076610238,18037.56863069718,2.8356868357414076,2.8356868357414062,103.04429348897747,49111.568902142324,4152.757598848743,14504.687507395998,1,0.0005194542621873423,0.00032770876138773526,25,1
839,11,0.01,0.010034084935241952,0,157.46328740458299,1.558140764231346,0.01383495934724937,460.33710829259616,4.603371082925961,0.0,215.8717369344348,32.941241291634775,55562.09144305951,82542.18356179119,116152.06503333236,745.4529635557792,18432.757614838654,2.8314324097037806,2.831432409703783,103.04429348897747,49111.568902142324,4155.059284390206,14505.392865933167,1,0.00019979088008926788,0.00032931090383105614,25,1
840,11,0.01,0.009913743272232793,0,159.37471413299463,1.5554547902605842,0.01553494287304802,608.3934810928458,6.083934810928459,0.0,214.08163707460744,32.941241291634775,55600.453472240144,82536.8069245046,116054.57815115592,746.1134767646533,17761.046606511838,2.8569320140195518,2.8569320140195553,103.04429348897747,49111.568902142324,4155.059284390206,14510.81412667334,1,0.0002740349685788391,0.0003310933702851498,25,1
841,11,0.01,0.010049642045450639,0,157.2195300941339,1.5401795837099004,0.02520279512031626,616.924167624988,6.16924167624988,0.0,213.75940753083668,32.941241291634775,55666.12888102662,82528.0706002947,115488.12403241599,749.835442917861,18038.294241224507,2.2512882583676825,2.2512882583676848,103.04429348897747,49111.568902142324,4155.059284390206,14519.586483396906,1,0.0002736064327923321,0.00024914409382014634,25,1
842,11,0.01,0.009886900197480142,0,159.80741875018543,1.5651196870154513,0.009417919610473877,798.2403990322567,7.982403990322568,0.0,213.9795592528611,32.941241291634775,55711.36013324272,82522.1180824131,116420.8170947795,743.84609727058,18436.104129010015,2.599094499815986,2.5990944998159837,103.04429348897747,49111.568902142324,4155.059284390206,14525.580822783591,1,0.00034638138012084267,0.0002980075938306713,25,1
843,11,0.01,0.010144630041891152,0,155.74742434919372,1.5697722066677477,0.006473286919147039,723.0382101664696,7.230382101664697,0.0,213.24363838200557,32.9557020558381,55723.09600075074,82521.09928658513,116593.99064924868,742.744648898772,18783.941994584744,2.6723190879435235,2.672319087943525,103.04429348897747,49111.568902142324,4158.674475441038,14526.66538009884,1,0.00030793885985163955,0.0003093088909216048,25,1
844,11,0.01,0.010017778716712857,0,157.71959480039772,1.575718369463653,0.00270989274452349,916.8908066389544,9.168908066389545,0.0,213.35780621279207,32.97403987197088,55737.93445608853,82519.80015701584,116814.94334920941,741.3440473437596,19100.05774476396,2.934393393191318,2.9343933931913146,103.04429348897747,49111.568902142324,4163.258929474233,14528.040716308798,1,0.0003840368731409971,0.0003461190377044931,25,1
845,11,0.01,0.009974860436823794,0,158.39820617110362,1.5787775981487016,0.0007736720577838707,436.75463841868185,4.367546384186818,0.0,210.47410361549913,32.98277496473926,55745.56115524892,82519.19977924137,116928.4569072166,740.6265267782408,18917.81833824068,2.5393217916708575,2.539321791670857,103.04429348897747,49111.568902142324,4165.442702666326,14528.695848266427,1,0.0001846955629279181,0.0002922237653068516,25,1
846,11,0.01,0.010117578586251135,0,156.1638475580586,1.5529253605273892,0.017135847767475256,755.2048225018927,7.552048225018928,0.0,210.17603938901834,32.98277496473926,55816.93544479331,82510.2470379479,115972.61951840883,746.8009890637844,19248.948694562532,2.5461996410806362,2.546199641080636,103.04429348897747,49111.568902142324,4165.442702666326,14537.691718105572,1,0.0003138684961907448,0.00029420031075321997,25,1
847,11,0.01,0.009855782347746376,0,160.31198176381025,1.5629299785374349,0.010803811052256454,906.3334145260555,9.063334145260555,0.0,210.9838248627685,32.98277496473926,55892.97622749646,82500.34167531098,116349.60361500876,744.4326055085774,19192.724652980913,2.5336833381888937,2.5336833381888937,103.04429348897747,49111.568902142324,4165.442702666326,14547.639565289388,1,0.0003777820735359901,0.00029211537755155097,25,1
848,11,0.01,0.010116587458153248,0,156.17914702320226,1.5450604672924386,0.02211362829592497,904.2820861518074,9.042820861518075,0.0,210.77631775778084,32.98277496473926,56034.08409383781,82481.94504357404,115691.84534575975,748.7852274707277,19194.545504787282,3.000926911260222,3.0009269112602204,103.04429348897747,49111.568902142324,4165.442702666326,14566.087138464065,1,0.0003768912729613825,0.00035618061422937244,25,1
849,11,0.01,0.0099087342135151,0,159.45528116446457,1.533557894232599,0.029393737827469082,397.75321631103094,3.9775321631103093,0.0,207.3168408983399,32.98277496473926,56072.09839211102,82476.91067957293,115263.39177351234,751.6076974139329,18782.27714555442,2.6515016181751005,2.6515016181750983,103.04429348897747,49111.568902142324,4165.442702666326,14571.165975926782,1,0.00016941639748093066,0.00030802991465943443,25,1
850,11,0.01,0.009892580367463804,0,159.71565974804108,1.5337051016823233,0.02930056855549161,724.1640587699463,7.241640587699464,0.0,207.0947075701328,32.98277496473926,56180.308181253255,82462.6894458864,115275.48661074169,751.6144171672628,18714.88855520106,2.4865031466672716,2.486503146667268,103.04429348897747,49111.568902142324,4165.442702666326,14585.42866965039,1,0.0003095563435000819,0.00028528800464746505,25,1
851,11,0.01,0.00993981493078945,0,158.9566818901035,1.5570292624231499,0.014538441504335567,641.9924983262213,6.419924983262213,0.0,206.7631823432021,32.98277496473926,56218.887833927496,82457.10251404197,116150.03012180178,745.9720438461226,19037.00996748992,2.2184130657061902,2.218413065706192,103.04429348897747,49111.568902142324,4165.442702666326,14591.052668130878,1,0.0002697871144355427,0.0002495866184721851,25,1
852,11,0.01,0.010076950258842806,0,156.79347018841398,1.5613053770483085,0.011832039842842755,633.7814505351128,6.337814505351128,0.0,205.69388204925622,32.99545059374996,56229.34863322098,82456.21227311973,116309.65668381112,744.9513618130092,19319.930201781586,2.436936090740419,2.4369360907404176,103.04429348897747,49111.568902142324,4168.611609919001,14592.003340306681,1,0.0002624363313596935,0.00028059326309843934,25,1
853,11,0.01,0.010183687440411458,0,155.15008775015608,1.5640704162980072,0.010082015001261279,902.3867205999561,9.023867205999561,0.0,206.3767227662984,32.99545059374996,56296.38030138462,82447.78943806732,116416.21325148619,744.3156781075836,19141.912471598233,2.606294617211565,2.6062946172115664,103.04429348897747,49111.568902142324,4168.611609919001,14600.469734239825,1,0.0003771354495278861,0.0003031196317743741,25,1
854,11,0.01,0.009862050676553593,0,160.21008731544555,1.5622281099540327,0.011248031674662881,790.398740965234,7.9039874096523395,0.0,205.85471587133168,32.99545059374996,56346.54639537475,82440.81381725219,116350.98443801556,744.7758985814119,19226.01995146716,2.747392040307855,2.747392040307851,103.04429348897747,49111.568902142324,4168.611609919001,14607.491565491164,1,0.0003288870990295286,0.0003228196266390361,25,1
855,11,0.01,0.010068610116599614,0,156.92334708592333,1.5647220088187463,0.009669614671679573,1066.9414204140894,10.669414204140894,0.0,206.4196205703249,32.99545059374996,56472.70029048126,82424.99343736478,116450.85517037433,744.2271183894603,19571.711997308343,3.1641626158061644,3.1641626158061675,103.04429348897747,49111.568902142324,4168.611609919001,14623.366001677858,1,0.00043611572480151914,0.00038071275778631125,25,1
856,11,0.01,0.009904079575590098,0,159.5302206470672,1.5715395421157967,0.00535472017987554,946.067685073357,9.46067685073357,0.0,205.86407411033133,33.01437194745142,56485.3195646903,82423.6361113794,116704.65457495987,742.6135419910462,19763.893127681506,3.1735369863877643,3.173536986387762,103.04429348897747,49111.568902142324,4173.341948344368,14624.806041751968,1,0.00038294790564245065,0.0003826502431578328,25,1
857,11,0.01,0.010166484679657774,0,155.41261800762248,1.5553587488170764,0.015595728596787156,465.74190776177716,4.657419077617772,0.0,202.17751338397946,33.02368678560666,56493.130062493045,82423.00074412859,116103.56984573037,746.4745347916204,19679.4373352731,2.828745480587468,2.82874548058747,103.04429348897747,49111.568902142324,4175.670657883176,14625.504654613611,1,0.00018933139187957943,0.00033613167410784977,25,1
858,11,0.01,0.010040686701133094,0,157.3597550675191,1.5603381670151657,0.012444198091667323,737.3379097301989,7.3733790973019895,0.0,201.7361051813485,33.03843354380126,56505.81374306705,82421.9598634262,116289.55324090521,745.2842960533371,19552.420193319766,2.5032465995405646,2.503246599540566,103.04429348897747,49111.568902142324,4179.357347431827,14626.610661478206,1,0.0003016866055209334,0.0002913219676809878,25,1
859,11,0.01,0.009948991540557174,0,158.81006567943217,1.5581515193038893,0.013828152339310621,721.8252592750727,7.218252592750726,0.0,201.7335526318688,33.03843354380126,56554.57100577677,82415.18838477295,116211.26405608958,745.8277492037965,19567.804987707772,2.2892002704606673,2.289200270460665,103.04429348897747,49111.568902142324,4179.357347431827,14633.421417289172,1,0.0002951072988425686,0.0002620417654143605,25,1
860,11,0.01,0.0099546659506733,0,158.71953994529915,1.5427815502688416,0.023555980842505386,667.7984313503155,6.6779843135031545,0.0,200.70169397735737,33.03843354380126,56627.966406978405,82405.57668253976,115641.94555616743,749.5678538287934,19690.27607107417,2.4844552968367726,2.4844552968367717,103.04429348897747,49111.568902142324,4179.357347431827,14643.07647244466,1,0.00027132110446387856,0.00028937166960912685,25,1
861,11,0.01,0.009882912929300238,0,159.87189316580088,1.5672040703049805,0.008098689680392105,829.8469823558996,8.298469823558996,0.0,200.8088695492196,33.03843354380126,56671.52432403851,82399.87393044462,116555.03848157357,743.7132195483117,19744.85415690332,2.5676761336729608,2.5676761336729603,103.04429348897747,49111.568902142324,4179.357347431827,14648.823418509954,1,0.00033622815373017615,0.00030088551901220775,25,1
862,11,0.01,0.010190662634687922,0,155.0438923001778,1.558330820448895,0.01371467060196521,946.6159816201564,9.466159816201564,0.0,201.24985542613769,33.03843354380126,56775.50797487721,82386.69230826614,116231.01391495405,745.8686717206324,20119.50343060681,2.759369543704337,2.7593695437043353,103.04429348897747,49111.568902142324,4179.357347431827,14662.053701282744,1,0.00037639735389497387,0.00032798220402967623,25,1
863,11,0.01,0.010156863798939568,0,155.55982941948682,1.572887305347272,0.004501705476410134,1228.5118224878022,12.285118224878023,0.0,202.2881244042209,33.03843354380126,56943.69600037565,82367.71767744022,116780.38382537013,742.4586836473107,20358.746635236803,3.2714067548936527,3.2714067548936505,103.04429348897747,49111.568902142324,4179.357347431827,14681.197403729511,1,0.00048274556169838125,0.0003984570231078438,25,1
864,11,0.01,0.010028357585432912,0,157.5532171185331,1.5496424622147353,0.01921363150966122,686.9734022534884,6.869734022534884,0.0,199.4942610038144,33.03843354380126,57007.31677161061,82359.450492829,115919.31065278481,748.0390701679273,20211.01525592275,3.1125298931064567,3.1125298931064593,103.04429348897747,49111.568902142324,4179.357347431827,14689.520135856976,1,0.0002719203933319179,0.000377021102975091,25,1
865,11,0.01,0.010168705800977855,0,155.37867167403567,1.547808428457404,0.020374412368731644,437.50411305591496,4.37504113055915,0.0,195.97441961793467,33.03843354380126,57038.996009445465,82355.50391258868,115852.61262676938,748.4945197141215,20168.063550185416,2.613315529289312,2.6133155292893164,103.04429348897747,49111.568902142324,4179.357347431827,14693.513345649675,1,0.0001735433298163691,0.00030940309494888944,25,1
866,11,0.01,0.009836827752409037,0,160.62088711607848,1.5814399005272068,0.0009113294475992229,1315.904574058203,13.15904574058203,0.0,198.4264314191267,33.03843354380126,57161.67836619028,82339.86789871378,117109.8383839652,740.526645020934,20506.024533228832,2.6863610798387194,2.686361079838721,103.04429348897747,49111.568902142324,4179.357347431827,14709.196879570394,1,0.0005133728663694342,0.0003196121965059071,25,1
867,11,0.01,0.009750417127514583,0,162.04434941982302,1.559572691171843,0.0129286764735171,615.6918321505674,6.156918321505674,0.0,196.22879246512952,33.05074738044427,57168.607145788264,82338.98779371225,116299.02714155919,745.7108463099183,20943.617059084416,2.5857516492297723,2.585751649229772,103.04429348897747,49111.568902142324,4182.43580659258,14710.142540207991,1,0.00023518070652786598,0.0003073656342378898,25,1
868,11,0.01,0.0100499523411827,0,157.21467588711593,1.5547424415255449,0.01598579650281975,498.1460797908298,4.981460797908298,0.0,193.01648937315238,33.05074738044427,57195.61868155986,82335.12792189897,116120.83178955736,746.8814685191023,20582.758866624674,2.634896368609805,2.6348963686098026,103.04429348897747,49111.568902142324,4182.43580659258,14714.050167077456,1,0.00019361683553455333,0.00031405680281061785,25,1
869,11,0.01,0.009998406142702884,0,158.0251869597364,1.556630546854278,0.014790793130203816,959.8791798949868,9.598791798949868,0.0,194.19555414785785,33.05074738044427,57316.92895089973,82319.5019391899,116198.30976518475,746.4732720297985,20895.62938487896,2.276860783543438,2.276860783543435,103.04429348897747,49111.568902142324,4182.43580659258,14729.71787225827,1,0.00036749471852313753,0.00026543075352851897,25,1
870,11,0.01,0.009842119926632179,0,160.5345201824473,1.5441639714505024,0.02268103072753015,733.7130328888918,7.337130328888918,0.0,193.60395673692034,33.05074738044427,57407.47631573047,82308.05647697259,115738.10060658294,749.5194988772142,20844.935492454537,2.389576654736127,2.3895766547361252,103.04429348897747,49111.568902142324,4182.43580659258,14741.207423545733,1,0.0002815889866982728,0.0002809001802519879,25,1
871,11,0.01,0.009973130852898466,0,158.4256762800629,1.5474192296038325,0.020620740757068087,595.241310639265,5.952413106392649,0.0,191.5361091504912,33.05074738044427,57459.52853689522,82301.31865490889,115862.95110209794,748.7495882532168,21124.76699736842,2.4588991264020024,2.4588991264020024,103.04429348897747,49111.568902142324,4182.43580659258,14747.99117016275,1,0.00022541931400745527,0.0002915010064096219,25,1
872,11,0.01,0.00988234859374262,0,159.88102271563628,1.535364304347558,0.028250440286355743,529.3150103597305,5.293150103597306,0.0,190.19839570346605,33.05074738044427,57517.66505028062,82293.77598971783,115414.9287818982,751.710382057781,20510.79145659058,2.0745575862542607,2.074557586254263,103.04429348897747,49111.568902142324,4182.43580659258,14755.571739548039,1,0.00020645327567392325,0.00023782052545988377,25,1
873,11,0.01,0.009875720566865427,0,159.98832584440925,1.5432726961087315,0.023245129045106675,604.8666343211572,6.048666343211572,0.0,189.783991061499,33.05074738044427,57576.71182143488,82285.87109195408,115715.00170015954,749.8026887401553,20772.023521637213,1.9512284837468987,1.951228483746896,103.04429348897747,49111.568902142324,4182.43580659258,14763.512530966183,1,0.0002329543421481675,0.00022160897727651534,25,1
874,11,0.01,0.009996732052193867,0,158.05165045443584,1.5794410517186976,0.00035376473500153756,1281.3151069227497,12.813151069227498,0.0,192.09440447001379,33.05074738044427,57647.277089766205,82277.23204786262,117065.13136554534,741.1807565604223,21155.511031755053,2.579677009358474,2.57967700935847,103.04429348897747,49111.568902142324,4182.43580659258,14772.198716206714,1,0.0004845319425276781,0.000307979853449923,25,1
875,11,0.01,0.009903584500521943,0,159.53819548030617,1.5863000017053543,0.003987342851490047,1043.6007797484167,10.436007797484168,0.0,192.23742793330987,33.07161939603924,57664.42835976558,82275.75257578839,117319.42997146232,739.5790824266398,20829.248589138588,3.0580811146842186,3.058081114684216,103.04429348897747,49111.568902142324,4187.653810491322,14773.764117376337,1,0.00040082128753990767,0.00037276919073858444,25,1
