epoch,year,xfg_price,oracle_price,oracle_stale,redemption_price,heat_price,peg_deviation,swap_volume,total_fees,cd_pool,swf_balance,yem_reserve,treasury,heat_supply,pool_xfg,pool_heat,cd_locked,cd_apy_mean,cd_apy_min,bonds_outstanding,bond_migrations_remaining,xfg_burned,heat_burned_lifetime,lag_complete,organic_rate,rolling_avg_rate,payout_queue_len,solvent
0,0,3.6870936504778578,3.636029066556067,0,0.43453998058836385,1.6142544360023652,0.02168002278630703,563.1798948245141,5.631798948245141,0.0,4.7870291060083705,0.0,30098.82408137839,88837.19699470352,4924.177847233011,11247.238644311186,79759.1554461015,0.002190677187992271,0.0021906771879922895,0.0,50000,16.754924229460507,0.0,0,0.0,0.0,0,1
1,0,3.6612506710635833,3.6757787946675338,0,0.4298408822348374,1.5886445540078664,0.005471236713839459,443.7995253224215,4.437995253224215,0.0,8.559325071248953,0.0,30122.312312157363,88889.13747798956,4902.217988494326,11297.838056218803,80169.09222891903,0.003896955253135438,0.0038969552531354546,0.0,50000,18.973921856072614,0.6656992879836323,0,0.0,0.0,0,1
2,0,3.8030500559046123,3.7443613619249563,0,0.42196781968387004,1.6125244973812087,0.020585124924815606,483.63084069414185,4.836308406941419,0.0,12.67018721714916,0.0,30182.987881746943,89033.94479296707,4846.058271000992,11429.161050500577,80432.77565532342,0.005749668958432031,0.005749668958432076,0.0,50000,29.497884934262377,0.6656992879836323,1,0.0,0.0,0,1
3,0,3.6310434442397086,3.616628824671618,0,0.4368709305256009,1.5660623942574745,0.008821269457294658,547.6353180469413,5.476353180469413,0.0,12.879284851791766,0.0,30149.34909309564,88959.50064217197,4887.616308749592,11332.337217802129,80713.29836275082,0.40206505160007877,0.40206505160007644,0.0,50000,29.497884934262377,85.39623878230893,1,5.427956276406367e-05,5.427956276406367e-05,0,1
4,0,3.5295609222911835,3.483114630793062,0,0.4536169972793154,1.5582495825216287,0.013766087011627445,438.55705598186114,4.385570559818611,0.0,12.586197318428546,0.0,30115.864623954723,88886.72535817442,4945.088591066207,11201.024305779327,81102.4023148522,0.3616822944665709,0.3616822944665695,0.0,50000,29.497884934262377,167.25907647597975,1,4.325958723435236e-05,4.876957499920802e-05,0,1
5,0,3.5880508726957694,3.5813992451462484,0,0.44116835120835013,1.5888810120388466,0.00562089369547247,384.1688591762274,3.841688591762274,0.0,12.113237932550774,0.007683377183524549,30117.620268041646,88898.70856719672,4952.612858843773,11184.114326783978,81507.36362912905,0.33452201022710765,0.33452201022710865,0.0,50000,31.418729230143512,167.8353297647441,1,3.770641984439633e-05,4.5081856614270786e-05,0,1
6,0,3.7162773091946355,3.7033184429760153,0,0.42664437971753244,1.5970567514872092,0.010795412333676637,521.0725162467444,5.210725162467444,0.0,12.679459361092077,0.04797029247557889,30197.355548539697,89090.04212089947,4879.045235642926,11353.312950757228,81801.33903054388,0.3266770837838486,0.3266770837838482,0.0,50000,41.4904580531571,167.8353297647441,1,5.095980309585697e-05,4.397527005820188e-05,0,1
7,0,3.5818545442301524,3.615750187451752,0,0.43697709136081825,1.5529827250920705,0.0170995410809681,393.986517387773,3.93986517387773,0.0,12.484852896904082,0.04797029247557889,30181.67581333293,89057.43034852992,4900.742210357524,11303.245987638995,82166.99004380094,0.31464213534920393,0.31464213534920626,0.0,50000,41.4904580531571,208.6013151009672,1,3.8359591089097925e-05,4.234193800978374e-05,0,1
8,0,3.316550656195936,3.3234019219318407,0,0.4754164669561156,1.4608254765990598,0.07542691354489889,313.37762265806896,3.1337762265806894,0.0,11.795211296054896,0.04797029247557889,30152.38594885808,88988.31606914842,4939.623780825698,11214.558312467661,82439.09556968947,0.2965652879029962,0.29656528790299796,0.0,50000,41.4904580531571,285.311113450812,1,3.041058327896446e-05,3.990999248797312e-05,0,1
9,0,3.351346351999801,3.4009058335667923,0,0.46458210762717067,1.5000832826929213,0.05058020082726501,420.99111753036493,4.20991117530365,0.0,12.179184275231895,0.04797029247557889,30118.69267072743,88909.29242612017,4979.580530414047,11124.915021473893,82715.87541947846,0.27179270154928853,0.27179270154929025,0.0,50000,41.4904580531571,371.19673202176284,1,4.0716838492769176e-05,3.649567095361052e-05,0,1
10,0,3.4676349368596933,3.4151339344984253,0,0.4626465697404784,1.5807995733729137,0.0005060590967807511,416.9139589480296,4.169139589480296,0.0,12.511222639468157,0.05630857165453949,30085.155735430813,88840.14344632033,5025.426705117438,11023.753743879595,82484.38723626269,0.2770065120694331,0.27700651206943117,0.0,50000,43.575027847897246,451.47435745681645,1,4.043567253558902e-05,3.718769810244089e-05,0,1
11,0,3.5145629050140994,3.517417707218681,0,0.44919316712297713,1.5819156487220403,0.0012124359000254413,580.2301865709915,5.802301865709914,0.0,13.274143204277744,0.06791317538595931,30130.33587445441,88946.07115657207,4993.602411212217,11094.352477651735,82901.13856333015,0.33956389759040845,0.3395638975904066,0.0,50000,46.47617878075221,452.34470273667296,1,5.5992493866919794e-05,4.571500163175933e-05,0,1
12,0,3.5109458284543438,3.459829739696223,0,0.4566698707372594,1.5952085609139677,0.009625671464536458,373.30052955531414,3.7330052955531414,0.0,12.705874957226456,0.0753791859770656,30108.35294950027,88905.3316595227,5017.16942077081,11042.449545538753,83333.03853143653,0.32741037669479955,0.32741037669479994,0.0,50000,48.34268142852878,505.18286396071994,1,3.583697761501788e-05,4.4088381339175564e-05,0,1
13,0,3.3879940745838075,3.3346309037615587,0,0.47381555728333086,1.5701821680126058,0.006213817713540681,291.3919591944574,2.913919591944574,0.0,11.783550945185178,0.0753791859770656,30068.909395859395,88823.90212178671,5067.2491666550595,10933.642287376462,83563.12667533774,0.29648069204589,0.2964806920458909,0.0,50000,48.34268142852878,593.9296912265196,1,2.7896702365059483e-05,3.990872461566572e-05,0,1
14,0,3.51816348887402,3.510926245354513,0,0.45002369448534535,1.6002594500221854,0.012822436722902102,331.73963889426454,3.3173963889426457,0.0,11.875187060765128,0.09706994593842158,30126.108262773134,88953.78469960515,5020.112028356502,11036.694610974671,83963.36166549726,0.23716048314972257,0.2371604831497239,0.0,50000,53.76537141886777,593.9296912265196,1,3.160803782162859e-05,3.178057260056865e-05,0,1
15,0,3.7234997883066896,3.6978236120870296,0,0.4272783576900407,1.6024091705458667,0.014183019332827002,558.9175769544626,5.589175769544625,0.0,12.903757940969497,0.1801475417192691,30282.354614589633,89325.3922750842,4883.234147163895,11347.115111069133,84275.6571856935,0.27948677893518076,0.2794867789351827,0.0,50000,74.53477036407966,593.9296912265196,1,5.305613465325486e-05,3.752029161331431e-05,0,1
16,0,3.430534115159371,3.406909740314273,0,0.4637633868909752,1.496632488041527,0.052764248074983,255.12054164247087,2.551205416424709,0.0,11.945054936279638,0.1801475417192691,30253.59995495985,89260.14894383374,4916.748143542093,11270.01610404681,84395.18760731607,0.27002858314186223,0.2700285831418613,0.0,50000,74.53477036407966,666.3241996628344,1,2.418342077318683e-05,3.6282531082690096e-05,0,1
17,0,3.4678532287433512,3.4023700972324438,0,0.4643821673853776,1.5414277880452412,0.024412792376429685,752.9237172939117,7.529237172939117,0.0,13.389436624858934,0.1801475417192691,30228.5251232008,89201.478929215,4962.944797225384,11165.468971439046,84443.23040321594,0.36730830189871194,0.3673083018987108,0.0,50000,74.53477036407966,734.5206573877668,1,7.133064082922506e-05,4.952339875188892e-05,0,1
18,0,3.728408495975327,3.71024664697799,0,0.4258476997174611,1.5983399911359595,0.011607589326556589,588.8202449298491,5.888202449298491,0.0,13.907435045531301,0.24357947277238934,30349.162258751654,89486.5349432202,4874.129326748616,11369.761936205108,84782.53977240591,0.373602148118709,0.37360214811870673,0.0,50000,90.39275312735973,734.5206573877668,1,5.5560519560796814e-05,5.035819372106957e-05,0,1
19,0,3.8582231232155633,3.9116475832846445,0,0.4039218683072825,1.5886641657122391,0.005483649184961422,396.9839947917009,3.9698399479170092,0.0,12.554553562740857,0.2823067345235702,30463.68952110842,89772.17661012287,4777.086575143762,11601.612400918719,85067.19789151683,0.4050006044998036,0.4050006044998007,0.0,50000,100.07456856515493,734.5206573877668,1,3.73336848638612e-05,5.47416150846277e-05,0,1
20,0,3.7728217931024757,3.787032725711087,0,0.4172131889098807,1.5676771882615963,0.007799247935698589,443.85226381889913,4.438522638188991,0.0,12.436647547479332,0.2911837797999482,30446.64292286855,89739.32002276032,4798.887128414152,11549.154428149182,85360.38944848046,0.3325821635939789,0.33258216359397685,0.0,50000,102.29382988424943,781.7733796106977,1,4.159796052353183e-05,4.4830721649396615e-05,0,1
21,0,4.036258295881774,3.9926727820072596,0,0.3957248906347085,1.6030159077910324,0.01456703024748883,507.0390922275783,5.0703909222757835,0.0,12.931656035800485,0.351645282209596,30558.472633967136,90035.4497537441,4691.811179013532,11813.583197748821,85071.43396345616,0.3136397334082792,0.313639733408277,0.0,50000,117.40920548666138,781.7733796106977,1,4.768125502108126e-05,4.220430013615809e-05,0,1
22,0,4.038533625412723,4.015102748937454,0,0.3935142134078952,1.592215811940698,0.007731526544745489,638.8167464001251,6.388167464001251,0.0,13.733766445792316,0.3644216171375985,30588.712762707823,90121.78814005865,4674.720499293996,11857.070997677107,85224.67122827712,0.369043862297803,0.36904386229780095,0.0,50000,120.603289218662,782.7316047302979,1,5.9965428995463826e-05,4.974821484669231e-05,0,1
23,0,3.7081727902558907,3.70199551677458,0,0.4267968431730028,1.4864888645959144,0.05918426291397824,371.0531208037448,3.7105312080374477,0.0,12.771881000198759,0.3644216171375985,30554.9676764956,90037.04681526631,4713.826786930273,11759.041487354732,85188.84385090623,0.3522025655495202,0.35220256554951884,0.0,50000,120.603289218662,877.7183784118408,1,3.484523127963992e-05,4.7497305098728335e-05,0,1
24,0,3.814751504162736,3.819533956167018,0,0.4136630327500906,1.5482298386360323,0.020107697065802416,362.01376181716864,3.6201376181716864,0.0,12.147974119747712,0.3644216171375985,30533.519510473696,89988.21817640026,4743.094659478943,11686.719268099008,84512.31255733625,0.31933920607661653,0.31933920607661326,0.0,50000,120.603289218662,935.6458749891083,1,3.4268498954782735e-05,4.302638640996216e-05,0,1
25,0,3.7978094812363983,3.824894498693388,0,0.4130832891050301,1.5646074012797524,0.009742151088764351,1080.4651594467634,10.804651594467634,0.0,14.938771039232837,0.3860309203265338,30538.337961809102,90010.87450223579,4778.79935760812,11599.695549443131,84560.58922047056,0.4233585066795891,0.4233585066795871,0.0,50000,126.00561501589581,937.2665727282784,1,0.00010221926497032523,5.711099840158263e-05,0,1
26,0,3.8937936785446654,3.8946873228399785,0,0.40568083366648167,1.5807625256852746,0.00048261119321175517,420.5219249659735,4.205219249659735,0.0,13.463709291798903,0.3944413588258533,30583.27853590594,90131.68697200404,4743.915082191803,11685.389967467401,84674.86840448253,0.4346014657584766,0.43460146575847847,0.0,50000,128.1082246407257,937.8973556157274,1,3.973050638422598e-05,5.873942343644464e-05,0,1
27,0,3.752741486764596,3.671256132769982,0,0.4303704080728036,1.5500365011713484,0.01896423976496942,442.2843119822135,4.422843119822136,0.0,11.95026358816632,0.3944413588258533,30561.26160420784,90084.95762144563,4785.119849800935,11585.093490326559,85065.58118159651,0.45175242682585504,0.4517524268258543,0.0,50000,128.1082246407257,997.3683993077846,1,4.1594666687861244e-05,6.118147934747082e-05,0,1
28,0,3.7959057712373125,3.8117096980233125,0,0.4145121546951388,1.5743094697909972,0.0036016013981030994,414.6191003698537,4.146191003698537,0.0,12.00100141932031,0.40273374083325036,30563.51372541216,90097.4430555567,4794.965115882499,11561.409052996634,85105.96294458731,0.29787588631465295,0.2978758863146496,0.0,50000,130.18132014257498,997.9903279583393,1,3.8974387789002586e-05,4.009985362036327e-05,0,1
29,0,3.8896751544587413,3.9229535009027927,0,0.4027577690218335,1.5580424458214988,0.013897186188924882,599.5221143317513,5.995221143317512,0.0,12.813446353143563,0.4327795297579899,30665.73667892741,90358.27522143621,4712.449671487526,11764.697716022494,84951.01566370366,0.33893827379052127,0.33893827379052466,0.0,50000,137.69276737375986,997.9903279583393,1,5.645814681769879e-05,4.567573376485421e-05,0,1
30,0,3.873470031846095,3.8552702402291517,0,0.4098285986577395,1.5751963048263251,0.003040313401060101,408.78183729792005,4.087818372979201,0.0,12.427121092013037,0.4409551665039483,30638.855439695813,90299.1910383268,4748.280983851933,11676.210791875252,85058.94148658904,0.3311060045870318,0.33110600458703443,0.0,50000,139.73667656024946,1071.2858793699236,1,3.844692446471334e-05,4.462648635713824e-05,0,1
31,0,3.9397685551298554,3.898698690584029,0,0.40526342900413126,1.5923062669469719,0.007788776548716321,561.8475259596191,5.618475259596192,0.0,12.860403943574688,0.46480535114200505,30679.682971432634,90409.58923855679,4733.745371267323,11712.48367782226,84686.14154140835,0.36562953294102596,0.3656295329410239,0.0,50000,145.69922271976367,1071.2858793699236,1,5.3075746820737775e-05,4.932693936771663e-05,0,1
32,0,3.8133478231985367,3.7933212774863687,0,0.41652153467132147,1.5701371673509892,0.0062422991449436,236.45984760219386,2.3645984760219387,0.0,11.594422182899379,0.46480535114200505,30642.093197353774,90323.02835375945,4778.026935112195,11604.259163505996,84583.55725773372,0.28212902653701993,0.28212902653701794,0.0,50000,145.69922271976367,1165.7844008629197,1,2.2364616033509155e-05,3.796242910632009e-05,0,1
33,0,3.6687692441663633,3.600881738056435,0,0.43878141936780196,1.542512694763,0.023726142555063397,635.6322241001592,6.3563222410015925,0.0,12.640451965242969,0.46480535114200505,30606.466195214784,90236.36275778779,4828.297200189166,11483.800638976418,84177.2682347758,0.3360475968280214,0.33604759682801943,0.0,50000,145.69922271976367,1261.6375457204713,1,6.040891917065689e-05,4.528309400830127e-05,0,1
34,0,3.8405038786378953,3.8397952409942055,0,0.41148027455518804,1.593475231946431,0.008528627814196743,526.6172763634794,5.266172763634794,0.0,13.168256955119036,0.4883187768105443,30644.420549025886,90340.37884753958,4796.507440668378,11560.270947733,83478.83459669951,0.32997662514012294,0.32997662514012627,0.0,50000,151.57757913689846,1261.6375457204713,1,5.0467142135623465e-05,4.4413559113263164e-05,0,1
35,0,3.739990017979015,3.7512303910596425,0,0.42119513740495257,1.562585180712173,0.01102203752394125,474.43871546723267,4.744387154672327,0.0,12.810184572488206,0.49780755111988895,30635.099293334693,90327.1619879749,4813.230847974702,11520.29057222315,82757.38167258055,0.38704852536479273,0.38704852536479206,0.0,50000,153.94977271423463,1290.6921167837977,1,4.586309579916788e-05,5.2246385701816074e-05,0,1
36,0,3.7688906530408977,3.771527723830131,0,0.41892838014072703,1.5783171677907428,0.0010650836767450921,336.56640179745926,3.3656640179745927,0.0,12.0778454258152,0.5045388791558382,30637.138621420487,90339.0340768466,4818.830095040877,11506.967087745481,81929.12863161652,0.31975377651519915,0.3197537765151991,0.0,50000,155.63260472322193,1291.1969663864938,1,3.286415050849966e-05,4.306479614776367e-05,0,1
37,0,3.767570461590081,3.7186886009891,0,0.424880964644297,1.5897657750860659,0.006180870307636581,457.1234308986517,4.571234308986517,0.0,12.454382092490127,0.5136813477738112,30628.515662267277,90325.82439315521,4837.152751709208,11463.52130052125,81160.00915567593,0.30681425252009753,0.30681425252009575,0.0,50000,157.91822187771518,1317.5807316101127,1,4.505898268412728e-05,4.1262076330598274e-05,0,1
38,0,3.6972254836485554,3.707564137900813,0,0.42615581045472645,1.5674073397010826,0.007970038163871823,353.1794566511666,3.531794566511666,0.0,12.366661474151204,0.5207449369068345,30620.321639227,90312.850945836,4848.517285742995,11436.760064029158,80262.91439846433,0.2808955872135257,0.2808955872135281,0.0,50000,159.68411916097102,1341.7616842085943,1,3.5202255915882764e-05,3.7708463036169905e-05,0,1
39,0,3.9522591360940833,3.930868992366637,0,0.4019467458895744,1.600323318820727,0.012862860013118368,650.6862509044892,6.5068625090448915,0.0,13.445398071378559,0.5962951910521482,30736.26296196526,90615.45713345819,4738.633789185706,11702.828088335398,80407.83694810087,0.3589362650464056,0.3589362650464026,0.0,50000,178.57168269729945,1341.7616842085943,1,6.47385902271664e-05,4.833327627572548e-05,0,1
40,0,4.0580738521001924,4.0686799698422496,0,0.38833233670655587,1.5904894809833727,0.00663891201479282,471.2539690293432,4.712539690293432,0.0,13.471893314127218,0.6335603975728115,30816.922556233003,90837.66686704682,4662.194721362895,11895.413781966467,79669.56115753175,0.36450885100533587,0.36450885100533376,0.0,50000,187.88798432746526,1341.7616842085943,1,4.732085500986015e-05,4.908723371763644e-05,0,1
41,0,3.729917061651222,3.7671239810372157,0,0.4194181046212801,1.489296667843906,0.05740717225069251,262.4531093610625,2.624531093610625,0.0,11.990774239867632,0.6335603975728115,30784.0724294296,90757.15098844015,4705.787893362067,11785.56222607663,78817.45104023494,0.3430526324517873,0.3430526324517888,0.0,50000,187.88798432746526,1431.5535543330168,1,2.663908623252328e-05,4.623284382318328e-05,0,1
42,0,3.54880588348991,3.485346728754565,0,0.4533264902928578,1.4451464854879112,0.08535032564056254,277.53778572152703,2.7753778572152705,0.0,11.629852009345331,0.6335603975728115,30743.952817733465,90654.50757022465,4752.405343402861,11670.34913952191,77849.36950981758,0.25482175752660957,0.2548217575266084,0.0,50000,187.88798432746526,1540.8601598107534,1,2.8520491556353762e-05,3.416014426624573e-05,0,1
43,0,3.5146822098362622,3.5255991672260514,0,0.4481507752462817,1.4565953209879505,0.07810422722281617,382.2660841421618,3.822660841421618,0.0,12.157017684528894,0.6335603975728115,30713.654121599386,90574.48163421052,4794.361844388203,11568.524242244483,77208.33943365898,0.23635021297782005,0.2363502129778184,0.0,50000,187.88798432746526,1626.8988577071395,1,3.960878702442476e-05,3.1589454937767266e-05,0,1
44,0,3.5755554784859513,3.6261110049790384,0,0.4357285250866537,1.5076724767993934,0.04577691341810547,430.2598118424852,4.302598118424852,0.0,12.665967101411834,0.6335603975728115,30681.50914692065,90495.004681966,4836.066344029892,11469.084815705884,76758.14759456353,0.2809225346032776,0.28092253460327776,0.0,50000,187.88798432746526,1713.3608522437469,1,4.48431678278759e-05,3.7657482136218145e-05,0,1
45,0,3.5539397415748875,3.574417533918586,0,0.4420300608440299,1.5154037822930415,0.04088368209301174,313.0596284569474,3.130596284569474,0.0,12.282046822112449,0.6335603975728115,30657.42092743009,90439.14856584468,4863.221114548242,11405.273626086871,76232.30147152422,0.2913232465442627,0.2913232465442619,0.0,50000,187.88798432746526,1776.3409986414172,1,3.285322598572077e-05,3.9101726946007144e-05,0,1
46,0,3.586624658738934,3.5884802938736673,0,0.44029780592564793,1.5570223186693999,0.01454283628518999,503.21445657351603,5.032144565735161,0.0,12.92838828665402,0.6335603975728115,30639.388679340434,90399.70150843938,4907.102901720479,11303.586377182184,75804.74490587636,0.3245117732356664,0.32451177323566366,0.0,50000,187.88798432746526,1823.527931389377,1,5.31063808418153e-05,4.360092488513732e-05,0,1
47,0,3.6270274289441944,3.6084132777853104,0,0.4378655875498098,1.5756755000759395,0.002737025268392777,574.1499022651285,5.741499022651285,0.0,13.728416689676866,0.6450433956181141,30642.524407844492,90413.6545214794,4908.864701787152,11299.65333439523,74725.78650937004,0.36544471064467043,0.36544471064467376,0.0,50000,190.7587338387909,1824.3891562427748,1,6.146739208352228e-05,4.914233297035278e-05,0,1
48,0,3.6266802623728696,3.644603116575472,0,0.433517710835026,1.577015607438812,0.0018888560513848722,499.49269226213755,4.994926922621375,0.0,13.784045748876283,0.6550332494633568,30645.78328776594,90427.99338244923,4911.196801613678,11294.333690183323,73005.90944930156,0.41887491536521937,0.41887491536521687,0.0,50000,193.2561973001016,1825.138395281168,1,5.473449434763982e-05,5.6436089090992463e-05,0,1
49,0,3.668555605585276,3.6847952928940186,0,0.42878908444302655,1.583658747245432,0.002315662813564503,299.03532438591606,2.9903532438591607,0.0,12.656042627626277,0.6610139559510751,30668.136840583447,90487.01078290128,4893.407853233718,11335.610554748791,72357.89665358378,0.3695924894377215,0.36959248943772216,0.0,50000,194.75137392203118,1825.5869482677467,1,3.306180397338626e-05,4.975456346818278e-05,0,1
50,0,3.51504543968864,3.50897982815534,0,0.4502733208445377,1.5433637377973721,0.023187507723182243,316.0465268643231,3.160465268643231,0.0,12.321897495470312,0.6610139559510751,30639.536142242505,90423.74733609377,4935.177042885132,11239.976120863728,72224.44168479342,0.30504884214106187,0.30504884214106115,0.0,50000,194.75137392203118,1895.713306239085,1,3.5007154862464295e-05,4.093448439449678e-05,0,1
51,0,3.5115150264199504,3.5466462770907707,0,0.4454912829074221,1.5526513504371164,0.017309271875242803,232.01961460309488,2.320196146030949,0.0,12.036309535655127,0.6610139559510751,30627.842289561708,90399.89680865721,4952.517899241498,11200.73802589632,69496.26682062105,0.23694727253158027,0.23694727253158057,0.0,50000,194.75137392203118,1924.6570312953766,1,2.670872842156749e-05,3.159256241913935e-05,0,1
52,0,3.507671467458171,3.533059114484904,0,0.44720451846454695,1.5547798796932064,0.015962101459995985,484.5166001403137,4.845166001403137,0.0,12.951618419885556,0.6707042879538814,30627.126631296684,90403.32556394306,4958.650066329592,11186.99539526198,68099.71664126223,0.2956187584932621,0.2956187584932617,0.0,50000,197.17395692273274,1932.5734302724138,1,5.6918486482716523e-05,3.954478992224944e-05,0,1
53,0,3.3306649318348565,3.3304374904721636,0,0.4744121469086633,1.503684024904509,0.04830125006043744,697.1264536194384,6.971264536194384,0.0,14.372171186840585,0.6707042879538814,30599.373617856374,90333.76601920991,5004.460522979399,11084.896088922616,66898.94956907677,0.41418846309206026,0.4141884630920617,0.0,50000,197.17395692273274,2010.5097974367436,1,8.336471147722495e-05,5.5663975460502986e-05,0,1
54,0,3.328523328543671,3.309292455787635,0,0.4774434478393506,1.5224511103461986,0.03642334788215282,279.63643796310754,2.7963643796310755,0.0,12.865867446893477,0.6707042879538814,30571.858924723318,90276.56131010351,5037.2738312965,11012.953615252898,65545.04870735851,0.431571497521034,0.431571497521034,0.0,50000,197.17395692273274,2076.185407379218,1,3.4130594878232354e-05,5.813793094605794e-05,0,1
55,0,3.4204368558201628,3.426677581241988,0,0.46108802551167777,1.565319732611961,0.009291308473442448,400.132601780432,4.00132601780432,0.0,12.608230233668108,0.67870693998949,30573.718235321678,90288.05987148812,5038.616077751616,11010.062529469174,64506.77392752617,0.41379023928161024,0.41379023928161024,0.0,50000,199.1746199316349,2076.7856062818887,1,4.9623638252935606e-05,5.570631486946431e-05,0,1
56,0,3.460383158537373,3.532451939447317,0,0.44728138615445817,1.5646008658492683,0.009746287437172024,254.28453986627906,2.5428453986627906,0.0,12.280479779008305,0.6837926307868156,30610.618403983848,90374.03933711792,5008.367068021461,11076.86275281935,62590.271895576116,0.29005035261006207,0.2900503526100624,0.0,50000,200.4460426309663,2077.167033091688,1,3.2501477583036594e-05,3.875190357140152e-05,0,1
57,0,3.4249521049711347,3.4461504933972784,0,0.45848258891398763,1.5589639967792497,0.013313926089082523,478.45568605825684,4.784556860582568,0.0,13.015626663855729,0.6933617445079807,30605.05916119197,90366.27419553786,5025.168366443363,11039.999005776679,60735.380434316336,0.36101249845772093,0.3610124984577195,0.0,50000,202.8383210612576,2096.4665197347445,1,6.302167634572651e-05,4.838226406056624e-05,0,1
58,0,3.480962014284716,3.523527167809806,0,0.44841430894432815,1.5706786205682617,0.005899607235277459,725.4620269848134,7.254620269848134,0.0,14.519038982884753,0.707870985047677,30638.58258272776,90446.73210034826,5003.33640925685,11088.4707776882,59706.05349952086,0.47784648882264646,0.47784648882264424,0.0,50000,206.46563119618168,2097.5547127752216,1,9.72044855707149e-05,6.424254649982601e-05,0,1
59,0,3.485482877358142,3.4993582313088525,0,0.4515113616730341,1.58062139878,0.00039329036708854,554.8689336003672,5.548689336003672,0.0,14.591713044280306,0.7189683637196843,30641.194907971083,90461.95589159247,5015.92094270705,11060.780635692827,57857.19973064675,0.5857805611868513,0.5857805611868512,0.0,50000,209.23997586418352,2098.387016175622,1,7.672254256114026e-05,7.898290149252723e-05,0,1
60,0,3.4716503229937965,3.5062955976610732,0,0.45061802577454185,1.5761473307899623,0.0024383982342011364,334.2334219881129,3.3423342198811294,0.0,13.18797591045764,0.7256530321594465,30642.996273799043,90474.30706306738,5018.804769093388,11054.509218331274,56569.205750309884,0.5467485062889096,0.5467485062889116,0.0,50000,210.9111429741241,2098.8883663086044,1,4.7267189638600437e-05,7.37314059234852e-05,0,1
61,0,3.3361878667290985,3.347768435315729,0,0.47195617932606193,1.5438565455260593,0.022875604097430845,500.37056521751725,5.003705652175173,0.0,13.613509039317764,0.7256530321594465,30611.88940219001,90407.21069487059,5067.040007793229,10949.590778507567,55872.508726508444,0.48493692204978645,0.4849369220497878,0.0,50000,210.9111429741241,2173.9851922993294,1,7.164461759421501e-05,6.521144993131857e-05,0,1
62,0,3.1726215376698157,3.230054930378764,0,0.48915576795306254,1.4852787121775801,0.05995018216608858,261.19238158058226,2.611923815805823,0.0,12.93289160285588,0.7256530321594465,30588.593662298772,90356.82044840982,5096.539039901873,10886.43457486955,53876.545632267786,0.39248777028472726,0.39248777028472753,0.0,50000,210.9111429741241,2230.556505402357,1,3.8783834934532067e-05,5.256521405578251e-05,0,1
63,0,3.1026554059185725,3.1230108586656486,0,0.5059220321363461,1.4730098435528742,0.06771528889058596,484.9929971369091,4.849929971369091,0.0,13.514566919426375,0.7256530321594465,30556.083975395286,90280.69461079827,5132.4280309333235,10810.624005916012,53123.65525661805,0.4557159202182675,0.4557159202182681,0.0,50000,210.9111429741241,2313.6476581067927,1,7.303608831796108e-05,6.115484694890273e-05,0,1
64,0,3.4538996166431293,3.441564644351497,0,0.45909351218876304,1.592983499313445,0.00821740462876266,803.4520632137804,8.034520632137804,0.0,15.271576820402876,0.7916540708632636,30645.700394940402,90492.98529871444,5058.830264820786,10968.532894319165,52495.73689164602,0.5806525078122569,0.5806525078122536,0.0,50000,227.41140265007834,2313.6476581067927,1,0.0001224407330251823,7.808688542589182e-05,0,1
65,0,3.0884192078471546,3.123518695155528,0,0.5058397769318707,1.4480942420173537,0.083484656951042,373.7420314626491,3.737420314626491,0.0,14.052351955030076,0.7916540708632636,30616.281966031576,90426.5498674663,5100.766387000901,10878.646173199777,50984.4766284476,0.6284209270855105,0.6284209270855079,0.0,50000,227.41140265007834,2389.4386514872867,1,5.864405108030295e-05,8.470695747448212e-05,0,1
66,0,3.125995538554927,3.1517600134350463,0,0.5013072039955182,1.502424979106456,0.04909811448958492,552.4230341890978,5.524230341890979,0.0,14.219682825043243,0.7916540708632636,30574.782323015723,90335.34401014057,5164.347133159209,10745.112948937955,49427.02436541556,0.6687102895849372,0.6687102895849398,0.0,50000,227.41140265007834,2490.0461465679823,1,8.941230693638636e-05,9.01656970139572e-05,0,1
67,0,3.0784849594650696,3.096260692658465,0,0.510292949087373,1.4985362276918457,0.051559349562123026,424.3364258918166,4.243364258918166,0.0,14.274611536113992,0.7916540708632636,30548.09950825003,90277.6802430285,5197.36207570176,10677.086535029177,47580.68919627631,0.544829358965675,0.5448293589656764,0.0,50000,227.41140265007834,2554.989829542739,1,7.134599066295582e-05,7.313411622654837e-05,0,1
68,0,3.0723677280057125,3.1163680327289383,0,0.5070004516175284,1.521033084730374,0.03732083244913048,261.8054217361996,2.6180542173619963,0.0,13.31073701313241,0.7916540708632636,30508.480401959965,90198.35872079665,5241.5177891286,10587.455501627841,45143.14871454076,0.5148367300301983,0.5148367300302006,0.0,50000,227.41140265007834,2640.73791200944,1,4.639559785990227e-05,6.905129848641482e-05,0,1
69,0,3.1907945614778654,3.214786489036463,0,0.49147898480609775,1.5794887056257163,0.00032360403435681396,255.7059442327066,2.557059442327066,0.0,12.995787867337782,0.7967681897479177,30509.72749776774,90205.46081090852,5241.2378773264445,10588.055017310106,44318.43223063425,0.40952532418533855,0.4095253241853388,0.0,50000,228.68993237124187,2641.1214709257893,1,4.615794040764012e-05,5.463317631016607e-05,0,1
70,0,3.1341529782259534,3.0805190019373665,0,0.5129005855851964,1.5733051519475172,0.004237245602837267,461.0482394981342,4.610482394981342,0.0,13.875922887976916,0.8059891545378804,30476.321831640336,90141.59117685989,5278.101201593668,10514.41074852884,42465.39593496907,0.4484905479175734,0.4484905479175744,0.0,50000,230.99517356873253,2714.4386518440224,1,8.685627049453202e-05,5.980326958735814e-05,0,1
71,0,3.0985819936830428,3.057611553229669,0,0.5167432070732106,1.5776772664662393,0.0014700845150384678,348.2945091159948,3.482945091159948,0.0,13.991770798912665,0.8129550447202003,30440.75659711596,90076.68000183998,5315.745285389495,10440.204073680163,41626.07203418911,0.4988185432850869,0.4988185432850868,0.0,50000,232.7366461143125,2788.124582795091,1,6.693776128190564e-05,6.665065739469259e-05,0,1
72,0,3.195157492026457,3.1970445574371453,0,0.4942064371059562,1.5932952038136894,0.008414685958031212,304.63223699564367,3.0463223699564366,0.0,13.639065950637079,0.8302903444918283,30496.87875151333,90196.74730416253,5260.730790581843,10549.748319601025,40164.22040010348,0.5342750890951904,0.5342750890951923,0.0,50000,237.0704710572195,2788.124582795091,1,6.067733598929436e-05,7.149045592191067e-05,0,1
73,1,3.1301558930599422,3.1222341862646252,0,0.5060478829393251,2.025712343274912,0.28209641979424804,433.511326430335,4.33511326430335,0.0,14.520972481712917,1.67792114204087,28962.345514611006,90180.21742945659,6803.923011915882,10513.506412881821,38574.54651832093,0.543041837317658,0.5430418373176563,0.0,50000,239.23802768937117,2813.1434202492505,1,8.990619267022399e-05,7.250709664714133e-05,0,1
74,1,3.2559828414791516,3.249114541464101,0,0.48628633427248386,1.976396467207758,0.2508838400049101,493.1514950887204,4.9315149508872045,0.0,15.179741258917707,1.9738120390941023,29241.19387783115,90671.68654502703,6589.794509045452,10856.251873713782,37241.42739647533,0.6390753209103507,0.6390753209103501,0.0,50000,313.21075195267923,2813.1434202492505,1,0.00010593611030825187,8.550654632259008e-05,0,1
75,1,3.3244564569141186,3.291648599246726,0,0.48000263465595133,1.903808838237641,0.20494230268205121,275.2694990378026,2.752694990378026,0.0,14.317530190662321,2.126646291766094,29456.07383014106,91067.55742978564,6400.99291655764,11177.499444645056,36631.96709134707,0.6370970683341749,0.637097068334175,0.0,50000,351.41931512067714,2813.1434202492505,1,6.0115690397161264e-05,8.531933112521236e-05,0,1
76,1,3.204644529118931,3.2350657206675537,0,0.4883981150385928,1.6953940289412583,0.07303419553244195,626.6119595727122,6.266119595727122,0.0,15.410331808453531,2.3302769344261764,29710.460003590237,91591.90732667338,6152.748983226001,11629.965088676405,35584.381473014466,0.762658371754714,0.7626583717547145,0.0,50000,402.3269757856977,2813.1434202492505,1,0.00014087348069779558,0.00010230842713440289,0,1
77,1,3.2366414919976196,3.202793693799131,0,0.4933193177752937,1.6486868953755687,0.043472718592132024,251.00923295755288,2.510092329575529,0.0,14.465177057097854,2.3734154261849625,29843.85961375954,91856.98400505086,6037.541968205801,11852.680396007136,34803.30928448579,0.6446419603261031,0.6446419603261042,0.0,50000,413.1115987253942,2813.1434202492505,1,5.769778520905076e-05,8.62289854346692e-05,0,1
78,1,3.2544048624486934,3.3420176268908452,0,0.47276830238322526,1.5634499910278086,0.010474689222906012,315.44355193450923,3.1544355193450926,0.0,14.001199346502602,2.404103109379309,30022.73418260038,92230.33627568334,5863.599581811244,12205.39646295551,33705.03671605459,0.6805397616640595,0.680539761664058,0.0,50000,420.7835195239808,2813.1434202492505,1,7.487155218774892e-05,9.114760603153175e-05,0,1
79,1,3.0806424054546495,3.1155278941873257,0,0.5071371702201168,1.502040500954975,0.04934145509178795,285.3311946970147,2.8533119469701473,0.0,14.169140847947709,2.404103109379309,29983.179677036165,92146.7997957102,5907.223511192523,12115.547640365454,31883.40308181633,0.5130174090573102,0.5130174090573089,0.0,50000,420.7835195239808,2901.2631019561973,1,7.159366118223288e-05,6.805433285967753e-05,0,1
80,1,2.9736079351523292,2.942579498462746,0,0.5369438619501764,1.4847841528251506,0.060263194414461665,397.5203329629073,3.975203329629073,0.0,14.709994697181171,2.404103109379309,29930.603643416693,92034.82820690967,5978.073118939149,11972.410689846349,30275.710500817502,0.6297303594947291,0.6297303594947282,0.0,50000,420.7835195239808,3018.448399758632,1,0.0001050400671395437,8.383509350317517e-05,0,1
81,1,4.05899027978763,4.00838316867552,0,0.39417389344094955,1.9065972999151457,0.20670715184502889,814.2844074291271,8.142844074291272,0.0,16.667549597361916,2.8816560620424667,30209.91481273459,92710.8114042916,5798.530110919382,12344.598074446636,28588.707439965914,1.0055524561219715,1.0055524561219702,0.0,50000,540.1717576897703,3018.448399758632,1,0.0002278618322676006,0.0001348318535297924,0,1
82,1,3.737672472970491,3.7062704290634514,0,0.42630456418131774,1.710701318502279,0.08272235348245503,608.1672771380659,6.081672771380659,0.0,17.01904880867323,3.022558004462619,30333.250814745254,92992.88027201143,5723.954394596168,12506.138006575733,27752.99296402993,1.2590285390188722,1.2590285390188745,0.0,50000,575.3972432948083,3018.448399758632,1,0.00017530859548771515,0.0001694034982982865,0,1
83,1,3.6755973051507107,3.6575925916910417,0,0.4319781277962145,1.59977744141238,0.012517367982518932,655.2791600456003,6.552791600456003,0.0,17.17642578141688,3.104488629480099,30485.332802889472,93356.82642620134,5582.042322698419,12825.121287142028,26626.59093452091,1.4836674169736712,1.483667416973669,0.0,50000,595.8798995491784,3018.448399758632,1,0.00019687962658292613,0.00020001668477941396,0,1
84,1,3.9086482762086026,3.9327174357418624,0,0.40175782415497924,1.6411104651488286,0.03867750958786618,625.0591557517947,6.250591557517947,0.0,17.494034665498035,3.2051013669991817,30601.91388962388,93668.43942089788,5482.753272209644,13058.325189801193,26097.590021990174,1.3963680874125801,1.396368087412578,0.0,50000,621.033083928949,3018.448399758632,1,0.00019160670551575428,0.00018793164252879852,0,1
85,1,3.9112322322433886,3.8995461113956074,0,0.40517536012275396,1.6010671441065554,0.013333635510478038,502.7855487051089,5.027855487051089,0.0,17.066405067865034,3.2457943443815642,30681.341441577406,93879.44249817879,5413.792789955499,13225.304720481841,25265.893990698693,1.3573537139006648,1.3573537139006657,0.0,50000,631.2063282745447,3018.448399758632,1,0.00015919818198879577,0.0001825615046958254,0,1
86,1,3.9796941666174543,4.01120511458048,0,0.39389658590551724,1.585735099091792,0.0036298095517670434,617.744429204327,6.177444292043271,0.0,17.575094507371766,3.287086588584091,30773.35639716648,94119.441402714,5341.404865781304,13405.238868753479,24584.023457761872,1.3688751347959027,1.3688751347959038,0.0,50000,641.5293893251765,3018.448399758632,1,0.0002010230523138515,0.00018394264660613385,0,1
87,1,3.8714338964943833,3.9030066290674603,0,0.40481612002219614,1.5580493268397224,0.013892831114099781,521.4481189453372,5.214481189453372,0.0,17.573260665888718,3.287086588584091,30759.471092796404,94090.42538435475,5368.141661186627,13338.734037680102,24605.174496857042,1.3151566742244816,1.31515667422448,0.0,50000,641.5293893251765,3058.458383474236,1,0.00016954096188570247,0.00017658739872944992,0,1
88,1,4.01780615513023,4.070793016991348,0,0.3881307630737144,1.5766491019537023,0.0021208215482897055,415.5556180226233,4.155556180226233,0.0,16.927631358325364,3.3078418151207902,30837.60356728919,94300.3991020398,5300.9361417475175,13508.48063267465,24131.85122759074,1.2625293599078342,1.262529359907836,0.0,50000,646.7181959593512,3058.458383474236,1,0.00013776170393343213,0.00016944190604432872,0,1
89,1,4.080367491999657,4.1060520946021635,0,0.3847978456184411,1.5607144216929907,0.012206062219626194,387.1131825147204,3.871131825147204,0.0,16.732651046028153,3.3155840787710846,30911.283780825845,94498.90993524046,5233.61549643193,13682.88409490155,23112.730873072825,1.1002398547137775,1.1002398547137777,0.0,50000,648.6537618719248,3059.0390532480083,1,0.00013399132612779095,0.00014709799731564186,0,1
90,1,4.15949117238556,4.1799592424444265,0,0.377994116295742,1.5797274322807124,0.00017251121473900682,533.7617897510567,5.337617897510567,0.0,17.419453007138205,3.326259314566106,30940.077403748408,94581.23631491594,5215.132019463901,13731.669878307668,22761.808117970846,1.1456900025707317,1.1456900025707324,0.0,50000,651.3225708206801,3059.8396959326346,1,0.00018759908245765148,0.00015311737083962485,0,1
91,1,4.003034263496247,4.00713514059193,0,0.39429665947492953,1.5411237118196917,0.024605245683739504,668.0512615571446,6.680512615571446,0.0,18.36188400885869,3.326259314566106,30914.31680165378,94514.84486275955,5250.783711402077,13638.792879341338,22949.972864862637,1.3783953171007821,1.3783953171007817,0.0,50000,651.3225708206801,3137.4547798322374,1,0.00023287217479196548,0.00018482086112580265,0,1
92,1,4.255450513775729,4.259240865815056,0,0.3709581237072509,1.582455986145349,0.0015544216109803998,311.818543872804,3.11818543872804,0.0,16.891034268622867,3.349447522715293,31010.48304404668,94786.04548428596,5160.670784360909,13877.781962347042,22811.56362984275,1.3162695698686628,1.3162695698686615,0.0,50000,657.1196228579768,3137.4547798322374,1,0.00010935455330729683,0.00017660860351897124,0,1
93,1,4.158048174737739,4.249172040681605,0,0.37183714494802,1.552409972164489,0.017462042933867727,586.566908091315,5.8656690809131495,0.0,17.437804045252243,3.361178860877119,31014.175212652914,94804.07091756431,5170.980440147862,13850.198186232188,22966.862332338547,1.3576376102523957,1.3576376102523946,0.0,50000,660.0524573984334,3138.3346301943743,1,0.00020431764673937126,0.00018218145827954453,0,1
94,1,3.958848864165142,3.920756903182894,0,0.40298341341115707,1.4986104828286706,0.05151235264008194,638.90738199411,6.3890738199411,0.0,18.373686695364906,3.361178860877119,30985.969034100857,94724.26148498288,5206.9027897059605,13754.969307259531,21914.64353315738,1.3614095548067235,1.3614095548067224,0.0,50000,660.0524573984334,3228.9084367044316,1,0.00023323487093091077,0.0001823023569925263,0,1
95,1,4.048099497876675,3.997818984154309,0,0.395215492813072,1.5528256351772676,0.017198965077678798,240.49128751853152,2.4049128751853153,0.0,16.58617749893021,3.361178860877119,30957.85350648472,94657.45747829415,5241.55140698986,13664.32981144608,21240.230053469415,1.3136236473236107,1.3136236473236123,0.0,50000,660.0524573984334,3305.6786767990984,1,9.057954152591649e-05,0.0001760440197320662,0,1
96,1,4.030663017580971,4.111645213623982,0,0.38427440061332446,1.5549193348686883,0.01587383869070367,733.6425479465385,7.336425479465385,0.0,17.921764142297175,3.37585171183605,30961.035048041686,94676.42996025342,5256.452288997042,13625.779402073256,20506.063606628028,1.5163046406618617,1.516304640661863,0.0,50000,663.720670138166,3306.779140621018,1,0.0002862148726426104,0.00020334309503314588,0,1
97,1,3.9588534872602037,4.0300249028214585,0,0.3920571306876608,1.5411994232016624,0.02455732708755551,674.7720712184753,6.747720712184753,0.0,18.866564887853304,3.37585171183605,30962.1540415141,94682.22128998945,5280.503832623687,13563.942924949964,19865.985417035947,1.6127388910818194,1.6127388910818212,0.0,50000,663.720670138166,3312.229130289574,1,0.000271729615039314,0.0002161746764026136,0,1
98,1,3.901815039206747,3.860673895749597,0,0.4092549753397972,1.5366401496679258,0.02744294324814825,594.5344174633833,5.945344174633833,0.0,18.53676942724447,3.37585171183605,30938.36630937581,94625.56115642618,5311.1399219421855,13485.971733358465,19905.71006827198,1.973076044205941,1.9730760442059427,0.0,50000,663.720670138166,3382.5313796271816,1,0.0002389402499782295,0.00026562824588671795,0,1
99,1,4.085437140910517,4.057552277598445,0,0.3893973242743182,1.5865990340199412,0.004176603810089308,520.7273390617135,5.207273390617135,0.0,18.11138126825,3.3862662586172845,30981.239223662065,94745.71281519222,5274.182289855529,13580.835329461972,19791.526006267366,1.7882115303534647,1.7882115303534647,0.0,50000,666.3243068334746,3383.3124706357744,1,0.00021048496771671483,0.00024038494424475276,0,1
100,1,4.4399292906518975,4.398978996914556,0,0.3591742540958282,1.6306345041540828,0.03204715452790049,908.6998499741483,9.086998499741483,0.0,19.690027613370297,3.556379409876102,31156.262490850197,95254.90772133626,5129.238096358512,13966.007958701832,19222.841066488025,2.051214393499709,2.0512143934997105,0.0,50000,708.852594648179,3383.3124706357744,1,0.00037817504575151376,0.0002758667544821527,0,1
101,1,4.4852329544825515,4.515450368504684,0,0.349909725732015,1.5864427663960095,0.004077700250638848,635.2308212194504,6.352308212194504,0.0,19.624200885403845,3.615824513710706,31276.89845960208,95611.22046613149,5033.8367977090875,14231.79655189388,18710.129205123063,2.1316053724441235,2.131605372444121,0.0,50000,723.7138706068299,3383.3124706357744,1,0.0002716093787510634,0.0002867564640730973,0,1
102,1,4.432437687957421,4.46591374199561,0,0.353790980139704,1.5744892566403028,0.003487812252972947,509.59864690983164,5.0959864690983165,0.0,18.448081757886595,3.6260164866489024,31280.157592368043,95632.773396725,5044.630626761922,14201.437588463663,18695.660040852108,2.147773176257456,2.1477731762574535,0.0,50000,726.2618638413791,3384.076868606139,1,0.0002180607245943932,0.0002892817163656568,0,1
103,1,4.640258300480223,4.648141434257088,0,0.33992080971445987,1.5907442138756749,0.006800135364351147,459.5821318590847,4.595821318590847,0.0,18.074614850809937,3.666262539093778,31382.128168209365,95940.26266396901,4955.914465491725,14456.581412884085,18140.62136062231,1.7210744972205316,1.7210744972205334,0.0,50000,736.3233769525981,3384.076868606139,1,0.00020267536496040676,0.00023078182276862114,0,1
104,1,4.4610474537895515,4.460304006219844,0,0.35423594396182584,1.5497620555051053,0.01913793955373089,826.747015285166,8.26747015285166,0.0,19.55479390092805,3.666262539093778,31360.448886124355,95879.84445065449,4989.012770089086,14361.057967492712,18103.045818740382,1.9522403586315844,1.9522403586315844,0.0,50000,736.3233769525981,3458.3872961605466,1,0.0003653515650628526,0.0002620292182058842,0,1
105,1,4.313907359873192,4.2906451208606695,0,0.3682429927187883,1.520725345612206,0.037515604042907595,581.9196791090075,5.819196791090075,0.0,19.439971596751,3.666262539093778,31336.726267050824,95814.93080088022,5025.691261941762,14256.595765892875,18010.369667530773,2.0505691189415503,2.0505691189415485,0.0,50000,736.3233769525981,3537.629457584146,1,0.0002584820588810441,0.0002755029963014345,0,1
106,1,4.1430979533730445,4.154885648736215,0,0.38027520696763006,1.482616344706211,0.06163522486948671,435.4152040335894,4.354152040335895,0.0,18.191655281861646,3.666262539093778,31306.633721657883,95731.89546342145,5063.640979547268,14150.093956461342,17744.87523979617,2.0330778406996477,2.0330778406996486,0.0,50000,736.3233769525981,3634.4674951247052,1,0.00019630014780023483,0.0002733779239147105,0,1
107,1,4.147444924811786,4.090852284880284,0,0.38622758534686075,1.5087181323256773,0.045115106122989086,504.13512956331357,5.041351295633135,0.0,18.312995976561677,3.666262539093778,31272.97167839161,95638.50282528963,5105.421404586764,14034.731630645003,17990.340695743525,1.6892968677644828,1.6892968677644817,0.0,50000,736.3233769525981,3739.2813586400134,1,0.00022418035904460255,0.0002263208552419605,0,1
108,1,3.883959432562412,3.9522381691421544,0,0.39977347831316146,1.4360941501012856,0.0910796518346294,258.4029847053381,2.584029847053381,0.0,17.30256003468701,3.666262539093778,31240.54778125387,95549.42921732891,5147.273941573994,13920.955792452069,17305.741829832117,1.350331643687113,1.3503316436871127,0.0,50000,736.3233769525981,3837.007390089183,1,0.00011945306349590673,0.00017997785678024801,0,1
109,1,3.669704121775796,3.7191284640387163,0,0.42483071377540677,1.3924733631349662,0.11868774485128727,383.4943584761455,3.8349435847614552,0.0,17.478827651957104,3.666262539093778,31193.836878463626,95415.24497870698,5214.466633585675,13742.129799201759,17227.468066251673,1.3065475580509214,1.3065475580509194,0.0,50000,736.3233769525981,3979.298082540824,1,0.0001780850706563919,0.00017390616439896705,0,1
110,1,3.5715095259470417,3.5702626949662055,0,0.4425444666096077,1.3852159946125728,0.12328101606799192,382.1441203070001,3.821441203070001,0.0,17.820327510836133,3.666262539093778,31153.028854719923,95298.12734230603,5271.962491373942,13592.728016141427,17130.97532900997,1.1962250813230635,1.1962250813230624,0.0,50000,736.3233769525981,4103.6337123425465,1,0.00017845761281781494,0.00015866524899003787,0,1
111,1,3.5761170580584674,3.5735992853697205,0,0.4421312726551363,1.4295516766648202,0.09522045780707587,762.5457620397583,7.625457620397583,0.0,19.373079713180495,3.666262539093778,31109.54243387458,95168.1504433368,5352.345193330988,13389.241717475872,17025.48351570651,1.7810027574799259,1.7810027574799274,0.0,50000,736.3233769525981,4243.963750597318,1,0.0003583079500027297,0.00023828354449231218,0,1
112,1,3.638725306196843,3.5735992853697205,1,0.4421312726551363,1.4730069489446151,0.06771712092112969,688.9844209747903,6.889844209747903,0.0,20.044982597390266,3.666262539093778,31095.621955532733,95126.60142286295,5386.193044719647,13305.352666479323,16936.507141701804,2.141241038710757,2.1412410387107554,0.0,50000,736.3233769525981,4297.755089135991,1,0.0003254434531088611,0.0002874030053098019,0,1
113,1,3.577090346067745,3.559001808692761,0,0.4439447027368446,1.4733502495374258,0.06749984206492043,383.9079458663783,3.8390794586637833,0.0,18.368510105410895,3.666262539093778,31056.971840639795,95032.54817403064,5433.106510002516,13190.830118086013,16737.446428577412,2.1503602607526315,2.1503602607526298,0.0,50000,736.3233769525981,4403.776123477569,1,0.00018349654351617044,0.0002890826488759204,0,1
114,1,3.2229173540057388,3.233679651849481,0,0.488607459646267,1.3526112696571535,0.14391691793851047,540.684878435895,5.40684878435895,0.0,18.60670809798122,3.666262539093778,31031.89430188148,94954.0267744168,5484.39516598489,13067.873049112004,16638.12760423807,1.911842416737972,1.9118424167379737,0.0,50000,736.3233769525981,4492.657677616708,1,0.0002599739063418033,0.0002563046343222783,0,1
115,1,3.4973509249079373,3.5506163893631277,0,0.4449931580142917,1.4890227736980974,0.05758052297588774,369.3913837993493,3.693913837993493,0.0,18.214372625371084,3.666262539093778,31004.10524154231,94887.38846281957,5523.995377871222,12974.516364181634,16595.208496592644,1.5524796017229223,1.5524796017229228,0.0,50000,736.3233769525981,4567.57257953669,1,0.00017807134336405276,0.00020718059774067548,0,1
116,1,3.5770168829935405,3.5880247382327357,0,0.44035370859182577,1.5531042751380473,0.017022610672122022,576.6077417616066,5.766077417616066,0.0,18.84201206701604,3.666262539093778,30958.088269410535,94781.45361073708,5578.52783214042,12848.131678758007,16554.239252201693,1.785506095403875,1.785506095403876,0.0,50000,736.3233769525981,4682.807720009792,1,0.0002786513994280558,0.00023889888304463728,0,1
117,1,3.647292750387833,3.6173620849003005,0,0.43678237425976313,1.5919740996256073,0.0075785440668400305,378.44740808082105,3.7844740808082107,0.0,18.43023978279505,3.6738314872553945,30960.066215783605,94793.29523714448,5593.251021718839,12814.419472912334,16580.470486792554,1.5962552458170054,1.5962552458170058,0.0,50000,738.2156139930022,4683.375391121914,1,0.00018259911665704763,0.00021310728648305205,0,1
118,1,3.6367582634692575,3.58109660350483,0,0.44120563473592117,1.5941708625307869,0.008968900335941018,674.5929159657528,6.745929159657528,0.0,19.307313968350726,3.6873233455747094,30952.465832169386,94784.66447259003,5605.239216992402,12787.148805842255,16938.91866027705,1.939240228540658,1.9392402285406598,0.0,50000,741.588578572831,4709.50542669159,1,0.00031860022684811423,0.0002599502476444059,0,1
119,1,3.4648967412472844,3.4723872371106914,0,0.4550183755757289,1.5513247620073136,0.018148884805497756,387.68598041588376,3.876859804158838,0.0,18.620710834204306,3.6873233455747094,30894.353068673005,94656.33460144747,5664.978042395768,12652.775511000307,17062.66541678095,1.7017260182561487,1.701726018256147,0.0,50000,741.588578572831,4846.708536409269,1,0.00018177041907396194,0.0002276565875263746,0,1
120,1,3.4856851379528613,3.466232343001588,0,0.4558263392787447,1.5796754191984785,0.00020543088703894592,587.5246525668415,5.875246525668415,0.0,19.064869385468807,3.699073838626046,30873.327455541912,94617.52316804996,5699.489333637738,12576.39703874241,16717.000261560905,1.9433575358341348,1.943357535834132,0.0,50000,744.5262018356652,4901.438816035376,1,0.0002811627174130261,0.00026051112111170075,0,1
121,1,3.568125188417719,3.564035587342157,0,0.44331768336192984,1.5922140677188104,0.0077304226068419515,307.76633414950015,3.0776633414950014,0.0,18.192843369529193,3.7138739727315,30923.28943489416,94739.03927464613,5655.660215858718,12674.240281176408,16662.681927854934,1.525879529792404,1.5258795297924017,0.0,50000,748.2262353620287,4901.438816035376,1,0.0001477631682496482,0.0002035654349122121,0,1
122,1,3.592370360086242,3.606076774029453,0,0.4381492960380037,1.5768452485614883,0.0019966781256403406,331.93483528094094,3.3193483528094094,0.0,17.670606137406974,3.720512669437119,30974.84398486365,94862.66422270692,5609.362984239581,12779.256139389892,16553.41724364815,1.473035355483153,1.473035355483154,0.0,50000,749.8859095384333,4901.936718288297,1,0.00016041876086138551,0.00019644821550801996,0,1
123,1,3.716741178153361,3.6877748858309447,0,0.4284426378818912,1.5882526502467074,0.005223196358675502,355.5763603564793,3.555763603564793,0.0,17.89543437309309,3.744706079934894,31057.08454301159,95064.40248858543,5534.765360912016,12952.152370168025,16828.681643860964,1.2000378971376922,1.2000378971376935,0.0,50000,755.9342621628772,4901.936718288297,1,0.0001690334954960383,0.00015907180820235733,0,1
124,1,3.610578951501866,3.628082343181116,0,0.43549176963129516,1.5590394851170535,0.013266148660092777,448.84530666545135,4.488453066654514,0.0,18.36868898007201,3.744706079934894,31032.128624173067,95008.83505250854,5563.722537638711,12885.022911967264,17196.929672484217,1.3487403438448295,1.3487403438448309,0.0,50000,755.9342621628772,4964.841672479556,1,0.00020880253171407548,0.00017941826269049976,0,1
125,1,3.615329377852697,3.6153552061702614,0,0.4370248315583051,1.5672849508343067,0.0080474994719578,377.1333370588597,3.771333370588597,0.0,18.306295869900065,3.7522487466760714,31034.590580745335,95019.8886972583,5574.766323191138,12859.573782143418,17226.133628325,1.384375260947844,1.384375260947844,0.0,50000,757.8199288481715,4965.407372485144,1,0.00017514474005414095,0.00018432692242141826,0,1
126,1,3.535875975560215,3.570092474917666,0,0.44256556688673404,1.5545321301318251,0.016118904979857563,644.7061513261348,6.447061513261348,0.0,19.287428316391928,3.7522487466760714,30997.38928775057,94935.36642784317,5614.147851114706,12769.713874177774,17559.62948204188,1.6890866463363594,1.689086646336357,0.0,50000,757.8199288481715,5059.142594238935,1,0.00029372198404777126,0.00022588975193866254,0,1
127,1,3.699867577847237,3.7022159899441696,0,0.42677142670539514,1.5924861576526503,0.007902631425728016,408.73970439105057,4.087397043910506,0.0,18.84514238376791,3.778283879150054,31070.980400812383,95115.55166366258,5555.036968681357,12906.172575127594,17462.159780840022,1.6359593193517261,1.6359593193517246,0.0,50000,764.3287119666671,5059.142594238935,1,0.0001872573425147702,0.00021870802220556082,0,1
128,1,3.655872688922981,3.6346017181793275,0,0.434710629254714,1.5807790310546503,0.0004930576295254873,365.0853227419238,3.650853227419238,0.0,18.0092407279629,3.7855855856048928,31072.58757312626,95128.08238486067,5567.808737058426,12876.688960998079,17903.644427432348,1.604056272583975,1.6040562725839762,0.0,50000,766.1541385803768,5059.690222223048,1,0.0001631334108412172,0.00021470424580125288,0,1
129,1,3.5205744759761948,3.5411467692573955,0,0.44618314431834116,1.5420299787473881,0.024031659020640476,267.0184457136605,2.6701844571366053,0.0,17.35091246123323,3.7855855856048928,31040.019875479633,95056.07408850765,5603.8741081110675,12794.080804852902,18195.875004835747,1.1730894408549513,1.1730894408549501,0.0,50000,766.1541385803768,5138.366766036434,1,0.0001173973532540524,0.00015592936887001327,0,1
130,1,3.390603070897172,3.394534129323128,0,0.4654541506451293,1.50572319019425,0.0470106391175633,406.89028204628113,4.068902820462811,0.0,17.797550478063783,3.7855855856048928,31004.56755773433,94973.03661868323,5642.71540600277,12706.324979509394,17933.736379661506,1.1605179152413585,1.1605179152413598,0.0,50000,766.1541385803768,5227.805428033095,1,0.0001815083141325672,0.0001540130260759456,0,1
131,1,3.3325519141713946,3.360234678039785,0,0.47020525391449847,1.5045219009398139,0.04777094877226975,526.2136350211862,5.262136350211862,0.0,18.60186612571425,3.7855855856048928,30976.896589994998,94907.1634449665,5689.449121523915,12602.265575975664,18207.965736449005,1.3272170721297645,1.327217072129764,0.0,50000,766.1541385803768,5300.987493027679,1,0.00023120150494035832,0.0001767023907756593,0,1
132,1,3.249124385745836,3.243573493259886,0,0.4871170649542009,1.4933425306081756,0.0548464996150788,539.15323864937,5.3915323864937,0.0,19.01212564616705,3.7855855856048928,30939.093490908657,94819.5338741074,5740.667079199237,12490.1963314996,18511.712875490804,1.608713483165418,1.6087134831654204,0.0,50000,766.1541385803768,5397.471038955164,1,0.00023299982763375714,0.00021523654890222754,0,1
133,1,3.345067162631716,3.330490471627546,0,0.4744046000011178,1.5543751844481393,0.01621823769105114,470.3201324607322,4.703201324607322,0.0,18.793220382533057,3.7855855856048928,30918.83556675199,94779.61952430345,5772.2467904959685,12422.067327554274,18523.44709050562,1.6608571346823124,1.6608571346823098,0.0,50000,766.1541385803768,5446.4390999515945,1,0.00020312423715207936,0.00022244185657539826,0,1
134,1,3.2263380197351195,3.223522448054042,0,0.4901470442539669,1.5178675351962647,0.03932434481249073,271.59095599184076,2.7159095599184075,0.0,17.549313370938975,3.7855855856048928,30897.00731364895,94735.6366106939,5808.117872888441,12345.577648829578,18803.428173032662,1.3764713872856575,1.3764713872856569,0.0,50000,766.1541385803768,5497.954917122953,1,0.00011554954915353093,0.00018389120464645583,0,1
135,1,3.452659078619125,3.4263309390028946,0,0.46113467383270335,1.5971415294640126,0.010849069281020559,349.69448037253295,3.4969448037253295,0.0,17.47096396399837,3.8060787789394683,30953.846904695092,94867.27354387796,5759.373271913443,12450.463561048078,19106.80915666854,1.16509519290365,1.1650951929036506,0.0,50000,771.2774369140207,5497.954917122953,1,0.00014641669469985145,0.0001550301603351539,0,1
136,1,2.5275883115641546,2.5531067755367642,0,0.6188538666455975,1.196600257743395,0.24265806471937032,453.86951862188704,4.53869518621887,0.0,18.110691622581257,3.8060787789394683,30925.5520922763,94774.8607482987,5826.52071296958,12307.406383950904,18828.68284167726,1.141807602863517,1.1418076028635173,0.0,50000,771.2774369140207,5596.568650273713,1,0.00019284174997828213,0.00015160266461055483,0,1
137,1,2.555568343679366,2.5425795481119615,0,0.6214161524162568,1.2274560313261682,0.22312909409736192,289.85496974602887,2.8985496974602887,0.0,17.576447519231685,3.8060787789394683,30895.275030040113,94695.13524675014,5868.84676335191,12218.962324966418,18868.68284167726,1.158570168763281,1.1585701687632814,0.0,50000,771.2774369140207,5682.520478389824,1,0.00012289356800498889,0.00015405067089437413,0,1
138,1,2.472998186914484,2.521257637046182,0,0.6266713789119439,1.2093486638201805,0.23458945327836683,251.17279852815514,2.5117279852815515,0.0,16.963065677832844,3.8060787789394683,30855.846834015345,94599.02187025566,5921.933719640907,12109.767670671758,18908.68284167726,1.0596183466538116,1.0596183466538112,0.0,50000,771.2774369140207,5784.239700936085,1,0.00010626770807093419,0.00014066767535140176,0,1
139,1,2.552441974453581,2.54539395268242,0,0.6207290617371602,1.2772838161059614,0.19159252145192318,459.3465104029635,4.593465104029635,0.0,17.753850749707194,3.8060787789394683,30810.827215611156,94481.9653177347,5990.643047405882,11971.316457123878,18703.395584459675,1.0703648042010565,1.0703648042010558,0.0,50000,771.2774369140207,5906.756939072128,1,0.0001964761995558182,0.00014187915854391373,0,1
140,1,2.5606302704816932,2.5166426752369846,0,0.6278205545613329,1.311266594603021,0.17008443379555632,301.1830062104845,3.011830062104845,0.0,17.52974646752651,3.8060787789394683,30758.186424977637,94364.94986915682,6060.2132648435945,11834.332999409002,18743.395584459675,1.0836185101890705,1.0836185101890712,0.0,50000,771.2774369140207,6029.195452124621,1,0.00012855002919970305,0.00014376464560881847,0,1
141,1,2.564505797383623,2.539242077692985,0,0.622232915041917,1.3415642475717238,0.1509087040685293,425.9069788209836,4.259069788209836,0.0,17.879293775506643,3.8060787789394683,30716.549871482446,94267.16408594642,6125.29717091798,11708.988320126542,18045.934604697148,1.286498166308126,1.2864981663081272,0.0,50000,771.2774369140207,6133.0442034013795,1,0.00018881016169043416,0.00017127879681531847,0,1
142,1,2.5292575903912917,2.4989006482556966,0,0.6322780383857537,1.3365637915942135,0.15407354962391556,392.93858295940936,3.9293858295940938,0.0,18.16682978581269,3.8060787789394683,30705.022911484495,94229.7044072703,6156.372333406835,11650.062310135978,17521.250134169994,1.2466552671993012,1.246655267199301,0.0,50000,771.2774369140207,6176.151068708165,1,0.00017941120865256043,0.00016559046651423256,0,1
143,1,2.4994712852210976,2.5151285505107843,0,0.6281985068632481,1.3429265485359831,0.15004648826836514,303.3898403562012,3.033898403562012,0.0,17.720502098603575,3.8060787789394683,30670.899814811644,94155.04014115281,6207.752116925952,11553.944017967377,17308.955727730096,1.2745831829828362,1.2745831829828342,0.0,50000,771.2774369140207,6256.431610412375,1,0.0001402232902451304,0.000169481553529375,0,1
144,1,2.846758830224762,2.837608527851281,0,0.5568068972489386,1.5449677216893447,0.022172328044718585,406.0644993300386,4.060644993300386,0.0,18.079874015312928,3.8060787789394683,30641.07637343666,94100.03015079776,6239.084554105179,11496.142474418102,17039.714604080425,1.2804052796629999,1.280405279662999,0.0,50000,771.2774369140207,6316.933312977978,1,0.00019064380302839118,0.00017009276730869398,0,1
145,1,2.7701144692128343,2.7112787017135345,0,0.5827508617986916,1.5256444568548364,0.034402242496939024,344.0152441733628,3.440152441733628,0.0,18.111940532813986,3.8060787789394683,30600.99535177407,94025.94871353231,6285.211378726536,11412.06583489599,17077.216534491363,1.2359714728832838,1.2359714728832838,0.0,50000,771.2774369140207,6396.252529337538,1,0.00016115752516391416,0.00016400820614581192,0,1
146,2,2.768659212282193,2.7363014321093027,0,0.5774217640861455,1.9142296903900617,0.21153777872788712,349.28747218122913,3.4928747218122913,0.0,18.547438568366793,5.9342364158380665,29036.534914709726,93959.65761709456,7847.9942913362975,11351.000249201397,17162.627690799687,1.291673419325194,1.2916734193251953,0.0,50000,771.2774369140207,6466.926173279532,1,0.00016281305099613412,0.0001715381263961465,0,1
147,2,2.854042231619685,2.850643139997869,0,0.5542608886502648,1.81438237324514,0.1483432742057848,404.9995723371111,4.049995723371111,0.0,18.937392043693922,6.136167653373078,29388.751902357908,94526.23574150175,7525.9106477456935,11838.335257658733,16240.597213012323,1.316338940761588,1.316338940761589,0.0,50000,821.7602462977734,6466.926173279532,1,0.00019949984204404333,0.00017449013940136387,0,1
148,2,3.1625109119298744,3.1462278584396226,0,0.5021886751659506,1.8640813465980115,0.1797983206316528,254.27379135430246,2.5427379135430246,0.0,18.359109756341045,6.2750437509344765,29667.26071476021,95029.31814939543,7247.148985719186,12295.165009588482,16280.597213012323,1.2268224187172958,1.2268224187172958,0.0,50000,856.479270688123,6466.926173279532,1,0.00012494568253359808,0.00016241952519125853,0,1
149,2,3.1623717940583123,3.154965488661456,0,0.5007978710633504,1.7355824490144651,0.09846990443953484,465.4061462512904,4.654061462512904,0.0,18.966067696654424,6.44376267670247,29945.245913335344,95553.50802732036,6993.451013756691,12742.634175397996,16324.30226471662,1.38688592376845,1.3868859237684505,0.0,50000,898.6590021301214,6466.926173279532,1,0.00022808014147457692,0.00018417522201740613,0,1
150,2,3.1391683171172278,3.194069760790938,0,0.4946667162362632,1.6267457388248867,0.02958591064866243,483.42847912191456,4.834284791219146,0.0,19.557782980954403,6.530377960675456,30164.054420316428,95972.87009687984,6795.903401192833,13114.209635873662,16136.87533827656,1.4864496175186885,1.4864496175186908,0.0,50000,920.312823123368,6466.926173279532,1,0.0002396639840057389,0.0001975632693379713,0,1
151,2,3.109574968445374,3.1308407742206836,0,0.5046567723947212,1.5736856604968235,0.003996417407073806,601.2686002180885,6.012686002180885,0.0,20.21815416996803,6.542403332679818,30247.160941879516,96143.18792333677,6716.034052069232,13270.764231878438,16085.155301575598,1.9117265116590794,1.9117265116590763,0.0,50000,923.3191661244584,6467.82807617986,1,0.00029904273297712817,0.00025559561948581465,0,1
152,2,3.2599949207788432,3.2275396706458834,0,0.489536972812426,1.5993508843466602,0.012247395156113988,361.8935836891515,3.618935836891515,0.0,19.381981981750457,6.5755978400637485,30360.866602761645,96386.2357753863,6612.719547791407,13478.86342473324,15844.739810543597,1.8001197457435145,1.8001197457435125,0.0,50000,931.617792970441,6467.82807617986,1,0.00018271986186776557,0.0002404755262835442,0,1
153,2,3.235699911143881,3.212610924627804,0,0.49181181197130197,1.5905606740866707,0.006683970940930764,311.5924958468583,3.115924958468583,0.0,18.52194845529685,6.581829689980686,30362.58510564465,96395.89769264501,6619.244074725503,13465.621156971907,16065.802256249532,1.5919205848369844,1.5919205848369846,0.0,50000,933.1757554496753,6468.29546492363,1,0.00015515813820036288,0.00021230691101508552,0,1
154,2,3.19358956874918,3.166525585089621,0,0.49896959855300904,1.5824035713072053,0.0015212476627881357,329.06715711492075,3.2906715711492076,0.0,18.499412018801678,6.588411033122984,30337.998116278744,96350.27812029149,6645.684415869831,13412.2475533775,16414.17117234783,1.2535695414526968,1.253569541452698,0.0,50000,934.8210912352499,6522.723468086801,1,0.00016038197903981143,0.00016608665970264662,0,1
155,2,3.332656228348118,3.278093140390427,0,0.481987525165871,1.6227171221465855,0.027036153257332534,427.5420239358095,4.275420239358095,0.0,18.993947578207564,6.627582380788478,30410.11633233189,96502.74539654396,6588.004373032444,13530.117792266625,16340.717451140692,1.3195707904387075,1.3195707904387075,0.0,50000,944.6139281516234,6522.723468086801,1,0.00020931370986086741,0.00017495127570034722,0,1
156,2,3.204498839346871,3.2314630330407357,0,0.4889426194404752,1.558467272396333,0.01362830860991581,350.0889078685078,3.5008890786850784,0.0,18.87149500008263,6.634584158945849,30411.966611722688,96511.97569304048,6584.117309740384,13538.170900916475,16787.803936926462,1.346576478782818,1.3465764787828176,0.0,50000,946.364372690966,6523.248601448604,1,0.00016683011509251768,0.00017884193466439883,0,1
157,2,3.216682715291544,3.2677194650833012,0,0.4835176387945293,1.5690706915247388,0.006917283845102089,275.08823415066536,2.7508823415066535,0.0,18.247938191834503,6.640085923628862,30413.55157401433,96520.3218579231,6593.973530130664,13518.014703881716,17013.648798878283,1.2691815671491609,1.2691815671491609,0.0,50000,947.7398138617193,6523.66123379983,1,0.00012934943581005483,0.0001684977535878133,0,1
158,2,3.203579366773517,3.258952123345403,0,0.48481841407908965,1.565912971221881,0.008915840998809607,455.79624699266617,4.557962469926662,0.0,18.86590794137819,6.649201848568715,30415.49470772397,96530.21800104778,6600.806522162349,13504.075875917286,17101.93786667642,1.2797887092740965,1.2797887092740967,0.0,50000,950.0187950966827,6524.34492817032,1,0.00021321384771525676,0.00016979779953927643,0,1
159,2,4.3363586299674,4.395073735641084,0,0.3594933998916254,1.9591162217355895,0.23994697578201862,491.83310610730723,4.918331061073072,0.0,19.499077748110768,6.944301712233099,30688.172950185293,97226.5018688941,6346.373786242488,14047.228251007626,16482.75321219184,1.4576209798227966,1.4576209798227977,0.0,50000,1023.7937610127788,6524.34492817032,1,0.00023871405451536423,0.00019375911268022526,0,1
160,2,4.555694977597359,4.541869029511034,0,0.3478744080319945,1.8761771137273402,0.1874538694476836,449.7069766680156,4.4970697666801565,0.0,19.576894810835498,7.214125898233909,31026.73802256963,98068.81719691286,6059.664913364428,14713.9546739771,16242.772129664798,1.6826491375145027,1.6826491375145038,0.0,50000,1091.249807512981,6524.34492817032,1,0.00022149272209351435,0.00022447354144137846,0,1
161,2,4.461154982621043,4.459297619033186,0,0.3543158889544039,1.711441484268117,0.08319081282792205,581.8514252743332,5.8185142527433324,0.0,20.206101193424725,7.4077148514624245,31249.277920831828,98712.30439330645,5848.881402474242,15246.075691898905,15906.332802652827,1.8782910366623335,1.8782910366623347,0.0,50000,1139.6470458201102,6524.34492817032,1,0.0002926388791147603,0.0002509485519078796,0,1
162,2,4.412354548381775,4.4355829138425955,0,0.3562102277626523,1.637656017011383,0.03649115000720436,500.1230051737117,5.001230051737117,0.0,20.370893058171305,7.479501058683709,31362.250756447764,99030.98146239038,5753.132720702677,15500.728519266346,15464.784769452639,1.9286747252708947,1.9286747252708931,0.0,50000,1157.5935976254314,6524.34492817032,1,0.0002587157921067727,0.0002576157977716824,0,1
163,2,4.115041546760429,4.129661365722966,0,0.3825979566059152,1.5515376938405572,0.018014117822432212,357.54754849543946,3.575475484954395,0.0,19.43464015289814,7.479501058683709,31326.132854528256,98940.20146106275,5798.657214669119,15379.397773263294,15883.779115538866,1.824488549483988,1.824488549483988,0.0,50000,1157.5935976254314,6625.644221242629,1,0.0001800818537677377,0.00024381217499642356,0,1
164,2,4.153012425135444,4.151103509888817,0,0.3806216819783226,1.5771180396243312,0.0018240255542208237,437.7235366815024,4.377235366815024,0.0,19.521808710523153,7.48825552941734,31328.46222314771,98954.55275679323,5819.508722814413,15324.466163477071,16189.36144489767,1.6380885848089821,1.6380885848089797,0.0,50000,1159.7822153088389,6626.3008065476515,1,0.0002163018168054839,0.0002183664875599981,0,1
165,2,4.230756836623485,4.297659899721601,0,0.36764193464968026,1.5711076736063716,0.005628054679511689,1064.5580145480938,10.645580145480938,0.0,22.133225568212186,7.555907824081784,31458.608174169225,99308.73767338498,5755.031185888971,15497.434035690003,15985.592079926762,2.31145016189285,2.31145016189285,0.0,50000,1176.6952889749498,6626.3008065476515,1,0.0005327587538705523,0.00030971414148125797,0,1
166,2,4.185094705346969,4.224130589676024,0,0.37404146639348584,1.555928646319408,0.015235033975058291,387.64161893450506,3.8764161893450506,0.0,20.273064776582192,7.563660656460474,31460.513601239792,99326.91579755371,5758.332953409494,15488.60792038651,16059.188644413645,2.3386838984801153,2.3386838984801144,0.0,50000,1178.6334970696223,6626.882268976054,1,0.0001931064526447793,0.0003140556744402718,0,1
167,2,4.1289039066843065,4.13226175678241,0,0.3823571915323846,1.5546290780117742,0.016057545562168277,351.2175544191075,3.512175544191075,0.0,18.330152873531723,7.563660656460474,31432.60619959718,99261.11575191292,5795.02100150056,15390.864091525791,16075.040797443766,2.233212381324291,2.233212381324291,0.0,50000,1178.6334970696223,6705.743011541321,1,0.00017478900805027267,0.00030021807152186806,0,1
168,2,4.128173509017712,4.095266767355543,0,0.3858112522960894,1.576428720627491,0.0022603034003222263,602.992431728994,6.02992431728994,0.0,19.32907534858918,7.575720505095054,31403.45417956293,99192.90927852907,5836.09071589823,15282.895302748233,15986.261054286646,1.673615935608567,1.6736159356085683,0.0,50000,1181.6484592282673,6790.939080806598,1,0.0003017553283691958,0.00022321692968808255,0,1
169,2,4.361983846714818,4.3569382011452,0,0.3626399841027593,1.5883775540614664,0.005302249405991355,685.384773532717,6.85384773532717,0.0,20.276549132423284,7.649589611325089,31559.995378315947,99627.07487578258,5699.236471990555,15651.176488778767,16047.138305349912,2.0371464998267506,2.037146499826753,0.0,50000,1200.115735785776,6790.939080806598,1,0.0003416857313701688,0.00027274335592987904,0,1
170,2,4.1314774781299715,4.0300681414568125,0,0.3920529243033723,1.5291971323166513,0.03215371372363844,885.3360582000819,8.85336058200082,0.0,21.38918300582222,7.649589611325089,31522.387838403374,99523.66575196949,5746.017333586405,15524.186320368346,16325.907856329668,2.6691825551171466,2.6691825551171466,0.0,50000,1200.115735785776,6910.4352843472525,1,0.0004338312164891123,0.00035909075874282563,0,1
171,2,4.015999368894729,4.024009954916548,0,0.3926431638345107,1.5133705118368999,0.04217056212854444,592.1707293345236,5.921707293345236,0.0,20.481724527396057,7.649589611325089,31487.266287108076,99432.6262468838,5797.884444384956,15385.72351413965,16453.6496698079,2.633136852120118,2.63313685212012,0.0,50000,1200.115735785776,7017.208882418713,1,0.0002879218854020671,0.00035447961108711607,0,1
172,2,4.049806355014775,4.04868898005449,0,0.3902497840124867,1.5508572117716086,0.01844480267619712,486.041525406718,4.86041525406718,0.0,19.333368488228885,7.649589611325089,31453.094180604734,99349.82689170353,5844.774513756752,15262.659121532553,16127.292840540584,2.3867050015598728,2.3867050015598705,0.0,50000,1200.115735785776,7113.766388654145,1,0.00024110259804294647,0.00032095189997804194,0,1
173,2,4.149341430358907,4.205879175603978,0,0.3756646194604739,1.5679102944313557,0.007651712385217984,843.3975369731868,8.433975369731868,0.0,20.695835033079153,7.6664575620645525,31499.101020304675,99483.35076145074,5806.006107873879,15365.102055825988,16056.337592520415,2.3568728559208725,2.356872855920875,0.0,50000,1204.332723470642,7115.031484959604,1,0.000420219135086482,0.0003164145395104985,0,1
174,2,4.391066804360462,4.432928916449327,0,0.3564234910551066,1.5688131814152013,0.007080264927087817,834.2529847527,8.342529847527,0.0,21.5580842081723,7.7633573308326955,31699.52785765177,100059.0062487803,5645.887715529224,15802.69111867285,16339.611082254502,2.6512847682242273,2.6512847682242247,0.0,50000,1228.5576656626777,7115.031484959604,1,0.00040845671567237414,0.0003565928162672675,0,1
175,2,4.198528606326669,4.187546415062215,0,0.37730925066690296,1.5210573886548244,0.0373054502184656,259.5533873798861,2.595533873798861,0.0,18.491804769366702,7.7633573308326955,31670.473904648185,99987.87243397163,5685.397754269123,15693.231095477908,16189.327430926684,2.370232593360442,2.370232593360442,0.0,50000,1228.5576656626777,7200.688583493471,1,0.00012825900939358748,0.0003189782867174812,0,1
176,2,4.302559139469691,4.258059921422055,0,0.37106100645768525,1.5857487127901086,0.003638425816524417,613.2659731928159,6.132659731928158,0.0,19.01365118411656,7.775622650296552,31633.15481779307,99895.71194814873,5734.5136725192315,15559.264852688726,15751.749891321582,2.10796630921293,2.107966309212933,0.0,50000,1231.6239955286417,7313.0107278992,1,0.00031146557172327595,0.00028272709892974583,0,1
177,2,3.9641798819687235,3.9917052694874355,0,0.3958208067307744,1.4877986285283291,0.05835529839979174,551.8488347467045,5.518488347467045,0.0,19.59178421511136,7.775622650296552,31597.282827403436,99795.12388389767,5786.887967352402,15418.931312012879,15985.448518625275,1.7867581922770737,1.7867581922770728,0.0,50000,1231.6239955286417,7423.995550984755,1,0.00027617559012058936,0.00023863339041248427,0,1
178,2,3.9731514825000787,3.9687500511644345,0,0.3981102310881046,1.5140960863849882,0.0417113377310202,332.10626423742457,3.3210626423742458,0.0,18.240803964424273,7.775622650296552,31563.072293203044,99708.78733243074,5831.278795592105,15301.904680894202,16282.78180171121,1.8678612891735213,1.8678612891735225,0.0,50000,1231.6239955286417,7521.25978665747,1,0.00016316930032312906,0.0002502701540556648,0,1
179,2,4.119731660293373,4.038381473247881,0,0.3912458519500091,1.5947982603825845,0.009365987583914222,524.68512033964,5.2468512033964,0.0,18.681741670870018,7.786116352703345,31530.847702230716,99634.92926424513,5877.313858506266,15182.456980208075,16443.66226471721,1.731683713715582,1.731683713715581,0.0,50000,1234.24742113034,7611.538488507039,1,0.0002552643623509319,0.0002315364175982168,0,1
180,2,4.289633525796426,4.2068191116541795,0,0.37558068413802614,1.6206477976798839,0.025726454227774555,520.2950204667086,5.202950204667086,0.0,19.1647310407452,7.843049699571438,31622.90321865207,99893.51090125923,5806.38421869655,15368.706540577907,16553.120146399295,1.6723203874957693,1.6723203874957677,0.0,50000,1248.4807578473633,7611.538488507039,1,0.00025145471832022456,0.0002232961269980952,0,1
181,2,4.529829819097643,4.536782206641149,0,0.34826445882438967,1.633638172789469,0.03394821062624622,706.945889186291,7.06945889186291,0.0,20.066387425037053,7.966674830785818,31802.361143331138,100393.909088874,5673.19751860804,15730.912583623436,16335.370591814777,2.1203120704456317,2.120312070445628,0.0,50000,1279.3870406509584,7611.538488507039,1,0.00034621602746644654,0.00028431170271253436,0,1
182,2,4.4493925453939696,4.408547429688172,0,0.35839469240138305,1.606529366745102,0.016790738446267005,375.12093096997035,3.7512093096997035,0.0,19.01139480845488,7.974177249405217,31804.04765269264,100410.04431644983,5676.574960927958,15721.66113943832,15770.865463653687,1.961360126464158,1.9613601264641596,0.0,50000,1281.2626453058083,7612.101169903493,1,0.0001902855271117454,0.00026265209096613886,0,1
183,2,4.5196785771435914,4.534790350657037,0,0.348417430095986,1.5870463384676707,0.004459707890930801,594.3680400926235,5.943680400926235,0.0,19.549832716327227,8.015799105164254,31898.388749465917,100692.754768595,5598.154392968661,15942.734542881883,14937.497294346216,2.1278426396855963,2.1278426396855963,0.0,50000,1291.6681092455674,7612.101169903493,1,0.00031832269000917014,0.00028494141486245405,0,1
184,2,4.574504043238514,4.623713646175854,0,0.3417166634674218,1.5832730614456039,0.002071557876964429,1074.6750952518257,10.746750952518257,0.0,21.912894143259216,8.073820921757974,31987.091657100664,100959.32637440073,5558.059836967179,16058.737949822364,15266.907439078024,2.66030895788698,2.6603089578869814,0.0,50000,1306.1735633939977,7612.101169903493,1,0.0005631396401872603,0.00035724928576939195,0,1
185,2,4.6892515784163695,4.660903847315172,0,0.33899004393968135,1.5859878858758794,0.0037898011872653696,429.32807464013035,4.293280746401304,0.0,19.805381971648632,8.097129766835309,32059.382922727502,101190.82366950184,5494.464187213469,16245.34783140163,15319.842931139261,2.737618567048354,2.7376185670483553,0.0,50000,1312.0007746633312,7612.101169903493,1,0.0002241945046407618,0.0003685522782790641,0,1
186,2,4.516445898834269,4.435690297175962,0,0.35620160429278097,1.556497423508054,0.014875048412624109,660.0430739389318,6.600430739389318,0.0,19.493151273963775,8.097129766835309,32023.164952419407,101092.94108337014,5546.373335320103,16093.75944050871,15476.8022121259,2.7920182756221807,2.7920182756221763,0.0,50000,1312.0007746633312,7727.135952223378,1,0.00034117801075046137,0.00037617071852616115,0,1
187,2,4.643423811200106,4.718533110122145,0,0.334849827928642,1.542815689504929,0.023534373731057653,432.6751053230433,4.326751053230433,0.0,18.915370296768614,8.105783268941769,32128.600682273853,101416.65639299419,5446.08112482668,16391.110710614063,15935.537538652705,1.9476158878982945,1.947615887898295,0.0,50000,1314.1641501899464,7727.784964881363,1,0.00021721268166753011,0.00026086173235291777,0,1
188,2,6.196766091088607,6.180287331110248,0,0.25565154423267944,1.9591964538628204,0.23999775560937991,556.4659107345769,5.564659107345769,0.0,19.16791023693407,8.439662815382516,32326.905187808316,102137.36929155294,5312.772980589495,16803.833730332935,15567.289510029452,2.099545356419338,2.0995453564193363,0.0,50000,1397.634036800133,7727.784964881363,1,0.0002859667563199442,0.0002814524829126452,0,1
189,2,6.255291028104216,6.259444357317093,0,0.2524185710115036,1.844082702755595,0.16714095111113605,746.4668489763865,7.464668489763865,0.0,20.409393197606708,8.813790743394458,32543.870802670815,103012.33486754201,5130.446201287276,17402.92560909998,14525.841471210042,2.2760576358743267,2.276057635874328,0.0,50000,1491.1660188031183,7727.784964881363,1,0.00041111110868495733,0.0003047635155574772,0,1
190,2,6.286897630498208,6.257380938498154,0,0.2525018079495762,1.7601716071499403,0.11403266275312669,1154.1484998126869,11.541484998126869,0.0,22.627205882260235,9.230407531094826,32777.24986127236,103917.70842059981,5000.026772357708,17858.858954361895,14270.840190119081,3.3284544628325325,3.328454462832533,0.0,50000,1595.3202157282105,7727.784964881363,1,0.000646996804357351,0.0004480248897874175,0,1
191,2,6.761550905210687,6.650788553767678,0,0.23756581452359188,1.7736270254034137,0.12254875025532505,937.8337063876806,9.378337063876806,0.0,23.068096310299936,9.614188154405856,32974.058621557975,104852.7813348213,4840.041436256072,18451.56060763726,13933.339458963084,3.945433078269277,3.945433078269282,0.0,50000,1691.2653715559677,7727.784964881363,1,0.0005384688769837659,0.0005321922633420247,0,1
192,2,6.593005199282882,6.634759961944286,0,0.23813973814615416,1.6322935068127213,0.03309715621058308,1486.6619146886492,14.866619146886492,0.0,25.162012813309286,9.890135947673064,33178.27678106371,105712.96095988751,4702.404354246172,18993.50590275463,14067.460374569799,5.007174441994006,5.007174441994004,0.0,50000,1760.25231987277,7727.784964881363,1,0.0008454472236516185,0.0006769709683309118,0,1
193,2,6.5146857812043235,6.449390957878883,0,0.2449843729925842,1.6176351290661986,0.02381970194063195,942.2072596755359,9.422072596755358,0.0,23.919425348890417,9.908980092866575,33184.073992164325,105767.03530658825,4709.31561748041,18965.77969972336,14330.270947657886,4.7083756807272215,4.708375680727225,0.0,50000,1764.9633561711476,7729.198275770876,1,0.0005259955031510572,0.0006366372012621473,0,1
194,2,6.408719344684396,6.500539704565438,0,0.24305674171797453,1.5705257132126462,0.005996384042629017,956.0783060601417,9.560783060601418,0.0,22.88974540525806,9.928101658987778,33255.30529705743,106088.03138711164,4678.600451385349,19091.592685552343,14185.388743703497,4.708104369868918,4.708104369868915,0.0,50000,1769.7437477014482,7730.632393229966,1,0.0005391904717363597,0.0006368777328463452,0,1
195,2,6.692345137638348,6.702176355494785,0,0.2357443188889883,1.5965608484310467,0.010481549639902948,852.1149796399216,8.521149796399216,0.0,22.609477289330073,9.989703732178352,33336.099119747276,106451.49416236536,4616.2942769209485,19350.239352555378,14460.460249379837,3.796138566936406,3.796138566936403,0.0,50000,1785.1442659990919,7730.632393229966,1,0.00047141790230443935,0.0005122012923972854,0,1
196,2,7.188535309313484,7.199161746176585,0,0.21946999605046033,1.6288569712484557,0.030922133701554222,1307.6821586153392,13.076821586153391,0.0,24.413201348246343,10.229141475333693,33484.17610776003,107235.87728056443,4499.1873446546715,19855.98960569089,14668.936301208942,4.25527554224744,4.255275542247446,0.0,50000,1845.0037017879272,7730.632393229966,1,0.0007131708158048606,0.0005745930632818865,0,1
197,2,7.302816112639377,7.279920314437697,0,0.21703534266254393,1.5967304985388517,0.010588923125855486,888.8118830655222,8.888118830655223,0.0,23.7312194805463,10.324624361382202,33599.84962774849,107810.27749494788,4419.799733971916,20214.42237210701,14542.844435405568,4.1318004940698,4.131800494069795,0.0,50000,1868.8744233000546,7730.632393229966,1,0.0004889342725287759,0.0005578409968793587,0,1
198,2,7.763793598412776,7.814015287927743,0,0.20220078177233922,1.6594881197446052,0.05030893654721843,544.541913992402,5.44541913992402,0.0,21.138976977975314,10.407250716600165,33671.776442195594,108197.75313890942,4370.1181498597725,20445.2776205535,14097.069225043937,3.7318140707760112,3.7318140707760143,0.0,50000,1889.5310121045454,7730.632393229966,1,0.0003090241838495078,0.0005037097573943814,0,1
199,2,8.18957301647474,8.182943112118593,0,0.19308456362846843,1.6682120181131224,0.05583039121083689,875.9653033889067,8.759653033889068,0.0,22.05155288360345,10.600747728746784,33833.97019244669,109013.3198861139,4266.367412291271,20944.41657217366,14184.728665552477,3.2005884299410896,3.200588429941086,0.0,50000,1937.9052651412,7730.632393229966,1,0.0004940328851075921,0.0004306637804952919,0,1
200,2,8.00165506522164,8.097719988193894,0,0.19511665040327003,1.6020244758480833,0.013939541676002027,962.7595362280277,9.627595362280278,0.0,23.26079302887477,10.686694768307136,33923.23292187944,109487.204018421,4229.843637457264,21126.861840758145,14229.196337099387,3.330904157050756,3.3309041570507603,0.0,50000,1959.3920250312883,7730.632393229966,1,0.0005412868096944319,0.00044811462621717723,0,1
201,2,8.18866967683327,8.095365443856672,0,0.1951734002569352,1.5997678563564683,0.012511301491435615,886.3955247457659,8.863955247457659,0.0,23.31063146223457,10.765735370361808,34006.843341625936,109965.26313828805,4178.469176967384,21388.16810768017,14494.891381325837,3.768407964878654,3.7684079648786493,0.0,50000,1979.1521755449562,7730.632393229966,1,0.0004892181673815002,0.000508179287394508,0,1
202,2,7.894560590242246,7.975723839076065,0,0.19810114189999747,1.5553682614420985,0.01558970794803897,678.5192383614369,6.785192383614369,0.0,22.175869098561027,10.779305755129037,34010.94599272569,110015.50038039479,4196.1567868646625,21298.37339572877,14481.856689785685,3.475526879662461,3.475526879662463,0.0,50000,1982.5447717367633,7731.650172087508,1,0.0003748244457300886,0.00046844314093534025,0,1
203,2,7.8540240287247265,7.909308103555338,0,0.19976462913232187,1.5691787973789966,0.006848862418356646,834.4714560502878,8.344714560502878,0.0,22.617124487537552,10.795995184250042,34015.629169905995,110067.25623823857,4225.659302672909,21150.18999481252,14921.195117009627,3.2465074119631177,3.24650741196312,0.0,50000,1986.7171290170147,7732.901879271583,1,0.0004474019403976671,0.00043714818450308533,0,1
204,2,7.936744604304291,7.772747392854476,0,0.2032743276145191,1.6039574382917234,0.015162935627673015,905.4594494753359,9.054594494753358,0.0,23.43933106300141,10.81410437323955,34010.836815716066,110068.08830361068,4249.951402714574,21029.721898340977,14951.988080421515,3.2368281602597024,3.2368281602596993,0.0,50000,1991.2444262643914,7785.977019412215,1,0.0004844623709463577,0.00043556291902470444,0,1
205,2,7.758742876732722,7.602679678864943,0,0.20782146121351378,1.5977683099450504,0.011245765788006517,1070.3262735777116,10.703262735777116,0.0,24.45727367795716,10.835510898711105,33993.20875070207,110010.75836263504,4290.193833819324,20833.127457067352,15401.067943800337,3.6783721135606147,3.678372113560617,0.0,50000,1996.59605763228,7905.398172924476,1,0.0005559750934069836,0.0004959464682503361,0,1
206,2,7.58531958902721,7.608763515275536,0,0.20765529074835276,1.5664036891468696,0.008605260033626905,1494.7396138824718,14.947396138824718,0.0,26.622187184066654,10.865405690988755,34001.965727811046,110089.13741148579,4296.182665630247,20804.291229289065,15810.701015297356,4.433563828366651,4.433563828366647,0.0,50000,2004.0697557016924,7907.6402823453,1,0.0007563179456426449,0.000598918469998662,0,1
207,2,7.447942665838152,7.553303956707901,0,0.20917998389259065,1.5551524001175028,0.01572632903955525,1099.2189266763876,10.992189266763877,0.0,26.074139378708196,10.865405690988755,33995.48947578311,110088.8804122561,4320.08031240676,20689.747497538257,15600.85824887683,4.625849279431456,4.625849279431449,0.0,50000,2004.0697557016924,7955.23553062653,1,0.0005636710027824398,0.000625321347277356,0,1
208,2,7.458091311549002,7.54863893885516,0,0.20930925598616928,1.566689907812404,0.008424108979491238,1045.9403890852698,10.459403890852698,0.0,25.19582093165097,10.88632449877046,34001.40457429621,110157.51658204342,4333.166677784714,20627.663834386236,15560.702633966666,4.57956047661292,4.579560476612918,0.0,50000,2009.2994576471187,7956.804441210158,1,0.0005377342726424909,0.0006192410736891919,0,1
209,2,7.697462976532461,7.65456496615601,0,0.2064127755118458,1.6052734067909686,0.015995827082891496,749.7712529054899,7.4977125290548985,0.0,23.736642230443966,10.930914438805841,34048.31025306871,110417.46397318126,4317.552666966269,20703.14107404225,15539.214141218288,3.675112968689662,3.6751129686896644,0.0,50000,2020.4469426559642,7956.804441210158,1,0.00038600214713133856,0.0004958024741854232,0,1
210,2,7.650957292752133,7.601421153367534,0,0.20785586906996179,1.6034037198628739,0.014812480925869504,696.3759827745571,6.963759827745571,0.0,22.915702581568087,10.944841958461332,34052.445772432824,110464.4486670768,4328.157849810643,20652.659373911858,15467.752365283195,3.1782456072560334,3.1782456072560374,0.0,50000,2023.928822569837,7957.84900518432,1,0.0003601691914010972,0.00042796853705830894,0,1
211,2,7.9177549481813765,7.941318492041854,0,0.19895940473654947,1.5862466217875908,0.00395355809341185,792.7392479023927,7.9273924790239265,0.0,23.421569508648926,11.029246473720669,34178.18146008048,111115.22435336915,4231.971987648577,21123.90134392129,15796.184815794688,2.846747620730742,2.846747620730741,0.0,50000,2045.029951384671,7957.84900518432,1,0.0004014839062200531,0.0003825517482508296,0,1
212,2,8.116622398382525,8.090086473590073,0,0.1953007554564316,1.5997781649385296,0.012517825910461756,828.611621567361,8.28611621567361,0.0,23.966489264574786,11.081577639651394,34236.26290002166,111437.12959913055,4197.691385520496,21297.375266102714,16079.7325289251,2.9109035048792107,2.910903504879212,0.0,50000,2058.1127428673526,7957.84900518432,1,0.0004122514451415454,0.00039130151425423185,0,1
213,2,7.957317317140596,7.9683209560600945,0,0.19828518563855954,1.5748202736042138,0.0032783078454343244,731.7568840259624,7.317568840259625,0.0,23.743230558666166,11.096212777331914,34240.011776808926,111486.07004540494,4206.331041172899,21253.924270956617,16111.547876891309,2.918018806155572,2.918018806155571,0.0,50000,2061.7715272874825,7958.946640510359,1,0.0003633452922673019,0.0003923602145429668,0,1
214,2,7.86079720014383,7.955558954435175,0,0.19860326710534396,1.5563054875667026,0.014996526856517376,844.1025781090354,8.441025781090355,0.0,24.293740528797183,11.113094828894095,34244.53720657126,111537.97115371909,4207.144161504782,21250.009917439693,16117.742653753006,2.961789772664843,2.9617897726648406,0.0,50000,2065.9920401780278,7960.212794377523,1,0.00041896813778075147,0.00039818829172986623,0,1
215,2,8.102134493152487,8.071502129431524,0,0.19575042844116544,1.6045780201459916,0.015555708953159195,969.9145504471846,9.699145504471847,0.0,25.33616964977543,11.159031487267255,34279.55550175641,111743.5244170127,4207.866553056715,21247.14430464501,15798.774041961882,3.1572565828622414,3.157256582862243,0.0,50000,2077.4762047713175,7960.212794377523,1,0.0004911340831237011,0.0004244825043905848,0,1
216,2,8.300033327098175,8.412277284240519,0,0.18782072280950096,1.572794441872691,0.004560479827410863,1054.5215699852836,10.545215699852836,0.0,26.223362470296635,11.263987847259726,34418.05266882181,112509.77220458841,4116.239596918447,21722.43551170289,16135.257280227945,3.5461488536424572,3.54614885364246,0.0,50000,2103.7152947694353,7960.212794377523,1,0.0005228409075459806,0.00047764770948347776,0,1
217,2,8.570073987321674,8.354507999946579,0,0.18911945503075742,1.6413187839601537,0.038809356936806115,1228.3441185976144,12.283441185976145,0.0,27.438416690079187,11.359649464336739,34434.75344057337,112675.94675055817,4138.241444849293,21607.646062631284,16022.616165778505,4.0222205353737746,4.022220535373772,0.0,50000,2127.630699038689,7960.212794377523,1,0.0006133051461202157,0.0005424267122632992,0,1
218,2,8.348693165976222,8.244758192394965,0,0.19163691197849872,1.6198282328055804,0.025207742282012873,1782.0904775639758,17.820904775639757,0.0,30.23471721445464,11.464634170186121,34469.383102031614,112928.86401714994,4165.30937094898,21468.257667782185,16337.890031149976,4.95553707232543,4.95553707232543,0.0,50000,2153.876875501034,7960.212794377523,1,0.0008726171980182142,0.0006695877505614702,0,1
219,3,8.270544582747288,8.227791196167637,0,0.19203209735511237,2.271959786314025,0.43794923184431944,614.1978700279301,6.141978700279301,0.0,109.84255663946116,17.019599839335292,32749.527069210053,112981.36229327218,5894.2911588915795,21456.804872587658,16755.07414388584,4.568628158862419,4.568628158862415,83.77537071942919,49916.22462928057,2156.947864851174,7961.134091182565,1,0.0002932593981994688,0.0005930605807792996,1,1
220,3,8.538749158562025,8.412584980049578,0,0.18781385314347085,2.104081457758721,0.33169712516374744,1011.4535845376141,10.11453584537614,0.0,108.76540650634912,17.626471990057862,33107.53926716818,114797.72656335049,5583.030259747202,22656.96261751354,16534.051665335268,4.267926417119334,4.267926417119339,83.77537071942919,49916.22462928057,2308.6659025318163,7961.134091182565,1,0.0004893917619276313,0.0005517561193817714,1,1
221,3,8.331863309574352,8.524600158223128,0,0.18534593654529083,1.9507795627399205,0.23467060932906353,459.88583684197926,4.598858368419792,0.0,106.57919688617643,17.90240349216305,33258.579536889854,115685.24651257922,5442.396203864426,23244.70796867284,16574.051665335268,2.679312079648238,2.6793120796482355,83.77537071942919,49916.22462928057,2377.6487780581133,7961.134091182565,1,0.00022197871522451368,0.00033487662511720454,1,1
222,3,8.445471434047304,8.36359646360785,0,0.188913944721626,1.8311973741806515,0.15898567986117182,729.1859334497381,7.2918593344973806,0.0,106.43716246003935,18.272931776565827,33518.723380069445,117036.91745811499,5237.70476478725,24156.263325124397,16282.233573084994,2.8414004979018244,2.8414004979018244,83.77537071942919,49916.22462928057,2470.2808491588075,7961.134091182565,1,0.0003582731718847732,0.0003565478830123061,1,1
223,3,8.312160824876765,8.36359646360785,1,0.188913944721626,1.705391690357229,0.07936182934001833,838.6550573158938,8.386550573158939,0.0,107.3584860318828,18.521169967004166,33745.46069973492,118157.26864312726,5095.233691506202,24834.413187071706,16037.26512231679,2.674281390891225,2.674281390891227,83.77537071942919,49916.22462928057,2532.340396768392,7961.134091182565,1,0.0004183531548150845,0.0003328683473081239,1,1
224,3,7.826044342303511,7.687821020252496,0,0.20551987303524752,1.6254773404624858,0.028783126874990978,1429.701121249993,14.297011212499932,0.0,109.83886130245855,18.600257719598147,33761.705436909346,118289.50837017012,5126.651029062005,24682.840715293954,16000.60919150499,3.8797545613536504,3.8797545613536504,83.77537071942919,49916.22462928057,2552.112334916888,7961.134091182565,1,0.0007148233441056968,0.0004971498902685182,1,1
225,3,7.579866226021768,7.544719953527982,0,0.20941797836527748,1.583802405833304,0.002406585970445528,806.9330851615643,8.069330851615643,0.0,107.81054991361498,18.616396381301378,33765.16820553938,118349.07972707503,5142.053437601578,24609.179175711884,16372.23173693747,3.9571948540263695,3.95719485402637,83.77537071942919,49916.22462928057,2556.1470003426957,7962.3444908103065,1,0.00039429350775241654,0.000509156668891066,1,1
226,3,7.44304330570942,7.490511657963318,0,0.21093352125288656,1.5663032199475753,0.008668848134446079,1156.9497395355063,11.569497395355063,0.0,107.93028237136502,18.639535376092088,33771.83307555722,118419.5082651095,5160.39154259845,24522.083104229627,16464.98082350536,4.305983776024227,4.305983776024231,83.77537071942919,49916.22462928057,2561.9317490403732,7964.07991541961,1,0.0005621383963636803,0.0005570850827405979,1,1
227,3,7.446887579740586,7.446866385494313,0,0.21216977963746853,1.5745032057018984,0.0034789837329757475,1118.1089153268304,11.181089153268303,0.0,108.56229743987753,18.661897554398625,33778.0219870935,118484.54011784865,5172.589053010814,24464.66227218422,16621.778790660963,3.875189117639819,3.875189117639816,83.77537071942919,49916.22462928057,2567.5222936170076,7965.757078792601,1,0.0005381416414734366,0.0004981911818631779,1,1
228,3,7.20280475228379,7.18928783930081,0,0.21977142038503525,1.5504633546241506,0.01869407935180344,846.591800669597,8.46591800669597,0.0,106.76975714265693,18.661897554398625,33741.86919594377,118341.22823191617,5219.270796400073,24246.550802795013,16866.79105780872,3.8854864067167814,3.885486406716785,83.77537071942919,49916.22462928057,2567.5222936170076,8150.772657317957,1,0.0004015425567402901,0.0005006075315258023,1,1
229,3,6.770403607600443,6.823371958000426,0,0.2315570673451921,1.4941903495939395,0.05430990532029151,935.3820784961632,9.353820784961632,0.0,106.30800236952946,18.661897554398625,33707.439772813064,118194.60068827373,5284.868857318965,23946.544151494018,17182.250165565034,3.572136504296281,3.5721365042962807,83.77537071942919,49916.22462928057,2567.5222936170076,8335.464764849614,1,0.000435510864750771,0.0004583983543214993,1,1
230,3,6.738233499058772,6.791336210717669,0,0.2326493566180012,1.511303393986732,0.04347886456535956,474.33050097128785,4.743305009712879,0.0,103.92594284048492,18.661897554398625,33676.21426691518,118071.31428688936,5327.79016781098,23754.260281251693,16544.68458555699,2.8242085971001636,2.8242085971001645,83.77537071942919,49916.22462928057,2567.5222936170076,8487.296345135419,1,0.0002293572892337224,0.00035547023690826117,1,1
231,3,6.566759336688004,6.6001390331764185,0,0.23938889651535125,1.4955881458687594,0.0534252241336966,881.1753776353021,8.81175377635302,0.0,104.68658303578216,18.661897554398625,33653.987502208576,117977.86873684709,5368.837348083488,23573.24299478653,16443.93025339928,2.893368621433095,2.8933686214330923,83.77537071942919,49916.22462928057,2567.5222936170076,8609.300799477433,1,0.0004286933179873569,0.0003645204906572834,1,1
232,3,6.68379400889983,6.7100243307046155,0,0.23546859476649398,1.5437134999376265,0.02296613927998326,642.5232770246513,6.425232770246513,0.0,104.45554461466773,18.661897554398625,33623.076960439364,117856.25260136036,5406.6285553131065,23409.001442177312,15746.74474493568,2.6376874416978606,2.6376874416978566,83.77537071942919,49916.22462928057,2567.5222936170076,8755.515569623749,1,0.0003264284967755224,0.00032815970133220055,1,1
233,3,6.508137954568441,6.4684724238724725,0,0.24426168907652288,1.5200494064689747,0.037943413627231255,859.1500426727869,8.591500426727869,0.0,104.92863570552585,18.661897554398625,33598.04855771687,117758.38433868253,5437.011694288821,23278.731609935843,15832.602511119449,3.135713492538346,3.135713492538349,83.77537071942919,49916.22462928057,2567.5222936170076,8882.450128395232,1,0.00043411690128361113,0.0003964129053488301,1,1
234,3,6.68451907457627,6.604325938653575,0,0.23923713255165524,1.5889221162902236,0.005646909044445283,612.3173757837895,6.123173757837896,0.0,103.86621197554204,18.6741439019143,33555.531797670825,117600.1269589462,5485.078445074639,23075.461733299664,16204.559756350287,2.8201959093707782,2.820195909370778,83.77537071942919,49916.22462928057,2570.5838804959267,9079.181384421707,1,0.00030229386542578944,0.00035427975449497435,1,1
235,3,6.978700320880473,6.967757821804401,0,0.2267587422535929,1.60461194732457,0.015577181850993568,1276.1308576732813,12.761308576732814,0.0,105.84158396033827,18.798557003049087,33661.91701338718,118128.18122731874,5394.821867589159,23462.8971579146,16517.950757649618,3.529753268752331,3.5297532687523336,83.77537071942919,49916.22462928057,2601.6871557796235,9079.181384421707,1,0.0006180577125560413,0.0004514894930884806,1,1
236,3,7.20291229335561,7.1666019916150665,0,0.22046710586810905,1.6029431937422056,0.014521008697598448,556.0776582955814,5.560776582955814,0.0,103.38676808446995,18.854016842323517,33764.39572815714,118634.19338452372,5307.598769332412,23849.983313864042,16845.749686150262,3.10612625553646,3.1061262555364606,83.77537071942919,49916.22462928057,2615.552115598231,9079.181384421707,1,0.00026407974410435926,0.0003948104406953966,1,1
237,3,7.256523304842897,7.281673388470893,0,0.21698309107101965,1.5840712821013572,0.0025767608236437335,704.8752623814806,7.048752623814806,0.0,101.93044477586137,18.883433622241107,33821.131357599494,118936.37009509807,5256.833763548026,24081.19959366225,17172.15250003644,3.1622506502429153,3.1622506502429126,83.77537071942919,49916.22462928057,2622.906310577629,9079.181384421707,1,0.0003283806208359656,0.00040350602583212207,1,1
238,3,6.818095624580682,6.85762471161673,0,0.2304004763228731,1.5186780174313748,0.038811381372547665,1117.8726159526527,11.178726159526528,0.0,103.76506557382787,18.883433622241107,33789.24988280652,118796.00512694776,5310.185194179906,23840.04378978717,16828.465293266137,2.959835874867547,2.9598358748675473,83.77537071942919,49916.22462928057,2622.906310577629,9250.097921807996,1,0.0005314198752990109,0.0003746267467464452,1,1
239,3,6.321057548334741,6.419931616198431,0,0.24610854047314584,1.4350991796436263,0.09170937997238844,903.6242280949823,9.036242280949823,0.0,103.64120955210406,18.883433622241107,33763.51005327846,118680.12326835196,5361.183417756096,23613.94208254624,17005.967032170767,3.349002165956328,3.3490021659563265,83.77537071942919,49916.22462928057,2622.906310577629,9400.303139049836,1,0.0004250857249743296,0.00042829540703643535,1,1
240,3,6.220664910090195,6.253014952086708,0,0.2526781100167903,1.4429133253990694,0.08676371810185488,794.3875421033267,7.943875421033267,0.0,102.40735906054896,18.883433622241107,33719.44392640624,118490.9083487336,5419.057059653868,23362.552346962413,16772.25664652841,3.4723605587285813,3.4723605587285786,83.77537071942919,49916.22462928057,2622.906310577629,9623.895170705917,1,0.0003789055027453338,0.0004451370343395581,1,1
241,3,5.888988938923448,5.905748388425247,0,0.2675359490588293,1.3913061151238706,0.11942650941527182,579.27514706787,5.7927514706786996,0.0,100.74506750411415,18.883433622241107,33700.23507684002,118409.62675972468,5469.139146301122,23149.254925206034,16895.376871222903,2.8414581213669434,2.8414581213669456,83.77537071942919,49916.22462928057,2622.906310577629,9733.003788022419,1,0.00027428812105613194,0.0003594264495919318,1,1
242,3,6.0925177581249,6.14452186670618,0,0.2571396170890302,1.4704376048443448,0.06934328807319952,842.3858059103801,8.423858059103802,0.0,101.35548277166853,18.883433622241107,33661.23794553968,118245.13549799338,5527.901853700629,22903.9573647246,16862.637300960298,2.781298761780648,2.7812987617806506,83.77537071942919,49916.22462928057,2622.906310577629,9924.06169087951,1,0.0003996460534022909,0.0003509465590679189,1,1
243,3,6.19862859848798,6.15218582103832,0,0.2568192908928325,1.5314394104352778,0.030734550357419184,868.8167963062374,8.688167963062375,0.0,101.95457818116235,18.883433622241107,33631.08992327022,118131.8435078199,5593.010592505561,22638.176328828627,17139.337570959775,2.8438216942218157,2.8438216942218144,83.77537071942919,49916.22462928057,2622.906310577629,10064.326704443798,1,0.0004055310972010152,0.00035982175721981265,1,1
244,3,6.153445949255756,6.20308000683972,0,0.2547121749611226,1.5480688783651648,0.020209570654959017,711.4526563615617,7.114526563615617,0.0,100.92180129489675,18.883433622241107,33592.12233778293,117991.40461531718,5643.9949854790475,22434.41397626468,17404.986675271888,2.9666341717460534,2.966634171746056,83.77537071942919,49916.22462928057,2622.906310577629,10232.859320522924,1,0.0003270109513487222,0.00037739603398400946,1,1
245,3,6.369558566823126,6.341717645427564,0,0.24914385791666308,1.603074754986309,0.014604275307790406,1073.2028548537264,10.732028548537265,0.0,102.09287198625167,18.90489767933818,33597.73092999369,118040.11780574643,5645.138357735181,22430.045308598874,17032.5011948271,3.22787758405269,3.2278775840526874,83.77537071942919,49916.22462928057,2628.272324851898,10234.469124805206,1,0.0005040729333069022,0.00041220499395221323,1,1
246,3,6.4472875595401895,6.504461446003792,0,0.2429101952738485,1.5833550477374438,0.002123447935090995,542.7043857179439,5.427043857179439,0.0,99.9285811111499,18.93579034209938,33678.369378085685,118403.9377958902,5576.526986996679,22707.145260995007,17392.63181438327,2.839433967044615,2.8394339670446183,83.77537071942919,49916.22462928057,2635.9954905421982,10234.469124805206,1,0.00024962496372476123,0.0003602362827934619,1,1
247,3,6.441121819944382,6.360147205973159,0,0.2484219230831853,1.5888896169965396,0.005626339871227571,677.9057387909594,6.779057387909594,0.0,98.94975394863309,18.9493484568752,33678.665848866774,118427.38427775117,5588.972207443744,22656.860773297518,17640.7801574713,2.7868036429423926,2.7868036429423917,83.77537071942919,49916.22462928057,2639.385019236153,10251.262706803513,1,0.0003074266479099451,0.0003537081816472028,1,1
248,3,6.3058823363716865,6.357969172396139,0,0.24850702435924876,1.5574733086683774,0.014257399576976366,517.6046593515323,5.176046593515323,0.0,98.1731992483871,18.95970055006223,33681.45603247422,118457.41525150686,5592.475101649094,22642.757191286364,17771.45436517807,2.1241045959036065,2.124104595903609,83.77537071942919,49916.22462928057,2641.9730425329103,10252.03911379254,1,0.0002330049747040367,0.0002633521954462477,1,1
249,3,6.316239878507767,6.269967539761408,0,0.25199492501042897,1.5849371356572348,0.0031247694033131315,887.518588707605,8.87518588707605,0.0,99.1989533195476,18.977450921836382,33650.723511921744,118352.33207617827,5637.027803173836,22464.499698847154,18154.135965790592,2.466181371732372,2.466181371732368,83.77537071942919,49916.22462928057,2646.4106354764485,10398.234577671916,1,0.00039110364288558067,0.0003105117551665208,1,1
250,3,6.4202076467308435,6.387860749296129,0,0.24734415197984685,1.5796822109799111,0.00020113229119553372,477.7925321691417,4.777925321691417,0.0,97.6370410017196,18.998688051997043,33722.72428250692,118665.4350389098,5582.049562523833,22686.789176105893,18515.268331477902,2.2134843683713155,2.2134843683713177,83.77537071942919,49916.22462928057,2651.719918016614,10398.234577671916,1,0.00020644260665964823,0.0002768504080830885,1,1
251,3,6.290772250250966,6.359164772365088,0,0.24846030202994246,1.5584081887237096,0.01366570333942437,521.5048718205119,5.215048718205119,0.0,96.41334236977394,19.00911814943345,33724.98803387615,118697.41064741324,5601.118693103304,22609.841439419637,18959.1420910993,2.175108696772166,2.175108696772165,83.77537071942919,49916.22462928057,2654.3274423757166,10399.016834979646,1,0.0002200542068052083,0.0002725334854501457,1,1
252,3,6.629591942107583,6.610929712459213,0,0.23899815437793434,1.5998181280882975,0.012543119043226211,693.9129708519799,6.9391297085198,0.0,97.07833091468116,19.062995318719654,33807.07694287001,119067.15552827956,5528.251111829731,22908.88469224226,18900.593155455623,1.939978037161296,1.9399780371612945,83.77537071942919,49916.22462928057,2667.7967346972673,10399.016834979646,1,0.00029371055824316635,0.00024006912390267432,1,1
253,3,6.692614261728253,6.622624761943147,0,0.2385761018923276,1.5886684409726457,0.0054863550459782464,842.2150117249283,8.422150117249284,0.0,97.92314192627218,19.105578989647316,33868.8299747043,119364.42324546522,5483.064346317103,23098.611198991766,19258.679761186544,2.2870603327527212,2.287060332752722,83.77537071942919,49916.22462928057,2678.4426524291825,10399.016834979646,1,0.00034985368557705906,0.00028787281687514456,1,1
254,3,7.089466960155161,7.021203586681127,0,0.22503264297836076,1.6084397896557876,0.0179998668707516,1013.7949033046386,10.137949033046386,0.0,98.8662678550914,19.259672122046684,34063.09728459297,120231.38225710238,5360.729589755601,23628.31083470748,19521.167617696738,2.7618275338886433,2.7618275338886447,83.77537071942919,49916.22462928057,2716.965935529024,10399.016834979646,1,0.00041546486282330455,0.00035300970221450995,1,1
255,3,6.756608032391626,6.827498097909405,0,0.23141712781784582,1.554351579448924,0.0162331775639722,1340.4138092275996,13.404138092275996,0.0,100.60041192958224,19.259672122046684,34046.5156422016,120177.64276931265,5398.145131803863,23465.18718145661,19121.303158597104,3.4189317915828776,3.418931791582876,83.77537071942919,49916.22462928057,2716.965935529024,10491.609119540239,1,0.0005608043753544854,0.0004420409745849497,1,1
256,3,6.245660386195605,6.1859381474429815,0,0.2554180081242986,1.4585456943528918,0.07686981370070141,631.4411378425367,6.314411378425367,0.0,97.55954549466084,19.259672122046684,34016.65768862072,120062.60809878499,5438.895596102199,23289.976379039927,19112.634609237775,3.2050386252248,3.2050386252247978,83.77537071942919,49916.22462928057,2716.965935529024,10642.59587572451,1,0.00026430312753945086,0.0004135241219057469,1,1
257,3,6.723439468720241,6.834415720292223,0,0.2311828932660308,1.56032555610976,0.012452179677367144,804.446635973258,8.04446635973258,0.0,96.39919522131338,19.27576105476615,34052.194902949006,120249.2076856272,5421.977208736805,23363.28814264341,19499.811068198323,2.9912821522984507,2.991282152298447,83.77537071942919,49916.22462928057,2720.9881687088905,10643.802545678469,1,0.0003300325867403738,0.00038504669654477,1,1
258,3,6.568057408667722,6.657257809550995,0,0.23733495760569992,1.5507379565637005,0.0185202806558858,618.1207516275364,6.181207516275364,0.0,95.66357561391158,19.27576105476615,34030.54562098664,120172.90178731864,5468.931992712445,23163.332747610726,19472.745560569543,2.2434579046518754,2.2434579046518737,83.77537071942919,49916.22462928057,2720.9881687088905,10745.428854487913,1,0.00025394292744385143,0.00028275954724122537,1,1
259,3,6.664701096178529,6.68984902589073,0,0.2361787230003488,1.5814714903822555,0.0009313230267439678,1124.4078924974428,11.24407892497443,0.0,97.23621016145913,19.2982492126161,34035.371335263655,120224.588931449,5482.706467921233,23105.44327166313,19684.021505799312,2.713303747776355,2.7133037477763513,83.77537071942919,49916.22462928057,2726.6102081713775,10747.115466326659,1,0.00045698299696174166,0.000346986170381989,1,1
260,3,7.142765871581381,7.147027496752419,0,0.22107092783929344,1.6338766188802034,0.03409912587354642,725.2546245969498,7.252546245969499,0.0,96.28609361095116,19.410015741396716,34163.95783342816,120843.58649021514,5383.294782408467,23533.976681055992,19802.798767867538,2.620335929896651,2.6203359298966533,83.77537071942919,49916.22462928057,2754.5518403665315,10747.115466326659,1,0.00029299075675051113,0.0003346388937187014,1,1
261,3,7.007521095931127,7.015628386724349,0,0.22521147257312388,1.5806748765525271,0.00042713705856143707,891.3725244455533,8.913725244455533,0.0,95.96045938385267,19.42784319188563,34205.98336095417,121063.75045707099,5345.857228689271,23699.501941587994,20167.29930364752,2.8590165164741252,2.8590165164741213,83.77537071942919,49916.22462928057,2759.008702988759,10748.452525113327,1,0.0003535912314384453,0.00036785499505023267,1,1
262,3,7.051107048021771,7.106342563203634,0,0.2223365938170753,1.583925094000743,0.002484236709330964,955.3107655051173,9.553107655051173,0.0,96.56112932671445,19.44694940719573,34222.451190121676,121170.99884385293,5334.825209956369,23748.865259072616,20451.122931949456,2.6550112563316013,2.655011256331603,83.77537071942919,49916.22462928057,2763.785256816285,10749.885491261584,1,0.0003736951828743634,0.0003400923903544399,1,1
263,3,7.076330089372486,6.967319991810822,0,0.22677299189029418,1.5953832428402686,0.009736229645739548,664.2066604871586,6.642066604871586,0.0,95.17865196854844,19.460233540405476,34225.60985526263,121215.03621398452,5344.563007753085,23705.83506880725,19686.398455135815,2.6029913962929365,2.6029913962929387,83.77537071942919,49916.22462928057,2767.1062901187206,10750.881801252315,1,0.0002699149514832174,0.000332400455265342,1,1
264,3,6.762310313729015,6.831511339075126,0,0.23128117946063542,1.554010622448637,0.016448973133774115,837.7382436860978,8.377382436860978,0.0,95.29180525579802,19.460233540405476,34189.0074406475,121070.81134462047,5395.979918179408,23480.721512626144,20022.98580842765,2.5542884005996287,2.5542884005996256,83.77537071942919,49916.22462928057,2767.1062901187206,10925.548538658786,1,0.0003347106177675039,0.00032610691737502826,1,1
265,3,7.244839528648089,7.219890826210938,0,0.21883987417981468,1.6002573218467913,0.012821089776450119,1037.9195452549116,10.379195452549116,0.0,96.41045876107025,19.57824413804026,34318.75792076144,121721.59582717679,5290.4007728965,23951.213419625583,20129.950178109895,2.6497887995249236,2.6497887995249236,83.77537071942919,49916.22462928057,2796.608939527417,10925.548538658786,1,0.00041248767575533755,0.000339037748335353,1,1
266,3,7.339744449243124,7.30931406162163,0,0.21616255460905237,1.60216818706197,0.014030498140487265,576.029286897374,5.760292868973741,0.0,94.29400438223698,19.609165884077388,34363.5092864309,121961.94050909115,5259.308331006352,24093.58732815041,20047.420726179902,2.5492042989557127,2.549204298955711,83.77537071942919,49916.22462928057,2804.339376036699,10925.548538658786,1,0.00022986669248483947,0.000325688328669227,1,1
267,3,7.226461667427005,7.22634767474358,0,0.21864433751536386,1.5851587608003381,0.003265038481226619,919.5191519337726,9.195191519337726,0.0,94.907815456039,19.627556267116063,34400.0618650609,122153.60775040383,5272.272865114023,24035.37027466297,19491.9550663195,2.65910976875288,2.6591097687528804,83.77537071942919,49916.22462928057,2808.9369717963677,10926.927817386686,1,0.00037739432450165094,0.00033991623091394265,1,1
268,3,7.0481370787812985,6.935926193295118,0,0.22779942519102472,1.5775613158017228,0.0015434710115679161,833.3705166506202,8.333705166506203,0.0,95.33573273070627,19.644223677449077,34370.41682704906,122044.99271558112,5325.838119305217,23794.47109172133,19510.392306720874,2.487525170134449,2.487525170134448,83.77537071942919,49916.22462928057,2813.1038243796206,11082.570569742535,1,0.00034171348419828287,0.00031632483372825775,1,1
269,3,7.189049266074947,7.097624319207712,0,0.22260969712417394,1.6084354601341573,0.017997126667188106,833.9572804141651,8.339572804141651,0.0,95.04388079539208,19.66090282305736,34374.56281073722,122094.4710441751,5324.760817829281,23799.50504588313,19515.178910374678,2.759477446187137,2.7594774461871405,83.77537071942919,49916.22462928057,2817.2736107816913,11083.821505663156,1,0.0003418702064661333,0.00035365933838868907,1,1
270,3,7.438940069207124,7.488370032757604,0,0.21099384687032655,1.5927746185550509,0.008085201617120757,980.7510577641502,9.807510577641503,0.0,95.73510377642363,19.763913640016618,34516.0541838222,122785.56825530669,5209.209373333949,24329.24023572008,19390.114187381805,2.828222060701679,2.828222060701681,83.77537071942919,49916.22462928057,2843.0263150215064,11083.821505663156,1,0.0004046396213189412,0.0003627411039944524,1,1
271,3,7.211533693851475,7.184706599260881,0,0.21991155493566583,1.567518699818722,0.00789955707675824,1286.4732549361863,12.864732549361863,0.0,97.30377644024315,19.763913640016618,34483.89324265916,122657.79291164529,5248.666921166106,24147.041023606533,19438.07871119034,3.287585449029061,3.2875854490290632,83.77537071942919,49916.22462928057,2843.0263150215064,11251.79559790568,1,0.00052946519007378,0.0004253250059529515,1,1
272,3,7.031985976830674,7.100550094760962,0,0.22251797099013218,1.548042730540799,0.020226119910886686,1066.3870475996296,10.663870475996296,0.0,96.8515947264064,19.763913640016618,34457.05540181199,122559.19391448655,5282.199600569073,23994.3980777883,19859.403033568033,3.49629223501975,3.4962922350197467,83.77537071942919,49916.22462928057,2843.0263150215064,11393.571280769984,1,0.00042957466376894915,0.00045455982505389017,1,1
273,3,7.463984149937696,7.570508985408305,0,0.20870459344878314,1.5664498053075016,0.008576072590188935,1271.5687959861316,12.715687959861317,0.0,97.42672252161064,19.872676249971185,34626.68092903346,123391.05174369308,5157.704686116754,24575.97166331013,19879.006884738865,3.7577428969700786,3.757742896970074,83.77537071942919,49916.22462928057,2870.216967510148,11393.571280769984,1,0.0005117232680118709,0.0004902543739515333,1,1
274,3,7.457110289967491,7.465933953990685,0,0.21162791014986942,1.569540259092637,0.006620089181875325,1005.344154260812,10.053441542608121,0.0,96.49191204956055,19.8927831330564,34633.033319695896,123457.09813636758,5165.187093830389,24540.542750574015,20109.48134234396,3.438838223996848,3.438838223996852,83.77537071942919,49916.22462928057,2875.2436882814523,11395.079297001375,1,0.0003999483177694445,0.0004470820831834215,1,1
275,3,7.726759985711824,7.839719701264957,0,0.20153781770349052,1.5730372497226406,0.004406803973012333,608.8500899058406,6.088500899058406,0.0,93.33189141482735,19.927221423233586,34726.3095766056,123962.91919029123,5080.060315602039,24953.25954837842,20493.11804000396,2.962987200208867,2.9629872002088686,83.77537071942919,49916.22462928057,2883.8532608257487,11395.079297001375,1,0.0002376798254779283,0.0003831171370864146,1,1
276,3,7.7269877107626215,7.702010545968968,0,0.20514124079289023,1.5860277152016269,0.0038150096212827946,847.9766605190596,8.479766605190596,0.0,93.36458951639038,19.94418095644397,34730.07219736981,124016.18263366609,5100.9599893539125,24851.428996509556,20913.69272112675,2.503812896588687,2.5038128965886863,83.77537071942919,49916.22462928057,2888.093144128344,11396.351261992155,1,0.00032437185410587744,0.00032066666578441674,1,1
277,3,7.132302371269604,7.0145964762673305,0,0.2252446032135499,1.5023611129310113,0.04913853611961316,828.5971381119405,8.285971381119404,0.0,93.76890748641829,19.94418095644397,34680.285289104606,123784.29043268427,5167.532795109461,24532.32188383001,21138.29229082843,2.2926434302266077,2.2926434302266117,83.77537071942919,49916.22462928057,2888.093144128344,11659.706141204137,1,0.00031359094735252784,0.0002918808756454445,1,1
278,3,7.004871269719854,7.119144180908023,0,0.22193678900860192,1.5004693222306758,0.050335872005901464,1102.9570947263708,11.029570947263707,0.0,94.87638743690692,19.94418095644397,34661.85673029426,123705.3449166366,5211.105851830351,24327.805390041554,21086.65376529014,2.7348248464217297,2.734824846421727,83.77537071942919,49916.22462928057,2888.093144128344,11775.463562572671,1,0.0004184474623629103,0.0003521367546071052,1,1
279,3,6.822057526302454,6.716937363907299,0,0.235226251846556,1.4914515457218214,0.05604332549251816,544.6610492879078,5.446610492879078,0.0,92.35940190281403,19.94418095644397,34627.59251112359,123564.06482266694,5264.6625489688295,24081.124773150572,21385.891761443763,2.4347080333082998,2.434708033308297,83.77537071942919,49916.22462928057,2888.093144128344,11949.379216857906,1,0.0002037459294617276,0.0003119281130590553,1,1
280,3,6.848902415940533,6.9597342183485305,0,0.22702016347614448,1.5269788258200319,0.03355770517719507,674.2660851166684,6.742660851166684,0.0,91.32279608730403,19.94418095644397,34596.16904646995,123437.73906107541,5316.6343844386665,23846.506228204966,21728.01268789656,2.271505096915092,2.271505096915092,83.77537071942919,49916.22462928057,2888.093144128344,12106.008155548556,1,0.0002482568819530426,0.0002901500912592268,1,1
281,3,7.107170168211592,7.070383471100848,0,0.22346737011620624,1.5843321572515938,0.0027418716782238914,1181.039557222747,11.810395572227469,0.0,93.45163528041803,19.967801747588425,34601.490115299166,123491.90185642573,5316.274116288754,23848.32286107716,21739.546429602156,2.314337119233232,2.3143371192332305,83.77537071942919,49916.22462928057,2893.998341914458,12107.77971488439,1,0.00043461424038343586,0.00029553901726606867,1,1
282,3,6.940588037231389,6.97767392836809,0,0.22643649104559463,1.56166366474444,0.0116052754782026,667.9372223157634,6.6793722231576345,0.0,91.91170785898538,19.98116049203474,34604.704107852696,123536.9350978648,5341.1146670630815,23737.810772312212,21822.418768365198,2.4112165646935653,2.4112165646935653,83.77537071942919,49916.22462928057,2897.3380280260367,12108.781620717862,1,0.0002448627640796763,0.0003092446288053849,1,1
283,3,6.888048657127946,7.021209335899292,0,0.22503245871355723,1.5512430176452237,0.018200621743529377,616.4714912890355,6.164714912890355,0.0,90.02699972368225,19.98116049203474,34605.67276148934,123564.61268811308,5343.548384334446,23727.179335759585,22162.746127511677,2.343138466314844,2.3431384663148433,83.77537071942919,49916.22462928057,2897.3380280260367,12112.687403906535,1,0.0002225253089999637,0.00030066743782102527,1,1
284,3,6.447167911804232,6.350346998398736,0,0.24880530156830846,1.4873270719405824,0.058653751936340266,571.9586028860712,5.719586028860712,0.0,89.49764577735039,19.98116049203474,34573.12537809247,123429.13934454696,5408.3467454977235,23443.747008510545,21914.642871898137,1.7944419940416483,1.7944419940416487,83.77537071942919,49916.22462928057,2897.3380280260367,12271.482451145495,1,0.00020879504401854064,0.00022539437236606023,1,1
285,3,6.479659369421088,6.441731622703516,0,0.24527566383414362,1.525671095713322,0.03438538245992287,886.7966846892889,8.86796684689289,0.0,90.61540959619411,19.98116049203474,34537.00504126427,123280.19543745984,5463.951125293001,23205.881138169185,21950.74692042557,1.9866640948375107,1.9866640948375118,83.77537071942919,49916.22462928057,2897.3380280260367,12445.734887690058,1,0.0003231950832120828,0.0002515051454101957,1,1
286,3,6.683253137460154,6.739148864858363,0,0.23445097173012322,1.5786586607262518,0.0008489489074355969,669.9689754821839,6.699689754821839,0.0,90.21260698973654,19.994559871544382,34540.284924815816,123318.52932444082,5472.737958651321,23168.8420318977,21745.90915676298,2.0456769319776518,2.0456769319776495,83.77537071942919,49916.22462928057,2900.6878729034474,12446.739841153281,1,0.0002464717278647597,0.0002594872850317944,1,1
287,3,6.735626854104301,6.826024708190038,0,0.23146707894336743,1.5737319913625838,0.0039670940743141,578.1326970310672,5.781326970310672,0.0,89.03835028200977,20.006122525485004,34594.97639580245,123574.81849199829,5443.021445127873,23296.318314991942,21560.966835916657,2.058896378045606,2.0588963780456084,83.77537071942919,49916.22462928057,2903.578536388603,12447.607040198827,1,0.0002145108617552356,0.0002613925576106927,1,1
288,3,6.761954375837508,6.803344436874818,0,0.23223871945042787,1.5871755466094142,0.004541485195831713,791.6434342864943,7.916434342864943,0.0,89.66880437574473,20.021955394170735,34598.58617380038,123615.08967122194,5455.59226650666,23242.839191982777,22021.700416075146,1.9701406298855764,1.9701406298855737,83.77537071942919,49916.22462928057,2907.5367535600353,12448.794505350257,1,0.0002875866692686891,0.0002495230862962281,1,1
289,3,6.622410364786266,6.551396508898347,0,0.2411699548110065,1.575556258804468,0.0028124944275519214,1088.6532200073025,10.886532200073026,0.0,91.22248792186889,20.043728458570882,34578.52422300004,123551.2860962605,5492.635473549055,23086.75801753023,21944.879617826744,2.339209924187881,2.339209924187879,83.77537071942919,49916.22462928057,2912.980019660072,12563.524811276064,1,0.0003968682404155707,0.0002996552571464984,1,1
290,3,7.035870070365426,6.916908854344078,0,0.22842573659297255,1.6060155764371258,0.01646555470704159,1222.6081008145595,12.226081008145595,0.0,92.60091594248304,20.19785759411079,34722.59981542948,124253.17294146508,5380.297049395472,23570.799396290295,20963.54731246432,2.9620450465482997,2.9620450465483033,83.77537071942919,49916.22462928057,2951.5123035450483,12563.524811276064,1,0.0004665653508316818,0.0003836734201719805,1,1
291,3,5.914426919768063,6.007178467272067,0,0.26301865486568393,1.3888509515480196,0.12098041041264584,1092.4871512603918,10.924871512603918,0.0,92.44661921082661,20.19785759411079,34698.760229052656,124137.1997047099,5457.221869205605,23239.599536869857,21060.343416784257,3.2710589182834067,3.271058918283404,83.77537071942919,49916.22462928057,2951.5123035450483,12719.649036858034,1,0.0004149931004029964,0.00042614223055008294,1,1
292,4,5.741119355523173,5.7364016432412965,0,0.2754339912480809,1.814131643147618,0.14818458427064424,779.5347480539476,7.795347480539476,0.0,113.67367375539622,23.376115348886287,32930.21080311312,123974.9967552077,7257.414570520089,22967.28763827554,21195.419895356838,3.0568334847276546,3.056833484727654,105.97709947678419,49810.24752980379,2951.5123035450483,12909.931823594488,1,0.000294227621590914,0.00039192869094186405,4,1
293,4,6.089674140577851,6.175127316779513,0,0.2558651698899725,1.7801873059203919,0.12670082653189355,919.6815613637924,9.196815613637924,0.0,113.44761534732834,23.775109700235163,33218.67088101219,125153.04254465846,6980.851790462797,23880.134683697685,21235.419895356838,2.763846075582543,2.763846075582544,105.97709947678419,49810.24752980379,3051.2608913822673,12909.931823594488,1,0.00034647077981815935,0.00035189716727068997,4,1
294,4,5.965371508747925,5.975343028398658,0,0.2644199659318014,1.651015626395205,0.044946598984306876,688.1888693201995,6.881888693201995,0.0,112.53537007002468,23.925947185671305,33464.82279579731,126053.89784528945,6792.855304400685,24543.62323898399,20404.55441988473,2.4168944075587837,2.416894407558785,105.97709947678419,49810.24752980379,3088.9702627413026,12909.931823594488,1,0.0002698177495704755,0.00030350538365984963,4,1
295,4,5.9608704457664405,5.992396368390742,0,0.2636674717203844,1.5874354703237838,0.004705993875812517,890.0564665487807,8.900564665487806,0.0,112.99363848399506,24.001864448657276,33602.08353547149,126609.21451105557,6663.503387012329,25021.66617003005,20250.249666550466,2.5589162060309976,2.5589162060309936,105.97709947678419,49810.24752980379,3107.9495784877954,12909.931823594488,1,0.00035162291081042166,0.0003226371467330188,4,1
296,4,6.035921098189735,5.94804409941108,0,0.26563353828470054,1.61146990079774,0.019917658732746788,575.096660571216,5.7509666057121605,0.0,111.60772054917315,24.0133663818687,33605.05670756273,126642.08795855039,6671.91212457344,24990.31172598691,20151.123607799065,2.2698916489333776,2.269891648933377,105.97709947678419,49810.24752980379,3110.8250617906515,12910.794468585345,1,0.00022831348634024047,0.0002832513822403792,4,1
297,4,6.026616346517492,6.169035112503057,0,0.25611784844565794,1.5513112593157237,0.018157430812833168,628.3684412625198,6.283684412625198,0.0,110.81690769065668,24.02593375069395,33737.84738869452,127174.39172732335,6551.459279422625,25451.456856135967,20157.482412781657,2.2186730633465577,2.218673063346559,105.97709947678419,49810.24752980379,3113.966903996964,12911.73702124724,1,0.00024938369917230446,0.00027644003210765554,4,1
298,4,6.090714424790128,6.214926699324545,0,0.25422665084235324,1.5466525262681905,0.02110599603279087,664.8875072796872,6.648875072796872,0.0,110.87165597889144,24.039231500839545,33802.63478783763,127447.1428778261,6507.225100240708,25625.438881881066,20523.55872791373,1.9902236244511051,1.9902236244511065,105.97709947678419,49810.24752980379,3117.2913415333624,12912.73435250816,1,0.0002591704552194978,0.00024562254691068094,4,1
299,4,5.985357122629672,5.93751218076029,0,0.26610471724500667,1.549920841154796,0.01903744230709118,706.8157450833178,7.068157450833178,0.0,111.03182736262814,24.039231500839545,33761.53939359415,127298.4810947221,6571.275447386129,25376.412304043522,20096.946100458747,2.123785998924791,2.123785998924792,105.97709947678419,49810.24752980379,3117.2913415333624,13083.930851152543,1,0.0002813624484238165,0.0002633055342718729,4,1
300,4,6.011347606904903,5.991908126909069,0,0.2636889562615915,1.577426435075968,0.0016288385595140233,1303.1620003519818,13.031620003519818,0.0,113.38642912151076,24.065294740846586,33751.067054005456,127281.32702391711,6615.070818923445,25209.093275355706,19721.717243860734,2.8114557416601924,2.8114557416601946,105.97709947678419,49810.24752980379,3123.807151535122,13153.418687052925,1,0.0005286200929617929,0.00035638433220170246,4,1
301,4,6.087273704628324,6.151084028367045,0,0.2568652928026167,1.5577989364316174,0.014051306055938413,862.3869991119884,8.623869991119884,0.0,112.54011378848453,24.082542480828824,33868.89592204074,127765.22568844607,6532.885630049756,25527.981808897453,19659.009090470925,3.0338551591855567,3.0338551591855576,105.97709947678419,49810.24752980379,3128.119086530682,13154.712267551593,1,0.0003509381353427434,0.00038697355890945093,4,1
302,4,6.0547077748420035,6.072116258160854,0,0.2602058216320378,1.5640237625338935,0.010111542700067434,708.7997413326402,7.087997413326402,0.0,110.39660170673076,24.096718475655475,33861.484134122016,127762.6991741848,6563.562960267818,25409.112468863368,19488.32204860041,3.0550340974329893,3.0550340974329906,105.97709947678419,49810.24752980379,3131.6630852373455,13201.743653482235,1,0.0002909638868097601,0.00039017403837143214,4,1
303,4,6.09436067906716,6.050857428826275,0,0.261120017879265,1.5812163298610586,0.0007698290259864391,443.534909396278,4.43534909396278,0.0,108.18613876352497,24.105589173843402,33863.8543781215,127793.10413821324,6578.057786605912,25353.302999878102,19837.87831658438,2.1962501991704637,2.1962501991704633,105.97709947678419,49810.24752980379,3133.880759784327,13202.40895584633,1,0.00017886384917503392,0.0002735886237758458,4,1
304,4,5.9027217360565905,5.9245620034872735,0,0.2666863810472389,1.5645017722461048,0.009809004907528677,568.9676822523675,5.6896768225236745,0.0,107.83927300048612,24.105589173843402,33810.4443518355,127601.51482170986,6648.67696283816,25084.848557391102,19944.485333165834,1.8959386447797013,1.8959386447797,105.97709947678419,49810.24752980379,3133.880759784327,13413.510144520116,1,0.00022822055229722147,0.00023268276276067182,4,1
305,4,6.376008066618968,6.3122802659211965,0,0.2503057426854318,1.6092890126132953,0.018537349755250124,777.8018089789445,7.778018089789445,0.0,108.81532626500349,24.21669506111805,34004.36622500978,128379.95434680744,6488.352323459536,25706.872059148824,19371.03093714692,1.977249934852797,1.9772499348527994,105.97709947678419,49810.24752980379,3161.6572316029888,13413.510144520116,1,0.000321222679991653,0.00024276902715463614,4,1
306,4,6.258593532021475,6.3088133297052424,0,0.25044329534375687,1.5847938259046481,0.003034067028258261,682.2530245437836,6.822530245437836,0.0,108.67096575864299,24.230340121608926,34008.0948190178,128415.29367162644,6498.9230074092175,25665.242275952754,19538.256231163286,2.219743209428227,2.2197432094282235,105.97709947678419,49810.24752980379,3165.0684967257075,13414.533524056931,1,0.0002793506304643905,0.00027626462091775495,4,1
307,4,6.2714192418180605,6.227874010792177,0,0.2536981315392773,1.5903677188792,0.006561847391898709,789.6530481759746,7.896530481759746,0.0,108.71943919748591,24.246133182572446,34013.058285552535,128455.11893270127,6503.694816489344,25646.519563279533,20043.383435020096,2.4263105979993798,2.4263105979993806,105.97709947678419,49810.24752980379,3169.016761966587,13415.718003629196,1,0.00031517754504313127,0.00030525028516639155,4,1
308,4,6.304893133014228,6.267600596296516,0,0.25209009025457235,1.6041015155830827,0.015254123786761139,625.5968236742796,6.255968236742795,0.0,107.89536980442094,24.258645119045934,34016.77953636672,128490.05823835054,6514.375858451159,25604.641113310558,19821.884840520666,2.2597494720541356,2.259749472054133,105.97709947678419,49810.24752980379,3172.1447460849586,13416.656398864707,1,0.0002524873204370193,0.00028233849864818034,4,1
309,4,6.239984766980816,6.280171362808089,0,0.25158549165663624,1.57318772098028,0.004311568999822807,520.2464404978864,5.202464404978864,0.0,106.72420568392805,24.26905004785589,34061.552311149615,128688.40636544235,6484.857854758811,25721.923512418587,19369.655131855397,2.1052800087023904,2.1052800087023886,105.97709947678419,49810.24752980379,3174.745978287448,13417.436768525453,1,0.00021487070862393927,0.00026084519136802993,4,1
310,4,5.304522136426244,5.294754252633036,0,0.29840856149542344,1.3639067809544396,0.136767860155418,708.2464028891076,7.082464028891076,0.0,107.25340568932327,24.26905004785589,34018.75122461087,128503.51430485978,6549.044364078392,25470.619610367507,18937.052415627604,2.072016185842855,2.072016185842855,105.97709947678419,49810.24752980379,3174.745978287448,13623.18454950492,1,0.0002992002714444133,0.0002555194335017906,4,1
311,4,5.321180776973279,5.263223752578511,0,0.30019624364743014,1.4021481773754458,0.11256444469908496,765.0092027538371,7.6500920275383715,0.0,107.83043520123346,24.26905004785589,33976.5659926921,128329.07429892647,6629.940975329744,25160.760495675913,18777.53153027837,2.253593225872212,2.253593225872214,105.97709947678419,49810.24752980379,3174.745978287448,13819.573183463057,1,0.00032592535457401356,0.00027999877821412205,4,1
312,4,5.132604481728168,5.220781708154002,0,0.30263667173295145,1.3717779844436608,0.13178608579515141,673.124062504765,6.73124062504765,0.0,107.36362432574158,24.26905004785589,33943.5614271679,128193.56851286834,6677.204839877699,24983.2348056471,18488.441811983943,2.4418360842692723,2.4418360842692732,105.97709947678419,49810.24752980379,3174.745978287448,13978.185128897714,1,0.0002912626469445167,0.0003054627576543145,4,1
313,4,3.8768705011794746,3.893925095991923,0,0.4057602447531203,1.0629691168602926,0.3272347361643718,710.4923983811836,7.104923983811837,0.0,107.15772497261024,24.26905004785589,33897.96773025897,127976.4010331213,6763.160345359001,24666.659098351978,18528.441811983943,2.4593885037477,2.4593885037476975,105.97709947678419,49810.24752980379,3174.745978287448,14218.082394982703,1,0.0003067683318827801,0.00030798544446710346,4,1
314,4,4.034176463446282,4.060033075960991,0,0.38915939117713255,1.1291053708123464,0.28537634758712255,591.9148763352199,5.919148763352199,0.0,106.50576700020703,24.26905004785589,33848.70756088342,127759.3803802692,6833.257020051407,24414.51909766173,17896.362221738756,2.3162814793894175,2.3162814793894175,105.97709947678419,49810.24752980379,3174.745978287448,14455.364590126652,1,0.0002645967349124033,0.0002875425712465667,4,1
315,4,3.987357731302998,4.027066066381787,0,0.3923451897623295,1.1346417353636207,0.28187231939011353,395.00568369174687,3.9500568369174687,0.0,104.94510629161555,24.26905004785589,33812.67619128405,127610.26123594961,6890.179932407623,24213.468769284947,17491.500834669947,2.04892382963294,2.0489238296329386,105.97709947678419,49810.24752980379,3174.745978287448,14621.727761554312,1,0.0001806617682154776,0.00025067561167022034,4,1
316,4,3.9777332013928755,3.9467897249040105,0,0.4003253555745048,1.160649209459248,0.2654118927473114,613.9829426516496,6.1398294265164965,0.0,105.37799731155363,24.26905004785589,33758.181934076245,127379.59574446348,6977.255462774575,23912.18680259887,17103.430522771552,2.0071658312772525,2.007165831277254,105.97709947678419,49810.24752980379,3174.745978287448,14868.470366861071,1,0.00028718586804404704,0.00024414812372397596,4,1
317,4,3.8534964289298643,3.8259329758837053,0,0.41297116545410867,1.1403917118978866,0.27823309373551486,478.12028731833664,4.781202873183367,0.0,104.96544255114851,24.26905004785589,33732.90202861224,127262.46555511604,7026.784426410134,23744.19983197496,17143.430522771552,1.904824684399428,1.9048246843994265,105.97709947678419,49810.24752980379,3174.745978287448,15000.691587206695,1,0.0002231153381737693,0.00023032099147776467,4,1
318,4,3.9255543042165733,3.906734598298148,0,0.40442982758242135,1.1825107245495128,0.25157549079144764,397.32110071828026,3.973211007182803,0.0,103.83442001558748,24.26905004785589,33684.57372009851,127080.3448647358,7089.499393976217,23534.8519746967,17183.430522771552,1.9124065670693782,1.9124065670693766,105.97709947678419,49810.24752980379,3174.745978287448,15197.742816763463,1,0.00018497870966650054,0.00023175997196143896,4,1
319,4,4.136681985001098,4.1474903042110975,0,0.38095327152320735,1.2772903199485877,0.19158840509583064,535.2018855074676,5.352018855074676,0.0,104.135553320843,24.26905004785589,33621.61900274213,126850.26732561564,7177.792699872284,23246.277913410642,16746.233073975793,1.8421478329775978,1.8421478329775958,105.97709947678419,49810.24752980379,3174.745978287448,15441.472942690798,1,0.0002556763103168267,0.00022125678605236553,4,1
320,4,4.2906620075000355,4.1474903042110975,1,0.38095327152320735,1.3513055401573757,0.14474332901431922,331.13088962269615,3.3113088962269615,0.0,103.07625749382292,24.26905004785589,33561.8969417143,126653.10686043666,7249.258949646124,23017.829079686737,16811.702878712003,1.6794743522183968,1.6794743522183975,105.97709947678419,49810.24752980379,3174.745978287448,15650.903487896509,1,0.00015757161163822096,0.00019940887720718275,4,1
321,4,4.497573743944708,4.502354708133749,0,0.3509274818231544,1.4247293955555647,0.09827253445850342,495.69184215907666,4.956918421590767,0.0,103.21609795799806,24.26905004785589,33549.439756335894,126607.96000185651,7270.398395359512,22951.132357478902,16225.66971979668,1.8324606461105628,1.832460646110565,105.97709947678419,49810.24752980379,3174.745978287448,15708.878273239838,1,0.0002443988325754177,0.00021921558484348845,4,1
322,4,4.759633436318746,4.732451590380604,0,0.3338650105183495,1.5327631163302873,0.029896761816273917,538.1976881005696,5.381976881005697,0.0,103.63542097365921,24.26905004785589,33493.24333062609,126434.5385773571,7330.572706263519,22763.3602272688,15692.109433228996,1.886840062647906,1.8868400626479067,105.97709947678419,49810.24752980379,3174.745978287448,15894.86135850642,1,0.00027437875851714534,0.00022544973424359468,4,1
323,4,4.713261910236905,4.750501758956518,0,0.3325964456325259,1.5386766232846287,0.026154035895804645,446.66049502410965,4.466604950241097,0.0,103.01391839246743,24.26905004785589,33448.41876936269,126302.47347913093,7380.821985652886,22608.874798497363,15658.319244422131,2.0577825536528276,2.0577825536528267,105.97709947678419,49810.24752980379,3174.745978287448,16040.427477710813,1,0.00022820354499195481,0.0002489937120281726,4,1
324,4,4.962442234553919,5.020730638418438,0,0.31469523338095473,1.570646357119623,0.005920027139479177,636.0641102853671,6.360641102853671,0.0,103.43697590832807,24.307280568696342,33593.58291827144,126766.88895001575,7267.710630523348,22962.26264935,16120.581937909821,2.225240244804976,2.225240244804975,105.97709947678419,49810.24752980379,3184.303608497561,16040.427477710813,1,0.0003156531756658599,0.0002727451597249867,4,1
325,4,4.907358418881697,4.851620464096179,0,0.3256643860938002,1.5614915395130913,0.01171421549804354,451.85657381753373,4.5185657381753375,0.0,102.54511101377693,24.316317700172693,33580.983185139856,126740.86921277399,7287.09960158642,22901.44305887529,16600.219910148047,2.0787384065546495,2.078738406554651,105.97709947678419,49810.24752980379,3186.5628913666487,16087.876280765457,1,0.00021775931946121016,0.0002538720133730083,4,1
326,4,5.05823743361329,5.0214757946310025,0,0.3146485345382621,1.5945544757536414,0.009211693514962866,1184.8553487178735,11.848553487178735,0.0,104.81565593032708,24.37125184130665,33642.37886337462,126965.70259146989,7253.327880658491,23008.96906446374,16910.058108142108,2.888204772496977,2.888204772496978,105.97709947678419,49810.24752980379,3200.2964266501376,16087.876280765457,1,0.0005605446610014293,0.0003646523853761665,4,1
327,4,5.389101064128326,5.4255168521463615,0,0.29121649477043726,1.5996152669835928,0.012414725938982739,1450.001923150041,14.50001923150041,0.0,107.23877680626238,24.59793723765901,33888.52326759323,127871.8547446694,7038.670414559706,23713.268436529208,16865.28872358864,3.799616821333075,3.799616821333075,105.97709947678419,49810.24752980379,3256.967775738228,16087.876280765457,1,0.0006878041387442104,0.0004887027064022833,4,1
328,4,5.091847684262922,5.1316986065924235,0,0.3078902564484705,1.5305151633663192,0.03131951685676004,1008.7540061123989,10.087540061123988,0.0,105.60837611971634,24.59793723765901,33863.81155522346,127804.72549517824,7083.1648319917695,23564.8736518905,16764.745449132184,4.438909730612236,4.438909730612233,105.97709947678419,49810.24752980379,3256.967775738228,16188.902742487226,1,0.0004813691966505183,0.000576572665465386,4,1
329,4,5.192658028117893,5.146235249158379,0,0.3070205545419625,1.584957381480652,0.0031375832156024267,848.4232760210688,8.484232760210688,0.0,103.34224436289969,24.61490570317943,33832.9627138763,127727.92282722844,7137.81313439854,23384.996409755116,17153.41359344444,4.027724755284956,4.027724755284953,105.97709947678419,49810.24752980379,3261.2098921183333,16309.830671063732,1,0.00039568720075416956,0.0005216201787162994,4,1
330,4,4.162181985893226,4.147415711455256,0,0.3809601231041307,1.299733801654192,0.17738366983911905,790.9505099823702,7.909505099823702,0.0,102.56204018244739,24.61490570317943,33770.28568212718,127495.9714418916,7219.824963258129,23120.292297645723,16676.44260398822,3.2819384002931735,3.2819384002931753,105.97709947678419,49810.24752980379,3261.2098921183333,16565.762916021322,1,0.00037943368559585346,0.00041883002766684714,4,1
331,4,4.142974285236593,4.246972885721518,0,0.372029688560532,1.3215341607749942,0.1635859741930417,725.8683038833711,7.258683038833712,0.0,101.95890798862293,24.61490570317943,33734.69802164964,127360.97732411443,7297.101931877041,22876.21959222599,16730.573917937807,2.9531402862569105,2.95314028625691,105.97709947678419,49810.24752980379,3261.2098921183333,16721.94621559198,1,0.0003470859074858759,0.00037406893127863296,4,1
332,4,3.9774909886148864,3.93463939896416,0,0.40156157649820556,1.2966741775150483,0.1793201408132606,291.54735312096045,2.9154735312096047,0.0,99.19518828837346,24.61490570317943,33672.16749910386,127164.30732536178,7377.09585250171,22628.916950984225,16326.700158316411,2.3372433005260813,2.3372433005260795,105.97709947678419,49810.24752980379,3261.2098921183333,16934.658588130886,1,0.00014285671950554126,0.0002897921041957569,4,1
333,4,4.221339626453837,4.17432593490354,0,0.37850422430813624,1.40364083636866,0.11161972381730377,512.0185615579113,5.120185615579113,0.0,99.05634379633625,24.61490570317943,33614.9530918456,126981.5253272443,7450.478828299199,22406.730196964927,16093.905501257661,2.03616855904065,2.0361685590406533,105.97709947678419,49810.24752980379,3261.2098921183333,17130.914525823322,1,0.0002545155053969465,0.0002481527107961212,4,1
334,4,4.107391778203453,4.089277936000412,0,0.38637628078304354,1.389789359568246,0.12038648128592029,662.1698322712974,6.621698322712974,0.0,99.91763684332864,24.61490570317943,33574.060379283066,126842.22264781831,7515.86929794915,22212.445035583238,16238.843147513588,1.985314157940251,1.9853141579402493,105.97709947678419,49810.24752980379,3261.2098921183333,17283.229925943757,1,0.00032621527346801704,0.00024119583279016824,4,1
335,4,4.3090874327260575,4.334912035041555,0,0.36448259785388104,1.4828462717932276,0.061489701396691444,621.5680831508248,6.215680831508248,0.0,100.07424736191945,24.61490570317943,33531.749447791786,126716.24488986687,7579.648567486104,22026.13245076077,15332.721994685131,2.4404939614230132,2.4404939614230114,105.97709947678419,49810.24752980379,3261.2098921183333,17424.071065474815,1,0.00032430932139317857,0.0003016800334193807,4,1
336,4,4.433987865050859,4.481943038502864,0,0.3525256761245629,1.5490483634317715,0.019589643397612988,509.05747015849425,5.090574701584942,0.0,99.13951509152622,24.61490570317943,33481.91159755261,126580.19126708429,7637.209842213602,21860.709169984297,15691.598716073753,2.4450761369014473,2.4450761369014486,105.97709947678419,49810.24752980379,3261.2098921183333,17575.150979153022,1,0.00025953122017429066,0.0003033519383451621,4,1
337,4,4.1894632262248654,4.134398120732508,0,0.3821596164328909,1.4842800196767194,0.06058226602739282,566.8667632441693,5.668667632441693,0.0,98.9866142190526,24.61490570317943,33440.410518056706,126461.06105663454,7691.01147627788,21708.309298239743,15222.524155715138,2.3829381025790575,2.382938102579055,105.97709947678419,49810.24752980379,3261.2098921183333,17708.27982541009,1,0.00029790947017487636,0.00029391667058078184,4,1
338,4,3.9210968309471257,3.8906885287178463,0,0.40609778663538504,1.4097709101778861,0.10773993026716071,599.8247764070645,5.998247764070645,0.0,99.24561501843067,24.61490570317943,33401.966187371305,126341.89409129071,7747.835120445148,21549.60888903924,14765.038563519873,2.3926065696088976,2.392606569608896,105.97709947678419,49810.24752980379,3261.2098921183333,17840.875272443016,1,0.0003249973368246027,0.0002941460090579232,4,1
339,4,4.020116781940657,4.067317546501811,0,0.38846241581479546,1.4620512103501397,0.07465113268978502,650.4457332218019,6.504457332218019,0.0,99.49752694875123,24.61490570317943,33374.12690422981,126259.6584504622,7792.484968970103,21426.540585589166,14662.710167095447,2.626971710341618,2.6269717103416146,105.97709947678419,49810.24752980379,3261.2098921183333,17937.586707161397,1,0.00035488431582394124,0.00032593037427447344,4,1
340,4,3.7694385134209765,3.7826759184788403,0,0.41769372635956054,1.3997412109149208,0.11408784119308817,502.6399844012162,5.026399844012162,0.0,98.5783046422984,24.61490570317943,33319.75419166036,126103.73462277636,7874.203883021278,21204.867833953842,14793.212764434762,2.559039045684045,2.5590390456840435,105.97709947678419,49810.24752980379,3261.2098921183333,18107.4586952547,1,0.0002718219455936673,0.00031723453274740376,4,1
341,4,3.653488187600464,3.6230094581251913,0,0.4361015388620065,1.3731953251347395,0.13088903472484845,420.4730323691191,4.204730323691191,0.0,97.57394119884378,24.61490570317943,33287.50661036057,126009.41607367307,7922.050740955835,21077.204585453794,14184.54039271617,2.3531162077225614,2.3531162077225605,105.97709947678419,49810.24752980379,3261.2098921183333,18213.928855110596,1,0.00023714439564642307,0.0002879502190213439,4,1
342,4,3.581608802963538,3.594119335213514,0,0.43960699482621324,1.368442758768883,0.13389698812096018,428.3968838114712,4.283968838114712,0.0,97.22080878294096,24.61490570317943,33233.574831126396,125856.14057293531,7987.395155493474,20905.313443582127,13929.252379488275,2.0919418290669856,2.0919418290669864,105.97709947678419,49810.24752980379,3261.2098921183333,18377.63297930626,1,0.0002460415661316114,0.0002516693024572339,4,1
343,4,3.4255615524228014,3.448124890732519,0,0.45822006164757717,1.338704445113978,0.1527187056240646,572.6632019702272,5.726632019702272,0.0,97.73481543954458,24.61490570317943,33172.60562983914,125676.94326676901,8078.202785450728,20671.01590310978,13579.924432255073,2.2593494372980976,2.259349437298095,105.97709947678419,49810.24752980379,3261.2098921183333,18567.555560511933,1,0.00033735869728997083,0.00027351488635600176,4,1
344,4,3.381574518251369,3.3683352524381767,0,0.4690744482326436,1.3418191401554196,0.15074737964846865,210.95290176723168,2.1095290176723167,0.0,95.8957344151213,24.61490570317943,33119.95167936288,125541.02469661547,8140.124222197531,20514.26740119059,13269.302331880934,1.992866092255922,1.99286609225592,105.97709947678419,49810.24752980379,3261.2098921183333,18712.604354225703,1,0.00012718251283514402,0.00023686092541890877,4,1
345,4,3.2760970724063623,3.2671781003902027,0,0.4835977566730442,1.3234406232841682,0.1623793523517923,351.5570006072218,3.515570006072218,0.0,95.45981020255282,24.61490570317943,33061.76051221637,125383.61923946298,8213.408603626072,20331.79532757848,12956.756738501941,1.9274909604651314,1.9274909604651291,105.97709947678419,49810.24752980379,3261.2098921183333,18878.46420453826,1,0.00021706481503201784,0.0002272020083857109,4,1
346,4,3.4640615225029316,3.4664644090396792,0,0.4557958235139389,1.424752036122306,0.09825820498588228,589.0066705084516,5.890066705084516,0.0,96.4704466422703,24.61490570317943,33010.349946620976,125243.52187711457,8287.674022741083,20150.181902080807,12802.209766033116,2.0083388817181986,2.0083388817181973,105.97709947678419,49810.24752980379,3261.2098921183333,19027.094202857206,1,0.00036806562696462415,0.00023743765161059533,4,1
347,4,3.518275273770928,3.4760800958267093,0,0.45453498091051087,1.4699434030828358,0.06965607399820525,383.63726146692085,3.8363726146692088,0.0,95.76776837486597,24.61490570317943,32963.706199744374,125129.60813054723,8353.0788345925,19992.899496654936,12598.477825960306,2.294054463447768,2.2940544634477713,105.97709947678419,49810.24752980379,3261.2098921183333,19150.470751499004,1,0.00024360864337207564,0.00027624636178957254,4,1
348,4,3.4817890715746627,3.423375544770619,0,0.46153277060517967,1.4796453189969536,0.06351562088800408,554.4088086295847,5.544088086295846,0.0,95.9140747035485,24.61490570317943,32914.66780720572,125009.01936686305,8424.503362592699,19823.901961318374,12788.768389712457,2.6060564692947716,2.6060564692947734,105.97709947678419,49810.24752980379,3261.2098921183333,19281.77785163343,1,0.000346809820451866,0.00031949469692952193,4,1
349,4,3.4601575781472627,3.478939634962514,0,0.45416137265544265,1.4911193247472003,0.056253591932151736,755.9368656729465,7.559368656729466,0.0,96.91697806989383,24.61490570317943,32877.36547990744,124915.07406864889,8483.606744364562,19686.295844573644,12746.7804570915,2.8686575546746864,2.8686575546746877,105.97709947678419,49810.24752980379,3261.2098921183333,19387.3114659021,1,0.00047443312809385764,0.00035495053063926645,4,1
350,4,3.4894334377959604,3.507656561464945,0,0.450443186872356,1.5207277552812677,0.03751407893590657,403.6532385197698,4.036532385197698,0.0,95.29998157053427,24.61490570317943,32841.76917397278,124837.32538082974,8531.476677992749,19576.166667950474,12734.52529529401,2.888554539621546,2.8885545396215453,105.97709947678419,49810.24752980379,3261.2098921183333,19476.61540024193,1,0.000253580391359504,0.0003582744466350759,4,1
351,4,3.453094503920965,3.4687021022569096,0,0.4555017852273834,1.525749652126417,0.03433566321112846,264.0187596347456,2.640187596347456,0.0,93.21956897961302,24.61490570317943,32792.14662531524,124729.54466184895,8590.494770253339,19442.108497800782,12953.174563567469,2.4309579395073615,2.430957939507359,105.97709947678419,49810.24752980379,3261.2098921183333,19594.159093940012,1,0.00016306041941399204,0.0002970246462891179,4,1
352,4,3.418491850080925,3.403041714356278,0,0.46429051790182774,1.53172953177103,0.03055092925884182,400.2062207991671,4.0020622079916714,0.0,93.24432965157688,24.61490570317943,32746.120748255627,124627.33553418171,8650.856277522644,19306.856117567666,13268.099580741544,1.857511163996837,1.8575111639968396,105.97709947678419,49810.24752980379,3261.2098921183333,19703.885268269805,1,0.0002413043214599087,0.00021931504407780159,4,1
353,4,3.4605634430183594,3.467590689011124,0,0.45564778017401447,1.5690621990542644,0.006922658826415006,378.4472151443477,3.784472151443477,0.0,93.16635078713323,24.622474647482317,32699.73014188156,124531.29050989123,8702.348516231232,19193.011699489274,13490.937779787773,1.7820957232444536,1.7820957232444559,105.97709947678419,49810.24752980379,3263.1021281940552,19811.123073392453,1,0.000224415661132966,0.00020959346733562224,4,1
354,4,3.426893078507802,3.4831483368761598,0,0.4536126076723489,1.5565374997039816,0.014849683731657268,421.78740765604033,4.2178740765604035,0.0,93.00684368351016,24.63091039563544,32701.938859376063,124543.29775382864,8710.036482637155,19176.128902500706,13869.154253430414,1.9700401605437292,1.9700401605437277,105.97709947678419,49810.24752980379,3265.2110652323354,19811.755754503938,1,0.00024329524350150765,0.00023633840869812745,4,1
355,4,3.425022894467841,3.440050292324496,0,0.45929561074305375,1.5626577642826902,0.010976098555259406,245.0539539427625,2.450539539427625,0.0,91.80445906091263,24.635811474714295,32683.880839083184,124509.8296245563,8729.565529308771,19133.403666518367,13894.603348969451,1.7225857919507488,1.7225857919507486,105.97709947678419,49810.24752980379,3266.4363350020494,19854.940106928694,1,0.00014109302599757216,0.00020293464354401527,4,1
356,4,3.5785970462158767,3.550761289340693,0,0.44497499866947554,1.5954958229617857,0.009807482887206103,412.8602086819032,4.128602086819032,0.0,91.91716993629187,24.663069843220455,32792.90416486127,124758.29049004389,8629.63638347012,19355.7330751739,14326.029500049463,1.7305399103429837,1.7305399103429837,105.97709947678419,49810.24752980379,3273.2509271285894,19854.940106928694,1,0.00023055108670855536,0.00020497978540254505,4,1
357,4,2.001938299481961,2.011998636586318,0,0.7852888025216191,0.908059385592743,0.4252788698780108,237.4691527866554,2.374691527866554,0.0,91.06254370943195,24.663069843220455,32744.225774585906,124632.90801004977,8704.395517527473,19190.00346987506,14366.029500049463,1.4574802813191023,1.4574802813191015,105.97709947678419,49810.24752980379,3273.2509271285894,19986.63983353393,1,0.00013223926780093988,0.00016796112683568911,4,1
358,4,1.9920340524063491,1.9945469224766685,0,0.792159854548863,0.9256637199323632,0.4141368861187575,388.48554603596085,3.8848554603596086,0.0,91.1303026124304,24.663069843220455,32679.67752138348,124460.98302808533,8810.3510822111,18959.930038850427,14406.029500049463,1.638638285330866,1.638638285330865,105.97709947678419,49810.24752980379,3273.2509271285894,20165.50686331233,1,0.00021573497182391692,0.0001928417754444707,4,1
359,4,1.9789660269032618,1.9794211830978916,0,0.7982131410391508,0.9355044596228095,0.4079085698589814,250.55909562387959,2.505590956238796,0.0,90.4600040491425,24.663069843220455,32622.50773307263,124320.18156626805,8886.375709152167,18798.238158908443,14446.029500049463,1.4129372222546261,1.4129372222546255,105.97709947678419,49810.24752980379,3273.2509271285894,20312.215644116346,1,0.00013875596508951984,0.00016224340157145888,4,1
360,4,1.9975107133590662,2.0254622276832532,0,0.7800688546076824,0.9647294195100674,0.3894117598037548,210.17441364568325,2.1017441364568326,0.0,89.58582852880029,24.663069843220455,32550.650297432814,124154.92833555002,8982.269843128992,18598.147707617394,13941.407004696981,1.3906100416650564,1.3906100416650575,105.97709947678419,49810.24752980379,3273.2509271285894,20482.962973765487,1,0.0001206044202424468,0.00015836511905196118,4,1
361,4,2.025552843169581,2.052570804771253,0,0.7697663809342167,0.9939011739468633,0.37094862408426377,189.25427095069833,1.8925427095069833,0.0,89.03266846161756,24.663069843220455,32496.592923555105,124029.80672296681,9053.846750893234,18451.577992475457,13981.407004696981,1.1270433486940212,1.1270433486940201,105.97709947678419,49810.24752980379,3273.2509271285894,20612.47817150791,1,0.0001082891133272177,0.00012254983288639476,4,1
362,4,1.9755251124232522,1.9914972473119674,0,0.7933729268933775,0.9861733033354927,0.3758396814332325,303.9002417325001,3.039002417325001,0.0,89.24766362129564,24.663069843220455,32436.78417420666,123883.6837185142,9132.194111477642,18293.821925344077,14021.407004696981,1.2112213334364257,1.2112213334364246,105.97709947678419,49810.24752980379,3273.2509271285894,20763.248131375385,1,0.00017339215194634756,0.00013409522850533736,4,1
363,4,2.00357717542319,2.008059791773263,0,0.7868291604030101,1.01982822243889,0.3545390997222216,195.01543020368064,1.9501543020368064,0.0,88.61824946859859,24.663069843220455,32359.868362084308,123716.65551560286,9221.61873702583,18116.996975995055,14061.407004696981,1.1854360026051636,1.1854360026051636,105.97709947678419,49810.24752980379,3273.2509271285894,20934.757146037224,1,0.00011095073495193701,0.00013087733340850076,4,1
364,4,2.119392004118804,2.1048624586761875,0,0.750642871455701,1.1016360876574198,0.3027619698370761,260.5440688150056,2.605440688150056,0.0,88.3653848138073,24.663069843220455,32284.276512395936,123549.20751683068,9318.953375200506,17928.348110086412,14021.407004696981,1.2836576924671292,1.283657692467127,105.97709947678419,49810.24752980379,3273.2509271285894,21106.939257281578,1,0.000148655020842189,0.0001443326359134912,4,1
365,5,2.2237862504191224,2.1876665194887033,0,0.7222307357746985,1.3806156815828021,0.12619260659316325,281.2548851239029,2.812548851239029,0.0,53.98876107304253,25.95002433755462,30607.387157544654,123402.07661073336,11022.168339256077,17753.63464982677,14061.407004696981,1.1612194194874095,1.1612194194874097,70.3070350234849,49739.940494780305,3273.2509271285894,21257.662822317754,1,0.0001600152161330395,0.00013987365730905516,7,1
366,5,2.1268006042149277,2.1156406213539114,0,0.7468187101592301,1.3427611695783468,0.15015115849471725,254.19003226777915,2.5419003226777916,0.0,53.79743288207936,25.95002433755462,30527.366855721637,123264.57975153036,11115.239318153346,17605.437387845708,13641.00516298207,1.2577932963289742,1.2577932963289744,70.3070350234849,49739.940494780305,3273.2509271285894,21398.874537169453,1,0.00014907407730191667,0.00015258143809238173,7,1
367,5,2.3022982552270164,2.3183745192206087,0,0.6815119761285009,1.4728758007857894,0.06780012608494347,439.4794072555557,4.394794072555557,0.0,54.44641374424166,25.95002433755462,30461.571880752286,123153.52812562964,11188.959893751735,17489.813348448235,13184.562588183815,1.5517261534973568,1.551726153497359,70.3070350234849,49739.940494780305,3273.2509271285894,21514.29156830071,1,0.0002666630185513614,0.0001919174373287725,7,1
368,5,2.288650144337303,2.2715558001290126,0,0.6955585242107036,1.4853456217207077,0.059907834353982496,369.88456415188404,3.69884564151884,0.0,54.48346896860475,25.95002433755462,30393.70525631963,123043.98836932711,11269.799461629053,17364.731674120507,13331.367141531062,1.7009085376942903,1.7009085376942925,70.3070350234849,49739.940494780305,3273.2509271285894,21628.605550399658,1,0.00022196347019779342,0.00021256685535035716,7,1
369,5,2.320495106562175,2.344888640384783,0,0.6738059849787711,1.5301911110357556,0.03152461326850919,254.76645887711612,2.5476645887711613,0.0,53.482998586602704,25.95002433755462,30307.786265482824,122913.4378126747,11360.044267516101,17227.21230242778,13590.465409242468,1.6975523067394545,1.6975523067394565,70.3070350234849,49739.940494780305,3273.2509271285894,21763.944172570948,1,0.00014996776119461345,0.0002128647499812561,7,1
370,5,2.3701456617973684,2.39128319282105,0,0.6607331179942929,1.563495898351812,0.01044563395454947,242.34765845425446,2.4234765845425446,0.0,52.89363641468029,25.954871290723705,30309.320609316484,122918.82158164894,11362.106600714638,17224.124282610297,13994.812785666774,1.3800885938152205,1.3800885938152214,70.3070350234849,49739.940494780305,3274.4626654208605,21764.30769405863,1,0.00013853570585950956,0.0001701556457506388,7,1
371,5,2.26931771897757,2.2768844510829167,0,0.6939306907948407,1.5201457888417809,0.03788241212545519,383.46427166807143,3.8346427166807144,0.0,53.33239984874198,25.954871290723705,30234.122620468377,122802.93803884008,11449.809695227916,17092.607966304906,14225.102281087164,1.3636304514886333,1.3636304514886348,70.3070350234849,49739.940494780305,3274.4626654208605,21884.145206097128,1,0.00021565498178689505,0.00016805281628033935,7,1
372,5,2.4248398026895304,2.42486853793919,0,0.6515817147525804,1.5809876047280278,0.0006250662835618509,507.15382881249786,5.071538288124978,0.0,54.01131277392922,25.983630778806003,30396.831809561998,123056.37184127136,11296.288095887317,17325.68232390892,14636.159945636462,1.6710931687948014,1.6710931687948036,70.3070350234849,49739.940494780305,3281.652537441435,21884.145206097128,1,0.00027720595057514257,0.00021046554607384907,7,1
373,5,2.3994783732701084,2.39208208187015,0,0.6605124514643506,1.5730692273853848,0.004386564945959036,275.40237505240964,2.7540237505240963,0.0,52.93448934375127,25.98913882630705,30369.19928140093,123019.11595908602,11327.415294234384,17278.252953139545,14685.231003890136,1.6959350695373805,1.6959350695373774,70.3070350234849,49739.940494780305,3283.0295493166973,21928.58079123695,1,0.00015002957732402315,0.00021429683656202025,7,1
374,5,2.50353268849756,2.513151668301133,0,0.628692657084268,1.57405231733021,0.0037643561201203654,312.58004817954986,3.1258004817954985,0.0,52.3579200042204,26.0135112144458,30612.3449891511,123404.56521413778,11093.347316886095,17643.986370025348,14988.213182327923,1.5730893679270572,1.5730893679270583,70.3070350234849,49739.940494780305,3289.122646351384,21928.58079123695,1,0.00016684046023476745,0.00019802532937797772,7,1
375,5,2.4363185337970785,2.4226246329324908,0,0.6521852285830484,1.5541109360741892,0.016385483497348682,325.8845818393314,3.2588458183933144,0.0,52.38527572440786,26.0135112144458,30538.074126866857,123288.04731308886,11173.998044089944,17517.03684693012,15252.62572767576,1.3123309385091966,1.3123309385091981,70.3070350234849,49739.940494780305,3289.122646351384,22049.386411181156,1,0.0001709264162946143,0.00016259881795113498,7,1
376,5,2.4609345619390144,2.440584996948124,0,0.6473857710244639,1.5788655900778472,0.0007179809633878841,323.8042475403299,3.2380424754032995,0.0,52.293885578999685,26.019987299396607,30508.93147848178,123245.7089398104,11206.223666129139,17466.833973775047,15254.71400097282,1.3602324142038218,1.3602324142038227,70.3070350234849,49739.940494780305,3290.741667589086,22098.520864166898,1,0.00016981203188453376,0.00016919296947130516,7,1
377,5,2.4762909633594896,2.4363025240133753,0,0.6485237298844279,1.590952735809176,0.006932111271630306,356.2730124198271,3.5627301241982714,0.0,52.38440500738128,26.027112759645004,30511.05065097136,123252.34410485598,11214.122372655393,17454.591370553942,15190.945220841697,1.4115481465040647,1.4115481465040658,70.3070350234849,49739.940494780305,3292.523032651185,22099.055273685528,1,0.00018762388106358368,0.0001761207764142439,7,1
378,5,2.3877474163665617,2.3909808959195624,0,0.6608166559157462,1.5554361429832044,0.015546744947339014,367.5013193997369,3.6750131939973687,0.0,52.40399225405782,26.027112759645004,30440.16401558843,123143.66205076019,11292.085913995512,17334.46216237446,15622.35022329744,1.4501325139706025,1.4501325139706045,70.3070350234849,49739.940494780305,3292.523032651185,22212.489550778446,1,0.00018819259030651415,0.00018187616775154386,7,1
379,5,2.4312390994166124,2.433412889631107,0,0.6492938402407822,1.5817311524731648,0.0010956661222561313,401.54379432593095,4.015437943259309,0.0,52.46950151694685,26.035143635531522,30442.256098445774,123151.12890217677,11284.845563047378,17345.65176949332,16075.44535699421,1.5198731475301095,1.5198731475301106,70.3070350234849,49739.940494780305,3294.530751622815,22213.091866469935,1,0.00019982963353545893,0.00019188203496851893,7,1
380,5,2.3583537160374157,2.2980177204034073,0,0.6875490932779394,1.551960700653411,0.017746391991512022,157.21876187125991,1.5721876187125992,0.0,50.997000045285674,26.035143635531522,30380.409961898153,123059.32091411034,11349.660108638147,17246.901343377493,16443.932053904533,1.2435024241214359,1.2435024241214367,70.3070350234849,49739.940494780305,3294.530751622815,22309.156437631766,1,7.648718632788517e-05,0.0001548364700566194,7,1
381,5,2.4237620561074054,2.4364315445969456,0,0.6484893874830276,1.5818840528161824,0.0011924384912546286,261.43571894111403,2.6143571894111406,0.0,50.716234117742566,26.040372349910346,30427.844298591383,123134.90257216783,11302.962988224175,17318.39496306469,16830.34387058821,1.0847466108544053,1.0847466108544053,70.3070350234849,49739.940494780305,3295.8379302175204,22309.548591210176,1,0.000124268747424934,0.00013352852242942603,7,1
382,5,2.413007977820829,2.4439654332229956,0,0.6464903220486079,1.555904959989479,0.015250025323114617,368.422640354371,3.6842264035437102,0.0,51.25669121943687,26.04774080271743,30503.49714585387,123254.9014248595,11234.837631660517,17423.78457030037,16687.061716642802,1.030412770358892,1.030412770358891,70.3070350234849,49739.940494780305,3297.6800434192924,22310.101225170707,1,0.0001766267287125453,0.00012579422082178816,7,1
383,5,2.2811934758590238,2.3053517851322085,0,0.6853617787054522,1.4915530159568282,0.05597910382479231,279.0423581728262,2.790423581728262,0.0,50.96814884936714,26.04774080271743,30426.518022735112,123133.90862855774,11313.529189253575,17303.004787201535,16543.702338620013,1.1729728273270768,1.1729728273270772,70.3070350234849,49739.940494780305,3297.6800434192924,22435.151610479337,1,0.0001349358698367889,0.00014527711532475606,7,1
384,5,2.32561352813456,2.33441178341539,0,0.6768300311131746,1.541344199938682,0.024465696241340484,213.17461038205101,2.13174610382051,0.0,50.3207137584628,26.04774080271743,30360.23671893744,123034.33403351887,11390.565250186217,17186.33167074967,15748.809179685826,1.1382599608529917,1.1382599608529917,70.3070350234849,49739.940494780305,3297.6800434192924,22538.42669714415,1,0.00010828735452939364,0.00013994998435957594,7,1
385,5,2.44249888643234,2.452667564826344,0,0.6441965567037083,1.5868840534631323,0.004356995862741934,345.57181880848833,3.4557181880848833,0.0,50.66648877746534,26.0648632598686,30477.329812969132,123219.24036030352,11277.862351130272,17358.65085660014,16062.615188607559,1.125782276119992,1.125782276119992,70.3070350234849,49739.940494780305,3301.9606577070845,22538.42669714415,1,0.0001721123564255394,0.00013844519359724065,7,1
386,5,2.4467324085618376,2.4931534372059234,0,0.6337355641338729,1.560652525748329,0.012245236868146233,236.3564782844724,2.363564782844724,0.0,50.264987838450494,26.06959038943429,30585.126338301994,123390.2405564414,11174.749736019292,17519.3528896357,16330.156568919023,1.0764078083496729,1.0764078083496742,70.3070350234849,49739.940494780305,3303.142440098507,22538.781231861576,1,0.00011578895880732785,0.0001320628899207536,7,1
387,5,2.6054670280877548,2.5939371045369115,0,0.6091126871335892,1.5943361914737517,0.00907353890743775,251.97374266277583,2.5197374266277586,0.0,49.908584381799386,26.09525682018836,30817.7153983933,123767.92977161685,10945.582370794933,17887.290097807647,16404.531678103263,1.1106143763388114,1.1106143763388123,70.3070350234849,49739.940494780305,3309.5590477870255,22538.781231861576,1,0.00012288006636561772,0.00013692712719949498,7,1
388,5,2.0091564113097684,2.5939371045369115,1,0.6091126871335892,1.2312355144995777,0.22073701613950783,196.76404140490988,1.9676404140490988,0.0,49.53190119678303,26.09525682018836,30818.40983931742,123758.1535496253,10953.585700274654,17874.29511037335,16019.321237127328,0.9327271685616485,0.9327271685616496,70.3070350234849,49739.940494780305,3309.5590477870255,22551.89193766197,1,9.826336009736937e-05,0.00011231079509010499,7,1
389,5,2.180958986463642,2.165212019936937,0,0.7297206857580711,1.3582337135144,0.14035840916810127,339.78226694252993,3.3978226694252993,0.0,49.94969787442532,26.09525682018836,30747.285280393226,123629.78617679143,11042.346581721094,17731.04640933754,15607.344611028819,1.0787324327522958,1.0787324327522954,70.3070350234849,49739.940494780305,3309.5590477870255,22683.95032066229,1,0.0001741653178862599,0.000131769581449749,7,1
390,5,2.1010354520718435,2.1131038838287854,0,0.7477152505806571,1.3295858552730437,0.15848996501706097,269.32885206587787,2.6932885206587787,0.0,49.90998496419851,26.09525682018836,30677.825719755467,123508.01429026164,11131.271916910946,17589.83583597075,14980.538163356152,1.1344982775146457,1.1344982775146453,70.3070350234849,49739.940494780305,3309.5590477870255,22809.392274582133,1,0.00014382866576832725,0.00013875244791731884,7,1
391,5,1.99543360248568,2.0145796459539915,0,0.7842827178231522,1.2879658708951165,0.18483172728157188,193.27108174074468,1.9327108174074468,0.0,49.200978674671276,26.09525682018836,30578.36789843799,123343.76571491429,11241.999313975815,17417.125482244297,14966.20607966661,1.1451673535377564,1.145167353537755,70.3070350234849,49739.940494780305,3309.5590477870255,22977.27431734634,1,0.00010331066174657407,0.00014043488180038707,7,1
392,5,1.9490125564361593,1.9286699713998903,0,0.8192174002964259,1.274978049509583,0.1930518673989981,171.73047385512672,1.7173047385512672,0.0,48.74966184343682,26.09525682018836,30511.832884241507,123233.0679796609,11317.716395369245,17300.981278260235,14647.329358277988,0.9510868011827109,0.9510868011827098,70.3070350234849,49739.940494780305,3309.5590477870255,23090.885096228954,1,9.379483161990765e-05,0.000113644719711603,7,1
393,5,1.8455229014591161,1.8347934743978491,0,0.8611323410764428,1.2220426694426165,0.2265552725046731,297.31448970074234,2.9731448970074235,0.0,49.16705539343121,26.09525682018836,30461.307086503417,123136.41534333257,11386.819168267293,17196.31897910396,13596.148323399038,1.0373048081176177,1.0373048081176173,70.3070350234849,49739.940494780305,3309.5590477870255,23190.445094726758,1,0.00017494042143630496,0.00012401530493426222,7,1
394,5,1.8303932169978436,1.82376522534282,0,0.866339580360735,1.2278196995356698,0.2228989243445128,228.6232884184997,2.286232884184997,0.0,49.04218820637866,26.09525682018836,30405.755622375447,123038.98728842818,11460.888280182127,17085.51522405836,13531.118681166032,1.1151240218972225,1.1151240218972216,70.3070350234849,49739.940494780305,3309.5590477870255,23290.94760752533,1,0.0001351688910905618,0.00013463471471559146,7,1
395,5,1.9277807013901798,1.907210132918195,0,0.8284351958546197,1.3188512213275163,0.1652840371344834,365.10755989159753,3.6510755989159756,0.0,49.4058991847384,26.09525682018836,30319.087029384773,122893.69610961038,11574.405252551865,16918.447445102338,13535.755512138363,1.4129107511502643,1.4129107511502652,70.3070350234849,49739.940494780305,3309.5590477870255,23440.056289904896,1,0.00021578850744706946,0.0001752992733246454,7,1
396,5,1.9468329804307747,1.921930259770851,0,0.8220901835368268,1.3528497528943606,0.14376597918078446,190.9586566227376,1.909586566227376,0.0,48.68534652780427,26.09525682018836,30236.244202224836,122767.33453012629,11665.290630704443,16787.06188738085,13565.503402527836,1.2590195413180127,1.2590195413180147,70.3070350234849,49739.940494780305,3309.5590477870255,23569.781155391713,1,0.00011261426927195569,0.0001545238892698623,7,1
397,5,2.096584268624089,2.0826227734219493,0,0.7586587547988387,1.4705705673728093,0.06925913457417135,288.3827878269674,2.883827878269674,0.0,48.615536887141964,26.09525682018836,30186.579103919652,122692.22131010861,11719.946089075554,16709.061873430608,13774.806307449187,1.335478039628612,1.3354780396286121,70.3070350234849,49739.940494780305,3309.5590477870255,23648.478629576646,1,0.00016748419187339992,0.00016529565619747503,7,1
398,5,2.1395539109019563,2.126686121896695,0,0.7429399118807761,1.524708082185925,0.034994884692452634,357.6614293623678,3.576614293623678,0.0,49.05871721391542,26.09525682018836,30097.584250659653,122563.62825348182,11813.430321000344,16577.252616269605,13098.677087715861,1.3498174283871451,1.3498174283871456,70.3070350234849,49739.940494780305,3309.5590477870255,23780.459060834353,1,0.0002184412529401389,0.00016617990469516483,7,1
399,5,2.043683464200985,2.052068270114807,0,0.7699548903953394,1.4769784977920604,0.06520348241008841,245.58077976443926,2.455807797644393,0.0,48.525105470651816,26.09525682018836,30024.80379881835,122459.62893649058,11896.777255375895,16461.47658238765,13372.469555887863,1.42903256219671,1.42903256219671,70.3070350234849,49739.940494780305,3309.5590477870255,23888.075018355332,1,0.00014691723394131683,0.00017761422625161855,7,1
400,5,2.1715744547797424,2.195592854066878,0,0.7196234024324589,1.5689713152344404,0.006980180231366852,190.46442819671609,1.904644281967161,0.0,47.77348515871129,26.099066108752297,30025.964975880197,122463.87228705977,11895.140347459397,16463.77002800901,13298.400169829103,1.298970982145865,1.298970982145865,70.3070350234849,49739.940494780305,3310.511369928009,23888.360714997627,1,0.00011457885205099149,0.0001599791129774824,7,1
401,5,2.131516238380998,2.1350284738491947,0,0.7400369687582918,1.5649748407114066,0.009509594486451577,189.84286118039083,1.8984286118039082,0.0,47.46194353855587,26.099066108752297,29929.058298464355,122331.8333748318,11991.25049555905,16332.240292220571,13533.085280625015,1.0373959205093537,1.037395920509353,70.3070350234849,49739.940494780305,3310.511369928009,24023.014336268167,1,0.00011222443795706169,0.00012457350798312334,7,1
402,5,1.6038425668066392,1.5989298124487148,0,0.9881609484660716,1.1929070412819507,0.2449955434924363,120.53378935197078,1.2053378935197079,0.0,46.90130612520766,26.099066108752297,29866.684707541423,122239.84505995657,12069.291451384524,16226.950391812452,13573.085280625015,0.8508833106629531,0.8508833106629538,70.3070350234849,49739.940494780305,3310.511369928009,24117.12777597897,1,7.104282444848556e-05,9.928203815217958e-05,7,1
403,5,1.588880973664111,1.5804705963781682,0,0.999702242876744,1.1952804174930258,0.2434934066499837,115.56451040522109,1.1556451040522109,0.0,46.51830026660775,26.099066108752297,29810.408177023128,122157.16326520068,12138.14342410277,16135.18038103018,13461.270440793476,0.7392045138707535,0.7392045138707541,70.3070350234849,49739.940494780305,3310.511369928009,24201.61922243885,1,6.867970503289828e-05,8.398232247948184e-05,7,1
404,5,1.5759428425473903,1.6116742743845756,0,0.9803469752616915,1.2070322303504393,0.23605555041111442,255.10464409321602,2.5510464409321605,0.0,46.954654942499104,26.099066108752297,29723.918249141912,122024.91359023684,12247.800430526224,15991.14997934456,13154.462306544518,0.8477949866715324,0.8477949866715332,70.3070350234849,49739.940494780305,3310.511369928009,24335.855782752693,1,0.00015514409522693947,9.828887490277445e-05,7,1
405,5,1.551188016106654,1.5801084423668588,0,0.9999313703009546,1.2042142292502953,0.23783909541120554,188.56206983591844,1.8856206983591843,0.0,46.91166321589445,26.099066108752297,29658.70273484307,121927.50951634935,12330.84829732848,15883.771876000184,12166.165345776739,0.9870904463669754,0.9870904463669741,70.3070350234849,49739.940494780305,3310.511369928009,24435.373748541155,1,0.0001239911275092932,0.00011593830925637698,7,1
406,5,1.545195874398782,1.5512308683018554,0,1.0185460025880213,1.2151301798827705,0.23093026589698074,176.28968525894837,1.7628968525894837,0.0,46.61991431751913,26.099066108752297,29591.13317835519,121829.69664495738,12410.732755689356,15781.858906843314,11662.157983393532,1.119404815601044,1.1194048156010443,70.3070350234849,49739.940494780305,3310.511369928009,24535.456604039555,1,0.00012093109046197328,0.00013335543773273533,7,1
407,5,2.0074157358030416,2.0078834109691983,0,0.7868982787388734,1.5810007367296153,0.0006333776769716479,243.07924303822674,2.4307924303822674,0.0,46.787656443262286,26.103927693613063,29592.67848014383,121833.1639331065,12420.116275621218,15769.971684997045,12073.766042543217,1.129339732833294,1.1293397328332933,70.3070350234849,49739.940494780305,3311.7267661432,24535.821222904113,1,0.00016106274856193887,0.0001353283221777351,7,1
408,5,1.957743374802524,1.9397962195673073,0,0.8145185479083139,1.5634400095058778,0.010481006641849536,181.41516609939907,1.8141516609939907,0.0,46.437266659841725,26.103927693613063,29512.850935966206,121733.50428444828,12506.780956530658,15661.021471167754,12492.32716856539,1.1045625234890655,1.1045625234890661,70.3070350234849,49739.940494780305,3311.7267661432,24637.843811311854,1,0.00011617701883818508,0.00013272361928736573,7,1
409,5,1.969135675480886,2.0025531051687255,0,0.7889928091903844,1.5477818995191777,0.02039120283596355,304.8198366218146,3.048198366218146,0.0,46.75002723407955,26.110024090345497,29618.27776909267,121869.07376857457,12408.109305777087,15785.977796265923,12179.057100307658,1.3019397270754642,1.3019397270754656,70.3070350234849,49739.940494780305,3313.2508653263094,24638.301041066785,1,0.00020022557353088658,0.0001591551136436702,7,1
410,5,2.000700492110321,1.996414742590655,0,0.7914187199147343,1.5741173071520087,0.0037232233215135227,191.97982670589795,1.9197982670589795,0.0,46.3143782861595,26.113863686879615,29619.436839357397,121872.55835223188,12414.13269535601,15778.342109495115,12528.037536677753,1.2031557779382303,1.2031557779382307,70.3070350234849,49739.940494780305,3314.210764459839,24638.589010806845,1,0.0001225921146189721,0.0001463315689960146,7,1
411,5,2.1256155672292705,2.1229115085584653,0,0.744260885877847,1.5799555530986533,2.8130950219462515e-05,253.5147947420237,2.535147947420237,0.0,46.190726268610014,26.143608075897617,29970.752076426572,122340.6070742853,12066.691208672715,16234.093818525133,12734.271002748039,1.3054624638207977,1.3054624638207974,70.3070350234849,49739.940494780305,3321.64686171434,24638.589010806845,1,0.00015926458275456243,0.0001606940903014737,7,1
412,5,1.9849994737068166,2.002644877998273,0,0.7889566529535061,1.4994536876326912,0.05097867871348665,261.74339008715015,2.6174339008715015,0.0,46.2595074332664,26.143608075897617,29877.512384386388,122213.37514991923,12164.658699481692,16103.759199403336,13053.945133775056,1.2055212724803273,1.2055212724803288,70.3070350234849,49739.940494780305,3321.64686171434,24768.667072286873,1,0.00016040722549686822,0.0001474213076234676,7,1
413,5,1.9358806625442562,1.9279642105970332,0,0.8195172873622593,1.4822110475670371,0.06189174204617907,263.805177621511,2.6380517762151103,0.0,46.19141470488628,26.143608075897617,29810.429734143312,122121.88635498553,12247.113094613827,15995.663674732628,12903.851815238042,1.3065004621026175,1.306500462102616,70.3070350234849,49739.940494780305,3321.64686171434,24863.164988651755,1,0.00016355127532384457,0.0001610743611917584,7,1
414,5,1.8540728696498516,1.9013854410775128,0,0.8309730188659781,1.447109701718673,0.08410778372235896,319.869640841201,3.19869640841201,0.0,46.38549529518086,26.143608075897617,29698.28476406889,121969.49570071713,12365.512061004429,15843.000986315963,13124.876027139157,1.3917230995418874,1.3917230995418874,70.3070350234849,49739.940494780305,3321.64686171434,25018.75235806527,1,0.00019497000363571332,0.00017297616815214206,7,1
415,5,1.912546927550872,1.9013854410775128,1,0.8309730188659781,1.5155582271059374,0.0407859322114321,317.59319768457425,3.1759319768457424,0.0,46.39494852578252,26.143608075897617,29609.807037234612,121854.54232279344,12459.78377632722,15723.527313673523,13475.788391934533,1.4568497017766426,1.4568497017766417,70.3070350234849,49739.940494780305,3321.64686171434,25137.091019512896,1,0.00018854151665050406,0.00018235426520335398,7,1
416,5,1.994113414020041,2.0086219446829263,0,0.786608950570543,1.579636601854101,0.0002299988265183733,308.21287815464825,3.0821287815464826,0.0,46.21235041730854,26.14977233346071,29611.364301597878,121859.46907576178,12457.599182741571,15726.316804530792,13671.776703714842,1.4954373530555825,1.4954373530555831,70.3070350234849,49739.940494780305,3323.187926105113,25137.55333883013,1,0.00018034986078782392,0.00018795379369134708,7,1
417,5,2.0786843974921165,2.050500701646046,0,0.7705435061454258,1.6073530641874187,0.017312065941404223,433.60860388607784,4.3360860388607785,0.0,46.63973945146814,26.18773035348098,29781.55295085362,122081.39374534469,12308.399398750284,15917.646445162278,14064.781661027198,1.618817491550156,1.618817491550155,70.3070350234849,49739.940494780305,3332.6774311101804,25137.55333883013,1,0.0002466350999746184,0.00020517549247098214,7,1
418,5,2.0176814478309524,2.0338293093627278,0,0.7768596866642025,1.562081677273127,0.011340710586628546,227.82247885369523,2.2782247885369524,0.0,45.68230389040164,26.192286803058053,29782.846514366596,122086.1726371982,12315.901423593483,15907.981110871506,14421.80842102713,1.462130104272831,1.4621301042728319,70.3070350234849,49739.940494780305,3333.816543504449,25137.89507254841,1,0.00012637664969756662,0.00018445387015333633,7,1
419,5,2.0310940442075855,2.0028674890441005,0,0.7888689634450452,1.5886014048077244,0.005443927093496399,138.47724809916883,1.3847724809916884,0.0,44.41720338895513,26.195056348020035,29722.344831049857,122011.2922743591,12379.031010577353,15827.114392919626,14831.651317204476,1.1987231324949603,1.1987231324949583,70.3070350234849,49739.940494780305,3334.508929744945,25216.722893666898,1,7.469282826978947e-05,0.0001492348593139915,7,1
420,5,2.126399124227233,2.0899994436359424,0,0.7559810624883692,1.6152441254503271,0.022306408512865233,217.02912493598723,2.1702912493598725,0.0,44.49460382444032,26.217807297414677,29907.474032942355,122254.36818550843,12199.746637194232,16060.43950656158,14412.543564286523,0.8950882472659438,0.8950882472659429,70.3070350234849,49739.940494780305,3340.1966670936054,25216.722893666898,1,0.00012046679975283379,0.00010717875924006329,7,1
421,5,2.161986547261939,2.141170148396433,0,0.7379142667308785,1.599923322129083,0.012609697550052453,175.96897347397825,1.7596897347397826,0.0,44.344372134422684,26.231704504891763,30069.091543415972,122473.83719531789,12041.652121636587,16271.960995694551,14661.911944452868,0.8189157932625696,0.8189157932625704,70.3070350234849,49739.940494780305,3343.6709689628774,25216.722893666898,1,9.601420286284216e-05,9.705794362848846e-05,7,1
422,5,2.2308546294673883,2.2285805547610855,0,0.7089714556759128,1.586307281696823,0.0039919504410271004,276.7089802808705,2.7670898028087048,0.0,44.58912115217374,26.255945187010127,30303.650037618994,122804.16329908608,11804.1361041763,16600.385044376097,14911.84033734065,0.9971419194202884,0.9971419194202894,70.3070350234849,49739.940494780305,3349.731139492468,25216.722893666898,1,0.00014845061321530658,0.00012164387194366084,7,1
423,5,2.3713858878497582,2.3420431182572754,0,0.6746246419133757,1.6042727113416757,0.015362475532706097,431.4578667665944,4.314578667665944,0.0,45.305149449521586,26.31320487059494,30592.476899844933,123234.77279735701,11514.129928732573,17019.827757981297,15256.822462202927,1.253762033243839,1.253762033243838,70.3070350234849,49739.940494780305,3364.0460603886713,25216.722893666898,1,0.00022623734022492984,0.00015690071876769287,7,1
424,5,2.3805845591140224,2.3762864895930065,0,0.6649029933552377,1.5971964692239946,0.0108838412810092,261.2284839608043,2.612284839608043,0.0,44.66741657766673,26.31842944027416,30645.19586111164,123316.81972198762,11466.578660901356,17090.671455885804,15487.982936797905,1.3453419215195288,1.3453419215195281,70.3070350234849,49739.940494780305,3365.3522028084753,25217.11473639284,1,0.0001349322168170273,0.00016987339008575457,7,1
425,5,2.429191291066228,2.4678869007633475,0,0.6402238285357756,1.5700275235927437,0.006311693928643293,226.3076696271806,2.263076696271806,0.0,43.89520612382855,26.33245088603901,30860.13829908508,123648.26794269442,11254.643174837996,17413.504396287375,15519.876785051956,1.2659386210960593,1.2659386210960593,70.3070350234849,49739.940494780305,3368.8575642496885,25217.11473639284,1,0.00011665436408368907,0.00015927464037521539,7,1
426,5,2.388808005898402,2.420265608324046,0,0.6528209112941525,1.5475158377464102,0.020559596363031552,433.22165249202465,4.332216524920247,0.0,44.5660524459209,26.33245088603901,30860.87861036385,123649.6657484979,11267.735419148587,17393.33189429878,15893.898999198034,1.245143953412607,1.2451439534126059,70.3070350234849,49739.940494780305,3368.8575642496885,25219.886669658576,1,0.00021805682923435412,0.00015654780337835683,7,1
427,5,2.410457018897251,2.4018700975429352,0,0.6578207545929766,1.5714283048634812,0.005425123504125885,498.2093693744377,4.982093693744377,0.0,45.194586833308215,26.342415073426498,30836.84078990621,123617.44478118756,11303.419857174553,17338.626043544515,16139.209406117607,1.5176010808898195,1.5176010808898208,70.3070350234849,49739.940494780305,3371.3486110965605,25260.834910696893,1,0.0002469560221137426,0.00019388907181059527,7,1
428,5,2.5735598790792316,2.5553086067887154,0,0.6183206192012962,1.6017624262108394,0.013773687475214777,784.7568884346716,7.847568884346717,0.0,46.48294475838637,26.438019435727835,31101.09452657247,124054.14217776894,11044.850002723852,17745.816965316135,15897.212969613218,2.1992170526152495,2.1992170526152472,70.3070350234849,49739.940494780305,3395.249701671895,25260.834910696893,1,0.000394915455902716,0.00028664276908360424,7,1
429,5,2.4698789181724434,2.4801169911095235,0,0.6370667213134811,1.5510206910955675,0.018341334749640864,212.7536392327851,2.127536392327851,0.0,44.01440863579769,26.438019435727835,31055.978656124327,123986.61677984182,11094.352017633211,17666.886274599543,16249.29224601296,1.9156337528816894,1.9156337528816902,70.3070350234849,49739.940494780305,3395.249701671895,25335.153190335586,1,0.00010474481522602332,0.000248872097747494,7,1
430,5,2.424353429148108,2.402136133444635,0,0.6577479011292747,1.5407913258118646,0.024815616574769273,302.87312631831793,3.0287312631831793,0.0,42.849726435906554,26.438019435727835,30996.66995292529,123894.70036710889,11161.152788752062,17561.48193682197,16274.735259398749,1.6742158184521074,1.6742158184521059,70.3070350234849,49739.940494780305,3395.249701671895,25432.937200400498,1,0.00014888014901177926,0.00021618014004683953,7,1
431,5,2.384522250526484,2.409738541729558,0,0.6556727929769409,1.532337645123376,0.030166047390268468,247.12469325301782,2.4712469325301782,0.0,42.7460498425959,26.438019435727835,30940.112680875372,123806.14319949156,11223.167472895884,17464.7491338964,15736.276561402052,1.0220100074789809,1.0220100074789793,70.3070350234849,49739.940494780305,3395.249701671895,25524.914836219956,1,0.00012563312155261196,0.0001264193619301382,7,1
432,5,2.4068159845832655,2.4105525149901292,0,0.6554513914028833,1.5634031094758143,0.010504361091256824,240.06860591458792,2.400686059145879,0.0,42.457940222997564,26.438019435727835,30885.518141591703,123723.35817082212,11283.82773885282,17371.14171293974,16110.471421015076,1.0542559260394753,1.0542559260394762,70.3070350234849,49739.940494780305,3395.249701671895,25611.274806108664,1,0.00011921121344788649,0.00013124149467075923,7,1
433,5,2.3795335318450554,2.4144962005666772,0,0.654380818503329,1.5459517863721361,0.021549502296116404,212.53445285287378,2.125344528528738,0.0,42.13413410465167,26.438019435727835,30885.88298472255,123725.220814296,11284.82942162901,17369.64260245953,16550.549018066373,0.9386909019998625,0.9386909019998619,70.3070350234849,49739.940494780305,3395.249701671895,25612.681982183058,1,0.00010273227921122076,0.00011585887140390639,7,1
434,5,2.458184607788603,2.422318824332406,0,0.6522675645042101,1.598508022936467,0.011713938567384124,238.12673298143656,2.381267329814366,0.0,42.06323619065608,26.442781970387465,30887.068122954293,123729.81031415348,11289.99170488248,17361.741969878225,16878.6818762405,0.9056622477402299,0.9056622477402289,70.3070350234849,49739.940494780305,3396.440335336802,25613.03917228253,1,0.00011286508495270066,0.00011160285920393597,7,1
435,5,2.457924302704962,2.479057133651382,0,0.6373390828927091,1.5743180137000932,0.0035961938607005726,235.86297661809368,2.358629766180937,0.0,42.04178535131653,26.447499229919828,30974.148088372836,123868.13330942126,11204.97504958804,17493.91180556721,16508.722671324897,0.8956962731620943,0.8956962731620934,70.3070350234849,49739.940494780305,3397.6196502198927,25613.39296674746,1,0.00011429738390494857,0.00010996491602295666,7,1
436,5,2.569300639250723,2.5755891641687687,0,0.613451874227744,1.5918950592041896,0.007528518483664265,197.424092238388,1.97424092238388,0.0,41.74924195032428,26.463958790879026,31161.72321620523,124172.39596462208,11020.719319510472,17787.316462164523,16289.857980482946,0.8822330399709059,0.8822330399709057,70.3070350234849,49739.940494780305,3401.734540459692,25613.39296674746,1,9.695558670918993e-05,0.00010803935185561306,7,1
437,5,2.614355253729063,2.5898982923482476,0,0.6100625668073715,1.6023456176941717,0.014142796008969397,481.4068435999327,4.814068435999327,0.0,42.70242540421289,26.48715199840385,31223.31394212438,124276.38455073703,10961.24358387084,17884.14711186622,16616.3824649144,1.1718349749979198,1.1718349749979189,70.3070350234849,49739.940494780305,3407.5328423408982,25613.39296674746,1,0.00023177456085471138,0.00014767584382294996,7,1
438,6,2.705029359817699,2.722405909224781,0,0.5803690017885368,1.8007580525435274,0.139720286419954,312.0265797537511,3.120265797537511,0.0,56.26859058695923,27.087608973049925,29961.309751372923,124810.75615097134,12240.010044465525,18386.471457382235,16706.124969320703,1.2864334409866218,1.2864334409866212,83.53062484660353,49656.409869933705,3415.4490065655036,25613.39296674746,1,0.00014941900905291198,0.00015938305220560442,10,1
439,6,2.734423260141343,2.7619791772790503,0,0.5720535523937328,1.7301957620561512,0.0950606088962982,444.24078036785755,4.4424078036785755,0.0,56.4782450528878,27.22349344982246,30293.5034407139,125345.94918252865,11933.619986118454,18860.043922978293,16521.50007546255,1.5757774836061753,1.5757774836061778,83.53062484660353,49656.409869933705,3449.4201257586374,25613.39296674746,1,0.0002151091745126153,0.0001987675814734129,10,1
440,6,2.7560585158938675,2.7619791772790503,1,0.5720535523937328,1.6260251699597306,0.029129854404892717,338.6496207853933,3.3864962078539333,0.0,56.1384979235952,27.293901904847228,30720.4448611228,126056.40348416145,11523.922623315006,19532.665095999644,16722.702052959812,1.4037672747758012,1.4037672747758,83.53062484660353,49656.409869933705,3467.02223951483,25613.39296674746,1,0.0001620071300501127,0.00017551177120521335,10,1
441,6,2.8246010950311584,2.825991993244565,0,0.559095710029234,1.5937365657377376,0.008694028947935136,368.0414483865725,3.680414483865725,0.0,55.85935429568554,27.3338022998314,30984.534391753128,126521.21373268687,11270.052764658776,19974.068528306932,17059.24239535788,1.4571464711727073,1.4571464711727096,83.53062484660353,49656.409869933705,3476.997338260873,25613.39296674746,1,0.0001725945102869155,0.00018323693828321448,10,1
442,6,2.9037477774113563,2.9046877572936913,0,0.5439483111506939,1.5947887007316157,0.009359937171908635,319.3670752056524,3.1936707520565237,0.0,55.5446783193582,27.357572091774802,31143.913592087563,126814.74785621822,11119.310882047637,20245.73803744636,17013.26440554109,1.2987835252971918,1.2987835252971918,83.53062484660353,49656.409869933705,3482.939786246723,25613.39296674746,1,0.00015017321430760202,0.00016159161821487672,10,1
443,6,3.0500779805443656,3.0565855120193164,0,0.5169166685463289,1.5751303776255803,0.0030820394774808803,317.6302963497488,3.1763029634974878,0.0,55.260799289008155,27.395408942565478,31485.939914443592,127467.5723789572,10782.734041897833,20879.655511968343,17271.289693419447,1.2601906898031954,1.260190689803195,83.53062484660353,49656.409869933705,3492.3989989443917,25613.39296674746,1,0.00014712522434072518,0.0001566309829784142,10,1
444,6,2.943816636436985,2.906285318708311,0,0.543649307185788,1.5458309865502686,0.021625957879576864,407.38617254538644,4.073861725453865,0.0,55.56233396165895,27.395408942565478,31405.58714582641,127313.71687877848,10873.207714817336,20706.487346165875,17480.762653294518,1.29310821131096,1.2931082113109598,83.53062484660353,49656.409869933705,3492.3989989443917,25773.128386019107,1,0.00018643862656351934,0.00016124568840394883,10,1
445,6,2.9091869355690076,2.931352972343669,0,0.5390002551404657,1.5560911162831454,0.015132204884085204,330.9901307000658,3.3099013070006578,0.0,55.234608493622645,27.395408942565478,31316.641169838327,127148.05770476817,10974.121613665759,20516.646418546035,17806.444672747188,1.2867437266801995,1.2867437266801987,83.53062484660353,49656.409869933705,3492.3989989443917,25944.64413357967,1,0.0001487057688530702,0.0001607565399191049,10,1
446,6,2.8349840074617063,2.823140259728692,0,0.5596604683579698,1.5241584545861704,0.03534275026191752,377.4242333977628,3.7742423339776283,0.0,55.123112354440615,27.395408942565478,31291.008986377852,127100.60739338657,11002.210950597237,20464.468112097984,18225.167349911095,1.329048860401192,1.3290488604011925,83.53062484660353,49656.409869933705,3492.3989989443917,25998.252346514335,1,0.00016567166760182492,0.00016693868767280482,10,1
447,6,3.1226172847955698,2.823140259728692,1,0.5596604683579698,1.7048109254424135,0.07899425660912243,401.5208520147867,4.015208520147867,0.0,55.310628028996184,27.44653253751047,31223.70276679767,126984.06694416486,11087.266674647455,20307.99430171854,17921.800808671258,1.3137642394977336,1.3137642394977336,83.53062484660353,49656.409869933705,3505.1798976806394,26142.379647646798,1,0.00017923236902421793,0.000164536601826371,10,1
448,6,3.112205353632888,3.096104277734325,0,0.5103187290436537,1.6135833749979889,0.021255300631638482,595.8349101266627,5.958349101266627,0.0,56.09630273502168,27.53975539023037,31547.21302230962,127600.22183770355,10805.048270289899,20840.279835617366,18151.263714384106,1.5910838197708859,1.5910838197708843,83.53062484660353,49656.409869933705,3528.4856108606136,26142.379647646798,1,0.00026260867320416435,0.00020250423661006905,10,1
449,6,3.0580110925797173,3.0665201298041875,0,0.5152420115047119,1.587721771757725,0.004887197315015776,406.7130988387063,4.0671309883870626,0.0,55.490492853594425,27.547889652207143,31549.075644457265,127611.16594114673,10812.68015966649,20825.62351725582,18310.6891652466,1.618149108165242,1.6181491081652435,83.53062484660353,49656.409869933705,3530.5191763548073,26142.989717295055,1,0.00017769428345084523,0.00020651177522640915,10,1
450,6,3.045250053906907,2.9631081449623755,0,0.5332238726035639,1.6066678781453148,0.01687840388943967,491.37085554593585,4.913708555459358,0.0,55.320905542463464,27.557717069318063,31478.255746744664,127483.35620908132,10899.901492061019,20659.481687401152,18786.404011607323,1.6880501176977558,1.6880501176977547,83.53062484660353,49656.409869933705,3532.976030632537,26283.392968353517,1,0.00020924530537822506,0.00021651608734441155,10,1
451,6,3.1772426043037294,3.134735586400733,0,0.5040297519364744,1.6018140253231956,0.013806345141262999,286.1278702227742,2.861278702227742,0.0,54.24549663667101,27.592412659124456,31728.07584576087,127980.6727875899,10655.342278048684,21135.167325323077,19128.321623823,1.3362513242709992,1.3362513242709986,83.53062484660353,49656.409869933705,3541.6499280841354,26283.392968353517,1,0.00011966669145354469,0.000168868760094205,10,1
452,6,3.0957247042018947,3.11448131629104,0,0.5073075865748277,1.5626051065703255,0.011009426221313035,225.66027581372092,2.256602758137209,0.0,53.18329831844069,27.59692586464073,31729.487657135494,127988.3355068099,10661.800263593892,21122.418151900773,19215.70189197162,1.1299810655235867,1.129981065523587,83.53062484660353,49656.409869933705,3542.778229463204,26283.731458767237,1,9.394828337048775e-05,0.00014095342673408584,10,1
453,6,2.9800888598847113,2.980651265488405,0,0.5300854945005127,1.5204336480531324,0.03770022275118206,340.9490561199564,3.4094905611995645,0.0,53.46682252115413,27.59692586464073,31681.180716586186,127892.3232162934,10719.134242392694,21009.777430449838,19144.865360321197,0.9684117978009898,0.9684117978009912,83.53062484660353,49656.409869933705,3542.778229463204,26384.706844979624,1,0.000142471226494637,0.00011869540043955649,10,1
454,6,2.9790259691715284,3.039506502316668,0,0.5198212271616286,1.535421839494803,0.02821402563620072,359.321424290181,3.5932142429018104,0.0,53.72912701925268,27.59692586464073,31635.364939505464,127803.28054766594,10773.853193122522,20903.43358728956,19166.043500221862,1.0425671986362486,1.0425671986362486,83.53062484660353,49656.409869933705,3542.778229463204,26479.04493065509,1,0.00014998251435087128,0.00012880067473866534,10,1
455,6,2.800471098830533,2.7580791086727987,0,0.5728624661387265,1.4613395067485304,0.07510157800725928,256.88659926285163,2.5688659926285164,0.0,53.103114330793844,27.59692586464073,31578.05332103064,127690.7694904974,10840.726416676425,20774.87187613225,19031.009764492243,1.076252322914543,1.0762523229145444,83.53062484660353,49656.409869933705,3542.778229463204,26596.92536947152,1,0.00010798653458405413,0.00013348009180985413,10,1
456,6,2.65387729076699,2.657814885378243,0,0.5944733053803877,1.4043620686271396,0.11116324770434204,254.76217149128323,2.5476217149128324,0.0,52.69163466377053,27.59692586464073,31516.64893391658,127568.60557511418,10916.972519073071,20630.22499647669,18972.506938822466,0.9904925033588937,0.9904925033588937,83.53062484660353,49656.409869933705,3542.778229463204,26723.945599246603,1,0.00010742372520944042,0.00012179759138145528,10,1
457,6,2.7367105095576947,2.7056070278586404,0,0.5839724630115612,1.4662064172156533,0.07202125492680178,537.8781688897759,5.378781688897759,0.0,53.71066681975486,27.59692586464073,31463.083360469907,127458.41809482197,10984.760387704353,20503.32671104518,18853.21870095342,1.1835290007402868,1.1835290007402868,83.53062484660353,49656.409869933705,3542.778229463204,26839.81582183404,1,0.00022823823450902843,0.00014788283143417433,10,1
458,6,2.7806536323051008,2.7941510718638236,0,0.5654669197775586,1.5129202122210381,0.042455561885418956,228.23482126674674,2.2823482126674675,0.0,52.63647189477217,27.59692586464073,31382.211737931982,127309.81201874976,11069.989280765581,20345.954568185858,19094.574759189396,1.1500764216368204,1.1500764216368213,83.53062484660353,49656.409869933705,3542.778229463204,26993.94667870301,1,9.562289776865847e-05,0.00014376161916237578,10,1
459,6,2.8724904999672187,2.8790987620497286,0,0.54878284164005,1.5641529250078372,0.010029794298837259,335.59636856993416,3.355963685699342,0.0,52.291105671146624,27.60363779201213,31383.904919273107,127318.07030966484,11074.48345126566,20337.748309133774,18887.635656197792,1.2349982827886614,1.2349982827886614,83.53062484660353,49656.409869933705,3544.4562113060533,26994.450073255866,1,0.00014214436351002422,0.00015533516526257035,10,1
460,6,2.7415902876464435,2.7067365165257926,0,0.5837287783104929,1.5225494086443323,0.03636113376940998,308.56066875105864,3.0856066875105865,0.0,52.34322614533548,27.60363779201213,31283.28226730929,127134.14861391087,11184.176422356437,20138.873182551346,18744.252116654665,1.0009458410377068,1.0009458410377077,83.53062484660353,49656.409869933705,3544.4562113060533,27182.98779547512,1,0.00013169292296357708,0.00012315339474741992,10,1
461,6,2.783678932527245,2.7491784358135165,0,0.574717151646964,1.5627435164988608,0.010921825000721067,438.8792983401963,4.388792983401963,0.0,52.7703556008449,27.612415377978934,31238.925767414148,127059.10000975913,11244.955030863062,20030.37868092322,18971.77634839649,1.2181905707083223,1.2181905707083216,83.53062484660353,49656.409869933705,3546.650607797754,27267.28591436956,1,0.00018506619107484503,0.00015296782584948212,10,1
462,6,2.7531962107438384,2.722975736063044,0,0.5802475501615777,1.5643993378188543,0.009873836823509969,236.10572406708675,2.3610572406708674,0.0,51.89955688981748,27.612415377978934,31173.56528020485,126946.47651230727,11313.129518696842,19910.04762630309,18786.894878709816,1.1162620444643863,1.1162620444643874,83.53062484660353,49656.409869933705,3546.650607797754,27384.959980741613,1,0.00010054060581758095,0.00013909990661866768,10,1
463,6,2.7875347391268765,2.7421166026313273,0,0.5761972333648527,1.59274773203567,0.008068184832702482,214.14300081106092,2.1414300081106092,0.0,51.09632732090521,27.616698237995156,31144.831876509248,126899.88923843368,11344.69553572656,19854.828404142507,18826.904168888963,1.015457607520398,1.0154576075203992,83.53062484660353,49656.409869933705,3547.7213228018095,27437.891272421264,1,9.099446149619329e-05,0.0001255337527962064,10,1
464,6,2.8457067559624054,2.859809727938247,0,0.5524843085064566,1.5867172583179732,0.004251429315172845,352.9397739757812,3.529397739757812,0.0,51.51251622536301,27.63814589319314,31294.376329169092,127171.69167791777,11207.099832201513,20099.434565329408,19209.794789781277,0.9216054288369411,0.9216054288369416,83.53062484660353,49656.409869933705,3553.083236601306,27437.891272421264,1,0.00014698325633901257,0.0001128394412175956,10,1
465,6,2.8881402364258766,2.912907843137371,0,0.5424133151765791,1.5732642804393906,0.0042631136459553645,379.49738109499145,3.7949738109499145,0.0,51.84452968301991,27.64573584081504,31426.94862688151,127416.9609763881,11077.409212374001,20335.497131274606,19266.931080536175,1.060726881447236,1.0607268814472348,83.53062484660353,49656.409869933705,3554.980723506781,27438.460518492906,1,0.0001575746046980433,0.00013185077417774972,10,1
466,6,2.8990182782586684,2.896586581839673,0,0.5454696261820402,1.5812277619234734,0.0007770645085273998,406.48987501323234,4.064898750132324,0.0,51.94788446802945,27.653865638315303,31429.032323507563,127426.01960758501,11084.566765353433,20322.411756955586,19775.525799553223,1.2371130391884704,1.237113039188469,83.53062484660353,49656.409869933705,3557.0131728818474,27439.070253305425,1,0.00016444159478072275,0.00015633315193925952,10,1
467,6,2.896619289861248,2.8780497456943213,0,0.5489828667359707,1.581564733757407,0.0009903378211436427,303.3371396014686,3.033371396014686,0.0,51.331365823196215,27.659932381107332,31430.33239133646,127434.02470962226,11090.348208807238,20311.856901733812,19801.68262428802,1.176395825961137,1.1763958259611362,83.53062484660353,49656.409869933705,3558.5298585798546,27439.525259014827,1,0.00012255004601655675,0.00014818874849844093,10,1
468,6,2.6723073466134384,2.679193994832282,0,0.5897295989195095,1.490948250673276,0.05636186666248354,671.3838797406263,6.713838797406263,0.0,52.511237498977295,27.659932381107332,31336.95093997782,127255.12377839645,11210.952884539127,20093.99839488877,20022.31672632283,1.4468244649006006,1.4468244649006,83.53062484660353,49656.409869933705,3558.5298585798546,27625.512460525297,1,0.0002682542240910513,0.00018508195496277696,10,1
469,6,2.7569668262236444,2.7705836843934266,0,0.5702769452155765,1.5580835141805347,0.013871193556623652,238.0805441395995,2.3808054413959954,0.0,51.01994569284957,27.659932381107332,31274.227491910257,127147.42343987284,11283.354447684529,19965.44704931959,20088.907350215868,1.2743625315921052,1.2743625315921068,83.53062484660353,49656.409869933705,3558.5298585798546,27739.415683564224,1,9.481074903241713e-05,0.00016187167304667507,10,1
470,6,2.803732859404921,2.8039263348008583,0,0.5634955456532047,1.5866547879190416,0.004211891088000953,375.34369711346704,3.7534369711346707,0.0,50.51178280186426,27.6674392550496,31276.56455081185,127156.54258559158,11290.989324919376,19951.988313088506,20175.146741102737,1.3370047756398977,1.3370047756398977,83.53062484660353,49656.409869933705,3560.406577065422,27739.978699109895,1,0.00014883408856651578,0.00017063302056332806,10,1
471,6,2.89051620203339,2.8771764208892194,0,0.5491495024527157,1.5939106150662055,0.008804186750762904,545.7755587625603,5.457755587625603,0.0,51.39953445298503,27.707056724273887,31435.046554790846,127450.60052464099,11145.840061062841,20212.696356524848,20096.13489469747,1.2149048321059783,1.2149048321059777,83.53062484660353,49656.409869933705,3570.310944371493,27739.978699109895,1,0.00021726588187127177,0.00015363690649006822,10,1
472,6,2.9862254079857498,2.9564235377364945,0,0.5344295158770398,1.5934949644030407,0.008541116710785224,381.88213492169575,3.8188213492169574,0.0,50.87074020560128,27.738937044975536,31620.262739542868,127804.16079303854,10964.63419401177,20547.83350488561,20473.814738392495,1.3446304213731626,1.344630421373162,83.53062484660353,49656.409869933705,3578.281024546905,27739.978699109895,1,0.0001492177749193326,0.0001717725817857067,10,1
473,6,2.9337693176797606,2.8913936065636525,0,0.5464492957352112,1.589180889680921,0.005810689671468924,310.4147483062599,3.1041474830625995,0.0,49.909005097996776,27.74514533994166,31544.336136650636,127668.90730576859,11047.369966925016,20394.42788449899,20606.8512593775,1.2734178884020746,1.273417888402075,83.53062484660353,49656.409869933705,3579.8330982884363,27884.559082784006,1,0.00012050933717105389,0.0001623309979872194,10,1
474,6,2.9336286882961,2.9394748751106636,0,0.5375109729218275,1.5903655879460206,0.00656049870001297,388.6209104339618,3.886209104339618,0.0,50.03705290042505,27.75291775815034,31546.014521324734,127677.59984515155,11051.767363589168,20386.37030374439,21003.34945236382,1.1034792331784824,1.103479233178482,83.53062484660353,49656.409869933705,3581.776202840606,27885.142014149656,1,0.00014802245187239867,0.0001392498546542617,10,1
475,6,2.894864185010012,2.9237548286853943,0,0.5404009886528052,1.572758352177084,0.00458332140690888,362.12414214467947,3.6212414214467947,0.0,49.987729992771364,27.760160240993233,31548.090677093747,127685.98034224099,11063.784261219145,20364.31900943074,21345.217660591385,1.0691599194305679,1.0691599194305674,83.53062484660353,49656.409869933705,3583.5868235513294,27885.685200362874,1,0.00013572094617268814,0.00013475091173871358,10,1
476,6,5.892459701922123,5.867179620927102,0,0.26929463593792896,2.9453692209556124,0.8641577347820331,552.3438054368543,5.523438054368543,0.0,50.70747109905947,28.091566524255345,32080.848343271893,128863.0905288164,10612.973872244069,21232.14991683143,20672.53857225201,1.3000972171887268,1.300097217188727,83.53062484660353,49656.409869933705,3666.4383943668577,27885.685200362874,1,0.00021374977379052813,0.00016583105727853832,10,1
477,6,6.285157336633545,5.867179620927102,1,0.26929463593792896,2.739785599527491,0.7340415186882855,546.3579589515192,5.463579589515192,0.0,51.12836844352233,28.419381299626256,32861.811459719655,130667.66471815159,9911.998880438947,22738.448035801943,20712.53857225201,1.453972255051951,1.4539722550519496,83.53062484660353,49656.409869933705,3748.3920882095854,27885.685200362874,1,0.00021102501059274664,0.00018683191018532095,10,1
478,6,6.389913769715191,6.527261529306905,0,0.24206169660981422,2.429550165687762,0.5376899782833936,1022.3529811002893,10.223529811002892,0.0,52.993124819304384,29.03279308828643,33476.2548331181,132680.45754233943,9258.123201134578,24349.614080885953,20752.53857225201,2.0858298535883084,2.0858298535883097,83.53062484660353,49656.409869933705,3901.745035374629,27885.685200362874,1,0.000394111969498427,0.0002729622512939006,10,1
479,6,6.298107281990728,6.225107850052092,0,0.25381086369239025,2.1924849725722435,0.38764871681787555,382.1308152875997,3.8213081528759973,0.0,50.89300189790235,29.26207157745899,33938.22075768651,134038.2642034035,8859.349371869213,25449.26578320296,20144.02619469439,1.9339969906850731,1.9339969906850714,83.53062484660353,49656.409869933705,3959.064657667769,27885.685200362874,1,0.00015175945924385137,0.000252298813111675,10,1
480,6,6.363761153056901,6.507801211700982,0,0.24278553517571663,2.0430443992810385,0.2930660754943281,589.4118444895216,5.894118444895216,0.0,50.402671379434025,29.615718684152704,34354.17626493943,135433.97650880463,8508.411581498185,26502.360455608185,20184.02619469439,1.9878969398015616,1.9878969398015631,83.53062484660353,49656.409869933705,4047.4764343411975,27885.685200362874,1,0.0002336151722373232,0.0002598288669932005,10,1
481,6,6.20749526287577,6.215806542437328,0,0.2541906652359316,1.9632322097540034,0.2425520314898755,692.184259962174,6.9218425996217405,0.0,51.25274152239663,29.98223850620871,34512.77297751726,136020.43010978593,8445.04336968203,26702.17330972288,20224.02619469439,1.6965080621281359,1.6965080621281374,83.53062484660353,49656.409869933705,4139.106389855198,27885.685200362874,1,0.0002738067102162924,0.00021972711389915567,10,1
482,6,6.302507207411177,6.319535312436537,0,0.25001838297993795,1.8583694925249663,0.17618322311706722,391.2968379121659,3.912968379121659,0.0,49.91014526431166,30.187277846974176,34823.3251906111,137145.12217945553,8154.695129778616,27655.97747724547,19911.94691829465,1.7087618646922489,1.7087618646922476,83.53062484660353,49656.409869933705,4190.366225046565,27885.685200362874,1,0.00015721088028922023,0.00022154425424761193,10,1
483,6,6.439916154814057,6.413893487872078,0,0.2463402304680605,1.76932074316768,0.11982325516941772,361.539987922128,3.61539987922128,0.0,49.0672517143137,30.332987857191775,35139.309981414255,138295.58186762888,7872.001128320744,28652.253941377567,18802.635642438774,1.5183677431775056,1.5183677431775038,83.53062484660353,49656.409869933705,4226.793727600965,27885.685200362874,1,0.00015382523803465453,0.00019494760951338906,10,1
484,6,4.662823652190746,4.7788855764285065,0,0.33062101503187924,1.3048059102835883,0.1741734745040581,688.8931287389231,6.888931287389231,0.0,50.321528318446184,30.332987857191775,35096.304739067964,138110.99088486045,7944.6858338297025,28390.9420728747,18428.613428292694,1.5842194971036614,1.5842194971036627,83.53062484660353,49656.409869933705,4226.793727600965,28084.516102538168,1,0.0002990536999083366,0.0002033632727440705,10,1
485,6,4.761596289321869,4.788338754945388,0,0.3299683002519775,1.3569129026918405,0.14119436538491112,359.41326658487606,3.5941326658487607,0.0,49.48683138847479,30.332987857191775,35039.72251551204,137905.39803015313,8017.409435810658,28134.20591977375,17744.92862789096,1.5980822264763352,1.598082226476334,83.53062484660353,49656.409869933705,4226.793727600965,28303.72414702505,1,0.00016203537320289284,0.00020497143704862803,10,1
486,6,4.811210992643168,4.784180935660439,0,0.3302550679517489,1.39485820095952,0.11717835382308861,491.6927001637563,4.916927001637563,0.0,49.4132573111229,30.332987857191775,34982.45061667011,137698.2826775105,8086.8331866136,27893.48816699975,17522.328742962964,1.771166630844789,1.7711666308447893,83.53062484660353,49656.409869933705,4226.793727600965,28525.472705017848,1,0.00022448737602242375,0.0002285254830445511,10,1
487,6,4.959017079700065,4.888773986982119,0,0.32318941399361917,1.4640988451904304,0.07335516127187952,771.6260369008999,7.716260369008999,0.0,50.74563170349332,30.332987857191775,34931.71451716164,137515.85099825542,8160.837004555511,27641.391988787025,17764.086796009913,1.890387820930769,1.8903878209307685,83.53062484660353,49656.409869933705,4226.793727600965,28723.43143149861,1,0.00034749933200021023,0.00024467402707517566,10,1
488,6,4.98398659660225,5.021467431914757,0,0.31464905855169983,1.4961331232426358,0.05308030174516725,548.5770276821246,5.485770276821246,0.0,50.3449929744395,30.332987857191775,34880.58612870629,137347.22805986405,8229.054294752266,27412.999331815543,17547.112944347457,2.1051458757095705,2.105145875709573,83.53062484660353,49656.409869933705,4226.793727600965,28908.88202656536,1,0.0002501047457422747,0.0002740304845883029,10,1
489,6,4.727152434618644,4.731202496169228,0,0.33395315488595095,1.4394937393638698,0.08892801306084193,675.6003044651628,6.756003044651628,0.0,50.57783240607586,30.332987857191775,34837.46164577398,137198.13804532826,8288.265164096752,27217.827891727367,17342.996010809093,2.3189441979776984,2.3189441979776975,83.53062484660353,49656.409869933705,4226.793727600965,29076.023267621684,1,0.00031164179662803,0.000303081958123505,10,1
490,6,4.55423574690268,4.495344746734351,0,0.3514747119556944,1.4098721182209375,0.10767587454371048,710.5371612657087,7.105371612657088,0.0,51.08269512428829,30.332987857191775,34789.33139277417,137028.75045238907,8356.922356496554,26994.926730001906,17546.39616643215,2.2614768309308886,2.2614768309308886,83.53062484660353,49656.409869933705,4226.793727600965,29262.925892398463,1,0.00032395810719241863,0.00029523488318757447,10,1
491,6,4.550225828471225,4.553348178544446,0,0.3469974045571612,1.4326666634056107,0.09324894721163886,490.220149216358,4.90220149216358,0.0,50.04254223144458,30.332987857191775,34737.89999467801,136862.26277263384,8428.030809773867,26767.875915129724,17195.39941107576,2.2078210206544466,2.2078210206544444,83.53062484660353,49656.409869933705,4226.793727600965,29445.911938644615,1,0.00022807037510305295,0.0002878900929745005,10,1
492,6,4.687163936473037,4.695099960153002,0,0.336521056720699,1.507229855858588,0.04605705325405832,715.8149996335013,7.1581499963350135,0.0,50.61160373314024,30.332987857191775,34660.041594891256,136616.71301319453,8517.509019957175,26487.63952740646,17465.155418578754,2.2468888368280595,2.246888836828058,83.53062484660353,49656.409869933705,4226.793727600965,29708.135929335003,1,0.0003278825673074951,0.00029330368320098886,10,1
493,6,4.658424833441238,4.6153695763500195,0,0.34233444881558417,1.5223242251990328,0.03650365493732108,526.484444706623,5.26484444706623,0.0,50.35800557122256,30.332987857191775,34599.53534946926,136433.96282015822,8586.535952944583,26275.435714887477,16568.218056096735,2.082345946027889,2.082345946027892,83.53062484660353,49656.409869933705,4226.793727600965,29905.320881986598,1,0.00025421415528166036,0.00027005569923073614,10,1
494,6,4.4510008270451795,4.484870195887323,0,0.35229559184318826,1.4646417447852778,0.07301155393336856,425.39608770809855,4.253960877080986,0.0,49.41369223314312,30.332987857191775,34578.57918648934,136371.45049529392,8616.35761354385,26184.843495378576,16352.627708612446,2.0331340190247604,2.0331340190247618,83.53062484660353,49656.409869933705,4226.793727600965,29981.657194225656,1,0.00020811142785770388,0.00026340271681561976,10,1
495,6,4.610450304461578,4.628951911730724,0,0.3413299662923593,1.5413303503715703,0.02447446179014543,399.9990588801466,3.999990588801466,0.0,49.04210305147923,30.332987857191775,34527.8615802156,136223.93361835356,8684.967655498602,25978.604626762593,15942.327155911855,1.7257003555783954,1.7257003555783932,83.53062484660353,49656.409869933705,4226.793727600965,30140.426722789543,1,0.00020072304624952622,0.00022101620979629683,10,1
496,6,4.389746231799666,4.400525996735889,0,0.3590479868024805,1.4832987513001243,0.06120332196194666,435.961701313146,4.35961701313146,0.0,49.234578055632944,30.332987857191775,34484.48715688547,136093.69631487608,8731.538174913507,25840.537361435512,15441.465683080054,1.660815469146955,1.6608154691469572,83.53062484660353,49656.409869933705,4226.793727600965,30281.034140146876,1,0.00022586545099321755,0.00021156664170014924,10,1
497,6,4.2366377362720575,4.233465068991302,0,0.3732167324523273,1.4546560599271032,0.07933160764107394,357.9627788582932,3.5796277885829317,0.0,49.03063083228588,30.332987857191775,34420.58775553378,135903.83127739068,8801.79077405652,25634.92496089268,14381.510397113158,1.64700560721209,1.64700560721209,83.53062484660353,49656.409869933705,4226.793727600965,30480.329994286443,1,0.00019912388558584117,0.000208570794276195,10,1
498,6,4.296499413302416,4.250179231893133,0,0.37174902840420443,1.500129328113116,0.050551058156255706,617.6361357200524,6.176361357200524,0.0,49.96249090238525,30.332987857191775,34363.829971393614,135736.42580235619,8875.945089890221,25421.470106970817,14181.241523222952,2.0105677596607303,2.0105677596607303,83.53062484660353,49656.409869933705,4226.793727600965,30658.884466199488,1,0.00034842429540946605,0.0002578045439961749,10,1
499,6,4.484952997553121,4.508169216699133,0,0.35047486552797835,1.570347031910169,0.006109473474576697,326.7395569851104,3.267395569851104,0.0,49.01387492151401,30.339522648331478,34365.94602988634,135750.97780880536,8888.481939992098,25385.741438294237,14267.059138868608,1.9035807188238145,1.9035807188238136,83.53062484660353,49656.409869933705,4228.427425385891,30659.374575534966,1,0.0001832134030172787,0.00024358719467086197,10,1
500,6,4.33566713037689,4.292509531140265,0,0.36808304991236396,1.5491167772419334,0.019546343517763704,645.0513535365168,6.450513535365168,0.0,49.70570156766907,30.339522648331478,34296.40438604847,135557.74749649304,8979.0302247076,25130.50454287698,14548.01046570579,2.2815021212660973,2.2815021212660946,83.53062484660353,49656.409869933705,4228.427425385891,30865.293438781075,1,0.0003547159139359184,0.00029545120412088774,10,1
501,6,4.255390031114603,4.213676358326311,0,0.37496947217550003,1.544398946019458,0.022532312645912676,694.6452707352821,6.9464527073528215,0.0,50.55949598507061,30.339522648331478,34252.55584960396,135439.2354923991,9049.630383792079,24935.077183078727,14557.990820996272,2.364591179248304,2.3645911792483023,83.53062484660353,49656.409869933705,4228.427425385891,30996.75940525777,1,0.0003817259012052292,0.0003065517393861421,10,1
502,6,4.382620981346299,4.325564381639906,0,0.365270253913315,1.5973612215399917,0.010988114898728888,471.7238307397709,4.717238307397709,0.0,49.407967965997805,30.348957124946274,34255.39213127168,135458.78833455898,9068.945970085173,24882.13207584504,14865.832577091696,2.5310374181133275,2.531037418113326,83.53062484660353,49656.409869933705,4230.78604453959,30997.46699100388,1,0.00025385666267583245,0.00033009949260566,10,1
503,6,4.4638385982046005,4.473702695539611,0,0.35317501128881407,1.5681724199228908,0.007485810175385612,695.4077146355761,6.954077146355761,0.0,49.89532561939075,30.39468649196266,34442.83517593353,136007.9772787653,8903.886105021662,25345.115093637254,15233.141886905974,2.5548102290142807,2.5548102290142807,83.53062484660353,49656.409869933705,4242.218386293686,30997.46699100388,1,0.00036520776596104897,0.00033359677661403683,10,1
504,6,4.459872022641835,4.4746998052444455,0,0.35309631232651756,1.5736629257674692,0.004010806476285333,907.7313729311667,9.077313729311667,0.0,51.192833227909055,30.412841119421284,34447.05377337805,136035.38364129135,8923.469343097608,25289.743195020008,15426.915269668993,2.7729454858548315,2.772945485854833,83.53062484660353,49656.409869933705,4246.757043158342,30998.828588063276,1,0.0004707260561498597,0.0003632634949289137,10,1
505,6,4.601095496744401,4.629889924873069,0,0.3412608130296568,1.580551151264191,0.00034882991404488534,594.757507197539,5.94757507197539,0.0,50.04326460193902,30.4466379740611,34579.56626871222,136439.8783365114,8804.875715935364,25631.61209530048,15652.68532992604,2.890477880196935,2.890477880196936,83.53062484660353,49656.409869933705,4255.206256818296,30998.828588063276,1,0.00030397723823678206,0.00037997035344923026,10,1
506,6,4.606725127802728,4.657482059384464,0,0.339239095256722,1.5663267643265297,0.008653946628778697,400.83839454492767,4.0083839454492765,0.0,48.093461732663464,30.454654741951998,34637.828002670496,136626.11703540708,8759.916294925226,25763.79809907147,15632.339946305476,2.496561637979154,2.4965616379791546,83.53062484660353,49656.409869933705,4257.210448791021,30999.429845655093,1,0.00020513289548294974,0.0003266120632898638,10,1
507,6,4.6422273482286265,4.64410674296003,0,0.34021612496205245,1.57842389662697,0.000997533780398834,768.9372138143038,7.689372138143039,0.0,49.144032633945386,30.470033486228285,34642.73018887961,136650.49014951836,8760.00476538351,25763.632810791783,16195.542865781053,2.2738355697077983,2.273835569707796,83.53062484660353,49656.409869933705,4261.055134860093,31000.583251475815,1,0.0003798265832454247,0.0002963122389883855,10,1
508,6,4.535922076110431,4.445239224382136,0,0.35543643890607746,1.5609851359097822,0.012034724107732854,780.4763273521747,7.804763273521748,0.0,49.95124110773091,30.470033486228285,34606.05138247594,136550.8583445398,8813.050197660523,25609.02601173017,16513.54662398556,2.4538579799587534,2.453857979958752,83.53062484660353,49656.409869933705,4261.055134860093,31116.30073098896,1,0.00037810233991457674,0.00032102060621431707,10,1
509,6,4.5369372100315415,4.498364705549398,0,0.35123875084001893,1.5827335884173819,0.0017301192515074713,376.91585898664687,3.7691585898664686,0.0,47.71828885812262,30.47757180340802,34554.0051127999,136415.4952724853,8873.33900263302,25435.602171382965,16548.766529767345,2.392915443546444,2.3929154435464435,83.53062484660353,49656.409869933705,4262.939714155026,31272.308335975795,1,0.00018220855714347713,0.0003133791601011595,10,1
510,6,4.227785147679491,4.224991411485722,0,0.37396525723217783,1.500169000207267,0.05052594923590703,465.8892185649028,4.658892185649028,0.0,47.03785461525742,30.47757180340802,34488.36303990497,136230.80208238002,8949.19984224972,25220.68791679577,16910.42526786443,2.001265912636541,2.001265912636541,83.53062484660353,49656.409869933705,4262.939714155026,31470.04692070072,1,0.00022040331271869364,0.0002602380699255825,10,1
511,7,4.09941777946923,4.1200741441533575,0,0.38348824431767053,1.758787361361407,0.1131565578236752,528.8645590053723,5.288645590053723,0.0,50.97682125961064,33.867534633766105,32709.77730519369,136064.51626160328,10739.295121440675,25031.37009451966,17183.59524613086,1.6871010333401166,1.6871010333401177,85.9179762306543,49570.49189370305,4262.939714155026,31645.56294814148,1,0.0002462183502020994,0.0002162767400214234,13,1
512,7,4.295619591947412,4.285730687466695,0,0.36866525575687575,1.7326132267861638,0.0965906498646606,417.923072776024,4.17923072776024,0.0,50.4710528498308,34.00751232798099,33055.18362244371,136942.67773572708,10413.33144549293,25817.481872555396,17279.89268759829,1.7128664482593947,1.712866448259397,85.9179762306543,49570.49189370305,4297.934137708748,31645.56294814148,1,0.00019348410563959845,0.00022003525618679716,13,1
513,7,4.339145146683054,4.345511311538109,0,0.3635935766188935,1.643786704591033,0.04037133201964112,539.3346195349047,5.393346195349047,0.0,50.804196192307735,34.124424638689284,33409.601049435994,137867.83263713188,10092.38962970813,26641.134982946445,17172.664938072445,1.7893068452416108,1.7893068452416085,85.9179762306543,49570.49189370305,4327.162215385821,31645.56294814148,1,0.0002512526140723469,0.0002303183566380149,13,1
514,7,4.267504355889135,4.28324867907642,0,0.36887888572014665,1.5846002484443111,0.00291154964829814,336.03863263883517,3.3603863263883516,0.0,50.00765135622649,34.140927892248,33523.786239209665,138182.74552431505,9992.038608889003,26909.66906606843,16876.78802788171,1.5779523818794283,1.5779523818794297,85.9179762306543,49570.49189370305,4331.2880287755,31645.56294814148,1,0.00015929032566323607,0.0002013423484583938,13,1
515,7,4.343019275365384,4.352539785101396,0,0.3630064463530671,1.56703044411649,0.00820857967310767,281.2197808556912,2.8121978085569124,0.0,49.073113794168194,34.15242721142025,33670.50412959889,138593.96714312743,9849.945745778065,27299.089431115943,16984.179381919403,1.426773009057028,1.4267730090570263,85.9179762306543,49570.49189370305,4334.162858568562,31645.56294814148,1,0.00013246199279080403,0.00018100164417546232,13,1
516,7,4.2317513423500435,4.199604377326207,0,0.3762259151196405,1.5500258152763011,0.018971002989682878,337.68013941620524,3.3768013941620523,0.0,49.1151562259386,34.15242721142025,33606.13618661143,138420.35505319168,9924.427404051197,27094.8448569309,17290.850894502597,1.1937824755419988,1.1937824755419981,85.9179762306543,49570.49189370305,4334.162858568562,31826.875490080438,1,0.0001562352906639505,0.0001493292030393302,13,1
517,7,4.271028671737461,4.312088803817771,0,0.3664117488955988,1.5648111116081536,0.009613220501168678,663.1797899779052,6.631797899779052,0.0,50.414791428811895,34.16569080721981,33610.12253213957,138438.0080640667,9925.70190824509,27091.42152861302,17419.453512796867,1.549253470515724,1.5492534705157255,85.9179762306543,49570.49189370305,4337.478757518452,31827.870259765405,1,0.000304569733828085,0.00019775567242761316,13,1
518,7,4.177049815019312,4.186382159563677,0,0.37741418240820007,1.5528668190593549,0.017172899329522283,733.210861988356,7.33210861988356,0.0,51.33083019967098,34.16569080721981,33557.78837211478,138300.35484683796,9998.478038092679,26894.863311451394,17843.74236946765,2.026189103536922,2.0261891035369226,85.9179762306543,49570.49189370305,4337.478757518452,31978.804996409333,1,0.0003287251505011415,0.00026317672499772565,13,1
519,7,4.1177604670748345,4.085706116736381,0,0.38671405990945024,1.5470160287206376,0.020875931189469923,488.5188642528464,4.8851886425284645,0.0,50.0658777961536,34.16569080721981,33515.92181055224,138196.3812799193,10051.298076707635,26753.981274053152,18270.021244139745,2.1615553322485717,2.1615553322485743,85.9179762306543,49570.49189370305,4337.478757518452,32097.16268928065,1,0.00021391058399980472,0.00028240182277634374,13,1
520,7,3.9905570181854264,3.893048689608356,0,0.40585158983946573,1.5283564100758062,0.03268581640771761,831.7776168850351,8.31777616885035,0.0,51.03299137363368,34.16569080721981,33429.718757308765,137967.93787659,10148.651368592957,26498.251112806225,18050.95186905121,2.3206180378047505,2.320618037804752,85.9179762306543,49570.49189370305,4337.478757518452,32340.545102491167,1,0.00036863545941248133,0.0003037570646378092,13,1
521,7,4.021042661424544,4.001386510512108,0,0.3948631295300157,1.5583935867428576,0.01367494509945729,596.6772066192168,5.966772066192168,0.0,50.836107467346736,34.16569080721981,33370.50068191869,137820.7729739776,10209.083388136714,26341.971750241803,17616.689703924163,2.1821918993358627,2.1821918993358635,85.9179762306543,49570.49189370305,4337.478757518452,32501.27062087626,1,0.00027095996655321933,0.0002845020033218351,13,1
522,7,3.9357073130737468,3.9585924328403586,0,0.3991317688813755,1.5411703673456554,0.02457571686983841,533.7750993239877,5.337750993239877,0.0,49.84694164824527,34.16569080721981,33332.51097550888,137729.98915634523,10262.078727387241,26206.407254168356,18045.808806078014,2.2329733112855656,2.2329733112855683,85.9179762306543,49570.49189370305,4337.478757518452,32606.13215105097,1,0.00023663116685319498,0.00029207553093963187,13,1
523,7,3.732974746558439,3.7261222418251387,0,0.42403332404523597,1.4837015255948502,0.060948401522246724,324.2064671650777,3.242064671650777,0.0,48.46450319533626,34.16569080721981,33276.32719696059,137589.8935988006,10338.844700008627,26012.405802607962,17870.27444710258,1.687295643473495,1.6872956434734965,85.9179762306543,49570.49189370305,4337.478757518452,32756.612273794573,1,0.00014513776746955036,0.00021757630029198825,13,1
524,7,3.82787232660265,3.778604714142429,0,0.4181437645717298,1.5374300592161396,0.026943000496114207,588.828946976289,5.88828946976289,0.0,49.11754770507211,34.16569080721981,33239.02908833473,137498.338776417,10393.19166858748,25876.826418723107,18065.192280729923,1.6627206577866693,1.662720657786671,85.9179762306543,49570.49189370305,4337.478757518452,32858.38069630385,1,0.00026075734498741686,0.00021417542643672075,13,1
525,7,3.891822354258908,3.898676079822176,0,0.40526577936992036,1.5707657496764735,0.005844462230080087,690.531292634657,6.9053129263465705,0.0,50.02952226916186,34.1795014330725,33243.2869768899,137516.71445009002,10418.634573746045,25813.82675507856,18411.19457631771,1.816978997594674,1.816978997594674,85.9179762306543,49570.49189370305,4340.931413981625,32859.4164932428,1,0.0003000484470563953,0.0002353145198377875,13,1
526,7,3.854184413317858,3.8591364109140573,0,0.40941802304048863,1.5680359419366103,0.007572188647715024,470.21083972441704,4.702108397244171,0.0,49.007247835465726,34.18890564986699,33205.866116571575,137436.7484476588,10460.352831936789,25711.22750723651,18797.137494804592,1.9467480948277964,1.9467480948277949,85.9179762306543,49570.49189370305,4343.282468180248,32957.143410375334,1,0.00020012018951476217,0.0002536419938528581,13,1
527,7,3.7782710189006434,3.762532111063175,0,0.419929970924166,1.570858623774173,0.00578568115558671,313.85741898947657,3.138574189894766,0.0,47.48578570610168,34.18890564986699,33096.09143735523,137176.72558178607,10574.596297489785,25434.30078474296,18632.5728780631,1.6380059440405537,1.6380059440405534,85.9179762306543,49570.49189370305,4343.282468180248,33227.216125510364,1,0.0001347564487388616,0.0002116416951033397,13,1
528,7,3.925449754324832,3.9274726351982223,0,0.40229433703495593,1.592526849128983,0.007928385524672748,469.3226017981579,4.693226017981579,0.0,47.83513367237624,34.21947019702875,33229.03133389411,137514.95684828414,10445.972644610181,25748.476877420504,18573.769819312925,1.40075341907764,1.4007534190776398,85.9179762306543,49570.49189370305,4350.923604970689,33227.216125510364,1,0.00020214425240056903,0.0001790069635513976,13,1
529,7,3.8427506266292784,3.7753762552167296,0,0.41850133422246105,1.5866838291371446,0.004230271605787653,281.63398806415336,2.8163398806415336,0.0,47.15527265312685,34.22510287679003,33138.1260233717,137300.49878666303,10538.539030889575,25523.029050299647,18547.122543056645,1.2081884723841088,1.2081884723841088,85.9179762306543,49570.49189370305,4352.331774911009,33452.294811663895,1,0.00012147824544118804,0.00015279298219353954,13,1
530,7,3.838920927745947,3.867037069564034,0,0.40858155005432306,1.5604325667088714,0.01238445145008142,454.6234610373172,4.546234610373173,0.0,47.45805522309892,34.23419534601078,33223.601767162036,137517.78225205364,10456.342436522207,25724.32328293763,19114.500551812915,1.3411041629913227,1.3411041629913216,85.9179762306543,49570.49189370305,4354.604892216195,33452.97674685545,1,0.00019027374942075524,0.00017129874908750412,13,1
531,7,3.946087549496762,4.012948049112133,0,0.3937255057038618,1.5565317028384114,0.014853352633916907,540.7499530922355,5.4074995309223555,0.0,48.09160100172362,34.24501034507262,33390.642730404325,137945.5772294963,10300.756421276512,26114.268402162983,19631.690853488974,1.3842146917302738,1.3842146917302738,85.9179762306543,49570.49189370305,4357.308641981656,33453.78787178509,1,0.00022035797410537676,0.00017736998965577335,13,1
532,7,3.840022724584346,3.84136783253724,0,0.41131182143429446,1.5354412305802605,0.028201752797303525,352.0595256076316,3.520595256076316,0.0,47.169772581979586,34.24501034507262,33327.20615689523,137790.16311576532,10371.175381822144,25937.527502629484,19975.350237098108,1.4284890560480745,1.428489056048074,85.9179762306543,49570.49189370305,4357.308641981656,33618.96575734522,1,0.00014099758809887143,0.00018387643720833448,13,1
533,7,3.8627915380073055,3.8734864244640193,0,0.4079012617731395,1.563853155466352,0.010219521856739315,439.91176075499266,4.399117607549926,0.0,47.09480496594858,34.24501034507262,33267.29835874337,137646.28875283373,10435.91032732622,25777.19395385146,19959.600705670917,1.3944679582866983,1.3944679582867001,85.9179762306543,49570.49189370305,4357.308641981656,33772.236589202534,1,0.00017632086623055744,0.0001792254761449352,13,1
534,7,3.7479130185615253,3.7199880401601857,0,0.4247325483153876,1.5355638794284991,0.028124126943987925,944.9628273754946,9.449628273754946,0.0,49.20234897985902,34.24501034507262,33239.72497592654,137576.76956475183,10498.483058017731,25624.073251147616,19635.110584307735,1.8004608181757649,1.8004608181757655,85.9179762306543,49570.49189370305,4357.308641981656,33853.525797480426,1,0.00038500942414073427,0.00023410929282338772,13,1
535,7,3.4153762505887384,3.379442249407184,0,0.4675327712071899,1.4287285823578966,0.09574140357095158,324.7391946598134,3.247391946598134,0.0,47.2011732301932,34.24501034507262,33146.71403529236,137351.44417498916,10608.396108414532,25359.375162581407,19500.092128728917,1.7784367564573673,1.7784367564573689,85.9179762306543,49570.49189370305,4357.308641981656,34090.20440562396,1,0.0001332257068391527,0.00023151866573681483,13,1
536,7,3.2857569430518905,3.2511835932746007,0,0.4859768618629808,1.4034666841851438,0.11172994671826349,617.7004724352973,6.177004724352973,0.0,47.23816744686884,34.24501034507262,33062.842877086594,137138.73955378504,10719.748316562043,25096.774904466514,19269.48728217769,1.974537943381378,1.9745379433813777,85.9179762306543,49570.49189370305,4357.308641981656,34315.083937425,1,0.0002564470817058458,0.0002582274042285776,13,1
537,7,3.4692118636168883,3.4794799159707424,0,0.4540908521264434,1.506461190964595,0.046543550022408224,492.11893588818685,4.921189358881868,0.0,47.32725699181011,34.24501034507262,32980.89325452511,136946.96959171648,10808.624868289753,24891.05583824934,19587.0729593321,1.5254906618073911,1.5254906618073893,85.9179762306543,49570.49189370305,4357.308641981656,34516.257021279875,1,0.0002009974382226297,0.0001968900755892094,13,1
538,7,3.39490348297174,3.4216325000032453,0,0.4617678841893457,1.4993402466156136,0.051050476825561054,394.3337000771816,3.9433370007718165,0.0,46.35488479218168,34.24501034507262,32895.83680810215,136753.324185548,10900.56437240487,24681.76522158168,19904.249796307275,1.583784131246801,1.5837841312468002,85.9179762306543,49570.49189370305,4357.308641981656,34719.66808181797,1,0.00015849226335587496,0.0002053122610947835,13,1
539,7,3.2264256575618195,3.19071108907047,0,0.49518742245644426,1.4428199856837034,0.08682279387107383,491.04469158776976,4.9104469158776975,0.0,46.57934633367799,34.24501034507262,32844.79119674661,136630.93099872314,10968.883640087653,24528.55377825851,20086.504118256424,1.435291326505038,1.4352913265050389,85.9179762306543,49570.49189370305,4357.308641981656,34850.86961145256,1,0.0001955719875183115,0.00018502056303227208,13,1
540,7,3.0141913972439904,3.029914921516013,0,0.5214667873279589,1.3727812642015307,0.1311510986066262,444.7531913924414,4.447531913924414,0.0,46.67175685456385,34.24501034507262,32763.34745960197,136437.168309205,11069.777124542275,24305.71267856792,19216.634907281903,1.40074446392815,1.4007444639281508,85.9179762306543,49570.49189370305,4357.308641981656,35052.708356157746,1,0.00018515341256711195,0.0001797392211470995,13,1
541,7,3.0444972711348885,3.050007076302847,0,0.5180315850005313,1.4050990751490482,0.11069678788034928,234.88066256185897,2.3488066256185895,0.0,45.39219302396636,34.24501034507262,32700.21195077027,136297.14736298914,11143.55787272132,24145.294900742105,19035.412733721685,1.2536723399299126,1.2536723399299126,85.9179762306543,49570.49189370305,4357.308641981656,35199.808465907234,1,9.871313676146872e-05,0.00015981284561563072,13,1
542,7,2.9444710327541452,2.923667474779393,0,0.5404171348587513,1.3786071489414689,0.12746382978388052,918.1592798019308,9.181592798019308,0.0,47.605204348353666,34.24501034507262,32651.180897973238,136158.10161857412,11224.06036192585,23972.68912391069,18435.14488346327,1.7545301916601799,1.754530191660179,85.9179762306543,49570.49189370305,4357.308641981656,35348.274346304075,1,0.00039843864991830465,0.00022743506641562843,13,1
543,7,2.955709578059581,2.960232298264324,0,0.5337418961770004,1.4035548461965628,0.11167414797685904,326.2292846751837,3.262292846751837,0.0,46.19071629262037,34.24501034507262,32581.363612286885,136005.39088441245,11303.74426656534,23804.260508352243,18577.730406718438,1.6423269556885562,1.6423269556885551,85.9179762306543,49570.49189370305,4357.308641981656,35509.78009832377,1,0.00014048186835877708,0.0002125445516795168,13,1
544,7,2.985916043921614,3.0021858152753857,0,0.5262832140371928,1.4377313482454612,0.09004345047755623,349.92855303189765,3.4992855303189767,0.0,44.792161027781454,34.24501034507262,32513.20532432505,135859.89972010715,11382.652956465412,23639.77534925337,17857.791525187105,1.7843800360616013,1.784380036061599,85.9179762306543,49570.49189370305,4357.308641981656,35664.32934354474,1,0.00015676229730349315,0.00023189427186019163,13,1
545,7,2.948911863461685,2.928364714847865,0,0.5395502793722484,1.4381396654601728,0.08978502186065017,518.7236203755767,5.187236203755767,0.0,45.522639321825984,34.24501034507262,32450.46058033877,135719.40514020223,11455.5909899505,23489.740937240946,17723.55279848201,1.3867839163399875,1.3867839163399873,85.9179762306543,49570.49189370305,4357.308641981656,35811.704363781166,1,0.00023413979184579942,0.0001771279858360232,13,1
546,7,2.8533933472811897,2.866866355214913,0,0.551124400035577,1.4065123510643152,0.10980230945296512,263.11316259298053,2.631131625929805,0.0,44.55681828869993,34.24501034507262,32397.82404818571,135608.12325445478,11517.085556885286,23364.725722612617,17439.483429327232,1.3381480645547141,1.3381480645547124,85.9179762306543,49570.49189370305,4357.308641981656,35929.46503681857,1,0.00012069768633193085,0.00017053325849374114,13,1
547,7,2.9229140947488665,2.895898437968127,0,0.5455992445331019,1.4511565680539424,0.08154647591522635,329.26594089402033,3.2926594089402035,0.0,44.16245374604782,34.24501034507262,32363.193499033914,135534.53759958295,11558.547811018987,23281.18347489036,17682.534147567578,1.317085503143787,1.3170855031437874,85.9179762306543,49570.49189370305,4357.308641981656,36009.46474930655,1,0.0001489677613609764,0.00016793507984623555,13,1
548,7,2.9498222903928126,2.9353758143563984,0,0.5382615719161078,1.4829065309811167,0.06145156267017935,411.721028563573,4.11721028563573,0.0,44.62461486001739,34.24501034507262,32303.15454396742,135409.80824991383,11631.003718569293,23136.585692948363,17208.39204419653,1.2165889191369106,1.2165889191369108,85.9179762306543,49570.49189370305,4357.308641981656,36139.880683063784,1,0.00019140476460840488,0.00015369007076710404,13,1
549,7,2.9375070269622308,2.9010606201542797,0,0.544628398670268,1.5013802706226438,0.049759322390731824,173.74643076185072,1.7374643076185072,0.0,43.47284066592376,34.24501034507262,32211.01372357606,135229.5897036294,11727.885634781065,22946.0498034196,17114.227368651675,1.1185843569120875,1.1185843569120875,85.9179762306543,49570.49189370305,4357.308641981656,36325.22794165144,1,8.121730628873334e-05,0.0001405299440860382,13,1
550,7,3.209609070921092,3.2432451047777504,0,0.48716638704624593,1.5801291855117006,8.176298208891862e-05,779.1335488303108,7.791335488303108,0.0,45.267387331130834,34.303491126473574,32440.41117404826,135696.92942510828,11510.588959069642,23380.677398671163,17545.539141345187,1.6219939885464927,1.621993988546494,85.9179762306543,49570.49189370305,4371.928837331894,36325.22794165144,1,0.00035525088972356353,0.00020929098687356724,13,1
551,7,3.178224188379263,3.17777678205301,0,0.49720295299635153,1.5714458222657492,0.0054140365406650775,514.1907685063294,5.141907685063294,0.0,45.42227568222491,34.313774941843704,32443.529879360638,135709.57421341733,11535.493925485678,23330.353041392103,17987.120772086204,1.7107308087836763,1.7107308087836754,85.9179762306543,49570.49189370305,4374.499791174426,36325.999227804205,1,0.00022869286308647692,0.0002217203530329246,13,1
552,7,3.154304716135468,3.1517049681057134,0,0.5013159594534117,1.5692497094189537,0.006803981380409096,379.13094986274984,3.7913094986274984,0.0,43.90754515234669,34.32135756084096,32413.05019300658,135656.32506248282,11571.126187414782,23258.79538794084,17972.288502741194,1.9207571421777445,1.9207571421777425,85.9179762306543,49570.49189370305,4376.395445923739,36392.338390585624,1,0.00016876245885099098,0.0002509020705536771,13,1
553,7,3.0716880561357325,3.04681945624034,0,0.5185735560287056,1.5497642882816838,0.019136526403997652,233.24692631209967,2.3324692631209967,0.0,42.714466582716184,34.32135756084096,32337.25837769243,135508.6669312721,11652.802964013272,23096.270804348784,17613.789534870426,1.3134391759349457,1.313439175934946,85.9179762306543,49570.49189370305,4376.395445923739,36546.2736554333,1,0.00010593832785401931,0.00016779788326382907,13,1
554,7,3.048299461780939,2.9940536310169503,0,0.5277126580606182,1.561052854212894,0.01199186442221898,304.8874928787641,3.0488749287876407,0.0,42.638244056894116,34.32135756084096,32252.866984112323,135344.81115071726,11740.08257110311,22925.096537363475,17914.746830309974,1.0866102232466799,1.0866102232466792,85.9179762306543,49570.49189370305,4376.395445923739,36715.32438927594,1,0.00013615039978702895,0.0001369503954973464,13,1
555,7,2.43610076625315,2.42815652292901,0,0.6506994030574664,1.2693162139878766,0.19663530760260975,301.41830644536515,3.0141830644536514,0.0,42.74253065328591,34.32135756084096,32165.92069672466,135160.73839585643,11842.255708300188,22727.928539193283,17845.218641787927,1.0053123863632882,1.0053123863632893,85.9179762306543,49570.49189370305,4376.395445923739,36904.100975965564,1,0.0001351256322473013,0.0001257381199627832,13,1
556,7,2.4162395353239643,2.4321440693095426,0,0.6496325690313829,1.279348697779661,0.19028563431667023,288.8284496013538,2.888284496013538,0.0,42.595651503166486,34.32135756084096,32081.792220299987,134986.47025804833,11937.879274663595,22546.45345825381,17885.218641787927,1.0614011081249761,1.0614011081249772,85.9179762306543,49570.49189370305,4376.395445923739,37083.269552706726,1,0.0001291920240444902,0.00013348935202627348,13,1
557,7,2.41918672845803,2.3993927189779436,0,0.6584999560526399,1.2981162437037026,0.17840744069385917,430.29515307467705,4.30295153074677,0.0,43.12766428144699,34.32135756084096,32023.40829557862,134855.70508275533,12017.922680927948,22396.76084045039,17623.621969245312,1.207788573126157,1.2077885731261568,85.9179762306543,49570.49189370305,4376.395445923739,37219.45078812477,1,0.00019532654698362363,0.00015321473442513837,13,1
558,7,2.3886679823984975,2.3852552060150614,0,0.6624029143781369,1.2973306094141288,0.17890467758599446,322.50575620607134,3.2250575620607136,0.0,42.881778819971224,34.32135756084096,31969.1955905111,134740.9378291829,12090.901663587169,22261.98123482344,17663.621969245312,1.2336985885401772,1.2336985885401754,85.9179762306543,49570.49189370305,4376.395445923739,37339.70295317668,1,0.00014606551556304648,0.00015686136219705347,13,1
559,7,2.4681348313508287,2.4626518703478033,0,0.64158479687056,1.359933414472198,0.13928264906822918,333.74876364656234,3.3374876364656236,0.0,42.63577505830261,34.32135756084096,31891.424272109398,134587.7765445108,12178.413537531846,22102.52819932553,17378.508470690373,1.2941195862776593,1.2941195862776593,85.9179762306543,49570.49189370305,4376.395445923739,37498.44394379576,1,0.00015363747203481565,0.00016500984486049526,13,1
560,7,2.509247413620569,2.5199457511859054,0,0.6269976245545922,1.402228762305341,0.11251344157889807,221.58731584241983,2.2158731584241984,0.0,41.98989463653062,34.32135756084096,31812.934753508365,134441.91777479328,12264.755303764856,21947.42138512751,17264.49510325757,1.0679027282744047,1.067902728274405,85.9179762306543,49570.49189370305,4376.395445923739,37648.816304041175,1,0.00010267885137312098,0.00013412727965699436,13,1
561,7,2.5461121103362787,2.53966752627594,0,0.6221286777316261,1.439452193166097,0.08895430812272341,346.3965039802613,3.4639650398026127,0.0,42.26340923186867,34.32135756084096,31752.46102418829,134327.48384992874,12336.303590779531,21820.531531639663,17198.732780669474,1.1054710896849185,1.1054710896849183,85.9179762306543,49570.49189370305,4376.395445923739,37767.84331354621,1,0.00016112652409814465,0.00013914761583536044,13,1
562,7,2.526347180075241,2.5420946071438197,0,0.6215346964506625,1.4465963400337598,0.08443269618116472,337.15286816934156,3.3715286816934156,0.0,42.470892173823344,34.32135756084096,31684.112042034332,134201.24007114334,12415.285405580498,21682.151686824815,17298.485894072302,1.1109518598268626,1.110951859826864,85.9179762306543,49570.49189370305,4376.395445923739,37898.671479622695,1,0.00015592248719750634,0.0001399092875562573,13,1
563,7,2.5751182413410425,2.624442057261723,0,0.6020327237281559,1.495148267524665,0.05370362814894624,400.11970595627145,4.001197059562714,0.0,42.72889627150961,34.32135756084096,31603.714526242944,134058.0347812032,12501.952805339042,21532.317175950106,17259.570591295233,1.313133334475481,1.3131333344754812,85.9179762306543,49570.49189370305,4376.395445923739,38047.20878439546,1,0.00018545986591720633,0.00016750295907095244,13,1
564,7,2.740177455689774,2.68744752807495,0,0.587918455521166,1.5980108842008574,0.011399293798010936,425.006360835629,4.25006360835629,0.0,43.05446656098359,34.32985768805767,31584.591101225626,134030.00583131477,12529.589960711544,21485.02258578063,16376.49159454858,1.431860326129737,1.431860326129737,85.9179762306543,49570.49189370305,4378.520477727918,38084.163473997025,1,0.00020761778351944708,0.0001830000455447199,13,1
565,7,1.8249670690767275,1.7946627959731525,0,0.880388228666237,1.0780224108814416,0.3177073348851636,168.5956555181264,1.6859565551812639,0.0,41.671262086901706,34.32985768805767,31519.282803752638,133907.16488421528,12610.34589971166,21347.85489090494,16416.49159454858,1.2490603813600154,1.2490603813600147,85.9179762306543,49570.49189370305,4378.520477727918,38211.75879477967,1,8.21591651527355e-05,0.00015841227152979632,13,1
566,7,1.856370041610481,1.8428789923960995,0,0.8573541760035444,1.114731708778004,0.294473602039238,166.54558546823654,1.6654558546823655,0.0,40.89061214396639,34.32985768805767,31428.470451482717,133742.40658938722,12714.493939939139,21173.530328849258,15978.426070541465,1.0014356177033485,1.0014356177033479,85.9179762306543,49570.49189370305,4378.520477727918,38380.16423901207,1,8.338522692183675e-05,0.00012438739186467312,13,1
567,7,1.790770172742055,1.7638528645231097,0,0.895766325966867,1.0925004673721512,0.30854400799230935,258.41000041311275,2.5841000041311277,0.0,41.193317572894536,34.32985768805767,31349.74729819517,133590.20829513908,12815.706279873548,21006.841858679836,16018.426070541465,0.8107260257534037,0.8107260257534037,85.9179762306543,49570.49189370305,4378.520477727918,38535.26878281785,1,0.00012905637508960473,9.820025572139232e-05,13,1
568,7,1.8336908861412857,1.8481066237788264,0,0.8549290282664382,1.1414485918392894,0.27756418238019664,215.0118562476768,2.1501185624767682,0.0,41.10389003009818,34.32985768805767,31243.265947255448,133400.6397262889,12945.638336644211,20796.643145298975,16058.426070541465,0.8710142955138018,0.871014295513801,85.9179762306543,49570.49189370305,4378.520477727918,38727.90819580018,1,0.00010711478462617574,0.0001065187955458724,13,1
569,7,1.8088180042009145,1.8360465717125503,0,0.8605446203503837,1.1399064921485211,0.2785401948427082,217.56542828278324,2.1756542828278325,0.0,40.95780796837189,34.32985768805767,31181.182222096715,133284.50605800128,13025.66236906506,20669.285394979037,15359.415998674142,0.9477594273432027,0.947759427343204,85.9179762306543,49570.49189370305,4378.520477727918,38847.1991560041,1,0.00011331963574738204,0.00011649693182105417,13,1
570,7,1.8756311384314326,1.8557699877419473,0,0.8513986164430339,1.2007368288509197,0.24003998173992427,265.0074548150056,2.650074548150056,0.0,41.136152348148265,34.32985768805767,31098.722150801546,133136.4278502456,13128.591278371625,20507.736594552684,15399.415998674142,0.968892626131911,0.9688926261319107,85.9179762306543,49570.49189370305,4378.520477727918,38998.46061346368,1,0.0001376714310920997,0.00011936861715521915,13,1
571,7,1.91170130283945,1.91369661595635,0,0.8256272111399494,1.2437404032163608,0.21282252960989825,242.16080066938926,2.4216080066938925,0.0,41.05075235734869,34.32985768805767,31013.025616714007,132989.54366262752,13235.124890736839,20343.156362399677,15439.415998674142,1.0131187009560048,1.0131187009560036,85.9179762306543,49570.49189370305,4378.520477727918,39148.63054220003,1,0.00012547666346456878,0.00012548924343468352,13,1
572,7,1.8993669357512455,1.8923925593365158,0,0.8349219046570113,1.2537372930427322,0.20649538415016955,207.91624343628155,2.0791624343628157,0.0,40.70003061669797,34.32985768805767,30935.35207230565,132859.8017360941,13331.434347787335,20196.64386378167,15479.415998674142,0.9977686366409434,0.9977686366409446,85.9179762306543,49570.49189370305,4378.520477727918,39281.57205967114,1,0.00010745430884684033,0.00012353413446783627,13,1
573,7,1.88456494586585,1.858210945438188,0,0.8502802138147009,1.2662482093595953,0.1985770826838005,372.57002506884425,3.7257002506884427,0.0,41.24909485460128,34.32985768805767,30832.164902925644,132682.7366585771,13450.499649572284,20018.46080144488,15171.574242578718,1.144081472335161,1.1440814723351627,85.9179762306543,49570.49189370305,4378.520477727918,39462.16326011882,1,0.00019645688396566468,0.00014312928542569128,13,1
574,7,1.820375549365588,1.8094827852621609,0,0.8731776908123982,1.2448216831773138,0.2121381752042318,167.74590922496125,1.6774590922496126,0.0,40.47995859516146,34.32985768805767,30723.857193121825,132514.2214162185,13569.49498990692,19843.466121040314,15211.574242578718,1.0513174553783453,1.0513174553783444,85.9179762306543,49570.49189370305,4378.520477727918,39633.87923318326,1,8.822014424012667e-05,0.00013071044568421057,13,1
575,7,1.7424700769125037,1.7248708467362246,0,0.916010612034897,1.2122758601593024,0.23273679736753014,215.16050533528016,2.1516050533528017,0.0,40.08486623843235,34.32985768805767,30629.658025631397,132364.09302415958,13687.189966746486,19673.343120879093,15251.574242578718,1.063269650201816,1.0632696502018142,85.9179762306543,49570.49189370305,4378.520477727918,39787.19516727062,1,0.00011285943439706254,0.0001325121542009513,13,1
576,7,1.7889559903741985,1.756608271228707,0,0.8994606400747654,1.26526576562404,0.1991988825164304,195.8991130607718,1.9589911306077181,0.0,40.001755883846364,34.32985768805767,30528.917860454596,132209.7658064484,13800.439074395605,19512.405079384767,15291.574242578718,0.8341611311427516,0.8341611311427525,85.9179762306543,49570.49189370305,4378.520477727918,39943.98713179785,1,0.00010248734889063251,0.00010118897584260724,13,1
577,7,1.7965815741414164,1.8047786120718665,0,0.8754536370453643,1.2900702210851662,0.18349986007267965,244.14834935558838,2.441483493555884,0.0,40.12441224711131,34.32985768805767,30437.6172493345,132069.08992154634,13905.619006684858,19365.28607212259,15331.574242578718,0.9295328276332175,0.9295328276332183,85.9179762306543,49570.49189370305,4378.520477727918,40087.373942925136,1,0.0001273963628223078,0.00011424771537000095,13,1
578,7,1.8167105597516418,1.795840134992687,0,0.8798110528955486,1.3215649019840827,0.16356651773159325,217.57713312086398,2.1757713312086397,0.0,40.012847515852016,34.32985768805767,30356.759109006598,131947.735758277,13996.297622020164,19240.23682013392,15393.852765031364,0.9293996097891651,0.9293996097891657,85.9179762306543,49570.49189370305,4378.520477727918,40211.41607537164,1,0.00011307221730227881,0.00011431864300507304,13,1
579,7,1.842281390793869,1.8249087157723969,0,0.8657967307319596,1.3568917938493226,0.1412077254118212,212.20019087959335,2.1220019087959336,0.0,39.862562584548286,34.32985768805767,30282.30769296879,131838.38300753626,14083.495519322973,19121.467039735613,14815.132680905528,0.9621745613856096,0.9621745613856104,85.9179762306543,49570.49189370305,4378.520477727918,40323.41420411512,1,0.00011458564452984612,0.00011835140821814424,13,1
580,7,1.7216182554240669,1.7401023800280486,0,0.90799255155006,1.292199733859127,0.18215206717776783,156.08176592278778,1.5608176592278777,0.0,39.446040620637845,34.32985768805767,30160.387737990997,131667.19010838657,14217.341169383995,18941.98974001031,14855.132680905528,0.8554236869575914,0.8554236869575906,85.9179762306543,49570.49189370305,4378.520477727918,40496.92293536399,1,8.40554005274753e-05,0.00010390442078653341,13,1
581,7,1.8635660210134686,1.8454623478930456,0,0.8561540157152908,1.4096318670072665,0.107827932273882,251.3442552252285,2.513442552252285,0.0,39.69549786968659,34.32985768805767,30117.769686688927,131603.603007532,14272.667720746336,18868.79774509348,14141.119648200935,0.9318194512947159,0.9318194512947165,85.9179762306543,49570.49189370305,4378.520477727918,40562.8886991971,1,0.00014219199694400725,0.00011361101400044289,13,1
582,7,1.829581717782325,1.880139201932709,0,0.8403633084060065,1.4026255374512335,0.11226231806883957,186.05638919311352,1.8605638919311351,0.0,39.56379286085501,34.32985768805767,30026.986632827797,131479.29620055816,14368.92962592079,18742.800730305054,13499.708639941178,0.9258009254363115,0.9258009254363107,85.9179762306543,49570.49189370305,4378.520477727918,40689.42374173628,1,0.00011025801765388276,0.00011216847170845512,13,1
583,7,1.9159982806294555,1.9526922254948889,0,0.8091392895260624,1.4814671981897016,0.062362532791328126,285.8355519313082,2.8583555193130823,0.0,39.81434722388484,34.32985768805767,29966.342701602665,131396.48228745608,14430.49716291125,18663.125168449234,13624.816942500265,1.1293470258870997,1.1293470258870997,85.9179762306543,49570.49189370305,4378.520477727918,40774.95525766583,1,0.00016783230373668714,0.0001400941061115257,13,1
584,8,1.8767985712158337,1.8821638769487257,0,0.83945931560509,1.6110978330893115,0.01968217284133637,248.60977685339213,2.4860977685339214,0.0,24.5173364193888,34.79218074234924,28429.26176529734,131339.07274282197,15971.657166975774,18605.687833029046,13929.13501431964,1.0883765091186368,1.0883765091186364,69.64567507159822,49500.84621863146,4378.520477727918,40834.777595805324,1,0.00014278547898218379,0.00014029193345758455,16,1
585,8,1.8496821306291888,1.8197931808305334,0,0.8682305311633851,1.5925744485868727,0.007958511763843431,310.7469643784183,3.107469643784183,0.0,24.69440053500274,34.798395681636805,28412.486200671185,131321.80421748507,15995.587089959547,18577.939408405124,14466.03467153781,1.2363105804205081,1.2363105804205088,69.64567507159822,49500.84621863146,4380.07421254981,40856.583412541884,1,0.0001718491467408515,0.00016082230981990747,16,1
586,8,1.874837291626009,1.8486282523051443,0,0.8546877924373499,1.6142566745029792,0.021681439558847524,204.0326227350089,2.0403262273500893,0.0,24.189967078724763,34.80716038242197,28414.33639202813,131326.8324020861,15995.716964342286,18577.817979459345,14975.862885952058,1.0897838194236305,1.0897838194236316,69.64567507159822,49500.84621863146,4382.265387746102,40856.583412541884,1,0.00010899278354178816,0.0001412091364216078,16,1
587,8,1.8341329432931728,1.853828172389847,0,0.8522904245020488,1.5792585030225736,0.0004693018844471049,236.24568898327325,2.3624568898327327,0.0,24.043107777742843,34.81188529620164,28415.39864288412,131330.29024199618,15995.977873165832,18577.547577682886,14991.550966294753,1.0486870961928216,1.048687096192821,69.64567507159822,49500.84621863146,4383.446616191018,40856.93778107536,1,0.00012606871137718593,0.0001356368805532752,16,1
588,8,1.9648203456474471,1.9585936276113545,0,0.8067012869468607,1.6258946516415727,0.029047247874413026,246.5599274941037,2.465599274941037,0.0,24.209827154340946,34.84693617556096,28740.5259173252,131719.87111964577,15681.862464022837,18950.823410267032,14316.534320893663,0.9689616311417732,0.9689616311417721,69.64567507159822,49500.84621863146,4392.209336030848,40856.93778107536,1,0.00013777632042373395,0.0001242792717809027,16,1
589,8,1.9884415085047789,1.997993263102163,0,0.7907934572045703,1.5866798630852161,0.0042277614463392815,333.08588355143974,3.3308588355143973,0.0,24.61913226368247,34.87482231518651,29034.481038081685,132085.43252485708,15399.74039641357,19299.09349507008,14212.576685475377,1.1614691981461411,1.16146919814614,69.64567507159822,49500.84621863146,4399.180870937236,40856.93778107536,1,0.00018748796417293636,0.0001504443319912854,16,1
590,8,1.933174256175645,1.943849668970262,0,0.8128200576523964,1.5570330128557957,0.014536067812787608,252.49395319656452,2.524939531965645,0.0,24.415009543904727,34.87482231518651,28969.086856673723,132004.6934831686,15471.82711143145,19209.443615432036,14326.29363979239,1.196770608462488,1.1967706084624896,69.64567507159822,49500.84621863146,4399.180870937236,40940.5866121787,1,0.00014099610662467117,0.00015542013040711382,16,1
591,8,1.9123106464027388,1.9266594831295332,0,0.8200722617748502,1.5543682045077833,0.01622265537482071,296.29015133845013,2.962901513384501,0.0,24.405694807439154,34.87482231518651,28906.43920099834,131927.7565489279,15542.794487797088,19122.014518610376,14748.278437863511,1.250793728998711,1.250793728998711,69.64567507159822,49500.84621863146,4399.180870937236,41020.62460366201,1,0.00016071850153182856,0.000163067524109812,16,1
592,8,1.8640520621477366,1.8594256639813111,0,0.8497247459825747,1.536311160927903,0.0276511639696817,285.2225761669747,2.852225761669747,0.0,24.432563571732796,34.87482231518651,28801.588574288362,131798.68089032656,15651.164782130107,18990.024110430048,15055.831159000616,1.162187200753673,1.1621872007536733,69.64567507159822,49500.84621863146,4399.180870937236,41152.60096583227,1,0.00015155460932302718,0.0001510897391598423,16,1
593,8,1.9161322539987913,1.9106571808944417,0,0.8269406023221549,1.5793442357077094,0.0004150406913231894,217.33205536932857,2.173320553693286,0.0,23.9701103859558,34.8791689562939,28802.784995592847,131802.39759181312,15651.715317507167,18989.372849955955,15443.379255745454,1.0904683593962974,1.090468359396298,69.64567507159822,49500.84621863146,4400.267531214083,41152.92696391533,1,0.00011258264231954223,0.000141618584391466,16,1
594,8,1.877611933018296,1.8949447990612824,0,0.8337973754078221,1.5551117669799814,0.015752046215201668,206.18216803086156,2.061821680308616,0.0,23.71405976593524,34.88329259965452,28776.480460098126,131772.40139665816,15689.740175856152,18943.489468511823,15201.346094058774,0.9637083643529021,0.9637083643529009,69.64567507159822,49500.84621863146,4401.298442054237,41186.51592122785,1,0.0001085073212622637,0.00012421485763494436,16,1
595,8,1.8976518502136142,1.8858974782685678,0,0.8377973979002239,1.580079637892242,5.0403729266998255e-05,210.8643664718391,2.1086436647183913,0.0,23.703505782775785,34.887509886983956,28734.19955781088,131723.2649354885,15731.535863385949,18893.337665991796,15217.768952470258,0.8645777552978603,0.8645777552978611,69.64567507159822,49500.84621863146,4402.352763886596,41239.00691374707,1,0.00011085165881039881,0.00011064720746406825,16,1
596,8,1.9466097472233772,1.9582192046248068,0,0.8068555329599716,1.5851452286825753,0.003256473849731187,319.02475003974814,3.1902475003974815,0.0,24.125216117428185,34.904534301240176,28921.172252436918,131952.89896748992,15557.612377011908,19105.252533727882,15661.36444000794,0.9865385938436774,0.9865385938436784,69.64567507159822,49500.84621863146,4406.608867450651,41239.00691374707,1,0.00016296140799828624,0.00012744012935698293,16,1
597,8,2.0914164992615767,2.098940099107753,0,0.7527608818715926,1.6309197206386137,0.03222767129026177,399.619783737468,3.9961978373746803,0.0,24.660455164001007,34.967669457388396,29268.5697795858,132400.51041259064,15225.054598168292,19523.910334654156,15893.673106478484,1.2123681976946001,1.2123681976945986,69.64567507159822,49500.84621863146,4422.392656487706,41239.00691374707,1,0.00020114659767329803,0.00015831988816066104,16,1
598,8,2.093389849665003,2.0616772423595915,0,0.7663663193913363,1.5901469374266992,0.006422112295379204,198.0012751228688,1.980012751228688,0.0,23.703951337427778,34.98084079182562,29473.174458729904,132670.29572233855,15026.75937207881,19782.36400830618,16377.398641229142,1.1741749446097889,1.1741749446097898,69.64567507159822,49500.84621863146,4425.685490097011,41239.00691374707,1,9.671927976371642e-05,0.00015360909514510024,16,1
599,8,2.156534715941,2.1506386174290095,0,0.7346655022352468,1.5879512100627202,0.0050324114321013596,289.98915305285334,2.8998915305285333,0.0,23.606034630051266,35.00228364344294,29709.24214841716,132993.07681855836,14795.27222819158,20092.88320050631,16822.424088857642,1.1115967918857446,1.111596791885744,69.64567507159822,49500.84621863146,4431.04620300134,41239.00691374707,1,0.0001379060004770314,0.00014525729263801528,16,1
600,8,2.1410144359113352,2.11766284661084,0,0.74610554863758,1.584641612806521,0.002937729624380366,382.61617478498044,3.8261617478498047,0.0,24.179292734880622,35.009935966938635,29669.624109382185,132942.1044366213,14833.39509610301,20041.448348744423,16431.087752598254,1.0779363791539982,1.077936379154,69.64567507159822,49500.84621863146,4432.959283875264,41295.68142905273,1,0.00018628890821886202,0.00014030472948653664,16,1
601,8,2.0523816731332403,2.0943447534222863,0,0.7544125662301702,1.5344532696654896,0.02882704451551298,215.9945952766569,2.159945952766569,0.0,23.556597479949527,35.009935966938635,29598.09003936247,132846.42788567307,14908.576404486756,19940.710864232216,16297.855672382804,1.0996213293331105,1.099621329333111,69.64567507159822,49500.84621863146,4432.959283875264,41394.63717947198,1,0.0001060235651209827,0.0001434061579389587,16,1
602,8,1.8346724558713357,1.8536503816576235,0,0.8523721709522634,1.3909396721455536,0.1196584353509155,252.61214617816046,2.526121461781605,0.0,23.389865460647023,35.009935966938635,29510.51131324241,132722.57940144872,15013.017537962716,19802.41868716444,15619.125008810892,1.0807923946679525,1.0807923946679527,69.64567507159822,49500.84621863146,4432.959283875264,41521.529095339116,1,0.0001293860679318001,0.0001405661804238816,16,1
603,8,1.9201065847746221,1.9175185174502167,0,0.8239816124962248,1.4745997259682813,0.06670903419729038,358.82622430768373,3.588262243076837,0.0,23.907406148428155,35.009935966938635,29426.648301095287,132606.47930174222,15110.252597665469,19675.370203486247,15704.720678807276,1.0731746203775057,1.073174620377505,69.64567507159822,49500.84621863146,4432.959283875264,41640.624715378435,1,0.00018278642792642674,0.00013939868699306985,16,1
604,8,1.9476998606024567,1.9320844781874456,0,0.8177696254163027,1.5184153892029812,0.038977601770265075,214.78218625153755,2.1478218625153755,0.0,23.466712242455124,35.009935966938635,29316.38876651671,132463.25188778376,15224.275530806595,19528.463383586983,15121.601298410125,1.092760928022967,1.0927609280229653,69.64567507159822,49500.84621863146,4432.959283875264,41786.75091958252,1,0.00011362933436110082,0.00014193394340644255,16,1
605,8,1.9627191808349895,1.9540204147243692,0,0.8085893003440664,1.5530004215143351,0.017088340813711973,198.39229467792535,1.9839229467792536,0.0,23.03649993357246,35.009935966938635,29204.12883189803,132321.00912840397,15337.843084181524,19384.333962128607,14874.423086137924,1.0374498722802774,1.0374498722802785,69.64567507159822,49500.84621863146,4432.959283875264,41931.66096483441,1,0.00010670251533335242,0.00013437275920695997,16,1
606,8,1.9015133572681522,1.898104688103783,0,0.8324093027652909,1.5261910634300335,0.03405628896833326,351.28622687199737,3.512862268719974,0.0,23.598283988064317,35.009935966938635,29098.291727149375,132185.29188409864,15447.821274142247,19246.76352609192,15166.635162377397,1.0438150260754357,1.0438150260754362,69.64567507159822,49500.84621863146,4432.959283875264,42070.070051728886,1,0.00018529421884870217,0.00013520868951438512,16,1
607,8,1.9065701171731153,1.8992297027708385,0,0.8319162225058373,1.5520045970961676,0.017718609432805385,236.8325514743565,2.368325514743565,0.0,23.341862249765345,35.009935966938635,28997.89449537795,132061.5250434058,15557.405992659662,19111.596332789046,15610.052538804262,1.0604485077743389,1.0604485077743384,69.64567507159822,49500.84621863146,4432.959283875264,42196.61691409463,1,0.00012137437763806426,0.00013779037060670626,16,1
608,8,2.0089871241632973,2.027493316078582,0,0.779287402562644,1.5771230989295788,0.0018208234622919411,244.80598713020822,2.4480598713020822,0.0,23.077859882835664,35.026995664039994,29278.67524884141,132418.71736415286,15278.245471496486,19461.89137225564,15404.733158328407,1.1102642810214007,1.1102642810214007,69.64567507159822,49500.84621863146,4437.224208150604,42196.61691409463,1,0.00012713286734102576,0.0001446004879425974,16,1
609,8,1.95846727059872,1.9707312880247227,0,0.801732843843792,1.5584410974297822,0.013644875044441685,314.0482515217825,3.1404825152178253,0.0,23.38231378763616,35.026995664039994,29186.29838097212,132301.90915739496,15382.287635634626,19330.667633836027,15851.046392442166,1.0442257052117365,1.0442257052117354,69.64567507159822,49500.84621863146,4437.224208150604,42316.265480449794,1,0.00015849969459253964,0.0001356689798572099,16,1
610,8,1.8687527229053675,1.8907359899299072,0,0.8356534219558456,1.5101271135378442,0.044223345862123946,255.16197277502346,2.551619727750235,0.0,23.21324395985579,35.026995664039994,29069.683783153007,132154.52709243857,15501.370159579956,19182.641934435476,16174.260924663738,1.0545262301760712,1.0545262301760703,69.64567507159822,49500.84621863146,4437.224208150604,42466.532464143565,1,0.00012620643327742202,0.00013727966507032913,16,1
611,8,1.9111609905181577,1.8907359899299072,1,0.8356534219558456,1.5640347235285659,0.010104605361667213,224.42340744051285,2.2442340744051283,0.0,22.83119595440092,35.026995664039994,28973.38698029708,132037.2112624526,15599.765976044195,19062.021927087706,16591.39494804787,1.0063278250201595,1.006327825020161,69.64567507159822,49500.84621863146,4437.224208150604,42586.63812781178,1,0.00010821195355459527,0.00013097269380818563,16,1
612,8,1.8695637546848656,1.874612845841551,0,0.8428406982833336,1.5373211017468253,0.027011960919730838,282.98901924210406,2.8298901924210407,0.0,23.037600592657462,35.026995664039994,28938.566003251388,131994.13252996816,15637.143802126622,19016.610938360453,16460.668294338924,0.9561694436457681,0.9561694436457666,69.64567507159822,49500.84621863146,4437.224208150604,42632.33097602465,1,0.00013753464400442517,0.0001239843436121475,16,1
613,8,1.8284735226407782,1.8076396802371952,0,0.8740679999858574,1.5318705622801179,0.03046166944296342,265.28362002376565,2.6528362002376564,0.0,23.128830932818474,35.026995664039994,28795.439476884578,131820.21700274068,15784.042436347716,18840.171216647985,16363.273118876245,0.9651709352960013,0.9651709352960013,69.64567507159822,49500.84621863146,4437.224208150604,42808.82172373499,1,0.00012969709328764618,0.00012514789694888887,16,1
614,8,1.7464671397102345,1.7381258012011243,0,0.9090251113631407,1.4863774218661998,0.059254796287215354,282.6082149076837,2.826082149076837,0.0,23.225433249458305,35.026995664039994,28679.4333426428,131678.87782190464,15908.938697020485,18692.72114422088,16116.292282506001,1.0442235045869661,1.0442235045869654,69.64567507159822,49500.84621863146,4437.224208150604,42952.86217002447,1,0.00014028448228849797,0.0001358387398601898,16,1
615,8,1.7963769927174253,1.7698191283858302,0,0.8927465946427219,1.54261703552192,0.02366010410005069,143.19896688949365,1.4319896688949365,0.0,22.4685460480404,35.026995664039994,28608.88600764331,131597.15255788065,15980.497957875608,18609.28422457294,16398.111702173162,0.8769627236982751,0.8769627236982743,69.64567507159822,49500.84621863146,4437.224208150604,43036.87963438664,1,6.986119840640734e-05,0.00011328092466085049,16,1
616,8,1.8146787068119876,1.827247805012476,0,0.8646884104420703,1.5583919168855567,0.013676001971166708,202.9819427974512,2.029819427974512,0.0,22.364927450032447,35.03105530289594,28610.182910115396,131600.0867304137,15980.803724922522,18608.941642430418,16771.647297403204,0.7956260097851361,0.795626009785135,69.64567507159822,49500.84621863146,4438.239117864591,43037.18410730084,1,9.68214698046408e-05,0.0001023223834998487,16,1
617,8,1.8438418320098708,1.8291906774292295,0,0.8637699828104058,1.5834633482098748,0.0021919925378953834,208.64698428612618,2.086469842861262,0.0,22.503367447932913,35.03522824258167,28611.31703552075,131602.79313515584,15980.951684785401,18608.79651243461,16982.752232368784,0.6931235185161908,0.6931235185161916,69.64567507159822,49500.84621863146,4439.282352786022,43037.49707777727,1,9.828653515344786e-05,8.832306778816534e-05,16,1
618,8,1.8538125179133478,1.8578629154299182,0,0.8504394952274402,1.5924942437622607,0.007907749216620635,209.90576659628698,2.09905766596287,0.0,22.484790167449614,35.03942635791359,28612.694427913644,131605.74321387737,15983.310486249497,18606.07105687497,17374.77635858485,0.7571756805577204,0.7571756805577201,69.64567507159822,49500.84621863146,4440.331881619003,43037.81193642716,1,9.664850344623763e-05,9.725216946810876e-05,16,1
619,8,1.7246980475286655,1.7110415422965315,0,0.9234141667182144,1.5000641040425897,0.05059233921355085,179.07858047681185,1.7907858047681184,0.0,22.291527418994654,35.03942635791359,28516.695840938293,131493.13519474838,16082.858677169306,18491.259729794736,17313.708638982505,0.7226829311267882,0.7226829311267878,69.64567507159822,49500.84621863146,4440.331881619003,43152.38656404855,1,8.274533629316566e-05,9.256012496428372e-05,16,1
620,8,1.635703403321769,1.655983330650033,0,0.9541158843548222,1.4379012558463973,0.08993591402126759,171.59690523004488,1.715969052300449,0.0,22.149971999716602,35.03942635791359,28436.136763649534,131397.3996696949,16168.913623872395,18393.15942944627,17235.553995484614,0.6772421772452449,0.6772421772452446,69.64567507159822,49500.84621863146,4440.331881619003,43249.93705580115,1,7.964787451566686e-05,8.63472380850234e-05,16,1
621,8,1.5730625112938939,1.6063939032561527,0,0.9835694699770384,1.3980135965660005,0.11518126799620222,221.9131563586103,2.219131563586103,0.0,22.33985607201497,35.03942635791359,28357.923951191657,131301.91469474515,16257.54671842415,18293.196383197504,17377.937713148014,0.6906645006567941,0.6906645006567941,69.64567507159822,49500.84621863146,4440.331881619003,43347.2662472945,1,0.00010215856911063159,8.818392663982137e-05,16,1
622,8,1.56244334658493,1.563517615712891,0,1.0105418603036296,1.4086928775513228,0.10842222939789702,182.3568463645319,1.8235684636453189,0.0,22.23084132089408,35.03942635791359,28250.849592347,131177.24374177933,16375.064214307293,18162.305311019274,17501.15938604596,0.691596635528628,0.6915966355286283,69.64567507159822,49500.84621863146,4440.331881619003,43473.771988967725,1,8.335760727254621e-05,8.838801696628156e-05,16,1
623,8,1.5975173228191817,1.5992535280862563,0,0.9879609281779757,1.4663709371420501,0.07191712839110755,260.9869028078334,2.609869028078334,0.0,22.47158953549438,35.03942635791359,28112.56602610856,131020.08187290245,16522.74332369595,18000.471784815723,17729.43293400691,0.7842454139602919,0.7842454139602915,69.64567507159822,49500.84621863146,4440.331881619003,43633.00230866347,1,0.00011776435434987127,0.00010109351024434968,16,1
624,8,1.7028392197785622,1.684574966907471,0,0.9379220462361204,1.5834221396080839,0.002165911144356833,323.7750699324563,3.237750699324563,0.0,22.871469194765794,35.04590185931224,28008.969334608253,130910.07848066685,16630.260657950337,17884.466419364002,18152.857658531946,0.8825927163786956,0.8825927163786952,69.64567507159822,49500.84621863146,4441.950756968666,43746.99763434225,1,0.00014268830881523722,0.00011460342347921823,16,1
625,8,1.7676223554565822,1.7864542437757145,0,0.884433511524276,1.5775201654051192,0.0015695155663803043,304.3639738637755,3.043639738637755,0.0,22.97975097076184,35.07044529747612,28353.091359018363,131292.63224438747,16292.735896888495,18256.12428573561,17877.219569648918,1.0121107024100984,1.0121107024100997,69.64567507159822,49500.84621863146,4448.086616509637,43746.99763434225,1,0.00013620192902055533,0.0001322181973952213,16,1
626,8,1.7082864508680613,1.6635303494992832,0,0.9497873005296084,1.5440205898729442,0.022771778561427754,203.93821771073698,2.03938217710737,0.0,22.387984401334684,35.07044529747612,28252.390213526483,131180.7854124661,16396.52896067487,18140.929239221845,17921.00274218946,0.9457585190593799,0.9457585190593784,69.64567507159822,49500.84621863146,4448.086616509637,43861.409732296925,1,9.103875297362799e-05,0.00012330966360314018,16,1
627,8,1.6865824072030915,1.684695020280334,0,0.9378552087944603,1.5466489686540341,0.02110824768732022,265.93163404109265,2.6593163404109266,0.0,22.45128266998135,35.07044529747612,28141.124800913847,131057.99096069929,16515.91860453135,18010.20032453901,18157.376136590792,0.8831913567785179,0.8831913567785179,69.64567507159822,49500.84621863146,4448.086616509637,43986.593219800234,1,0.0001171674286154976,0.0001148027035365603,16,1
628,8,1.5696518962163277,1.5635609764481906,0,1.010513835916494,1.4627728171417,0.07419441953056963,278.734167673734,2.7873416767373405,0.0,22.663193723929997,35.07044529747612,28020.523835230433,130921.97673731156,16649.563507555515,17866.08188541219,18050.218572904523,0.8530702762316037,0.8530702762316033,69.64567507159822,49500.84621863146,4448.086616509637,44124.86400050041,1,0.0001235371933244715,0.00011058112497119903,16,1
629,8,1.477338519644422,1.4659884675275006,0,1.0777710977936876,1.394015705658209,0.11771157869733613,424.8992399766948,4.248992399766948,0.0,23.32942132685811,35.07044529747612,27941.403945635957,130822.78820620185,16753.824916528523,17755.231020786403,17392.118360791515,1.110256534100371,1.1102565341003705,69.64567507159822,49500.84621863146,4448.086616509637,44226.84543756684,1,0.00019544450246363555,0.00014538304146786822,16,1
630,8,1.4088463405027616,1.4050600883569135,0,1.12450706777079,1.3494597639801693,0.145911541784703,254.54400029327505,2.5454400029327506,0.0,22.852855576131628,35.07044529747612,27832.125315082645,130697.78377451246,16880.04361599614,17622.894961892795,17343.838002170884,1.10998183436587,1.1099818343658718,69.64567507159822,49500.84621863146,4448.086616509637,44354.59840836318,1,0.00011741069088002988,0.00014546412888937898,16,1
631,8,1.457706039373906,1.4050600883569135,1,1.12450706777079,1.4125570521731274,0.10597654925751432,208.81146929344365,2.0881146929344365,0.0,22.125943460937034,35.07044529747612,27746.830899665383,130604.11108607316,16978.417694077496,17521.091961272636,17549.90249602818,1.0389155730743183,1.0389155730743176,69.64567507159822,49500.84621863146,4448.086616509637,44450.84550475393,1,9.51852441758926e-05,0.000136013479173186,16,1
632,8,1.488563845183903,1.4829969885823044,0,1.0654101202932498,1.4651232703625088,0.07270679090980461,253.15636611693304,2.5315636611693306,0.0,22.241153584208007,35.07044529747612,27620.873181410072,130470.22530079413,17111.496760655256,17385.264387064562,17642.944168179143,0.8426543518915252,0.842654351891525,69.64567507159822,49500.84621863146,4448.086616509637,44586.794530942,1,0.00011479098440883876,0.00010912897315492042,16,1
633,8,1.536275366780302,1.5197839597265337,0,1.0396214474353984,1.5255203054105135,0.03448081936043452,187.35562865250677,1.8735562865250677,0.0,21.98824572678806,35.07044529747612,27551.39779570395,130399.20984345711,17187.471718660403,17308.645007845793,17632.589306206402,0.7633021733964818,0.7633021733964811,69.64567507159822,49500.84621863146,4448.086616509637,44659.66305308107,1,8.500424998230314e-05,9.83268261890115e-05,16,1
634,8,1.601894206704145,1.6063945556214347,0,0.9835690705443011,1.5905928790652164,0.006704353838744514,111.25243944017768,1.1125243944017769,0.0,21.326425840390552,35.07267034626492,27552.096773520825,130401.19442298896,17187.01163932592,17309.12714243584,18027.052953359635,0.649485652778843,0.649485652778843,69.64567507159822,49500.84621863146,4448.642878706838,44659.829931740234,1,4.937132640726791e-05,8.30555202661366e-05,16,1
635,8,1.6477542017631361,1.6831217479640306,0,0.9387318546095845,1.5412627645679453,0.024517237615224532,184.6192973631548,1.846192973631548,0.0,21.4697168849674,35.085951566874066,28064.77771683034,130936.3055906708,16682.06035520452,17834.684439457047,17694.59011736436,0.5743763528563236,0.574376352856324,69.64567507159822,49500.84621863146,4451.963183859125,44659.829931740234,1,8.346926202352934e-05,7.261494613770013e-05,16,1
636,8,1.623645161900931,1.6348820970501867,0,0.9664305474081524,1.5450096563792663,0.0221457871017302,224.29461703077374,2.2429461703077376,0.0,21.75461467754216,35.085951566874066,27925.257573754825,130787.35364695884,16826.095743767662,17682.48427137587,18076.05279123094,0.6087232427506282,0.6087232427506287,69.64567507159822,49500.84621863146,4451.963183859125,44810.36037932235,1,9.926707766181503e-05,7.736922203087076e-05,16,1
637,8,1.561262393990648,1.561719031837902,0,1.0117056703474916,1.5056286384103732,0.047070482018751185,116.77260969451763,1.1677260969451764,0.0,21.21054491522849,35.085951566874066,27816.203282436334,130673.0613853799,16939.038025998285,17564.94422707741,18324.40634208338,0.6109589495552724,0.6109589495552725,69.64567507159822,49500.84621863146,4451.963183859125,44926.24142125243,1,5.098014419221453e-05,7.790549462585296e-05,16,1
638,8,1.521385703612152,1.495257946241201,0,1.056673869529886,1.4879215905277163,0.058277474349546665,185.2639094525956,1.852639094525956,0.0,21.2568502276449,35.085951566874066,27700.893651027403,130551.7657344882,17058.578216734553,17442.234314030673,18527.16336962477,0.6021378262761746,0.6021378262761751,69.64567507159822,49500.84621863146,4451.963183859125,45049.095336587685,1,7.999666468374118e-05,7.674796217925691e-05,16,1
639,8,1.5697683617240579,1.593994577853594,0,0.991220435722913,1.5430495554980261,0.023386357279730336,187.82880579520824,1.8782880579520824,0.0,21.398144928082655,35.085951566874066,27660.825350399075,130510.50400355973,17101.980973165457,17398.111783789882,18691.079409966085,0.5561193724862964,0.5561193724862962,69.64567507159822,49500.84621863146,4451.963183859125,45091.80115763248,1,8.039291971337211e-05,7.04565761964426e-05,16,1
640,8,1.5933319036770015,1.5993301856887419,0,0.9879135741564101,1.5663008019719256,0.008670378498781335,108.22989226131855,1.0822989226131856,0.0,20.903467281945073,35.088116164719295,27661.51914293286,130512.29688714852,17102.46962768015,17397.62276514377,19055.303162987897,0.5408877840380304,0.5408877840380301,69.64567507159822,49500.84621863146,4452.504333320431,45091.96350247087,1,4.5438224240499766e-05,6.860926954587101e-05,16,1
641,8,1.535807759025004,1.518988342531278,0,1.0401659813708977,1.5217148229094462,0.036889352588958174,279.8633468107272,2.798633468107272,0.0,21.386313314710247,35.088116164719295,27610.852244577603,130458.58744834541,17170.191907304412,17329.20883609982,19451.390895242777,0.6264030776996351,0.6264030776996354,69.64567507159822,49500.84621863146,4452.504333320431,45147.35088058464,1,0.00011510265700502615,8.031126698629934e-05,16,1
642,8,1.5274128728677934,1.520827689440073,0,1.0389079650316682,1.5415650829412715,0.02432589687261303,166.6680844908767,1.6666808449087671,0.0,21.196255137581446,35.088116164719295,27453.978688780717,130301.28564778143,17329.495193983235,17170.40320418242,19713.49151112631,0.5944761491427152,0.594476149142716,69.64567507159822,49500.84621863146,4452.504333320431,45306.24003874515,1,6.76361503579654e-05,7.60590105344971e-05,16,1
643,8,1.4878825805794402,1.501308290141072,0,1.0524154235180663,1.5276364491370162,0.03314148788796445,216.2995445510123,2.162995445510123,0.0,21.126330759661204,35.088116164719295,27312.3244166055,130160.74376274661,17478.91486185448,17024.058940905645,20113.12836498208,0.6923505254394231,0.6923505254394238,69.64567507159822,49500.84621863146,4452.504333320431,45448.63535587945,1,8.603317818131173e-05,8.959066184810109e-05,16,1
644,8,1.5234460585836012,1.5448793137887387,0,1.0227336115499726,1.5644435972052388,0.009845824553646345,163.46157796820097,1.6346157796820098,0.0,20.917005613803973,35.09138539627866,27313.24855433526,130162.81007733932,17480.562458401677,17022.469858709024,20631.521975936703,0.5651662998814497,0.5651662998814494,69.64567507159822,49500.84621863146,4453.321641210272,45448.8805482464,1,6.338323586940495e-05,7.235085480289403e-05,16,1
645,8,1.5302295176355851,1.5254198203024754,0,1.0357804317022064,1.5719403335867608,0.005101054691923605,131.10756692625552,1.3110756692625551,0.0,20.539831378984026,35.09400754761719,27314.071005821195,130164.66244134441,17483.51870310611,17019.6004390202,20822.12154853533,0.5221579772238548,0.5221579772238542,69.64567507159822,49500.84621863146,4453.977179044903,45449.07720959679,1,5.0372414403844605e-05,6.659627615152043e-05,16,1
646,8,1.4526384940131174,1.4454813390912113,0,1.0930614994956365,1.5168751495067128,0.03995243702106792,239.98184274154707,2.399818427415471,0.0,20.900544695908383,35.09400754761719,27183.483630066065,130035.9782785895,17627.494338075237,16881.004898005976,20449.095636162325,0.5425636925489145,0.5425636925489147,69.64567507159822,49500.84621863146,4453.977179044903,45579.21147316537,1,9.38845793521202e-05,6.921340987512325e-05,16,1
647,8,1.4406459225172972,1.4807373276487,0,1.0670359762652313,1.5289991051719014,0.03227904735955611,283.8204113004344,2.838204113004344,0.0,21.291349454672684,35.09400754761719,27045.83368537243,129902.68650765698,17771.544056799918,16744.6157395801,20664.627163630288,0.6559992348714871,0.6559992348714871,69.64567507159822,49500.84621863146,4453.977179044903,45714.246685828104,1,0.0001098768089268827,8.471126756094917e-05,16,1
648,8,1.523041784062206,1.5179931507194395,0,1.0408479111063005,1.5933337638792862,0.008439091062839296,134.08035702282245,1.3408035702282246,0.0,20.57419136136642,35.10023240815701,27176.67616907319,130029.40096530954,17644.228116805516,16865.830172325368,20501.94454702244,0.6597577593899495,0.6597577593899496,69.64567507159822,49500.84621863146,4455.53339417986,45714.246685828104,1,5.23190789889422e-05,8.53601557559817e-05,16,1
649,8,1.634630802724976,1.6288390062251945,0,0.9700160629512563,1.5987664635471888,0.011877508574170059,246.20900796430763,2.4620900796430765,0.0,20.758275810824674,35.14091905348641,27769.301083900853,130621.1134926433,17061.219035425693,17443.9449433206,20493.645090393744,0.6655189500456112,0.6655189500456113,69.64567507159822,49500.84621863146,4465.705055512209,45714.246685828104,1,9.611135818087002e-05,8.610241536556498e-05,16,1
650,8,1.6129507766088078,1.6118851013295703,0,0.9802187505156108,1.5772936122114376,0.0017129036636471327,159.246745561764,1.59246745561764,0.0,20.56318470891058,35.14410398839764,27770.237485522975,130623.22540069158,17059.774606558974,17445.437227023966,20612.503228154073,0.5479877141911561,0.5479877141911567,69.64567507159822,49500.84621863146,4466.501289240017,45714.48555594645,1,6.180588307945172e-05,7.007877341642131e-05,16,1
651,8,1.6003539560919982,1.5743687153271866,0,1.0035768524983952,1.5795457710776186,0.0002874866597350949,168.2738225504228,1.682738225504228,0.0,20.397290660142183,35.14746946484865,27691.702304896306,130544.80697276612,17139.136974248206,17364.919816174744,19838.012566788315,0.5869182245964492,0.5869182245964493,69.64567507159822,49500.84621863146,4467.34265835277,45795.31298357573,1,6.785914545981783e-05,7.525879557337986e-05,16,1
652,8,1.5864407132101608,1.5743687153271866,1,1.0035768524983952,1.5791174728879258,0.0005585614633381396,271.812322497593,2.71812322497593,0.0,20.831004117928085,35.1529057112986,27624.90043860631,130478.7013915302,17211.913254760588,17291.73440760969,19681.195104832976,0.6230001494829949,0.6230001494829948,69.64567507159822,49500.84621863146,4468.701719965258,45864.38611340098,1,0.00011048610454792796,8.00503776957325e-05,16,1
653,8,1.6564180775690582,1.6332995808324622,0,0.9673669292161966,1.596234442383269,0.010274963533714548,263.3041591411025,2.633041591411025,0.0,21.04174273946737,35.17599500117557,27908.938669472816,130772.40465841934,16935.892301420918,17574.434821711806,19641.64446936125,0.7340337506444122,0.7340337506444121,69.64567507159822,49500.84621863146,4474.474042434501,45864.38611340098,1,0.00010724322377459883,9.51961579274482e-05,16,1
654,8,1.6945712793085799,1.6734260081160988,0,0.9441708162398674,1.615549286076365,0.02249954814959802,177.79285353469578,1.7779285353469578,0.0,20.515003024846525,35.187848954680376,28001.58058223863,130871.89983326141,16845.292785889098,17669.25317137144,20092.077291240978,0.7393349898108948,0.7393349898108956,69.64567507159822,49500.84621863146,4477.437530810703,45864.38611340098,1,7.07912281871237e-05,9.617351883655017e-05,16,1
655,8,1.7120511936963834,1.7106411031918538,0,0.923630326111016,1.5968904903696246,0.010690183778243375,310.15448149506716,3.1015448149506715,0.0,20.88145528260719,35.2085838682838,28191.944155591067,131077.848973482,16662.305892193683,17863.917948350692,20195.78444089321,0.7699135222640268,0.7699135222640274,69.64567507159822,49500.84621863146,4482.621259211559,45864.38611340098,1,0.00012285909761130322,0.00010029784985767525,16,1
656,8,1.751817786437575,1.7350495879542662,0,0.9106367973395623,1.5945298425946293,0.009196102907993161,326.0022259328856,3.2600222593288564,0.0,21.223649356003342,35.23089555049255,28401.080664421952,131308.24045527386,16460.24935614717,18083.924691164873,20678.529459394016,0.8155748962754803,0.8155748962754807,69.64567507159822,49500.84621863146,4488.199179763745,45864.38611340098,1,0.00012612201523248516,0.00010659078034363737,16,1
657,9,1.8072913653157772,1.8072183530221377,0,0.8742717764888954,1.726159967248226,0.09250630838495309,195.59623252399086,1.9559623252399088,0.0,54.75842254415744,35.70164976963556,27271.940470978472,131653.9557726662,17594.82699812136,18421.803025951463,20682.47941824659,0.886588713593307,0.886588713593308,103.41239709123296,49397.433821540224,4492.204106138708,45864.38611340098,1,7.565678314232717e-05,0.00010821263199537185,19,1
658,9,1.8752581037488787,1.8888809282155965,0,0.8364741135337775,1.6862923354530217,0.06727363003355799,195.03876399292776,1.9503876399292777,0.0,54.2677031389603,35.75385895775006,27806.452356828475,132237.76852019233,17073.177832955163,18986.39661396174,20133.420801867876,0.7779570298612439,0.7779570298612448,103.41239709123296,49397.433821540224,4505.256403167333,45864.38611340098,1,7.749850993024814e-05,9.309243610168684e-05,19,1
659,9,1.7322008923339351,1.7404630132603254,0,0.90780441064373,1.5580393566506079,0.0138991413603748,171.36854595921773,1.7136854595921773,0.0,53.97040977418484,35.757286328669245,27807.391280179276,132240.3524709505,17075.32074166771,18984.04279670442,20081.113592177277,0.6369009914288097,0.6369009914288092,103.41239709123296,49397.433821540224,4506.113245897129,45864.64316621992,1,6.827053496713466e-05,7.380860934656998e-05,19,1
660,9,1.705207334138801,1.7071998339973704,0,0.9254921237313298,1.5489876865805383,0.01962804646801377,190.74784103929102,1.90747841039291,0.0,53.87573226731258,35.757286328669245,27721.145042435593,132144.9667830862,17160.01991566182,18890.654888774676,19284.841890558866,0.6492203841030746,0.6492203841030749,103.41239709123296,49397.433821540224,4506.113245897129,45961.912476044105,1,7.91286097637851e-05,7.496588488705596e-05,19,1
661,9,1.6793621576629378,1.691136825165936,0,0.9342827714989702,1.5322448791749486,0.030224760015855386,202.454831591843,2.02454831591843,0.0,53.8456936844515,35.757286328669245,27687.447662646056,132107.44461117315,17197.918433031893,18849.162950088747,19154.934116802793,0.6670246250025392,0.6670246250025387,103.41239709123296,49397.433821540224,4506.113245897129,46001.348102089796,1,8.455464492117411e-05,7.731792988403129e-05,19,1
662,9,1.6534030802731936,1.658821314653735,0,0.9524835412003443,1.5242633791632436,0.03527634230174459,142.66206524775959,1.426620652477596,0.0,53.34770243592146,35.757286328669245,27602.04998358578,132014.1951260173,17287.34051807986,18751.970593176397,19438.79062518515,0.6413329532691493,0.6413329532691495,103.41239709123296,49397.433821540224,4506.113245897129,46096.44775072002,1,5.871232135724525e-05,7.413185868073482e-05,19,1
663,9,1.6940990387344101,1.7024880029062577,0,0.9280535294832254,1.563080514502197,0.010708535125191758,179.2578221452218,1.7925782214522181,0.0,53.189033871575454,35.76087148511215,27603.133536907404,132016.6618071055,17294.54357742809,18744.18456249658,19623.906915923704,0.6253681073072099,0.6253681073072093,103.41239709123296,49397.433821540224,4507.0095350078545,46096.71663745324,1,7.307732264048363e-05,7.211476297296766e-05,19,1
664,9,1.6409026950551835,1.6468039255652096,0,0.9594341958212899,1.533752389620371,0.02927063948077784,225.6589877321727,2.2565898773217272,0.0,53.347580453529844,35.76087148511215,27495.45704992708,131899.57710707912,17407.180086603254,18623.272511730614,19595.09362386726,0.6442392788650364,0.6442392788650361,103.41239709123296,49397.433821540224,4507.0095350078545,46215.6458438002,1,9.21287714419757e-05,7.463947181323486e-05,19,1
665,9,1.608780042986516,1.5776661237800036,0,1.001479322009149,1.5251462892557779,0.03471753844571024,236.82588363265748,2.3682588363265746,0.0,53.3942453280054,35.76087148511215,27373.255600456534,131768.17239635496,17530.920985068416,18492.256129550646,19384.687090394007,0.7403665390290923,0.740366539029093,103.41239709123296,49397.433821540224,4507.0095350078545,46349.118747212466,1,9.773730472028736e-05,8.764779960091555e-05,19,1
666,9,1.5954709743394948,1.5927100939430479,0,0.9920198321142163,1.5239337732803788,0.03548495362001345,140.6250660481287,1.406250660481287,0.0,52.70401640000983,35.76087148511215,27309.817261937817,131701.54669219002,17596.99686275504,18423.043194084647,19643.62011003004,0.6992955820965442,0.6992955820965444,103.41239709123296,49397.433821540224,4507.0095350078545,46417.71279409596,1,5.727052967241023e-05,8.237886861155776e-05,19,1
667,9,1.6797005447212092,1.6924167281033138,0,0.9335762130942189,1.5650042070001902,0.00949100822772779,160.80562056927735,1.6080562056927736,0.0,52.343919556622325,35.764087597523535,27531.097117290024,131938.28138327302,17380.01466935105,18653.76462043467,20015.908319254642,0.6290305328577893,0.6290305328577885,103.41239709123296,49397.433821540224,4507.813563110701,46417.954002526814,1,6.4271125948189e-05,7.309298678029553e-05,19,1
668,9,1.748847401520605,1.710505729007242,0,0.9237034247859631,1.6300731753172546,0.03169188311218641,232.04576250540222,2.320457625054022,0.0,52.56053241349887,35.77873407047278,27534.5372330788,131943.85374633304,17383.454272024483,18650.08840916939,19934.59092709993,0.618588031532599,0.6185880315325989,103.41239709123296,49397.433821540224,4511.4751813480125,46417.954002526814,1,9.312285899579684e-05,7.155483820546535e-05,19,1
669,9,1.6931709275363773,1.6822068494296216,0,0.9392424008591593,1.5798043121306125,0.00012385308189089708,233.09985000131636,2.3309985000131634,0.0,52.585146098212235,35.78339606747281,27535.77588940044,131946.77403881567,17392.423075166167,18640.501791369657,20428.03660476418,0.6990789373303298,0.6990789373303299,103.41239709123296,49397.433821540224,4512.640680598019,46418.303652301816,1,9.128624723413833e-05,8.28934107260414e-05,19,1
670,9,1.734727513701613,1.7337192686527043,0,0.9113355481293338,1.5791389802787037,0.0005449491906939078,344.03922094228653,3.4403922094228654,0.0,52.93179036528745,35.80021529707095,27752.050451181,132186.33350544583,17179.552771889437,18872.21026057229,20824.062569002483,0.8631199726160693,0.8631199726160703,103.41239709123296,49397.433821540224,4516.845487997554,46418.303652301816,1,0.00013216987599889515,0.00010552632740961012,19,1
671,9,1.680897503051663,1.6849013368988746,0,0.9377403681737535,1.5552119994134586,0.015688607966165516,239.50790326217037,2.395079032621704,0.0,52.50416891766638,35.80021529707095,27621.349851819385,132044.30251070458,17319.956290723123,18719.680206312907,20936.904379739986,0.8579645986424401,0.8579645986424413,103.41239709123296,49397.433821540224,4516.845487997554,46562.98956015991,1,9.151607092171086e-05,0.00010499073138491479,19,1
672,9,1.7803307076550128,1.7851183492841571,0,0.8850953779247125,1.5883813486395515,0.005304651037690774,212.4877078475983,2.124877078475983,0.0,51.91223675038208,35.81830915129834,27936.88600592758,132396.9199802641,17008.342143356873,19063.730400798486,21034.737597002684,0.8310293193691008,0.8310293193691006,103.41239709123296,49397.433821540224,4521.368951554402,46562.98956015991,1,8.081401799958806e-05,0.00010149998830673135,19,1
673,9,1.7643201202742878,1.772428664050896,0,0.891432209400688,1.5746617725005962,0.003378624999622674,290.1294152222143,2.901294152222143,0.0,52.08928423770752,35.82411173960278,27938.584101779827,132400.5643219428,17011.41399393779,19060.334420996212,21477.951101181086,0.7708184697221296,0.7708184697221291,103.41239709123296,49397.433821540224,4522.819598630513,46563.42475428274,1,0.00010806595614467524,9.346534835532472e-05,19,1
674,9,1.7980998314696917,1.8001569090407015,0,0.8777012670756449,1.586570786714299,0.004158725768543673,286.15159677838903,2.8615159677838906,0.0,52.17939546969339,35.829834771538344,28039.755266132932,132516.85595296219,16914.62742244111,19169.764735584286,20933.049493658196,0.816697126957436,0.816697126957436,103.41239709123296,49397.433821540224,4524.250356614405,46563.85398167791,1,0.00010935878095165468,9.941291836530599e-05,19,1
675,9,1.7892685268876998,1.7897341533145092,0,0.8828126775554399,1.5793885869715487,0.0003869702711717452,379.78701582068993,3.797870158206899,0.0,52.515880389110684,35.837430511854755,28041.363022352958,132521.48601317042,16917.923491640544,19166.09268522705,20964.016890648418,0.9731619458648544,0.9731619458648558,103.41239709123296,49397.433821540224,4526.1492916935085,46564.42366220164,1,0.000144929101250669,0.00012078461278233297,19,1
676,9,1.3345193832941729,1.3225757077628328,0,1.194638606112467,1.194919439595172,0.24372187367394174,166.425461818038,1.6642546181803801,0.0,51.44334445982753,35.837430511854755,27938.284166577225,132394.90940879515,17039.31260003313,19029.979921036942,21004.016890648418,0.8624077697987432,0.8624077697987438,103.41239709123296,49397.433821540224,4526.1492916935085,46693.77005887998,1,6.33880510321377e-05,0.00010589197774482047,19,1
677,9,1.2148906569727838,1.2311637945920986,0,1.2833385833308035,1.1057171187065007,0.300179038793354,159.31682204022118,1.593168220402212,0.0,50.65380101695752,35.837430511854755,27822.49355658154,132253.89890043982,17179.244215453593,18875.445571127348,21044.016890648418,0.7421373093375501,0.742137309337549,103.41239709123296,49397.433821540224,4526.1492916935085,46837.12919344354,1,6.056517550544972e-05,8.962744259608547e-05,19,1
678,9,1.2125236872771707,1.2304431406827188,0,1.2840902173856872,1.1225468764030646,0.28952729341578193,177.20361646397248,1.772036164639725,0.0,50.58827668450068,35.837430511854755,27697.614979268605,132102.75054691837,17326.603671097244,18715.403171925514,20463.366012848783,0.5604252212069379,0.5604252212069384,103.41239709123296,49397.433821540224,4526.1492916935085,46989.97034510352,1,6.927642944086825e-05,6.44098853261519e-05,19,1
679,9,1.1601503985837345,1.1627050562309056,0,1.358900085221804,1.0839938597068615,0.3139279368943915,221.5991388198572,2.2159913881985718,0.0,50.7236582793904,35.837430511854755,27649.098919135224,132030.91979792994,17406.671534054163,18629.58607875337,20503.366012848783,0.6166404888388761,0.6166404888388768,103.41239709123296,49397.433821540224,4526.1492916935085,47063.64921066194,1,8.646351576847951e-05,7.210170690493249e-05,19,1
680,9,1.1461066338448676,1.1458491065693417,0,1.3788901094756716,1.0843514938834047,0.3137015861497439,163.50533620515344,1.6350533620515344,0.0,50.356938120097446,35.837430511854755,27557.435280008944,131919.59311617538,17516.05975945357,18513.62072388261,20543.366012848783,0.6233736968011379,0.6233736968011371,103.41239709123296,49397.433821540224,4526.1492916935085,47176.82705961624,1,6.367226718460434e-05,7.313740413131736e-05,19,1
681,9,1.1465122902382896,1.149352931221489,0,1.3746865362938046,1.0973296636512058,0.30548755465113564,86.63594698783193,0.8663594698783194,0.0,49.58021327300886,35.837430511854755,27464.974241050797,131815.8314901122,17617.61437249492,18407.240842770563,20583.366012848783,0.5351855631636686,0.5351855631636686,103.41239709123296,49397.433821540224,4526.1492916935085,47282.16502754904,1,3.3672217433728214e-05,6.126933346227068e-05,19,1
682,9,1.1613407418345634,1.1663704460985755,0,1.3546296592861944,1.135615410437197,0.2812560693435463,185.76606827776448,1.8576606827776447,0.0,49.725650564414615,35.837430511854755,27295.37827551407,131624.6580341652,17807.833559731433,18211.238106361234,20179.7705253111,0.5060140042189074,0.5060140042189066,103.41239709123296,49397.433821540224,4526.1492916935085,47474.76452432318,1,7.364447203986255e-05,5.6996318886065036e-05,19,1
683,9,1.1410064364320156,1.1437708677867444,0,1.381395561383183,1.1323504857252558,0.2833224773890787,99.45530186719466,0.9945530186719467,0.0,49.35692975372303,35.837430511854755,27178.501422333073,131498.14524715574,17940.167281827515,18077.30609672639,19568.24750950995,0.45214013292497773,0.4521401329249779,103.41239709123296,49397.433821540224,4526.1492916935085,47602.49709543566,1,4.06598707702815e-05,4.932552008129075e-05,19,1
684,9,1.0578703293618896,1.075397321208018,0,1.469224414865708,1.0745302247015303,0.319917579302829,128.9036065189347,1.289036065189347,0.0,49.14322575387453,35.837430511854755,26987.05302650739,131296.83771373524,18150.177074423314,17868.770331732732,18858.464492923897,0.5063166887295203,0.5063166887295206,103.41239709123296,49397.433821540224,4526.1492916935085,47805.0899378241,1,5.468254600147414e-05,5.632896293720606e-05,19,1
685,9,1.0694629178666237,1.0653635864416835,0,1.483061764178747,1.102345628995651,0.3023128930407272,144.30199721608614,1.4430199721608614,0.0,49.15477706109825,35.837430511854755,26871.080062235527,131170.96390420126,18283.90210031275,17738.497596260986,18380.070881969274,0.48244658863031725,0.4824465886303171,103.41239709123296,49397.433821540224,4526.1492916935085,47932.13906118198,1,6.280802642938464e-05,5.2716814400380095e-05,19,1
686,9,1.0235949239360977,1.02648175476127,0,1.539238269624639,1.067458820797209,0.32439315139417146,147.27225326660954,1.4727225326660953,0.0,49.046328248501624,35.837430511854755,26787.31824606893,131077.35552060456,18391.11964830264,17635.39384446223,18420.070881969274,0.5387207036526719,0.5387207036526719,103.41239709123296,49397.433821540224,4526.1492916935085,48027.04799506353,1,6.396164453884655e-05,6.048407232323511e-05,19,1
687,9,0.9032599218670768,0.8917278960769276,0,1.7718409471667989,0.9530002639433032,0.3968352759852512,99.80979522671504,0.9980979522671504,0.0,48.619749154838566,35.837430511854755,26697.061913247046,130982.95663575969,18498.677305440735,17533.168090025567,18063.983149714393,0.5142738140797752,0.5142738140797752,103.41239709123296,49397.433821540224,4526.1492916935085,48122.65175540627,1,4.4202784911607106e-05,5.699081862661277e-05,19,1
688,9,0.9173911751822399,0.9123982343637085,0,1.7316999753971094,0.9814846380134038,0.3788071911307571,86.93487236906228,0.8693487236906228,0.0,48.23081749131315,35.837430511854755,26581.486898110965,130867.03287659462,18628.14523664584,17411.67960071382,18103.983149714393,0.4539181979533638,0.4539181979533638,103.41239709123296,49397.433821540224,4526.1492916935085,48239.626640288465,1,3.841579906483011e-05,4.886007617176125e-05,19,1
689,9,0.9441829850036518,0.9407334941307864,0,1.6795404967055834,1.0229704081773077,0.35255037457132427,164.6363954677146,1.646363954677146,0.0,48.40266953275624,35.837430511854755,26486.119556264715,130763.68627543679,18746.192542233566,17302.393002272885,17693.550327834666,0.4820233865329556,0.48202338653295607,103.41239709123296,49397.433821540224,4526.1492916935085,48344.04799553682,1,7.443905487242606e-05,5.235254628295442e-05,19,1
690,9,0.9415266478211131,0.9373792624488397,0,1.6855504098440979,1.0340051067850788,0.3455663881107096,124.96017842682772,1.2496017842682772,0.0,48.232264405480755,35.837430511854755,26380.045561952662,130655.66276933889,18873.792072775854,17185.774098547983,17465.27677987372,0.5146918828365026,0.5146918828365034,103.41239709123296,49397.433821540224,4526.1492916935085,48453.190537134986,1,5.723822416410912e-05,5.66976927004551e-05,19,1
691,9,0.8910921726860201,0.8900253498771341,0,1.7752303349765435,0.9941801927818713,0.3707720298848916,183.85009345527448,1.8385009345527448,0.0,48.29475326499041,35.837430511854755,26263.140818972082,130533.74816349655,19023.510100325842,17050.93409674588,17505.27677987372,0.6255630997069468,0.6255630997069467,103.41239709123296,49397.433821540224,4526.1492916935085,48576.44588982614,1,8.402042230678778e-05,7.189923378110766e-05,19,1
692,9,0.9276305944564301,0.9253043044037447,0,1.7075463633751642,1.0494648564753393,0.3357817364080132,264.11955638205643,2.641195563820564,0.0,48.63103077449803,35.837430511854755,26175.36486515632,130431.6584488687,19156.68569752521,16932.751613134056,17545.27677987372,0.7379414493138862,0.7379414493138854,103.41239709123296,49397.433821540224,4526.1492916935085,48680.09785857302,1,0.00012042878989975439,8.722914545688376e-05,19,1
693,9,0.8988599361846825,0.8967961615948934,0,1.7618273445663206,1.0344587683400994,0.3452792605442409,107.54585201240236,1.0754585201240237,0.0,47.81652556470813,35.837430511854755,26031.535293404308,130297.0280469429,19321.47130519091,16788.77592409582,17585.27677987372,0.7157928848345189,0.7157928848345189,103.41239709123296,49397.433821540224,4526.1492916935085,48816.225939208125,1,4.892540656988154e-05,8.445820625880791e-05,19,1
694,9,0.9100030168774182,0.9183534206940348,0,1.7204705338887218,1.065766970580405,0.32546394267062984,131.98364264318604,1.3198364264318605,0.0,47.35204603099309,35.837430511854755,25883.538824160863,130158.47458510543,19491.494110615324,16642.773639765575,17625.27677987372,0.6559286167279984,0.6559286167279988,103.41239709123296,49397.433821540224,4526.1492916935085,48956.1299411706,1,5.9906528239669067e-05,7.642024156976833e-05,19,1
695,9,0.9146266767139004,0.9191921216707001,0,1.7189007202631725,1.0825397150225473,0.3148482816312992,103.57577886264082,1.0357577886264082,0.0,47.12783602666788,35.837430511854755,25796.393023679513,130075.52660183769,19594.713829335207,16555.372280740285,16301.728324228741,0.4940295916298048,0.4940295916298053,103.41239709123296,49397.433821540224,4526.1492916935085,49040.00844575776,1,5.082934854641121e-05,5.3220427785320604e-05,19,1
696,9,0.8963581627609096,0.9139901714507397,0,1.7286837969954643,1.0686349059553455,0.32364879369914845,123.09248077967389,1.230924807796739,0.0,47.00672338181956,35.837430511854755,25746.87895799825,130022.94788239265,19665.961775211934,16495.573247250682,16341.728324228741,0.5210797488191757,0.5210797488191756,103.41239709123296,49397.433821540224,4526.1492916935085,49093.56348563526,1,6.025922269050245e-05,5.699836649219425e-05,19,1
697,9,0.8648567916662941,0.8655086380367613,0,1.8255161538120799,1.0442477846896205,0.33908368057618954,118.20482650309468,1.1820482650309467,0.0,46.85431480946897,35.837430511854755,25639.214303121087,129922.90854840665,19791.349118242648,16391.39958169835,16381.728324228741,0.5151759170135765,0.515175917013577,103.41239709123296,49397.433821540224,4526.1492916935085,49194.558363638025,1,5.772520416091557e-05,5.627125846594308e-05,19,1
698,9,0.8882811169421013,0.8804192689721216,0,1.7945995228439628,1.0828621269945842,0.3146442234211493,100.8674761381876,1.008674761381876,0.0,46.589412937574686,35.837430511854755,25557.89041183486,129847.16090184527,19886.59603283179,16313.145778999555,15733.561364211186,0.519977684648598,0.519977684648598,103.41239709123296,49397.433821540224,4526.1492916935085,49271.22391234296,1,5.128780384973936e-05,5.642407690038579e-05,19,1
699,9,0.8636718650839987,0.8663912833821403,0,1.823656389792079,1.0704882352117224,0.3224758004989099,98.11101849048006,0.9811101849048006,0.0,46.35536041275062,35.837430511854755,25409.953691070303,129718.5187489984,20052.62064125059,16178.490990725775,15773.561364211186,0.4936132370824202,0.49361323708241933,103.41239709123296,49397.433821540224,4526.1492916935085,49400.72518723456,1,4.9759729575381895e-05,5.292424586201227e-05,19,1
700,9,0.8891143136510687,0.886337650068095,0,1.7826163650823283,1.110209004599682,0.297336073038176,108.61517376311372,1.0861517376311371,0.0,46.24052019399477,35.837430511854755,25353.610927793095,129663.62404002983,20127.078231547806,16118.832826524096,15330.816345710382,0.49388963139798836,0.49388963139798897,103.41239709123296,49397.433821540224,4526.1492916935085,49456.44878585566,1,5.667809009714197e-05,5.257520784075441e-05,19,1
701,9,0.8692188279506009,0.8583416082560381,0,1.8407589528488704,1.0964486948585446,0.3060451298363642,165.91426345110915,1.6591426345110916,0.0,46.396732596178914,35.837430511854755,25281.559900044762,129591.19415153665,20229.72923024277,16037.286207484787,14971.179491854615,0.5878490970239617,0.5878490970239608,103.41239709123296,49397.433821540224,4526.1492916935085,49529.83131451784,1,8.86579516551135e-05,6.503192377587912e-05,19,1
702,9,0.8339234586030526,0.8389457912498627,0,1.8833159621030027,1.0683698340048073,0.3238165607564511,144.8465972068889,1.448465972068889,0.0,46.2821034972856,35.837430511854755,25152.834709232873,129477.2413757313,20387.465719841603,15913.577287661401,15011.179491854615,0.6540256461144411,0.6540256461144416,103.41239709123296,49397.433821540224,4526.1492916935085,49644.83150112878,1,7.719398587458674e-05,7.417667587561408e-05,19,1
703,9,0.8320641423332479,0.8217713605357019,0,1.922675911910606,1.0785515594479567,0.3173724307291414,91.98956300953753,0.9198956300953753,0.0,45.799420267396215,35.837430511854755,25051.103050912134,129390.56317743383,20507.437803177527,15820.758402952082,14247.319647562425,0.6465948293014206,0.6465948293014204,103.41239709123296,49397.433821540224,4526.1492916935085,49732.482422302004,1,5.1652979106298655e-05,7.250163887866631e-05,19,1
704,9,0.797254362671911,0.7810951499310619,0,2.0228009355063183,1.0461101630724583,0.3379049600807226,100.19217411716632,1.0019217411716632,0.0,45.54100110987402,35.837430511854755,24945.68923548116,129301.0579937259,20633.06124793192,15724.728308610343,14287.319647562425,0.5663849936216442,0.5663849936216444,103.41239709123296,49397.433821540224,4526.1492916935085,49822.83109919873,1,5.610131310207522e-05,6.164942602765354e-05,19,1
705,9,0.8116677864221308,0.7977933298331096,0,1.9804627851808692,1.0738768478533967,0.32033110895354644,61.438718535317975,0.6143871853531797,0.0,45.17278193432674,35.837430511854755,24872.94036312504,129240.6955678254,20718.783113971338,15659.867200873974,13885.844018902859,0.4670736039711949,0.4670736039711957,103.41239709123296,49397.433821540224,4526.1492916935085,49883.86456192627,1,3.539646186529601e-05,4.771691802455663e-05,19,1
706,9,0.8231178602497269,0.8161295989934125,0,1.9359670350747238,1.0970417820565992,0.30566975819202585,79.85210314836512,0.7985210314836512,0.0,45.00005973138903,35.837430511854755,24814.79252917104,129189.9091113761,20795.00946882959,15602.63608717569,13523.692729820783,0.459041294751004,0.45904129475100464,103.41239709123296,49397.433821540224,4526.1492916935085,49935.28798787817,1,4.723686332936867e-05,4.6244879432246636e-05,19,1
707,9,0.8097755603919475,0.8164467049106953,0,1.9352151101801849,1.0888173938892205,0.3108750671587212,94.29662530709871,0.9429662530709871,0.0,44.9691671501696,35.837430511854755,24737.345856062526,129123.67653934867,20887.03787768597,15534.113339166448,12914.40908807529,0.47030978414561897,0.4703097841456183,103.41239709123296,49397.433821540224,4526.1492916935085,50002.13781033902,1,5.841328064737791e-05,4.701553528068086e-05,19,1
708,9,0.8067463944853251,0.8162592707911547,0,1.9356594853355773,1.0994792464186403,0.30412705922870875,147.28711808818414,1.4728711808818415,0.0,45.11357834642682,35.837430511854755,24622.182156169292,129025.36377641732,21028.639963635607,15429.831465080237,12561.398335616383,0.6164237655288595,0.6164237655288592,103.41239709123296,49397.433821540224,4526.1492916935085,50101.22631411204,1,9.380300769258701e-05,6.648438388977787e-05,19,1
709,9,0.8071967813746587,0.8155147660294757,0,1.9374265995116182,1.1121320894381612,0.296118930735341,87.9363243208876,0.879363243208876,0.0,44.799895520456005,35.837430511854755,24525.223239532515,128947.06849389244,21143.56825003922,15346.216875037915,11842.168637519606,0.6530289788417527,0.6530289788417518,103.41239709123296,49397.433821540224,4526.1492916935085,50180.28951196756,1,5.940555451458678e-05,7.054061428485058e-05,19,1
710,9,0.8356793472017178,0.8286067947772283,0,1.9068151624616891,1.1668842861108661,0.2614656417019835,87.25744200321647,0.8725744200321647,0.0,44.4778629866483,35.837430511854755,24398.353737508794,128849.0054663584,21285.717989636534,15244.043583434865,11882.168637519606,0.6523906008889563,0.6523906008889557,103.41239709123296,49397.433821540224,4526.1492916935085,50279.112089535796,1,5.874849594555588e-05,7.065235271757656e-05,19,1
711,9,0.8474233892778679,0.8469911528532653,0,1.865426804846122,1.195107391712061,0.24360291663793615,177.49724918194178,1.7749724918194179,0.0,44.740675978739084,35.837430511854755,24315.980613368607,128776.88122456011,21391.974864295415,15168.561393364555,11012.19103514631,0.749570138892444,0.749570138892443,103.41239709123296,49397.433821540224,4526.1492916935085,50352.03513557775,1,0.0001289460007480399,8.236668373606084e-05,19,1
712,9,0.8030174773684675,0.8009694597574997,0,1.9726095430384556,1.1483105069914439,0.2732211981066811,122.33916442601013,1.2233916442601014,0.0,44.5540214515527,35.837430511854755,24189.916803175383,128678.07214855978,21541.172181814367,15063.81561405435,10809.43400760492,0.8274880641121881,0.8274880641121878,103.41239709123296,49397.433821540224,4526.1492916935085,50451.69940893625,1,9.054251265325387e-05,9.274566978228322e-05,19,1
713,9,0.8026629238570274,0.8044346557569348,0,1.9641122976151433,1.1590692043008934,0.2664118960120928,93.82684109079413,0.9382684109079413,0.0,44.13148885505804,35.837430511854755,24101.319482942996,128609.1633355778,21646.79026827951,14990.542328606742,10208.067159282113,0.8708121259164946,0.8708121259164955,103.41239709123296,49397.433821540224,4526.1492916935085,50521.45063465955,1,7.353152335443104e-05,9.767334558524161e-05,19,1
714,9,0.8182935631710186,0.8087671134924499,0,1.9535908095683838,1.1899435533073346,0.24687116879282625,97.22934968190093,0.9722934968190093,0.0,43.938141670681745,35.837430511854755,24039.41812409086,128559.34392098284,21722.830215989117,14938.231389375635,9866.604485415533,0.7536213696250437,0.7536213696250429,103.41239709123296,49397.433821540224,4526.1492916935085,50571.96926613649,1,7.883510468114694e-05,8.096971356294395e-05,19,1
715,9,0.8030792508457454,0.8064028732690111,0,1.9593184156139802,1.180751139501014,0.2526891522145482,136.1584946574395,1.361584946574395,0.0,44.02256658209286,35.837430511854755,23935.53317081814,128477.74807182788,21842.971813373846,14856.337506938256,9429.323854311555,0.8222626116349184,0.8222626116349177,103.41239709123296,49397.433821540224,4526.1492916935085,50654.285311982574,1,0.0001155192009617369,8.92952763324383e-05,19,1
716,9,0.8497215666500451,0.8460849603841077,0,1.8674247551719956,1.2593087389897524,0.20296915253813144,90.95301011356648,0.9095301011356648,0.0,43.71931763811547,35.837430511854755,23861.111633178512,128422.06926166406,21930.17633749994,14797.438640314107,9469.323854311555,0.828424839025878,0.8284248390258774,103.41239709123296,49397.433821540224,4526.1492916935085,50710.688248284074,1,7.684013052074795e-05,9.039814538787726e-05,19,1
717,9,0.8104496569774354,0.8100690182101004,0,1.9504510905640013,1.2143072352604682,0.2314511169237543,88.75713527688484,0.8875713527688484,0.0,43.408513386379916,35.837430511854755,23754.861628806153,128344.83663563576,22050.540917916744,14716.912494768461,9509.323854311555,0.8163868669982416,0.8163868669982409,103.41239709123296,49397.433821540224,4526.1492916935085,50788.62973521768,1,7.466956569084948e-05,8.900963239111146e-05,19,1
718,9,0.8705263218967587,0.8631320766648071,0,1.830542558567876,1.315900162719872,0.16715179574691644,81.8641753869749,0.8186417538697491,0.0,43.22558814352437,35.837430511854755,23667.123285974296,128282.68792892253,22148.353591066985,14652.118248734405,8776.052945618718,0.7300383900077443,0.7300383900077445,103.41239709123296,49397.433821540224,4526.1492916935085,50851.35806670749,1,7.462505150709611e-05,7.537824923956452e-05,19,1
719,9,0.7988437108677324,0.7949969381662364,0,1.9874290379589072,1.2174325214313266,0.22947308770169203,109.79923488605326,1.0979923488605325,0.0,43.21095149165052,35.837430511854755,23594.65481109068,128227.36255271107,22238.99862686046,14592.582238707459,8816.052945618718,0.7846314050287471,0.7846314050287465,103.41239709123296,49397.433821540224,4526.1492916935085,50907.303607455375,1,9.96357309225279e-05,8.29767827068245e-05,19,1
720,9,0.8139410316361911,0.8014984376850971,0,1.9713076479143063,1.2500805076902162,0.20880980525935688,96.02870320735522,0.9602870320735523,0.0,43.05962260892514,35.837430511854755,23522.552909975184,128174.34754246379,22325.373514099232,14536.293813032027,8525.179595449203,0.8276665342774955,0.8276665342774946,103.41239709123296,49397.433821540224,4526.1492916935085,50960.94675215985,1,9.011301369755635e-05,8.812459870906012e-05,19,1
721,9,0.8360670414373449,0.8403343332253487,0,1.880204030145581,1.2916557872937873,0.18249633715583088,144.42202066965928,1.4442202066965928,0.0,43.142007906274266,35.837430511854755,23467.97557344887,128131.00379388439,22391.40624693498,14493.580223659526,8500.20586214433,0.9777210510774172,0.9777210510774184,103.41239709123296,49397.433821540224,4526.1492916935085,51005.025206917104,1,0.00013592331575200343,0.00010855735345736257,19,1
722,9,0.8711438317608885,0.8668918104952709,0,1.822603444710497,1.357724945623807,0.14068041416214752,104.36041236784982,1.0436041236784983,0.0,42.909926137478955,35.837430511854755,23378.397785145873,128069.16773032137,22490.15499706868,14430.139082434758,8293.532750693379,0.9838250095367356,0.9838250095367348,103.41239709123296,49397.433821540224,4526.1492916935085,51067.5772181889,1,0.00010066678748847992,0.00010890103897934657,19,1
723,9,0.9015231120643901,0.8971190324967419,0,1.7611932673000539,1.4186300032166772,0.10213290935653345,91.37062432180572,0.9137062432180573,0.0,42.58930312894005,35.837430511854755,23277.88484158978,128002.59912302856,22598.56351646009,14361.128175316166,8100.595727605932,0.987177389996704,0.9871773899967048,103.41239709123296,49397.433821540224,4526.1492916935085,51134.84107194459,1,9.023595537342991e-05,0.00010894201953797108,19,1
724,9,0.9232639546875613,0.8983262991473164,0,1.7588263880281836,1.4592431757345679,0.07642836978824824,76.15048322674306,0.7615048322674306,0.0,42.28664893894017,35.837430511854755,23230.7427348446,127971.37997460071,22648.381057909453,14329.64307149851,8387.440258349647,0.8252907005893473,0.8252907005893471,103.41239709123296,49397.433821540224,4526.1492916935085,51166.659465752775,1,7.263287094146342e-05,8.784520460112442e-05,19,1
725,9,0.8797230538487536,0.8660957976461574,0,1.8242785662903165,1.4021136053904493,0.11258632570224734,62.86156764905474,0.6286156764905474,0.0,42.01271924073112,35.837430511854755,23141.264672831985,127913.23695296387,22743.516417241346,14269.882013064951,7902.650014531397,0.745205899429522,0.7452058994295231,103.41239709123296,49397.433821540224,4526.1492916935085,51225.308103263036,1,6.363593734604454e-05,7.55015878869793e-05,19,1
726,9,0.91758885381758,0.8660957976461574,1,1.8242785662903165,1.4798898907159013,0.06336082866082203,157.7116320840493,1.5771163208404932,0.0,42.24758080804866,35.837430511854755,23011.76751003229,127829.46572836496,22878.828561178285,14185.7567970715,8160.222027989622,0.896787308565528,0.896787308565527,103.41239709123296,49397.433821540224,4526.1492916935085,51309.69857414226,1,0.00015461504017228676,9.696128281993159e-05,19,1
727,9,0.9399897646000167,0.9441455035630679,0,1.6734708729081584,1.5301883156719298,0.03152638248612041,208.13624861900155,2.0813624861900157,0.0,42.51682237986275,35.837430511854755,22902.949675869244,127760.44997893888,22985.694591534986,14120.038316184093,8563.709668785767,1.1854179864612828,1.1854179864612824,103.41239709123296,49397.433821540224,4526.1492916935085,51379.565564019154,1,0.00019443559547811047,0.00013756219099881391,19,1
728,9,0.9369694613193182,0.9359516442096188,0,1.6881214000476055,1.5354290169039704,0.02820948297217069,66.64789308285259,0.6664789308285259,0.0,41.65161193220808,35.837430511854755,22826.963610423958,127714.13914166937,23062.22445000738,14073.330503626976,8949.180886599323,1.1642117485727874,1.1642117485727872,103.41239709123296,49397.433821540224,4526.1492916935085,51426.74751561863,1,5.957898844811815e-05,0.0001362098746995051,19,1
729,9,0.9702893879983044,0.9359516442096188,1,1.6881214000476055,1.6007076108974616,0.013106082846494643,142.27397951344108,1.4227397951344107,0.0,41.48048029801764,35.840275991445026,22746.40858814403,127665.79929321338,23139.66081588189,14026.40131069423,9359.101644799654,1.0757996798998009,1.0757996798997997,103.41239709123296,49397.433821540224,4526.860661591076,51476.322014748075,1,0.00012161336411384743,0.00012520931601335867,19,1
730,10,1.026139483029879,1.0166154309117332,0,1.5541766846712188,1.731123533475467,0.09564780599713103,167.32013401609652,1.6732013401609651,0.0,0.18630463914599468,22.900098836000826,21912.846429891113,127863.60969168913,23984.08540180851,14216.788414716002,9633.954876382537,0.7796994691495249,0.7796994691495241,48.1697743819127,49349.264047158314,4532.874557914201,51476.322014748075,1,0.0001389420118014285,0.00010671145478779803,22,1
731,10,1.0245206323640597,1.0292114887935406,0,1.535155813167324,1.6503463278941648,0.04452299233807894,131.1006363243852,1.311006363243852,0.0,0.09319342918795714,22.924734393828647,22462.643340243958,128200.42136301876,23437.148364023287,14549.577659471293,9862.843674455018,0.8931212398367576,0.8931212398367571,48.1697743819127,49349.264047158314,4539.033447371157,51476.322014748075,1,0.0001063390159281861,0.00012229813061448737,22,1
732,10,0.9962902573511901,0.994241200586958,0,1.589151605332021,1.592084938930872,0.007648695525868306,93.58276439185255,0.9358276439185255,0.0,0.0,22.72196935579615,22559.659010589286,128261.5601747908,23343.745194299874,14607.9806035898,10310.984896065682,0.7735304686803256,0.7735304686803249,48.1697743819127,49349.264047158314,4539.501361193116,51476.462388894666,1,7.260820597462849e-05,0.00010596307790141437,23,1
733,10,0.9725746633009793,0.9616191833154568,0,1.6430620638749103,1.5647384414375864,0.009659214280008623,138.0286829245314,1.380286829245314,0.0,0.13939268975624486,22.724729929454643,22477.33877053918,128210.62216790412,23422.990208603554,14558.731486589733,10369.157735281293,0.6950587668021838,0.6950587668021836,48.1697743819127,49349.264047158314,4540.191504607739,51528.41104936802,1,0.00010649172204595611,9.514631464959022e-05,23,1
734,10,0.9659935258036159,0.9675094014361314,0,1.6330590665627773,1.5619439412289262,0.01142788529814801,103.65629549122418,1.036562954912242,0.0,0.12976238160158218,22.726803055364467,22419.04173068918,128174.8875927185,23481.74511635405,14522.425010414714,10273.63775817041,0.6326805854089869,0.6326805854089873,48.1697743819127,49349.264047158314,4540.709786085195,51564.99635702313,1,8.071633275859937e-05,8.660542025972798e-05,23,1
735,10,0.959638983367945,0.954110829840058,0,1.6559921034172338,1.5644016878448814,0.009872349465264964,165.96607649789084,1.6596607649789084,0.0,0.3415480355460958,22.730122376894425,22326.787055880675,128118.5398537689,23578.035871319673,14463.29452925627,10727.385455114405,0.7578754120474774,0.7578754120474781,48.1697743819127,49349.264047158314,4541.539616467685,51622.500906511435,1,0.000123770010645988,0.00010365935515018116,23,1
736,10,1.0324893005655933,1.0239573195729041,0,1.5430330637794778,1.6464155805834244,0.04203517758444578,181.64179167882145,1.8164179167882146,0.0,0.5791651266320701,22.75390160906585,22591.868881224003,128284.79505528595,23319.634465905765,14624.055653443413,10591.42689236896,0.8334305102959972,0.8334305102959972,48.1697743819127,49349.264047158314,4547.484424510541,51622.500906511435,1,0.0001371991090716534,0.0001138951508254136,23,1
737,10,1.0155172633833434,1.016537506554578,0,1.5542958226452508,1.5840732926310002,0.0025780333107595517,229.6183202895137,2.2961832028951368,0.0,0.8485684735306558,22.765376974891126,22851.40791823973,128450.96520690389,23064.618604053478,14786.259243640354,11076.071297971332,1.0413851936831122,1.0413851936831122,48.1697743819127,49349.264047158314,4550.353265966861,51622.500906511435,1,0.00016584820672403585,0.00014227244214722574,23,1
738,10,1.0100025709857465,1.0132252584153476,0,1.559376838345967,1.5758201501983744,0.002645474557990929,107.39420096811398,1.0739420096811398,0.0,0.34551543096278203,22.767524858910487,22851.94928873354,128452.03608699414,23067.177839841384,14784.624324477856,11136.952829210295,0.9262655736081631,0.9262655736081636,48.1697743819127,49349.264047158314,4550.890236971702,51622.66199781289,1,7.714440573830043e-05,0.00012673057384466322,23,1
739,10,0.9663333966441411,0.964645413242187,0,1.6379075443790247,1.5220701879746592,0.03666443799072207,75.23912009757285,0.7523912009757285,0.0,0.0,22.662594555319263,22741.399565765023,128381.24293578598,23177.122633343235,14714.714088526152,10956.196377850874,0.7249648110711177,0.7249648110711173,48.1697743819127,49349.264047158314,4550.890236971702,51694.14511190092,1,5.493813181346534e-05,9.931024809193389e-05,24,1
740,10,0.9398555060753917,0.9350850127413219,0,1.6896859413541736,1.4996734965840723,0.05083955912400489,122.21010167143731,1.222101016714373,0.0,0.17560565032308856,22.662594555319263,22595.904690166888,128287.69953013287,23328.016795150532,14619.825635834539,10462.715807545703,0.5493945059896708,0.5493945059896704,48.1697743819127,49349.264047158314,4550.890236971702,51788.18017677387,1,9.344426737333301e-05,7.517560164169959e-05,24,1
741,10,0.9630733039559912,0.9616771960848302,0,1.6429629468521028,1.5472407248086961,0.02073371847550883,139.8497555170479,1.398497555170479,0.0,0.3711431067321961,22.662594555319263,22518.25207296583,128238.56808493074,23407.855446179517,14570.118483575767,10822.376817596942,0.6138692377567206,0.6138692377567205,48.1697743819127,49349.264047158314,4550.890236971702,51837.87602499671,1,0.00010337821931290017,8.392020616656617e-05,24,1
742,10,0.9494852984387042,0.9498026032703408,0,1.6635035475369055,1.5374374932619836,0.026938295403807863,107.32716115924762,1.0732716115924763,0.0,0.2654962604000327,22.662594555319263,22430.115446770396,128183.45150801296,23500.090095568965,14513.103885860248,11120.648843660512,0.6676820392369996,0.6676820392369991,48.1697743819127,49349.264047158314,4550.890236971702,51893.61939137731,1,7.720927990307404e-05,9.134392219643573e-05,24,1
743,10,0.9764399653930598,0.9721248343713378,0,1.6253056645978685,1.5808440433986575,0.0005342046826945578,88.87911222360783,0.8887911222360784,0.0,0.1136646338622187,22.664372137563735,22430.687550669078,128184.13669582344,23498.31747113635,14514.20612559775,11109.463916323146,0.5955423176912324,0.5955423176912316,48.1697743819127,49349.264047158314,4551.334632532819,51893.75271004564,1,6.400244900603542e-05,8.152998274066987e-05,24,1
744,10,1.004503883122185,1.0058114772653448,0,1.5708709193653172,1.592896287523383,0.008162207293280316,150.1788014865195,1.501788014865195,0.0,0.34163519829287514,22.673081525285067,22672.139372836664,128335.90987452558,23256.258951252094,14665.739763728889,11582.775081530297,0.597090763000203,0.597090763000203,48.1697743819127,49349.264047158314,4553.511979463153,51893.75271004564,1,0.00010372561009217363,8.164577966709436e-05,24,1
745,10,0.9568650439244042,0.9392189939596257,0,1.682248772822326,1.5313875327542037,0.030767384332782515,120.06497106575048,1.200649710657505,0.0,0.40208296066494137,22.673081525285067,22572.992277034064,128272.87324468362,23363.727120499756,14598.482290885311,11404.997755793436,0.6143584666124442,0.6143584666124446,48.1697743819127,49349.264047158314,4553.511979463153,51957.3872994767,1,8.421919838064724e-05,8.398241915961877e-05,24,1
746,10,1.2059411036382912,1.2172544139288684,0,1.298003097725739,1.8512135312612346,0.17165413370964208,96.67380429522318,0.9667380429522318,0.0,0.24675208267819204,22.71589000908763,23052.443408481588,128585.29067280646,22882.51989593002,14906.422641866986,11444.997755793436,0.6225506761886656,0.622550676188665,48.1697743819127,49349.264047158314,4564.214100413794,51957.3872994767,1,6.757453787793857e-05,8.517311545025315e-05,24,1
747,10,1.1947698131591902,1.1857591608774158,0,1.3324796907585021,1.7532828910419347,0.1096727158493257,110.20265682322523,1.1020265682322523,0.0,0.3153261243721125,22.751280360237857,23568.81283487217,128931.30728907791,22373.6726680896,15246.477821643748,11142.430401162548,0.5629300498260508,0.5629300498260514,48.1697743819127,49349.264047158314,4573.061688201351,51957.3872994767,1,7.912288637619112e-05,7.697220754492564e-05,24,1
748,10,1.1225720226226956,1.1080808836393001,0,1.4258886903731822,1.613787358771878,0.02138440428599873,103.87680378769439,1.038768037876944,0.0,0.35694331131402673,22.760104766788473,23798.315192472513,129090.52036619843,22145.026183499867,15404.375736814827,11503.15723772779,0.5338859027208962,0.5338859027208959,48.1697743819127,49349.264047158314,4575.267789839005,51957.3872994767,1,7.224229080134742e-05,7.297990501849237e-05,24,1
749,10,1.081567450569605,1.0878871991576131,0,1.452356458669103,1.555814859321628,0.015307051062260735,280.23761570989717,2.802376157098972,0.0,1.031597757967337,22.76570951910267,23793.86444807328,129087.60201626661,22151.990008456738,15399.564552903516,11916.00181238159,0.829294131131531,0.8292941311315302,48.1697743819127,49349.264047158314,4576.668977917554,51962.15860969988,1,0.00018814204302567997,0.00011316907340107282,24,1
750,10,0.8942169101987095,1.0878871991576131,1,1.452356458669103,1.28731978739301,0.18524064089050002,85.10786232166114,0.8510786232166114,0.0,0.4849710073474809,22.76570951910267,23794.33662914156,129083.73735642823,22160.656996881477,15393.559876723111,11956.00181238159,0.7736543693159988,0.773654369315999,48.1697743819127,49349.264047158314,4576.668977917554,51966.90288955958,1,5.694737331573421e-05,0.00010577723571425386,24,1
751,10,0.9250337508758115,0.9063871239781632,0,1.7431845159773758,1.3431912599615292,0.14987894939143726,100.19155885078843,1.0019155885078843,0.0,0.08335519383473089,22.76570951910267,23706.852880291484,129019.17006741188,22256.346693495932,15327.580275698541,12037.132254278184,0.7586685930900637,0.758668593090063,48.1697743819127,49349.264047158314,4576.668977917554,52032.33072636194,1,6.658832468351675e-05,0.00010389258034164364,24,1
752,10,0.9444112481645044,0.9416541692474889,0,1.677898374583354,1.3888754402027765,0.12096491126406553,135.50755483413073,1.3550755483413073,0.0,0.28520114801100593,22.76570951910267,23574.161692628546,128923.43452959188,22398.507081189975,15230.596939981679,12104.949283488335,0.5193810070814378,0.519381007081437,48.1697743819127,49349.264047158314,4576.668977917554,52128.64970613527,1,8.955514090023907e-05,7.103027963316335e-05,24,1
753,10,0.9388861577099359,0.9459119146377039,0,1.6703458065703294,1.3933360516385165,0.1181417394692934,58.91478634312569,0.5891478634312569,0.0,0.008328534389986153,22.76570951910267,23479.095647764487,128857.40321060139,22500.513316523204,15161.755464095637,11892.311450932717,0.47641297910442026,0.4764129791044196,48.1697743819127,49349.264047158314,4576.668977917554,52195.20348200961,1,3.963218527278311e-05,6.525855028551298e-05,24,1
754,10,0.9905456362065009,0.9960436783450226,0,1.5862758173670162,1.4791122156682155,0.06385302805809151,121.31517786404794,1.2131517786404795,0.0,0.14539859036629138,22.76570951910267,23412.615927329847,128810.64797865493,22570.25123923923,15115.055934422579,12059.586376661693,0.5106236842848266,0.5106236842848261,48.1697743819127,49349.264047158314,4576.668977917554,52242.52170114061,1,8.047717331255942e-05,6.988816649519387e-05,24,1
755,10,0.9879216719163868,0.9997045034372084,0,1.5804670225727757,1.4894338639135827,0.057320339295200876,100.41089387949157,1.0041089387949156,0.0,0.21832238536684986,22.76570951910267,23309.361378124988,128740.35555917642,22679.091334692323,15042.739642056127,12405.765202296614,0.4504695005156744,0.45046950051567514,48.1697743819127,49349.264047158314,4576.668977917554,52313.320309671035,1,6.47511167539447e-05,6.162015844642908e-05,24,1
756,10,1.4789585644073597,1.45556331617133,0,1.0854903956744284,2.1114690352144336,0.33637280709774275,219.9579211202302,2.199579211202302,0.0,0.6696863496941732,22.89768427177481,23929.524907399235,129178.65566485068,22070.32292892773,15458.949466269994,12445.765202296614,0.6993933646296284,0.6993933646296284,48.1697743819127,49349.264047158314,4609.662666085588,52313.320309671035,1,0.00014138651504024287,9.553826836891566e-05,24,1
757,10,1.5005672708450415,1.4688624389202873,0,1.0756623344262286,2.033144719535708,0.2868004554023468,183.64748775911437,1.8364748775911437,0.0,0.8321403101342345,23.007872764430278,24505.616048357366,129607.87691064816,21501.464983418493,15869.207105289808,12485.765202296614,0.7903606087943603,0.7903606087943607,48.1697743819127,49349.264047158314,4637.209789249456,52313.320309671035,1,0.00011766839102521935,0.00010793534093980231,24,1
758,10,1.5838359882695885,1.580700649516062,0,0.9995567474991065,2.037622549764425,0.2896345251673575,201.8844898139826,2.018844898139826,0.0,0.9437611329253714,23.129003458318667,25079.062026449552,130052.33438173238,20952.47610843458,16286.2772144596,12208.850846770514,0.9550875362461612,0.9550875362461618,48.1697743819127,49349.264047158314,4667.492462721553,52313.320309671035,1,0.00013228730031861115,0.00013044740212802446,24,1
759,10,1.5087186222276014,1.5008572179277426,0,1.0527317196645336,1.852019549050891,0.17216427155119682,231.4362551028999,2.314362551028999,0.0,1.1845628427102728,23.234720175020662,25567.847423230993,130456.12179056453,20467.403314370815,16673.448476750204,12248.850846770514,0.9795688386080229,0.9795688386080218,48.1697743819127,49349.264047158314,4693.921641897052,52313.320309671035,1,0.0001511562238764101,0.00013370397174008018,24,1
760,10,1.561843618549771,1.5827033396811532,0,0.9982919479517256,1.8493398561812482,0.17046826340585322,115.77804392130513,1.1577804392130513,0.0,0.6964366891452614,23.284058040870406,25941.542586207917,130770.6290210836,20102.292019417764,16977.212924823558,12248.850846770514,0.8757898293180072,0.8757898293180064,48.1697743819127,49349.264047158314,4706.256108359487,52313.320309671035,1,7.561724466704939e-05,0.00011968692295402353,24,1
761,10,1.543062625806169,1.538084725540007,0,1.0272516030905106,1.7476237077634802,0.10609095428068362,149.6230970940692,1.496230970940692,0.0,0.6310263848410382,23.330726962903295,26388.265398491585,131161.13404002378,19660.873992423192,17359.549263163593,12360.645213469066,0.7893188526960839,0.7893188526960835,48.1697743819127,49349.264047158314,4717.923338867709,52313.320309671035,1,9.683837340855242e-05,0.00010787061398400397,24,1
762,10,1.5325744772213161,1.5510086434349717,0,1.018691937461304,1.6488174838121998,0.04355536950139225,121.08629508416514,1.2108629508416515,0.0,0.6083225964294123,23.35463133645934,26888.32897955982,131619.37649428143,19162.977846045545,17811.971939128227,12622.076395723827,0.6081490486633045,0.6081490486633045,48.1697743819127,49349.264047158314,4723.899432256721,52313.320309671035,1,7.67457215677683e-05,8.306711321445671e-05,24,1
763,10,1.4576109475000445,1.4568963597081404,0,1.084497184354638,1.5691585561003292,0.006861673354222088,221.13943109599782,2.211394310959978,0.0,0.9886906968626701,23.35905412508126,26889.760230208536,131621.23541800588,19169.03769436002,17806.35811958934,12549.857109472952,0.7682831220183933,0.7682831220183922,48.1697743819127,49349.264047158314,4725.005129412201,52313.65201881768,1,0.00014096697941147149,0.00010485035812926407,24,1
764,10,1.5556555717265985,1.5559684467688024,0,1.0154447561459892,1.6109057787152943,0.019560619440059625,156.3712266609231,1.5637122666092311,0.0,0.9582692915994526,23.37796215058774,27265.076391684812,131980.57864152596,18800.919818850485,18156.093333469216,12914.990834508208,0.7681729583612887,0.7681729583612882,48.1697743819127,49349.264047158314,4729.732135788821,52313.65201881768,1,9.686184290157267e-05,0.00010485818129360414,24,1
765,10,1.5374987459059952,1.557396424570505,0,1.0145136941840152,1.562007440902915,0.011387695631066506,157.47699435331631,1.5747699435331632,0.0,0.8152816281891988,23.381111690474807,27442.60254058884,132155.28552543704,18622.63994203189,18330.441204417115,13325.782988617739,0.8109965806052578,0.8109965806052585,48.1697743819127,49349.264047158314,4730.5195207605875,52313.88823430921,1,9.453973217953546e-05,0.0001107895181641932,24,1
766,10,1.5932968112951493,1.6096849287782276,0,0.9815585471122236,1.567903494080078,0.007656016405013963,170.07182729316855,1.7007182729316856,0.0,0.9188599333433004,23.389632659285795,27743.596535453795,132459.1268985819,18328.596778938947,18625.44149793602,13662.021929116665,0.7105297052589277,0.7105297052589271,48.1697743819127,49349.264047158314,4732.649762963334,52313.88823430921,1,9.958808625871664e-05,9.699655377994159e-05,24,1
767,10,1.55221074276637,1.5509163060416558,0,1.018752587644509,1.5451799785001104,0.02203798829106944,220.55594422680554,2.2055594422680556,0.0,1.2033274613538165,23.389632659285795,27641.584014783173,132355.20175131265,18434.69692499671,18518.577126787448,13612.21838693868,0.791018663684719,0.7910186636847196,48.1697743819127,49349.264047158314,4732.649762963334,52419.28989624329,1,0.00012962233661395584,0.00010791671835073599,24,1
768,10,1.664348560537162,1.6830574044778401,0,0.938767742440839,1.569630925944084,0.0065627050986811,197.04576484255415,1.9704576484255416,0.0,1.277658848011597,23.408527653735135,28129.571955799787,132863.73955093214,17943.87035662202,19026.673280246778,13986.183217311846,0.8353378055152371,0.8353378055152363,48.1697743819127,49349.264047158314,4737.373511575669,52419.28989624329,1,0.00011270881370903505,0.00011397307886056919,24,1
769,10,1.5782003616252251,1.588265881137657,0,0.9947956565485521,1.5043424091646689,0.047884551161602014,167.87527516457158,1.6787527516457157,0.0,1.0971207010880368,23.408527653735135,28039.92991462779,132767.84507910995,18039.94664585478,18925.644950737616,14273.888454936303,0.8214254978512444,0.8214254978512449,48.1697743819127,49349.264047158314,4737.373511575669,52516.86585823323,1,9.408804093968701e-05,0.00011213973042089264,24,1
770,10,1.541346332571144,1.4801710736280802,0,1.0674441813858901,1.484340402711466,0.06054404891679375,178.85850316279314,1.7885850316279315,0.0,1.190643641418618,23.408527653735135,27946.08857580578,132667.35335637932,18132.740125420438,18829.12601498139,13653.34768928108,0.7614015034612697,0.7614015034612686,48.1697743819127,49349.264047158314,4737.373511575669,52618.83199606012,1,0.00010479979400405119,0.00010386554955092442,24,1
771,10,1.4736416383656714,1.4732057540833337,0,1.0724910594604056,1.432428014436299,0.09339999086310188,219.6037354352958,2.196037354352958,0.0,1.4474148901679165,23.408527653735135,27872.561324546783,132585.76614493947,18217.570191407536,18741.72364219793,13873.680006371389,0.7959023890949983,0.795902389094999,48.1697743819127,49349.264047158314,4737.373511575669,52701.97005061029,1,0.00012663041692438884,0.00010850608395604235,24,1
772,10,1.4515068183227797,1.4288137257470783,0,1.1058124453373874,1.4356413054146084,0.09136626239581748,238.7626873370238,2.387626873370238,0.0,1.6905212618599295,23.408527653735135,27723.970043951478,132427.9871947463,18376.77307013152,18579.85787220226,13732.329504508853,0.906105240602741,0.9061052406027402,48.1697743819127,49349.264047158314,4737.373511575669,52861.466715027746,1,0.00013909522765740733,0.00012350847952861577,24,1
773,10,1.4430240514625803,1.4412929847963087,0,1.0962379035122372,1.4464858356487018,0.08450263566537865,276.33867126087665,2.763386712608767,0.0,1.9917471605868475,23.408527653735135,27606.09310005097,132302.9762682099,18500.389808393473,18456.11398121466,13467.671031004566,1.0514271608344155,1.0514271608344161,48.1697743819127,49349.264047158314,4737.373511575669,52988.40634884715,1,0.00016414934438164063,0.00014329166298781225,24,1
774,10,1.370112903017254,1.35728412015681,0,1.1640893579580518,1.3834369614258162,0.12440698643935688,254.76018467845032,2.547601846784503,0.0,2.091437411511695,23.408527653735135,27560.17212253697,132248.6591732088,18567.971253979988,18389.14074676154,13610.946248933877,1.107867129334665,1.1078671293346658,48.1697743819127,49349.264047158314,4737.373511575669,53044.763408787665,1,0.00014973841202166547,0.00015099432802023781,24,1
775,10,1.346816529557943,1.3481270285715374,0,1.171996382028,1.3776594252077536,0.12806365493180152,225.0119769977183,2.250119769977183,0.0,1.9787726538595034,23.408527653735135,27448.11031032621,132130.41737950715,18688.920024455332,18270.51443046391,13516.439022760806,1.0932041454448673,1.0932041454448684,48.1697743819127,49349.264047158314,4737.373511575669,53164.979401757926,1,0.00013317825892977448,0.00014902200511102687,24,1
776,10,1.3775070557368951,1.3829920577129216,0,1.1424505232610476,1.4273817071787838,0.09659385621595969,120.69809810187695,1.2069809810187695,0.0,1.3883937648135414,23.408527653735135,27337.850039908313,132020.94681294428,18810.262275818248,18153.006217527294,13618.025920566439,0.8646870975427434,0.864687097542744,48.1697743819127,49349.264047158314,4737.373511575669,53276.005259018544,1,7.090490137463715e-05,0.00011794052410869236,24,1
777,10,1.389966247893149,1.3881575255399357,0,1.1381993548501965,1.4641473801534173,0.07332444294087519,160.6313910616432,1.6063139106164321,0.0,1.3756001188574423,23.408527653735135,27188.891223518338,131875.40199731063,18965.637404285204,18004.742021922702,13854.154528597654,0.725931915883445,0.7259319158834453,48.1697743819127,49349.264047158314,4737.373511575669,53422.85458030875,1,9.27556514430781e-05,9.894627058249656e-05,24,1
778,10,1.4426738567163127,1.4848931866697506,0,1.0640495991119405,1.5202265120098746,0.03783132151273765,205.55847779537947,2.055584777953795,0.0,1.6682042808780615,23.408527653735135,27189.324913495275,131874.302510381,18969.14082191431,18001.451317912684,14161.233717244444,0.6851103047941007,0.6851103047941004,48.1697743819127,49349.264047158314,4737.373511575669,53425.21071596918,1,0.00011612461563716243,9.326172281829255e-05,24,1
779,10,1.4512412125980665,1.4549716369324583,0,1.0859318215516154,1.5517609497766973,0.01787281659702706,91.13213194825298,0.9113213194825298,0.0,1.2415806755620253,23.408527653735135,27054.14633887952,131747.41980410277,19108.428004760124,17870.62513234496,13639.280577639864,0.6416662618952074,0.6416662618952068,48.1697743819127,49349.264047158314,4737.373511575669,53553.21355491392,1,5.3452750050558727e-05,8.744433904359974e-05,24,1
780,10,1.530723303027912,1.5205667678485015,0,1.0390862364009128,1.5966057144747317,0.01050994587008328,391.0000215879232,3.910000215879232,0.0,2.2121231234621423,23.436568944872004,27292.354627641413,131977.57296022127,18873.028027318804,18094.250532994072,13912.422451031629,0.9655404996634114,0.9655404996634103,48.1697743819127,49349.264047158314,4744.383834359886,53553.21355491392,1,0.00022483504822493652,0.00013147080463755254,24,1
781,10,1.5554734000501595,1.540334740115864,0,1.0257510649153783,1.6099870894505928,0.018979170538349806,110.19584742972387,1.1019584742972388,0.0,1.5114517155967122,23.442483913257618,27367.161193677046,132051.50327479397,18800.68896932544,18164.103169536385,14360.792182316485,0.83038371967484,0.8303837196748394,48.1697743819127,49349.264047158314,4745.86257645629,53553.21355491392,1,6.138705777828399e-05,0.0001132249520179264,24,1
782,10,1.5091468892873088,1.5243427933205904,0,1.036512264120177,1.5633568151997286,0.010533661265994615,204.1066380856968,2.041066380856968,0.0,1.3172052239282344,23.44656604601933,27368.104022750627,132053.98933201586,18808.643062004743,18156.44700734133,14430.761913054534,0.975139180044016,0.9751391800440155,48.1697743819127,49349.264047158314,4746.883109646718,53553.51971487105,1,0.00011315085887519514,0.00013312432162613854,24,1
783,10,1.5802641911110051,1.5958335714456475,0,0.9900781812533848,1.5801949511040245,0.00012338677469902183,223.27201260649827,2.2327201260649825,0.0,1.6204333407023375,23.46289911579824,27705.111414214978,132388.15043656228,18479.77617727039,18480.585912696148,14856.136022547973,0.7212535808723624,0.7212535808723624,48.1697743819127,49349.264047158314,4750.966377091446,53553.51971487105,1,0.00012023153921995656,9.825648529114523e-05,24,1
784,10,1.52193873228355,1.5224703183607113,0,1.037787062871106,1.5383365570748038,0.026369267674174874,189.40828853332417,1.8940828853332417,0.0,1.5331156249232976,23.46289911579824,27605.655582403517,132288.67325763922,18579.636997900412,18381.588247920758,15214.81981236664,0.8139143271826791,0.8139143271826781,48.1697743819127,49349.264047158314,4750.966377091446,53654.671205164355,1,9.959147245601827e-05,0.00011099129018372332,24,1
785,10,1.1966918533389561,1.1920005159178646,0,1.3255027820045597,1.22955132223869,0.22180296060842408,118.05080409601864,1.1805080409601865,0.0,1.0959977991056273,23.46289911579824,27464.145510349903,132142.6677259145,18732.585033266172,18231.96111934,15254.81981236664,0.6881696030456871,0.6881696030456876,48.1697743819127,49349.264047158314,4750.966377091446,53802.07468954966,1,6.190872421859393e-05,9.39105786315229e-05,24,1
786,10,1.1775499912237766,1.1702510452594517,0,1.3501376532842186,1.2250586433733461,0.22464642824471767,238.5072391505496,2.385072391505496,0.0,1.4808055481466242,23.46289911579824,27373.614510413496,132038.69327771844,18849.878074752094,18118.866293920735,15294.81981236664,0.7000806186872286,0.7000806186872277,48.1697743819127,49349.264047158314,4750.966377091446,53907.45365684131,1,0.00012475190532559494,9.541736733340238e-05,24,1
787,10,1.2386317160868543,1.2325396498370174,0,1.2819060224220198,1.3032645439432105,0.17514902282075293,184.16177560974478,1.8416177560974478,0.0,1.5914297099254833,23.46289911579824,27281.167385069388,131940.93955065057,18956.970184361253,18016.8367354018,15162.697941488972,0.6944750025617742,0.6944750025617746,48.1697743819127,49349.264047158314,4750.966377091446,54006.574231670835,1,9.716570300109014e-05,9.4608777515093e-05,24,1
788,10,1.204644330347415,1.2039321606657898,0,1.3123663040334765,1.2846335450297341,0.18694079428497842,155.39939694799963,1.5539939694799965,0.0,1.367957324095088,23.46289911579824,27168.64990187343,131826.54078721628,19084.835986091828,17896.49628503489,15162.697941488972,0.7428023864598692,0.7428023864598685,48.1697743819127,49349.264047158314,4750.966377091446,54122.41697275802,1,8.199036743865359e-05,0.00010130265858844622,24,1
789,10,1.2343234334960995,1.2221833208795696,0,1.2927684194404816,1.3355971883858715,0.15468532380641048,181.08594555288505,1.8108594555288506,0.0,1.507009654839665,23.46289911579824,27036.53909995071,131695.31737872708,19224.569678615597,17766.836482990628,14696.408712748393,0.6795532717172464,0.6795532717172468,48.1697743819127,49349.264047158314,4750.966377091446,54254.90079868751,1,9.857425665948016e-05,9.25767756997413e-05,24,1
790,10,1.2259107385680095,1.2326775851736236,0,1.2817625784746105,1.3443004863726657,0.14917690735907235,220.36081958312016,2.2036081958312015,0.0,1.7844820706908588,23.46289911579824,26931.904053298545,131589.5199476178,19353.36407540409,17648.953554627406,14759.56459009308,0.7344249135523787,0.7344249135523776,48.1697743819127,49349.264047158314,4750.966377091446,54362.04764106204,1,0.00011944028198828078,0.00010000163536213818,24,1
791,10,1.224564637482225,1.2363042475468964,0,1.2780025654162985,1.3587359465814923,0.14004054013829603,165.90178075301958,1.6590178075301958,0.0,1.6613754082553718,23.46289911579824,26825.120160932685,131486.25550163427,19467.87161039198,17545.474675274098,14882.44626341397,0.7515809452861008,0.7515809452861012,48.1697743819127,49349.264047158314,4750.966377091446,54466.68991553627,1,8.917984466618859e-05,0.00010239812777131651,24,1
792,10,1.2165868107607767,1.2155632011571689,0,1.2998090091045054,1.3669834534841268,0.1348205990606793,167.17133199709085,1.6717133199709084,0.0,1.5848492173155182,23.46289911579824,26713.080058132207,131379.62730581887,19590.9773263821,17435.56190416364,14998.08535653484,0.7284782025021391,0.7284782025021398,48.1697743819127,49349.264047158314,4750.966377091446,54574.64694299571,1,8.916942557564649e-05,9.92631840767053e-05,24,1
793,10,1.1381724903871024,1.1319387446964293,0,1.3958352493921697,1.2950589810062054,0.18034241708468016,125.79067393961517,1.2579067393961518,0.0,1.4212020945032597,23.46289911579824,26600.477315894812,131273.65877117813,19714.739547981088,17326.44963492301,14956.954914638247,0.6011695940796407,0.6011695940796407,48.1697743819127,49349.264047158314,4750.966377091446,54681.69580998972,1,6.72814351089632e-05,8.187690178359943e-05,24,1
794,10,1.1823806437827578,1.1865835685237551,0,1.3315539182509495,1.3651711602415104,0.1359676201003099,99.70284153357635,0.9970284153357635,0.0,1.2312882003915724,23.46289911579824,26460.34459603149,131147.83898166587,19859.586367430984,17200.47360964484,14653.007317518131,0.5162204007867682,0.5162204007867685,48.1697743819127,49349.264047158314,4750.966377091446,54808.411437110706,1,5.4434063601062135e-05,7.02949747618906e-05,24,1
795,10,1.192210124305637,1.198146534908982,0,1.3187034757147011,1.3958709849060484,0.11653735132528584,114.5136800282688,1.145136800282688,0.0,1.2919950783415481,23.46289911579824,26327.772016834515,131030.13630491188,19998.90311565368,17081.016101996458,14752.768005699398,0.4504747431746629,0.4504747431746629,48.1697743819127,49349.264047158314,4750.966377091446,54926.88935234873,1,6.209746129487242e-05,6.127098666829926e-05,24,1
796,10,1.2023585982382388,1.2086249662611057,0,1.3072706952990942,1.427532266703855,0.09649856537730699,181.32566301432226,1.8132566301432227,0.0,1.625320382156183,23.46289911579824,26192.4093768406,130910.05220369039,20139.130860621084,16962.458724119453,14306.501005053065,0.5344341348384799,0.5344341348384795,48.1697743819127,49349.264047158314,4750.966377091446,55047.85200495741,1,0.00010139483467007227,7.26421198553356e-05,24,1
797,10,1.2729889096119218,1.2773162881767108,0,1.2369684898133972,1.5308235611660552,0.03112432837591446,199.93701572429714,1.9993701572429714,0.0,1.8804663978406586,23.46289911579824,26062.9308138166,130800.09019678505,20268.408483615513,16854.626404804818,14662.619819351283,0.667956532063277,0.6679565320632769,48.1697743819127,49349.264047158314,4750.966377091446,55158.92576677604,1,0.00010908665337441339,9.085964977978603e-05,24,1
798,10,1.2948333349240084,1.3141018438435783,0,1.2023421224177755,1.5568651314317372,0.014642321878647377,257.51094250803385,2.5751094250803384,0.0,2.2056126655299035,23.468049334648402,26064.070229581015,130802.15819013634,20266.937910871027,16855.863924255136,14766.53742232704,0.8570991010237761,0.8570991010237757,48.1697743819127,49349.264047158314,4752.253931803986,55159.3120331898,1,0.00013951053528293055,0.0001166640077758054,24,1
799,10,1.2854245419732309,1.299363350021398,0,1.215980118243277,1.5495602415519025,0.019265669903859202,87.88841634965978,0.8788841634965978,0.0,1.4746577902322597,23.468049334648402,26040.954639374628,130783.52748576211,20293.23851667216,16834.083713532804,14872.125380317266,0.7235793628975482,0.7235793628975492,48.1697743819127,49349.264047158314,4752.253931803986,55179.1652160692,1,4.727685605231758e-05,9.862468156988718e-05,24,1
800,10,1.2169137534379413,1.1957320025389313,0,1.3213663234279436,1.4860246175372953,0.05947809016626883,95.53290912085811,0.9553290912085811,0.0,1.1419824398713994,23.468049334648402,25914.34618201772,130678.15905467642,20424.79612271414,16725.978169922862,14171.27557756193,0.588688075187311,0.5886880751873117,48.1697743819127,49349.264047158314,4752.253931803986,55285.46829262142,1,5.393045028190406e-05,8.023928053905073e-05,24,1
801,10,1.243072729985829,1.230091052816524,0,1.2844577613846502,1.529514505914548,0.03195284435788101,132.23086428577008,1.3223086428577009,0.0,1.3343891085202408,23.468049334648402,25839.162332590444,130615.89295720245,20502.453466556653,16662.830397179558,14486.268146695853,0.42732528931850916,0.42732528931850877,48.1697743819127,49349.264047158314,4752.253931803986,55348.42102327422,1,7.302411522234891e-05,5.807714051885685e-05,24,1
802,10,1.1802651334215053,1.175809228448855,0,1.343755399916668,1.46456940634039,0.07305733775924687,220.7795765282639,2.207795765282639,0.0,1.7796333942043145,23.468049334648402,25755.48977578348,130543.40437849474,20589.490375412443,16592.629546823267,14466.03394376725,0.6105119371898736,0.6105119371898736,48.1697743819127,49349.264047158314,4752.253931803986,55421.880356911846,1,0.00012209542844236873,8.30166646488739e-05,24,1
803,11,0.9052009707262593,0.9150410993521331,0,1.7266983976115071,1.2035227341168298,0.23827675055896855,79.46481584883804,0.7946481584883804,0.0,25.762533925071388,24.34556683020754,24393.21688756971,130474.01669420578,21964.30049191501,16519.92568399186,14426.03394376725,0.6472047061478527,0.6472047061478524,72.13016971883627,49277.133877439475,4752.253931803986,55492.229594204284,1,4.406744981113578e-05,7.972899782528447e-05,27,1
804,11,0.6334273312089741,0.6341167088659808,0,2.491654892402354,0.8534428084703398,0.4598463237529495,45.83517291472821,0.4583517291472821,0.0,25.107674904711082,24.34556683020754,24258.495191320475,130369.91719774605,22110.87223959824,16410.743232501034,14322.758725837939,0.5306103822115207,0.5306103822115212,72.13016971883627,49277.133877439475,4752.253931803986,55597.10200084073,1,2.560130979909203e-05,6.392139601753218e-05,27,1
805,11,0.6239434895944004,0.6240252974578819,0,2.5319486348334155,0.8488463516778998,0.4627554736215824,88.12382076522891,0.8812382076522891,0.0,25.167790695191457,24.34556683020754,24173.348301115268,130299.00094031502,22218.37052722167,16331.586526175555,13670.914838401004,0.36220654945108416,0.36220654945108416,72.13016971883627,49277.133877439475,4752.253931803986,55668.51531299802,1,5.156864587741733e-05,4.041246849588171e-05,27,1
806,11,0.6682885096437089,0.6765489919878899,0,2.3353815003958824,0.9167387996655717,0.41978556983191667,83.11144825825573,0.8311144825825574,0.0,25.17387051448008,24.34556683020754,24098.150870261743,130236.45816803123,22310.73447356029,16264.182879388683,13710.914838401004,0.3727969922747507,0.372796992274751,72.13016971883627,49277.133877439475,4752.253931803986,55731.56712673759,1,4.849359753908201e-05,4.188785107186379e-05,27,1
807,11,0.6815666754466982,0.6910754516232608,0,2.2862915999819595,0.9424864680086255,0.4034895772097308,107.03223086111122,1.0703223086111122,0.0,25.2336192255972,24.34556683020754,24032.017943297284,130178.69420601954,22400.574066983136,16199.155439536238,13021.31424810174,0.47422861780216236,0.4742286178021627,72.13016971883627,49277.133877439475,4752.253931803986,55789.94097452019,1,6.575817391195485e-05,5.5273472442818066e-05,27,1
808,11,0.7033019060146768,0.6920163892663799,0,2.283182919518697,0.9857142290139351,0.3761302348013069,153.15162189517244,1.5315162189517244,0.0,25.425893983434843,24.34556683020754,23916.403356098173,130081.67496175219,22551.984380498685,16090.721968256907,13061.31424810174,0.5773237720576043,0.5773237720576051,72.13016971883627,49277.133877439475,4752.253931803986,55887.694641296155,1,9.380472377344763e-05,6.935216507482817e-05,27,1
809,11,0.7342569565648508,0.7463991779909288,0,2.1168297696319303,1.0398394496334362,0.34187376605478725,88.35760404473741,0.8835760404473741,0.0,25.14155629332525,24.34556683020754,23814.37601794392,130001.6006490879,22669.543998173973,16007.538845232293,12642.16229832462,0.5969124140902085,0.5969124140902083,72.13016971883627,49277.133877439475,4752.253931803986,55968.49790007195,1,5.59129692909871e-05,7.182528899212987e-05,27,1
810,11,0.7227224384860287,0.733323204996126,0,2.1545752121785737,1.0320799285865758,0.346784855324952,184.87353554591465,1.8487353554591466,0.0,25.396095405524918,24.34556683020754,23746.330639009975,129936.69833108451,22764.488326906154,15941.019739662772,11815.269888798559,0.7473621935034701,0.7473621935034701,72.13016971883627,49277.133877439475,4752.253931803986,56034.24420795882,1,0.00012517600514309614,9.163123273584362e-05,27,1
811,11,0.7273262394823599,0.7101971349660768,0,2.2247344043079957,1.0518514114278825,0.33427125858994783,91.70277662980486,0.9170277662980486,0.0,25.102879939211203,24.34556683020754,23618.50842153453,129839.82603069836,22908.88258001358,15840.860445341164,11612.0586282328,0.6732875284290033,0.6732875284290035,72.13016971883627,49277.133877439475,4752.253931803986,56131.85605267284,1,6.317761876044595e-05,8.142219773150972e-05,27,1
812,11,0.7151858311099869,0.731118311271569,0,2.1610729421508355,1.0413232853647743,0.3409346295159657,98.55596943257196,0.9855596943257195,0.0,24.820459815093507,24.34556683020754,23560.234522990337,129790.95364150802,22986.72217990043,15787.391137582814,11652.0586282328,0.7007309256575674,0.7007309256575684,72.13016971883627,49277.133877439475,4752.253931803986,56181.495492833696,1,6.766596192282934e-05,8.533986194212381e-05,27,1
813,11,0.7064717872818881,0.7088326429378242,0,2.229016984110015,1.043403625580384,0.33961795849342785,145.15031821534436,1.4515031821534436,0.0,24.976870724272324,24.34556683020754,23423.80915481085,129684.78853558839,23151.39869599322,15675.439124275736,11692.0586282328,0.6380259627483257,0.6380259627483257,72.13016971883627,49277.133877439475,4752.253931803986,56288.350179448666,1,9.931549119321046e-05,7.671969062549525e-05,27,1
814,11,0.709014542058037,0.7022648697346192,0,2.2498633608101035,1.0558674146873894,0.33172948437507,63.319428975133704,0.6331942897513371,0.0,24.56817934183851,24.34556683020754,23340.526723936495,129623.26623356022,23247.612082830416,15610.762114229072,11732.0586282328,0.5878205235047532,0.5878205235047532,72.13016971883627,49277.133877439475,4752.253931803986,56350.50644710824,1,4.3177028674410235e-05,7.005282726348334e-05,27,1
815,11,0.7667536623889082,0.7654749268028697,0,2.0640780575258377,1.1542136815081883,0.26948501170367833,153.85895585958943,1.5385895585958944,0.0,24.733019374891928,24.34556683020754,23241.832142255764,129544.49566098393,23373.30069186141,15527.076307208717,11597.19743446183,0.6828368130786011,0.6828368130786008,72.13016971883627,49277.133877439475,4752.253931803986,56429.99523730539,1,0.0001061352670619455,8.287592897652206e-05,27,1
816,11,0.8218327241866372,0.8194874100012941,0,1.9280345014665996,1.2524281389593153,0.2073239626839777,79.33622643868749,0.793362264386875,0.0,24.511943567542147,24.34556683020754,23106.884562671854,129450.70397950236,23517.637987533362,15432.074617701908,11251.726216648276,0.5801020186054169,0.5801020186054174,72.13016971883627,49277.133877439475,4752.253931803986,56524.372754386284,1,5.640821677392047e-05,6.857350417009206e-05,27,1
817,11,0.8321066266102594,0.8273950845186312,0,1.9096076705836675,1.2826858047104057,0.18817354132252806,78.72048841642916,0.7872048841642917,0.0,24.259020153559092,24.34556683020754,22980.79768012702,129364.27562194596,23652.852668467087,15344.128212373249,10877.761386275111,0.617799806058531,0.6177998060585309,72.13016971883627,49277.133877439475,4752.253931803986,56611.397493364624,1,5.7894624175708676e-05,7.347936933719156e-05,27,1
818,11,0.9018878142053484,0.8930233053045011,0,1.7692707352819366,1.4053640564595322,0.11052907819016952,133.60795267067226,1.3360795267067227,0.0,24.428636754975912,24.34556683020754,22860.58226588737,129282.31433899593,23781.25587100836,15261.543639158412,11012.646272979611,0.595276557131953,0.5952765571319527,72.13016971883627,49277.133877439475,4752.253931803986,56693.93304370754,1,9.7057836497293e-05,7.045355914897404e-05,27,1
819,11,0.945020322847068,0.9574255065685933,0,1.6502589383300532,1.4844221633411014,0.06049230168284723,166.7597133452906,1.667597133452906,0.0,24.621948617791706,24.34556683020754,22768.477702264932,129220.59736560391,23876.884709884704,15200.622743553386,11299.046985313433,0.7438922693013644,0.7438922693013648,72.13016971883627,49277.133877439475,4752.253931803986,56756.380519145,1,0.00011806993178242084,9.100746415180752e-05,27,1
820,11,0.9233385017476397,0.9312404408964734,0,1.6966617112106814,1.461206914951018,0.07518549686644431,111.90685254317418,1.1190685254317418,0.0,24.332215246401965,24.34556683020754,22678.347842272942,129161.34835596073,23966.1194723105,15144.221273418969,11422.986082478448,0.7919344537423848,0.791934453742384,72.13016971883627,49277.133877439475,4752.253931803986,56816.41136939475,1,7.837309910747521e-05,9.783362246239636e-05,27,1
821,11,0.9027771903731475,0.8981532235053665,0,1.7591653168414636,1.4453105073576145,0.0852465143306238,137.8278815359912,1.378278815359912,0.0,24.287715662933557,24.34556683020754,22545.173708299313,129074.38564550926,24105.52079643053,15056.912840735657,11094.665611726767,0.7997471690912904,0.7997471690912907,72.13016971883627,49277.133877439475,4752.253931803986,56904.13140629292,1,9.938317123523637e-05,9.86087340417108e-05,27,1
822,11,0.9822334006714988,0.9921476302751218,0,1.5925049375584028,1.5729214761715733,0.004480078372422009,69.84032816514264,0.6984032816514264,0.0,23.886638714460563,24.346963636770845,22545.494544307407,129075.10852839715,24108.627748329425,15054.97876245021,11592.260835192672,0.6250325363534875,0.625032536353488,72.13016971883627,49277.133877439475,4752.603133444812,56904.23616678517,1,4.8197899725041404e-05,7.531805668925099e-05,27,1
823,11,0.9574927124492588,0.964817069320184,0,1.6376161349563165,1.5443545812984427,0.022560391583264144,153.18462789428304,1.5318462789428304,0.0,24.026336782288027,24.346963636770845,22464.335443708467,129023.898289432,24195.498006185302,15001.097089714289,12033.906516092491,0.6797874776484824,0.679787477648483,72.13016971883627,49277.133877439475,4752.603133444812,56956.138935376526,1,0.00010183534511552671,8.313880535860149e-05,27,1
824,11,0.986864175425869,0.9810499138035265,0,1.6105194830244127,1.592092580407901,0.007653531903734711,119.18748244331553,1.1918748244331554,0.0,24.009985557292765,24.349347386419712,22464.941902038954,129024.70725261305,24198.277290163784,14999.387132729273,11821.017813590659,0.6354930984174195,0.6354930984174189,72.13016971883627,49277.133877439475,4753.199070857028,56956.31771660019,1,8.066140112319963e-05,7.689821532125592e-05,27,1
825,11,1.0249510358405116,1.0203987112005215,0,1.5484143429984298,1.5930694031914459,0.008271774171801128,123.0687227623031,1.230687227623031,0.0,23.88194783982851,24.36078725033108,22912.24338231148,129309.2999113835,23752.374144594938,15281.832941115325,11927.571569443446,0.7180145727192431,0.7180145727192432,72.13016971883627,49277.133877439475,4756.05903683487,56956.31771660019,1,8.254402636498832e-05,8.834692420123821e-05,27,1
826,11,1.008969677063714,1.0057398390348635,0,1.5709828115352504,1.5725586107422242,0.004709740036566976,97.41698824717169,0.9741698824717169,0.0,23.664623586757894,24.362735590096023,22877.896068250022,129287.83234555577,23785.19279681824,15260.82279615443,12241.077023450442,0.6226152288952426,0.622615228895243,72.13016971883627,49277.133877439475,4756.546121776106,56978.748567414084,1,6.366563207505241e-05,7.562368652108013e-05,27,1
827,11,1.0018579940379047,1.0063272999521957,0,1.5700657232244977,1.5609464358038254,0.01205921784568016,112.99609337772685,1.1299609337772685,0.0,23.61371942026774,24.364995511963578,22878.63371847387,129288.65190987996,23781.18046731246,15263.410205723008,12135.499993706708,0.6080579978172898,0.6080579978172891,72.13016971883627,49277.133877439475,4757.111102242994,56978.91806155415,1,7.448961703189813e-05,7.356642515731295e-05,27,1
828,11,0.9679849688644817,0.9671920689495761,0,1.6335948677866716,1.519845884349337,0.038072225095356384,127.46541258288791,1.274654125828879,0.0,23.669263014195245,24.364995511963578,22784.75532441337,129227.4820423637,23873.2091251461,15204.770318928086,12369.071516035936,0.6066309587399692,0.6066309587399683,72.13016971883627,49277.133877439475,4757.111102242994,57040.74066727197,1,8.244137802429864e-05,7.353220904374973e-05,27,1
829,11,0.9505180669524619,0.9484048628993806,0,1.665955186237407,1.5049466035461645,0.04750214965432631,95.35875582610394,0.9535875582610395,0.0,23.47468416999541,24.364995511963578,22686.929940406128,129164.49297862993,23973.337389409455,15141.461006049345,12086.590179304434,0.6063408974608893,0.6063408974608898,72.13016971883627,49277.133877439475,4757.111102242994,57104.36268790749,1,6.311706075010923e-05,7.334935193543534e-05,27,1
830,11,0.9872237724893027,0.9986549707146538,0,1.5821280085046052,1.5625944336954298,0.011016181205424204,159.31053276522098,1.5931053276522098,0.0,23.630231637918875,24.368181722618882,22687.926550253746,129165.45545479105,23969.758236621128,15143.734446852623,12477.410724419693,0.6718661623994868,0.6718661623994869,72.13016971883627,49277.133877439475,4757.90765490682,57104.60165370663,1,0.00010214332847338746,8.25672557492651e-05,27,1
831,11,0.9986105078681513,1.016208111008761,0,1.5547996349208222,1.5616746572632147,0.01159831818783881,116.53377221218454,1.1653377221218455,0.0,23.48839554423387,24.370512398063127,22832.277638049356,129257.99845022928,23825.91919876815,15235.448152308209,12764.836309655322,0.6470134117314975,0.6470134117314978,72.13016971883627,49277.133877439475,4758.490323767881,57104.77645436495,1,7.303424462970255e-05,7.943154461773309e-05,27,1
832,11,0.9561787222480733,0.9602369712364455,0,1.6454271678016303,1.5046055726433132,0.047717991997903095,121.83880317321002,1.2183880317321003,0.0,23.360986413661742,24.370512398063127,22759.064206755167,129210.01086829216,23899.92134215371,15188.42988905206,12337.005729542996,0.6876312279190844,0.687631227919085,72.13016971883627,49277.133877439475,4758.490323767881,57153.50096753651,1,7.900704974559389e-05,8.472820761622797e-05,27,1
833,11,0.920760195190077,0.9273578125155892,0,1.7037652335229987,1.458378139921633,0.07697586080909315,133.1544459826744,1.3315444598267439,0.0,23.38552693637738,24.370512398063127,22689.51771999485,129163.18516243235,23978.318678652693,15138.927814752158,12530.594335098158,0.644945722582711,0.6449457225827104,72.13016971883627,49277.133877439475,4758.490323767881,57201.02369465997,1,8.50107775716331e-05,7.901735731564318e-05,27,1
834,11,0.911979818292259,0.9255459896273377,0,1.707100476591306,1.461157832478941,0.07521656172218932,64.88869207164478,0.6488869207164478,0.0,22.954001534865803,24.370512398063127,22555.406657579886,129078.04949340719,24116.633020357098,15052.3660831441,12674.590198854445,0.5648737959939495,0.5648737959939493,72.13016971883627,49277.133877439475,4758.490323767881,57286.77113555533,1,4.0956711690771385e-05,6.832484633599946e-05,27,1
835,11,0.976348501466642,0.9959865836468177,0,1.5863667502576286,1.5574491954849083,0.014272661085501093,138.6873716170251,1.386873716170251,0.0,23.07430402594747,24.373286145495467,22612.48579690194,129114.32927041114,24063.94828399174,15085.435797558104,12851.361495538358,0.5821331618392298,0.5821331618392293,72.13016971883627,49277.133877439475,4759.183760625966,57286.97916661276,1,8.633318526767678e-05,7.076689151002709e-05,27,1
836,11,0.9648902196901871,0.9583628766251268,0,1.648644828109335,1.5557171068255329,0.015368919730675437,143.3230327195876,1.433230327195876,0.0,23.20476147932177,24.373286145495467,22485.542204023528,129034.75446716878,24193.14590047955,15005.125135214164,12978.24410876476,0.5899766202073592,0.5899766202073589,72.13016971883627,49277.133877439475,4759.183760625966,57367.20240627435,1,8.834664012694627e-05,7.187884569513147e-05,27,1
837,11,0.9640406831413773,0.9635187649052009,0,1.639822759607026,1.5633242422073013,0.010554277083986588,79.79099060834781,0.7979099060834781,0.0,22.77314732854356,24.374881965307633,22418.225539511415,128993.73833767553,24263.012009013135,14962.046925857632,13410.33475428145,0.6028637102638899,0.6028637102638903,72.13016971883627,49277.133877439475,4759.5827155790075,57409.13203399113,1,4.759970101887179e-05,7.409317547116494e-05,27,1
838,11,0.870222323869606,0.8763307506635553,0,1.8029722211660704,1.4205856657517342,0.10089514825839613,100.57996513373628,1.0057996513373628,0.0,22.633449462633877,24.374881965307633,22342.75670265496,128944.60773795616,24343.81949979962,14912.536207922098,13511.885736832775,0.536849322330042,0.5368493223300421,72.13016971883627,49277.133877439475,4759.5827155790075,57458.87011959033,1,5.9550512544409676e-05,6.516561789674258e-05,27,1
839,11,0.8978385878956654,0.8935081525840023,0,1.7683106700601234,1.4812104684154508,0.06252501999022106,57.29353654458013,0.5729353654458013,0.0,22.365175014594605,24.374881965307633,22217.436486169892,128867.57232401425,24472.751904036115,14834.205860660892,13695.99500907819,0.40176926066599356,0.4017692606659937,72.13016971883627,49277.133877439475,4759.5827155790075,57536.361982267044,1,3.3465862980588966e-05,4.6872025514623476e-05,27,1
840,11,0.8923877421502482,0.8831491736297356,0,1.7890522316928787,1.4865354673024023,0.05915476753012519,70.42791964200245,0.7042791964200246,0.0,22.230751280872905,24.374881965307633,22100.34764919757,128796.00702767914,24591.650231685533,14762.706782789599,13973.38858827696,0.38252381377446815,0.38252381377446804,72.13016971883627,49277.133877439475,4759.5827155790075,57608.366038139866,1,4.032116859676445e-05,4.4445848040587696e-05,27,1
841,11,0.8798210984530771,0.8876598252574868,0,1.7799611461988647,1.4820307470636198,0.06200585628884826,96.53803475574809,0.9653803475574809,0.0,22.311485465257842,24.374881965307633,21965.047578054026,128713.60581554512,24729.313417467987,14680.782931160817,14204.358058287276,0.3691834098774554,0.36918340987745557,72.13016971883627,49277.133877439475,4759.5827155790075,57691.1923469509,1,5.437093847373115e-05,4.2719323350361523e-05,27,1
842,11,0.8561539155366648,0.8532769115990203,0,1.8516849319631985,1.4523215381346009,0.08080915307936659,87.61563105951524,0.8761563105951524,0.0,22.263693465600436,24.374881965307633,21881.95812645178,128662.570867595,24816.386666907725,14629.43711599476,14165.068080102343,0.4081934572280472,0.40819345722804695,72.13016971883627,49277.133877439475,4759.5827155790075,57742.69310724515,1,4.948264593664119e-05,4.805825100237893e-05,27,1
843,11,0.8583384811907266,0.8604209817653217,0,1.8363104032613449,1.4602232907872414,0.07580804380554343,102.21883973509571,1.0221883973509571,0.0,22.250725705115748,24.374881965307633,21850.208149225342,128641.82605491296,24852.18320307641,14608.440585344946,14376.113660522851,0.4476178327449319,0.44761783274493194,72.13016971883627,49277.133877439475,4759.5827155790075,57763.95473326715,1,5.688259965044159e-05,5.357872802027131e-05,27,1
844,11,0.8697370223227174,0.8583978752439068,0,1.8406382932285987,1.4890084439634939,0.05758959242816849,75.07320984657856,0.7507320984657857,0.0,22.069208665702885,24.374881965307633,21771.071329888455,128594.48728055462,24931.078649086343,14562.363427457803,14328.066912188908,0.41703962141554357,0.41703962141554296,72.13016971883627,49277.133877439475,4759.5827155790075,57811.77084233914,1,4.191672766838557e-05,4.942732441848945e-05,27,1
845,11,0.8484547312713158,0.8540251036508716,0,1.8500627127301748,1.4650574843404505,0.07274842763262633,138.77569011233592,1.3877569011233593,0.0,22.228161611711393,24.374881965307633,21672.759993336556,128534.39515901418,25038.15089372252,14500.275801551667,14580.125477228492,0.48134432803425403,0.48134432803425425,72.13016971883627,49277.133877439475,4759.5827155790075,57872.417816636414,1,7.614512801228129e-05,5.8314818443702816e-05,27,1
846,11,0.8501723272585515,0.8498223413260426,0,1.8592121237182415,1.4795082058351468,0.06360240137016032,132.9446523889133,1.329446523889133,0.0,22.307360804037298,24.374881965307633,21583.04253104013,128480.3162926029,25136.055393232506,14443.974441967699,14645.378801884508,0.5195897487618799,0.5195897487618791,72.13016971883627,49277.133877439475,4759.5827155790075,57927.093875850675,1,7.262066987126698e-05,6.356084185064462e-05,27,1
847,11,0.820326055283112,0.8269589750727315,0,1.9106147313547666,1.438510771903085,0.08955014436513614,101.24686580204377,1.0124686580204378,0.0,22.051151459303124,24.374881965307633,21495.63108492703,128427.90358293692,25232.350805914717,14389.016200936856,14822.482408962805,0.5492667569819221,0.5492667569819225,72.13016971883627,49277.133877439475,4759.5827155790075,57980.14157446946,1,5.4645025311453735e-05,6.780360773166733e-05,27,1
848,11,0.7712700105089628,0.7669604344526788,0,2.0600801932208217,1.3698782865307886,0.1329884262463364,77.15969866416276,0.7715969866416277,0.0,21.772837386905096,24.374881965307633,21341.013315454675,128337.50359178123,25394.30968863335,14297.525329802284,14567.091088652669,0.46734693708182207,0.46734693708182273,72.13016971883627,49277.133877439475,4759.5827155790075,58071.06596506192,1,4.237480122535536e-05,5.654683213602536e-05,27,1
849,11,0.7938049445607155,0.7938304501778636,0,1.9903494501199714,1.4173476365289728,0.10294453384242233,44.63349746930161,0.4463349746930161,0.0,21.447316172532524,24.374881965307633,21276.909322551906,128300.45006206779,25461.367987423462,14259.98765778695,14746.70268816734,0.34808576573224675,0.34808576573224687,72.13016971883627,49277.133877439475,4759.5827155790075,58108.513113518224,1,2.4213411452373146e-05,4.0411079329727415e-05,27,1
850,11,0.7330428107067732,0.7281582215839978,0,2.1698580791451474,1.3241266552668416,0.1619451548944041,117.07384590360145,1.1707384590360146,0.0,21.624502090586482,24.374881965307633,21140.750451158336,128218.80565858245,25609.702418436696,14177.652996791077,14377.15060994232,0.3754485615262188,0.3754485615262188,72.13016971883627,49277.133877439475,4759.5827155790075,58190.56532837698,1,6.514439422934926e-05,4.3910868969025925e-05,27,1
851,11,0.7255641313053763,0.7350435523520565,0,2.149532493610995,1.3239815819705063,0.16203697343638845,130.69765130268658,1.3069765130268658,0.0,21.79894091089999,24.374881965307633,21025.99906887079,128149.10740167236,25740.1417746923,14106.02976714814,13657.05742747678,0.4619928599307918,0.4619928599307918,72.13016971883627,49277.133877439475,4759.5827155790075,58260.735538526096,1,7.655977255524142e-05,5.530585941232127e-05,27,1
852,11,0.7381602052321594,0.7341478861361713,0,2.152154940219958,1.3548265098154615,0.14251486720540416,114.58397402305441,1.145839740230544,0.0,21.707780189809885,24.374881965307633,20960.96133830899,128108.79850770894,25815.253683031424,14065.116691126963,13767.1196230289,0.5643875074089839,0.564387507408984,72.13016971883627,49277.133877439475,4759.5827155790075,58301.62303510769,1,6.658413795221738e-05,6.942943491226935e-05,27,1
853,11,0.7083495098525355,0.705601502423316,0,2.23922425699726,1.311512894092423,0.1699285480427703,87.45626636102376,0.8745626636102377,0.0,21.45000038906551,24.374881965307633,20857.786541275986,128048.54972847685,25928.373844621725,14003.942307270077,13815.127948479041,0.5282215887367584,0.5282215887367577,72.13016971883627,49277.133877439475,4759.5827155790075,58362.4109395134,1,5.064376772313696e-05,6.459589274353192e-05,27,1
854,11,0.6000506890310039,0.6029043346659356,0,2.6206479355890933,1.120675436763975,0.2907117488835601,78.67371456036821,0.7867371456036821,0.0,21.26008116034784,24.374881965307633,20758.456122066287,127988.20489429876,26041.252850262103,13943.440895922275,13855.127948479041,0.45179997862510396,0.45179997862510407,72.13016971883627,49277.133877439475,4759.5827155790075,58423.21415997676,1,4.542648172022385e-05,5.4218129131859395e-05,27,1
855,11,0.6039400022737814,0.6068731801382397,0,2.6035093520529147,1.13704474587515,0.2803514266612975,113.49403003864505,1.1349403003864504,0.0,21.353919971196703,24.374881965307633,20678.79735606796,127935.82765482976,26146.31714684449,13887.586125700398,13643.069383439457,0.4528395711582195,0.45283957115822004,72.13016971883627,49277.133877439475,4759.5827155790075,58476.039488021524,1,6.655043779307256e-05,5.4206895745477794e-05,27,1
856,11,0.6083325760680345,0.5989319483266964,0,2.6380292525957647,1.1549093108307307,0.26904473998055023,86.58270276902907,0.8658270276902907,0.0,21.24425641224207,24.374881965307633,20586.78589484709,127880.06147000294,26255.780445224344,13829.870800358474,13603.069383439457,0.4533842810849719,0.45338428108497186,72.13016971883627,49277.133877439475,4759.5827155790075,58532.24976776478,1,5.091950960681619e-05,5.42988097067042e-05,27,1
857,11,0.6157218857600434,0.613825457863011,0,2.57402162090288,1.178530088253728,0.25409488085207094,75.61487865128237,0.7561487865128237,0.0,21.063319463487886,24.374881965307633,20494.567921099217,127825.92382708428,26363.45382015591,13773.560525167923,13167.965927666153,0.4560126301235768,0.4560126301235764,72.13016971883627,49277.133877439475,4759.5827155790075,58586.81645526395,1,4.593868426856363e-05,5.4469543889484126e-05,27,1
858,11,0.6416695102244686,0.6416655559810025,0,2.4623419245005858,1.2365572746406301,0.21736881351858856,67.46518226464516,0.6746518226464516,0.0,20.926239300836453,24.374881965307633,20415.46233446289,127780.39093350475,26453.184234501037,13726.983876717704,13167.965927666153,0.3934294111802717,0.3934294111802722,72.13016971883627,49277.133877439475,4759.5827155790075,58632.71696025503,1,4.098745858562681e-05,4.5948550820335545e-05,27,1
859,11,0.6734904160480747,0.6669006224833045,0,2.369168578845575,1.3042602785863535,0.17451881102129527,128.8175252233656,1.288175252233656,0.0,21.110208692888886,24.374881965307633,20365.41334976331,127747.57319391119,26518.24678901853,13693.42098048042,13211.41716071238,0.4596519084428979,0.4596519084428984,72.13016971883627,49277.133877439475,4759.5827155790075,58665.962675765084,1,7.800375911613077e-05,5.4976633990107066e-05,27,1
860,11,0.7008461370998104,0.6971009884182682,0,2.266529564941576,1.371166113138065,0.13217334611514875,77.70069266399699,0.77700692663997,0.0,20.935481990317694,24.374881965307633,20237.92486134927,127679.17692964504,26654.189493089892,13623.794786618559,13166.571231097425,0.4624618846784035,0.46246188467840277,72.13016971883627,49277.133877439475,4759.5827155790075,58734.78456079994,1,4.7210889638742005e-05,5.5400702446833195e-05,27,1
861,11,0.6931450141546306,0.6880507111863826,0,2.2963423688286864,1.3652705496734816,0.13590471539653068,106.39950390565524,1.0639950390565525,0.0,20.91714892735658,24.374881965307633,20155.137122262604,127632.72783885323,26744.316160077047,13578.033604962766,12795.310269445672,0.5262326186256205,0.526232618625621,72.13016971883627,49277.133877439475,4759.5827155790075,58781.70072981738,1,6.652406337326889e-05,6.391290404271389e-05,27,1
862,11,0.6710570219790407,0.6747904251978072,0,2.3414677224218776,1.333876972009174,0.15577406834862403,51.164441510602195,0.511644415106022,0.0,20.623167266221635,24.374881965307633,20038.380369578048,127571.57512049086,26866.768667129294,13516.339325362898,12864.837975219196,0.4126873304238788,0.4126873304238793,72.13016971883627,49277.133877439475,4759.5827155790075,58843.219048254,1,3.181660996222874e-05,4.8517187658079875e-05,27,1
863,11,0.6876200991244844,0.6738002971969808,0,2.3449084344023348,1.3812951999447072,0.12576253168056511,62.310109522487714,0.6231010952248771,0.0,20.456976110489197,24.374881965307633,19903.409411324115,127501.87618916939,27009.07623711935,13445.340054879069,13007.695652663027,0.389948745071976,0.3899487450719759,72.13016971883627,49277.133877439475,4759.5827155790075,58913.26333774812,1,3.832199718463195e-05,4.5554223506709855e-05,27,1
864,11,0.7161474090363971,0.7239501594153769,0,2.182470684550885,1.4531954163728251,0.08025606558681958,72.93028859992903,0.7293028859992903,0.0,20.47130213710136,24.374881965307633,19770.80289836751,127434.57829322986,27145.94217432149,13377.75768830572,13201.008538731308,0.33481808019389203,0.33481808019389214,72.13016971883627,49277.133877439475,4759.5827155790075,58980.85878084059,1,4.4196798077028164e-05,3.8111801741296286e-05,27,1
865,11,0.7674340685980708,0.7631307156326582,0,2.0704185634699983,1.5670179425022734,0.008216492087168752,125.56550388286004,1.2556550388286005,0.0,20.65014636972902,24.37739327538529,19684.873773263804,127392.66111127815,27230.954140689824,13336.134425255157,13581.504453685395,0.43626833409071863,0.436268334090718,72.13016971883627,49277.133877439475,4760.210543098422,59023.460081817924,1,7.396264784129264e-05,5.2160481034317585e-05,27,1
866,11,0.733839544962122,0.7415040343833182,0,2.1308043203217744,1.5088645691739946,0.04502242457342119,69.64794874597497,0.6964794874597497,0.0,20.42151556847379,24.37739327538529,19594.617411162948,127347.96306076185,27325.823007974224,13289.973090735957,13494.113308223366,0.4432335665875582,0.44323356658755786,72.13016971883627,49277.133877439475,4760.210543098422,59068.556066170204,1,4.129086344845274e-05,5.315010312225785e-05,27,1
867,11,0.7884368028724892,0.7808642019507862,0,2.023399198033129,1.6065102298250267,0.016778626471535822,79.20062911785433,0.7920062911785434,0.0,20.276010245429134,24.38151551848036,19718.89805323236,127409.40723174787,27202.576791690026,13350.374169649338,13150.230509166131,0.45397162696541116,0.4539716269654108,72.13016971883627,49277.133877439475,4761.241103872189,59068.556066170204,1,4.818204764556726e-05,5.447851964510421e-05,27,1
868,11,0.7637313520545345,0.7716286904662031,0,2.0476169685258783,1.5559505502851954,0.015221170705572605,154.4805207130756,1.544805207130756,0.0,20.55723649475144,24.38460512889462,19719.800095840845,127409.97229800983,27200.659733090455,13351.321885467869,12813.483041686755,0.5109678878508992,0.5109678878508989,72.13016971883627,49277.133877439475,4762.013506475755,59068.787786951274,1,9.644872995765244e-05,6.197388035055748e-05,27,1
869,11,0.7501636925879548,0.7477773777931931,0,2.1129283218794677,1.5364996592788012,0.027531861215948673,85.19519540807794,0.8519519540807794,0.0,20.319198940146574,24.38460512889462,19644.571778779755,127372.7665514048,27273.574329495525,13315.749929088639,13109.457775790246,0.5350177681322636,0.5350177681322643,72.13016971883627,49277.133877439475,4762.013506475755,59106.46191310397,1,5.199006510576587e-05,6.554028090299519e-05,27,1
870,11,0.8067707391253984,0.8050552739095258,0,1.9625981609028804,1.6167411331086539,0.02325388171433784,125.84239351131998,1.2584239351131998,0.0,20.29938221968356,24.396020191326738,19937.140793777777,127518.29318969404,26977.782310390725,13462.195603738193,13176.880376507688,0.6033417937794142,0.6033417937794144,72.13016971883627,49277.133877439475,4764.867272083785,59106.46191310397,1,7.64019342457884e-05,7.494690976973558e-05,27,1
871,11,0.7313504533990641,0.732598827342258,0,2.156705608896437,1.47796458646749,0.06457937565348741,84.92861935841411,0.8492861935841411,0.0,20.12131191207507,24.396020191326738,19829.27154038886,127463.29819194724,27091.505452721693,13405.8589613893,13360.132035645545,0.49113920024844493,0.4911392002484455,72.13016971883627,49277.133877439475,4764.867272083785,59161.90092419586,1,5.085495809880922e-05,5.974898581678783e-05,27,1
872,11,0.7220524824953463,0.7180683248222128,0,2.2003477181522992,1.4738560515996155,0.06717971417745858,130.77280757177436,1.3077280757177436,0.0,20.198394197423838,24.396020191326738,19702.241862350744,127398.20253719363,27227.65934860882,13339.022493996828,13603.074903860355,0.5509974048142009,0.5509974048142011,72.13016971883627,49277.133877439475,4764.867272083785,59227.49807125925,1,7.690779239018258e-05,6.80548949115934e-05,27,1
873,11,0.7194174781955356,0.7290006003629225,0,2.1673507528161426,1.4771945258907795,0.06506675576532948,54.32072210006607,0.5432072210006608,0.0,19.821590699139563,24.396020191326738,19623.73369858627,127359.12532528013,27308.477762909395,13299.667620758388,13913.600062797923,0.43888868699382677,0.43888868699382644,72.13016971883627,49277.133877439475,4764.867272083785,59266.982447953975,1,3.123316573993436e-05,5.2998638742975385e-05,27,1
874,11,0.692121031924714,0.7290006003629225,1,2.1673507528161426,1.4342672380292616,0.09223592529793574,74.58340429061633,0.7458340429061633,0.0,19.65027677430174,24.396020191326738,19502.034456456975,127298.2730219278,27434.447939001613,13238.786966867365,14067.455475561488,0.4173375769600323,0.41733757696003165,72.13016971883627,49277.133877439475,4764.867272083785,59328.222189951724,1,4.241472349860878e-05,5.018522720957524e-05,27,1
875,11,0.6727679945533347,0.6844588474389458,0,2.3083929821521334,1.4061875628104072,0.1100078716389828,102.31570041370755,1.0231570041370754,0.0,19.770230283343597,24.396020191326738,19390.875156036855,127241.47979351626,27552.694415701724,13182.14686065443,13544.874176171448,0.3795335438104352,0.3795335438104352,72.13016971883627,49277.133877439475,4764.867272083785,59385.35117021502,1,6.0430653888954934e-05,4.4692847709166025e-05,27,1
