epoch,year,xfg_price,oracle_price,oracle_stale,redemption_price,heat_price,peg_deviation,swap_volume,total_fees,cd_pool,swf_balance,yem_reserve,treasury,heat_supply,pool_xfg,pool_heat,cd_locked,cd_apy_mean,cd_apy_min,bonds_outstanding,bond_migrations_remaining,xfg_burned,heat_burned_lifetime,lag_complete,organic_rate,rolling_avg_rate,payout_queue_len,solvent
0,0,3.33493974397994,3.3793318150260254,0,0.4675480498761948,1.5330980092903377,0.029684804246621763,540.9187368722102,5.409187368722102,0.0,4.5978092634137875,0.0,29964.430834428596,88520.45987507583,5045.725788696282,10975.939808138535,79650.10906164911,0.0021069655784741164,0.002106965578474107,0.0,50000,0.0,87.13506163304287,0,0.0,0.0,0,1
1,0,3.415118996713712,3.368940038130407,0,0.4689902408820612,1.5868947189069593,0.004363746143645096,344.14987530796236,3.4414987530796237,0.0,7.523083203531468,0.0,29935.36349627333,88457.11843734175,5072.923196388212,10917.319322095987,79998.56022551002,0.003432468486368262,0.003432468486368286,0.0,50000,1.720749376539812,153.96209835237786,0,0.0,0.0,0,1
2,0,3.187085371306097,3.148529090068757,0,0.5018216299743625,1.5014803901156157,0.04969595562302806,342.03695592003027,3.420369559200303,0.0,10.430397328851726,0.0,29909.13217812392,88393.65337445682,5108.048763495359,10842.490915782586,80215.70121679698,0.004746072112168597,0.004746072112168587,0.0,50000,1.720749376539812,217.42716123731165,1,0.0,0.0,0,1
3,0,3.2128550621188574,3.235672899385261,0,0.4883064664231607,1.5408373913891902,0.024786461146082208,555.6677452700832,5.556677452700832,0.0,10.654690045479333,0.0,29877.483114988216,88327.94090741934,5153.837213530222,10746.449997490168,80491.55315574358,0.4079917857578256,0.4079917857578268,0.0,50000,1.720749376539812,292.5004389874594,1,5.522743428194692e-05,5.522743428194692e-05,0,1
4,0,2.98843196501642,3.0146387197343554,0,0.5241092372552114,1.4569530236381376,0.07787783314041928,317.7601615163666,3.1776016151636663,0.0,9.803321088344669,0.0,29846.817678582418,88261.83269615978,5196.429928968048,10658.667130473721,80656.3571994572,0.3210551309087007,0.3210551309086992,0.0,50000,1.720749376539812,365.8781297386075,1,3.151743248017704e-05,4.3372433381061985e-05,0,1
5,0,2.8503258706037684,2.843030576587427,0,0.5557449902267743,1.4097551933793206,0.10774987760802494,201.9160397922199,2.019160397922199,0.0,8.594343890253247,0.0,29814.591708684897,88193.9219034405,5234.000540962846,10582.409782012692,80833.57973495865,0.2635861389484362,0.2635861389484337,0.0,50000,1.720749376539812,439.6889462221231,1,1.9983382198761726e-05,3.55760829869619e-05,0,1
6,0,2.763873617527027,2.7267855841229176,0,0.5794368318505739,1.3891478243147506,0.12079251625648701,247.11221285148395,2.4711221285148395,0.0,8.60275566742042,0.0,29779.36672650623,88116.32079800042,5276.3119217211215,10497.845559008078,80939.68841921947,0.18863062564583416,0.18863062564583466,0.0,50000,1.720749376539812,521.4415752718709,1,2.4424330528340024e-05,2.53083817357596e-05,0,1
7,0,2.706457746657112,2.6689703521756494,0,0.5919885916724554,1.3732414798608654,0.13085982287287,346.8927313866224,3.4689273138662244,0.0,9.139685140181673,0.0,29772.325533027746,88090.62681039577,5301.408151462335,10448.298693373372,81094.58729568243,0.19544368338588933,0.19544368338588985,0.0,50000,1.720749376539812,551.3999262463302,1,3.42210490692112e-05,2.620958726543765e-05,0,1
8,0,2.5161173464901454,2.534461868972551,0,0.6234064987691128,1.2979975604601401,0.1784825566707974,291.2218090691006,2.9122180906910056,0.0,9.205996322712528,0.0,29752.90576640954,88039.26821888103,5345.585808642588,10362.20836617682,81134.58729568243,0.2167182673442292,0.21671826734422808,0.0,50000,1.720749376539812,607.4165030803107,1,2.8714935888714172e-05,2.9120105162088465e-05,0,1
9,0,2.4555998771829692,2.430384177613869,0,0.650102981476464,1.2862957243675852,0.18588878204583217,153.8589383751693,1.5385893837516929,0.0,8.354157965939226,0.0,29723.20972756535,87976.37800498866,5386.670474593925,10283.410809237783,81174.58729568243,0.19379793145943752,0.19379793145943755,0.0,50000,1.720749376539812,674.4188515310051,1,1.5163261656235396e-05,2.6033082204720258e-05,0,1
10,0,2.471222333667333,2.4676180083064243,0,0.6402935927203683,1.3209720684519373,0.16394172882788785,362.6553601659232,3.626553601659232,0.0,8.960680111281143,0.0,29686.992330920322,87890.65164406782,5441.607657652817,10179.944524039798,80871.16951498654,0.19811007310072057,0.1981100731007191,0.0,50000,1.720749376539812,764.2363576661361,1,3.5874872327520205e-05,2.658435662415659e-05,0,1
11,0,2.3815082076482796,2.3797193313745533,0,0.6639438437840373,1.2982627858870606,0.178314692476544,258.21996546137234,2.5821996546137234,0.0,9.051161676527075,0.0,29651.967479956536,87813.44480710606,5495.387402488876,10080.632631160332,80548.74909287457,0.19069971497178062,0.1906997149717807,0.0,50000,1.720749376539812,845.2933372508058,1,2.564608075178312e-05,2.5561404911846238e-05,0,1
12,0,2.507661689894366,2.5191987731125773,0,0.627183538219909,1.390972287993238,0.11963779240934307,197.7210124152093,1.977210124152093,0.0,8.509317974074735,0.0,29612.412369633763,87736.8004158573,5543.368257588205,9993.651442607319,80434.36007084372,0.20141469554032235,0.20141469554032346,0.0,50000,1.720749376539812,925.9340106051429,1,1.966532832397137e-05,2.7062093801091565e-05,0,1
13,0,2.4456156278572294,2.4345968497505326,0,0.6489780844667974,1.3736971390527777,0.13057143097925467,234.1642430138969,2.341642430138969,0.0,8.615201729986328,0.0,29590.747741561318,87690.48356222853,5578.333243764976,9931.198493835542,80571.91462465914,0.1707360583969957,0.17073605839699443,0.0,50000,1.720749376539812,975.5969578345129,1,2.3250210111524956e-05,2.2853873062426478e-05,0,1
14,0,2.3909100646892822,2.392806221398111,0,0.6603125593165708,1.365870005378627,0.13552531305150192,243.5847693675685,2.435847693675685,0.0,8.80133155920702,0.0,29553.813288176334,87616.54693917335,5625.76975275371,9847.72304137008,80264.9646503654,0.16750679034734614,0.16750679034734606,0.0,50000,1.720749376539812,1052.7483584124132,1,2.4278066569006797e-05,2.2397868334834374e-05,0,1
15,0,2.325094840456892,2.32156237692441,0,0.6805761566885716,1.351492080094338,0.14462526576307727,284.8036292063933,2.848036292063933,0.0,9.066008996587318,0.0,29511.751796550965,87532.07436884084,5674.819921419767,9762.909242423435,80190.66162293252,0.1889161151123912,0.18891611511239048,0.0,50000,1.720749376539812,1140.7807083080597,1,2.841264790113133e-05,2.5313641527221028e-05,0,1
16,0,2.364823946835882,2.3477085311364525,0,0.6729966599538535,1.3993101891404647,0.11436063978451606,299.0638815237147,2.9906388152371473,0.0,9.298299078076722,0.0,29474.35395495727,87459.38363776053,5725.706337845785,9676.401676603886,80336.70314112892,0.20490585245971743,0.20490585245971846,0.0,50000,1.720749376539812,1217.2717301636412,1,2.9781046005668803e-05,2.7490586825268973e-05,0,1
17,0,2.2826643395723196,2.2863890655453263,0,0.691045992044733,1.369348537687284,0.13332371032450382,241.17835716852326,2.4117835716852327,0.0,9.097484382895418,0.0,29445.731041258732,87403.58541264953,5765.171741149874,9610.374263997786,80451.70701212485,0.20408930656080831,0.20408930656080926,0.0,50000,1.720749376539812,1276.8122297373384,1,2.3982422859684044e-05,2.739203892216139e-05,0,1
18,0,2.2623170091455704,2.269924803612232,0,0.6960583000307659,1.3779153088060019,0.12790170328734063,254.50072032319233,2.5450072032319233,0.0,9.103457475380381,0.0,29417.753425977495,87349.1915171889,5809.197006908999,9537.77428425253,79932.9432745097,0.19696183895763394,0.19696183895763367,0.0,50000,1.720749376539812,1334.7387257224216,1,2.547142240957381e-05,2.6411630424975554e-05,0,1
19,0,2.090268316665386,2.0840735363112706,0,0.7581306381331144,1.2940665349496916,0.18097054750019523,241.61047066264393,2.4161047066264394,0.0,9.148407386550666,0.0,29384.072831794245,87282.3177341306,5856.855447889793,9460.409528702503,79972.9432745097,0.1833248350434928,0.1833248350434928,0.0,50000,1.720749376539812,1404.8485429386967,1,2.4169221316095196e-05,2.4541022195117683e-05,0,1
20,0,2.133521162732168,2.1478917908765727,0,0.735605027548985,1.3492743611713374,0.14602888533459665,405.9544339729517,4.059544339729517,0.0,9.834693087799987,0.0,29344.490063232875,87201.37720279829,5919.65474546566,9360.371054968198,79339.37712341509,0.22492143404074705,0.2249214340407453,0.0,50000,1.720749376539812,1489.6406486160304,1,4.0933463174683194e-05,3.019136896678407e-05,0,1
21,0,2.01157108794652,2.0367860873118433,0,0.7757319287688621,1.2941866940701188,0.1808944974239755,403.94569715003,4.0394569715003,0.0,10.265620060657934,0.0,29323.009122280222,87146.6484634993,5970.780310953331,9280.460926561896,79379.37712341509,0.26219879496698073,0.2621987949669825,0.0,50000,1.720749376539812,1548.7879612437328,1,4.0710392224115886e-05,3.527102557163142e-05,0,1
22,0,1.9941122548493055,1.9937932685107622,0,0.7924592910177495,1.3045111792866129,0.17436001310973873,352.0248378834387,3.520248378834387,0.0,10.109883397236112,0.0,29295.83056360231,87088.02419631128,6020.809023125607,9203.576977920391,79259.12041295924,0.2897825495977277,0.28978254959772487,0.0,50000,1.720749376539812,1612.2123430053073,1,3.553154120805822e-05,3.9058465535619105e-05,0,1
23,0,1.9252861372914687,1.9069318584689843,0,0.828556087614233,1.2858905513936811,0.18614522063691072,231.89169628915687,2.318916962891569,0.0,9.404881720939732,0.0,29254.51977730453,87014.48954835098,6083.68717475068,9108.736796044353,78955.53016928544,0.24704320729963997,0.24704320729963875,0.0,50000,1.720749376539812,1689.7434630666562,1,2.349592949772785e-05,3.3245954309967323e-05,0,1
24,0,1.9006885572194419,1.8816321744353348,0,0.8396965259557955,1.2857494510302905,0.18623452466437315,208.5721937781774,2.085721937781774,0.0,9.02763177645253,0.0,29226.283052820054,86962.25199518738,6122.661613687379,9050.964680200486,78592.65612845475,0.19948750844553745,0.1994875084455364,0.0,50000,1.720749376539812,1745.1510487298558,1,2.1230705671764473e-05,2.6752725459183517e-05,0,1
25,0,1.960781452943737,2.0053162296176534,0,0.787905656307012,1.34756496753702,0.14711078003986078,342.5405717740481,3.425405717740481,0.0,9.568574947082212,0.0,29188.6601567368,86892.04115535594,6171.4038940682785,8979.733508678797,78125.73381598423,0.19865638285183274,0.1986563828518327,0.0,50000,1.720749376539812,1818.4445099323923,1,3.5075825087888324e-05,2.660082008579355e-05,0,1
26,0,1.9500230149439648,1.9506686728499891,0,0.8099786611590833,1.3551322615472852,0.14232135345108538,145.54105356996442,1.4554105356996443,0.0,8.908646041215906,0.0,29163.181282516503,86850.7231463459,6205.807540080795,8930.100679363155,77826.40688112447,0.1775947318069062,0.1775947318069075,0.0,50000,1.720749376539812,1862.4849675995438,1,1.4960583113366172e-05,2.375570462433966e-05,0,1
27,0,1.916205845324032,1.8868630892845575,0,0.8373686511611657,1.3568604154236819,0.14122758517488493,269.3838348503956,2.693838348503956,0.0,9.102446132840212,0.0,29115.843200310446,86772.33039166618,6264.412464476599,8846.82289018104,77522.55920587684,0.19368586518138775,0.193685865181387,0.0,50000,1.720749376539812,1943.7743021463978,1,2.7799271604023525e-05,2.594522660175934e-05,0,1
28,0,1.8589105600324258,1.871461438582887,0,0.8442599817586474,1.3429410299919335,0.15003732278991552,339.2703078554528,3.3927030785545282,0.0,9.667887964195875,0.0,29068.17131620852,86690.08729101787,6327.6229837086485,8758.750326059026,77413.97488658549,0.193920865525527,0.1939208655255264,0.0,50000,1.720749376539812,2028.8536275697845,1,3.5060368193468654e-05,2.594007430361945e-05,0,1
29,0,1.8073861481394118,1.806068066668161,0,0.8748286009589816,1.3331899396187017,0.1562088989755053,340.80736013890765,3.4080736013890767,0.0,9.932876029004857,0.0,29018.055670210368,86605.64589809453,6393.949499225579,8668.184039933876,76876.37853842262,0.24397384265159755,0.2439738426515955,0.0,50000,1.720749376539812,2116.768477858396,1,3.5465495812196516e-05,3.2775045203229564e-05,0,1
30,0,1.7970543294782004,1.804752012131892,0,0.8754665402110288,1.3422290181447798,0.1504879631995065,179.86906189637793,1.7986906189637792,0.0,9.142032029085385,0.0,28992.153964976504,86564.50003255003,6434.0689947165,8614.306043761573,76140.83854562053,0.2219819008636066,0.22198190086360572,0.0,50000,1.720749376539812,2161.011933741343,1,1.8898563801722e-05,2.980814260246239e-05,0,1
31,0,1.8019637559646122,1.810686107494966,0,0.8725974057347169,1.3730548237541165,0.1309779596492934,193.13713189240067,1.9313713189240067,0.0,8.84517363965532,0.0,28939.088991117515,86487.55434145674,6498.75897419228,8528.813218270552,76004.18358793552,0.18600114527295256,0.18600114527295192,0.0,50000,1.720749376539812,2240.494821206872,1,2.0329105349201664e-05,2.489772165437339e-05,0,1
32,0,1.8073797554231603,1.8179921615424772,0,0.8690906558471889,1.4023680005253036,0.11242531612322558,250.51666352382406,2.5051666352382407,0.0,9.153423555507834,0.0,28884.681055246987,86408.39814576268,6558.021864644772,8452.01541203274,75425.13436048136,0.16454004147823342,0.1645400414782343,0.0,50000,1.720749376539812,2321.8348837450767,1,2.6571159934726595e-05,2.1932943028550085e-05,0,1
33,0,1.835646634246705,1.820772313900112,0,0.8677636341117384,1.44259967671386,0.08696222992793673,197.25959597967864,1.9725959597967864,0.0,9.084346342051253,0.0,28850.597626848146,86360.60615076887,6600.087817223634,8398.33058538966,75063.40845620018,0.16969786670807746,0.1696978667080784,0.0,50000,1.720749376539812,2371.842235903928,1,2.1023249547191076e-05,2.2641171610373114e-05,0,1
34,0,1.818854010074575,1.8429653455737849,0,0.8573140041914821,1.4491883745453071,0.08279216800929932,228.703082991698,2.28703082991698,0.0,9.198311081222997,0.0,28819.537173877834,86316.63472420133,6645.678419350355,8340.88863464282,74009.30707890254,0.18050526498179478,0.18050526498179442,0.0,50000,1.720749376539812,2418.1042219695846,1,2.4721548358546195e-05,2.410531928015462e-05,0,1
35,0,1.790676952977215,1.7698107412430444,0,0.8927508253737183,1.4388441206146656,0.08933916416793321,144.27191140391056,1.4427191140391056,0.0,8.866040409613495,0.0,28794.898708194378,86283.14211637719,6673.8663408636285,8305.791067019542,73943.13481968254,0.15367061717324615,0.1536706171732458,0.0,50000,1.720749376539812,2453.5311560381374,1,1.560895807360416e-05,2.045125199311381e-05,0,1
36,0,1.7990895829235194,1.7913872722008424,0,0.8819980048528878,1.4651564945717486,0.0726857629292731,211.92951921427385,2.1192951921427388,0.0,9.03200288043045,0.0,28758.618506538183,86234.36016730673,6718.916539871188,8250.267326527452,73301.92292066771,0.158916727165904,0.15891672716590513,0.0,50000,1.720749376539812,2504.2667586006023,1,2.3129490825896977e-05,2.115333241934911e-05,0,1
37,0,1.6998336943340842,1.6932418931098339,0,0.933121254812653,1.4064469665529735,0.10984369205508009,255.72742060669754,2.5572742060669755,0.0,9.385337051672257,0.0,28712.363931833777,86169.63703116153,6772.491617815006,8185.242472932946,72973.71233132317,0.16717646264792133,0.16717646264791955,0.0,50000,1.720749376539812,2571.0027427394343,1,2.8035018357911262e-05,2.2257822419137468e-05,0,1
38,0,1.367041327083876,1.3808190301980452,0,1.1442484246276554,1.1492732621396726,0.27261185940527055,139.23719330725092,1.3923719330725093,0.0,8.921394271016627,0.0,28671.467889984247,86109.82280719529,6826.79251292167,8120.355535998294,72054.92535606284,0.16663642483697308,0.16663642483697255,0.0,50000,1.720749376539812,2632.771184268801,1,1.5459006319882086e-05,2.220783850123011e-05,0,1
39,0,1.3159187831847428,1.334388803538613,0,1.1840626928299012,1.1286138472313885,0.2856874384611466,174.58777575660827,1.7458777575660827,0.0,8.858330505825498,0.0,28623.794803112924,86038.69087245257,6895.425778340149,8039.791751654595,71489.0625083529,0.15789896413786253,0.15789896413786159,0.0,50000,1.720749376539812,2705.7019213235067,1,1.95372852440144e-05,2.101043664060258e-05,0,1
40,0,1.2716613483200918,1.2769113773085914,0,1.2373607347208726,1.107507627182917,0.29904580558043237,222.65687222604114,2.2265687222604114,0.0,9.15619910176677,0.0,28593.748245707662,85983.95649122974,6948.589396886198,7978.502670760923,71300.81962514347,0.1506349880088891,0.1506349880088891,0.0,50000,1.720749376539812,2762.1198832125297,1,2.4982251076117903e-05,1.9992847546671464e-05,0,1
41,0,1.3091259101544839,1.29990567386423,0,1.215472808348573,1.1558582322754622,0.26844415678768213,119.20507554846768,1.1920507554846769,0.0,8.762778614836588,0.0,28557.71231947689,85933.76058779549,6996.416353511575,7924.146466110692,70263.8328441224,0.14590876610325243,0.1459087661032517,0.0,50000,1.720749376539812,2813.904514796161,1,1.3572282720519338e-05,1.9363939680217214e-05,0,1
42,0,1.29457149249009,1.2771419083753972,0,1.2371373843724671,1.163352414046656,0.26370100376793926,203.2020331817764,2.032020331817764,0.0,8.95289729509547,0.0,28514.738977541805,85868.98881175023,7058.511314283072,7854.6684706695905,69399.84107213901,0.15552290261529064,0.15552290261529209,0.0,50000,1.720749376539812,2880.316505924757,1,2.3423919137861327e-05,2.0659484311499525e-05,0,1
43,0,1.2634099292018621,1.263465135708534,0,1.250529164078562,1.1468273385743544,0.2741599122947125,129.1482096384403,1.2914820963844031,0.0,8.819021184515227,0.0,28491.85889690936,85833.23001287028,7094.1614928869685,7815.329969912292,68289.71090291535,0.1315527399905183,0.13155273999051878,0.0,50000,1.720749376539812,2917.428309017855,1,1.5129448689222887e-05,1.7375216849201185e-05,0,1
44,0,1.3915403582452017,1.4039828638414804,0,1.125369860766615,1.2897059807640172,0.18373039192150814,154.98046613290023,1.5498046613290024,0.0,8.826384946650078,0.0,28426.9151360249,85753.93041363955,7168.515157678328,7734.53663035085,66313.77085198321,0.14416647886171488,0.14416647886171524,0.0,50000,1.720749376539812,2998.1373302191887,1,1.8696625348460676e-05,1.9083331058514963e-05,0,1
45,0,1.3918886006872946,1.3973565155070755,0,1.130706432085191,1.3110460854625061,0.1702239965427177,130.98425138585753,1.3098425138585754,0.0,8.801374949460916,0.0,28376.955762918056,85693.9982464155,7226.765834221246,7672.387032024457,66040.06815116126,0.1257848861008804,0.12578488610087968,0.0,50000,1.720749376539812,3059.2746329351166,1,1.5867246058685877e-05,1.6564440032123148e-05,0,1
46,0,1.4244335388457103,1.4356587609021192,0,1.1005400747230363,1.3671650163999982,0.13470568582278597,158.5237066015664,1.585237066015664,0.0,8.910330067563713,0.0,28321.078326442414,85628.9512160635,7295.125098107024,7600.707109359269,65232.95388454038,0.1363973219786127,0.13639732197861199,0.0,50000,1.720749376539812,3125.587816012473,1,1.9440935559306027e-05,1.800160232215086e-05,0,1
47,0,1.3893073555233257,1.376925033418385,0,1.147484403037874,1.3472579135560598,0.14730511800249382,223.99810060615695,2.2399810060615697,0.0,9.256251719850594,0.0,28299.32194939556,85596.5304190267,7332.8522274775605,7561.718832075927,64546.55999192499,0.15870665961930738,0.15870665961930847,0.0,50000,1.720749376539812,3159.450426469954,1,2.7762669382743865e-05,2.1023617000245256e-05,0,1
48,0,1.4329844426632,1.4510879520574755,0,1.0888382043002576,1.3991175717063664,0.11448254955293269,175.81891023553297,1.7581891023553298,0.0,9.236511312780463,0.0,28284.682121900998,85576.13406256156,7357.924370438124,7536.029399066887,63467.39272107803,0.17410104083395328,0.17410104083395292,0.0,50000,1.720749376539812,3181.3933023491713,1,2.2161793979243406e-05,2.3121799640431098e-05,0,1
49,0,0.482113790821841,0.4908138512492225,0,3.219143053886059,0.47813048662512625,0.6973857679587809,36.85058013414128,0.3685058013414128,0.0,8.383668306548689,0.0,28238.087836244755,85526.23778508256,7415.708936722818,7477.489194111891,61384.53807264118,0.13815419022889572,0.13815419022889508,0.0,50000,1.720749376539812,3232.4620243139693,1,4.802587920825674e-06,1.8242350427604316e-05,0,1
50,0,0.5002134416185496,0.49889250491755355,0,3.1670149068707882,0.5045289397666528,0.6806778862236375,77.99477281021508,0.7799477281021509,0.0,8.256531022836565,0.0,28199.038356681882,85479.96181647044,7478.6849245832245,7414.715846898181,60078.528628044696,0.09590138174295418,0.09590138174295353,0.0,50000,1.720749376539812,3279.519060216291,1,1.0385710115251669e-05,1.2450030671773584e-05,0,1
51,0,0.48645991727692833,0.4899937972971176,0,3.224530613888435,0.4954725528248739,0.6864097766931179,46.853793861077115,0.46853793861077114,0.0,8.19319769911345,0.0,28176.96484972261,85453.78483740811,7515.353462391332,7378.64933744162,58317.396250570986,0.0577262470659733,0.05772624706597328,0.0,50000,1.720749376539812,3306.1479016976596,1,6.42741917485637e-06,7.205239070311237e-06,0,1
52,0,0.48833366437009634,0.4847204220309988,0,3.259610959612005,0.5063389837981608,0.6795322887353413,71.71541674681613,0.7171541674681613,0.0,8.246407393155714,0.0,28131.153335072177,85402.40175157523,7582.834237448831,7313.190072207638,55745.17939643193,0.07135501047661566,0.07135501047661585,0.0,50000,1.720749376539812,3358.054879132274,1,1.0291891427857728e-05,9.035006905988589e-06,0,1
53,0,0.477791934899674,0.46862020153986944,0,3.371600274184032,0.505234834618141,0.6802311173302905,108.38688012773596,1.0838688012773596,0.0,8.441617231083798,0.0,28088.768567818744,85351.32834380676,7657.782708837072,7241.834028055273,54105.04665650256,0.08537542569661043,0.08537542569661032,0.0,50000,1.720749376539812,3409.7242785019284,1,1.6026139789266343e-05,1.0915150130660146e-05,0,1
54,0,0.40231312547795695,0.40158044073006927,0,3.934454569369902,0.4342474429163568,0.7251598462554705,82.72889586371967,0.8272889586371968,0.0,8.432239343577669,0.0,28038.823915231864,85296.61284477776,7736.941729245834,7167.971301867337,51244.13007272157,0.10147375835077546,0.10147375835077588,0.0,50000,1.720749376539812,3465.098028882272,1,1.2915258117769577e-05,1.3077763111631215e-05,0,1
55,0,0.4065442541156011,0.40538772217647967,0,3.89750333709458,0.44718489054377564,0.7169715882634331,71.27536672853996,0.7127536672853997,0.0,8.31703354185712,0.0,27990.98653023293,85245.97169443127,7810.50033894211,7100.673796701172,50651.25645332378,0.10381051604723292,0.10381051604723354,0.0,50000,1.720749376539812,3516.3927899744294,1,1.1257429208173227e-05,1.3399609038403048e-05,0,1
56,0,0.40189317589416107,0.4025698018986874,0,3.9247851988600733,0.4482669037633478,0.716286769770033,56.92397130939658,0.5692397130939658,0.0,8.204332583317058,0.0,27957.073507975507,85209.9488834642,7865.147527086002,7051.488949997189,50018.846656090085,0.08696116085071283,0.0869611608507129,0.0,50000,1.720749376539812,3552.9488773098847,1,9.104403658210422e-06,1.1092363661384407e-05,0,1
57,0,0.38584080539139404,0.38179872201138926,0,4.1383061516713715,0.436274864329699,0.7238766681457601,40.54201812175495,0.4054201812175495,0.0,8.074454693508969,0.0,27917.83266658709,85171.21510505419,7919.076562134513,7003.6188845869565,47920.53539935628,0.07216656400904259,0.07216656400904262,0.0,50000,1.720749376539812,3592.1010557157692,1,6.768207873119808e-06,9.043346913167819e-06,0,1
58,0,0.3754739549449318,0.3766513370220302,0,4.1948609886590855,0.429071443067134,0.7284357955271303,80.68538890248283,0.8068538890248282,0.0,8.202160304448766,0.0,27908.436125924327,85154.74246731984,7961.169476032651,6966.699456354049,46144.24524482538,0.07914963079436886,0.07914963079436885,0.0,50000,1.720749376539812,3609.009844453254,1,1.3988377267742768e-05,9.953662933024332e-06,0,1
59,0,0.37000737493265046,0.36869554063552834,0,4.285378654910012,0.4297431901841059,0.7280106391239836,92.2541158221928,0.9225411582219281,0.0,8.331544332757135,0.0,27879.655574918936,85120.4974755932,8026.140235385941,6910.478507092148,45096.85405286432,0.0970737211913646,0.097073721191365,0.0,50000,1.720749376539812,3643.769297169672,1,1.6365508017751994e-05,1.2374031052871524e-05,0,1
60,0,0.36103707059695717,0.3579294116130376,0,4.414278203290429,0.4267736750248564,0.7298900790981923,91.15762749673665,0.9115762749673665,0.0,8.378566067500598,0.0,27842.477247682666,85079.74045499998,8097.232258706387,6850.0031414924315,43673.176442036005,0.12149568696232671,0.12149568696232735,0.0,50000,1.720749376539812,3685.139425489576,1,1.6698144705407093e-05,1.5684009996967285e-05,0,1
61,0,0.35841947648072153,0.3519375416240623,0,4.489432962192328,0.4324188552217712,0.7263171802393854,97.84496695828483,0.9784496695828483,0.0,8.43590489195852,0.0,27800.516168695052,85034.93487805434,8180.446925768279,6780.535744697041,42252.60438921282,0.13282150373198134,0.13282150373198065,0.0,50000,1.720749376539812,3730.5803307234014,1,1.8525715680288785e-05,1.719645613448262e-05,0,1
62,0,0.36826651178741776,0.3669985070510125,0,4.305194625166094,0.4500308018572067,0.7151703785713881,56.8024563766461,0.568024563766461,0.0,8.24862186355097,0.0,27772.306668532074,85006.29735115924,8233.12491390474,6737.2814941583065,40567.03224363319,0.12039051860755116,0.12039051860755158,0.0,50000,1.720749376539812,3759.7646124715566,1,1.1201698174124825e-05,1.54751861866069e-05,0,1
63,0,0.3739272306883033,0.3720353047439054,0,4.2469087741218825,0.4651224341707433,0.7056187125501624,63.25327122349936,0.6325327122349936,0.0,8.19232465965001,0.0,27720.65847662629,84958.36048076984,8306.557262362172,6677.914728423295,38739.33118658059,0.11184049169268473,0.11184049169268445,0.0,50000,1.720749376539812,3808.1775803735427,1,1.3062336242998534e-05,1.4263250032470716e-05,0,1
64,0,0.38562363601877697,0.3863985411426115,0,4.089042353337601,0.48641667004310446,0.6921413480739845,62.52661767320785,0.6252661767320785,0.0,8.21637056043395,0.0,27684.426926625343,84923.37625939459,8364.850129508355,6631.524206206381,37039.35924059628,0.10000113909762823,0.1000011390976279,0.0,50000,1.720749376539812,3843.5629021886,1,1.3504902666820815e-05,1.2589645694648058e-05,0,1
65,0,0.3727067660189923,0.3695849751474101,0,4.275065563392593,0.4777753936543361,0.6976105103453569,88.84431306321265,0.8884431306321265,0.0,8.333422593563872,0.0,27652.32091338646,84889.32530749618,8432.750930752827,6578.286303120938,35172.933794033015,0.12246619517150849,0.12246619517150867,0.0,50000,1.720749376539812,3878.072527560484,1,2.020742735501577e-05,1.5591555421611705e-05,0,1
66,0,0.3786112520894693,0.3825775615706633,0,4.129881516086168,0.4928591421403901,0.6880638340883607,57.60226965203983,0.5760226965203983,0.0,8.241755265566745,0.0,27609.105567804494,84850.41923781371,8497.883910015522,6528.020264186277,34337.83266319506,0.1234497025183137,0.12344970251831351,0.0,50000,1.720749376539812,3917.423828753494,1,1.3420129387206365e-05,1.5710819803014316e-05,0,1
67,0,0.37990836337782635,0.3865874570176567,0,4.08704413792669,0.5019592382371063,0.6823042795967682,49.529046192548556,0.4952904619254856,0.0,8.12732509391444,0.0,27565.388470358423,84812.4530837503,8561.419774829876,6479.719321969715,32296.459562075503,0.12086578578213321,0.1208657857821336,0.0,50000,1.720749376539812,3955.794030892114,1,1.2268600797521132e-05,1.529871917991442e-05,0,1
68,0,0.18343476213509355,0.18299331501785926,0,8.634195188200179,0.24707775801362447,0.8436216721432757,64.70758896304213,0.6470758896304213,0.0,8.191175411083565,0.0,27533.076917058115,84781.01672841297,8644.37101072655,6417.729191442173,29407.589289635165,0.11550981253053037,0.1155098125305303,0.0,50000,1.720749376539812,3987.5747163028786,1,1.7602963187696205e-05,1.4430564457474567e-05,0,1
69,0,0.18310851573348888,0.18381779018905245,0,8.595468362311427,0.2500310370914543,0.8417525081699657,35.26771494848081,0.3526771494848081,0.0,8.075364044224933,0.0,27501.01176173391,84753.6025348319,8703.713894082963,6374.105195314359,28170.167908261312,0.10752204068491981,0.10752204068491997,0.0,50000,1.720749376539812,4015.2923635655875,1,1.0015620798096285e-05,1.329572826110454e-05,0,1
70,0,0.1802995530697429,0.18508076847288862,0,8.536813484386656,0.255293561859459,0.8384217962914817,134.70182428424627,1.3470182428424626,0.0,8.397936850474272,0.0,27444.771614463465,84698.24286939357,8863.328929032179,6259.6731111236,27408.32021133889,0.17406037250409337,0.17406037250409293,0.0,50000,1.720749376539812,4071.1113248443567,1,3.9317060876578575e-05,2.2311881620790352e-05,0,1
71,0,0.19141228719230038,0.19323802280731056,0,8.176444661594962,0.28046141248261575,0.8224927769097369,140.99638910667312,1.4099638910667311,0.0,8.633983023572855,0.0,27402.080218441253,84653.22854105104,9016.480158588984,6153.663259064167,26375.533685473372,0.23605454308494925,0.23605454308494944,0.0,50000,1.720749376539812,4116.705484895033,1,4.276581191889315e-05,3.069949786452267e-05,0,1
72,0,0.1971750539090873,0.1968613409016439,0,8.025953662427819,0.2966800128707843,0.8122278399551999,110.997693819068,1.10997693819068,0.0,8.539603538329986,0.0,27361.729474121432,84614.27196172951,9137.189829784056,6072.6230925772325,25526.103048633267,0.2965946885898792,0.2965946885898798,0.0,50000,1.720749376539812,4156.349840023666,1,3.478719602677812e-05,3.895668960741661e-05,0,1
73,1,0.19589967853213552,0.19609743448927652,0,8.057219127394557,0.34314007538483715,0.7828227370982044,32.37356553284979,0.3237356553284979,0.0,8.150484092088472,0.0,25956.682944280157,84585.41768846134,10565.419145128195,6031.828872703405,24378.369428846476,0.2267664673408945,0.22676646734089484,0.0,50000,1.720749376539812,4185.636610144032,1,1.0623701680242074e-05,2.9392236541971116e-05,0,1
74,1,0.2040891134722219,0.19609743448927652,1,8.057219127394557,0.3618146946652005,0.7710033578068352,49.325502127126036,0.49325502127126036,0.0,8.052307493959798,0.0,25928.78360056609,84564.48345924716,10629.310220778061,5995.6837899775555,22794.06334668059,0.16551910379907758,0.16551910379907797,0.0,50000,1.720749376539812,4206.861852607555,1,1.7311701341501843e-05,2.0907533016174012e-05,0,1
75,1,0.21722912405790518,0.21580589212765283,0,7.321394167798734,0.39088840241088463,0.7526022769551364,50.111891759542885,0.5011189175954288,0.0,8.094837697726206,0.0,25882.291719671903,84533.34090043425,10708.884420338145,5951.267850157699,21236.798576349163,0.127823824690753,0.1278238246907532,0.0,50000,1.720749376539812,4238.210403937509,1,1.8877380817785264e-05,1.5604261279843063e-05,0,1
76,1,0.22781916606912456,0.22851423540158894,0,6.914230079466698,0.41456606105209487,0.7376164170556362,52.86691465779737,0.5286691465779737,0.0,8.115372855412641,0.0,25856.468955866207,84513.68532464992,10769.170717464087,5918.051964703411,20496.415544928925,0.15272280700041102,0.15272280700041085,0.0,50000,1.720749376539812,4258.100941807244,1,2.0634599075886642e-05,1.894122707839125e-05,0,1
77,1,0.21753389417971314,0.21629627891190575,0,7.304795107656524,0.4026586827468616,0.7451527324386952,83.44412072309638,0.8344412072309638,0.0,8.245520305249398,0.0,25817.408331487422,84483.78217300803,10861.542527848193,5867.882015515282,19503.51671899667,0.1948634183817679,0.19486341838176754,0.0,50000,1.720749376539812,4288.284286418597,1,3.42273127150739e-05,2.457976420291527e-05,0,1
78,1,0.2209642179837743,0.22330530654756506,0,7.075514793749215,0.4144802958719393,0.7376706988152283,55.67813619933971,0.5567813619933971,0.0,8.20053599564414,0.0,25781.580834161326,84458.94611323217,10934.070345716396,5829.078794296355,17958.17698548232,0.21052001887816707,0.21052001887816668,0.0,50000,1.720749376539812,4313.395814623258,1,2.480346919148901e-05,2.6555126994149848e-05,0,1
79,1,0.23240157129850192,0.2328249124287706,0,6.786215373251254,0.4421941798770813,0.7201302659005814,70.28776472733675,0.7028776472733675,0.0,8.226511366082638,0.0,25744.909780105623,84432.45014453944,11012.421746761376,5787.738134546587,17424.37657137708,0.23940029816029537,0.23940029816029593,0.0,50000,1.720749376539812,4340.19124250829,1,3.2271003528607416e-05,3.0433928478390107e-05,0,1
80,1,0.22941499804229332,0.22949654596005264,0,6.884635206122113,0.44131011784976243,0.7206897988292643,54.58081474801709,0.5458081474801709,0.0,8.179224702681044,0.0,25718.374690342353,84413.0922065289,11072.879644392993,5756.234809023279,17051.707625334937,0.21870009835977122,0.21870009835977092,0.0,50000,1.720749376539812,4359.814154979236,1,2.5607201787542964e-05,2.756055816921313e-05,0,1
81,1,0.23046668849275226,0.22862934220011263,0,6.910749008834885,0.4485803836808114,0.7160883647589802,54.28781009056139,0.542878100905614,0.0,8.147072952231772,0.0,25684.14915421415,84389.96004343842,11138.322845785671,5722.524825022124,15954.129776015712,0.22571598410758295,0.2257159841075824,0.0,50000,1.720749376539812,4383.1991639019525,1,2.7221947346660688e-05,2.8366717554270358e-05,0,1
82,1,0.2283605646466644,0.23087850529638654,0,6.843426147322379,0.45271288052001224,0.7134728604303721,103.63379492075408,1.0363379492075409,0.0,8.336930070447696,0.0,25649.01832564426,84361.5148352724,11241.146062191967,5670.336702346841,15994.129776015712,0.2737105925868208,0.2737105925868209,0.0,50000,1.720749376539812,4411.9456350641485,1,5.1835915487523444e-05,3.488835487390903e-05,0,1
83,1,0.22366489110923843,0.22548273975062794,0,7.007188229783783,0.44703160346257526,0.7170686054034334,40.71178036075799,0.40711780360757993,0.0,8.127798052513153,0.0,25628.950082135885,84347.42487346925,11287.10782216377,5647.318271075756,15362.0762966329,0.2632751794461192,0.26327517944611967,0.0,50000,1.720749376539812,4426.312553395499,1,2.120118638894213e-05,3.341968307437542e-05,0,1
84,1,0.22038125288056307,0.21688804669113043,0,7.284864353313454,0.44914293458826965,0.7157323198808421,118.54677804443854,1.1854677804443854,0.0,8.32757798805701,0.0,25594.432664263517,84318.16468445859,11397.879251826931,5592.604750649454,14669.3888031315,0.3557587900060257,0.35575879000602506,0.0,50000,1.720749376539812,4455.922148322619,1,6.464987990181685e-05,4.589566059276081e-05,0,1
85,1,0.22384573303077915,0.2239807481570994,0,7.054177705004329,0.46152292969145503,0.7078968799421171,52.60203530323137,0.5260203530323136,0.0,8.225920174768804,0.0,25561.553912299096,84296.89914190884,11464.238744421074,5560.332456505264,12815.226649129707,0.31223699274267935,0.3122369927426793,0.0,50000,1.720749376539812,4477.453069469132,1,3.2837209512359966e-05,3.9562758601039657e-05,0,1
86,1,0.23713795469262453,0.23451681756385356,0,6.7372566983167514,0.4964429660186296,0.6857955911274497,99.90478787811675,0.9990478787811675,0.0,8.347883998323937,0.0,25532.946759913684,84273.04995068397,11552.143395085533,5518.159878457607,11430.040389295238,0.4340254977209217,0.4340254977209212,0.0,50000,1.720749376539812,4501.625751833844,1,6.992436385206983e-05,5.580381775541555e-05,0,1
87,1,0.2281760121538662,0.22787047242512487,0,6.933763656101457,0.4846294244242802,0.6932725161871645,75.86887791695102,0.7586887791695103,0.0,8.391113804848082,0.0,25494.748268917923,84247.33812533434,11635.991216846616,5478.524289918155,10331.078996997076,0.42265757337508786,0.4226575733750871,0.0,50000,1.720749376539812,4527.618359623027,1,5.875001280234427e-05,5.3837195388924685e-05,0,1
88,1,0.22489197116319048,0.2265915075852728,0,6.972900338753434,0.4829278210463069,0.6943494803504388,78.03188141718248,0.7803188141718248,0.0,8.408673320078087,0.0,25477.79423721559,84231.53624607316,11700.153853261496,5448.579577112973,9220.386092203667,0.5111402683247945,0.5111402683247945,0.0,50000,1.720749376539812,4543.7200511234805,1,6.7703786489516e-05,6.545938771464336e-05,0,1
89,1,0.23015008931820483,0.22991720859577086,0,6.87203889456521,0.5032373303059873,0.6814953605658308,132.22051846841927,1.3222051846841927,0.0,8.65705734627166,0.0,25455.41727264954,84207.79321229212,11806.58153742779,5399.6109424741235,8517.24276407354,0.6470012959618708,0.6470012959618701,0.0,50000,1.720749376539812,4567.8068944025445,1,0.00012419091213521517,8.354823714235846e-05,0,1
90,1,0.239584066020664,0.23550301560012016,0,6.709043601729548,0.5297555479602098,0.6647116785061963,47.47253857134942,0.4747253857134942,0.0,8.34907898682704,0.0,25419.999084072268,84187.13932766355,11872.871185711761,5369.553494937746,8465.541834878775,0.6121055875005919,0.6121055875005912,0.0,50000,1.720749376539812,4588.781609359882,1,4.4861902046962566e-05,7.891886689056457e-05,0,1
91,1,0.2337547306482782,0.23428212375571472,0,6.744005793832829,0.5239332992572283,0.6683966460397289,80.17985367060027,0.8017985367060027,0.0,8.32980662767316,0.0,25387.498394470542,84164.5945762878,11953.893438038882,5333.272660410024,7897.691555453449,0.647490647455641,0.6474906474556416,0.0,50000,1.720749376539812,4611.638105961524,1,8.121852124268909e-05,8.342377847495562e-05,0,1
92,1,0.2268411835394578,0.22593765147084757,0,6.993079682444452,0.5181647873917786,0.6720476029165959,120.86053476010528,1.2086053476010528,0.0,8.561719723920739,0.0,25352.864775278413,84137.10294499547,12067.873499795282,5283.050438987539,7538.845711317308,0.6603318499916264,0.6603318499916258,0.0,50000,1.720749376539812,4639.427021247341,1,0.00012825362331389227,8.477801553451464e-05,0,1
93,1,0.2336474274717154,0.23379645885637237,0,6.7580151030886135,0.5396275204416087,0.6584635946572096,40.28661879436731,0.40286618794367307,0.0,8.298189545656374,0.0,25310.722706209417,84114.9227560578,12134.670530720585,5254.058485377956,6525.346943328525,0.6763166699868343,0.6763166699868352,0.0,50000,1.720749376539812,4661.868806926915,1,4.939092942551489e-05,8.628769132736543e-05,0,1
94,1,0.24836678377490104,0.24253925314625954,0,6.5144094389010325,0.5794325068690032,0.6332705652727828,53.36492827296628,0.5336492827296628,0.0,8.19500667079288,0.0,25281.096771190718,84096.95887336081,12196.059493891953,5227.694399807126,6296.628700241441,0.6447559311877332,0.6447559311877339,0.0,50000,1.720749376539812,4680.070643611215,1,6.780127056997347e-05,8.181527443646021e-05,0,1
95,1,0.25721426059835745,0.2632638367486301,0,6.001583884491579,0.6069159798041318,0.6158759621492836,79.7337586462452,0.7973375864624521,0.0,8.325442116634111,0.0,25255.860395859927,84078.3379220373,12265.50745567477,5198.18811179298,5967.753848161982,0.596177353965558,0.5961773539655578,0.0,50000,1.720749376539812,4698.897344381577,1,0.00010688612255118737,7.469277418222524e-05,0,1
96,1,0.25920555943211554,0.2594951531767285,0,6.088745707415757,0.6182100231974461,0.6087278334193379,69.47880412640464,0.6947880412640464,0.0,8.360967496611819,0.0,25229.232125445953,84060.31706973177,12331.562742140306,5170.4267147215605,5623.349436488311,0.7198606744258619,0.719860674425863,0.0,50000,1.720749376539812,4717.150011156538,1,9.884330313969321e-05,9.117689875361802e-05,0,1
97,1,0.2635423126069176,0.2659307440630606,0,5.941396530012836,0.6357917871843957,0.5976001346934204,69.10479890306185,0.6910479890306185,0.0,8.362083867545937,0.0,25194.316682792447,84039.057329839,12402.477228795113,5140.955886527248,5249.866740906166,0.814988848333421,0.814988848333421,0.0,50000,1.720749376539812,4738.652050300894,1,0.0001053052236386996,0.0001036782164431934,0,1
98,1,0.25933788899809396,0.2559155985900754,0,6.173910495119283,0.6348969959891061,0.598166458234743,99.930744205896,0.99930744205896,0.0,8.492240961201032,0.0,25160.190661033914,84015.19885637453,12493.944959535811,5103.431472402162,5249.866740906166,0.926350468292163,0.9263504682921629,0.0,50000,1.720749376539812,4762.781680428713,1,0.00015227928499937082,0.00011880927059258787,0,1
99,1,0.25446180709377775,0.25422963569719104,0,6.214853731222403,0.6304734066593886,0.6009661983168427,75.17119699444585,0.7517119699444585,0.0,8.494698750948608,0.0,25129.254830483147,83995.3132908601,12569.179487677588,5072.975469444972,4581.700918291114,1.0138480940089996,1.0138480940089991,0.0,50000,1.720749376539812,4782.923381345209,1,0.00013125465557011217,0.00012961305473606087,0,1
100,1,0.2556351520113275,0.25422963569719104,1,6.214853731222403,0.6388030194750028,0.5956942914715172,62.98778559755175,0.6298778559755175,0.0,8.397571380537604,0.0,25109.883554990756,83981.41243240563,12622.953399576869,5051.432934341363,4464.282007972778,1.033251756045742,1.033251756045741,0.0,50000,1.720749376539812,4797.076615322569,1,0.0001128742055005694,0.00013213604869001747,0,1
101,1,0.2604298431311765,0.26091852035842117,0,6.055530277534802,0.6563677664829348,0.5845773629854844,72.76110742716988,0.7276110742716988,0.0,8.421370371716108,0.0,25093.219461984518,83967.66794782304,12677.078862470744,5029.938744867731,4405.104430134715,0.9853648016892879,0.9853648016892893,0.0,50000,1.720749376539812,4811.056353015057,1,0.00013213962770902072,0.0001254228295932341,0,1
102,1,0.25945167740563796,0.2610181845035475,0,6.053218104344474,0.661894521245446,0.581079416933262,81.18638080078904,0.8118638080078904,0.0,8.492479527208365,0.0,25057.53850125392,83945.69313635779,12754.442344272204,4999.5299165919605,4160.8785943505945,1.0505283432548311,1.0505283432548311,0.0,50000,1.720749376539812,4833.265124967901,1,0.0001560946880998053,0.00013370284043646516,0,1
103,1,0.263620975412557,0.26386567352235896,0,5.987895200267938,0.6794747588628604,0.5699526842640125,73.14804934976026,0.7314804934976026,0.0,8.493752105401889,0.0,25030.78039118727,83928.16837159904,12820.221955584488,4973.958742180133,3984.0409790888366,1.136599287585385,1.136599287585387,0.0,50000,1.720749376539812,4851.029913737456,1,0.00014688212241529595,0.000145038812741374,0,1
104,1,0.25492589152384504,0.25243584202392355,0,6.259016102199395,0.6621029202315117,0.5809475188408154,45.11569911550821,0.45115699115508207,0.0,8.336245857215347,0.0,25008.111000574496,83915.08180195474,12869.365356278093,4955.021850150023,3743.8470219162095,1.0531018973882735,1.0531018973882729,0.0,50000,1.720749376539812,4864.324161551449,1,9.640500554943442e-05,0.0001331272720215119,0,1
105,1,0.25020756599787314,0.24983284531185473,0,6.324228497769217,0.6536103713709088,0.5863225497652476,39.90844018560698,0.3990844018560698,0.0,8.220410333038219,0.0,24993.84933183384,83905.75681492624,12906.621898083515,4940.763781947017,3783.8470219162095,0.8766109451920561,0.8766109451920566,0.0,50000,1.720749376539812,4873.822831865922,1,8.437643478598481e-05,0.00010922118758357173,0,1
106,1,0.24971122766362117,0.25239967999731194,0,6.259912849401501,0.6592394404539641,0.5827598478139467,89.64585212012658,0.8964585212012658,0.0,8.392805218979579,0.0,24973.6678122563,83889.23734925623,12975.072949348454,4914.78694444572,3719.9357101112687,0.9913742913453891,0.9913742913453901,0.0,50000,1.720749376539812,4890.5328473206555,1,0.00019279011059563747,0.00012452385031035224,0,1
107,1,0.2370421472994768,0.23527789174652208,0,6.715463098854276,0.6318269618853809,0.6001095177940627,71.73239144328208,0.7173239144328208,0.0,8.456897663767856,0.0,24952.80672751026,83874.30839291002,13037.581912572905,4891.301888933537,3175.552609810641,1.2113742165222403,1.211374216522241,0.0,50000,1.720749376539812,4905.658863709962,1,0.00018071158064689597,0.0001526260420095061,0,1
108,1,0.2514226680588821,0.2519621263650408,0,6.270783719736149,0.675231729369089,0.572638145968931,64.57909931457205,0.6457909931457205,0.0,8.44665512281063,0.0,24941.217753708836,83863.68357895206,13086.919251717109,4872.9169732770715,2767.1201413762856,1.474584055508372,1.4745840555083702,0.0,50000,1.720749376539812,4916.491267077754,1,0.00018670414297935694,0.00018673527807396345,0,1
109,1,0.25772254742981376,0.2635005868655641,0,5.99619157890568,0.7012267074127838,0.5561856282197571,96.82226888114911,0.9682226888114912,0.0,8.576075629078222,0.0,24905.34079413976,83841.004102326,13172.584579756774,4841.333078506343,2767.1201413762856,1.6883124266920515,1.688312426692054,0.0,50000,1.720749376539812,4939.405108957325,1,0.00027992212534145346,0.00021577928298923546,0,1
110,1,0.2698281053552487,0.26727061563634624,0,5.911611331601749,0.7411505907692404,0.5309173476144048,80.46537200399403,0.8046537200399404,0.0,8.565750092093255,0.0,24884.156606972443,83825.48816250292,13235.212527014874,4818.49756934268,2807.1201413762856,1.8048416606832913,1.8048416606832898,0.0,50000,1.720749376539812,4955.173068236729,1,0.00022931792855732404,0.00023198139895937815,0,1
111,1,0.2524954071466682,0.24971646871126285,0,6.327175809245047,0.6982618709731316,0.5580621069790306,50.980554197638476,0.5098055419763847,0.0,8.343681119035256,0.0,24868.511148959766,83814.93620109062,13280.243958850502,4802.21066735873,2807.1201413762856,1.7011779824695592,1.7011779824695583,0.0,50000,1.720749376539812,4965.9613279642035,1,0.00014528926908741007,0.00021817644099539585,0,1
112,1,0.25431832921208264,0.25152251361660805,0,6.281743837883117,0.7116945447138437,0.5495604147380736,89.7678909258194,0.897678909258194,0.0,8.454799674299144,0.0,24839.30927326595,83795.68968731201,13359.362246018118,4773.860796013792,2614.1642125346643,1.698060111448157,1.6980601114481568,0.0,50000,1.720749376539812,4985.4243754029285,1,0.00027471232448333905,0.00021643984070935773,0,1
113,1,0.26499464962819647,0.26185134042134406,0,6.033958036867895,0.7513047820108268,0.524490644296945,114.94958822192066,1.1494958822192067,0.0,8.63162568754242,0.0,24809.82709306806,83774.04254049799,13446.898803496588,4742.890398595975,2654.1642125346643,1.9837905082696814,1.9837905082696845,0.0,50000,1.720749376539812,5007.3249654242545,1,0.0003464731765398842,0.00025549159003687775,0,1
114,1,0.26383266165318875,0.2686606037730008,0,5.881026015020008,0.7567740769773353,0.5210290652042182,98.39016014706868,0.9839016014706868,0.0,8.61258807584183,0.0,24779.652756448282,83754.01098964132,13525.576715904312,4715.395273057567,2654.1642125346643,2.3516229628194862,2.3516229628194862,0.0,50000,1.720749376539812,5027.653840859867,1,0.00029656088250277,0.0003059154611753311,0,1
115,1,0.2697180268867937,0.27055623270769574,0,5.83982111292555,0.7817095804246778,0.5052471009970394,70.90880771165752,0.7090880771165752,0.0,8.414076579444044,0.0,24747.596307487645,83736.16906344266,13595.9090234254,4691.079458868159,2654.1642125346643,2.2004989967351882,2.2004989967351873,0.0,50000,1.720749376539812,5045.771409407772,1,0.000213728472041875,0.00028558751036150974,0,1
116,1,0.2732582473180341,0.2692479779521661,0,5.868196344563445,0.8011879164484838,0.4929190402224787,91.43453559190344,0.9143453559190344,0.0,8.453681820204018,0.0,24713.364061938755,83715.64761657281,13674.937624104516,4664.061215389681,2654.1642125346643,2.0285751580537235,2.0285751580537217,0.0,50000,1.720749376539812,5066.5436816683405,1,0.00027559571532188095,0.00026196168995550864,0,1
117,1,0.26757230309951313,0.26646165837587343,0,5.929558532474629,0.7907121988516207,0.4995492412331515,38.160373614620724,0.38160373614620724,0.0,8.214053252441124,0.0,24679.64207058621,83700.6327746715,13728.911657296385,4645.782013389533,2574.1642125346643,1.5957400223002471,1.5957400223002456,0.0,50000,1.720749376539812,5081.748810282472,1,0.00011859499383544273,0.00020263972706639953,0,1
118,1,0.2754022859313094,0.28235184527743945,0,5.595855052576296,0.8216499015079569,0.4799684167671159,67.59452342465377,0.6759452342465377,0.0,8.223622304916594,0.0,24644.63367973703,83682.40251896762,13794.646971023032,4623.717841945564,2614.1642125346643,1.5773690673370553,1.5773690673370537,0.0,50000,1.720749376539812,5100.167878221365,1,0.00020685624292626938,0.00020034898402786433,0,1
119,1,0.2772895958626823,0.2771311259511713,0,5.701272257228825,0.8350876152584585,0.4714635346465453,91.10145716130764,0.9110145716130764,0.0,8.376148021675796,0.0,24618.882533807246,83665.02187955065,13859.706113902535,4602.094722611987,2454.1642125346643,1.639132639089083,1.6391326390890815,0.0,50000,1.720749376539812,5117.730775827248,1,0.00029696939331445285,0.00020747354335872163,0,1
120,1,0.2981377241243982,0.2950917250236697,0,5.3542673888034855,0.9085889638863337,0.4249436937428268,114.58348112974701,1.1458348112974701,0.0,8.527512413405242,0.0,24585.554369078283,83643.06311089847,13942.30449849262,4574.92562362882,2454.1642125346643,2.261689878870481,2.2616898788704787,0.0,50000,1.720749376539812,5139.938151490871,1,0.0003735152865305783,0.00029244697425710015,0,1
121,1,0.28367735913409664,0.28363768751717344,0,5.570486820106851,0.8734535147352045,0.44718131978784526,97.23798892563943,0.9723798892563943,0.0,8.494420393924726,0.0,24560.38990481826,83625.58633906834,14014.270240757072,4551.5085863438835,2494.1642125346643,2.5147528264230656,2.5147528264230687,0.0,50000,1.720749376539812,5157.693285754223,1,0.00031188961316006535,0.0003274580976683655,0,1
122,1,0.2980163692318472,0.29698125394371727,0,5.32020112050384,0.9246666103051753,0.4147679681612815,84.9505547257999,0.8495055472579991,0.0,8.386582092829897,0.0,24540.26944966965,83611.03553975502,14068.204832437461,4534.126439787024,2454.1642125346643,2.4663855182139662,2.466385518213964,0.0,50000,1.720749376539812,5172.510777636956,1,0.0002769188933386421,0.0003207745976764286,0,1
123,1,0.2859340907796361,0.28601849657210454,0,5.524118261357569,0.8931363177528582,0.4347238495235075,52.78111561690295,0.5278111561690295,0.0,8.170729482446939,0.0,24515.113615542297,83598.00715637329,14115.449018414076,4519.005666661706,2454.1642125346643,1.9729529016253915,1.972952901625393,0.0,50000,1.720749376539812,5185.751267338697,1,0.0001720540633664951,0.0002536208566217342,0,1
124,1,0.27521992889680036,0.2823188211195639,0,5.596509626012002,0.866015854680675,0.4518886995691931,45.96878062990382,0.4596878062990382,0.0,8.02464137308763,0.0,24484.379621983117,83583.88980100988,14167.539666145558,4502.445582820101,2494.1642125346643,1.5687158329459967,1.5687158329459956,0.0,50000,1.720749376539812,5200.038719664527,1,0.00014744427940673114,0.00019880574537062279,0,1
125,1,0.29132596251100407,0.2875835784912111,0,5.494055009292844,0.92547420628875,0.4142568314628165,73.10302759429273,0.7310302759429272,0.0,8.111562730024037,0.0,24454.09127260515,83567.33675776252,14235.316459768444,4481.072774487322,2494.1642125346643,1.4667126570371214,1.4667126570371227,0.0,50000,1.720749376539812,5216.748963518175,1,0.0002344770315503891,0.0001846584581078718,0,1
126,1,0.2900233522313646,0.2822377169561357,0,5.5981178456228715,0.9277252043454175,0.41283214914846994,61.855629960507876,0.6185562996050787,0.0,8.119242247616885,0.0,24434.5553114494,83555.31740194606,14284.66921366404,4465.640937055436,2454.1642125346643,1.5407415601834733,1.5407415601834729,0.0,50000,1.720749376539812,5228.929804461713,1,0.00020163485277661448,0.00019451872124457825,0,1
127,1,0.280316274355002,0.2748992248592813,0,5.747560768164368,0.9062588793042823,0.4264184308200745,104.45486966966554,1.0445486966966555,0.0,8.270641715586635,0.0,24407.523155127965,83536.88540674969,14360.945979395427,4442.005441367872,2414.1642125346643,2.028524436193241,2.028524436193244,0.0,50000,1.720749376539812,5247.568534906765,1,0.0003461400649626794,0.0002607506497632277,0,1
128,1,0.26553211060234744,0.2694751082260633,0,5.863250266048819,0.8661040305359885,0.4518328920658301,82.79686487087221,0.8279686487087221,0.0,8.263953360046653,0.0,24389.829048984277,83523.5276522353,14424.821966439176,4422.394177569346,2454.1642125346643,2.1125788023629215,2.112578802362923,0.0,50000,1.720749376539812,5261.143461611622,1,0.0002698983693038519,0.00027255776234771527,0,1
129,1,0.24960451898177574,0.2480852144563395,0,6.36877938680245,0.8229517140309397,0.4791444847905445,80.45893921939138,0.8045893921939138,0.0,8.179609252580336,0.0,24362.1915709748,83507.40764381128,14502.685006539683,4398.721885237429,2494.1642125346643,2.246701399748446,2.2467013997484466,0.0,50000,1.720749376539812,5277.495795090315,1,0.00025807102456217496,0.0002913698196095687,0,1
130,1,0.25894218306255484,0.2585100818767598,0,6.1119473118005425,0.862953389997283,0.45382696835615005,109.52720699243721,1.095272069924372,0.0,8.299888664633045,0.0,24340.163960011025,83490.22559238948,14580.884567900132,4375.214379779033,2464.803246882215,2.2726646511653277,2.2726646511653272,0.0,50000,1.720749376539812,5294.907325426829,1,0.0003554919270119614,0.00029448710695932943,0,1
131,1,0.252735028957444,0.2558864207235467,0,6.1746144853344616,0.8539172140770205,0.4595460670398605,108.48149239740381,1.0848149239740381,0.0,8.36883690361704,0.0,24301.89665822936,83468.44562404104,14681.527571786864,4345.311506579357,2504.803246882215,2.4580432913992953,2.458043291399299,0.0,50000,1.720749376539812,5316.936163572188,1,0.0003464750935066319,0.0003200126816935894,0,1
132,1,0.2554710715054426,0.2560781482740514,0,6.1699915070812885,0.8694836603748393,0.44969388583870934,73.33818849476218,0.7333818849476218,0.0,8.159159488840523,0.0,24285.593848951772,83456.6774294347,14735.291983988498,4329.513024399135,2544.803246882215,2.3861522826288324,2.386152282628833,0.0,50000,1.720749376539812,5328.948404427218,1,0.0002305504398726716,0.000310839153463755,0,1
133,1,0.26438328953992307,0.2637707951609218,0,5.990049046317166,0.9063968710422202,0.42633109427707583,33.825243978749484,0.33825243978749486,0.0,7.818427227424828,0.0,24249.490207139246,83443.00865429494,14789.162265799734,4313.791777409729,2584.803246882215,1.7692440863682177,1.769244086368217,0.0,50000,1.720749376539812,5342.799888390589,1,0.00010468957440238266,0.00022723836926056206,0,1
134,1,0.27190385167855446,0.27048877948980593,0,5.84127742001049,0.9407242754394377,0.4046048889623812,93.6320092236587,0.936320092236587,0.0,7.973327876608059,0.0,24232.634059135842,83429.13080649049,14856.887845622861,4294.186016720074,2504.803246882215,1.659621206207519,1.6596212062075202,0.0,50000,1.720749376539812,5356.841686482225,1,0.00029904786921752704,0.0002114292944975271,0,1
135,1,0.2913620221519618,0.29459497697010034,0,5.363295790886349,1.0174280020279838,0.35605822656456726,109.43770443414793,1.0943770443414793,0.0,8.15513657044348,0.0,24213.41355916479,83413.17240356399,14925.987424530673,4274.372112776188,2464.803246882215,1.9675164679443602,1.9675164679443573,0.0,50000,1.720749376539812,5372.989587954087,1,0.0003552014289905798,0.0002529796242034965,0,1
136,1,0.2951913482256381,0.29311226618485453,0,5.390426066316704,1.0383482038758305,0.3428175924836516,62.525785052891486,0.6252578505289149,0.0,7.972985528656229,0.0,24190.547786281204,83400.79789534208,14980.619520098047,4258.830763020101,2320.0000000000177,2.242085327144995,2.2420853271449976,0.0,50000,1.720749376539812,5385.566371823152,1,0.00021560615535479662,0.00028995181785430114,0,1
137,1,0.2916290107962591,0.2950039114318299,0,5.355861189539209,1.0327049922251283,0.346389245427134,57.13977107124037,0.5713977107124036,0.0,7.8248685509404154,0.0,24168.232242616854,83389.12789065533,15030.90778961639,4244.628236579713,2320.0000000000177,1.9915205438738042,1.9915205438738042,0.0,50000,1.720749376539812,5397.414829406824,1,0.0001970336933491032,0.00025594709256482654,0,1
138,1,0.3051281045779874,0.3053583380917759,0,5.1742487527068235,1.0868998811219177,0.3120886828342293,63.112412665084996,0.6311241266508499,0.0,7.8346340180360325,0.0,24149.311711211656,83377.85352750712,15075.3849269868,4232.150272945949,2320.0000000000177,1.65691462676223,1.65691462676223,0.0,50000,1.720749376539812,5408.836613132367,1,0.0002176290091899466,0.00021008961929794878,0,1
139,1,0.29194872811371003,0.290562402828672,0,5.437730362285156,1.0504880338143188,0.33513415581372236,116.47936664782728,1.1647936664782728,0.0,8.052842861171108,0.0,24126.73048024096,83360.4470446103,15151.67506060789,4210.911614742468,2280.0000000000177,2.1324308957004696,2.1324308957004727,0.0,50000,1.720749376539812,5426.427425503427,1,0.0004086995320976364,0.0002744540782122287,0,1
140,1,0.30475126438145234,0.3071630027363262,0,5.14384865991266,1.1060189778380625,0.2999879887100871,88.9187241434132,0.889187241434132,0.0,8.063390263396743,0.0,24097.91748302383,83344.11355080908,15217.043060978425,4192.887469295456,2240.0000000000177,2.428202236748775,2.428202236748777,0.0,50000,1.720749376539812,5442.9656618977815,1,0.00031756687194075894,0.0003146318044094473,0,1
141,1,0.2902353088009181,0.2897704750760171,0,5.452591398711376,1.0595010102701374,0.3294297403353561,59.5482951382159,0.595482951382159,0.0,7.837694133353351,0.0,24074.79451963427,83332.2038943068,15261.59571900442,4180.698180901832,2200.0000000000177,2.42419490795918,2.424194907959181,0.0,50000,1.720749376539812,5455.075208309994,1,0.0002165392550480561,0.00031426855302881717,0,1
142,1,0.294667749043021,0.29530183922803344,0,5.350457701619382,1.0877283043565151,0.31156436433131957,159.63886936445022,1.5963886936445022,0.0,8.173871562438546,0.0,24069.00429481354,83315.39725600265,15346.944330079947,4157.517573387512,2160.0000000000177,2.8765022094645767,2.876502209464578,0.0,50000,1.720749376539812,5472.111394053401,1,0.0005912550717201812,0.0003751203995696654,0,1
143,1,0.2867656120029203,0.28913216078216125,0,5.464629032362844,1.065279117209081,0.32577271062716395,79.48127881727409,0.7948127881727409,0.0,8.00406178823337,0.0,24052.343620337477,83303.43613467741,15395.683927221071,4144.409340492644,2200.0000000000177,2.801716414642155,2.801716414642153,0.0,50000,1.720749376539812,5484.299420991244,1,0.0002890228320628126,0.00036560571961034995,0,1
144,1,0.3089629037140779,0.3097043628830949,0,5.101639464460524,1.1558406558258214,0.2684552811228979,88.14517792670323,0.8814517792670323,0.0,7.832464191478961,0.0,24036.843174958234,83291.78558020385,15450.015605122757,4129.87868156965,2200.0000000000177,3.0519085385820097,3.051908538582007,0.0,50000,1.720749376539812,5496.195395285115,1,0.00032052791973346374,0.0004002686078388192,0,1
145,1,0.31111579826581315,0.30768492133014425,0,5.135123272110786,1.1705092329797784,0.2591713715317859,59.365722962927784,0.5936572296292778,0.0,7.692449622180637,0.0,24014.531155539724,83280.99477081376,15493.934652976573,4118.214288295519,2200.0000000000177,2.1361615952290824,2.13616159522908,0.0,50000,1.720749376539812,5507.157035559937,1,0.00021587535622882655,0.00027514203600836765,0,1
146,2,0.3225274792854568,0.3223472845275554,0,4.901545866333911,1.3161305854485497,0.16700595857686734,95.76224772321616,0.9576224772321617,0.0,7.893131374219076,0.0,22791.230398503027,83267.7456213503,16747.23867572921,4104.034003004338,2240.0000000000177,2.2660832620607327,2.266083262060734,0.0,50000,1.720749376539812,5520.576028534172,1,0.00034200802758291223,0.00029280376784840086,0,1
147,2,0.31505199200345435,0.3115144466366675,0,5.0719959124169325,1.2927039725096432,0.1818329287913651,94.52272312200881,0.9452272312200881,0.0,7.973575582686004,0.0,22762.289258932404,83255.19540406646,16793.38315329013,4092.8077328097174,2200.0000000000177,2.3261879849463476,2.3261879849463494,0.0,50000,1.720749376539812,5533.296555078794,1,0.0003437189931709384,0.00030053412566089237,0,1
148,2,0.3420334010969419,0.34272886314888024,0,4.610058182679682,1.4087157318481482,0.10840776465307077,77.05961835373185,0.7705961835373185,0.0,7.8314040306778985,0.0,22740.240928114843,83247.2791280776,16825.139288693485,4085.1106328540286,2413.3165913710327,2.4086380003390673,2.4086380003390673,0.0,50000,1.720749376539812,5541.405812872001,1,0.0002554480208001335,0.00031372501385132807,0,1
149,2,0.35891055036986136,0.3552383445023809,0,4.4477180587396035,1.4830828069603632,0.061339995594706875,212.13277695658718,2.121327769565872,0.0,8.277084770152227,0.0,22717.41313123433,83237.52499743417,16852.846097916503,4078.4400169123114,2631.971692810915,3.1417418040160787,3.141741804016079,0.0,50000,1.720749376539812,5551.432855395361,1,0.0006447874117674324,0.00041465147524616814,0,1
150,2,0.3719108648492816,0.375473082941298,0,4.208024680818517,1.5417205351219894,0.02422750941646247,119.29708637914061,1.192970863791406,0.0,8.060458575706054,0.0,22694.62838548762,83231.2557509082,16879.846221404772,4071.943042666155,2902.048176244496,3.0921855380677443,3.092185538067743,0.0,50000,1.720749376539812,5557.998104225237,1,0.00032886314529353256,0.0004096995259536995,0,1
151,2,0.36175044534173917,0.36403754746353556,0,4.340211637532426,1.5044838347905385,0.047795041271811126,62.72847459077738,0.6272847459077738,0.0,7.361797371341921,0.0,22665.508335380437,83223.51101544462,16907.366926912084,4065.346116675406,3155.5002500179617,2.841350657964407,2.841350657964407,0.0,50000,1.720749376539812,5566.038169521911,1,0.00015903272285380508,0.0003775610933049233,0,1
152,2,0.36287996359404345,0.3616907787155901,0,4.36837235831884,1.513119265005551,0.04232957911041084,58.85847972655406,0.5885847972655406,0.0,7.111180379749933,0.0,22640.45149359809,83216.82053660948,16929.4657685655,4060.065894238097,3424.923390246815,1.5975396803873614,1.597539680387363,0.0,50000,1.720749376539812,5572.908202112111,1,0.00013748273586303478,0.00020845953467012415,0,1
153,2,0.35414002624188184,0.35379384767694777,0,4.465877545283693,1.483066517404061,0.06135030544046781,104.27463491256054,1.0427463491256055,0.0,7.256432098492178,0.0,22611.547876235272,83207.8883242062,16966.12718361265,4051.325180305926,3694.1493420047786,1.342703018480593,1.342703018480595,0.0,50000,1.720749376539812,5582.00207385457,1,0.00022581574323894926,0.0001741104006519297,0,1
154,2,0.3246505868969229,0.3263461967063547,0,4.841484337633263,1.3644371473896761,0.13643218519640754,80.0631179623007,0.800631179623007,0.0,7.228124179271175,0.0,22592.384126165176,83199.91732026188,16996.52987664808,4044.1096244127625,3789.1195430926923,1.364979338893662,1.3649793388936633,0.0,50000,1.720749376539812,5590.141239408117,1,0.00016903793517573302,0.0001774454714259057,0,1
155,2,0.31631520290815845,0.3133026758209672,0,5.0430466189279235,1.3354198396947963,0.1547975698134201,60.782377573848386,0.6078237757384839,0.0,7.036192999545583,0.0,22564.8473828525,83190.47556194094,17035.00767659651,4035.0096273814247,3876.3914327544694,1.332303371213895,1.3323033712138939,0.0,50000,1.720749376539812,5599.750339825909,1,0.0001254411555247049,0.00017343161131312906,0,1
156,2,0.312791833009935,0.31444634723592085,0,5.02470457643627,1.3266971154317135,0.16031828137233325,52.86661852989264,0.5286661852989264,0.0,6.926079761286994,0.0,22530.02367443517,83179.61191562419,17074.729909746373,4025.6634347781765,3903.7275674901675,1.0449541622868939,1.0449541622868947,0.0,50000,1.720749376539812,5610.745501716395,1,0.00010834079502916193,0.00013427329524319994,0,1
157,2,0.3224814351024419,0.3216807044447129,0,4.911702748001019,1.3743567187284969,0.13015397548829316,58.97711595666149,0.589771159566615,0.0,6.921447040399777,0.0,22501.907287166257,83170.60865001616,17115.69700197161,4016.056717124209,4027.9592367302093,0.9166188791687233,0.9166188791687233,0.0,50000,1.720749376539812,5619.867128895469,1,0.00011713547727863812,0.00011697247594416832,0,1
158,2,0.3258971026991734,0.32524990333549286,0,4.857803134749103,1.3951181428230979,0.1170138336562672,110.34136709439804,1.1034136709439804,0.0,7.119079067849844,0.0,22479.298262832926,83161.19997586269,17153.955077072525,4007.1332225220594,4206.67717462535,1.1210406212437154,1.1210406212437156,0.0,50000,1.720749376539812,5629.426096325809,1,0.00020984042751837764,0.0001451055666087259,0,1
159,2,0.3193960406041426,0.3167855059052215,0,4.987601927951583,1.3718216902944778,0.13175842386425463,54.05092601433901,0.5405092601433902,0.0,6.925665571831775,0.0,22461.774897034058,83154.94968134923,17182.420726078977,4000.5178418822925,4339.586203525186,1.0963562503384259,1.0963562503384268,0.0,50000,1.720749376539812,5635.827940341482,1,9.964254374379145e-05,0.0001422061495136024,0,1
160,2,0.3086549979557815,0.3057651931082808,0,5.167363832156244,1.3321721355111034,0.15685307879044094,112.49790604443012,1.1249790604443013,0.0,7.055960896604096,0.0,22441.477683156347,83144.61237992522,17224.479985460835,3990.7919502175346,4281.3532346667125,1.3247407003653877,1.3247407003653886,0.0,50000,1.720749376539812,5646.344636539201,1,0.00021020999647217883,0.00017323098924478265,0,1
161,2,0.3161896356749387,0.3190460726547386,0,4.9522628091079035,1.3707913440380897,0.13241054174804456,49.25014968530385,0.49250149685303857,0.0,6.854682344136169,0.0,22411.526489766115,83135.70576825968,17262.992430678696,3981.9184087026533,4387.585418461685,1.0295092420504641,1.0295092420504628,0.0,50000,1.720749376539812,5655.393812918751,1,8.979909446881383e-05,0.0001332172115615947,0,1
162,2,0.3100767973119114,0.3190460726547386,1,4.9522628091079035,1.348535394458403,0.14649658578582087,41.023381428507314,0.41023381428507316,0.0,6.62013789035785,0.0,22392.62562897308,83129.54514871455,17290.275810076924,3975.6563823684214,4394.582249743885,0.9667280163419956,0.9667280163419945,0.0,50000,1.720749376539812,5661.6881432399305,1,7.467992013283747e-05,0.00012489633702461006,0,1
163,2,0.32357898421956266,0.32256606091798473,0,4.898221454245705,1.4113689159568386,0.1067285342045326,50.72924059243131,0.5072924059243131,0.0,6.633258903967762,0.0,22372.618092362303,83123.28161622245,17315.569731277807,3969.8723710599447,4552.046555551847,0.6703620120146235,0.6703620120146238,0.0,50000,1.720749376539812,5668.04724147299,1,8.915416830359088e-05,8.454439430174739e-05,0,1
164,2,0.32000932633303114,0.3252392363738388,0,4.857962457469016,1.4019144771275238,0.11271235624840269,35.34823456939673,0.3534823456939673,0.0,6.552370541958412,0.0,22342.516484643045,83115.19027563158,17353.5181173148,3961.217130454678,4647.965529891453,0.5981639599788553,0.5981639599788556,0.0,50000,1.720749376539812,5676.225371665582,1,6.084078608943081e-05,7.489162484195305e-05,0,1
165,2,0.3372590674808284,0.33678651038861374,0,4.691399302712148,1.483706896315239,0.060945002332127185,133.315624167198,1.33315624167198,0.0,6.878494079294869,0.0,22322.876739632295,83108.11714920949,17390.08489864452,3952.912688412263,4909.73805139217,0.9447082331499262,0.9447082331499271,0.0,50000,1.720749376539812,5683.442203134034,1,0.00021722645529636105,0.00012240713656312758,0,1
166,2,0.33581538043047754,0.3408018220035936,0,4.636125448834425,1.4819412100111085,0.06206252530942507,107.54845472145821,1.0754845472145822,0.0,6.967543658005245,0.0,22302.953274421,83101.53552481672,17417.10713125103,3946.8046490424576,5180.094163615758,1.1298894730035853,1.1298894730035833,0.0,50000,1.720749376539812,5690.204936497766,1,0.00016609498024474262,0.00014805407387684483,0,1
167,2,0.3434736150231883,0.34011358027375566,0,4.645506947203538,1.5191017503371802,0.0385431959891265,60.307867615819795,0.603078676158198,0.0,6.590130510490868,0.0,22283.32562400128,83096.50136484463,17436.474945219652,3942.441038835305,5433.199056564276,1.1930987428330093,1.1930987428330089,0.0,50000,1.720749376539812,5695.439741543113,1,8.879905483007416e-05,0.0001573734967903926,0,1
168,2,0.33199495910506677,0.34011358027375566,1,4.645506947203538,1.4761197947024156,0.065746965378218,70.66130255429927,0.7066130255429927,0.0,6.481189387978311,0.0,22245.566088543037,83086.57568722073,17482.70906658662,3932.0462352971294,5743.619086188791,0.9009194412866626,0.9009194412866637,0.0,50000,1.720749376539812,5705.524534905449,1,9.842059717952077e-05,0.00011777154408477919,0,1
169,2,0.31401403332234806,0.3178664550063745,0,4.970640893731032,1.3999741838678503,0.1139403899570568,89.2130196167475,0.892130196167475,0.0,6.57583621628319,0.0,22234.075903535624,83080.81678644146,17506.5408055872,3926.714900339633,5764.991929711148,0.7984474216658649,0.7984474216658655,0.0,50000,1.720749376539812,5711.424393652696,1,0.00012379968014452014,0.00010367311071803836,0,1
170,2,0.3053290291640908,0.3101175699472164,0,5.094841934524781,1.3672050473991362,0.13468034974738222,60.47239263551999,0.6047239263551999,0.0,6.46577755272064,0.0,22211.699331118773,83073.29661208141,17544.825628785093,3918.172030070284,5802.133770808474,0.7843010217292752,0.7843010217292747,0.0,50000,1.720749376539812,5719.083525240265,1,8.3379522119627e-05,0.00010186659981455598,0,1
171,2,0.32676593455429764,0.3224381294488138,0,4.90016488651917,1.466992373698757,0.07152381411471086,84.03110755482481,0.8403110755482481,0.0,6.509852334508543,0.0,22195.12973554763,83067.75782376238,17567.62059298209,3913.108250513587,5968.671906800143,0.818010769978372,0.8180107699783725,0.0,50000,1.720749376539812,5724.770848215006,1,0.0001126295549387966,0.00010660291906764791,0,1
172,2,0.33146098334792123,0.332779440668798,0,4.747889463437468,1.4929846743565438,0.055072990913579915,50.853470857402684,0.5085347085740268,0.0,6.367531562520521,0.0,22171.472253359145,83061.69065389055,17596.647967274734,3906.672545968267,6218.43073908386,0.6735263113681859,0.6735263113681863,0.0,50000,1.720749376539812,5730.96520233797,1,6.542289910897328e-05,8.714399205579896e-05,0,1
173,2,0.3395901518518507,0.336866041803478,0,4.690291700348192,1.5354718265738063,0.028182388244426423,82.55075070986238,0.8255075070986239,0.0,6.422948851846119,0.0,22142.962708032323,83054.67811579647,17630.43834253435,3899.207481595655,6481.069545532576,0.7173846901875932,0.7173846901875931,0.0,50000,1.720749376539812,5738.118167810508,1,0.00010189768849712767,9.331671418163252e-05,0,1
174,2,0.33605075036339216,0.3352719821779411,0,4.712591817951064,1.522462381079908,0.03641621450638735,79.35522771582555,0.7935522771582555,0.0,6.4695016761153585,0.0,22127.07181428916,83050.31938878275,17647.837057811383,3895.3795898469048,6803.515399377637,0.6689112294598089,0.6689112294598087,0.0,50000,1.720749376539812,5742.614085264254,1,9.331085247263167e-05,8.687714669291087e-05,0,1
175,2,0.3358023383903068,0.3360069424198664,0,4.70228379396301,1.5250079313109488,0.03480510676522232,91.88705127622676,0.9188705127622676,0.0,6.506504393194628,0.0,22105.061779677522,83044.51703199577,17669.173228368396,3890.7008715744873,7168.147259943084,0.7576777039513495,0.757677703951349,0.0,50000,1.720749376539812,5748.579792270179,1,0.00010255040578165395,9.92529822504711e-05,0,1
176,2,0.3619973589284543,0.3645999003811413,0,4.3335173661548385,1.6183837738844356,0.02429352777495916,63.93780330248277,0.6393780330248278,0.0,6.3594385417531125,0.005099637940339025,22239.251476076166,83074.58708477282,17531.34770354991,3921.3823504354177,7464.630962378302,0.6744320874437764,0.674432087443777,0.0,50000,2.9956588616245683,5748.579792270179,1,6.852347142113677e-05,8.81282432251408e-05,0,1
177,2,0.34935209956092705,0.34919770396032074,0,4.524657470770585,1.5653140446234384,0.00929490846617829,110.23795005939058,1.1023795005939059,0.0,6.489607489018978,0.007304396941526837,22207.82922270849,83067.58997543303,17550.849758984765,3917.058198921822,7554.274200997549,0.731708628101567,0.7317086281015673,0.0,50000,3.5468486119215212,5755.861040023696,1,0.00011674233381132346,9.593873700470472e-05,0,1
178,2,0.35422243211904847,0.3498253579422083,0,4.5165393649394,1.5870706044281624,0.00447506609377362,55.11604513137067,0.5511604513137067,0.0,6.288889293805392,0.008406717844154251,22208.186317903866,83067.7141854786,17550.494244973732,3917.1406357097303,7928.75884960454,0.6150850891063538,0.6150850891063536,0.0,50000,3.8224288375783746,5755.943714091392,1,5.561127150095597e-05,8.029235891113873e-05,0,1
179,2,0.33985892469400447,0.3401571440604516,0,4.644911999023627,1.5279749413965835,0.03292725228064339,65.6958567767758,0.656958567767758,0.0,6.1698471283028224,0.008406717844154251,22180.34163895791,83060.90230099967,17580.830108627215,3910.405762600279,8192.331858739393,0.6029897003587477,0.6029897003587471,0.0,50000,3.8224288375783746,5762.9058352725515,1,6.415351126841176e-05,7.883570552689706e-05,0,1
180,2,0.34495707747213294,0.3448365219917798,0,4.581881266154471,1.554966640303765,0.01584389854192095,60.03671803649127,0.6003671803649128,0.0,6.145944355366397,0.009607452204884077,22159.14151343979,83056.21156924221,17603.92321521104,3905.2914364624207,8594.787869488291,0.4535074669057444,0.4535074669057444,0.0,50000,4.122612427760831,5767.776966025819,1,5.5881977727104224e-05,5.8548920165490654e-05,0,1
181,2,0.35679264605867533,0.3613673347566081,0,4.372282295698304,1.5831093523668238,0.001967944535964397,60.09729344355085,0.6009729344355086,0.0,6.1105588691468045,0.010809398073755095,22296.99021451443,83087.16741578448,17465.630739641743,3936.309641127421,8874.202186399987,0.44905025578863805,0.4490502557886382,0.0,50000,4.423098894978586,5767.867111965985,1,5.417707839530813e-05,5.807085579694137e-05,0,1
182,2,0.3406657664420714,0.34395571543659403,0,4.593614611097406,1.5167713045556253,0.04001816167365495,101.99598715179847,1.0199598715179847,0.0,6.267174229677901,0.010809398073755095,22266.808534034106,83079.08709727686,17495.82265850039,3929.549443341287,9189.844455752946,0.5087582720376889,0.5087582720376892,0.0,50000,4.423098894978586,5776.09073436351,1,8.879017497446137e-05,6.628307703229125e-05,0,1
183,2,0.3282354204557823,0.3267486967546688,0,4.835520434183413,1.4667567880745378,0.07167291894016599,77.3790176901678,0.7737901769016781,0.0,6.241201901140476,0.010809398073755095,22238.0664233336,83070.9377430552,17527.7671081975,3922.418531270413,9355.022269702342,0.5332543039571397,0.5332543039571396,0.0,50000,4.423098894978586,5784.392634714363,1,6.617110293004559e-05,6.97127854332717e-05,0,1
184,2,0.31503824024463095,0.3097536481325891,0,5.100827736897826,1.4119407848901084,0.10636659184170356,63.8784438869249,0.638784438869249,0.0,6.092087561410323,0.010809398073755095,22218.59149511436,83064.51491532772,17553.683119625905,3916.652524666065,9493.459851769872,0.5314799606249004,0.5314799606249011,0.0,50000,4.423098894978586,5790.969425336709,1,5.382943195363364e-05,6.959690328604686e-05,0,1
185,2,0.30978446895452655,0.3112137090004744,0,5.076897174852897,1.3946175173258644,0.11733068523679474,65.67360877311506,0.6567360877311507,0.0,6.060660056800579,0.010809398073755095,22189.141154713914,83055.55995047484,17593.047027239474,3907.919313300825,9597.43056969019,0.4482577424765309,0.4482577424765305,0.0,50000,4.423098894978586,5800.054980478762,1,5.474265912838798e-05,5.824773133735573e-05,0,1
186,2,0.3118369235754221,0.3116818129086061,0,5.069272362270624,1.4084314938481681,0.10858766212141262,70.67735678516544,0.7067735678516545,0.0,6.091866406080415,0.010809398073755095,22172.068954332688,83049.39105438051,17621.737099964663,3901.580097654537,9687.523786185597,0.42916775230970844,0.4291677523097082,0.0,50000,4.423098894978586,5806.349605081531,1,5.83656739080848e-05,5.564592166336881e-05,0,1
187,2,0.323078709984935,0.32265678640984585,0,4.896844159332352,1.4656459262386192,0.07237599605150687,142.23005477782115,1.4223005477782116,0.0,6.375157180289108,0.010809398073755095,22154.312032167476,83042.19169735258,17660.63932427718,3893.011585028442,9922.853522050225,0.5777076135143743,0.5777076135143746,0.0,50000,4.423098894978586,5813.721318907216,1,0.0001146686722417195,7.59256684260641e-05,0,1
188,2,0.3128395662846456,0.3118798340547389,0,5.066053740822146,1.4237639502135742,0.09888357581419362,71.42670345015596,0.7142670345015596,0.0,6.176319375463933,0.010809398073755095,22136.04067577491,83036.03130681207,17689.090520698617,3886.7730887799744,10115.434916936729,0.5807937923909855,0.5807937923909864,0.0,50000,4.423098894978586,5820.058278544439,1,5.6489279234499754e-05,7.650787512810136e-05,0,1
189,2,0.3149499983785918,0.3137670669837871,0,5.035582654318662,1.439781897399745,0.0887456345571235,111.9050376510157,1.1190503765101572,0.0,6.2118906150281425,0.010809398073755095,22109.32188378305,83027.05611193673,17728.69325230653,3878.1234304672134,10272.034378899927,0.6506299895629362,0.6506299895629352,0.0,50000,4.423098894978586,5829.233173624594,1,8.715316442544857e-05,8.610370530055594e-05,0,1
190,2,0.2924897114908137,0.29166815140516555,0,5.417115281144191,1.342120501382423,0.1505566446946691,102.75131733414794,1.0275131733414795,0.0,6.275928940724241,0.010809398073755095,22093.442021530143,83018.69540896661,17761.986899514497,3870.8882089137333,10350.413918155664,0.564912352012446,0.5649123520124464,0.0,50000,4.423098894978586,5837.767903109702,1,7.94181319870981e-05,7.435352521568214e-05,0,1
191,2,0.299568332936743,0.2977230652248281,0,5.306945227125246,1.3817645439278663,0.12546547852666695,88.15582068055056,0.8815582068055057,0.0,6.195174800729074,0.010809398073755095,22062.373079556946,83008.47120006765,17808.287146208957,3860.8595916665413,10146.94137303877,0.5967332719044098,0.5967332719044101,0.0,50000,4.423098894978586,5848.171542599039,1,6.950336456247799e-05,7.869155365834154e-05,0,1
192,2,0.3090849605421593,0.3082143425652226,0,5.126302646560483,1.430405819378329,0.09467986115295644,48.14031521908061,0.48140315219080615,0.0,5.947491267203722,0.010809398073755095,22041.63023361051,83002.63553088307,17837.946621600106,3854.459310076506,10020.161475063695,0.4775648931667727,0.4775648931667735,0.0,50000,4.423098894978586,5854.148730308154,1,3.843476202564858e-05,6.245208619174156e-05,0,1
193,2,0.3208280571575101,0.3191222057687784,0,4.951081345761307,1.4890136646446241,0.05758628819960501,37.434154810483655,0.37434154810483655,0.0,5.763420215165594,0.010809398073755095,22018.938845259283,82997.13604577472,17863.575717669155,3848.9480838671097,10356.097288904382,0.3533286832931327,0.3533286832931328,0.0,50000,4.423098894978586,5859.756112772516,1,2.8917576779114234e-05,4.561856778908027e-05,0,1
194,2,0.32637419917987387,0.32541317212724047,0,4.855365840514289,1.518181535268491,0.03912561058956265,68.08521124714322,0.6808521124714322,0.0,5.8545229645527295,0.010809398073755095,22000.905076456853,82992.44800629534,17883.813601452148,3844.609624647975,10647.005457424773,0.30844609745804397,0.3084460974580439,0.0,50000,4.423098894978586,5864.5405144225515,1,5.1158205201943207e-05,3.9503514668902004e-05,0,1
195,2,0.3352265128536133,0.3385623761154642,0,4.666791443657498,1.558255935457981,0.01376206616583484,55.13809263217925,0.5513809263217925,0.0,5.8529242384826885,0.01191215992639868,22001.247167754056,82992.52228890033,17877.498038210502,3845.9736873296342,11008.090052979458,0.3117638671130826,0.3117638671130826,0.0,50000,4.698789358139482,5864.6232215615,1,4.007096044222896e-05,4.004891414109547e-05,0,1
196,2,0.33066899859863647,0.33277647568678953,0,4.747931766328044,1.5398029176152401,0.025441191382759454,56.96783248158034,0.5696783248158034,0.0,5.811044464003097,0.01191215992639868,21986.663894628462,82989.00061594586,17893.410487036897,3842.5671620537196,11337.988923191006,0.33850871706369656,0.33850871706369673,0.0,50000,4.698789358139482,5868.257538969847,1,4.0196075595069185e-05,4.380841374641378e-05,0,1
197,2,0.3352427063999874,0.3343226812388243,0,4.725973105220829,1.5645593138392409,0.009772586177695709,84.17390387554366,0.8417390387554367,0.0,5.923045982304443,0.013595638003909553,21962.042782296256,82983.72232446638,17913.273120892885,3838.3294953478035,11329.839792877554,0.35902366831974086,0.3590236683197411,0.0,50000,5.1196588775172005,5873.739399541084,1,5.94351944347592e-05,4.6567410157352455e-05,0,1
198,2,0.33251926804505433,0.3274279567795588,0,4.825488988601351,1.5551160202777683,0.01574935425457707,26.116953273321517,0.2611695327332152,0.0,5.660263170895997,0.014117977069375984,21944.227558279625,82979.97704953555,17932.14648078641,3834.3018427671695,11606.331518991501,0.3040412262137623,0.30404122621376245,0.0,50000,5.250243643883808,5877.613731040747,1,1.8001866123218152e-05,3.921104538434885e-05,0,1
199,2,0.340355239963548,0.3476081567422861,0,4.545347884835163,1.5804454059018,0.00028190246949365684,48.5131593465364,0.485131593465364,0.0,5.614884792871543,0.015088240256306713,22007.106639764937,82993.53980788257,17868.382229941864,3848.0275869840048,11620.374274221016,0.2873368742074335,0.2873368742074337,0.0,50000,5.49280944061649,5877.686500779767,1,3.339868971632657e-05,3.694525009143464e-05,0,1
200,2,0.35505945751725904,0.3580739528929194,0,4.412496321597827,1.6296327840484424,0.03141315446103942,83.33386598988358,0.8333386598988358,0.0,5.787294556716522,0.022353924974732986,22112.376687512788,83016.64693799008,17764.783938690674,3870.537344317031,11571.459023841271,0.28352219355976827,0.28352219355976804,0.0,50000,7.309230620223058,5877.686500779767,1,5.761338536009092e-05,3.633798039987855e-05,0,1
201,2,0.3235336246276522,0.326325902978002,0,4.841785422429398,1.490290391055579,0.05677823350912731,48.34203387990749,0.4834203387990749,0.0,5.687772338215149,0.022353924974732986,22082.942179219517,83009.43784655358,17796.830792124107,3863.5914232679165,11618.021717555985,0.3203316954203089,0.32033169542030887,0.0,50000,7.309230620223058,5885.006074313132,1,3.3287618188461726e-05,4.1433231088293074e-05,0,1
202,2,0.3225870211135097,0.32497625056243945,0,4.861893745359789,1.491504197986658,0.056010001274267196,97.08993611865145,0.9708993611865145,0.0,5.813851824742524,0.022353924974732986,22054.362936537615,83001.53314487578,17830.24356566985,3856.37879218977,11877.994563474282,0.39817711757806157,0.3981771175780616,0.0,50000,7.309230620223058,5893.050403166936,1,6.5391466951642e-05,5.209749016673155e-05,0,1
203,2,0.3310043866114526,0.33268941809380587,0,4.749174196921706,1.534893389660005,0.02854848755695891,88.48568172771333,0.8848568172771333,0.0,5.883806497577231,0.022353924974732986,22031.63496027779,82995.87434181524,17856.32017162788,3850.7692751589975,12153.946564282149,0.3995142631329746,0.39951426313297406,0.0,50000,7.309230620223058,5898.852197546246,1,5.824325868784306e-05,5.230744794264893e-05,0,1
204,2,0.3050719892896572,0.30343211990461083,0,5.207095413948598,1.4181106119836322,0.10246163798504296,72.2839885124768,0.7228398851247679,0.0,5.766111974454082,0.022353924974732986,22020.502861620575,82991.21801733992,17878.235789866652,3846.067373951163,12369.13118907665,0.43162097575847347,0.4316209757584731,0.0,50000,7.309230620223058,5903.665551278258,1,4.675121471833803e-05,5.67953134526077e-05,0,1
205,2,0.3226454908947636,0.32678022194543216,0,4.83505394112817,1.505037546078891,0.04744459108930957,65.05337782289814,0.6505337782289814,0.0,5.6738508898344175,0.022353924974732986,21993.737949205846,82984.56117305995,17909.480925164775,3839.381469136652,12650.54952626715,0.3719611743450469,0.37196117434504705,0.0,50000,7.309230620223058,5910.460304805638,1,4.113868899549297e-05,4.8711054133891355e-05,0,1
206,2,0.3186472802017431,0.3234270524336476,0,4.885181954048645,1.4908677904872463,0.05641279083085683,83.1126490028487,0.831126490028487,0.0,5.739919466660013,0.022353924974732986,21968.678937588946,82977.74865479596,17936.517899695693,3833.621385810472,12760.396437130237,0.35707675840230485,0.357076758402305,0.0,50000,7.309230620223058,5917.4058069364655,1,5.21066250017169e-05,4.66655095718493e-05,0,1
207,2,0.3174823303178527,0.3139171476697956,0,5.033175192015877,1.488774399147782,0.05773772205836588,64.0148578271645,0.6401485782716451,0.0,5.6804030361608895,0.022353924974732986,21943.02589185032,82971.15757377222,17956.841515400436,3829.310802712016,13000.443111547891,0.33870008984842426,0.33870008984842437,0.0,50000,7.309230620223058,5924.125233385686,1,3.93924159525314e-05,4.4212576649913756e-05,0,1
208,2,0.29636479826996226,0.2943507111955018,0,5.367746500706077,1.3943313039290708,0.11751183295628435,39.704592638934784,0.3970459263893478,0.0,5.4845686836799,0.022353924974732986,21919.83498363984,82964.81850878187,17986.479720167463,3823.022131708062,13080.24200205081,0.2970425304873367,0.29704253048733664,0.0,50000,7.309230620223058,5930.57731941794,1,2.4283705229740932e-05,3.859424872799641e-05,0,1
209,2,0.2813433918407009,0.28294602313212164,0,5.584103930883733,1.3292437100857346,0.15870651260396548,55.671104394392756,0.5567110439439276,0.0,5.502858405095531,0.022353924974732986,21896.60208031064,82957.11634242377,18024.449215865574,3814.9961816445266,13139.762340765188,0.25270842442962055,0.2527084244296206,0.0,50000,7.309230620223058,5938.375485097376,1,3.389474052916593e-05,3.2523620570479424e-05,0,1
210,2,0.28016361165073844,0.28269931485704025,0,5.588977110888998,1.3298009235787962,0.158353845836205,67.1726186637757,0.671726186637757,0.0,5.58209017933858,0.022353924974732986,21867.39834710668,82947.57314124294,18066.227393357858,3806.20845246896,13123.20900616885,0.2567355157896873,0.2567355157896871,0.0,50000,7.309230620223058,5948.015585362046,1,4.0948898174036395e-05,3.3042447977647755e-05,0,1
211,2,0.28786361864983623,0.2911153992724062,0,5.427400968650038,1.372755655850172,0.13116730642394187,66.06587249672732,0.6606587249672733,0.0,5.611819623958148,0.022353924974732986,21838.410808021992,82938.75684243802,18108.605310815776,3797.331762035019,13130.54262363352,0.2956649985101941,0.2956649985101943,0.0,50000,7.309230620223058,5956.943076455548,1,4.0251724176465395e-05,3.836512095988924e-05,0,1
212,2,0.2803557648441665,0.28246903506387105,0,5.593533463385589,1.3440348983642822,0.14934500103526444,88.38450764803756,0.8838450764803756,0.0,5.7104377585998165,0.022353924974732986,21812.45980343518,82929.13151186507,18156.59163895982,3787.3310745865188,13019.389624260522,0.3457504822621698,0.3457504822621699,0.0,50000,7.309230620223058,5966.696595126623,1,5.4309463161523685e-05,4.517002850400849e-05,0,1
213,2,0.26392207381002025,0.2622715555602251,0,6.024290345268444,1.2719205158369504,0.1949870152930694,84.07322246219869,0.8407322246219868,0.0,5.762770705208883,0.022353924974732986,21793.33111212291,82919.93547959054,18204.4654305254,3777.4060636686763,12768.481455740131,0.3747493344598673,0.3747493344598673,0.0,50000,7.309230620223058,5976.028224277884,1,5.2675471396422425e-05,4.9078886244803835e-05,0,1
214,2,0.2587896845105169,0.25730224429657056,0,6.140638237802806,1.254177813635195,0.20621657364861073,59.42926901573979,0.5942926901573979,0.0,5.635911161514083,0.022353924974732986,21758.161333265445,82908.79063862195,18255.52452938084,3766.8832777699317,12466.274473829995,0.36963295357948317,0.3696329535794832,0.0,50000,7.309230620223058,5987.303088444557,1,3.813762909873197e-05,4.837418788555936e-05,0,1
215,2,0.25260032700177215,0.25502839065629995,0,6.195388662156267,1.2298579749313028,0.22160887662575776,46.30078633439904,0.4630078633439904,0.0,5.508009018042737,0.022353924974732986,21737.636157530178,82901.35052853164,18297.858913900312,3758.194229981464,12212.82240005653,0.31124140655524396,0.3112414065552444,0.0,50000,7.309230620223058,5994.849982613701,1,3.0329294780662483e-05,4.038079842527229e-05,0,1
216,2,0.2631910343013539,0.26441252087787803,0,5.9755112759192714,1.2877228874534716,0.1849855142699547,69.65297164756058,0.6965297164756058,0.0,5.5874837123193615,0.022353924974732986,21713.466860393954,82892.29930169872,18342.86842779325,3749.0042000507583,11802.25320130005,0.29876865664329666,0.2987686566432965,0.0,50000,7.309230620223058,6003.999595061813,1,4.721333830722298e-05,3.8560087395539146e-05,0,1
217,2,0.2764358849840885,0.27613531228126054,0,5.721832484759046,1.357147296934368,0.14104601459850125,53.708908711456765,0.5370890871145677,0.0,5.5653248181302795,0.022353924974732986,21693.87212320837,82885.93826071746,18374.230967107796,3742.627502385339,11892.393587827313,0.29368425288910993,0.2936842528891103,0.0,50000,7.309230620223058,6010.457848826559,1,3.612992342697541e-05,3.789085217162029e-05,0,1
218,2,0.27655994304370174,0.27872747079524185,0,5.668619585619159,1.3621059305101415,0.137907638917632,60.21937382246325,0.6021937382246325,0.0,5.561891988978916,0.022353924974732986,21674.172683415414,82879.33526866396,18403.700354546996,3736.659688384622,11761.070917738836,0.319736826939863,0.31973682693986294,0.0,50000,7.309230620223058,6017.165155157209,1,4.096183025757381e-05,4.1435030663924056e-05,0,1
219,3,0.2692618760166532,0.2690764349558656,0,5.871937467356272,1.4113450719117941,0.10674362537228223,98.92642908353712,0.9892642908353712,0.0,63.477193426389924,0.04470784994946597,20573.160496393582,82870.73826286625,19534.77922985139,3726.9207989480783,11549.107430179773,0.554950390624857,0.5549503906248574,57.74553715089886,49942.2544628491,7.309230620223058,6025.929251229607,1,6.852576594795584e-05,4.853917321083502e-05,1,1
220,3,0.2575624243025453,0.25452389884259885,0,6.207668541872739,1.360155365104863,0.13914217398426396,150.54880653366016,1.5054880653366016,0.0,63.58959152082266,0.04470784994946597,20546.456004451768,82858.92063221856,19608.06693915154,3713.032633110335,11598.349724295753,0.719217297178718,0.7192172971787181,57.74553715089886,49942.2544628491,7.309230620223058,6037.962595395162,1,0.0001038415361580599,7.110971078786318e-05,1,1
221,3,0.2537967107487586,0.24983861384575565,0,6.324082477400608,1.3451248984521091,0.14865512756195629,73.70704917356007,0.7370704917356007,0.0,63.029048553067426,0.04470784994946597,20527.19760245747,82851.928564425,19643.631619081872,3706.339164355889,11702.367928699388,0.7386266733815489,0.7386266733815496,57.74553715089886,49942.2544628491,7.309230620223058,6045.1779766222235,1,5.0387784504910494e-05,7.425169553697542e-05,1,1
222,3,0.26121901720018836,0.26170145774024256,0,6.037413828883839,1.3878021894538952,0.12164418388993978,57.948315125103576,0.5794831512510358,0.0,62.45713295835512,0.04470784994946597,20509.079676423717,82846.42077378175,19667.36849910621,3701.8897284432787,11567.009116672518,0.6699004246296959,0.6699004246296969,57.74553715089886,49942.2544628491,7.309230620223058,6050.885538003085,1,4.007833972678571e-05,6.47692201299187e-05,1,1
223,3,0.2498002443616361,0.24941411646085582,0,6.334845927808471,1.3307500509431518,0.15775313231446092,95.19248413737203,0.9519248413737204,0.0,62.34885708838783,0.04470784994946597,20498.30529572122,82839.6696901133,19694.21041911186,3696.876488350991,11641.09939763002,0.5748098122723807,0.5748098122723805,57.74553715089886,49942.2544628491,7.309230620223058,6057.808323992741,1,6.541820897552135e-05,5.196144440240585e-05,1,1
224,3,0.24325497560827034,0.24353324707937496,0,6.487820529428697,1.302945808007198,0.17535075442582404,107.07483891703868,1.0707483891703868,0.0,62.259515354341524,0.04470784994946597,20474.154637323336,82829.17225192381,19747.930698966982,3686.8627773845897,11429.747990827338,0.6378944951444754,0.6378944951444756,57.74553715089886,49942.2544628491,7.309230620223058,6068.491810479179,1,7.49446717481218e-05,6.014707348347629e-05,1,1
225,3,0.23696806772870208,0.23672225653762524,0,6.6744885889040635,1.2783158997753463,0.19093930393965428,117.69773953043357,1.1769773953043356,0.0,62.0978513907596,0.04470784994946597,20446.47303656559,82816.84120209988,19818.290777717182,3673.8196498271936,11469.747990827338,0.7389214619512222,0.7389214619512231,57.74553715089886,49942.2544628491,7.309230620223058,6081.037650175783,1,8.209264205250861e-05,7.415184092538392e-05,1,1
226,3,0.23973201784089415,0.2400659365923493,0,6.581525152745695,1.2999214457495223,0.17726490775346695,84.8918863600949,0.848918863600949,0.0,61.67986593885655,0.04470784994946597,20428.522783599186,82808.8245683567,19869.604931675363,3664.3602577272636,11509.747990827338,0.7213042030313728,0.7213042030313722,57.74553715089886,49942.2544628491,7.309230620223058,6089.263824752622,1,5.900520944698304e-05,7.201417441587116e-05,1,1
227,3,0.2442378443490103,0.24824378759893992,0,6.364711138522554,1.328845042391297,0.15895883392955892,98.9343507997746,0.9893435079977461,0.0,61.40328804877032,0.04470784994946597,20411.788441310382,82800.80988291255,19903.366847784895,3658.1807954392802,11588.72934749685,0.7029238646965893,0.7029238646965901,57.74553715089886,49942.2544628491,7.309230620223058,6097.48330239877,1,6.829694461448048e-05,6.979826537132403e-05,1,1
228,3,0.26119917755214145,0.2622643282863455,0,6.024456357918886,1.4247190202095155,0.0982791011332181,88.71680755638889,0.8871680755638889,0.0,61.11431611088586,0.04470784994946597,20390.531800624198,82794.22795604084,19928.57913925977,3653.582500914414,11765.278130163075,0.6461561226053646,0.6461561226053651,57.74553715089886,49942.2544628491,7.309230620223058,6104.2558946153795,1,6.032449489073606e-05,6.254221631739986e-05,1,1
229,3,0.2743631387878574,0.2676979679526723,0,5.902174051165515,1.5013086712329442,0.04980463846016194,55.89993944242618,0.5589993944242618,0.0,60.63269429736894,0.04470784994946597,20362.44385120464,82788.32363591556,19960.480104387483,3647.7641660824083,11708.62645743462,0.5949315349935657,0.5949315349935655,57.74553715089886,49942.2544628491,7.309230620223058,6110.334547853343,1,3.8194020209386e-05,5.560515323820085e-05,1,1
230,3,0.28696120318625473,0.28237616758787726,0,5.595373056787075,1.5741296739050161,0.003715396262648067,53.54501425751727,0.5354501425751728,0.0,60.2581600729948,0.04577875023461632,20336.73346608361,82783.71376037298,19985.201583428054,3643.2687772623804,11680.529486178842,0.51726424594532,0.5172642459453197,57.74553715089886,49942.2544628491,7.576955691510644,6115.140677994916,1,3.667300481258162e-05,4.506383997090123e-05,1,1
231,3,0.2972582315090727,0.3034020576455869,0,5.207611353267899,1.6134048515781603,0.021142311125417847,52.2937500701652,0.522937500701652,0.0,59.96045399530308,0.04907855631921234,20438.881884472274,82802.65348135488,19879.624771368515,3662.6777815999912,12074.665112141962,0.4477358896514997,0.44773588965149913,57.74553715089886,49942.2544628491,8.40190721265965,6115.140677994916,1,3.464692367663597e-05,3.6504649566201196e-05,1,1
232,3,0.28761413321933793,0.2867277044244308,0,5.510454607697041,1.565299234427257,0.009304282008065275,67.52184573088641,0.6752184573088641,0.0,59.75677882256668,0.050428993233830065,20406.201084552926,82796.68049239687,19906.65966763783,3657.7266120589043,12517.463402422338,0.4527988370224322,0.45279883702243245,57.74553715089886,49942.2544628491,8.739516441314082,6121.314328785761,1,4.3153692443994564e-05,3.8157873644404054e-05,1,1
233,3,0.2813862038931752,0.2824639079449823,0,5.593634993918406,1.5378664688523256,0.02666679186561676,68.97282650714901,0.6897282650714901,0.0,59.52623080965032,0.050428993233830065,20366.998186928402,82788.97182438032,19948.688527322498,3650.047550317993,12876.498593964778,0.46232215839273744,0.46232215839273727,57.74553715089886,49942.2544628491,8.739516441314082,6129.172009028254,1,4.285191413105213e-05,4.021751008389422e-05,1,1
234,3,0.2817408819884745,0.2826449023488692,0,5.590053055511339,1.5432751621079066,0.023243568286135104,62.030521128204335,0.6203052112820434,0.0,59.20966963486906,0.050428993233830065,20341.37186423304,82783.92724516305,19971.20920910184,3645.9513086852066,13276.564150940385,0.46301164986144266,0.4630116498614426,57.74553715089886,49942.2544628491,8.739516441314082,6134.370180790798,1,3.737745424071073e-05,4.112768693858581e-05,1,1
235,3,0.27533431855522217,0.276464373121473,0,5.7150220918547765,1.5129748888981323,0.04242095639358723,77.64525956175544,0.7764525956175544,0.0,59.00964196308576,0.050428993233830065,20313.97975489844,82777.96478775647,20002.97590004612,3640.18317747939,13338.60275145204,0.47001717051176073,0.4700171705117615,57.74553715089886,49942.2544628491,8.739516441314082,6140.488682227966,1,4.656875147034601e-05,4.226603994736963e-05,1,1
236,3,0.27945180999338637,0.2780730776758123,0,5.681959624448152,1.5401632292038756,0.025213146073496496,78.91686365063565,0.7891686365063565,0.0,58.7947530461343,0.050428993233830065,20285.525077286897,82772.24020837802,20032.72765832728,3634.7978558856275,13579.831859710728,0.4754253860971429,0.4754253860971425,57.74553715089886,49942.2544628491,8.739516441314082,6146.373487418315,1,4.649062784629601e-05,4.347894451911758e-05,1,1
237,3,0.2864909093349821,0.2834149116259196,0,5.574865454099494,1.581773857341996,0.001122694520250548,76.20187188149329,0.7620187188149329,0.0,58.51218606864915,0.051953030671459934,20265.315240642478,82768.62752983806,20050.62013905059,3631.5686782304224,13956.044948799863,0.48576518146219083,0.48576518146218994,57.74553715089886,49942.2544628491,9.120525800721548,6150.219088056169,1,4.368106990830304e-05,4.558014974164835e-05,1,1
238,3,0.28704488053655913,0.2871513287953242,0,5.502325225617162,1.5847117844376037,0.002982142049116248,57.974593653109984,0.5797459365310998,0.0,58.138192392444424,0.05311252254452213,20265.67162420487,82768.74715426505,20049.865448994093,3631.708484216929,13955.8070702656,0.45233991378430743,0.45233991378430805,57.74553715089886,49942.2544628491,9.410398768987099,6150.306049946649,1,3.3233244547572634e-05,4.1134980767390556e-05,1,1
239,3,0.28976777596108044,0.2908611606688297,0,5.432145001301721,1.5886354279961925,0.005465460757083819,75.60870936413222,0.7560870936413222,0.0,57.925173502236454,0.05462469673180478,20330.184272270428,82780.55008456709,19980.24290388775,3644.404781230643,14166.012412610124,0.44030762394163836,0.440307623941638,57.74553715089886,49942.2544628491,9.78844231580776,6150.419463010695,1,4.269865487161528e-05,3.9870989775830316e-05,1,1
240,3,0.2833358087369498,0.28691689155094174,0,5.506821126700632,1.552410990210816,0.017461398600749363,67.65198014613125,0.6765198014613125,0.0,57.660363882699336,0.055977736334727406,20330.50272326778,82780.65979165348,19974.071436828086,3645.5356989934457,14604.580252391079,0.4190476744400573,0.41904767444005664,57.74553715089886,49942.2544628491,10.126702216538417,6150.520940980914,1,3.7057952492708005e-05,3.766328397063198e-05,1,1
241,3,0.29224970167369907,0.2915290983569959,0,5.419699127478484,1.596989266082547,0.010752700052244954,76.4178044936004,0.764178044936004,0.0,57.42677165785136,0.05750609242459941,20355.520635210938,82785.27459536225,19947.52197698336,3650.404840355146,14702.351318071258,0.43782298013564536,0.4378229801356452,57.74553715089886,49942.2544628491,10.508791239006419,6150.635567687655,1,4.1581269738628644e-05,4.044595903431731e-05,1,1
242,3,0.2915943219965486,0.2951749813839748,0,5.352757176749598,1.5764770081664359,0.0022297416668127803,133.30064376143395,1.3330064376143396,0.0,57.51607767710879,0.06017210529982809,20452.08225367861,82803.10156899795,19841.434686959918,3669.986726740807,14714.419227079949,0.510379655128868,0.5103796551288675,57.74553715089886,49942.2544628491,11.175294457813589,6150.835518653297,1,7.247347881246266e-05,5.0370900347933104e-05,1,1
243,3,0.26935440596000065,0.2688289917266676,0,5.877342283106386,1.4585507614589042,0.07686660667157968,73.48076018523425,0.7348076018523425,0.0,57.112360195766165,0.06017210529982809,20439.75621881085,82799.1621002694,19857.224862955165,3667.085951554759,14324.466952637305,0.522919428424071,0.5229194284240707,57.74553715089886,49942.2544628491,11.175294457813589,6154.964327082178,1,4.103790273142726e-05,5.169755042750618e-05,1,1
244,3,0.25037722885122693,0.24859352953907624,0,6.355756736426404,1.3598580763606487,0.139330331417311,44.94801069013726,0.4494801069013726,0.0,56.54143330234447,0.06017210529982809,20419.18331248747,82793.5135847642,19887.05598826678,3661.6070859962892,14468.578674560285,0.4793236024413519,0.47932360244135236,57.74553715089886,49942.2544628491,11.175294457813589,6160.787788286966,1,2.4852758077290976e-05,4.612137987372697e-05,1,1
245,3,0.25562667775088993,0.25876797426673054,0,6.105856045274682,1.3911315066724141,0.11953702109340882,54.67694716428178,0.5467694716428178,0.0,56.25653385708501,0.06017210529982809,20406.47279344672,82789.19565835032,19906.87827627423,3657.9785115553755,14615.323669466092,0.37365397861897254,0.3736539786189726,57.74553715089886,49942.2544628491,11.175294457813589,6165.243058821481,1,2.9928559038900393e-05,3.193973994920621e-05,1,1
246,3,0.2508567063174749,0.24776986619040195,0,6.376885229400046,1.3704421885130096,0.13263152625758892,87.2275864144784,0.872275864144784,0.0,56.214390036300856,0.06017210529982809,20383.145445259124,82781.26596112501,19945.34416789591,3650.955426113787,14757.075083405354,0.38740681629118723,0.38740681629118784,57.74553715089886,49942.2544628491,11.175294457813589,6173.3157638119355,1,4.728719528577458e-05,3.4022837467321985e-05,1,1
247,3,0.2592695157730094,0.26092555693544456,0,6.055366973465566,1.4230544727999772,0.0993326121519132,91.817377940989,0.9181737794098901,0.0,56.084637004531416,0.06017210529982809,20358.225540963995,82773.87376332624,19992.200332746834,3642.4242350396917,14921.290848911221,0.44487128141682325,0.4448712814168233,57.74553715089886,49942.2544628491,11.175294457813589,6180.873303177763,1,4.922757896522807e-05,4.2147777763301023e-05,1,1
248,3,0.2599334334433208,0.2593138969693978,0,6.0930016418921795,1.4307768892797077,0.09444500678499516,60.56578303340217,0.6056578303340218,0.0,55.70216518165136,0.06017210529982809,20335.976255176287,82768.11514317556,20020.817726068977,3637.2406703465026,14149.055249640118,0.4618743429769092,0.4618743429769095,57.74553715089886,49942.2544628491,11.175294457813589,6186.79445324443,1,3.424442520849874e-05,4.3586399819833795e-05,1,1
249,3,0.2655609879933677,0.2696818201296793,0,5.85875606757712,1.466113567944154,0.07208002028851021,93.02535289831174,0.9302535289831174,0.0,55.56666102510947,0.06017210529982809,20321.227556672296,82763.39729661016,20050.701204715206,3631.835990270845,14354.82458263247,0.4705567690366806,0.470556769036681,57.74553715089886,49942.2544628491,11.175294457813589,6191.679572821671,1,5.184339375953683e-05,4.5105132644421206e-05,1,1
250,3,0.2603233075602757,0.2611443554312212,0,6.050293514447153,1.4424026413335072,0.08708693586486893,108.175406072066,1.08175406072066,0.0,55.51184622203811,0.06017210529982809,20304.840572164667,82757.50234003771,20087.03347773985,3625.2866184194454,14208.778886676442,0.50028627543675,0.5002862754367501,57.74553715089886,49942.2544628491,11.175294457813589,6197.749852048085,1,6.090623659349191e-05,4.8998018520509156e-05,1,1
251,3,0.2765660810503297,0.2777881541044399,0,5.687787533970826,1.5365933248033683,0.02747257923837454,50.53845298528606,0.5053845298528605,0.0,55.00527634552863,0.06017210529982809,20273.123197475263,82751.46333713706,20114.559434837563,3620.3494998644715,13934.199341707854,0.4890456072778839,0.4890456072778839,57.74553715089886,49942.2544628491,11.175294457813589,6203.956851075085,1,2.901549015967603e-05,4.7255040170901586e-05,1,1
252,3,0.28675626386698594,0.2870958716478005,0,5.503388087510679,1.592338563986043,0.007809217712685404,61.00065573939386,0.6100065573939386,0.0,54.65535779365355,0.06139211841461597,20273.46629307119,82751.58041381242,20109.07190737236,3621.341880683865,14365.054226654285,0.4403471597391971,0.4403471597391971,57.74553715089886,49942.2544628491,11.480297736510558,6204.048352058694,1,3.397169535285566e-05,4.1297807368674535e-05,1,1
253,3,0.2989098679105535,0.29694085703159484,0,5.320924899977258,1.6444221078813386,0.04077348600084715,61.554770481893094,0.615547704818931,0.0,54.45314046210788,0.0676199175239488,20369.2325081632,82769.12522118614,20015.683769352632,3638.2905356003216,13710.22444263519,0.38563597143460654,0.38563597143460704,57.74553715089886,49942.2544628491,13.037247513843765,6204.048352058694,1,3.591758588019841e-05,3.2968257130910036e-05,1,1
254,3,0.323904874540102,0.3235451246120361,0,4.883399191672514,1.7617905973529586,0.11505734009680921,116.13427060246653,1.1613427060246653,0.0,54.52606797036332,0.0969710167178135,20477.371733531676,82789.25567276683,19902.42842200454,3659.057773811722,13824.413899543404,0.4775596745362805,0.4775596745362806,57.74553715089886,49942.2544628491,20.375022312309937,6204.048352058694,1,6.720532035361137e-05,4.5698200528888486e-05,1,1
255,3,0.3200424242794624,0.3175630147790114,0,4.975390478326025,1.7226286221894243,0.09027127986672416,56.49964400449054,0.5649964400449055,0.0,54.124713934872176,0.10840726204686219,20578.931985471972,82808.35836335507,19798.54485623046,3678.317085513347,13328.669253659076,0.48166900285285785,0.48166900285285835,57.74553715089886,49942.2544628491,23.23408364457211,6204.048352058694,1,3.3911648900121e-05,4.5678185044643595e-05,1,1
256,3,0.34105565185620595,0.3399954917960997,0,4.6471204416661775,1.814930498206164,0.14869018873807846,115.11892483109,1.1511892483109,0.0,54.07336269805351,0.1452027737017699,20678.426413402176,82827.88989385187,19686.225308839203,3699.369431463274,13409.230953495146,0.5603615971775643,0.5603615971775638,57.74553715089886,49942.2544628491,32.43296155829904,6204.048352058694,1,6.868040395774316e-05,5.6599124403825184e-05,1,1
257,3,0.3427437091346718,0.3442323039396035,0,4.589923670490888,1.8142737397634463,0.1482745188376242,59.374961212909476,0.5937496121290947,0.0,53.699566706317164,0.16349094199530198,20730.812897817545,82838.21361178118,19634.21421238876,3709.1995863734637,13148.231331562192,0.48662057845278645,0.48662057845278656,57.74553715089886,49942.2544628491,37.005003631682065,6204.048352058694,1,3.612650840444554e-05,4.62395204207699e-05,1,1
258,3,0.35632857263834905,0.35685234444786257,0,4.427601568499275,1.8576718809522368,0.1757416968052131,59.515646173864134,0.5951564617386413,0.0,53.31735541789125,0.18637571840513417,20869.78156467769,82865.4287028161,19485.4781533948,3737.599028530175,13188.231331562192,0.49044115282902545,0.49044115282902595,57.74553715089886,49942.2544628491,42.726197734140115,6204.048352058694,1,3.610227614459917e-05,4.696972950226263e-05,1,1
259,3,0.3597461931990983,0.3655137164992496,0,4.3226831954013525,1.8608112468152824,0.17772863722486223,68.95181400612987,0.6895181400612986,0.0,53.13828290398298,0.2121778127648966,20951.553785030617,82881.76613193787,19409.198626086112,3752.3340052516187,13063.99966232215,0.4269668583454302,0.4269668583454298,57.74553715089886,49942.2544628491,49.176721324080724,6204.048352058694,1,4.222401456729588e-05,3.8150933038780195e-05,1,1
260,3,0.25026522187108097,0.24870951364996124,0,6.352792769414216,1.2996735478405654,0.17742180516419914,83.7524092365938,0.837524092365938,0.0,53.02442179155063,0.2121778127648966,20934.099996588604,82873.70963393997,19447.926929780893,3744.894059051244,12889.00703879651,0.46724613336674986,0.4672461333667496,57.74553715089886,49942.2544628491,49.176721324080724,6212.263387507056,1,5.198377748386368e-05,4.343668939858625e-05,1,1
261,3,0.254970119693035,0.25627119473947807,0,6.165343715692305,1.3310923987109469,0.15753645651205897,116.88881733633123,1.1688881733633123,0.0,53.04107404558459,0.2121778127648966,20907.05055240538,82862.63575644915,19499.27262217551,3735.0764524070028,12730.948493404152,0.5600418736531118,0.5600418736531112,57.74553715089886,49942.2544628491,49.176721324080724,6223.523838218396,1,7.345175728070273e-05,5.5886516443954096e-05,1,1
262,3,0.2545204693271389,0.25590327928197387,0,6.174207710167852,1.3337757526922227,0.15583813120745402,62.191594284960594,0.6219159428496059,0.0,52.602838151715986,0.2121778127648966,20890.111156466482,82856.43554091454,19536.20649825254,3728.036318526884,12811.186534723838,0.5495962317632779,0.5495962317632777,57.74553715089886,49942.2544628491,49.176721324080724,6229.908013218926,1,3.883580595217754e-05,5.4757113572247985e-05,1,1
263,3,0.24820339359850074,0.24675572516262986,0,6.403093581551819,1.305456980162798,0.17376140496025447,47.230224006244725,0.47230224006244725,0.0,52.13407774411405,0.2121778127648966,20873.010621417307,82850.68753764789,19572.16229039453,3721.208109003119,12854.6145485917,0.492789157128791,0.4927891571287917,57.74553715089886,49942.2544628491,49.176721324080724,6235.8209797861955,1,2.9393475052999753e-05,4.722701276196e-05,1,1
264,3,0.24996484612496095,0.25044373571085327,0,6.308802236619604,1.3199163253262827,0.16460992067956798,94.84019245928562,0.9484019245928562,0.0,52.137876022685205,0.2121778127648966,20851.613984986903,82841.6693934844,19610.89421675358,3713.8976624536517,12686.430986326932,0.4615572589718608,0.4615572589718604,57.74553715089886,49942.2544628491,49.176721324080724,6244.990621539557,1,5.9805751553925065e-05,4.2678344186367457e-05,1,1
265,3,0.24981501910914958,0.24857140528639593,0,6.356322434511625,1.3255812867469543,0.1610245020588897,70.48451136522212,0.7048451136522212,0.0,51.91116849248883,0.2121778127648966,20825.144761411622,82833.12072153862,19658.909069336245,3704.8582338344117,12679.535555717608,0.4746993852426158,0.4746993852426158,57.74553715089886,49942.2544628491,49.176721324080724,6253.69446573983,1,4.4471352159859455e-05,4.45568595889281e-05,1,1
266,3,0.2453360936595372,0.24825094445579696,0,6.364527649486271,1.307910126927653,0.17220878042553614,64.2031096614056,0.6420310966140561,0.0,51.58734474971988,0.2121778127648966,20798.92075718599,82824.75570232965,19704.956541906417,3696.230317505351,12619.036680222725,0.5019975108931467,0.5019975108931463,57.74553715089886,49942.2544628491,49.176721324080724,6262.222111897566,1,4.0702384049348805e-05,4.832649592104444e-05,1,1
267,3,0.23976938887737778,0.2417842482059718,0,6.534751588341791,1.283762176815647,0.1874922931546538,69.28979596052079,0.692897959605208,0.0,51.39013054856987,0.2121778127648966,20777.18943627836,82816.60823279592,19747.611226220408,3688.2786866674114,12091.569935525398,0.47393619531491377,0.4739361953149145,57.74553715089886,49942.2544628491,49.176721324080724,6270.5159818102475,1,4.584337440381189e-05,4.367237020434005e-05,1,1
268,3,0.24520078264362818,0.2432101293440831,0,6.496439947880152,1.3196031531383376,0.1648081309251028,96.56853777520692,0.9656853777520692,0.0,51.37056883134508,0.2121778127648966,20754.054355891898,82807.23833168468,19798.48280422279,3678.8359191219065,11289.500004872423,0.543195174591684,0.543195174591684,57.74553715089886,49942.2544628491,49.176721324080724,6280.041578110433,1,6.843069240163267e-05,5.165881695159779e-05,1,1
269,3,0.20531439029622148,0.2075066868009112,0,7.614212459167181,1.1118355547898107,0.2963066108925249,62.74119101146888,0.6274119101146888,0.0,51.04951705585878,0.2121778127648966,20729.522780382576,82796.81226378132,19860.227505019262,3667.4402826667424,11289.500004872423,0.551300362645315,0.5513003626453158,57.74553715089886,49942.2544628491,49.176721324080724,6290.6249462816495,1,4.445985454405632e-05,5.29113071165003e-05,1,1
270,3,0.20618342974997048,0.2018368699874112,0,7.828103953943333,1.1224850591730315,0.2895664182449168,63.846751229895936,0.6384675122989594,0.0,50.74316752150404,0.2121778127648966,20718.793005493306,82788.95822472552,19913.105602422474,3657.734574307518,11251.120465616686,0.549784847855304,0.5497848478553048,57.74553715089886,49942.2544628491,49.176721324080724,6298.634481099589,1,4.5397612744445135e-05,5.2762719896711376e-05,1,1
271,3,0.22131618513383422,0.22084350941215627,0,7.154387304411444,1.2105031472883419,0.23385876753902418,73.8703118203481,0.7387031182034811,0.0,50.589766831605104,0.2121778127648966,20704.273969651167,82780.81465542201,19959.700146831525,3649.2302418274985,11031.14761969839,0.5164041696052057,0.5164041696052051,57.74553715089886,49942.2544628491,49.176721324080724,6306.920472151503,1,5.3572168094958635e-05,4.780987846115336e-05,1,1
272,3,0.21853733379466492,0.21438920187727367,0,7.369774159169012,1.2104825948781168,0.233871775393597,172.4567137805748,1.724567137805748,0.0,50.8566868763153,0.2121778127648966,20678.626925057655,82762.93337852947,20086.219452459205,3626.3130620204875,11071.14761969839,0.7117285458491127,0.7117285458491133,57.74553715089886,49942.2544628491,49.176721324080724,6324.995885045103,1,0.00012461704582367265,7.452894222102547e-05,1,1
273,3,0.2162039234837557,0.21760633544352692,0,7.260818012396706,1.2015019131367908,0.23955575117924638,54.39356474117934,0.5439356474117935,0.0,50.25960103231611,0.2121778127648966,20663.410873625016,82756.15332129333,20119.35483151754,3620.3716406739627,11111.14761969839,0.6939932130729,0.6939932130728995,57.74553715089886,49942.2544628491,49.176721324080724,6331.96601941206,1,3.916323793214501e-05,7.245081728359209e-05,1,1
274,3,0.20910877631769906,0.2150789035748379,0,7.346141224168136,1.167332326163065,0.26118207204869304,41.02334854381869,0.41023348543818694,0.0,49.66812269380834,0.2121778127648966,20641.326038533127,82748.89047560866,20164.91280260681,3612.219199451165,10612.644480655252,0.644603993401828,0.644603993401828,57.74553715089886,49942.2544628491,49.176721324080724,6339.3967851976395,1,3.0924129131883115e-05,6.490147096256693e-05,1,1
275,3,0.2064363715520971,0.20957486019922641,0,7.539072188801738,1.160542075606856,0.2654796989830025,122.043629964376,1.2204362996437599,0.0,49.82117353036651,0.2121778127648966,20627.121144924036,82735.85673178639,20236.0697492573,3599.577215955231,10652.644480655252,0.564274967680416,0.5642749676804163,57.74553715089886,49942.2544628491,49.176721324080724,6352.57648461431,1,9.165320794174782e-05,5.391352500192532e-05,1,1
276,3,0.1996192239022763,0.19676178298332636,0,8.030014650425736,1.1285391559339326,0.2857347114342199,52.97362155719303,0.5297362155719303,0.0,49.45058529966155,0.2121778127648966,20603.142252382146,82726.81618276163,20293.089945437896,3589.4996147785832,10532.845590152332,0.5675402731000724,0.567540273100073,57.74553715089886,49942.2544628491,49.176721324080724,6361.761800672126,1,4.0234993367202224e-05,5.427077681361105e-05,1,1
277,3,0.19681071754748544,0.19657521341450332,0,8.03763593871,1.1221762261520338,0.2897618821822571,99.8917828077256,0.998917828077256,0.0,49.32097351421714,0.2121778127648966,20584.232849606244,82714.15278221079,20379.819897056983,3574.2754871772654,10572.845590152332,0.6751160074074039,0.6751160074074045,57.74553715089886,49942.2544628491,49.176721324080724,6374.596340505579,1,7.55836501770278e-05,6.915728382865928e-05,1,1
278,3,0.19317557567138569,0.19385620844848095,0,8.15037089936637,1.1087648622456896,0.29825008718627244,83.93276115709531,0.8393276115709531,0.0,49.159069022373586,0.2121778127648966,20565.62544863311,82702.95776409926,20447.53102967341,3562.489858954798,10482.705203625068,0.6088589929253339,0.6088589929253331,57.74553715089886,49942.2544628491,49.176721324080724,6385.9434132978795,1,6.405427570590856e-05,5.99576397500462e-05,1,1
279,3,0.20117854722680956,0.20013869865620265,0,7.894525199817138,1.1605385266891401,0.26548194513345563,49.84635560430096,0.4984635560430096,0.0,48.714129892627206,0.2121778127648966,20544.78492324724,82695.18653457567,20499.25277165879,3553.531224510666,10522.705203625068,0.6009739811005443,0.6009739811005438,57.74553715089886,49942.2544628491,49.176721324080724,6393.864774405699,1,3.789622888010122e-05,5.91780515876792e-05,1,1
280,3,0.19293670353954664,0.19108922607876447,0,8.268388712552245,1.1198661056829362,0.2912239837449771,72.00377309536637,0.7200377309536637,0.0,48.55070478652888,0.2121778127648966,20527.68367842131,82685.51002294716,20562.562733168535,3542.6316145565247,9995.922775610241,0.5655864332653876,0.5655864332653875,57.74553715089886,49942.2544628491,49.176721324080724,6403.674490293075,1,5.7626514099171295e-05,5.3192339561727025e-05,1,1
281,3,0.19099659698316523,0.19271263284226225,0,8.198735997204968,1.1206088752966767,0.29075387639450845,143.56802064661633,1.4356802064661633,0.0,48.74430722215992,0.2121778127648966,20508.155748354566,82668.51720652074,20673.803882720535,3523.643507866728,10035.922775610241,0.6881972647790542,0.6881972647790543,57.74553715089886,49942.2544628491,49.176721324080724,6420.827983938655,1,0.00011444330440287716,6.998868246071656e-05,1,1
282,3,0.20487531334363204,0.2014881932414418,0,7.841650543298574,1.212322082817275,0.2327075425207121,113.99409687232465,1.1399409687232465,0.0,48.61274293862938,0.2121778127648966,20486.31017091676,82656.26935304316,20762.189316566677,3508.688080684358,9633.124485329863,0.8332572162134807,0.8332572162134798,57.74553715089886,49942.2544628491,49.176721324080724,6433.261269725889,1,9.466843041085954e-05,8.891274963763599e-05,1,1
283,3,0.20168742490162453,0.20172178879103075,0,7.8325698451780355,1.2009773605431193,0.23988774649169667,64.89639101856284,0.6489639101856284,0.0,48.07382464983479,0.2121778127648966,20456.249648061254,82646.31361257419,20827.600683175453,3497.705524414966,9673.124485329863,0.8208381589906248,0.8208381589906241,57.74553715089886,49942.2544628491,49.176721324080724,6443.399610941079,1,5.367150282577993e-05,8.759441254650554e-05,1,1
284,3,0.21234696124257418,0.21308115155194132,0,7.4150153051658085,1.2733622054045421,0.19407455354142905,122.52639985701765,1.2252639985701765,0.0,48.08788517187283,0.2121778127648966,20426.64345741402,82633.69266468399,20901.015937947675,3485.4711428283517,9302.984594416803,0.8060207266179393,0.8060207266179401,57.74553715089886,49942.2544628491,49.176721324080724,6456.1913856406145,1,0.0001053652393925726,8.456839087640402e-05,1,1
285,3,0.20949389493395695,0.21126718932617244,0,7.478681403578765,1.2636334207144415,0.20023201220604972,92.83227426356524,0.9283227426356524,0.0,47.898173588942605,0.2121778127648966,20403.566645422925,82623.93993941662,20962.427156164646,3475.29626885888,9253.742300300823,0.7712035066538032,0.7712035066538031,57.74553715089886,49942.2544628491,49.176721324080724,6466.1059015563205,1,8.025490336859494e-05,7.976388186231583e-05,1,1
286,3,0.08332915235014372,0.08385354360526286,0,18.84237602930397,0.5094122994304613,0.6775871522592017,74.61377933872004,0.7461377933872003,0.0,47.5411968389709,0.2121778127648966,20387.730361199134,82613.74943190835,21103.649927232407,3452.113861201548,8930.276404842454,0.808633865576475,0.8086338655764752,57.74553715089886,49942.2544628491,49.176721324080724,6476.458068740446,1,6.684118247292825e-05,8.415377507803193e-05,1,1
287,3,0.08665214488142309,0.08614820693689938,0,18.34048619441721,0.5393039418581743,0.6586683912290036,109.85254058112625,1.0985254058112626,0.0,47.50615314193608,0.2121778127648966,20368.756931452142,82599.49335739516,21293.896266657204,3421.376409804943,8930.276404842454,0.7915639905358984,0.7915639905358978,57.74553715089886,49942.2544628491,49.176721324080724,6490.869342789528,1,9.840908442346404e-05,8.183505675499575e-05,1,1
288,3,0.08569145678511461,0.08439186683244092,0,18.722183301586064,0.5396068174931496,0.6584766977891459,63.38343243917277,0.6338343243917277,0.0,47.14849375731284,0.2121778127648966,20347.37471598384,82589.67919901398,21419.13855250905,3401.4343891606095,8890.276404842454,0.7344703221896373,0.7344703221896379,57.74553715089886,49942.2544628491,49.176721324080724,6500.825434461616,1,5.703618610071415e-05,7.409548433236881e-05,1,1
289,3,0.0892017290774352,0.09066652916035557,0,17.426497017499855,0.5706816091012131,0.6388091081637892,94.36549587855733,0.9436549587855733,0.0,47.00025769020937,0.2121778127648966,20329.636541676635,82577.38988767163,21589.74464060071,3374.635736579897,8930.276404842454,0.7760531934501882,0.7760531934501878,57.74553715089886,49942.2544628491,49.176721324080724,6513.262852246975,1,8.453534166300834e-05,7.999353739572883e-05,1,1
290,3,0.08446793935121384,0.084094253412427,0,18.78844196702882,0.5462213992288928,0.6542902536525996,59.298886625411214,0.5929888662541122,0.0,46.69120277291372,0.2121778127648966,20315.183167708245,82569.16034604129,21705.96507932529,3356.620858260641,8896.186123884952,0.6658172411995529,0.6658172411995527,57.74553715089886,49942.2544628491,49.176721324080724,6521.617758832228,1,5.332522121244961e-05,6.496558299205737e-05,1,1
291,3,0.08269872079098152,0.08231768342621149,0,19.193931780360312,0.5440090494073511,0.6556904750586385,102.01469846631664,1.0201469846631666,0.0,46.64192824702362,0.2121778127648966,20306.73341592672,82557.47630545635,21892.730084268118,3328.0710579421207,8936.186123884952,0.7482001491128253,0.7482001491128246,57.74553715089886,49942.2544628491,49.176721324080724,6533.440695766543,1,9.13272817303106e-05,7.639594820192285e-05,1,1
292,4,0.08307901612587965,0.08269278330073174,0,19.106866850205765,0.5788144869857516,0.6336617170976255,71.74589082196243,0.7174589082196243,0.0,29.96284127469916,0.37964777558032725,19276.82147707973,82547.86716859405,23043.703857020755,3307.5333934835485,8175.711611742193,0.6565847349068598,0.6565847349068596,40.87855805871097,49901.37590479039,49.176721324080724,6543.1551822938,1,7.020393500075899e-05,7.161881264783973e-05,4,1
293,4,0.08155730608555034,0.08155019863871425,0,19.374569607117156,0.573962527670016,0.6367325774240405,55.1075872994982,0.551075872994982,0.0,29.713725339092267,0.37964777558032725,19254.503602062825,82539.15025477658,23160.188584792573,3290.95106099846,7811.955385921067,0.6692144819680026,0.6692144819680022,40.87855805871097,49901.37590479039,49.176721324080724,6551.973750999855,1,5.643410345001682e-05,7.26551067270288e-05,4,1
294,4,0.07744136399249921,0.07702043361794261,0,20.514036675481982,0.549841573607903,0.651999004045631,48.809957310495754,0.48809957310495755,0.0,29.522847966729582,0.37964777558032725,19239.964032293272,82532.1554348723,23263.07515632854,3276.4424467670156,7744.390447398926,0.5699873855190634,0.5699873855190639,40.87855805871097,49901.37590479039,49.176721324080724,6559.053634535761,1,5.042096742618584e-05,5.9019668625653886e-05,4,1
295,4,0.08155268456376714,0.08269555952408712,0,19.10622540185832,0.5855407316642013,0.6294046002125309,69.2924174096879,0.692924174096879,0.0,29.518382234574112,0.37964777558032725,19225.018026825564,82523.08165342071,23393.65992628427,3258.211881072698,7324.426272770687,0.5912772684004939,0.5912772684004943,40.87855805871097,49901.37590479039,49.176721324080724,6568.209824561023,1,7.568365338570164e-05,6.0846241420634765e-05,4,1
296,4,0.07991920063521374,0.07854242048410898,0,20.116517803518317,0.5851102645880638,0.6296770477290735,122.75804659637404,1.2275804659637404,0.0,29.69811008668211,0.37964777558032725,19221.173024920427,82510.0768718597,23623.180841205278,3226.6494771193184,7364.426272770687,0.7785370768337353,0.7785370768337345,40.87855805871097,49901.37590479039,49.176721324080724,6581.321484789201,1,0.00013335246173922443,8.648569418370398e-05,4,1
297,4,0.07932332527478587,0.07927990017506781,0,19.929389372476574,0.5860082694761489,0.6291086902049691,52.884536132833425,0.5288453613283343,0.0,29.36736345805783,0.37964777558032725,19207.16327887952,82502.8789095512,23730.104381094694,3212.157381855529,7041.132495198656,0.8071000602737607,0.8071000602737599,40.87855805871097,49901.37590479039,49.176721324080724,6588.6247520596235,1,6.008639794112139e-05,8.970750435534915e-05,4,1
298,4,0.08085397642312026,0.08088879516934629,0,19.532989664293563,0.605302248944649,0.6168973107945259,81.53802131118944,0.8153802131118945,0.0,29.239372521657316,0.37964777558032725,19195.546594786996,82493.12984878024,23888.45189645273,3190.928713362921,7081.132495198656,0.8455721346939101,0.8455721346939102,40.87855805871097,49901.37590479039,49.176721324080724,6598.48316219284,1,9.211862239999164e-05,9.518582736011247e-05,4,1
299,4,0.07956935048583938,0.08018756469666302,0,19.703803276441832,0.6003113969660581,0.6200560778695835,50.72184235321525,0.5072184235321525,0.0,29.04329062243792,0.37964777558032725,19182.087431767744,82486.26286208522,23981.20946142963,3178.6324070384267,6812.567252204269,0.6709079485263489,0.6709079485263494,40.87855805871097,49901.37590479039,49.176721324080724,6605.433037324752,1,5.9562676419000466e-05,7.058923225337117e-05,4,1
300,4,0.07617048545662297,0.07648458646343843,0,20.657756981601516,0.5793967341712313,0.6332932062207396,41.01708819317342,0.41017088193173423,0.0,28.80117299394095,0.37964777558032725,19160.809999037705,82479.34847375377,24079.808247150904,3165.6558895028543,6646.797919211917,0.6473768583632283,0.6473768583632282,40.87855805871097,49901.37590479039,49.176721324080724,6612.424859299137,1,4.936763679800472e-05,6.701631187233228e-05,4,1
301,4,0.07658696084715078,0.07613177296772311,0,20.753490144907804,0.5903401839524312,0.6263669721820057,83.98313968532152,0.8398313968532152,0.0,28.879702118733576,0.37964777558032725,19151.620363507842,82469.647934509,24240.232326066496,3144.772750607616,6686.797919211917,0.667196583535014,0.6671965835350134,40.87855805871097,49901.37590479039,49.176721324080724,6622.204425982574,1,0.00010047636037455666,6.980222453052062e-05,4,1
302,4,0.07884398873548276,0.07912130129902457,0,19.969337890799814,0.613154179633854,0.6119277344089532,56.419917001626466,0.5641991700162646,0.0,28.732233605456457,0.37964777558032725,19142.566688056977,82462.82784409712,24348.190937641324,3130.8740212178495,6647.816562542405,0.6875887277650581,0.6875887277650579,40.87855805871097,49901.37590479039,49.176721324080724,6629.104905827319,1,6.789587705476531e-05,7.257995807577557e-05,4,1
303,4,0.08011003610939732,0.08025944641160178,0,19.68615621763877,0.6284988193217984,0.6022159371381023,54.82593616561985,0.5482593616561985,0.0,28.532905787504166,0.37964777558032725,19130.45555732299,82455.80968598746,24455.58214552551,3117.1698474604145,6687.816562542405,0.7250148574043582,0.7250148574043572,40.87855805871097,49901.37590479039,49.176721324080724,6636.207618776741,1,6.55830621583646e-05,7.79850998625622e-05,4,1
304,4,0.07485866387896997,0.07478327556825984,0,21.12771857068263,0.5939294048268141,0.6240953134007505,66.28327440174516,0.6628327440174516,0.0,28.477387378394596,0.37964777558032725,19115.48019244744,82447.2332756253,24593.45502182957,3099.750859512569,6727.816562542405,0.671083319449435,0.671083319449435,40.87855805871097,49901.37590479039,49.176721324080724,6644.861806325341,1,7.881698174802445e-05,7.076530698705144e-05,4,1
305,4,0.07629057659845812,0.07702372177338612,0,20.513160927857616,0.6099169097557764,0.6139766393950783,47.70168291710385,0.47701682917103855,0.0,28.31839127068388,0.37964777558032725,19103.613946208672,82440.97120579999,24687.43313337579,3087.9919516172768,6123.607562452726,0.6718077629393495,0.6718077629393491,40.87855805871097,49901.37590479039,49.176721324080724,6651.194270662263,1,6.231840617558792e-05,6.890615002732565e-05,4,1
306,4,0.07678803091225389,0.07635014081929434,0,20.694133410173364,0.6200965080559522,0.6075338556607898,59.658635069923335,0.5965863506992334,0.0,28.242982153355612,0.37964777558032725,19086.038591085166,82432.80421034724,24812.0387434139,3072.5339899082173,5987.372616586751,0.7095706133176235,0.7095706133176234,40.87855805871097,49901.37590479039,49.176721324080724,6659.433184699769,1,7.971260703521501e-05,7.361599831960913e-05,4,1
307,4,0.0768890396121467,0.07526453690107608,0,20.992622356484734,0.6265429284212086,0.6034538427713869,49.04427131452829,0.49044271314528287,0.0,28.109196618498427,0.37964777558032725,19064.416350397965,82425.23268480216,24924.46931002367,3058.7185987705952,5883.354412183115,0.6822728886157136,0.6822728886157133,40.87855805871097,49901.37590479039,49.176721324080724,6667.072085952469,1,6.668885520541622e-05,6.957328947207305e-05,4,1
308,4,0.07811678077748051,0.0766604636947618,0,20.610363202224686,0.6483065836804212,0.589679377417455,122.76464636594169,1.2276464636594169,0.0,28.309627046619827,0.37964777558032725,19056.014406314913,82411.8726751883,25154.010561615276,3030.8967673305942,5781.602998243852,0.9483146217146213,0.9483146217146207,40.87855805871097,49901.37590479039,49.176721324080724,6680.52224181791,1,0.00016986935478375967,0.00010542360567479697,4,1
309,4,0.08044162457608112,0.0799941492660373,0,19.751444505589767,0.6855306666405343,0.5661198312401682,214.17008132737237,2.1417008132737236,0.0,28.76457079876358,0.37964777558032725,19051.064279183403,82389.88333448014,25490.21841003921,2991.076372631299,5331.360355601719,1.5545654485923561,1.5545654485923561,40.87855805871097,49901.37590479039,49.176721324080724,6702.644207946407,1,0.0003213740089466532,0.000185977406311943,4,1
310,4,0.07923103070400217,0.07969724907081228,0,19.82502556137345,0.6818781387882767,0.5684315577289388,63.76053566371928,0.6376053566371929,0.0,28.19047981361852,0.37964777558032725,19034.93610883948,82381.73335181709,25615.906882014613,2976.4478273000386,4898.052047522004,1.6588405757896534,1.658840575789652,40.87855805871097,49901.37590479039,49.176721324080724,6710.923487602791,1,0.00010414023378290017,0.00019846119917110434,4,1
311,4,0.07782229722813283,0.07969724907081228,1,19.82502556137345,0.676840785569706,0.5716197559685405,82.83236128805069,0.8283236128805069,0.0,27.860963836312386,0.37964777558032725,19035.930285829934,82373.64929429482,25751.3137879424,2960.85348038439,4734.590789774832,1.5907764710646422,1.5907764710646402,40.87855805871097,49901.37590479039,49.176721324080724,6719.126034349029,1,0.00013996117504717242,0.00018849180592557524,4,1
312,4,0.07807156852721023,0.07774348288430004,0,20.32324693185407,0.6881921363039178,0.5644353567696723,100.71294432185819,1.007129443218582,0.0,27.920676524244897,0.37964777558032725,19031.775655529527,82363.14485085613,25925.181625715795,2941.067598858176,4694.590789774832,1.2286786537990444,1.2286786537990437,40.87855805871097,49901.37590479039,49.176721324080724,6729.719845177972,1,0.00017162380932748131,0.00013857507271918464,4,1
313,4,0.07944100742242606,0.07860605419642831,0,20.100232942004,0.706375528200862,0.5529268808855304,60.02537174262592,0.6002537174262592,0.0,27.686744155513377,0.37964777558032725,19024.04499485282,82356.33949853382,26038.25966936689,2928.3369781081096,4278.06486315139,1.2675466098198724,1.2675466098198713,40.87855805871097,49901.37590479039,49.176721324080724,6736.608637828481,1,0.00011224770762060654,0.00014127756399842008,4,1
314,4,0.08096364665591466,0.07977541560999477,0,19.805600358439847,0.7267582481900124,0.5400264251961947,74.59563580677981,0.7459563580677981,0.0,27.604802004688466,0.37964777558032725,19015.04520221267,82347.95380894939,26161.975280379665,2914.544042254383,3999.6596407373095,1.3057322655112895,1.3057322655112886,40.87855805871097,49901.37590479039,49.176721324080724,6745.073855992204,1,0.0001492039673516392,0.0001443584947665757,4,1
315,4,0.08201270901389456,0.08215473841440903,0,19.232000861959847,0.7470860450707633,0.5271607309678714,110.9043084863046,1.109043084863046,0.0,27.72093202773329,0.37964777558032725,19006.771402945596,82336.08275100705,26355.459312885127,2893.2177622866075,4039.6596407373095,1.4211046139050483,1.4211046139050483,40.87855805871097,49901.37590479039,49.176721324080724,6757.030953662996,1,0.0002196309953797248,0.00016036089011732353,4,1
316,4,0.08287218958574165,0.08244519101699277,0,19.164246944061862,0.7630285507701197,0.5170705374872661,74.56140675134057,0.7456140675134058,0.0,27.525413456796777,0.37964777558032725,18988.067906311935,82326.72557966487,26496.936154929015,2877.8203833346784,3999.097940901241,1.5116718251422723,1.5116718251422716,40.87855805871097,49901.37590479039,49.176721324080724,6766.477926482474,1,0.00014915645048600604,0.00017266380440579,4,1
317,4,0.07845421426664288,0.07899379932784341,0,20.00156991364116,0.7320465665940186,0.5366793882316339,98.48475946891506,0.9848475946891506,0.0,27.529862662054555,0.37964777558032725,18989.821138954867,82317.17506383127,26674.43465044531,2858.7277189815577,3515.6181478497556,1.728533907902598,1.7285339079025974,40.87855805871097,49901.37590479039,49.176721324080724,6776.117415648009,1,0.0002241079783460577,0.00019763180807059617,4,1
318,4,0.07570290247205572,0.07458879562734973,0,21.18280616694468,0.7127692954327669,0.5488801927640716,65.11590616594752,0.6511590616594752,0.0,27.3430474911492,0.37964777558032725,18982.000956453227,82309.89645896039,26795.123383205373,2845.897859522534,3446.7188995711604,1.5656007244605932,1.5656007244605914,40.87855805871097,49901.37590479039,49.176721324080724,6783.4744137695725,1,0.00015113714361574243,0.0001748005241492687,4,1
319,4,0.07407280313578299,0.0751928514002758,0,21.012635783542112,0.7072246301248855,0.5523894746045029,97.2325175518561,0.9723251755185611,0.0,27.3421573735062,0.37964777558032725,18971.699547687687,82299.17931210234,26983.098481468154,2826.1370668867853,3446.7188995711604,1.751801863186046,1.7518018631860472,40.87855805871097,49901.37590479039,49.176721324080724,6794.277959449183,1,0.00022568134016140106,0.00020030882070773371,4,1
320,4,0.07878188843701882,0.07712792605521465,0,20.485446462918027,0.7627615978426066,0.5172394950363249,96.46905953100726,0.9646905953100726,0.0,27.343845632644115,0.37964777558032725,18963.13200149549,82288.7671809882,27172.417469078686,2806.505161858953,3376.3945788346236,1.7687156444184307,1.7687156444184287,40.87855805871097,49901.37590479039,49.176721324080724,6804.774357593888,1,0.00022857295207316428,0.0002017971452834359,4,1
321,4,0.07966502997722294,0.07963895653722516,0,19.83953668782024,0.7798384765968865,0.5064313439260212,86.47312907113403,0.8647312907113403,0.0,27.194032840772326,0.37964777558032725,18960.180551484493,82279.9741109686,27322.441679544987,2791.14611650154,3416.3945788346236,1.8886122750551937,1.8886122750551921,40.87855805871097,49901.37590479039,49.176721324080724,6813.657550331469,1,0.0002024897934374574,0.00021891469522400758,4,1
322,4,0.07914852056969215,0.08098022360646207,0,19.5109364933134,0.7813467920563257,0.5054767138884014,64.11762195068339,0.6411762195068339,0.0,26.935280864985753,0.37964777558032725,18951.71962829623,82272.85112267401,27438.13587575943,2779.4161105354624,3456.3945788346236,1.6944747302374887,1.6944747302374903,40.87855805871097,49901.37590479039,49.176721324080724,6820.861714839018,1,0.00014840347764299904,0.00019315540771787357,4,1
323,4,0.08028032407824322,0.07928661988127902,0,19.927700315208746,0.8042535116651807,0.49097879008532874,104.25013584305533,1.0425013584305534,0.0,27.000286175992574,0.37964777558032725,18938.02715290845,82261.23878904995,27640.81165356536,2759.0968334592835,3416.3945788346236,1.7363241572424393,1.7363241572424395,40.87855805871097,49901.37590479039,49.176721324080724,6832.554914400807,1,0.00024411731944292314,0.00019833686350779318,4,1
324,4,0.08221145547448941,0.08180012892731747,0,19.315372979471586,0.8319987125890801,0.47341853633602526,81.77987776117301,0.8177987776117301,0.0,26.889893997315845,0.37964777558032725,18932.95391543039,82252.74520199659,27781.62942406036,2745.1583227784913,3456.3945788346236,1.6996851453548059,1.6996851453548054,40.87855805871097,49901.37590479039,49.176721324080724,6841.12786012326,1,0.00018928366167903515,0.0001939348195883191,4,1
325,4,0.08152771463098935,0.08118007583053104,0,19.46290372157767,0.830432230089873,0.47440998095577663,47.17326350252048,0.4717326350252048,0.0,26.525390350983077,0.37964777558032725,18927.251778892507,82247.60468300892,27871.742843870048,2736.309375416988,3496.3945788346236,1.5941599833015336,1.5941599833015332,40.87855805871097,49901.37590479039,49.176721324080724,6846.343306389002,1,0.00010793578914252569,0.00018044559008816136,4,1
326,4,0.08435125671281193,0.0847705192253664,0,18.638555177413696,0.8689836613528382,0.4500103409159252,88.897071264179,0.8889707126417901,0.0,26.564708580065478,0.37964777558032725,18921.29260774855,82238.3613663192,28030.340746743597,2720.873329649559,3496.3945788346236,1.4954985272842267,1.495498527284227,40.87855805871097,49901.37590479039,49.176721324080724,6855.655947351687,1,0.0002034028351429583,0.00016687409532150637,4,1
327,4,0.08840065552551178,0.08728301111227307,0,18.102033601563413,0.9209343539874628,0.4171301557041375,87.93355342696533,0.8793355342696534,0.0,26.57760552390388,0.37964777558032725,18909.007672722368,82228.64241382097,28187.631308390064,2705.735837287533,3536.3945788346236,1.5159494031883736,1.5159494031883753,40.87855805871097,49901.37590479039,49.176721324080724,6865.445198617171,1,0.00019892249344176475,0.00017008703924241623,4,1
328,4,0.0862515215389334,0.08594354175575958,0,18.384162064092674,0.9068316362861774,0.4260559264011536,88.12942652799924,0.8812942652799924,0.0,26.58956236168502,0.37964777558032725,18899.18739337867,82219.14444510586,28317.583907267053,2693.371735806332,2751.6771097496253,1.95516183339349,1.9551618333934915,40.87855805871097,49901.37590479039,49.176721324080724,6875.013070761506,1,0.0002562202555401368,0.0002195151947082866,4,1
329,4,0.08418054876927969,0.0841432876087022,0,18.777493070482244,0.8925753354404873,0.4350789016199448,60.808739188810556,0.6080873918881056,0.0,26.387642975296256,0.37964777558032725,18883.79075634736,82211.7982901753,28437.77193694725,2682.0226286517814,2791.6771097496253,1.87654723818692,1.876547238186922,40.87855805871097,49901.37590479039,49.176721324080724,6882.42681488336,1,0.0001742572276039882,0.0002097999921952966,4,1
330,4,0.08283418156630781,0.08339633647371635,0,18.945676354715673,0.8872759495628646,0.43843294331464266,83.98698091903154,0.8398698091903154,0.0,26.339094436567883,0.37964777558032725,18876.33628274833,82202.93760748838,28582.96528680254,2668.444397075055,2831.6771097496253,1.9643806476118786,1.9643806476118804,40.87855805871097,49901.37590479039,49.176721324080724,6891.3584654911665,1,0.0002372784118072208,0.00022258529831711526,4,1
331,4,0.06196134435791302,0.061199183817520576,0,25.81733777220188,0.6743961871585551,0.5731669701528133,101.54494531722366,1.0154494531722367,0.0,26.402573923520556,0.37964777558032725,18872.545040958463,82192.42829123556,28812.805626990226,2647.2275575778485,2831.6771097496253,2.039811172472965,2.0398111724729633,40.87855805871097,49901.37590479039,49.176721324080724,6901.940256835356,1,0.00028688283693814853,0.00023280615878311917,4,1
332,4,0.06422236366438171,0.0648753886389365,0,24.35438204144685,0.7086500045715126,0.5514873388787895,98.63863933444891,0.9863863933444891,0.0,26.350954716792227,0.37964777558032725,18869.94255312469,82182.40531675046,29011.259978609018,2629.184613968532,2831.6771097496253,2.2932217452505093,2.2932217452505106,40.87855805871097,49901.37590479039,49.176721324080724,6912.043653571899,1,0.0002786719968737409,0.0002676110818730368,4,1
333,4,0.06488161068026879,0.06554290887987294,0,24.106345400321256,0.7228064121800691,0.5425275872278044,61.42363501381502,0.6142363501381503,0.0,26.051068760414356,0.37964777558032725,18865.417997526783,82175.94082759097,29150.575835388343,2616.656798537281,2791.6771097496253,2.1451038139421543,2.1451038139421525,40.87855805871097,49901.37590479039,49.176721324080724,6918.581707843759,1,0.00017601931054074912,0.0002471913814508795,4,1
334,4,0.06679850145727138,0.06703879327628773,0,23.568443326363713,0.755242047209526,0.5219987042977684,98.00335470477259,0.9800335470477259,0.0,26.09287138108032,0.37964777558032725,18860.624796883087,82165.83732904264,29367.128153603324,2597.419145308948,2635.0839992569386,2.1918414231308216,2.19184142313082,40.87855805871097,49901.37590479039,49.176721324080724,6928.75497947462,1,0.0002975339070250765,0.0002507417381465222,4,1
335,4,0.06326556402016693,0.06417260935811864,0,24.62109638058703,0.7202295981155342,0.5441584822053581,51.37265799527403,0.5137265799527403,0.0,25.854753316012253,0.37964777558032725,18856.5788340884,82160.41300339137,29468.400124372558,2588.528657414776,2579.6411029570204,1.9058102453030312,1.9058102453030332,40.87855805871097,49901.37590479039,49.176721324080724,6934.238402388665,1,0.00015931722575326002,0.00021095681443969523,4,1
336,4,0.06332293347283548,0.06325715314878005,0,24.977412377124516,0.7257737073908306,0.5406495522842845,40.75242930774221,0.4075242930774221,0.0,25.57026285263827,0.37964777558032725,18840.06389140281,82154.95842043174,29568.376769605722,2579.8073642163636,2579.6411029570204,1.7810000709637748,1.7810000709637765,40.87855805871097,49901.37590479039,49.176721324080724,6939.747865485294,1,0.00012638170251211473,0.0001944109450968171,4,1
337,4,0.06475341846698776,0.06446245145137404,0,24.510392708099868,0.7477346813029154,0.5267502017070156,50.515152407397316,0.5051515240739731,0.0,25.4874807543523,0.37964777558032725,18829.684176846826,82149.07170443286,29679.237270811693,2570.20587493565,2619.6411029570204,1.4257033423517096,1.4257033423517083,40.87855805871097,49901.37590479039,49.176721324080724,6945.67880204473,1,0.0001542658720704188,0.00014665493344526452,4,1
338,4,0.06357187770763809,0.06397116079096449,0,24.698629514679133,0.7419992717679895,0.5303802077417789,80.25282921451937,0.8025282921451937,0.0,25.558549035978167,0.37964777558032725,18830.586300014642,82141.20403832052,29838.97097309557,2556.4976756695905,2659.6411029570204,1.6210590283858002,1.6210590283857986,40.87855805871097,49901.37590479039,49.176721324080724,6953.596905307211,1,0.00024139446220858393,0.00017401401226370582,4,1
339,4,0.06318096500770881,0.06283154309255586,0,25.146605068612345,0.7497579059353562,0.5254696797877493,118.94708742619237,1.1894708742619238,0.0,25.708171011470146,0.37964777558032725,18825.593077444886,82128.99972248945,30087.6740122431,2535.442792776342,2699.6411029570204,2.1680638945162665,2.168063894516269,40.87855805871097,49901.37590479039,49.176721324080724,6965.868547160468,1,0.00035248266829514507,0.00024938100085804927,4,1
340,4,0.06446568344625435,0.06406065112255947,0,24.664126453806688,0.7777846934152277,0.507731206699223,111.13744873088368,1.1113744873088367,0.0,25.685317364776402,0.37964777558032725,18824.970707220105,82117.99226016442,30338.353087609175,2514.5553557228377,2739.6411029570204,2.5769973630676763,2.5769973630676763,40.87855805871097,49901.37590479039,49.176721324080724,6976.955963272587,1,0.0003245314099308203,0.00030613618014484976,4,1
341,4,0.06775542321245179,0.06814247290343424,0,23.186713552926715,0.8298975442576094,0.4747483897103738,114.83525017124539,1.1483525017124538,0.0,25.61724430487291,0.37964777558032725,18822.000050691775,82106.51025660815,30568.37172206018,2495.697182471498,2699.6411029570204,2.8218122001754584,2.8218122001754584,40.87855805871097,49901.37590479039,49.176721324080724,6988.522963497629,1,0.0003402978271310566,0.0003391039684523406,4,1
342,4,0.06836438205848577,0.0671849269967838,0,23.51717968043094,0.8425515896579929,0.4667395002164602,51.24537036238324,0.5124537036238325,0.0,25.18969451876328,0.37964777558032725,18811.492466625357,82100.67229493795,30663.271314399073,2488.008593220389,2699.6411029570204,2.327845678264648,2.3278456782646453,40.87855805871097,49901.37590479039,49.176721324080724,6994.430751578715,1,0.00015185832014856266,0.00027222918573681316,4,1
343,4,0.06805324561661975,0.0681047276779612,0,23.199564169335787,0.8500879129338337,0.46196967535833316,110.94780325815054,1.1094780325815055,0.0,25.258736892703457,0.37964777558032725,18810.49255241191,82089.73799769304,30870.823719021748,2471.3441009735634,2699.6411029570204,2.3391123630520774,2.339112363052077,40.87855805871097,49901.37590479039,49.176721324080724,7005.434087510514,1,0.0003287779346273108,0.0002736446939689767,4,1
344,4,0.07206173952285562,0.07281172010361428,0,21.699803242549283,0.9066007111657186,0.42620208154068445,61.41399510500137,0.6141399510500137,0.0,25.111888248358742,0.37964777558032725,18797.787024099474,82082.77335300935,30981.3021748533,2462.568691935501,2363.428013867885,2.063211864478273,2.0632118644782707,40.87855805871097,49901.37590479039,49.176721324080724,7012.451739213267,1,0.00020788107695988205,0.00022950577724525185,4,1
345,4,0.06846525993565764,0.06889657155401885,0,22.93292633235298,0.870151074703647,0.4492714717065525,76.24529701693683,0.7624529701693683,0.0,25.008117445846604,0.37964777558032725,18789.910111040826,82074.725438009,31139.37711023308,2450.109653444573,2363.428013867885,2.3200911536558677,2.3200911536558673,40.87855805871097,49901.37590479039,49.176721324080724,7020.558635713853,1,0.0002580837548494893,0.00026491425547889405,4,1
346,4,0.06988899419722149,0.07063005773675789,0,22.370079405693637,0.89405141177734,0.4341446760902911,53.117942642368504,0.5311794264236851,0.0,24.81949441909196,0.37964777558032725,18789.073039603816,82069.50640972142,31241.147463335168,2442.155277669135,2403.428013867885,1.941003544279471,1.9410035442794726,40.87855805871097,49901.37590479039,49.176721324080724,7025.8275542317315,1,0.00017680726807168978,0.00021425736662702036,4,1
347,4,0.06996104673499372,0.07061797623749272,0,22.373906534596237,0.9036644038176391,0.42806050391288664,77.25734239328447,0.7725734239328448,0.0,24.803260425417488,0.37964777558032725,18775.66548439965,82060.9597742504,31392.762403072542,2430.4050357007563,2363.428013867885,2.077627807255765,2.0776278072557623,40.87855805871097,49901.37590479039,49.176721324080724,7034.426131614919,1,0.00026150944116752996,0.00023213348802956967,4,1
348,4,0.06721886444307823,0.0668112037754297,0,23.648728217961793,0.8771406631878292,0.44484768152669035,84.23922920171863,0.8423922920171864,0.0,24.830963255163166,0.37964777558032725,18773.368349618053,82052.56038050214,31553.486244002055,2418.072269997957,2323.428013867885,2.1624458654141554,2.162445865414154,40.87855805871097,49901.37590479039,49.176721324080724,7042.878117842807,1,0.0002900515228323615,0.00024278941069052706,4,1
349,4,0.062300367276724875,0.061756082654212376,0,25.584524343080698,0.8203154020795158,0.4808130366585343,62.502233222365085,0.6250223322236509,0.0,24.64470806494151,0.37964777558032725,18767.290106124106,82045.97683435236,31696.164487220834,2407.2237139659724,2320.000000000023,2.2543049482182913,2.254304948218292,40.87855805871097,49901.37590479039,49.176721324080724,7049.515995439059,1,0.00021552494214608435,0.0002556953020486586,4,1
350,4,0.06258350154896228,0.06289026766850812,0,25.123124110841946,0.82849745390055,0.4756345228477532,46.07713420938641,0.4607713420938641,0.0,24.40591450128575,0.37964777558032725,18762.25138610695,82041.10009422428,31781.91009683058,2400.7596045222513,2280.000000000023,2.014351894564353,2.01435189456435,40.87855805871097,49901.37590479039,49.176721324080724,7054.440216862051,1,0.00016167415512065246,0.0002224168733663661,4,1
351,4,0.05994302756191872,0.060204050127161506,0,26.244081530441278,0.7994074444007458,0.49404592126535074,47.96442925291397,0.47964429252913976,0.0,24.281915529055695,0.37964777558032725,18752.861930392944,82035.69166752807,31899.34390319825,2391.9507682717704,2240.000000000023,1.7303500085278885,1.7303500085278867,40.87855805871097,49901.37590479039,49.176721324080724,7059.88839352626,1,0.00017130153304611956,0.00018283354343761877,4,1
352,4,0.06284663576474038,0.06241773785082398,0,25.31331724607098,0.8489018925449603,0.4627203211740758,110.38664431555848,1.103866443155585,0.0,24.46816167817091,0.37964777558032725,18757.535819369103,82025.21041165249,32104.113147258493,2376.7593443183514,2240.000000000023,2.168253301293347,2.168253301293347,40.87855805871097,49901.37590479039,49.176721324080724,7070.418710348099,1,0.00039423801541270485,0.00024240456785982564,4,1
353,4,0.06158388560643246,0.06135709187180252,0,25.750894506232463,0.8426789183731987,0.4666589124220261,90.41284619261657,0.9041284619261657,0.0,24.443193050292802,0.37964777558032725,18749.813292569495,82015.79431905357,32312.842877763844,2361.4574614545436,2280.000000000023,2.539397675614689,2.5393976756146874,40.87855805871097,49901.37590479039,49.176721324080724,7079.892618618315,1,0.0003172380568161953,0.0002942592017583399,4,1
354,4,0.06368030049977506,0.0635286312308142,0,24.87067593601214,0.8816583574332877,0.44198838137133695,89.38571406655697,0.8938571406655698,0.0,24.291962123620742,0.37964777558032725,18748.1306012802,82006.96363395553,32503.45839842844,2347.655393546789,2320.000000000023,2.863456079495972,2.8634560794959736,40.87855805871097,49901.37590479039,49.176721324080724,7088.788908424899,1,0.0003082266002295038,0.000339900890819468,4,1
355,4,0.06290809048953169,0.06353646980121128,0,24.86760761092645,0.8769630180801106,0.44496011513917055,46.53974198499358,0.4653974198499358,0.0,23.949835595017525,0.37964777558032725,18735.263880002753,82001.52936354927,32615.334880167986,2339.6293751130083,2360.000000000023,2.2762617289775857,2.276261728977584,40.87855805871097,49901.37590479039,49.176721324080724,7094.275940488372,1,0.00015776183723726484,0.0002610754980943213,4,1
356,4,0.06581297503990935,0.06631859900334584,0,23.824387483220015,0.9295479046719834,0.41167854134684595,105.15950229749409,1.051595022974941,0.0,24.054427779994914,0.37964777558032725,18732.49484437405,81991.11537331658,32829.889595224646,2324.3909148027587,2280.000000000023,2.4168401066198717,2.4168401066198695,40.87855805871097,49901.37590479039,49.176721324080724,7104.743197341573,1,0.000368980709815765,0.0002783230490941779,4,1
357,4,0.06305202610363662,0.06412647584602786,0,24.63880915261413,0.8995109121728224,0.4306892960931504,79.94107675485796,0.7994107675485796,0.0,23.992931166418717,0.37964777558032725,18723.09059777078,81982.68666071042,32994.92481205651,2312.8089191402823,2320.000000000023,2.3299851468529607,2.329985146852959,40.87855805871097,49901.37590479039,49.176721324080724,7113.223696052862,1,0.00027565888536157645,0.0002674671441382021,4,1
358,4,0.06289178486840419,0.06216483073719281,0,25.416300201629866,0.9072821169623001,0.42577081204917716,77.31226215432221,0.7731226215432221,0.0,23.816644944291948,0.37964777558032725,18716.976085342656,81974.74392810451,33179.61110572617,2299.9736517074475,2360.000000000023,2.5746906323344,2.5746906323344008,40.87855805871097,49901.37590479039,49.176721324080724,7121.224029949047,1,0.00026207546492990324,0.0003022383533690816,4,1
359,4,0.06187424183080061,0.0611826125895555,0,25.824330363259484,0.9037714057849769,0.4279927811487488,109.00370686802329,1.090037068680233,0.0,23.89453460597288,0.37964777558032725,18716.968288407814,81964.11375628716,33386.994026969536,2285.749393270468,2360.000000000023,2.5771688428344808,2.5771688428344794,40.87855805871097,49901.37590479039,49.176721324080724,7131.9110645798455,1,0.0003695040910780414,0.00030241281378984037,4,1
360,4,0.061185559800097856,0.06136009371058915,0,25.749634729246402,0.9032552428438757,0.4283194665545091,72.64965573425158,0.7264965573425158,0.0,23.693406322447128,0.37964777558032725,18708.93721236883,81956.51170013743,33565.042413259354,2273.660657981118,2400.000000000023,2.4864502372843567,2.486450237284358,40.87855805871097,49901.37590479039,49.176721324080724,7139.568410228412,1,0.00024216551911416962,0.0002912483583740381,4,1
361,4,0.0614875160648902,0.062313829784462975,0,25.355527103133525,0.9168350423474508,0.41972465674211973,70.6182539943195,0.706182539943195,0.0,23.505522466815567,0.37964777558032725,18704.611618562427,81949.37334316867,33733.53129586277,2262.3383178822555,2360.000000000023,2.434435704488123,2.4344357044881226,40.87855805871097,49901.37590479039,49.176721324080724,7146.759466379463,1,0.0002393839118451485,0.0002836845073457865,4,1
362,4,0.06229890756951766,0.06262441259389538,0,25.22977756687203,0.9413827440797875,0.40418813665836234,111.51728438268789,1.1151728438268789,0.0,23.616308848844017,0.37964777558032725,18701.061733606308,81938.3084048421,33959.25779417474,2247.358660176804,2400.000000000023,2.435464063514521,2.435464063514522,40.87855805871097,49901.37590479039,49.176721324080724,7157.877217657778,1,0.00037172428127562273,0.0002844245707449803,4,1
363,4,0.06350434206831916,0.06350074598355944,0,24.881597460430896,0.966939368202447,0.38801305809971715,66.62640446167687,0.6662640446167687,0.0,23.39782821011848,0.37964777558032725,18691.781370735313,81931.26014500196,34089.20227817542,2238.829479384826,2400.000000000023,2.3832860768119124,2.38328607681191,40.87855805871097,49901.37590479039,49.176721324080724,7164.9768666129485,1,0.00022208801487225412,0.0002777320693310085,4,1
364,4,0.06206356230408732,0.06172470175637938,0,25.59753153990256,0.9499433928753039,0.39877000450930133,45.251257315057515,0.45251257315057514,0.0,23.07755926895944,0.37964777558032725,18687.445520675978,81926.60686930716,34178.41584977495,2233.0112062013795,2360.000000000023,2.1751220911279634,2.175122091127965,40.87855805871097,49901.37590479039,49.176721324080724,7169.676059301934,1,0.00015339409259341381,0.0002490687962470969,4,1
365,5,0.057368927867922664,0.056618710007326885,0,27.905969595484184,0.9154537405900244,0.4205988983607441,108.6034055757011,1.086034055757011,0.0,0.1672994862587243,-4.789339326252676,17754.166925000158,81916.04391068628,35368.84210470265,2216.466503450915,2400.000000000023,1.7971117641895415,1.7971117641895438,12.00000000000012,49889.37590479039,49.176721324080724,7180.275880941223,1,0.00036201135191900015,0.0002458311531282227,7,0
366,5,0.05446071685716476,0.05413907507108152,0,29.184096660786135,0.8758883856208735,0.44564026226527,59.723238595330876,0.5972323859533087,0.0,0.12299110137427299,-4.789339326252676,17754.05937649488,81910.20446843642,35508.061924828304,2207.8092807041585,2280.000000000023,1.766039894449179,1.7660398944491797,12.00000000000012,49889.37590479039,49.176721324080724,7186.149540108813,1,0.00020955522314150971,0.00024165355588464123,7,0
367,5,0.05271606110178854,0.05413907507108152,1,29.184096660786135,0.8578785942341641,0.4570388644087569,91.7271983651802,0.9172719836518021,0.0,0.1966682803956942,-4.789339326252676,17756.19591217975,81901.37538557214,35718.28625342062,2194.8646035018523,2320.000000000023,2.1635711316745123,2.1635711316745105,12.00000000000012,49889.37590479039,49.176721324080724,7195.020741104569,1,0.00031630068401785965,0.00029595575302612315,7,0
368,5,0.05276800472097184,0.053671252064953066,0,29.438478500331623,0.8673759754933779,0.4510278636117862,75.37609852369134,0.7537609852369134,0.0,0.22852850526569662,-4.789339326252676,17753.855234243274,81893.87370231238,35898.118580283626,2183.911180662941,2320.000000000023,1.9156442052817804,1.915644205281782,12.00000000000012,49889.37590479039,49.176721324080724,7202.559353281128,1,0.00025991758111617447,0.0002619244960918479,7,0
369,5,0.0514990456079086,0.05101060670765583,0,30.973950360070287,0.856457522527643,0.45793827688123867,78.94398536831837,0.7894398536831837,0.0,0.23440338218569956,-4.789339326252676,17752.849487318996,81886.08130102303,36108.622553745365,2171.2222157218202,2360.000000000023,2.056932794857091,2.0569327948570932,12.00000000000012,49889.37590479039,49.176721324080724,7210.391630925378,1,0.00026760673006209356,0.0002812749983987092,7,0
370,5,0.06703677027282506,0.06654840759957706,0,23.742115806991023,1.12368299440722,0.2888082313878355,71.08595448376137,0.7108595448376137,0.0,0.22570226926789005,-4.789339326252676,17748.898539553815,81879.14482220881,36251.49772670147,2162.6947611080727,2400.000000000023,1.8636611211360725,1.8636611211360712,12.00000000000012,49889.37590479039,49.176721324080724,7217.364566987133,1,0.00023695318161253562,0.00025482583093026787,7,0
371,5,0.06622190888701872,0.06586786181478789,0,23.98741900022139,1.1240835265176616,0.2885547300521129,115.40094438709365,1.1540094438709365,0.0,0.40964679767193257,-4.789339326252676,17748.892847532585,81868.12483511468,36480.75536656163,2149.1510203855887,2400.000000000023,2.1700223790403883,2.170022379040386,12.00000000000012,49889.37590479039,49.176721324080724,7228.426421379042,1,0.0003846698146236418,0.0002964099087660903,7,0
372,5,0.0650399267948241,0.06540476234654777,0,24.157262304973372,1.1137635020971273,0.2950863910777676,73.28005048250682,0.7328005048250682,0.0,0.3292956210999013,-4.789339326252676,17748.89273423534,81861.10024925944,36641.62351815558,2139.7437667664894,2440.000000000023,2.102180550225083,2.1021805502250808,12.00000000000012,49889.37590479039,49.176721324080724,7235.4919511086855,1,0.00024026246059838076,0.00028729515227818607,7,0
373,5,0.06639936490306773,0.06717460592586366,0,23.52079298751295,1.143738734293024,0.27611472513099744,53.64308096879687,0.5364308096879687,0.0,0.1404871874323444,-4.789339326252676,17748.37422649443,81856.28439319217,36749.51432295295,2133.4806091432993,2400.000000000023,1.957910102429356,1.957910102429359,12.00000000000012,49889.37590479039,49.176721324080724,7240.345127706562,1,0.00017881026989598786,0.00026791418170600344,7,0
374,5,0.06321095207994708,0.06323806148618505,0,24.984953094192583,1.0952924755081492,0.30677691423534864,49.88970204001086,0.49889702040010864,0.0,0.08983746833806056,-4.789339326252676,17743.74825972453,81851.22823223201,36858.80697305941,2127.176378361546,2440.000000000023,1.4191146553941683,1.419114655394169,12.00000000000012,49889.37590479039,49.176721324080724,7245.428603173337,1,0.00016357279357380455,0.00019421517468939104,7,0
375,5,0.06610041727966386,0.06582063765559835,0,24.00462919042556,1.1522425613155434,0.27073255612940295,72.50494495108734,0.7250494495108734,0.0,0.19064455986138495,-4.789339326252676,17741.04763310992,81844.66636624983,36969.66584839611,2120.8297812560204,2440.000000000023,1.414438728274893,1.414438728274894,12.00000000000012,49889.37590479039,49.176721324080724,7252.017491031475,1,0.00023772113098716934,0.00019336806481898725,7,0
376,5,0.06601212131286778,0.06634495700900621,0,23.814922357784,1.1601428620213463,0.2657323658092745,99.87465756970657,0.9987465756970657,0.0,0.3604172606211187,-4.789339326252676,17734.395797759276,81835.55881878236,37121.375214065345,2112.206008544383,2480.000000000023,1.7657487771990188,1.765748777199018,12.00000000000012,49889.37590479039,49.176721324080724,7261.159035304572,1,0.00032217631474098596,0.00024115674643398663,7,0
377,5,0.06513137943714345,0.06590582627472483,0,23.97360126271472,1.152680030375533,0.27045567697751083,76.36214920425358,0.7636214920425358,0.0,0.3335562848915002,-4.789339326252676,17731.806975359304,81828.68209208985,37251.40220700715,2104.8644444024762,2520.000000000023,1.957135891314703,1.9571358913147,12.00000000000012,49889.37590479039,49.176721324080724,7268.073841582147,1,0.0002424195212833425,0.0002674389890038326,7,0
378,5,0.06576666959548276,0.06519971386171812,0,24.233235184912274,1.1790956409922542,0.25373693608085185,138.54659246606786,1.3854659246606786,0.0,0.5558971202281243,-4.789339326252676,17733.536769389913,81817.09049572615,37493.850005307366,2091.3024859345046,2560.000000000023,2.435307124779417,2.435307124779417,12.00000000000012,49889.37590479039,49.176721324080724,7279.712888723419,1,0.0004329581014564582,0.0003325179791602622,7,0
379,5,0.06760554889976249,0.06751798117889164,0,23.40117361942037,1.2194201378757072,0.22821510261031192,70.71483455217357,0.7071483455217357,0.0,0.3801167760537898,-4.789339326252676,17724.52566947347,81811.35835317663,37607.664769620504,2084.996582078427,2600.000000000023,2.178209795439257,2.1782097954392574,12.00000000000012,49889.37590479039,49.176721324080724,7285.487972443506,1,0.00021758410631437828,0.00029765390968472635,7,0
380,5,0.0697150081315312,0.06897156088994179,0,22.90799250608831,1.26470435581392,0.19955420518106337,93.6948581052629,0.936948581052629,0.0,0.3520581511372915,-4.789339326252676,17716.79125883809,81804.83001896447,37715.96824660482,2079.0384890454943,2640.000000000023,2.278734786497021,2.27873478649702,12.00000000000012,49889.37590479039,49.176721324080724,7292.06161874638,1,0.0002839238124401881,0.00031148867340367485,7,0
381,5,0.07419293820626968,0.07410485139613215,0,21.32114119700491,1.3539019532562648,0.14310002958464255,106.83369744225185,1.0683369744225184,0.0,0.4784879545681319,-4.789339326252676,17708.3753342024,81799.37840383024,37827.54353951038,2072.924552307409,2668.3372494951623,2.006278862308647,2.006278862308647,12.00000000000012,49889.37590479039,49.176721324080724,7297.553281051142,1,0.00032030043417477104,0.00027393611764311244,7,0
382,5,0.07748964245513079,0.07410485139613215,1,21.32114119700491,1.416504915197916,0.10347790177347087,42.36663293728749,0.4236663293728749,0.0,0.17046538541269335,-4.789339326252676,17697.22029372288,81797.3853377999,37860.28346902857,2071.139886482505,2743.995667323598,1.773107141424063,1.7731071414240616,12.00000000000012,49889.37590479039,49.176721324080724,7299.582788492403,1,0.00012351807531419464,0.00024258077397638458,7,0
383,5,0.07289899644957337,0.07196858227085356,0,21.954024244269178,1.3373394406288586,0.1535826325133807,107.24479212343135,1.0724479212343137,0.0,0.316561182986362,-4.789339326252676,17685.314913927785,81791.34139000923,37927.99447208391,2067.4726627816613,2816.8909654817376,1.825195987504471,1.8251959875044699,12.00000000000012,49889.37590479039,49.176721324080724,7305.664988322225,1,0.00030457633877239016,0.00024946494942045195,7,0
384,5,0.07028463138387363,0.0718424552785028,0,21.992566844702182,1.2932139392318251,0.18151016504314868,42.5012676255592,0.425012676255592,0.0,0.16083108924690026,-4.789339326252676,17673.32112887621,81788.22619018948,37984.46958940784,2064.4105065781428,2816.8909654817376,1.3374935665158323,1.337493566515833,12.00000000000012,49889.37590479039,49.176721324080724,7308.808202065321,1,0.00012070404753714916,0.00018293282054124464,7,0
385,5,0.07347491907442295,0.07486195597954613,0,21.105513198609042,1.3560377051211776,0.1417482878979889,88.30360841296095,0.8830360841296095,0.0,0.24130262069479796,-4.789339326252676,17666.909774155436,81783.82653441653,38042.538967385866,2061.279315064825,2887.9402731368245,1.6331246288095398,1.6331246288095396,12.00000000000012,49889.37590479039,49.176721324080724,7313.242750369049,1,0.00024461339241492637,0.00022329792624148858,7,0
386,5,0.07365687612325506,0.07426803365136046,0,21.274294232927456,1.363872677636453,0.13678944453389058,59.657132921848756,0.5965713292184875,0.0,0.2353043198554463,-4.789339326252676,17658.57583385071,81780.75896349296,38105.223060385695,2057.898615193151,2895.9136497339714,1.2929270227430676,1.292927022743068,12.00000000000012,49889.37590479039,49.176721324080724,7316.337947984627,1,0.00016480362369182953,0.00017670702121463502,7,0
387,5,0.07693283455217338,0.07716089584686558,0,20.47669331283668,1.4290884823502963,0.0955136187656353,112.14158128303795,1.1214158128303795,0.0,0.40450098071976287,-4.789339326252676,17647.261151164574,81776.65519054791,38166.26703150571,2054.6237292318833,2990.2648756493168,1.7312288048365942,1.731228804836597,12.00000000000012,49889.37590479039,49.176721324080724,7320.479753052754,1,0.00030001778690909347,0.00023647826767194983,7,0
388,5,0.07728136155009999,0.07819245537717565,0,20.20655307955966,1.437779553770614,0.09001294065151019,46.079167899804396,0.46079167899804396,0.0,0.1842600834973258,-4.789339326252676,17635.9853543011,81774.7420302359,38195.795251301664,2053.042870701704,3142.486529515637,1.418650848133003,1.4186508481330038,12.00000000000012,49889.37590479039,49.176721324080724,7322.425705888555,1,0.00011730626042023291,0.00019404255700705198,7,0
389,5,0.08013061135979639,0.07981455823633728,0,19.79588730318464,1.4935554213583306,0.054711758633967995,52.73809760201919,0.5273809760201918,0.0,0.021026476619637635,-4.789339326252676,17620.433384519718,81772.99890268977,38231.27972019061,2051.1430464763926,3377.370896078939,1.31969035282881,1.31969035282881,12.00000000000012,49889.37590479039,49.176721324080724,7324.201543466088,1,0.00012492106842810086,0.00018074837191914243,7,0
390,5,0.0823726019869596,0.08262030803923563,0,19.123627561999314,1.535886663842424,0.027919833011124093,56.67682380627611,0.5667682380627611,0.0,0.05234024358246155,-4.789339326252676,17613.560529050665,81772.13655266946,38238.07844652994,2050.7828414514465,3679.2377495611636,0.8898133744987073,0.8898133744987068,12.00000000000012,49889.37590479039,49.176721324080724,7325.087873166325,1,0.00012323601281387413,0.00012182111388740264,7,0
391,5,0.08682809069707732,0.08650461220917509,0,18.26492206195241,1.6128782275169484,0.020809004757562248,46.42394122377729,0.46423941223777293,0.0,0.0,0.0,17681.987626622125,81776.10602588532,38166.27635979011,2054.6528862500563,3973.8267441333924,0.8312668117914708,0.8312668117914701,12.00000000000012,49889.37590479039,49.749692370368635,7325.087873166325,1,9.345941675451958e-05,0.00011387216599883153,7,1
392,5,0.0898032704851697,0.08945984103145158,0,17.6615560879939,1.6623471540663066,0.05211845194070035,75.61650541209103,0.7561650541209103,0.0,0.10127511460936887,0.008215039445517795,17723.21878242603,81778.39097588987,38100.01232382785,2058.2377777322777,4116.204273725737,0.885801593143055,0.8858015931430538,12.00000000000012,49889.37590479039,51.80345223174808,7325.087873166325,1,0.00014696356231834448,0.00012121966396224607,7,1
393,5,0.08720073120792296,0.08694740390168017,0,18.171905417517223,1.607214044042722,0.01722407850805189,103.0791678093083,1.030791678093083,0.0,0.26917291652500924,0.01246326126079859,17787.536947627057,81781.9249384189,38017.93791207589,2062.694758821004,4430.455768096442,1.0401590860558427,1.0401590860558423,12.00000000000012,49889.37590479039,52.86550768556828,7325.087873166325,1,0.0001861283320810068,0.00014218377038462362,7,1
394,5,0.08437349893135777,0.08404157754501744,0,18.80021825094445,1.5538647004921662,0.016541328802426508,92.25574949035104,0.9225574949035104,0.0,0.26438935928145824,0.014308376250605612,17774.573707027408,81781.11110685098,38002.85603100165,2063.5219602483185,4875.821967602698,1.1808328923292206,1.1808328923292204,12.00000000000012,49889.37590479039,53.32678643302004,7325.9677258303755,1,0.00015136852838900603,0.0001614868075961191,7,1
395,5,0.08433714351754304,0.08428332344075604,0,18.74629446844968,1.5526047942418888,0.017338737821589414,87.57852009932809,0.8757852009932809,0.0,0.1864317640838083,0.016059946652592173,17754.293746858722,81779.91036130495,37995.71880804395,2063.9189071491255,5220.416585764898,1.1491216760837661,1.1491216760837666,12.00000000000012,49889.37590479039,53.76467903351668,7327.235200496755,1,0.00013420924351231032,0.0001572353679941077,7,1
396,5,0.08712703548123844,0.08757235592045169,0,18.042223295159815,1.597973091869923,0.011375374601217101,57.49965488040342,0.5749965488040342,0.0,0.0,0.01276824095218032,17818.77686528109,81783.37820040692,37924.79688916779,2067.791467198407,5517.364375698563,0.8977793379195872,0.8977793379195872,12.00000000000012,49889.37590479039,54.0521773079187,7327.321449979076,1,8.337264094234964e-05,0.00012298347094788866,8,1
397,5,0.06910991760338363,0.06765837083272569,0,23.35261669108606,1.27221651721236,0.19479967265040507,48.659750614799485,0.48659750614799485,0.0,0.0,0.0,17799.86018577226,81779.30299222528,37995.0609432555,2063.9847821482253,5557.364375698563,0.6998975224796233,0.6998975224796224,12.00000000000012,49889.37590479039,54.0521773079187,7331.4255224061135,1,7.004723437258215e-05,9.587637294241403e-05,9,1
398,5,0.06599183885326698,0.06738417489666369,0,23.44764185987278,1.2213039235992955,0.22702283316500288,61.54410233522099,0.61544102335221,0.0,0.05587147356443318,0.0,17789.688105587247,81774.22953402485,38096.55481661657,2058.5062061486224,5597.364375698563,0.5877257899716116,0.5877257899716117,12.00000000000012,49889.37590479039,54.0521773079187,7336.523251249365,1,8.796154504776569e-05,8.046047345423248e-05,9,1
399,5,0.0986557033897735,0.09933974507145817,0,15.905013636419712,1.8179597010905266,0.15060740575349782,48.882750782125726,0.4888275078212573,0.0,0.04349409036311955,0.015212891579149191,17874.43126691199,81778.92420829533,38014.68585067376,2062.953083882874,5641.304228959984,0.5534510411056983,0.5534510411056982,12.00000000000012,49889.37590479039,57.855400202705994,7336.523251249365,1,6.932120488192514e-05,7.5776661434091e-05,9,1
400,5,0.1018540287931668,0.10054626223363913,0,15.714159481419184,1.8638031448595536,0.17962224358199588,143.61517559475837,1.4361517559475838,0.0,0.3958101045656442,0.06823933235751035,17954.97363143986,81783.80240031233,37882.06100414842,2070.1974577641276,5681.304228959984,0.8773535248520835,0.8773535248520844,12.00000000000012,49889.37590479039,71.11201039729629,7336.523251249365,1,0.0002022284599549403,0.0001198370699615437,9,1
401,5,0.0989401941463757,0.10014621804627645,0,15.776931279321,1.802889995631421,0.14106961748824112,62.04375010173461,0.6204375010173461,0.0,0.23967770522436327,0.08625561809421406,18025.603387132058,81787.81462424913,37802.65603658435,2074.559255734511,5699.73211360722,0.8742077660269609,0.8742077660269602,12.00000000000012,49889.37590479039,75.61608183147221,7336.523251249365,1,8.708304020620878e-05,0.00011954423501435809,9,1
402,5,0.09739185366857615,0.09615998308699672,0,16.430951309242236,1.7713016013733527,0.12107696289452696,103.59687133541884,1.0359687133541884,0.0,0.27871832612520814,0.11179726041851439,18065.553440661213,81790.19105192019,37766.758104418725,2076.5377144074405,5846.47081990094,1.0506720828295657,1.0506720828295668,12.00000000000012,49889.37590479039,82.0014924125473,7336.523251249365,1,0.00014175645380154196,0.00014368931798756368,9,1
403,5,0.10251014728651997,0.10065824869899034,0,15.696676828988466,1.8546392922231982,0.1738223368501254,81.39756938257949,0.8139756938257949,0.0,0.3023850575130656,0.1409655828131411,18155.95693564925,81795.35070941146,37668.02533035591,2081.9977452210965,5893.5019901925225,0.827577623495943,0.8275776234959435,12.00000000000012,49889.37590479039,89.29357301120397,7336.523251249365,1,0.00011049127600945528,0.00011311025667240201,9,1
404,5,0.10051264618856742,0.09983997807379053,0,15.825323988274928,1.8154144934025591,0.14899651481174622,40.58809190512798,0.4058809190512798,0.0,0.03578996693131453,0.1532230973560122,18191.96252995546,81797.40559296552,37636.10774963461,2083.7691865418988,5967.295303949221,0.746429258751227,0.7464292587512261,12.00000000000012,49889.37590479039,92.35795164692175,7336.523251249365,1,5.4414055062120144e-05,0.0001022205949577058,9,1
405,5,0.10103238087516482,0.10043527944288465,0,15.731523910365695,1.8149974863554788,0.14873258630093586,52.0032560116077,0.520032560116077,0.0,0.005764926796115455,0.16916154780895412,18265.87100493319,81801.68062699339,37535.021511862884,2089.3982598063494,6059.265762918158,0.568375771895746,0.5683757718957466,12.00000000000012,49889.37590479039,96.34256426015723,7336.523251249365,1,6.865948191922555e-05,7.785493766360032e-05,9,1
406,5,0.10151309439572888,0.10057221072302422,0,15.710105094053453,1.8184263172560575,0.1509027324405427,66.61859744307657,0.6661859744307657,0.0,0.1029451233394543,0.18972284526440242,18326.744394248948,81805.13487066688,37481.4847688993,2092.3924523808882,6061.0670245913825,0.5140615410300068,0.5140615410300071,12.00000000000012,49889.37590479039,101.48288862401931,7336.523251249365,1,8.792986076251849e-05,7.03344659146214e-05,9,1
407,5,0.09818910280435034,0.09873177753777315,0,16.002953045138057,1.751687878473513,0.10866321422374238,56.582890629749485,0.5658289062974948,0.0,0.10860957609446104,0.20247093042731396,18396.56091731524,81809.11385295576,37404.86186051523,2096.6919231097413,6202.457093135357,0.5592609382296424,0.5592609382296432,12.00000000000012,49889.37590479039,104.6699099147472,7336.523251249365,1,7.298125859491815e-05,7.65235337588874e-05,9,1
408,5,0.09420811851460079,0.09584119019634016,0,16.485604955063828,1.673114885978374,0.05893347213821134,96.93700019034848,0.9693700019034849,0.0,0.2596456012529073,0.2146330513039197,18465.85834233563,81813.08597972878,37320.8516076578,2101.4260531571776,6437.082848734204,0.686174116646631,0.6861741166466305,12.00000000000012,49889.37590479039,107.71044013389863,7336.523251249365,1,0.00012047320498217332,9.379477477987e-05,9,1
409,5,0.09355050992937113,0.09307790238888493,0,16.97502800824483,1.6517466928515951,0.04540929927316144,94.0498391361189,0.9404983913611891,0.0,0.34864853435978715,0.22399479696017544,18546.1824836325,81817.6756533415,37212.03915163699,2107.5902577636584,6669.8243959478705,0.747142654612525,0.7471426546125262,12.00000000000012,49889.37590479039,110.05087654796257,7336.523251249365,1,0.0001128063751642483,0.00010208694624711326,9,1
410,5,0.1010029627833262,0.10039051842340445,0,15.738538109109399,1.7737425989144087,0.12262189804709404,67.66896733329541,0.6766896733329542,0.0,0.20956885479026827,0.24131341138871798,18635.26365074435,81822.91954314869,37112.04192924485,2113.286444203868,6840.327476452358,0.7613421630555236,0.7613421630555234,12.00000000000012,49889.37590479039,114.38053015509821,7336.523251249365,1,7.914120201553976e-05,0.0001041402607206538,9,1
411,5,0.10707280202543744,0.10611805168904408,0,14.88907848242302,1.8704793306037881,0.1838476775973342,56.41310988916833,0.5641310988916833,0.0,0.1023543243836873,0.26254568256637884,18705.03762173671,81827.0922035419,37014.78374013785,2118.8561384117625,6800.327476452358,0.6291103900201427,0.6291103900201425,12.00000000000012,49889.37590479039,119.68859794951342,7336.523251249365,1,6.636516854167537e-05,8.610424857382114e-05,9,1
412,5,0.10447689792891604,0.10265233067114747,0,15.391759638284483,1.8147577761843676,0.14858087100276426,71.77912648708532,0.7177912648708532,0.0,0.16751301719039075,0.284606871749507,18787.527521595373,81832.04404353295,36909.61116362223,2124.912607480666,6872.872396125956,0.5582617202698432,0.5582617202698432,12.00000000000012,49889.37590479039,125.20389524529546,7336.523251249365,1,8.355065812372155e-05,7.635234289364556e-05,9,1
413,5,0.1000219312052685,0.09957037623218362,0,15.868173444636486,1.725627816386854,0.09216950404231256,100.47844827416675,1.0047844827416674,0.0,0.3259450587472959,0.30401043115907767,18865.92547098332,81836.65543129154,36784.807742877136,2132.1442981609057,7093.479223118675,0.6422158053167334,0.6422158053167337,12.00000000000012,49889.37590479039,130.05478509768813,7336.523251249365,1,0.00011331922754824509,8.7745018071214e-05,9,1
414,5,0.09993792019448852,0.09988152728303241,0,15.818740892124964,1.7163274531064088,0.0862831981686131,120.63629500657524,1.2063629500657524,0.0,0.4838066661607504,0.32578154176841795,18938.490003990963,81840.94449448724,36701.10228534433,2137.0233428382408,7297.558321613803,0.8032743205447994,0.8032743205447987,12.00000000000012,49889.37590479039,135.4975627500232,7336.523251249365,1,0.00013224839288974386,0.00010970609285390349,9,1
415,5,0.09864227775105201,0.0966304376218826,0,16.350955650046632,1.6888006518954077,0.06886117208570106,60.620705789178366,0.6062070578917836,0.0,0.22011449558278245,0.3343880290524222,18977.505408370882,81843.27768005799,36644.000466911246,2140.363735595363,7510.058143941696,0.755751345535124,0.7557513455351239,12.00000000000012,49889.37590479039,137.64918457102428,7336.523251249365,1,6.45754849054857e-05,0.00010338103511449155,9,1
416,5,0.0991139376093341,0.10010738628646391,0,15.783051167460565,1.6879104288329532,0.06829773976769184,95.38560968220534,0.9538560968220534,0.0,0.2853662473701988,0.3479644525646,19028.42309615107,81846.37974144063,36547.22046253203,2146.0492611699297,7287.519820992628,0.7351646079998063,0.7351646079998067,12.00000000000012,49889.37590479039,141.04329044906873,7336.523251249365,1,0.00010471119066592171,0.00010051168948705042,9,1
417,5,0.1041372000707161,0.10497097174232663,0,15.051780256721287,1.7651672571717756,0.11719446656441487,46.89181629754475,0.46891816297544753,0.0,0.14041087145846726,0.35935559703993747,19099.88395122021,81850.68308919577,36461.83743411757,2151.0900139323867,7388.890628204386,0.5361650344948792,0.5361650344948795,12.00000000000012,49889.37590479039,143.8910765679031,7336.523251249365,1,5.0770074867317597e-05,7.335225014624166e-05,9,1
418,5,0.09772753508821588,0.10497097174232663,1,15.051780256721287,1.6459668146710928,0.041751148526008086,108.81047430681947,1.0881047430681947,0.0,0.30592561016794534,0.36944849219366566,19181.46775463711,81855.6394472812,36345.678458975206,2157.986136320913,7605.404004425214,0.6583154457645792,0.6583154457645798,12.00000000000012,49889.37590479039,146.41430035633516,7336.523251249365,1,0.00011445595709946029,8.997907421089986e-05,9,1
419,5,0.09539931447519598,0.09442471023394934,0,16.732908113621395,1.6045564618543664,0.015542064464788815,84.21337026831677,0.8421337026831677,0.0,0.3629916669020639,0.37113275959903197,19182.066705263078,81855.57549105496,36320.863255575016,2159.4662064585436,7670.683407313068,0.6174940225557757,0.6174940225557766,12.00000000000012,49889.37590479039,146.83536720767674,7336.649571304767,1,8.782880564517057e-05,8.435161253731615e-05,9,1
420,5,0.09923578402516246,0.10037950659030648,0,15.740264658290108,1.6608462533764685,0.05116851479523319,74.01382874705205,0.7401382874705205,0.0,0.25813688593105366,0.37927771872696314,19249.754759346077,81859.70666299098,36231.26880379465,2164.8231187333054,7928.458602153823,0.675140060832097,0.6751400608320969,12.00000000000012,49889.37590479039,148.87160698965954,7336.649571304767,1,7.468168274417997e-05,9.232214849627028e-05,9,1
421,5,0.09776444497502679,0.09675398264256758,0,16.330077138394387,1.6311196851789194,0.03235423112589829,56.22990055395876,0.5622990055395876,0.0,0.14194374463767745,0.38321900738234943,19298.28879759683,81862.65500239952,36174.82718899424,2168.2111584666427,8173.681090963583,0.5299947437711684,0.5299947437711676,12.00000000000012,49889.37590479039,149.85692915350612,7336.649571304767,1,5.503508143093447e-05,7.2515189940095e-05,9,1
422,5,0.0979261324180288,0.09634333282391278,0,16.399681780656007,1.6303472977011577,0.03186537829187193,83.49485045435297,0.8349485045435298,0.0,0.22988262953163752,0.3887980829849733,19326.22318736101,81864.39647712077,36136.458492688915,2170.521351164468,8497.012305208389,0.5079184314649154,0.5079184314649154,12.00000000000012,49889.37590479039,151.2516980541621,7336.649571304767,1,7.861101992583759e-05,6.944259470031734e-05,9,1
423,5,0.09771397129408951,0.09749866765669901,0,16.205349652195377,1.6203468873127649,0.025536004628332158,57.66166948530103,0.5766166948530104,0.0,0.1708892649499374,0.39203011023632217,19370.583467309018,81867.1260037481,36064.65919797861,2174.855952879789,8845.58992572405,0.4528078515245157,0.452807851524516,12.00000000000012,49889.37590479039,152.0597048669993,7336.649571304767,1,5.214952985113081e-05,6.193187706930095e-05,9,1
424,5,0.09944079834332833,0.10092581492718099,0,15.655063089061866,1.640665079356788,0.03839561984606835,48.51376991749618,0.4851376991749618,0.0,0.05502088346501269,0.3961310962321254,19438.539770716634,81871.29386202538,35973.73238105512,2180.369846576976,9128.662488788183,0.42185851878357966,0.4218585187835793,12.00000000000012,49889.37590479039,153.0849513659501,7336.649571304767,1,4.2515555791075207e-05,5.7758701856014535e-05,9,1
425,5,0.09315060255091599,0.10092581492718099,1,15.655063089061866,1.5310436562105267,0.03098502771485654,63.12080022749138,0.6312080022749138,0.0,0.11119819327191124,0.3961310962321254,19505.260841940115,81874.82790369382,35905.446269315325,2184.5320616947574,9354.552736237123,0.3621389083377981,0.3621389083377986,12.00000000000012,49889.37590479039,153.0849513659501,7337.17696280953,1,5.398081726171915e-05,4.954863430130839e-05,9,1
426,5,0.09651833531446434,0.09668636731858811,0,16.341497191571936,1.5858509244632417,0.003703116748887118,54.098518559546875,0.5409851855954687,0.0,0.1168470683348452,0.39721306660331634,19505.58963187454,81874.79004111029,35899.28989249919,2184.9088372339693,9613.871573260465,0.3447929535335344,0.3447929535335341,12.00000000000012,49889.37590479039,153.35544395874783,7337.25811058737,1,4.501705116179313e-05,4.7171141404862496e-05,9,1
427,5,0.09382296840759113,0.09443355221830117,0,16.731341381160043,1.5439825257385817,0.0227958697857078,109.24194466682805,1.0924194466682804,0.0,0.32147647121397327,0.39721306660331634,19493.650023720802,81873.2606997103,35927.475897527904,2183.1998613363717,10053.316876207435,0.4535918205672286,0.45359182056722785,12.00000000000012,49889.37590479039,153.35544395874783,7338.825252652744,1,8.693007174606361e-05,6.197598005652529e-05,9,1
428,5,0.09936135618383911,0.09888112685122223,0,15.978782304709044,1.6282759661988808,0.030554408986633384,71.33902012344942,0.7133902012344941,0.0,0.28293319665360395,0.40199839839458196,19546.25081683289,81876.5415632476,35852.27708586633,2187.7930691604565,10297.348333022566,0.4569373768995257,0.45693737689952596,12.00000000000012,49889.37590479039,154.55177690656424,7338.825252652744,1,5.542321600963799e-05,6.245677963916491e-05,9,1
429,5,0.09376097976824195,0.09457931684653767,0,16.70555521735977,1.5366869591893624,0.027413316968758032,92.11689760990801,0.9211689760990801,0.0,0.31635719701129084,0.40199839839458196,19530.050346011027,81874.74868565239,35854.54897794562,2187.665888109055,10585.205696157895,0.5168909602485392,0.5168909602485396,12.00000000000012,49889.37590479039,154.55177690656424,7340.663728999307,1,6.961935384465406e-05,7.065754720011855e-05,9,1
430,5,0.08990085288182308,0.08908453993731474,0,17.735961830321887,1.476402866971191,0.06556780571443609,56.24729963620601,0.56247299636206,0.0,0.18934887614636808,0.40199839839458196,19516.8350158026,81872.78019086557,35890.85651226299,2185.4594591318532,10877.779424326578,0.4055647017390882,0.4055647017390882,12.00000000000012,49889.37590479039,154.55177690656424,7342.668960136342,1,4.1366751387083335e-05,5.546977374712513e-05,9,1
431,5,0.08828189966064184,0.08850439133300936,0,17.852221524862458,1.4517644480724463,0.08116174172629985,61.60248936967875,0.6160248936967875,0.0,0.13805501336485101,0.40199839839458196,19500.653101096144,81870.20257516131,35915.068941021185,2183.9979045953633,11070.060508350285,0.37884916610054964,0.37884916610054925,12.00000000000012,49889.37590479039,154.55177690656424,7345.281432140216,1,4.451826750049738e-05,5.183479091074492e-05,9,1
432,5,0.08848409057929851,0.08867116181244072,0,17.81864551794249,1.4570644500748973,0.07780731007917899,49.69256600006387,0.4969256600006387,0.0,0.10764413877668247,0.40199839839458196,19489.719384836186,81868.31451174853,35939.496206386735,2182.5209156237493,11159.210555389916,0.2960250818952494,0.2960250818952494,12.00000000000012,49889.37590479039,154.55177690656424,7347.196910742861,1,3.5624431139396174e-05,4.05031500089923e-05,9,1
433,5,0.08459351006990802,0.08464804443204715,0,18.66552276075764,1.396718212745498,0.11600113117373548,55.379747759043404,0.5537974775904341,0.0,0.12860143510968383,0.40199839839458196,19471.041421013444,81865.12401027567,35987.549485612144,2179.618696185185,11282.920365053691,0.2909778000654769,0.29097780006547713,12.00000000000012,49889.37590479039,154.55177690656424,7350.414571596252,1,3.9266250911825794e-05,3.9802983183906443e-05,9,1
434,5,0.08275956331929527,0.08310754087273835,0,19.01151187254399,1.3689397639051837,0.13358242790811165,67.95348942511188,0.6795348942511188,0.0,0.21044599991470642,0.40199839839458196,19458.01237868672,81861.41193265493,36020.628635515655,2177.635258294866,11289.496029210364,0.30008772207096135,0.3000877220709616,12.00000000000012,49889.37590479039,154.55177690656424,7354.154607499741,1,4.815342633491486e-05,4.101470279537894e-05,9,1
435,5,0.08504466473500571,0.08537693117538515,0,18.5061699717725,1.4125185739116601,0.10600090258755691,101.68200198629972,1.0168200198629973,0.0,0.386603026590536,0.40199839839458196,19447.62013231446,81857.28561301046,36094.67182531328,2173.181521856436,11398.035656679733,0.38762158423987014,0.38762158423987036,12.00000000000012,49889.37590479039,154.55177690656424,7358.317219953722,1,7.13680883612325e-05,5.292925520265771e-05,9,1
436,5,0.08377051888547256,0.08346537261033371,0,18.93000594841151,1.394736321969743,0.11725549242421329,76.42522077188295,0.7642522077188295,0.0,0.3737816092685803,0.40199839839458196,19432.99473065245,81853.52136671396,36138.63213338272,2170.555048963841,11458.467409828785,0.4218643192359109,0.4218643192359106,12.00000000000012,49889.37590479039,154.55177690656424,7362.1211347708495,1,5.335807523880712e-05,5.762652997831816e-05,9,1
437,5,0.08867569892201785,0.08787912957582336,0,17.97924043656752,1.4782240157486546,0.06441517990591486,62.12921312590664,0.6212921312590663,0.0,0.24829982299546982,0.40199839839458196,19423.873464657787,81851.71152112508,36160.95142943051,2169.223072773508,11686.673054095005,0.40776538787896516,0.4077653878789657,12.00000000000012,49889.37590479039,154.55177690656424,7363.970070406798,1,4.252995721764397e-05,5.5752040272561196e-05,9,1
438,6,0.09427753699603109,0.09349806615072108,0,16.89874523664482,1.6148422156599327,0.022052035227805453,52.697048456661335,0.5269704845666133,0.0,48.23820891347437,0.8256065026627823,18436.46169387065,81850.62637268486,37143.40539569101,2168.5021250944783,11864.811954353549,0.468184238922036,0.4681842389220363,59.32405977176775,49830.05184501862,154.81526214884755,7365.114423708188,1,3.553165353780444e-05,4.380656199808518e-05,12,1
439,6,0.09378754128608884,0.09480349549414543,0,16.666052150973407,1.5993235326993986,0.01223008398696112,70.6040990321985,0.7060409903219851,0.0,48.08936686019518,0.8270185846434264,18499.05780997612,81854.22874880307,37061.07038596257,2173.3355370963686,12272.29644872951,0.4449705152534282,0.4449705152534288,59.32405977176775,49830.05184501862,155.16828264400854,7365.2203298567365,1,4.602502837323999e-05,4.136221304289613e-05,12,1
440,6,0.08975412867783174,0.09047610474149319,0,17.463174442736562,1.5288466260077864,0.03237555315962889,107.24012345624486,1.0724012345624485,0.0,48.12983926291066,0.8270185846434264,18485.078434822295,81852.29656117813,37040.656629360376,2174.548973630047,12667.756023177619,0.5019295619089554,0.5019295619089554,59.32405977176775,49830.05184501862,155.16828264400854,7367.203503167977,1,6.772477983316537e-05,4.976048724806994e-05,12,1
441,6,0.08747281291219115,0.08678640186705978,0,18.20561707835588,1.4908594190746498,0.056418089193259656,97.91775693074538,0.9791775693074538,0.0,47.96861892576295,0.8270185846434264,18474.36178789371,81849.90542777367,37051.611250863076,2173.9196986484612,12963.008983143882,0.5589006184275609,0.5589006184275607,59.32405977176775,49830.05184501862,155.16828264400854,7369.652755872129,1,6.042902974645485e-05,5.805961265095341e-05,12,1
442,6,0.08360647490249176,0.08315255618215465,0,19.001219836691963,1.4259951178374988,0.09747144440664639,51.887575262626804,0.5188757526262681,0.0,47.48396164378353,0.8270185846434264,18464.81841568943,81847.76348127362,37065.130186717666,2173.138489711532,12813.399599432854,0.5259326544965643,0.525932654496564,59.32405977176775,49830.05184501862,155.16828264400854,7371.8488150376725,1,3.239582117765122e-05,5.351654358575715e-05,12,1
443,6,0.0858538570315062,0.08660218913722091,0,18.24434250150992,1.4633040204836816,0.07385821488374587,81.62964402092082,0.8162964402092082,0.0,47.31937049907399,0.8270185846434264,18457.103569118775,81845.39498612125,37052.334168062014,2173.906280457639,13029.06005738338,0.48039823460216274,0.4803982346021628,59.32405977176775,49830.05184501862,155.16828264400854,7374.267526175426,1,5.0121585846655134e-05,4.7648812256920404e-05,12,1
444,6,0.08351630592813308,0.08374370093261745,0,18.867090687469293,1.4265539498848836,0.09711775323741549,55.08341644737674,0.5508341644737674,0.0,47.048521758364636,0.8270185846434264,18439.297151389022,81842.65802962227,37092.635710443414,2171.554683875901,12922.150189881784,0.41666676731306634,0.4166667673130658,59.32405977176775,49830.05184501862,155.16828264400854,7377.047621198332,1,3.410170328495813e-05,3.887303676975483e-05,12,1
445,6,0.08124328412130903,0.08091252055413377,0,19.527262149038055,1.391934601462884,0.11902873325133931,122.88661616718244,1.2288661616718244,0.0,47.14199628353075,0.8270185846434264,18432.43376605072,81837.48566206572,37149.020863871694,2168.2832323444063,13053.162713078184,0.5200298603199982,0.5200298603199986,59.32405977176775,49830.05184501862,155.16828264400854,7382.274091715734,1,7.53145387785967e-05,5.317927597006999e-05,12,1
446,6,0.08377277861489117,0.0833731789329775,0,18.9509386618224,1.4374789896921387,0.0902031710809249,53.82317388356881,0.5382317388356882,0.0,46.76944920608929,0.8270185846434264,18423.70195637262,81835.45351170585,37177.639200614125,2166.6223718820165,12356.60384355391,0.48919115964873233,0.48919115964873194,59.32405977176775,49830.05184501862,155.16828264400854,7384.354470981875,1,3.484658054269295e-05,4.808760753541593e-05,12,1
447,6,0.08338964553135175,0.08178495777861021,0,19.318955990379305,1.4335898860491743,0.09266462908280114,50.134251478314724,0.5013425147831473,0.0,46.365664994752905,0.8270185846434264,18408.62753874461,81833.11717734335,37212.58408236506,2164.5968809713004,12588.690986859252,0.4800182941570021,0.4800182941570021,59.32405977176775,49830.05184501862,155.16828264400854,7386.738937030204,1,3.185986630740085e-05,4.734032854289684e-05,12,1
448,6,0.08253325598876181,0.08207670835656715,0,19.250284662196503,1.4230848069913082,0.0993134132966404,96.79655308301294,0.9679655308301294,0.0,46.413791341897884,0.8270185846434264,18395.02294608428,81829.21560129763,37267.98227730799,2161.3946732947484,12792.611939983257,0.4420437269378326,0.44204372693783295,59.32405977176775,49830.05184501862,155.16828264400854,7390.685305518118,1,6.053278472739454e-05,4.241307719249611e-05,12,1
449,6,0.08357600063861795,0.08436576303111656,0,18.727976174615403,1.4438065247809944,0.08619840203734538,56.01469935878859,0.5601469935878859,0.0,46.10775952656274,0.8270185846434264,18378.561557094352,81826.73943762241,37303.50534863982,2159.3459603692527,13006.723921775903,0.4380466558606253,0.43804665586062563,59.32405977176775,49830.05184501862,155.16828264400854,7393.206610138954,1,3.4452764398271624e-05,4.228180514435567e-05,12,1
450,6,0.0909131296136625,0.0904688409558985,0,17.464576569188218,1.5703778289388521,0.0060899816842708435,57.13386427678068,0.5713386427678068,0.0,45.796810596967795,0.828161261928962,18363.481248614084,81825.82328874228,37301.419926250186,2159.473193034288,13061.40279408823,0.4442624752442715,0.44426247524427104,59.32405977176775,49830.05184501862,155.45395196539243,7394.184277285048,1,3.4994014151460213e-05,4.332652109237546e-05,12,1
451,6,0.09055351181136892,0.09059327318601171,0,17.440588516498863,1.563665621388161,0.010338214311290546,57.69476368163197,0.5769476368163197,0.0,45.59227340083196,0.8293151572025946,18353.01288890297,81825.16933142596,37295.50412191856,2159.821656766317,13476.29224419337,0.3758127969748496,0.37581279697484976,59.32405977176775,49830.05184501862,155.7424257838006,7394.894072825655,1,3.424963640514183e-05,3.456547165162456e-05,12,1
452,6,0.09134456697922343,0.09138939845779297,0,17.28865740077831,1.5759121518913686,0.0025872456383743657,57.58209796237926,0.5758209796237926,0.0,45.3797779679251,0.8304667991618422,18353.329013023635,81825.13934419339,37278.82669113198,2160.7919435789063,13876.46431970793,0.3686370507890617,0.36863705078906206,59.32405977176775,49830.05184501862,156.0303362736125,7394.980445972598,1,3.319698541975064e-05,3.414687865878423e-05,12,1
453,6,0.08491848651560965,0.085116009904867,0,18.562900231882868,1.4670863056977916,0.07146436348241039,49.85906580249172,0.4985906580249172,0.0,45.12621916575103,0.8304667991618422,18340.315655532413,81823.26991612185,37304.82927054454,2159.2933074725415,14116.93306190212,0.3495496821474782,0.3495496821474778,59.32405977176775,49830.05184501862,156.0303362736125,7396.8889644091,1,2.825489960679813e-05,3.190050714389687e-05,12,1
454,6,0.08243863249980757,0.08282356550503556,0,19.076696232112084,1.4269089975616065,0.09689303951797061,80.4687494254349,0.8046874942543489,0.0,45.07818887357787,0.8304667991618422,18326.0257320569,81819.93885482977,37339.85925182902,2157.2832883641336,14235.48175909841,0.3751531184364521,0.37515311843645227,59.32405977176775,49830.05184501862,156.0303362736125,7400.2621912691975,1,4.522151103119748e-05,3.555779868591542e-05,12,1
455,6,0.08027000010524529,0.0812088400824184,0,19.456009941731306,1.3937433054041013,0.11788398392145491,93.23017579166618,0.9323017579166618,0.0,45.04312159099651,0.8304667991618422,18318.15667059299,81815.94091189781,37398.680508474914,2153.906014623633,14424.464334517472,0.41859039089206984,0.4185903908920697,59.32405977176775,49830.05184501862,156.0303362736125,7404.307651934767,1,5.1706696972347535e-05,4.172770253678105e-05,12,1
456,6,0.07779948368737075,0.07648210795241048,0,20.658426425473586,1.3548608971950933,0.14249310304108023,101.9658511285211,1.019658511285211,0.0,44.957265774111036,0.8304667991618422,18304.7930474639,81810.44528615037,37454.4415549219,2150.7272228494576,14088.34750774731,0.4932256183962087,0.4932256183962081,59.32405977176775,49830.05184501862,156.0303362736125,7409.857813657146,1,5.790081544905059e-05,5.1609674484198534e-05,12,1
457,6,0.07883921460978767,0.07911597322490706,0,19.970682728106656,1.3775337966268117,0.12814316669189135,64.03802893408147,0.6403802893408147,0.0,44.59069689557744,0.8304667991618422,18294.37704026835,81807.23698739232,37516.76634462611,2147.165028220744,14100.610769967814,0.4705444436982804,0.4705444436982809,59.32405977176775,49830.05184501862,156.0303362736125,7413.118089590819,1,3.633205964125915e-05,4.8646524020885754e-05,12,1
458,6,0.07605100349523168,0.07639624537745378,0,20.681644656666503,1.3353052079403112,0.15487012155676513,95.23462979746552,0.9523462979746552,0.0,44.4772689272907,0.8304667991618422,18283.411820736786,81801.8295429067,37608.444709233576,2141.95222412403,14191.599395402824,0.4743267201278379,0.47432672012783816,59.32405977176775,49830.05184501862,156.0303362736125,7418.577941809238,1,5.368507221437803e-05,4.9305982434895924e-05,12,1
459,6,0.07339355337368574,0.07235407016348241,0,21.83705763103617,1.293867387529552,0.18109659017116958,55.17392780247906,0.5517392780247906,0.0,44.15598788908398,0.8304667991618422,18275.245690377433,81798.16720129563,37684.67904315258,2137.63213245891,14017.487413610177,0.41064136154579933,0.410641361545799,59.32405977176775,49830.05184501862,156.0303362736125,7422.284976686871,1,3.148862627058732e-05,4.0501919375408165e-05,12,1
460,6,0.07526413720648643,0.074624942352483,0,21.172545668940522,1.3300301189612782,0.15820878546754547,50.51417184667804,0.5051417184667804,0.0,43.829653791683114,0.8304667991618422,18265.152765570063,81795.05039124018,37730.015747363526,2135.0772749644298,14092.1627949058,0.39055823268738704,0.39055823268738715,59.32405977176775,49830.05184501862,156.0303362736125,7425.44442333694,1,2.867646227586215e-05,3.79500535869425e-05,12,1
461,6,0.06898627031132934,0.06894740779698655,0,22.916017446983066,1.226446032154591,0.22376833407937288,83.87183426854556,0.8387183426854555,0.0,43.817810683970784,0.8304667991618422,18255.790039838965,81788.41023114699,37843.92406365751,2128.6800288394784,14048.222941644379,0.37647032583591317,0.37647032583591317,59.32405977176775,49830.05184501862,156.0303362736125,7432.12522852481,1,4.776224558334246e-05,3.597577804326398e-05,12,1
462,6,0.06792142437372875,0.0691450450956309,0,22.850516588929615,1.2122497450871097,0.2327533258942344,46.92583022604274,0.4692583022604274,0.0,43.51827419801142,0.8304667991618422,18242.628388081313,81784.1694764957,37918.206026153486,2124.5280301608004,13896.00128777806,0.36604592425908905,0.36604592425908855,59.32405977176775,49830.05184501862,156.0303362736125,7436.404997656688,1,2.7015443798103493e-05,3.44847172191027e-05,12,1
463,6,0.06907352538411818,0.06886918169560453,0,22.942046951907386,1.2392677538090646,0.21565332037400978,64.9825809129832,0.649825809129832,0.0,43.332218100722514,0.8304667991618422,18231.064125282683,81778.99531872403,38017.53788543845,2118.9975774808213,13936.00128777806,0.38622281708077116,0.3862228170807713,59.32405977176775,49830.05184501862,156.0303362736125,7441.620189676504,1,3.730342991283919e-05,3.736037309809505e-05,12,1
464,6,0.07170186820056357,0.0715002388735952,0,22.097828271500905,1.2928788293628426,0.1817222598969351,102.23313163116876,1.0223313163116876,0.0,43.40926763662334,0.8304667991618422,18227.91794433356,81772.75912879173,38113.05714940416,2113.715019832054,13298.044358150626,0.4253139398273983,0.4253139398273986,59.32405977176775,49830.05184501862,156.0303362736125,7447.899212607315,1,6.150265640737353e-05,4.194051003943874e-05,12,1
465,6,0.0704469109853693,0.06971922334719137,0,22.662329328194534,1.276772792366447,0.19191595419845137,86.0032790868095,0.860032790868095,0.0,43.255716178668415,0.8304667991618422,18217.136042812686,81766.79993276623,38211.023443955055,2108.322313343573,13298.044358150626,0.4850528956459177,0.4850528956459172,59.32405977176775,49830.05184501862,156.0303362736125,7453.907070675415,1,5.173890341798804e-05,5.018166324606692e-05,12,1
466,6,0.07071061311365154,0.07094479510002967,0,22.2708374556901,1.2857738885385168,0.1862190578870147,75.44553013065534,0.7544553013065535,0.0,42.97958963606221,0.8304667991618422,18210.2973516779,81761.89082068582,38274.12807986824,2104.870138554565,13239.61647350339,0.5049740994599466,0.5049740994599465,59.32405977176775,49830.05184501862,156.0303362736125,7458.866485388937,1,4.558774359160354e-05,5.294310113898837e-05,12,1
467,6,0.07162147057481698,0.07133132113064063,0,22.15015753186864,1.3072696250543698,0.17261416135799382,74.19218241094589,0.741921824109459,0.0,42.76602093254204,0.8304667991618422,18199.698873160516,81757.17686542791,38346.7378388936,2100.90535504817,13293.574335459441,0.4628948568689244,0.4628948568689239,59.32405977176775,49830.05184501862,156.0303362736125,7463.626554274684,1,4.464844776204081e-05,4.732503159054414e-05,12,1
468,6,0.07402951537128342,0.07542336877305583,0,20.948414605480174,1.3534009581094595,0.1434171151205953,59.90667321254063,0.5990667321254063,0.0,42.49804248984189,0.8304667991618422,18192.49464333031,81754.0431708967,38377.78290040952,2099.2217067071597,13413.271073677652,0.42216228714834875,0.42216228714834836,59.32405977176775,49830.05184501862,156.0303362736125,7466.802633288119,1,3.572979201477685e-05,4.198866112280707e-05,12,1
469,6,0.07663729067732168,0.07669437661924423,0,20.60124965672574,1.404202651171044,0.11126414482845325,53.546224937784594,0.5354622493778459,0.0,42.24083779071758,0.8304667991618422,18179.31886645007,81751.43236682678,38420.67380974542,2096.8884685700255,13322.023506894106,0.3895633698730708,0.389563369873071,59.32405977176775,49830.05184501862,156.0303362736125,7469.452199300904,1,3.2155010031366233e-05,3.751108326939463e-05,12,1
470,6,0.07856343756287582,0.07858636845885705,0,20.10526801257129,1.4413288299869218,0.08776656329941662,45.02927757057725,0.45029277570577253,0.0,41.985653688664264,0.8304667991618422,18172.419430729347,81749.81642781482,38445.20199701102,2095.5573522467666,13546.690120380832,0.34301918571325957,0.3430191857132593,59.32405977176775,49830.05184501862,156.0303362736125,7471.102806793697,1,2.659204701395288e-05,3.149228302003199e-05,12,1
471,6,0.08106280681841291,0.08267852416608412,0,19.110162112063172,1.4866904290399436,0.05905669048104837,97.36320993768999,0.9736320993768999,0.0,42.06368574858193,0.8304667991618422,18160.402161529233,81747.30923409837,38438.9937062154,2095.9122761779818,13286.521812527388,0.4011573250919522,0.40115732509195257,59.32405977176775,49830.05184501862,156.0303362736125,7473.649684960542,1,5.862374596541267e-05,3.912360100357726e-05,12,1
472,6,0.07922246127884328,0.0788368297756295,0,20.041394415486998,1.455227412219332,0.07896999226624558,55.80135194360663,0.5580135194360664,0.0,41.80860806589498,0.8304667991618422,18149.4647121998,81745.32371490484,38469.33542673132,2094.2674737133907,13030.247937427972,0.4078366188535831,0.4078366188535831,59.32405977176775,49830.05184501862,156.0303362736125,7475.674793668021,1,3.425957953314046e-05,3.9825124170835336e-05,12,1
473,6,0.0782741150091684,0.07788155819572035,0,20.287216083034433,1.4407773251443574,0.08811561699724219,51.733338475596874,0.5173333847559688,0.0,41.497174669603055,0.8304667991618422,18139.877753011886,81743.36806099473,38509.10614961523,2092.111078547995,13049.882577585135,0.4192532737687255,0.41925327376872584,59.32405977176775,49830.05184501862,156.0303362736125,7477.671135105693,1,3.171420933056094e-05,4.153251160970469e-05,12,1
474,6,0.07941854374440369,0.08051938430787531,0,19.622604091937475,1.4665546065636084,0.0718008819217669,119.30321055611104,1.1930321055611104,0.0,41.64130329743175,0.8304667991618422,18134.743026676468,81740.31312344052,38571.21304763069,2088.752479442783,13082.678392240716,0.4542332200842364,0.4542332200842359,59.32405977176775,49830.05184501862,156.0303362736125,7480.770002062708,1,7.295338583076034e-05,4.6309058231487245e-05,12,1
475,6,0.08210812742416498,0.08344350104295396,0,18.934967735673844,1.5168207203278479,0.039986885868450756,54.33885164658156,0.5433885164658157,0.0,41.282763269964256,0.8304667991618422,18121.24867691269,81738.91613333594,38578.91391684334,2088.3432941800834,13390.22734981816,0.44622017192404706,0.4462201719240475,59.32405977176775,49830.05184501862,156.0303362736125,7482.211270643716,1,3.246478209935367e-05,4.571079242022498e-05,12,1
476,6,0.08110909707269486,0.08037428076445689,0,19.658029720108022,1.4989363827031912,0.05130608689671448,80.18291851208494,0.8018291851208494,0.0,41.07357595550372,0.8304667991618422,18110.412436724426,81737.02730236763,38586.366587762706,2087.950755858834,13384.032601858074,0.4851541390518354,0.4851541390518347,59.32405977176775,49830.05184501862,156.0303362736125,7484.148157160628,1,4.792750938215936e-05,5.111522577075779e-05,12,1
477,6,0.07961836762413949,0.08065808842484513,0,19.588859974932312,1.4732781714491128,0.06754546110815651,53.79068669668004,0.5379068669668005,0.0,40.820320528791136,0.8304667991618422,18098.319596865076,81735.23342024762,38611.223696595756,2086.6138264097867,13491.296340225597,0.3836733765894814,0.3836733765894817,59.32405977176775,49830.05184501862,156.0303362736125,7485.9803201011355,1,3.1896526673302966e-05,3.7429606051605335e-05,12,1
478,6,0.07970103375244582,0.08071357058216753,0,19.57539467779508,1.4782894561401447,0.0643737619366173,83.48571310713912,0.8348571310713913,0.0,40.74972989755027,0.8304667991618422,18087.064902810827,81732.90925379071,38656.840441959124,2084.1589122011655,13277.215418936912,0.4286666860834527,0.42866668608345243,59.32405977176775,49830.05184501862,156.0303362736125,7488.346426229916,1,5.030314593710115e-05,4.337572733085449e-05,12,1
479,6,0.07640126909090096,0.07566451958254536,0,20.881649797251626,1.421011107439131,0.10062588136763868,80.98262026064653,0.8098262026064653,0.0,40.64828334613997,0.8304667991618422,18073.619032452338,81729.56276195763,38710.47052847644,2081.284980813006,13499.83710928477,0.42669779152818427,0.4266977915281846,59.32405977176775,49830.05184501862,156.0303362736125,7491.73525540625,1,4.799027994490345e-05,4.339665085176919e-05,12,1
480,6,0.07991444593508383,0.08042958466232049,0,19.644512732889886,1.4887791439243196,0.05773471903524077,95.55228448559154,0.9555228448559154,0.0,40.56940129466169,0.8304667991618422,18060.062912825095,81727.0640105257,38742.141370575126,2079.594394241182,13209.125930411325,0.4921018421882193,0.4921018421882186,59.32405977176775,49830.05184501862,156.0303362736125,7494.28169550036,1,5.787046621493818e-05,5.205463069898092e-05,12,1
481,6,0.07709185796043729,0.0770269818865371,0,20.512292722664174,1.4384726537731,0.08957426976386075,46.17896074960301,0.4617896074960301,0.0,40.17320632835354,0.8304667991618422,18048.914007420775,81725.17155976806,38772.917812197586,2077.951405505921,13109.952468325084,0.4380125633660716,0.4380125633660713,59.32405977176775,49830.05184501862,156.0303362736125,7496.2162898568695,1,2.8179483250561497e-05,4.4680076470134376e-05,12,1
482,6,0.07885944623703052,0.07850870503984836,0,20.12515681156689,1.4717322943272728,0.06852386434982738,65.66652883933567,0.6566652883933567,0.0,39.99830969111218,0.8304667991618422,18037.290760968586,81723.12157536553,38776.6940512907,2077.761445864927,12443.51192733853,0.42944238380096456,0.429442383800965,59.32405977176775,49830.05184501862,156.0303362736125,7498.305436637651,1,4.221736064402565e-05,4.275577003650844e-05,12,1
483,6,0.08136984182744127,0.0812307827751735,0,19.4507543325422,1.520703699074131,0.03752930438346147,69.43528102975775,0.6943528102975774,0.0,39.90456354118991,0.8304667991618422,18028.08380625179,81721.8109608449,38803.799524081674,2076.314426998936,12725.861107561255,0.3919669648928022,0.3919669648928022,59.32405977176775,49830.05184501862,156.0303362736125,7499.6525386089415,1,4.364987512774394e-05,3.80155730074437e-05,12,1
484,6,0.08247097100913518,0.08297268961921575,0,19.042410306946177,1.5422388420879236,0.023899467032959785,104.9079722555331,1.049079722555331,0.0,39.94469689582834,0.8304667991618422,18013.734311351604,81720.24142639653,38815.913527891156,2075.6746567982686,12998.371003969165,0.47822273149825717,0.4782227314982573,59.32405977176775,49830.05184501862,156.0303362736125,7501.267475776051,1,6.45668428596159e-05,5.0144692877128495e-05,12,1
485,6,0.08434754032492098,0.08297268961921575,1,19.042410306946177,1.577140116363671,0.0018100529343855465,37.534337950226934,0.37534337950226937,0.0,39.505252883190735,0.8312174859208468,18004.777681362484,81719.74416864848,38813.59845732256,2075.8026043891437,12712.73992277659,0.4342275770187891,0.4342275770187892,59.32405977176775,49830.05184501862,156.21800796336365,7501.8145401345755,1,2.3619983215721485e-05,4.394556706769378e-05,12,1
486,6,0.08637525844776696,0.08786400439190828,0,17.982335439124466,1.6117813310506708,0.020114766487766274,68.74353138473033,0.6874353138473034,0.0,39.32766354334177,0.8342827512839887,18047.1381899034,81722.0698310841,38774.31352869291,2077.912982149008,12957.552730951422,0.4286458900298736,0.4286458900298739,59.32405977176775,49830.05184501862,156.9843243041491,7501.8145401345755,1,4.2442293116368604e-05,4.354303973056866e-05,12,1
487,6,0.0853266752300803,0.08532237174723557,0,18.518003750302356,1.5924771848241084,0.007896952420321715,57.57529344104455,0.5757529344104455,0.0,39.180991696051095,0.8354342571528095,18047.48855667724,81722.03221582343,38777.51656609457,2077.7418940728294,12976.186362851415,0.35733512466974676,0.3573351246697469,59.32405977176775,49830.05184501862,157.27220077135433,7501.9009030747375,1,3.5495971978869046e-05,3.385274943698638e-05,12,1
488,6,0.08995807419844921,0.08917228469208284,0,17.71850979770041,1.673716326129636,0.05931413046179485,70.21173504329059,0.7021173504329059,0.0,39.053527135309025,0.8442307274536319,18109.00902475048,81725.43535027385,38717.53548726527,2080.9708764678267,13123.94599469593,0.40240912560567177,0.40240912560567127,59.32405977176775,49830.05184501862,159.47131834655994,7501.9009030747375,1,4.2799161210609554e-05,4.024580876861573e-05,12,1
489,6,0.09075217935223506,0.09089756519373035,0,17.382203765662364,1.685163489707375,0.06655917070087024,85.3035000677061,0.853035000677061,0.0,39.012964030537695,0.8559535181365944,18150.43212250913,81727.74364969252,38679.42778398431,2083.027782724817,13130.5464380623,0.4254320662267795,0.42543206622677976,59.32405977176775,49830.05184501862,162.40201601730055,7501.9009030747375,1,5.197255146697124e-05,4.342256155214995e-05,12,1
490,6,0.08775735269830373,0.0871374990871208,0,18.13226241919455,1.6236960904080358,0.02765575342280739,95.93934702521307,0.9593934702521307,0.0,38.9535898816859,0.8617992488477408,18204.20405767378,81730.72888548137,38609.96458797631,2086.7872380998165,13412.725991988587,0.4758577580596644,0.4758577580596647,59.32405977176775,49830.05184501862,163.8634486950872,7501.9009030747375,1,5.722287748666011e-05,5.0664863388080304e-05,12,1
491,6,0.09317037851451553,0.09286891921949275,0,17.013226957726513,1.717989202873907,0.08733493852778919,71.93267757045318,0.7193267757045319,0.0,38.698249709670385,0.8749089117888698,18272.386565749497,81734.56102260476,38544.39746215883,2090.3484696852593,13187.35632087587,0.47900223954031673,0.4790022395403161,59.32405977176775,49830.05184501862,167.14086443036942,7501.9009030747375,1,4.363736040503112e-05,5.094426311955415e-05,12,1
492,6,0.08989615844813094,0.08832179379584988,0,17.88912942203221,1.6501785622063998,0.0444168115230378,66.57505016674075,0.6657505016674076,0.0,38.437759539005306,0.8811883612488935,18324.276828729708,81737.45746966345,38457.97357619604,2095.060598519236,13539.139505682242,0.44477252193754535,0.444772521937546,59.32405977176775,49830.05184501862,168.71072679537536,7501.9009030747375,1,3.933783244573254e-05,4.6732690112474584e-05,12,1
493,6,0.08670259688615883,0.08636228012254475,0,18.295024144314404,1.5906887252301165,0.006765015968428123,87.19491936669965,0.8719491936669965,0.0,38.366597205585826,0.8829322596362276,18324.768201525574,81737.39346063572,38447.527173245384,2095.633417713005,14006.327605476059,0.4230759993005497,0.42307599930054945,59.32405977176775,49830.05184501862,169.14670139220885,7502.0316954537875,1,4.980315858532912e-05,4.425945047869759e-05,12,1
494,6,0.08600968123712131,0.08625705986925843,0,18.317341240181825,1.5774911230645763,0.0015878967945720172,45.09175825286735,0.45091758252867353,0.0,38.01833793222197,0.8838340948012849,18325.116769400545,81737.3772829366,38441.63378618002,2095.9564335045375,14112.995925832833,0.37743239883819124,0.3774323988381909,59.32405977176775,49830.05184501862,169.3721601834732,7502.099333091167,1,2.5560417357071638e-05,3.8233802796044436e-05,12,1
495,6,0.08562559177917654,0.08549089673141487,0,18.481499907105388,1.5691565206218605,0.006862961631733901,104.7249183696384,1.047249183696384,0.0,38.07295790251086,0.8859285931686777,18325.732782995186,81737.29248740186,38425.8757252825,2096.8197279048236,14506.352954354668,0.4197161937256587,0.4197161937256584,59.32405977176775,49830.05184501862,169.8957847753214,7502.256420468721,1,5.775396128808571e-05,4.437251241016216e-05,12,1
496,6,0.08772317930779441,0.08723729842490462,0,18.111519138343006,1.6043167280803508,0.01539033422807005,64.54331233712493,0.6454331233712494,0.0,37.845722253335104,0.8872194594154201,18333.090067156325,81737.63162119388,38386.7265606859,2098.9656457372985,14879.021967221992,0.38001561966321884,0.3800156196632191,59.32405977176775,49830.05184501862,170.21850133700704,7502.353235437227,1,3.470298651581363e-05,3.933912172032366e-05,12,1
497,6,0.08976606834284892,0.0897001084175682,0,17.614248498394783,1.6345418813483448,0.03452017806857259,143.1205626753827,1.4312056267538271,0.0,37.98741270396349,0.8976292074009201,18370.54737155828,81739.74873593928,38303.343221250405,2103.549969929221,14823.31994388778,0.5064688778764613,0.5064688778764613,59.32405977176775,49830.05184501862,172.82093833338203,7502.353235437227,1,7.724076021682135e-05,5.656590267357356e-05,12,1
498,6,0.08966562928945458,0.09016887043923072,0,17.522677086931466,1.6245535773250384,0.028198466661416635,83.83624700341554,0.8383624700341554,0.0,37.72920073508087,0.9029552988086406,18437.863077558428,81743.54771088444,38207.66279314702,2108.8341904167037,14930.090474704726,0.47394433161819216,0.47394433161819266,59.32405977176775,49830.05184501862,174.15246118531212,7502.353235437227,1,4.492203025585407e-05,5.228859232949635e-05,12,1
499,6,0.09271891513518447,0.09274728295130594,0,17.035539475906045,1.6752347759459736,0.060275174649350324,91.13667151826562,0.9113667151826562,0.0,37.4615683226487,0.9145045987712728,18495.69332544845,81746.85045033906,38154.97320527217,2111.7563779125835,14989.567983167246,0.5068401744256947,0.5068401744256952,59.32405977176775,49830.05184501862,177.03978617597016,7502.353235437227,1,4.864005239943346e-05,5.693428095736962e-05,12,1
500,6,0.08974014258006649,0.09108550918518339,0,17.346337679111464,1.6151355030364578,0.022237660149656797,79.56079181311401,0.7956079181311401,0.0,37.26696839714208,0.918552675265794,18556.99094830187,81750.3080001002,38081.13493704078,2115.863636478834,15108.614113253134,0.42020874044968815,0.4202087404496885,59.32405977176775,49830.05184501862,178.05180529960046,7502.353235437227,1,4.212738042906214e-05,4.522982102811655e-05,12,1
501,6,0.09003547877258476,0.0917792595336933,0,17.215218427644455,1.6131788904603255,0.020999297759699623,50.42902814063609,0.5042902814063609,0.0,36.90565173530908,0.9210418983410915,18626.432140865905,81754.2382477866,37995.72480936682,2120.634788090077,15501.983370518032,0.3710895762233475,0.3710895762233472,59.32405977176775,49830.05184501862,178.67411106842482,7502.353235437227,1,2.6024555405751748e-05,3.893066274474912e-05,12,1
502,6,0.08771093028415525,0.08739168487717541,0,18.07952326609345,1.5696304308629994,0.00656301844113969,123.0515401490438,1.230515401490438,0.0,37.03749373419767,0.9235029291440724,18612.73669973993,81753.32020524339,37972.85687163626,2121.9228018706767,15593.62654509871,0.406144289239035,0.40614428923903545,59.32405977176775,49830.05184501862,179.28936876917004,7503.351922974595,1,6.312914563814308e-05,4.376036049098566e-05,12,1
503,6,0.08869246549374035,0.08819567280283855,0,17.914711116633697,1.5855265436244006,0.003497812420506662,136.71530131264274,1.3671530131264273,0.0,37.15245149152281,0.9262372351703253,18613.753589855547,81753.20804964378,37952.93078615633,2123.041722431674,15679.175407391776,0.47316943291441127,0.47316943291441155,59.32405977176775,49830.05184501862,179.97294527573325,7503.556995926564,1,6.975637315630249e-05,5.297002473339911e-05,12,1
504,6,0.08939579009862392,0.09041703288227218,0,17.474583600384726,1.5944446078535548,0.009142156869338433,68.67647314721988,0.6867647314721989,0.0,36.657349593971496,0.9276107646332697,18662.358405619998,81755.88747140714,37909.58425066015,2125.4781882704197,16023.883912457228,0.49028653034027747,0.4902865303402771,59.32405977176775,49830.05184501862,180.31632764146934,7503.660010636285,1,3.428705476021562e-05,5.5724191184887065e-05,12,1
505,6,0.08562042799858965,0.08504560052424781,0,18.57826848491143,1.528865037608126,0.03236390024802151,48.689430355655915,0.48689430355655916,0.0,36.188062417984135,0.9276107646332697,18651.04437330865,81754.7867962013,37931.418979451235,2124.25835356625,16432.572232439717,0.3912326009166829,0.39123260091668266,59.32405977176775,49830.05184501862,180.31632764146934,7504.809997167708,1,2.3703863116226e-05,4.258243034424804e-05,12,1
506,6,0.08599683886824795,0.08490403230487256,0,18.609245722588906,1.536224454000479,0.027706041771848763,40.97967140292718,0.4097967140292718,0.0,35.92092909350716,0.9276107646332697,18636.207073866033,81753.61632269688,37939.355024982,2123.8202479802558,16820.1500320296,0.26648773199712933,0.2664877319971293,59.32405977176775,49830.05184501862,180.31632764146934,7506.014820947599,1,1.949075190168557e-05,2.582722325937573e-05,12,1
507,6,0.08324536259514131,0.08431418879822979,0,18.73943190962863,1.487105761364688,0.05879382192108353,54.764884097812235,0.5476488409781224,0.0,35.825979264323,0.9276107646332697,18625.657220423,81752.01208105835,37939.86386661039,2123.80168676635,16298.56605826682,0.250747806205975,0.25074780620597487,59.32405977176775,49830.05184501862,180.31632764146934,7507.650341933411,1,2.6880835480632906e-05,2.3358483499514825e-05,12,1
508,6,0.08051784970284276,0.08094116656414103,0,19.52035122631874,1.4412805624993057,0.08779711234221163,66.77133295220911,0.6677133295220911,0.0,35.781643191976386,0.9276107646332697,18612.09391612369,81749.38030587544,37978.17678190624,2121.6695830621748,16467.326499862258,0.2710809003747641,0.27108090037476373,59.32405977176775,49830.05184501862,180.31632764146934,7510.31619878538,1,3.243821415832989e-05,2.6269933846882786e-05,12,1
509,6,0.07967259261795574,0.07887250432652464,0,20.032329561376052,1.4301878972242588,0.09481778656692487,65.5376357092838,0.655376357092838,0.0,35.65546569025451,0.9276107646332697,18598.06768762524,81746.6130204281,38031.97923917865,2118.677129248912,16659.48722957184,0.29904308872262175,0.2990430887226217,59.32405977176775,49830.05184501862,180.31632764146934,7513.1214329239465,1,3.1471622052304026e-05,3.0263557230422274e-05,12,1
510,6,0.07665511436905786,0.07602377858246984,0,20.782971189547386,1.3806536027341076,0.1261686058644889,87.89908464102753,0.8789908464102753,0.0,35.64884036870479,0.9276107646332697,18591.132550776663,81742.64422315574,38096.0796211621,2115.128178849443,16000.959758497265,0.3437704456344444,0.34377044563444464,59.32405977176775,49830.05184501862,180.31632764146934,7517.131955315756,1,4.394690616947472e-05,3.5952247460036204e-05,12,1
511,7,0.070745265964237,0.0709209803695289,0,22.278315834997183,1.3105072359542975,0.17056504053525476,65.57585332940728,0.6557585332940729,0.0,57.246859575943304,1.029615026603757,17647.973866276156,81737.81308963621,39102.27654774383,2110.862785250394,16040.959758497265,0.39335958175456537,0.3933595817545649,80.20479879248634,49749.84704622613,180.31632764146934,7522.009702897365,1,3.270420439508689e-05,3.6040910872288546e-05,15,1
512,7,0.06854758772433234,0.06844919031266694,0,23.082815045477776,1.275910086406647,0.19246197062870443,102.18718402149581,1.021871840214958,0.0,57.14558724208465,1.029615026603757,17639.80294086552,81730.95362605018,39196.60243297942,2105.816524530641,16080.959758497265,0.439926568790125,0.43992656879012537,80.20479879248634,49749.84704622613,180.31632764146934,7528.921116845564,1,5.0836360792458076e-05,4.249582378567323e-05,15,1
513,7,0.07013129348530338,0.07086973171684821,0,22.294426149554322,1.3098786420365307,0.17096288478700591,98.18943181544874,0.9818943181544875,0.0,56.983048780813654,1.029615026603757,17635.34487991857,81725.26587462424,39264.224230986794,2102.218285454951,16135.995826545255,0.4506359866862129,0.45063598668621363,80.20479879248634,49749.84704622613,180.31632764146934,7534.662097095771,1,4.86809406105164e-05,4.4073835266020455e-05,15,1
514,7,0.0739996151346552,0.07411891473786043,0,21.31709571825295,1.3879035054807622,0.12158005982230241,118.23631635439952,1.1823631635439953,0.0,56.87901519761278,1.029615026603757,17627.94077868249,81720.19091015267,39346.34646744245,2097.850811708249,15330.035684369393,0.5277256827813661,0.5277256827813664,80.20479879248634,49749.84704622613,180.31632764146934,7539.7960172521325,1,6.170178271663337e-05,5.3739694706535945e-05,15,1
515,7,0.07151019610922886,0.07127115020051195,0,22.168857883658102,1.3448031927864046,0.14885873874278194,50.30514690672601,0.5030514690672601,0.0,56.33015416334261,1.029615026603757,17618.05005557831,81717.29309498711,39399.07912212058,2095.0544210920543,15159.62468286588,0.4688221883939858,0.46882218839398554,80.20479879248634,49749.84704622613,180.31632764146934,7542.7456011221475,1,2.654690888941769e-05,4.564321073885581e-05,15,1
516,7,0.07146359069118051,0.07153002799604044,0,22.088625494281384,1.348580344802501,0.1464681362009487,66.20850616399946,0.6620850616399946,0.0,55.990418323548326,1.029615026603757,17606.084688328552,81713.552635687,39467.37338599472,2091.4439604455124,15098.325842092445,0.43545892725768076,0.4354589272576804,80.20479879248634,49749.84704622613,180.31632764146934,7546.5337434941475,1,3.5081243765142517e-05,4.1109978457064526e-05,15,1
517,7,0.07293249273228336,0.0723800304780745,0,21.8292254032501,1.3810874397693542,0.12589402546243408,62.31989058681236,0.6231989058681237,0.0,55.76311406410638,1.029615026603757,17592.085927496428,81710.30234943618,39536.06296449435,2087.821192047499,15125.995984132993,0.3647254942518917,0.36472549425189166,80.20479879248634,49749.84704622613,180.31632764146934,7549.823887480329,1,3.296041630696465e-05,3.152952298717495e-05,15,1
518,7,0.07450324700714134,0.07327070840388215,0,21.563869579242198,1.4141656267496912,0.104958464082474,48.23380261329301,0.4823380261329301,0.0,55.42176047154617,1.029615026603757,17580.51819368988,81708.09378323558,39582.81425564315,2085.3626562144987,15157.5352194391,0.3609722112208095,0.36097221122080997,80.20479879248634,49749.84704622613,180.31632764146934,7552.071918976966,1,2.5457332958163045e-05,3.116633101009007e-05,15,1
519,7,0.06839042920751437,0.06689463848419658,0,23.61923221056445,1.3014857169244198,0.17627486270606343,64.04876519115959,0.640487651911596,0.0,55.24088710056478,1.029615026603757,17576.07246076484,81704.22359325094,39634.02763609533,2082.6875977252507,14236.541829142665,0.3713563858217153,0.37135638582171543,80.20479879248634,49749.84704622613,180.31632764146934,7555.980107723475,1,3.599119278253357e-05,3.1469647349220425e-05,15,1
520,7,0.0637416829861151,0.06344337952900843,0,24.904095773737453,1.2219625295907746,0.22660599392988956,79.89984458337261,0.7989984458337261,0.0,55.14549837210799,1.029615026603757,17571.118681815555,81698.07341923362,39780.08836217661,2075.0634492783315,13917.354402371737,0.40590927341893374,0.4059092734189332,80.20479879248634,49749.84704622613,180.31632764146934,7562.170563798675,1,4.592817989588966e-05,3.579223521219543e-05,15,1
521,7,0.06289836254286146,0.06280777917060885,0,25.15611952634312,1.215499753902781,0.23069635828937915,85.52513350325036,0.8552513350325036,0.0,54.99059626778724,1.029615026603757,17566.670317426528,81691.41335387561,39940.080923446396,2066.7759757646863,13837.657664153527,0.4647032966845232,0.4647032966845235,80.20479879248634,49749.84704622613,180.31632764146934,7568.876127091271,1,4.944486159665785e-05,4.378807809169369e-05,15,1
522,7,0.059537557069015715,0.05882416096296816,0,26.85971162418559,1.1640818029862947,0.2632393651985477,115.36469943855724,1.1536469943855725,0.0,54.98228025861937,1.029615026603757,17564.483631120132,81681.26202967283,40174.63557677144,2054.7522109209535,12772.016802158563,0.56503821117499,0.5650382111749901,80.20479879248634,49749.84704622613,180.31632764146934,7579.0778794100215,1,7.226091304174281e-05,5.587798484476344e-05,15,1
523,7,0.06149459104929444,0.061512786227526164,0,25.685716692393473,1.2093793426917665,0.2345700362710339,63.33050533447528,0.6333050533447528,0.0,54.5732983165648,1.029615026603757,17553.129489390678,81675.88335310019,40292.18479594718,2048.7793523862706,12407.1391956063,0.5560623042609513,0.5560623042609513,80.20479879248634,49749.84704622613,180.31632764146934,7584.50458052784,1,4.083488019987868e-05,5.418021827942644e-05,15,1
524,7,0.06360595542982964,0.06282579810073853,0,25.14890455456748,1.2594052759705556,0.2029080531831927,114.36186750956493,1.1436186750956494,0.0,54.512149343278566,1.029615026603757,17554.82819042863,81668.35095318587,40429.23505301882,2041.8686279225517,12072.265230983307,0.6244248447262642,0.6244248447262649,80.20479879248634,49749.84704622613,180.31632764146934,7592.089007991698,1,7.578486080047794e-05,6.296021801403314e-05,15,1
525,7,0.06662830815627875,0.06744137004088459,0,23.427756569034198,1.323308399532537,0.16246303827054626,85.64638400986901,0.8564638400986901,0.0,54.266965763470466,1.029615026603757,17544.296769440138,81663.3186562678,40491.64690051439,2038.7461671034055,12142.351367110496,0.5842102405679593,0.5842102405679599,80.20479879248634,49749.84704622613,180.31632764146934,7597.170158392038,1,5.6428203349052124e-05,5.768264811646958e-05,15,1
526,7,0.06957986044841288,0.06993957999993006,0,22.590927769391527,1.3854638310626057,0.12312415755531286,69.10261639881723,0.6910261639881723,0.0,53.85816641600689,1.029615026603757,17540.868231093926,81660.43478807282,40543.51453537503,2036.1499305947016,12261.806983472448,0.5917455962958121,0.5917455962958121,80.20479879248634,49749.84704622613,180.31632764146934,7600.103906804743,1,4.5084784969758455e-05,5.909928303976284e-05,15,1
527,7,0.07267094455078553,0.07180759440867203,0,22.003243709960394,1.4496909494845738,0.08247408260470018,47.09305506689109,0.47093055066891093,0.0,53.44159870591463,1.029615026603757,17530.829929837586,81658.71600525409,40581.06942473926,2034.2712679728884,12467.428264642711,0.4770032804412701,0.47700328044127044,80.20479879248634,49749.84704622613,180.31632764146934,7601.863515564596,1,3.0218296230632087e-05,4.391042818314755e-05,15,1
528,7,0.07677342690332588,0.07659856389972036,0,20.627018570067058,1.5312578911047947,0.030849436009623643,70.2086124745803,0.7020861247458031,0.0,53.2610383070149,1.029615026603757,17522.614941174754,81657.63130530968,40577.540886996525,2034.4560425134453,12857.128212929361,0.4407410006676065,0.4407410006676063,80.20479879248634,49749.84704622613,180.31632764146934,7602.987072888397,1,4.3685408630507245e-05,3.96628299436326e-05,15,1
529,7,0.0785618803352202,0.07913004341203428,0,19.96713172230751,1.5660852329835706,0.008806814567360419,68.14190307835018,0.6814190307835019,0.0,53.07941301617553,1.0309778646653238,17523.10544095996,81657.58335573983,40566.6403919456,2035.005171463343,12691.278999791099,0.4370084998039622,0.4370084998039621,80.20479879248634,49749.84704622613,180.6570371568611,7603.089285743014,1,4.295352932007677e-05,3.8952411393738705e-05,15,1
530,7,0.07783802854253974,0.07890616282478437,0,20.023784498410855,1.5509840425639443,0.018364530022820114,59.34721725826185,0.5934721725826185,0.0,52.79279266129526,1.0321648090104891,17523.536242415652,81657.54799570476,40557.88231503081,2035.4468612349895,12717.158050999638,0.4531892006626448,0.4531892006626444,80.20479879248634,49749.84704622613,180.9537732431524,7603.1783065689015,1,3.7333635090646275e-05,4.132419101374343e-05,15,1
531,7,0.15320869653700248,0.1522749319025612,0,10.375969177980142,3.0279310560748587,0.9164120608068725,92.23735540259169,0.9223735540259169,0.0,52.725237329163996,1.087507222252044,17647.106026925445,81664.93156633219,40392.57379801922,2043.8026714490056,12757.158050999638,0.4869683906944571,0.4869683906944567,80.20479879248634,49749.84704622613,194.78937655354116,7603.1783065689015,1,5.784194569596264e-05,4.6043036702228556e-05,15,1
532,7,0.15630362607627,0.1582571127289177,0,9.983753480365959,3.07057181047955,0.9433998800503479,89.51657953685107,0.8951657953685107,0.0,52.58967323911123,1.1412171699741547,17723.90749830717,81669.65220389029,40271.459285913435,2049.9683779706434,12415.815779665494,0.5265493598487866,0.5265493598487868,80.20479879248634,49749.84704622613,208.21686348406882,7603.1783065689015,1,5.767906426798663e-05,5.095154835153185e-05,15,1
533,7,0.152386455189501,0.1527898039363274,0,10.341004172362435,2.9695251692583864,0.8794463096572065,82.3007752371651,0.823007752371651,0.0,52.32904859249997,1.1905976351164538,17845.693989711293,81676.60851705725,40109.318200003116,2058.280860469238,12401.857917709443,0.5642951468574315,0.5642951468574307,80.20479879248634,49749.84704622613,220.56197976964359,7603.1783065689015,1,5.3089319863690635e-05,5.620344327587996e-05,15,1
534,7,0.15120284199796277,0.14999647120396367,0,10.533581139062479,2.9308751269106907,0.8549842575384118,57.33424713525206,0.5733424713525207,0.0,51.94379853495017,1.224998183397605,17947.440549056424,81682.30382978445,40003.2610372744,2063.7545088445436,12401.857917709443,0.5124076989037862,0.5124076989037869,80.20479879248634,49749.84704622613,229.1621168399314,7603.1783065689015,1,3.69842954277879e-05,4.925089318648839e-05,15,1
535,7,0.15407528314405075,0.15606556615822648,0,10.12395007363843,2.967559525201969,0.8782022311404867,78.85201551914399,0.7885201551914399,0.0,51.77893424602992,1.2723093927090914,18074.516926850854,81689.79029000223,39876.045373009256,2070.358801343089,12154.000554574115,0.5009725192056534,0.5009725192056532,80.20479879248634,49749.84704622613,240.989919167803,7603.1783065689015,1,5.190193313885827e-05,4.732518281011227e-05,15,1
536,7,0.15510672008596382,0.15440396236229786,0,10.232898015224784,2.9659244509907574,0.8771673740447831,62.7653111899803,0.627653111899803,0.0,51.53331784039451,1.3099685794230795,18226.747280660984,81698.25511580172,39732.51231050458,2077.8613100542357,11903.839619128066,0.47694500567857373,0.47694500567857406,80.20479879248634,49749.84704622613,250.40471584630006,7603.1783065689015,1,4.2181557008966317e-05,4.36892618585375e-05,15,1
537,7,0.1576736413513917,0.15474374812145603,0,10.210428654990844,2.9983993598556737,0.8977211138327048,63.095266440679964,0.6309526644067996,0.0,51.30065710884775,1.3478257392874875,18330.424313060295,81704.26792326901,39623.090763370434,2083.6173746241834,10933.654498060225,0.5125313790202314,0.5125313790202316,80.20479879248634,49749.84704622613,259.86900581240207,7603.1783065689015,1,4.6165912011852136e-05,4.6749800719892235e-05,15,1
538,7,0.1491794620933238,0.14897066767010428,0,10.606114778910113,2.817583216643183,0.7832805168627739,70.53008768385449,0.7053008768385449,0.0,51.13223814263594,1.3901437918978001,18434.033726635174,81710.6348835579,39488.37967193109,2090.7475611009213,10973.654498060225,0.5101687800314877,0.5101687800314874,80.20479879248634,49749.84704622613,270.4485189649802,7603.1783065689015,1,5.141775709911177e-05,4.65884087066434e-05,15,1
539,7,0.14024914548115414,0.14365616657950328,0,10.998483654550148,2.6334380143732794,0.6667329204894172,63.50794932340155,0.6350794932340155,0.0,50.88863028102223,1.428248561491841,18543.48989540175,81716.96798494928,39373.03322461906,2096.891680994466,11013.654498060225,0.518352463233577,0.5183524632335774,80.20479879248634,49749.84704622613,279.9747113634904,7603.1783065689015,1,4.6130337089900075e-05,4.790466873362133e-05,15,1
540,7,0.1397572278006118,0.14121527520972615,0,11.188591302558876,2.6139504676633782,0.654399030166695,70.74932863188435,0.7074932863188436,0.0,50.70008450373126,1.4706981586709715,18617.70491474546,81721.72679012807,39296.17893056097,2101.005775905642,10660.285240795327,0.5401550511686218,0.5401550511686221,80.20479879248634,49749.84704622613,290.5871106582731,7603.1783065689015,1,5.3093760276610386e-05,5.021395148854074e-05,15,1
541,7,0.137449470044563,0.13633514390758014,0,11.58908814495448,2.554929757226292,0.6170441501432227,57.553208468632825,0.5755320846863282,0.0,50.43391472048193,1.5052300837521513,18717.276729779576,81727.65611298176,39174.982677157735,2107.5258890193245,10529.272717598928,0.5226809683499781,0.5226809683499785,80.20479879248634,49749.84704622613,299.220091928568,7603.1783065689015,1,4.372815484012433e-05,4.765075073554493e-05,15,1
542,7,0.14071299502111298,0.14216806602114282,0,11.113606903571629,2.5935429770340597,0.6414828968569997,148.8617413066486,1.4886174130664862,0.0,50.63597070460447,1.5945471285361406,18811.541417649165,81733.87591580079,39009.764604763615,2116.479603851502,10184.028156275044,0.7016292262184841,0.7016292262184843,80.20479879248634,49749.84704622613,321.5493531245653,7603.1783065689015,1,0.00011693741535066372,7.125311015579948e-05,15,1
543,7,0.1363309941317607,0.13557206707742175,0,11.654318135443804,2.5045609352645593,0.5851651489016197,87.26004513573588,0.8726004513573589,0.0,50.35596240674106,1.6469031556175822,18890.18912726695,81738.56976775806,38946.04312425339,2119.953522339449,10001.406465927186,0.744568636596175,0.7445686365961746,80.20479879248634,49749.84704622613,334.63835989492566,7603.1783065689015,1,6.979821922687663e-05,7.682126313922156e-05,15,1
544,7,0.14235348510475798,0.142520958004284,0,11.08608882598521,2.6049948405508805,0.6487309117410636,85.68712311727172,0.8568712311727172,0.0,50.004922448783475,1.6983154294879452,18945.53639287102,81742.18668948278,38870.093970686845,2124.109137163044,9621.42251512501,0.8174571817930947,0.8174571817930937,80.20479879248634,49749.84704622613,347.49142836251644,7603.1783065689015,1,7.124694751327707e-05,8.599419403027247e-05,15,1
545,7,0.13214798770280906,0.1328013410387386,0,11.897470218611035,2.4080012671494164,0.5240514349046939,81.59839015051695,0.8159839015051695,0.0,49.80708584412996,1.7472744635782553,19007.059866346633,81746.03144093828,38787.84942197068,2128.6268900102446,9009.85015160362,0.7212858157206441,0.7212858157206443,80.20479879248634,49749.84704622613,359.73118688509396,7603.1783065689015,1,7.245260578367658e-05,7.116592417461009e-05,15,1
546,7,0.13084874770126814,0.13159464514352318,0,12.006567579378169,2.3701138810566795,0.5000720766181516,70.6887982714461,0.7068879827144611,0.0,49.55891957650424,1.789687742541123,19102.426209112862,81751.7637286916,38672.248399689575,2135.009340410146,8586.779086422122,0.7205851559472648,0.7205851559472647,80.20479879248634,49749.84704622613,370.3345066258109,7603.1783065689015,1,6.585826658400755e-05,6.985260662698705e-05,15,1
547,7,0.13456152815345337,0.13313219765114973,0,11.867902940655432,2.4244051740094066,0.5344336544363332,75.64937006486943,0.7564937006486944,0.0,49.36890590565142,1.8350773645800447,19173.00687662455,81756.12427436005,38569.45829022304,2140.716949139441,8314.269190014213,0.7304102105636218,0.7304102105636224,80.20479879248634,49749.84704622613,381.6819121355413,7603.1783065689015,1,7.278991655043117e-05,7.036692963937176e-05,15,1
548,7,0.13500659462828238,0.13520342892432646,0,11.686094151386708,2.42146698348371,0.5325740401795633,121.50930592449363,1.2150930592449363,0.0,49.43854050697391,1.9079829481347408,19231.22578556625,81760.61314749347,38482.62447055304,2145.562222225247,8354.269190014213,0.8365098195234754,0.8365098195234748,80.20479879248634,49749.84704622613,399.9083080242154,7603.1783065689015,1,0.0001163566106485845,8.500159792767441e-05,15,1
549,7,0.1318014193940655,0.13062225561220944,0,12.095947911745563,2.3519103580499823,0.4885508595253052,59.04785210868213,0.5904785210868213,0.0,49.00639703355445,1.94341165939995,19328.20767704924,81766.33012096408,38384.41781182349,2151.0686973664288,8394.269190014213,0.8102808672512251,0.8102808672512261,80.20479879248634,49749.84704622613,408.7654858405177,7603.1783065689015,1,5.6274442262514246e-05,8.180698982050998e-05,15,1
550,7,0.13307853724966223,0.1351873677184095,0,11.687482541202252,2.3652936926144386,0.497021324439518,77.985654800741,0.77985654800741,0.0,48.733049227690216,1.9902030522803946,19367.567522961235,81769.1282206869,38308.442866835336,2155.348216142951,8394.269190014213,0.8128222094899461,0.8128222094899464,80.20479879248634,49749.84704622613,420.4633340606289,7603.1783065689015,1,7.432275809645219e-05,8.231793700251698e-05,15,1
551,7,0.10469768090960929,0.10363274262832736,0,15.246146728612361,1.8512670935339028,0.17168803388221693,87.2293327812013,0.872293327812013,0.0,48.630839701680245,2.0210676427517753,19455.741902350273,81774.36025034658,38209.71124903366,2160.9351616373733,8434.269190014213,0.7295696778576962,0.7295696778576957,80.20479879248634,49749.84704622613,428.1794816784741,7603.1783065689015,1,8.273801162000077e-05,7.11117373263224e-05,15,1
552,7,0.10417022655252542,0.10363274262832736,1,15.246146728612361,1.8313466655947692,0.15908016809795514,68.7209500665893,0.6872095006658929,0.0,48.35485100505871,2.043757521788267,19555.866674572117,81780.27303654229,38099.84041879337,2167.1860836636274,8280.901180652734,0.7568650507322702,0.7568650507322694,80.20479879248634,49749.84704622613,433.85195143759705,7603.1783065689015,1,6.638982745225556e-05,7.448353238956951e-05,15,1
553,7,0.10592236159329198,0.10659096438201263,0,14.823020029516004,1.8552726017000365,0.17422316563293444,41.18071471647479,0.4118071471647479,0.0,47.953315631007655,2.058430551017752,19620.46998221583,81784.12790429192,38029.53056084495,2171.205290046238,8044.353198694053,0.6801123538958677,0.6801123538958678,80.20479879248634,49749.84704622613,437.5202087449682,7603.1783065689015,1,4.095366148086109e-05,6.336050018437248e-05,15,1
554,7,0.09756986966853058,0.09752641494813188,0,16.200739059672213,1.6996192458074395,0.07570838342243001,84.34793162391999,0.8434793162391999,0.0,47.90822899931975,2.0717772560313086,19681.903583561263,81787.77872612418,37925.44635092437,2177.1822522653283,8304.335580944638,0.6694980594877109,0.6694980594877111,80.20479879248634,49749.84704622613,440.8568849983574,7603.1783065689015,1,8.125676598856832e-05,6.286675164056166e-05,15,1
555,7,0.09993192344862413,0.1014211512950266,0,15.578604460956052,1.7342662619391067,0.0976368746450042,84.49511034257904,0.8449511034257904,0.0,47.82185463332332,2.088852633306064,19744.133511198306,81791.46833513523,37854.702918314644,2181.2644097531615,8334.234661946857,0.7041750090388539,0.7041750090388537,80.20479879248634,49749.84704622613,445.1257293170463,7603.1783065689015,1,8.110653349215026e-05,6.777232032052656e-05,15,1
556,7,0.09837391926610821,0.09699322776815286,0,16.28979709569768,1.7002418353772257,0.07610242745394029,48.019744070540106,0.4801974407054011,0.0,47.41756476631117,2.0965457652025274,19816.114466461288,81795.7072100483,37777.29330475407,2185.748123783489,8225.548254820533,0.7191384726025846,0.7191384726025842,80.20479879248634,49749.84704622613,447.04901229116217,7603.1783065689015,1,4.670302096145232e-05,6.968877348072363e-05,15,1
557,7,0.10237103226169288,0.10486411676175293,0,15.067117797689525,1.7655231964000586,0.11741974455699908,89.12638619142828,0.8912638619142829,0.0,47.360919860080735,2.117914565989667,19858.557686376156,81798.39252741323,37736.742589806825,2188.104523910738,7962.742394346333,0.7459874612109159,0.7459874612109154,80.20479879248634,49749.84704622613,452.39121248794703,7603.1783065689015,1,8.954340781357877e-05,7.245098742239378e-05,15,1
558,7,0.10291057315264172,0.10004855788452496,0,15.79233157786862,1.7651046953153229,0.11715487045273595,81.3167702638418,0.8131677026384181,0.0,47.25998496499777,2.137705747297343,19935.725762637358,81803.08773649644,37633.38821713432,2194.1324848208546,7448.448376313827,0.7756464007485488,0.7756464007485482,80.20479879248634,49749.84704622613,457.3390078148661,7603.1783065689015,1,8.733821183206996e-05,7.452821353570034e-05,15,1
559,7,0.10230186341970912,0.10224906051597075,0,15.452464717298918,1.7459284028039648,0.1050179764582055,103.72922222765365,1.0372922222765366,0.0,47.19424356330521,2.1604222906237487,20013.26114183926,81807.84969116893,37539.73369983081,2199.6232512196243,7365.422439199223,0.938441468791801,0.938441468791801,80.20479879248634,49749.84704622613,463.0181436464674,7603.1783065689015,1,0.00011266614843499049,9.65159226935464e-05,15,1
560,7,0.09799882285571726,0.09730560062845417,0,16.237503183737353,1.6670533412127837,0.055097051400495964,89.56668109361307,0.8956668109361308,0.0,46.97213304070248,2.170754391588395,20062.628605078433,81810.80807161202,37478.75533113575,2203.213186853829,7625.649167608828,0.9401531060865408,0.9401531060865405,80.20479879248634,49749.84704622613,465.60116888762906,7603.1783065689015,1,9.396360008174724e-05,9.798932011626924e-05,15,1
561,7,0.09576653346233518,0.09444043708725962,0,16.730121637833335,1.6232357205729864,0.027364380109485,70.535610118001,0.70535610118001,0.0,46.59950294869775,2.174956172525746,20108.062375296882,81813.56182753269,37411.574257847955,2207.182070129746,7971.516454995692,0.888418915798063,0.8884189157980631,80.20479879248634,49749.84704622613,466.6516141219668,7603.1783065689015,1,7.07876455038081e-05,9.247246467351527e-05,15,1
562,7,0.09981114970802539,0.09444043708725962,1,16.730121637833335,1.6852614226816984,0.06662115359601162,61.973164982845766,0.6197316498284576,0.0,46.278138571876674,2.1835073109555476,20151.83164853668,81816.21886901652,37339.41372275764,2211.460941864788,8189.110618860616,0.7544816910562326,0.7544816910562328,80.20479879248634,49749.84704622613,468.7893987294172,7603.1783065689015,1,6.054202256358661e-05,7.509775604971398e-05,15,1
563,7,0.094495483291809,0.09501572247470666,0,16.628826880946978,1.5898408404477578,0.006228380030226381,79.37245324237855,0.7937245324237856,0.0,46.15684541239918,2.1850947600203954,20207.775171856803,81819.4713521539,37273.13630785217,2215.4060580177315,8057.0525591647365,0.7204402599657981,0.720440259965798,80.20479879248634,49749.84704622613,469.1862609956291,7603.297365248765,1,7.881041128579358e-05,7.004669311772943e-05,15,1
564,7,0.0909324753005127,0.09137339204482871,0,17.291685956288415,1.5308016497061296,0.031138196388525587,120.54761777381093,1.2054761777381093,0.0,46.2323033043502,2.1850947600203954,20198.052813133214,81817.69471071406,37284.25711216842,2214.754465152994,8321.237374256809,0.8238913410825084,0.8238913410825093,80.20479879248634,49749.84704622613,469.1862609956291,7605.129623497715,1,0.00011589393485804975,8.508212290247664e-05,15,1
565,7,0.0868650643822367,0.08801646852785777,0,17.951186027191262,1.4655619886603022,0.0724291211010746,100.04034904023615,1.0004034904023615,0.0,46.02468052424128,2.1850947600203954,20182.71749339478,81814.46309201136,37325.56339820701,2212.316840076035,8625.07504124832,0.8943395794248518,0.8943395794248518,80.20479879248634,49749.84704622613,469.1862609956291,7608.423762352927,1,9.279024106972378e-05,9.583152907118904e-05,15,1
566,7,0.08609779501716551,0.08542643412132418,0,18.49544600862135,1.4560050191235372,0.07847783599776131,99.427986923746,0.99427986923746,0.0,45.759468664521506,2.1850947600203954,20171.474281405135,81811.29930339397,37369.18401555065,2209.7481142382185,8838.760410840832,0.9157458732566464,0.9157458732566454,80.20479879248634,49749.84704622613,469.1862609956291,7611.653014138296,1,8.999269789170576e-05,9.955895793982643e-05,15,1
567,7,0.08587485010287586,0.08521659633942436,0,18.540989289301542,1.4544079430780705,0.07948864362147438,67.45305512640682,0.6745305512640682,0.0,45.37933849430737,2.1850947600203954,20152.496864481578,81808.4820445978,37397.2440855458,2208.1031291057234,8939.133251479501,0.7769552537477133,0.7769552537477133,80.20479879248634,49749.84704622613,469.1862609956291,7614.52640332863,1,6.036652836805428e-05,8.104982244316128e-05,15,1
568,7,0.08110625186850866,0.080633218087256,0,19.594901921069642,1.3787715380267278,0.1273597860590331,95.7740919014151,0.957740919014151,0.0,45.28073647757599,2.1850947600203954,20141.472706866312,81803.889167542,37467.114177611584,2204.0034302018125,8582.408326148632,0.7756832372506588,0.7756832372506589,80.20479879248634,49749.84704622613,469.1862609956291,7619.172809140259,1,8.927479398491297e-05,7.987800674822434e-05,15,1
569,7,0.07738115115538409,0.07791100848473549,0,20.279547534153114,1.3201347065100846,0.16447170474045283,67.11538456398709,0.6711538456398709,0.0,45.01433099541823,2.1850947600203954,20133.431090970782,81799.8807485033,37533.956169269404,2200.094218772522,8647.486158555335,0.7052131526162315,0.705213152616232,80.20479879248634,49749.84704622613,469.1862609956291,7623.23013711462,1,6.209007642998021e-05,7.057713292764915e-05,15,1
570,7,0.07190768587631977,0.07165557378301447,0,22.049924612766546,1.2321299384418383,0.22017092503681127,61.94214011826001,0.6194214011826001,0.0,44.715671851723556,2.1850947600203954,20123.56339584155,81794.9110242574,37616.255995181804,2195.3024884416004,8616.829972478798,0.6976684070253022,0.6976684070253023,80.20479879248634,49749.84704622613,469.1862609956291,7628.247875098188,1,5.750805371914857e-05,6.962430804468058e-05,15,1
571,7,0.07036264235225825,0.07080303464370129,0,22.315427692484626,1.2125407620180753,0.23256913796324355,78.07836737744306,0.7807836737744306,0.0,44.617777675383884,2.1850947600203954,20114.6993688246,81788.50018926106,37723.74953058418,2189.0750229204227,8267.130024192147,0.6718646131311709,0.6718646131311719,80.20479879248634,49749.84704622613,469.1862609956291,7634.702771060548,1,7.555547538162522e-05,6.505120184358466e-05,15,1
572,7,0.0676161032411208,0.06859291685905958,0,23.034448341750576,1.1718910466969834,0.2582968058879852,62.96230860099466,0.6296230860099467,0.0,44.41584891499409,2.1850947600203954,20110.939118354327,81783.02487408681,37831.933273102186,2182.837656465778,7799.94192439833,0.6887707356956294,0.6887707356956293,80.20479879248634,49749.84704622613,469.1862609956291,7640.220489360668,1,6.457720758565924e-05,6.588024556214435e-05,15,1
573,7,0.06593158960770805,0.06579287052645795,0,24.014760069856184,1.1479115912066125,0.27347367645151116,39.9921774199816,0.399921774199816,0.0,44.06261512864048,2.1850947600203954,20098.211100755598,81778.7794544025,37918.32602455391,2177.8815800912903,7799.94192439833,0.6469917863190562,0.6469917863190568,80.20479879248634,49749.84704622613,469.1862609956291,7644.505603173014,1,4.1017923269285376e-05,6.038353541218994e-05,15,1
574,7,0.07163583602604959,0.07148802678351532,0,22.10160317873451,1.253433539093321,0.20668763348523997,66.25071185720543,0.6625071185720544,0.0,43.9540536159954,2.1850947600203954,20086.44726030071,81773.6821433837,38012.74321033533,2172.4922419785134,7799.94192439833,0.6279770016010221,0.6279770016010221,80.20479879248634,49749.84704622613,469.1862609956291,7649.641188063353,1,6.794995398616727e-05,5.784836161370396e-05,15,1
575,7,0.06943730209797258,0.06918938733003464,0,22.835872103670628,1.2225939736921612,0.226206345764455,77.52568227394703,0.7752568227394703,0.0,43.91839909127028,2.1850947600203954,20077.35932303687,81767.46560387178,38132.118396424725,2165.716077212477,7376.21753636785,0.6870771308940257,0.6870771308940266,80.20479879248634,49749.84704622613,469.1862609956291,7655.897061085606,1,8.408177431504737e-05,6.434988385683333e-05,15,1
576,7,0.07044973575580489,0.07179250679745112,0,22.007867819098013,1.2504357057304063,0.2085849963731606,113.5494572347407,1.135494572347407,0.0,43.991802928791486,2.1850947600203954,20067.401887917214,81759.14374319339,38286.04685768419,2157.041639084273,7064.434351561478,0.9101329448359928,0.910132944835992,80.20479879248634,49749.84704622613,469.1862609956291,7664.268391719432,1,0.00012858717523182015,9.35396345110116e-05,15,1
577,7,0.06663032126180296,0.0668080388749692,0,23.649848530308752,1.1941036250432833,0.244238211997922,110.0598324214702,1.1005983242147022,0.0,43.92191695874769,2.1850947600203954,20062.82801442691,81750.06190614343,38471.434913739504,2146.6847716939897,6935.673909966041,1.0575498283856872,1.0575498283856868,80.20479879248634,49749.84704622613,469.1862609956291,7673.406162388853,1,0.0001269492583996171,0.00011320606931549489,15,1
578,7,0.06783384359814283,0.06729916831597564,0,23.477258925129032,1.2218292490806568,0.22669034868312862,57.73555436682872,0.5773555436682872,0.0,43.47739799090559,2.1850947600203954,20051.13067993929,81745.2007825922,38568.910640905466,2141.2791141925095,6592.669819978238,1.0329959156877853,1.0329959156877861,80.20479879248634,49749.84704622613,469.1862609956291,7678.319056057506,1,7.006030144797309e-05,0.00010853224502647013,15,1
579,7,0.06127510734631548,0.060467535286985966,0,26.129723867545387,1.1152425131604198,0.29415030812631665,100.38964706019571,1.003896470601957,0.0,43.45189249772799,2.1850947600203954,20050.529662462224,81735.52581480912,38770.60254705617,2130.1849641831895,5991.696097300485,1.0702486465578505,1.0702486465578505,80.20479879248634,49749.84704622613,469.1862609956291,7688.042165212216,1,0.00013403836967689403,0.00011034930984149473,15,1
580,7,0.06368133995369538,0.06398195620459021,0,24.694462215999692,1.166394368667652,0.26177571603313177,63.78376802988945,0.6378376802988945,0.0,43.19891315224594,2.1850947600203954,20043.50695367136,81729.73201794378,38893.676207028475,2123.468256639418,5991.696097300485,0.9670273882895181,0.9670273882895186,80.20479879248634,49749.84704622613,469.1862609956291,7693.879244859593,1,8.516288809591229e-05,9.64205197402598e-05,15,1
581,7,0.06137524278859353,0.06100203781295743,0,25.900774083065016,1.1332106268423259,0.28277808427700896,78.75475442543349,0.7875475442543349,0.0,43.00432866017346,2.1850947600203954,20037.831117477723,81722.14721027775,39050.32641793376,2114.984812270023,5991.696097300485,1.0512315033528234,1.0512315033528226,80.20479879248634,49749.84704622613,469.1862609956291,7701.510707832085,1,0.00010515186771360568,0.00010811770849547066,15,1
582,7,0.06558374574511233,0.06586281726889918,0,23.989256237693397,1.217108093491822,0.22967842184061907,95.32125929858763,0.9532125929858764,0.0,42.99548987993085,2.1850947600203954,20030.774473257163,81714.60979374145,39150.42066104115,2109.6164327373017,5511.178230213283,1.0845493934526682,1.0845493934526673,80.20479879248634,49749.84704622613,469.1862609956291,7709.092128358375,1,0.00013836788478517226,0.00010956088019823007,15,1
583,7,0.06649694056596325,0.06598886059840492,0,23.94343508392372,1.240437279108126,0.2149131144885279,66.76629773326005,0.6676629773326005,0.0,42.740312017124744,2.1850947600203954,20023.951235052675,81709.60734928044,39251.71453379021,2104.1925879092237,5291.195847962697,1.133035870939407,1.1330358709394055,80.20479879248634,49749.84704622613,469.1862609956291,7714.138543994246,1,0.00010094700653950279,0.00011482225301276024,15,1
584,8,0.06309376850363328,0.0625281762559622,0,25.26860840354901,1.2139101530282215,0.23170243479226493,57.140681186198805,0.571406811861988,0.0,0.0,0.0,19005.262075335275,81704.31447615084,40366.84253099256,2098.0928543348723,5331.195847962697,0.7909800098292764,0.7909800098292766,26.655979239813504,49723.19106698632,469.1862609956291,7719.461351387678,1,8.574538668735641e-05,0.0001083534260040105,18,1
585,8,0.06704588864651011,0.06646682470072715,0,23.771257422241728,1.298095909587922,0.17842031038739112,105.52410148195197,1.0552410148195197,0.0,0.18972860786173523,0.0,18998.052907025198,81697.77319274076,40494.38085728962,2091.5109043283837,5371.195847962697,0.8380220137791076,0.8380220137791069,26.655979239813504,49723.19106698632,469.1862609956291,7726.034351503111,1,0.00015717036498972932,0.00011462091940552952,18,1
586,8,0.06839811678969089,0.06946110837961225,0,22.746541724689077,1.3288564232881273,0.15895163083029926,50.742200852785565,0.5074220085278557,0.0,0.06815858198323077,0.0,18985.66140162986,81694.55453771193,40564.444361694215,2087.909238602894,5143.643787233287,0.7836179112407704,0.7836179112407705,26.655979239813504,49723.19106698632,469.1862609956291,7729.281378995504,1,7.892024090584122e-05,0.00010727866419430898,18,1
587,8,0.06955028039065486,0.0703684927085845,0,22.453230688672264,1.3581347976801412,0.14042101412649294,98.2946444775399,0.982946444775399,0.0,0.1839789805923384,0.0,18980.757519946488,81689.81937783271,40667.94503567792,2082.6113762599293,5242.010102566499,0.9407940107788443,0.9407940107788438,26.655979239813504,49723.19106698632,469.1862609956291,7734.0510146114575,1,0.00015001061433195584,0.00012870040674250877,18,1
588,8,0.06366704998190924,0.06278198140285982,0,25.16645643694241,1.2518376484695954,0.20769769084202824,108.69726574668977,1.0869726574668976,0.0,0.34360086298364884,0.0,18977.150332883855,81682.21575434899,40808.48498146239,2075.4734898547526,5282.010102566499,0.9600394847689254,0.9600394847689249,26.655979239813504,49723.19106698632,469.1862609956291,7741.689835084609,1,0.00016463015198531995,0.00013118700240770568,18,1
589,8,0.06159716216086773,0.06093401643707417,0,25.929687428887068,1.2173556462487518,0.22952174288053687,68.58521768159991,0.6858521768159992,0.0,0.1836180530939261,0.0,18971.379331608514,81676.81688908026,40913.322038145234,2070.179359572687,5322.010102566499,1.0177538396521517,1.017753839652153,26.655979239813504,49723.19106698632,469.1862609956291,7747.126181256487,1,0.0001030967117458499,0.0001392458260210419,18,1
590,8,0.060904131085530236,0.06062927661207559,0,26.060017342930166,1.2088753261885508,0.2348890340578793,63.25428080444065,0.6325428080444064,0.0,0.07657677398377533,0.0,18965.060982177096,81671.6834529382,41002.122804669416,2065.7205982969176,5322.010102566499,0.8833632356015853,0.8833632356015846,26.655979239813504,49723.19106698632,469.1862609956291,7752.292001115244,1,9.508329309474517e-05,0.00012093671894197168,18,1
591,8,0.05982749118413725,0.05902969722145418,0,26.766188450408542,1.1947562354853571,0.24382516741433097,64.9404328837365,0.6494043288373651,0.0,0.10327873489067063,0.0,18958.041596237515,81666.18182199395,41127.338970054305,2059.454001224256,5322.010102566499,0.7204832254338236,0.7204832254338233,26.655979239813504,49723.19106698632,469.1862609956291,7757.819857497188,1,9.761790245744852e-05,9.85993024326812e-05,18,1
592,8,0.05717925651802191,0.05736439652948736,0,27.543216621965566,1.1602667110599767,0.26565398034178694,157.27325045776053,1.5727325045776053,0.0,0.4795324736029438,0.0,18960.48717487833,81652.30613190921,41457.890758802525,2043.091771742783,5322.010102566499,1.0474637458202325,1.047463745820233,26.655979239813504,49723.19106698632,469.1862609956291,7771.732995573556,1,0.00023641180294929046,0.00014303766616716138,18,1
593,8,0.0565273301948563,0.056876516263965275,0,27.77947919079963,1.1556071135645316,0.2686030926806762,79.73811185321536,0.7973811185321535,0.0,0.3495046295217292,0.0,18957.903056644118,81645.18618050555,41612.790863682814,2035.5187691993576,5322.010102566499,1.106865968291537,1.1068659682915372,26.655979239813504,49723.19106698632,469.1862609956291,7778.892343389202,1,0.00011986164673345849,0.00015129711738006582,18,1
594,8,0.055058328812150364,0.055790141721860455,0,28.320415600968136,1.1354235303335511,0.28137751244711956,79.29709335766454,0.7929709335766454,0.0,0.17334462940206635,0.0,18956.445152572556,81637.82778691039,41794.75202001199,2026.6879608035795,5362.010102566499,1.1559984992925734,1.1559984992925745,26.655979239813504,49723.19106698632,469.1862609956291,7786.291840854585,1,0.00011830950235578168,0.00015819431734617688,18,1
595,8,0.05122050682963659,0.05101158276900038,0,30.973357701031038,1.0681572713014877,0.32395109411298245,98.98998993113155,0.9898998993113155,0.0,0.28161848257016286,0.0,18958.741895114326,81628.39477410894,42029.564711702464,2015.4107117010742,5402.010102566499,0.9381726374590117,0.9381726374590125,26.655979239813504,49723.19106698632,469.1862609956291,7795.758031060417,1,0.00014659726738993153,0.00012825613882639056,18,1
596,8,0.05163633710441511,0.05160659597529357,0,30.61624139589478,1.0845543678830234,0.3135731848841624,58.489514145125284,0.5848951414512529,0.0,0.1442433167503156,0.0,18958.885339757686,81622.78089035099,42180.32125906057,2008.2324613719088,5402.010102566499,0.8563537179996245,0.8563537179996241,26.655979239813504,49723.19106698632,469.1862609956291,7801.402035311834,1,8.661888894630076e-05,0.00011717521956400465,18,1
597,8,0.05080757941163958,0.05041994040621955,0,31.336808161024706,1.0774009985858635,0.31810063380641557,81.70109823116411,0.8170109823116412,0.0,0.1958806213367056,0.0,18954.126172671484,81614.68615793061,42382.887148753936,1998.6726458684095,5362.010102566499,0.8654401812531779,0.8654401812531785,26.655979239813504,49723.19106698632,469.1862609956291,7809.5266530430035,1,0.00012189622424181304,0.0001183707935260151,18,1
598,8,0.05001576039179723,0.04969591899094308,0,31.793355110063462,1.0740763132890165,0.3202048650069516,100.14278925622475,1.0014278925622475,0.0,0.3403909359408461,0.0,18954.62998724842,81605.05420443244,42651.56683511864,1986.1256791220162,5402.010102566499,0.870560951228142,0.8705609512281411,26.655979239813504,49723.19106698632,469.1862609956291,7819.188493843799,1,0.0001483044827460013,0.00011893986531137169,18,1
599,8,0.05046499388411842,0.05025907191464096,0,31.43711055157249,1.0934079331678557,0.3079696625519901,76.76695149187307,0.7676695149187307,0.0,0.2961592885355765,0.0,18950.79582732299,81597.4955272463,42842.10066231636,1977.3282069050758,5442.010102566499,0.9340785515515455,0.9340785515515464,26.655979239813504,49723.19106698632,469.1862609956291,7826.77923281229,1,0.00011285087685621034,0.00012768386128134157,18,1
600,8,0.05116079165767583,0.05025907191464096,1,31.43711055157249,1.122851410589046,0.2893345502600976,97.06426585601677,0.9706426585601677,0.0,0.37463188894368277,0.0,18949.564252012817,81588.15718063962,43119.27649411619,1964.6556083390628,5353.731001743513,0.9909669095537555,0.9909669095537563,26.655979239813504,49723.19106698632,469.1862609956291,7836.150587540928,1,0.000145041677774855,0.00013539901245902223,18,1
601,8,0.05274012798610519,0.0533305421272354,0,29.626550508908274,1.1671765248472754,0.261280680476408,89.84596196116266,0.8984596196116266,0.0,0.4361329761038581,0.0,18947.458567902442,81580.36219580068,43299.26523605461,1956.5239204520883,5228.34612019216,0.965106148590309,0.9651061485903096,26.655979239813504,49723.19106698632,469.1862609956291,7843.976708980434,1,0.00013747515546328905,0.00013178923669811813,18,1
602,8,0.05561389736383543,0.05605594331374605,0,28.18612811770402,1.2351596435194052,0.21825339017759168,40.188342479043015,0.40188342479043015,0.0,0.22072800495403316,0.0,18937.627756773447,81577.10564577454,43376.464632455274,1953.0546231269461,4752.522121366126,0.8537671404577906,0.8537671404577902,26.655979239813504,49723.19106698632,469.1862609956291,7847.258263655095,1,6.764970927477262e-05,0.0001167221808376389,18,1
603,8,0.055341721680192336,0.054927954116106355,0,28.764952662540576,1.2351109345367675,0.21828421864761557,58.71661066446686,0.5871661066446686,0.0,0.26639139648324983,0.0,18932.625233176717,81572.726254793,43482.339095441275,1948.316900883224,4164.239406485611,0.7759560232508633,0.7759560232508633,26.655979239813504,49723.19106698632,469.1862609956291,7851.657425071408,1,0.0001128016041979113,0.00010597548964532431,18,1
604,8,0.05473301417672845,0.0548196201111883,0,28.821797684758728,1.2278848466460688,0.22285769199615904,64.47400930894365,0.6447400930894365,0.0,0.35231724111214013,0.0,18932.95959846633,81568.07622494537,43595.58478481428,1943.2748653814056,4204.239406485611,0.740687497911945,0.7406874979119457,26.655979239813504,49723.19106698632,469.1862609956291,7856.326400910561,1,0.0001226838018966926,0.00010104503845645885,18,1
605,8,0.055037763718625135,0.05532142218560773,0,28.560364820321784,1.2419420247263862,0.21396074384405944,84.7034587488455,0.8470345874884551,0.0,0.4665286267803701,0.0,18929.430921078885,81562.00067715773,43723.17343960843,1937.6312588567068,4204.239406485611,0.9692626868948219,0.9692626868948211,26.655979239813504,49723.19106698632,469.1862609956291,7862.426596977439,1,0.00016117723194959623,0.00013222087934806672,18,1
606,8,0.05450074739087299,0.05477709310643763,0,28.844173912805022,1.2399384702354115,0.21522881630670163,101.05366621364566,1.0105366621364567,0.0,0.6066556012243695,0.0,18923.24442588831,81554.58296627007,43902.93831626112,1929.7271665725043,4090.389248222391,1.1770687743696924,1.177068774369692,26.655979239813504,49723.19106698632,469.1862609956291,7869.873191544772,1,0.00019764117316230822,0.00016050073566953237,18,1
607,8,0.056020920561579056,0.056174289981040876,0,28.126746248742236,1.2796303405821978,0.19010737937835584,70.84741687492314,0.7084741687492314,0.0,0.5227019089336099,0.0,18920.80594175161,81550.11417303108,43991.0321317656,1925.882841566782,4130.389248222391,1.2116501847468286,1.2116501847468277,26.655979239813504,49723.19106698632,469.1862609956291,7874.371934380237,1,0.00013722177280102882,0.00016534672597097778,18,1
608,8,0.05714691441637874,0.05676377106428674,0,27.834655280576776,1.3106931132565995,0.1704473966730383,64.94778816147198,0.6494778816147198,0.0,0.43113548806665347,0.0,18911.221406578697,81546.11772035778,44081.147753143705,1921.9614054167039,4189.648139018135,1.1203608275688293,1.1203608275688275,26.655979239813504,49723.19106698632,469.1862609956291,7878.396365562532,1,0.00012401573784989557,0.00015295956127107753,18,1
609,8,0.05814660891125529,0.056979028418098106,0,27.72950055249009,1.33913611690197,0.1524454956316646,76.26537327785373,0.7626537327785373,0.0,0.4894716222053911,0.0,18903.347093640255,81541.99926468624,44172.380574412404,1918.0082633284028,4257.389030981007,0.9885933804463483,0.9885933804463496,26.655979239813504,49723.19106698632,469.1862609956291,7882.539776521152,1,0.00014330919297789486,0.00013484890120960642,18,1
610,8,0.05880119865365528,0.05947986654826894,0,26.56361037255863,1.3601270300228228,0.13916010758049197,78.78688350945913,0.7878688350945913,0.0,0.5441563201193824,0.0,18898.814189052828,81538.2552388391,44268.89752007124,1913.8390604680046,4399.89220516566,1.0035856119415176,1.0035856119415187,26.655979239813504,49723.19106698632,469.1862609956291,7886.309871496304,1,0.00014325238862344852,0.00013685910648374633,18,1
611,8,0.05441123991721362,0.05396171664506997,0,29.280017357349053,1.2620331493054213,0.2012448422117587,50.354419165493375,0.5035441916549338,0.0,0.4217848403559179,0.0,18894.335066375086,81534.79644870957,44329.72628956412,1911.2298071832618,4326.3886415372535,0.9274289290167279,0.9274289290167288,26.655979239813504,49723.19106698632,469.1862609956291,7889.792319964511,1,9.311122663746904e-05,0.0001265576027462708,18,1
612,8,0.05446857275767727,0.054986389434288206,0,28.73438347662721,1.2695183279528512,0.19650738737161316,66.57792574503128,0.6657792574503129,0.0,0.46412868105743427,0.0,18888.13067498643,81530.28926576981,44437.795592287745,1906.599730869903,4286.3886415372535,0.8814678281115268,0.8814678281115272,26.655979239813504,49723.19106698632,469.1862609956291,7894.3216412108,1,0.00012425924257050856,0.00012020761927714204,18,1
613,8,0.053381915492370466,0.053593889852358696,0,29.480972632376737,1.2506430600480833,0.20845375946323844,73.56415311953856,0.7356415311953856,0.0,0.546727489529473,0.0,18879.034479357073,81524.90641993296,44553.14009873664,1901.687248461653,4326.3886415372535,0.8645506120398422,0.8645506120398417,26.655979239813504,49723.19106698632,469.1862609956291,7899.72628219473,1,0.00013602874677185676,0.00011779973865994478,18,1
614,8,0.053179525963762866,0.05312106364918409,0,29.743380336554463,1.2549535071408917,0.20572562839184072,82.16717183677768,0.8216717183677769,0.0,0.6216788880605933,0.0,18873.793328090796,81519.16586120648,44714.93994535589,1894.8266180869643,4366.3886415372535,1.0048900782444297,1.0048900782444306,26.655979239813504,49723.19106698632,469.1862609956291,7905.492228046925,1,0.00015054486182036143,0.00013694428372090892,18,1
615,8,0.053784332864070195,0.053788877785043654,0,29.37410232491092,1.274671510291379,0.19324587956241837,66.65439843852378,0.6665439843852379,0.0,0.5901239320084506,0.0,18864.58780455611,81514.60026849013,44810.99856426873,1890.7849146177794,4366.3886415372535,0.9994273899739896,0.9994273899739904,26.655979239813504,49723.19106698632,469.1862609956291,7910.082982745827,1,0.00012212270397452682,0.000136232104188915,18,1
616,8,0.05252429723939381,0.05317246508888617,0,29.714627624632044,1.2503495177451065,0.20863954573094529,56.32058101916419,0.5632058101916418,0.0,0.522347280317448,0.0,18859.41157568839,81510.58716057104,44910.800961028894,1886.5990872619477,4326.3886415372535,0.9213134189851361,0.9213134189851369,26.655979239813504,49723.19106698632,469.1862609956291,7914.118979342032,1,0.00010414335962041976,0.00012560364180510264,18,1
617,8,0.050885333061272395,0.05063306153177325,0,31.204907469569438,1.2197042957811886,0.22803525583469084,74.90883237137513,0.7490883237137513,0.0,0.6020475695015235,0.0,18851.87374492802,81504.69286991614,45065.99206835309,1880.126210973188,4326.3886415372535,0.8927136810960921,0.8927136810960927,26.655979239813504,49723.19106698632,469.1862609956291,7920.035267822717,1,0.00013851521641339832,0.00012159376000278161,18,1
618,8,0.051261393169418905,0.05051145716773759,0,31.280032067836864,1.2360807389352857,0.21767041839538884,60.80857067185973,0.6080857067185973,0.0,0.6173732516898855,0.0,18845.509284529428,81500.12918938702,45201.00941271251,1874.5269966389872,4156.812336314577,0.8806613493753712,0.880661349375371,26.655979239813504,49723.19106698632,469.1862609956291,7924.619685800587,1,0.00011702923442682528,0.00011989593682021446,18,1
619,8,0.05206198242139692,0.051981831683793896,0,30.395235197004194,1.2666503243361658,0.19832257953407234,117.49691973561205,1.1749691973561205,0.0,0.8432598046714532,0.0,18837.701088052698,81492.10007260839,45403.74318330143,1866.188982119828,4046.7262001873883,1.1946464741096465,1.1946464741096465,26.655979239813504,49723.19106698632,469.1862609956291,7932.675906831553,1,0.0002322804438415848,0.00016260829822726947,18,1
620,8,0.049132866287976314,0.049795686940831044,0,31.729655660286618,1.2026341518400638,0.23883914440502294,53.290936101340954,0.5329093610134096,0.0,0.6739297341794882,0.0,18826.330825701818,81487.51672864161,45541.39458857725,1860.5651997034802,4086.7262001873883,1.1098514484074808,1.109851448407479,26.655979239813504,49723.19106698632,469.1862609956291,7937.284598674359,1,0.00010432005177914276,0.00015120991001585095,18,1
621,8,0.04846222993510408,0.04908046588801807,0,32.1920334579734,1.1954985663791724,0.24335533773470105,74.11733415038489,0.741173341503849,0.0,0.6397065466257572,0.0,18828.89692617507,81481.7417541639,45719.448188215494,1853.3409181024824,4126.726200187388,1.1743468867063738,1.1743468867063738,26.655979239813504,49723.19106698632,469.1862609956291,7943.086418441792,1,0.0001436825814070618,0.0001600943590092631,18,1
622,8,0.049773907035437166,0.05025434679497854,0,31.440066397557377,1.2441231816740022,0.2125802647632898,166.29888206618259,1.662988820661826,0.0,1.046172028425175,0.0,18838.40553366242,81470.25243207625,46021.88645560015,1841.2076326351391,4166.726200187388,1.3895746862134517,1.3895746862134533,26.655979239813504,49723.19106698632,469.1862609956291,7954.607313024227,1,0.0003192892915473135,0.00018909730824450603,18,1
623,8,0.053219573451904104,0.05328729021390727,0,29.650597612629987,1.3363788658803857,0.1541905912149458,86.32128145684804,0.8632128145684804,0.0,0.8924288837917838,0.0,18836.283127353126,81465.84478633366,46128.019066006455,1836.9891664344036,4223.824347857158,1.5321123581615264,1.5321123581615252,26.655979239813504,49723.19106698632,469.1862609956291,7959.0501959319035,1,0.00016349407427539603,0.00020882198240992377,18,1
624,8,0.05668460099526782,0.05711376876792556,0,27.66408230596945,1.4273160535836473,0.09663540912427389,85.89554128215872,0.8589554128215872,0.0,0.6810422394709177,0.0,18824.188317249387,81462.68177395959,46191.78396330748,1834.4660502105442,4398.041452744719,1.5606168581405095,1.5606168581405102,26.655979239813504,49723.19106698632,469.1862609956291,7962.25048768758,1,0.00015624325910535152,0.00021300887497602037,18,1
625,8,0.06041296484801723,0.06089961939107662,0,25.944332916988827,1.5213925057610078,0.03709335078417231,64.2189182381091,0.642189182381091,0.0,0.5894403542113805,0.0,18810.149934789108,81461.36720547438,46194.86713716575,1834.3516705575364,4340.873912943726,1.0709737873604437,1.0709737873604435,26.655979239813504,49723.19106698632,469.1862609956291,7963.590293583748,1,0.00011835205449597516,0.00014602979595890758,18,1
626,8,0.06374366743825835,0.06382440717999138,0,24.755419906122086,1.6020956642884057,0.013984597650889614,37.14306127894298,0.3714306127894298,0.0,0.4052255978745483,0.0007428612255788599,18858.207158736735,81463.24317297003,46149.24149567856,1836.1711900237965,4346.496840991524,0.8379375638317133,0.8379375638317121,26.655979239813504,49723.19106698632,469.3719763020238,7963.646008175666,1,6.836413348542989e-05,0.00011431981569558554,18,1
627,8,0.06590905139196211,0.06567317027750243,0,24.05853095447805,1.6524762927111853,0.04587107133619321,54.16557877749237,0.5416557877749237,0.0,0.43152574423173734,0.00592244277892999,18902.64946742005,81465.03410690323,46092.977739736474,1838.4193782729321,4619.377532554924,0.6860133223431438,0.6860133223431444,26.655979239813504,49723.19106698632,470.66687169036163,7963.646008175666,1,9.38058487677391e-05,9.350734558304806e-05,18,1
628,8,0.0688319797335638,0.06864818771491234,0,23.015902569220763,1.7206561634538555,0.08902288826193383,65.81776807733132,0.6581776807733133,0.0,0.5272421643764902,0.017967605854990097,18958.16388266544,81467.2822174306,46024.87215821191,1841.1482403752573,4514.27618793187,0.6826989857345326,0.6826989857345328,26.655979239813504,49723.19106698632,473.67816245937667,7963.646008175666,1,0.00011663932880896151,9.293643702071015e-05,18,1
629,8,0.06641633751033096,0.0670643109299445,0,23.559475644959225,1.655982031766254,0.048089893522945466,69.29292329065214,0.6929292329065214,0.0,0.5788973242217061,0.025012683668759337,19020.131913470883,81469.79893738625,45965.490685016826,1843.5342199383058,4824.130274454268,0.7960789111692984,0.7960789111692994,26.655979239813504,49723.19106698632,475.439431912819,7963.646008175666,1,0.00011491053408335402,0.00010845190388668487,18,1
630,8,0.0687627183848985,0.0685970606106952,0,23.03305689680903,1.7113195585271888,0.0831136446374612,51.13726733562827,0.5113726733562828,0.0,0.4845530427351688,0.03365901839906961,19051.846885097002,81471.12153253188,45923.102706435944,1845.2412134418173,5048.018681005936,0.7641421546513888,0.7641421546513897,26.655979239813504,49723.19106698632,477.6010155953965,7963.646008175666,1,8.104132819958264e-05,0.00010419706369729938,18,1
631,8,0.0720381949243148,0.07213936925535756,0,21.90204899639677,1.7848593812644673,0.12965783624333369,79.76113219047102,0.7976113219047102,0.0,0.5771544510894403,0.054848254990288996,19120.35909291855,81473.95717166312,45820.971395356355,1849.3670166115103,5127.317433550087,0.7837504832877094,0.7837504832877086,26.655979239813504,49723.19106698632,482.8983247432014,7963.646008175666,1,0.00012444890838013978,0.00010680025688769214,18,1
632,8,0.07411287826118074,0.07298806995766594,0,21.647373343567264,1.8308724771601286,0.15878004883552435,43.1872780095791,0.43187278009579105,0.0,0.4700678321639117,0.06886127174710355,19191.71393699468,81476.89345172491,45753.772120810776,1852.0917133667094,5197.599741817645,0.6650773935946497,0.6650773935946488,26.655979239813504,49723.19106698632,486.401578932405,7963.646008175666,1,6.647264915320494e-05,9.065429524430912e-05,18,1
633,8,0.07238035115563074,0.07116126407433075,0,22.203090692003837,1.780893558366285,0.12714782175081327,62.86028664061423,0.6286028664061423,0.0,0.5010542903672521,0.08513263080981377,19239.38392249948,81478.9213343173,45661.9737199031,1855.8266308389934,5235.5175857702325,0.7017956460781181,0.7017956460781184,26.655979239813504,49723.19106698632,490.46941869808256,7963.646008175666,1,9.605206837461734e-05,9.565787530265402e-05,18,1
634,8,0.07112251214963972,0.06972224341257019,0,22.661347694316195,1.7453937390202254,0.10467958165837048,64.13641554278095,0.6413641554278096,0.0,0.5629350196957823,0.09883962713843733,19287.494797966476,81480.91975981816,45602.652371993194,1858.2484426714782,5347.637064977134,0.632790851611616,0.6327908516116153,26.655979239813504,49723.19106698632,493.89616778023844,7963.646008175666,1,9.594729749006285e-05,8.615733833929503e-05,18,1
635,8,0.07228341273202893,0.07258770130612979,0,21.766772766870552,1.7706417123192573,0.12065931159446658,79.76993849441774,0.7976993849441775,0.0,0.6459857468945376,0.11844191651596009,19337.176527496023,81482.99804153082,45561.04381073143,1859.9515143916078,5476.309370000032,0.7550626325971668,0.7550626325971673,26.655979239813504,49723.19106698632,498.79674012461913,7963.646008175666,1,0.00011653094535733622,0.00010284343707400545,18,1
636,8,0.0573206546830142,0.0571576245835254,0,27.642856250807267,1.4073622862617141,0.10926437578372529,56.99424894417498,0.5699424894417497,0.0,0.6055483818828478,0.11844191651596009,19325.672927573367,81480.52977056714,45613.79217732534,1857.810498193942,5217.448119070836,0.7339162202128763,0.7339162202128766,26.655979239813504,49723.19106698632,498.79674012461913,7966.135593505951,1,8.739023007948945e-05,9.995615764229618e-05,18,1
637,8,0.059043031524841985,0.058699672750684925,0,26.916674760875292,1.4508516005415595,0.08173949332812695,69.75621295113937,0.6975621295113937,0.0,0.6379032758661427,0.11844191651596009,19321.119910459835,81478.51304485086,45632.81038268656,1857.0468964478503,5463.2023623011,0.7490277531218156,0.7490277531218159,26.655979239813504,49723.19106698632,498.79674012461913,7968.175063819915,1,0.00010214699485780434,0.00010202272343154334,18,1
638,8,0.05668989591276468,0.056593661494239306,0,27.918320855787517,1.3952271625219208,0.1169448338468856,46.654249162111704,0.46654249162111705,0.0,0.5512700620305526,0.11844191651596009,19309.29008939034,81476.28737422894,45668.930787417725,1855.5881094705173,5626.4965691559455,0.6261987412328931,0.626198741232893,26.655979239813504,49723.19106698632,498.79674012461913,7970.420308565201,1,6.633506102943986e-05,8.529076198891122e-05,18,1
639,8,0.05729164242547506,0.05726346386567481,0,27.59176433521851,1.4118834255382462,0.10640289522895814,44.033438525064355,0.44033438525064356,0.0,0.47731554770999424,0.11844191651596009,19297.721393255837,81474.32251062749,45698.93097770769,1854.3788852845141,5839.490800666309,0.5597474123294425,0.5597474123294419,26.655979239813504,49723.19106698632,498.79674012461913,7972.403306485245,1,6.032503864212266e-05,7.626903150978894e-05,18,1
640,8,0.059056540589775434,0.05934316852433758,0,26.624800112451307,1.456401555473495,0.07822686362437027,66.7432894649851,0.667432894649851,0.0,0.5709827496127582,0.11844191651596009,19293.338276966402,81472.4676501389,45715.133183391314,1853.731622481141,5990.477977431478,0.5285743406368182,0.5285743406368174,26.655979239813504,49723.19106698632,498.79674012461913,7974.275690797724,1,8.913250624265205e-05,7.193086863807152e-05,18,1
641,8,0.06319545756688104,0.06290368518784664,0,25.117765283253473,1.558158078898791,0.013824000696967773,92.72303939509224,0.9272303939509224,0.0,0.7239729696641282,0.12029637730386193,19280.265939159915,81471.81708937086,45710.59160750048,1853.9208514263069,6297.206107850255,0.6545127352260821,0.6545127352260814,26.655979239813504,49723.19106698632,499.2603553215946,7974.966595421373,1,0.00011779578156668734,8.908444215048736e-05,18,1
642,8,0.06459270991213838,0.06290368518784664,1,25.117765283253473,1.5928261720753676,0.008117830427447794,68.89711296480361,0.6889711296480361,0.0,0.6620285430379055,0.12167431956315801,19265.12074024014,81471.11928075302,45713.764290745436,1853.7967090135644,6669.733019499942,0.708235519494331,0.7082355194943314,26.655979239813504,49723.19106698632,499.60484088641863,7975.703615131398,1,8.263852572613961e-05,9.6522271178493e-05,18,1
643,8,0.06382550439884395,0.0640195683286189,0,24.679953977348003,1.5721777234776266,0.0049508079255528095,58.71532964167761,0.5871532964167762,0.0,0.5345599152361791,0.12284862615599156,19265.5244476416,81471.06786830873,45688.68999309136,1854.8180912276923,6982.60381628165,0.6542091099148976,0.6542091099148982,26.655979239813504,49723.19106698632,499.898417534627,7975.791688125861,1,6.727041222618812e-05,8.923490650633836e-05,18,1
644,8,0.062880192690917,0.06269855484338134,0,25.199942868647952,1.5493907845100898,0.019372921196145726,43.567642472656665,0.43567642472656665,0.0,0.4190044128229527,0.1237199790054447,19260.959575862787,81470.83198663611,45696.05122796403,1854.5201992646041,7342.824980950347,0.4823640093452541,0.4823640093452544,26.655979239813504,49723.19106698632,500.1162557469903,7976.05544190833,1,4.7466900094375304e-05,6.579194601556767e-05,18,1
645,8,0.06614817400269314,0.06659581029954117,0,23.725216239479945,1.6245570305367454,0.028200652238446398,35.2513894462498,0.35251389446249803,0.0,0.33996126884294164,0.1258943433519126,19320.092970014455,81473.26260346494,45620.99742034484,1857.5806320202482,7386.2571686222955,0.37378000664661193,0.3737800066466116,26.655979239813504,49723.19106698632,500.6598468336073,7976.05544190833,1,3.818051675319611e-05,5.097260969125318e-05,18,1
646,8,0.06670449014280667,0.06677026979960649,0,23.663226234399787,1.631870295200791,0.03282930075999431,51.24403975362806,0.5124403975362806,0.0,0.39510364803765474,0.12949779433774453,19372.20059677107,81475.41749380759,45532.63677024169,1861.1965237365093,7785.629907840797,0.3383881682293493,0.33838816822934903,26.655979239813504,49723.19106698632,501.56070958006524,7976.05544190833,1,5.265499681871178e-05,4.6100804555427735e-05,18,1
647,8,0.07016678769467351,0.06908227443196208,0,22.87127939825019,1.7113144774284745,0.08311042875219903,89.19190378456145,0.8919190378456144,0.0,0.5788806569406937,0.14455415878113934,19401.737158344582,81476.68735364222,45462.9561562165,1864.0580878968349,7976.72246248333,0.44134890980512487,0.44134890980512453,26.655979239813504,49723.19106698632,505.32480069091395,7976.05544190833,1,8.94521821001595e-05,6.00958985573558e-05,18,1
648,8,0.07270039015283104,0.07242645270073916,0,21.81523381420384,1.7687846291065172,0.11948394247247922,78.33489046239627,0.7833489046239628,0.0,0.6422006853674656,0.16371439061406778,19463.931570593242,81479.2833729343,45407.597220531105,1866.3380377195829,7904.770317966844,0.5416707344018581,0.5416707344018582,26.655979239813504,49723.19106698632,510.1148586491461,7976.05544190833,1,7.927859994550176e-05,7.379525962145768e-05,18,1
649,8,0.07453460164527827,0.0739766781657392,0,21.358082562995442,1.8095254641006446,0.1452692810763573,76.12696382355757,0.7612696382355758,0.0,0.6565880162868415,0.18622414504417628,19516.455563861215,81481.58778932258,45359.01132743752,1868.343887602889,7579.268561078958,0.6092654420167063,0.6092654420167058,26.655979239813504,49723.19106698632,515.7422972566732,7976.05544190833,1,8.035283427161782e-05,8.30278721057597e-05,18,1
650,8,0.0751189207483855,0.07641268652664959,0,20.67719474107171,1.8175625976265806,0.15035607444720284,69.67097366864948,0.6967097366864948,0.0,0.6546131028951374,0.2076025464610627,19577.494611020753,81484.26811793771,45282.6000133507,1871.5064043051948,7610.001330799205,0.569797167674807,0.5697971676748075,26.655979239813504,49723.19106698632,521.0868976108948,7976.05544190833,1,7.324148382122042e-05,7.762430601278e-05,18,1
651,8,0.07463681401161677,0.07644935211505684,0,20.66727782888321,1.79921694134917,0.13874489958808228,55.30080550127977,0.5530080550127977,0.0,0.5786232609285631,0.22334104842912852,19649.047289760547,81487.34759174731,45198.89113985907,1874.9830295657973,7718.382322390832,0.5159575922049771,0.5159575922049775,26.655979239813504,49723.19106698632,525.0215231029113,7976.05544190833,1,5.731854494002303e-05,7.030428767762042e-05,18,1
652,8,0.07594597372017295,0.07611849767418098,0,20.757109615629318,1.825284340638818,0.15524325356887206,44.638061229952775,0.44638061229952775,0.0,0.49880247116296517,0.23746781373107834,19710.266742220665,81489.95459185571,45131.158225495514,1877.805928776485,7748.269635400951,0.43219396313513386,0.43219396313513336,26.655979239813504,49723.19106698632,528.5532144283987,7976.05544190833,1,4.608828895267828e-05,5.888277257130725e-05,18,1
653,8,0.07435078353377968,0.07318894087314219,0,21.587960983594524,1.7825364359527218,0.12818761769159603,73.90093629705258,0.7390093629705258,0.0,0.6076600681771286,0.2567008003649796,19751.481116712148,81491.76234082882,45075.53254448072,1880.1305237237889,7879.972837970242,0.43700267664542297,0.43700267664542275,26.655979239813504,49723.19106698632,533.3614610868741,7976.05544190833,1,7.502658987955426e-05,5.947780792408519e-05,18,1
654,8,0.07441619288363568,0.07461211975453394,0,21.176184314264688,1.777214645198488,0.12481939569524554,55.520310957484874,0.5552031095748488,0.0,0.6074307354341539,0.27098038352020565,19828.643619687336,81495.07360078835,44988.54782358151,1883.7772136524356,7949.164841783693,0.43346538613764557,0.43346538613764607,26.655979239813504,49723.19106698632,536.9313568756806,7976.05544190833,1,5.5875365085549604e-05,5.8996747972594054e-05,18,1
655,8,0.07236557958489871,0.0726024599205226,0,21.762348021397827,1.7244815307099874,0.09144400677847302,49.83684689691938,0.49836846896919385,0.0,0.5419539479169393,0.2803345663023226,19879.667614129394,81497.26663115712,44939.65638554117,1885.833059254026,8090.7114500072375,0.4408830417040869,0.4408830417040872,26.655979239813504,49723.19106698632,539.2699025712099,7976.05544190833,1,4.927808606683142e-05,6.006001367731176e-05,18,1
656,8,0.06955794432728163,0.06976240167181319,0,22.64830284130518,1.6509603850809327,0.044911636127172534,58.4369253667661,0.584369253667661,0.0,0.5822629018708714,0.28584555873841383,19929.004002558613,81499.37652439243,44850.03334468984,1889.612949322057,8282.854759511049,0.3957798402933361,0.3957798402933358,26.655979239813504,49723.19106698632,540.6476506802327,7976.05544190833,1,5.644133774014479e-05,5.3864929630841936e-05,18,1
657,9,0.07117389117924425,0.07105020392893427,0,22.237796834198328,1.7197904139999065,0.08847494556956104,57.39764318110374,0.5739764318110374,0.0,17.963337090396628,0.5871358785795944,18984.944584543144,81501.75036189768,45755.27838822826,1893.5919042051141,8578.297874204198,0.46393525927669194,0.4639352592766923,42.89148937102101,49680.2995776153,542.5782458180785,7976.05544190833,1,5.35282351093955e-05,5.3082552972123906e-05,21,1
658,9,0.06942418284029815,0.06888917229037439,0,22.9353895172401,1.6753548545027706,0.06035117373593068,104.8772715648824,1.048772715648824,0.0,18.104064729960886,0.6001219396884151,19021.522774289744,81503.31369626892,45725.91133237962,1894.8129229735873,8787.473345545453,0.5751223508681991,0.5751223508681996,42.89148937102101,49680.2995776153,545.8247610952836,7976.05544190833,1,9.547888676605483e-05,6.848281987186503e-05,21,1
659,9,0.06567887455286717,0.0655395184753343,0,24.107592438211622,1.5825888549162561,0.0016385157697823068,80.1267527539485,0.8012675275394849,0.0,18.02186006287999,0.6017244747434941,19022.06458402138,81503.24087617901,45691.5791739358,1896.2420260732383,9238.956068102745,0.6026109717859213,0.6026109717859212,42.89148937102101,49680.2995776153,546.2253948590534,7976.175632037461,1,6.938165062226805e-05,7.279625749923946e-05,21,1
660,9,0.06558787032625053,0.06584163599990206,0,23.9969735867795,1.579239141951175,0.00048155572710441454,94.02698540584747,0.9402698540584747,0.0,17.95063349613564,0.6036050144516111,19022.77243525467,81503.15449096436,45674.89545790841,1896.9382412578043,9633.104845223736,0.6591864950629323,0.6591864950629314,42.89148937102101,49680.2995776153,546.6955297860826,7976.31667251557,1,7.808654585751153e-05,8.09823610819448e-05,21,1
661,9,0.06934323305305472,0.06584163599990206,1,23.9969735867795,1.665807532278893,0.05430856473347653,110.19434886788379,1.101943488678838,0.0,18.01562476862011,0.6155721868179097,19025.245602338327,81503.30883408204,45622.23138558984,1899.1347812213448,9788.911548619282,0.6451516988531764,0.645151698853176,42.89148937102101,49680.2995776153,549.6873228776573,7976.31667251557,1,9.005646711226162e-05,7.917488786401374e-05,21,1
662,9,0.06828103758488162,0.06584163599990206,1,23.9969735867795,1.638568474476025,0.03706865473166131,53.33247120503673,0.5333247120503674,0.0,17.67411692401225,0.6195234492920776,19026.069097224714,81503.38096290188,45598.31480168529,1900.134352198348,10034.35935308058,0.5769026747288113,0.5769026747288113,42.89148937102101,49680.2995776153,550.6751384961992,7976.31667251557,1,4.251988140222505e-05,7.022096479066606e-05,21,1
663,9,0.0674367820635103,0.06816082074414963,0,23.180472047581887,1.6139049312196307,0.02145881722761435,88.06539264246507,0.8806539264246507,0.0,17.641680398305002,0.6236270446518982,19068.144520940376,81505.18543703205,45536.32910041683,1902.728867180835,10353.895845229774,0.5503680169961529,0.5503680169961533,42.89148937102101,49680.2995776153,551.7010373361544,7976.31667251557,1,6.804425615931872e-05,6.687353489126847e-05,21,1
664,9,0.0718567294869896,0.07145210697621796,0,22.112713912353705,1.7159572417854658,0.08604888720599098,90.73351884041435,0.9073351884041435,0.0,17.691390419397994,0.639482113854026,19097.11192582801,81506.50306778819,45487.042214082736,1904.7969308021156,10534.286355451615,0.4980074430573531,0.49800744305735284,42.89148937102101,49680.2995776153,555.6648046366863,7976.31667251557,1,6.890529896670882e-05,5.982314550941753e-05,21,1
665,9,0.0697386207378856,0.06941902822815775,0,22.760330133217284,1.6621638982530271,0.0520024672487513,81.38292332427966,0.8138292332427967,0.0,17.583646050021404,0.6482895248025411,19145.66473831221,81508.57228866573,45443.22401565277,1906.6397531947548,10817.508948645094,0.5390267212691414,0.5390267212691413,42.89148937102101,49680.2995776153,557.8666573738151,7976.31667251557,1,6.0186073308105174e-05,6.571187614471091e-05,21,1
666,9,0.07111212791591176,0.07066635017688112,0,22.358590701871364,1.6898202204494917,0.06950646863891871,48.261486239391566,0.48261486239391566,0.0,17.299179439798717,0.6552587185006408,19204.443370273446,81511.09369703972,45375.17536254164,1909.5080266761638,11107.320053177898,0.4555525228549762,0.4555525228549762,42.89148937102101,49680.2995776153,559.60895579834,7976.31667251557,1,3.476013008238368e-05,5.4617167452399226e-05,21,1
667,9,0.06997766656618339,0.06981539834027849,0,22.63111057963345,1.657311006207294,0.04893101658689488,98.43155059659905,0.9843155059659906,0.0,17.404451515601178,0.6653789472263,19260.833225762595,81513.50845744231,45299.490792760946,1912.7083875271305,10894.562835168028,0.4652256693263624,0.46522566932636267,42.89148937102101,49680.2995776153,562.1390129797549,7976.31667251557,1,7.227939447288962e-05,5.574186595445949e-05,21,1
668,9,0.07142850669359767,0.07170249982517879,0,22.035493934692262,1.6863271186883557,0.0672956447394656,93.25430703633519,0.9325430703633519,0.0,17.4587521748972,0.6783667929070675,19313.163907733466,81515.78390292081,45227.98309850759,1915.741766640415,11135.468030221024,0.48071357327696784,0.4807135732769672,42.89148937102101,49680.2995776153,565.3859743999467,7976.31667251557,1,6.69962370926832e-05,5.801192054931883e-05,21,1
669,9,0.07226194700401611,0.07157977346412181,0,22.073274663155356,1.7019825601035907,0.07720415196429788,126.5882873638707,1.265882873638707,0.0,17.55843181390325,0.6986185025694704,19375.33806709624,81518.5125867146,45174.75030852097,1918.0075573249794,11349.109737682178,0.6125056520018292,0.6125056520018295,42.89148937102101,49680.2995776153,570.4489018155474,7976.31667251557,1,8.923222370019924e-05,7.61692850885907e-05,21,1
670,9,0.07218569215340065,0.07241686964068511,0,21.81812066497179,1.6973678031517694,0.07428341971630968,61.80066284581087,0.6180066284581087,0.0,17.224773047725336,0.7080241708800337,19416.158456425488,81520.29775033407,45137.347970911556,1919.6020445297727,11640.951379317466,0.5375105102436917,0.537510510243691,42.89148937102101,49680.2995776153,572.8003188931882,7976.31667251557,1,4.247121104250115e-05,6.623322394512786e-05,21,1
671,9,0.0752279913465151,0.07519125998353926,0,21.01308051422321,1.7602319622283615,0.11407086216984902,90.98547181795382,0.9098547181795382,0.0,17.1527373941788,0.7292114302792142,19468.972068267653,81522.62533360621,45026.7388217702,1924.3322420744005,11763.540819767115,0.5242655341166857,0.5242655341166851,42.89148937102101,49680.2995776153,578.0971337429834,7976.31667251557,1,6.187624846088141e-05,6.45265610678606e-05,21,1
672,9,0.07561333042115176,0.07493332508219253,0,21.085411574448845,1.7631937425785698,0.11594540669529727,90.87554222430957,0.9087554222430957,0.0,17.18092385151484,0.7505977843112918,19509.051059156285,81524.4018016879,44949.74670983713,1927.6384484823793,11958.029408444638,0.45429195714104514,0.4542919571410454,42.89148937102101,49680.2995776153,583.4437222510028,7976.31667251557,1,6.079633298786451e-05,5.504793083041569e-05,21,1
673,9,0.07866075195811754,0.07961130620588924,0,19.846427289031464,1.8299785377148878,0.15821426437651123,89.39638396552185,0.8939638396552185,0.0,17.123570330625416,0.7793940311709975,19565.21075768975,81527.0352095303,44897.4037982515,1929.893422765345,12049.252848160006,0.49480258362608975,0.4948025836260901,42.89148937102101,49680.2995776153,590.6427839659292,7976.31667251557,1,5.935397661054028e-05,6.0675519353095405e-05,21,1
674,9,0.08235416301094724,0.08448774064246974,0,18.700938005741584,1.908603700686933,0.20797702575122334,79.72932210095054,0.7972932210095054,0.0,17.021271417653196,0.813155546338317,19637.55982752778,81530.39173590552,44811.93694625794,1933.5860864045121,12024.175015753302,0.4731133340255171,0.4731133340255177,42.89148937102101,49680.2995776153,599.083162757759,7976.31667251557,1,5.3046015711843386e-05,5.773210843674939e-05,21,1
675,9,0.08378469926873852,0.08348068662538406,0,18.926533356034565,1.9381423406811877,0.22667236751973902,65.58830263518769,0.6558830263518769,0.0,16.86809379536238,0.8431944852146441,19684.378413423266,81532.58069859324,44770.27261023988,1935.391301296284,12024.175015753302,0.4308954955089738,0.43089549550897377,42.89148937102101,49680.2995776153,606.5928974768409,7976.31667251557,1,4.363762340402272e-05,5.201253857546879e-05,21,1
676,9,0.08179510998622418,0.08148046216991066,0,19.391151669037377,1.885963096405803,0.1936475293707613,95.29009436606808,0.9529009436606808,0.0,16.944360821256712,0.8806277752561374,19740.983046931306,81535.23344603363,44697.506681641615,1938.5519696023764,11664.802276534801,0.4473073795152726,0.447307379515272,42.89148937102101,49680.2995776153,615.9512199872142,7976.31667251557,1,6.535222259721003e-05,5.4011953904358716e-05,21,1
677,9,0.08374542422780398,0.08445197842474986,0,18.708857145458637,1.9195438907356486,0.21490119666813196,60.60764698722839,0.6060764698722839,0.0,16.7939250957767,0.9072776705699084,19835.320521841462,81539.50708434364,44565.70892121213,1944.3026114862184,11536.129971511904,0.42061664613753985,0.4206166461375404,42.89148937102101,49680.2995776153,622.613693815657,7976.31667251557,1,4.202979483545834e-05,5.033988027889703e-05,21,1
678,9,0.07937208354236339,0.07976919335685105,0,19.80714525884447,1.8145218990063576,0.14843158164959339,56.27115252896137,0.5627115252896138,0.0,16.631514158141442,0.924257899470808,19885.40709232483,81541.79240578815,44507.221420194066,1946.865947849181,11358.019724734053,0.4111869872202973,0.4111869872202971,42.89148937102101,49680.2995776153,626.8587510408819,7976.31667251557,1,3.963448128650188e-05,4.9005499573056746e-05,21,1
679,9,0.07536857480679246,0.07499931688546067,0,21.066858547698292,1.718807509629551,0.08785285419591829,75.30170449855449,0.7530170449855449,0.0,16.67188852243273,0.9379104532197499,19944.95205546885,81544.46945463664,44453.15964432581,1949.2417093137742,11524.89535577815,0.37870911214296643,0.37870911214296593,42.89148937102101,49680.2995776153,630.2718894781174,7976.31667251557,1,5.227063824804348e-05,4.46449714566679e-05,21,1
680,9,0.06162335043617471,0.0626099691886641,0,25.235597788571795,1.4088186670569662,0.10834261578673027,74.54596664623703,0.7454596664623704,0.0,16.664578238037073,0.9379104532197499,19936.45667739089,81541.49769524808,44508.234143117275,1946.8414026811924,11706.070917032928,0.3995631882265311,0.3995631882265317,42.89148937102101,49680.2995776153,630.2718894781174,7979.316384133546,1,5.0945166606000224e-05,4.761676204684853e-05,21,1
681,9,0.0657095345153991,0.0657349325027203,0,24.03592640693158,1.5033654098325748,0.04850290516925648,72.8472453307882,0.728472453307882,0.0,16.591853498702736,0.9379104532197499,19930.795590533493,81540.12877418571,44525.036353349074,1946.1132961583962,12037.74930727194,0.4192709223188587,0.41927092231885876,42.89148937102101,49680.2995776153,630.2718894781174,7980.715457853672,1,4.841253524811757e-05,5.054278003405376e-05,21,1
682,9,0.06455864747007052,0.06459046896918322,0,24.461813410177196,1.4785117002628956,0.06423310109943323,58.18293708670251,0.5818293708670251,0.0,16.4594404205829,0.9379104532197499,19924.541487096245,81538.67206029582,44547.37193305204,1945.1439443006443,11736.648866740994,0.38946140865682816,0.3894614086568281,42.89148937102101,49680.2995776153,630.2718894781174,7982.199466318382,1,3.965897778646495e-05,4.633889321352758e-05,21,1
683,9,0.0666628288228971,0.0654312991913078,0,24.147464891082198,1.5226661603696354,0.036287240272382684,169.66514012742996,1.6966514012742997,0.0,16.834202253354544,0.9379104532197499,19917.644164103567,81536.32484966776,44488.72258220132,1947.7310097485145,11545.524751462704,0.5535957908228656,0.5535957908228657,42.89148937102101,49680.2995776153,630.2718894781174,7984.584831526501,1,0.00011756253182407154,6.854468161955136e-05,21,1
684,9,0.06572743060025875,0.06459039320509433,0,24.4618421037168,1.502823845167626,0.048845667615426684,68.7589523442525,0.6875895234425251,0.0,16.542466189699102,0.9379104532197499,19905.79495940074,81534.74487741475,44511.36973485614,1946.7471018493782,11610.759466499314,0.5498574885529666,0.549857488552967,42.89148937102101,49680.2995776153,630.2718894781174,7986.2030104479045,1,4.7376023966489826e-05,6.819917785900877e-05,21,1
685,9,0.06477324341274625,0.06490413523983532,0,24.343595275733144,1.4791853193008564,0.06380675993616688,91.30393629617703,0.9130393629617704,0.0,16.344614841319157,0.9379104532197499,19895.0922116795,81532.40558381118,44484.19743577071,1947.9545334385405,11777.423105498043,0.6029193445536698,0.6029193445536706,42.89148937102101,49680.2995776153,630.2718894781174,7988.584825456887,1,6.20196356899524e-05,7.56527304935046e-05,21,1
686,9,0.06454087787881363,0.0648788058956737,0,24.353099262348767,1.4757280477731485,0.06599490647269088,62.05962569527682,0.6205962569527682,0.0,16.19318818803976,0.9379104532197499,19886.306266169828,81530.72093832625,44512.1778196192,1946.737433845738,11834.918713950929,0.41821619581411906,0.4182161958141197,42.89148937102101,49680.2995776153,630.2718894781174,7990.299075428782,1,4.195018297649739e-05,5.044861421097987e-05,21,1
687,9,0.06569368778528485,0.0655562548056383,0,24.101437836624385,1.5035656514235618,0.04837616998508751,52.55320404583173,0.5255320404583173,0.0,16.000281929970907,0.9379104532197499,19873.55901948606,81529.36423494849,44534.149327184685,1945.783011811544,12071.84824650155,0.3861166679181809,0.38611666791818117,42.89148937102101,49680.2995776153,630.2718894781174,7991.683641100102,1,3.4826948101215086e-05,4.626558892255496e-05,21,1
688,9,0.06759843465016141,0.06721027853930436,0,23.508309061329378,1.5465282923917105,0.021184625068537688,75.2070773219274,0.7520707732192741,0.0,16.041367791691876,0.9379104532197499,19862.275697812875,81528.36620997603,44525.13783783374,1946.1846480451534,12312.694243087684,0.35328191138487236,0.35328191138487236,42.89148937102101,49680.2995776153,630.2718894781174,7992.707632887662,1,4.886474127408693e-05,4.1880624117266466e-05,21,1
689,9,0.06919427914570002,0.06936146305074886,0,22.779219620035704,1.5832361108888435,0.0020481714486350997,53.33209018422955,0.5333209018422955,0.0,15.931699260285319,0.9389770950234344,19862.672193116283,81528.32186448295,44527.92405233415,1946.0632469568884,12203.083394721365,0.3363789405006219,0.3363789405006218,42.89148937102101,49680.2995776153,630.5385499290385,7992.7876310229385,1,3.496302595607873e-05,3.9551571777126915e-05,21,1
690,9,0.06975069654423312,0.0697941738871095,0,22.637992714916496,1.593865276408824,0.008775491397989775,86.70692565000715,0.8670692565000715,0.0,15.992962344710559,0.9407112335364346,19878.754375643515,81528.9176625563,44498.65014408845,1947.3489314113058,12622.749555609069,0.3839446977587417,0.3839446977587411,42.89148937102101,49680.2995776153,630.9720845572886,7992.917691411413,1,5.495279789432431e-05,4.626018837482999e-05,21,1
691,9,0.07504375518318288,0.07478658415881952,0,21.126783871351236,1.7104194933112518,0.08254398310838715,78.47119586339979,0.7847119586339979,0.0,15.986982860527766,0.954108625804189,19938.59462212976,81531.6210592238,44441.655300117076,1949.8542394538133,12797.540652385274,0.3837563576284329,0.3837563576284334,42.89148937102101,49680.2995776153,634.3214326242271,7992.917691411413,1,4.905392246518797e-05,4.632324877186367e-05,21,1
692,9,0.07983999077556175,0.07939230071068754,0,19.901174117093014,1.8127666765069532,0.14732068133351464,58.83156093684222,0.5883156093684222,0.0,15.802829177972077,0.9718802809456147,20014.010641917837,81535.02264210516,44356.592299994445,1953.604932153179,12900.775832646941,0.3865678326699511,0.3865678326699512,42.89148937102101,49680.2995776153,638.7643464095835,7992.917691411413,1,3.6482494820481716e-05,4.682973839333133e-05,21,1
693,9,0.07923929195101437,0.08000556471204794,0,19.748626307265724,1.793561845432802,0.13516572495746954,59.95162397921658,0.5995162397921658,0.0,15.702124468110181,0.9884295298196372,20071.111316648916,81537.66235333505,44288.03277968931,1956.6386117669997,13021.067630794409,0.34178248182427595,0.341782481824276,42.89148937102101,49680.2995776153,642.9016586280891,7992.917691411413,1,3.683361498710469e-05,4.079001075759145e-05,21,1
694,9,0.07779501391636232,0.07740135177682626,0,20.413080181799195,1.7531244876018754,0.10957246050751605,49.17005641769148,0.49170056417691477,0.0,15.592217261709592,0.9995795507537037,20148.63736903551,81541.16745096107,44190.6581036667,1960.9633465622253,13016.197484714854,0.2956635872648729,0.29566358726487335,42.89148937102101,49680.2995776153,645.6891638616057,7992.917691411413,1,3.0220842285426436e-05,3.4512317364337614e-05,21,1
695,9,0.08376331310225277,0.08486864140622825,0,18.617005926102273,1.8799744766792592,0.18985726372105008,50.67026861539566,0.5067026861539566,0.0,15.534022353925213,1.0192505649862333,20229.800834132548,81544.90300042322,44101.19718789992,1964.9534789213476,12334.021805901722,0.28910798148327255,0.2891079814832724,42.89148937102101,49680.2995776153,650.6069174197381,7992.917691411413,1,3.2865366650252156e-05,3.3306607974261094e-05,21,1
696,9,0.08105292245394638,0.08189631044803741,0,19.29268841729443,1.81455096859245,0.1484499801218037,101.43615675516303,1.0143615675516302,0.0,15.706969796988984,1.0499672731541152,20293.628140707304,81547.84138037803,44045.591309959775,1967.4420606954113,12333.291083641116,0.36009925973352713,0.36009925973352713,42.89148937102101,49680.2995776153,658.2860944617086,7992.917691411413,1,6.579665139969526e-05,4.296095344512462e-05,21,1
697,9,0.08137199176760859,0.08146793878305951,0,19.39413250907664,1.810987563643874,0.14619466053409735,85.71450854842301,0.8571450854842302,0.0,15.719964626440913,1.075683720093407,20372.70344361874,81551.47730558216,43916.16701037155,1973.258156032046,12413.814654111744,0.420711374178179,0.42071137417817916,42.89148937102101,49680.2995776153,664.7152061965315,7992.917691411413,1,5.5238142947483036e-05,5.130005366581015e-05,21,1
698,9,0.08047680690905479,0.08112326638684801,0,19.476533310006797,1.7856437337522721,0.13015426186852663,120.03604219077383,1.2003604219077384,0.0,15.81441728783457,1.107768654709374,20449.26418143206,81554.99789751829,43849.763678352814,1976.2559002377443,12489.827755742597,0.5278220858558591,0.5278220858558587,42.89148937102101,49680.2995776153,672.7364398505233,7992.917691411413,1,7.688563495879017e-05,6.597347643532282e-05,21,1
699,9,0.08153641694703843,0.08134578995897448,0,19.423254735086463,1.8035353012057624,0.14147803873782427,95.93005585063982,0.9593005585063982,0.0,15.74520085869536,1.135382208189982,20502.275077339502,81557.49732845047,43781.71520170789,1979.3370182199014,12476.857354448695,0.5172346362335035,0.5172346362335036,42.89148937102101,49680.2995776153,679.6398282206753,7992.917691411413,1,6.150911443509317e-05,6.454429744712213e-05,21,1
700,9,0.08221857305062184,0.08337299064567674,0,18.95098146010827,1.8107850748553662,0.14606650307301655,89.31371339615146,0.8931371339615146,0.0,15.61487603639743,1.1620066142208658,20564.831967199167,81560.45009628618,43687.403465483956,1983.623580233994,12407.382455735264,0.522825850727621,0.5228258507276212,42.89148937102101,49680.2995776153,686.2959297283962,7992.917691411413,1,5.75874653431782e-05,6.532740491235384e-05,21,1
701,9,0.06362089047073244,0.06382333197927123,0,24.755836948675103,1.4030418621718792,0.11199882141020308,68.76289789241375,0.6876289789241374,0.0,15.451355136555728,1.1620066142208658,20550.78449156114,81557.33915624525,43716.45882254561,1982.3214926831163,12252.027330077975,0.44508690687871877,0.4450869068787193,42.89148937102101,49680.2995776153,686.2959297283962,7996.062448564141,1,4.489895168523175e-05,5.466517715450103e-05,21,1
702,9,0.0626509249208587,0.06177574017425263,0,25.576383148842055,1.3853222742387161,0.12321375048182528,71.21747986234774,0.7121747986234774,0.0,15.376203672508531,1.1620066142208658,20546.684923452736,81554.32914742922,43774.63469712935,1979.699166646967,12093.854654337185,0.4104239473208758,0.41042394732087595,42.89148937102101,49680.2995776153,686.2959297283962,7999.103141010087,1,4.71098632473194e-05,4.986542675857644e-05,21,1
703,9,0.06081870250805368,0.06149976941996915,0,25.691153233608215,1.3487451891285993,0.14636380434898782,73.07837079610772,0.7307837079610772,0.0,15.36375113182943,1.1620066142208658,20535.56250264259,81550.3714402435,43838.85051901378,1976.8166956232355,11792.761040298132,0.39207342886490093,0.39207342886490115,42.89148937102101,49680.2995776153,686.2959297283962,8003.089334536112,1,4.9575071043250945e-05,4.71946286586007e-05,21,1
704,9,0.06054552430675579,0.0608633842451525,0,25.95977893105476,1.349439627223837,0.14592428656719186,83.24775906810301,0.8324775906810301,0.0,15.388388813075,1.1620066142208658,20525.107902310705,81545.96129061912,43949.113742871195,1971.8719390608242,11913.356752386853,0.41844196261871036,0.4184419626187098,42.89148937102101,49680.2995776153,686.2959297283962,8007.5300355537465,1,5.590213458615633e-05,5.0862356292242226e-05,21,1
705,9,0.061646932089210064,0.06165487311227348,0,25.626522612783926,1.3783152901413955,0.12764855054342059,74.30123112906182,0.7430123112906182,0.0,15.326741423689258,1.1620066142208658,20516.404098740546,81542.51245924778,44018.42333075653,1968.7808538109382,11887.218797694884,0.42539901830309673,0.4253990183030971,42.89148937102101,49680.2995776153,686.2959297283962,8011.009779014909,1,5.00041144315237e-05,5.182710668697699e-05,21,1
706,9,0.06326343084098685,0.06317583109479147,0,25.009564142168653,1.4181114283346912,0.10246112130715752,79.07797519639931,0.7907797519639931,0.0,15.284649583044326,1.1620066142208658,20506.788388505498,81539.47088804201,44075.38377204488,1966.248869686585,12082.817525610315,0.4312801431759184,0.4312801431759184,42.89148937102101,49680.2995776153,686.2959297283962,8014.083118789031,1,5.2357308237942623e-05,5.2754519085207554e-05,21,1
707,9,0.061099798816769586,0.061316346823146975,0,25.768006116821503,1.3722087106653158,0.13151347426245838,45.17762056838954,0.4517762056838954,0.0,15.054548922047413,1.1620066142208658,20502.60084396112,81537.39580853686,44117.24732507076,1964.3913604108732,12224.34911908354,0.36597310599222144,0.3659731059922212,42.89148937102101,49680.2995776153,686.2959297283962,8016.185460895295,1,2.9565661208325514e-05,4.397569462593061e-05,21,1
708,9,0.0623156592717322,0.06176954835464952,0,25.578946942082833,1.4017207697341132,0.11283495586448536,66.68617888887681,0.6668617888887681,0.0,15.029015537264733,1.1620066142208658,20498.278848991897,81534.78637105793,44152.14078096972,1962.8515325105425,12417.63954123063,0.3480631003427203,0.34806310034272,42.89148937102101,49680.2995776153,686.2959297283962,8018.821154263041,1,4.2962225577546754e-05,4.162839834127163e-05,21,1
709,9,0.06238616676488839,0.06298386086715241,0,25.0857914749397,1.4046827765258432,0.11096026802161829,56.35807926020399,0.56358079260204,0.0,14.983251871006372,1.1620066142208658,20487.294214954556,81532.29625304721,44173.92886124114,1961.8964072540577,12377.300745374783,0.3093077199766189,0.3093077199766185,42.89148937102101,49680.2995776153,686.2959297283962,8021.334510889934,1,3.642673336915672e-05,3.6318206718343e-05,21,1
710,9,0.06175004634224727,0.06245317138299925,0,25.29895544151824,1.3907107793986224,0.11980330417808711,94.34481489929168,0.9434481489929167,0.0,15.097526593735699,1.1620066142208658,20486.04670977903,81528.57508159013,44179.76492812519,1961.6605926366801,11948.123648405744,0.3930135860858324,0.39301358608583303,42.89148937102101,49680.2995776153,686.2959297283962,8025.0841439776,1,6.31696274163552e-05,4.751952878768623e-05,21,1
711,9,0.058318132183338416,0.05897363991175745,0,26.7916310128417,1.3212140997539694,0.16378854445951307,109.39866248732348,1.0939866248732348,0.0,15.222906028095439,1.1620066142208658,20482.515098141655,81522.55250039462,44310.95238809919,1955.8767795620627,11744.351762622306,0.47099410595390623,0.47099410595390623,42.89148937102101,49680.2995776153,686.2959297283962,8031.140056457917,1,7.452001758700505e-05,5.8038792790838995e-05,21,1
712,9,0.06012121265624714,0.05944143338720045,0,26.580785656831456,1.3664660866723244,0.1351480464099213,68.8963898594786,0.688963898594786,0.0,15.013054709557288,1.1620066142208658,20472.260139112335,81519.10237744956,44382.663463077035,1952.7301660389955,11666.675912852805,0.49697263617995074,0.49697263617995036,42.89148937102101,49680.2995776153,686.2959297283962,8034.625073821623,1,4.724320131911963e-05,6.16442821074933e-05,21,1
713,9,0.06013613299637079,0.060070101498043434,0,26.30260246940756,1.3713261877950782,0.13207203304108978,73.2389323690317,0.7323893236903171,0.0,14.901978515995127,1.1620066142208658,20462.796427583944,81515.56678377026,44456.16535419903,1949.5156557516734,11408.739001712978,0.4689336020499893,0.4689336020499889,42.89148937102101,49680.2995776153,686.2959297283962,8038.192742052226,1,5.135637329106059e-05,5.77065307323951e-05,21,1
714,9,0.06232152934529788,0.062201172290933575,0,25.401450516235695,1.4246455279516654,0.09832561522046496,125.01730807308688,1.2501730807308689,0.0,15.090352080773096,1.1620066142208658,20451.45240538935,81511.02972771929,44510.88082843106,1947.1413143187413,11627.687770910696,0.49659472807098104,0.49659472807098054,42.89148937102101,49680.2995776153,686.2959297283962,8042.764269675361,1,8.601352945568153e-05,6.153770135528725e-05,21,1
715,9,0.059532011587905304,0.05976560822401269,0,26.436608727846696,1.3681665447582994,0.13407180711500044,101.50165502390874,1.0150165502390873,0.0,15.09298989687639,1.1620066142208658,20446.863434756237,81506.39858689255,44630.091291629695,1941.955913278045,11219.699076483526,0.5594771721569634,0.5594771721569635,42.89148937102101,49680.2995776153,686.2959297283962,8047.432724975931,1,7.237388762888022e-05,6.991459679187412e-05,21,1
716,9,0.06348167953902231,0.0629935295479068,0,25.08194113489711,1.461344027829928,0.07509871656333682,59.85371098722709,0.5985371098722709,0.0,14.761112061625449,1.1620066142208658,20433.138499780325,81504.3760438798,44666.97482755698,1940.3607418790161,11467.007481876428,0.5340037583960073,0.5340037583960072,42.89148937102101,49680.2995776153,686.2959297283962,8049.491676793108,1,4.1757161897260965e-05,6.671485966060758e-05,21,1
717,9,0.06242230363773555,0.061588170023924554,0,25.654277426756355,1.4396920479947568,0.0888025012691413,65.31373084282822,0.6531373084282822,0.0,14.651972789606262,1.1620066142208658,20422.77761689623,81502.06809980785,44709.568141167285,1938.5216733725656,10939.192946047437,0.4428350564262896,0.44283505642628906,42.89148937102101,49680.2995776153,686.2959297283962,8051.828337924153,1,4.776493561450708e-05,5.396532838021609e-05,21,1
718,9,0.06116308829683875,0.06106437125237775,0,25.87433502704701,1.4128462453718758,0.10579351558742045,74.0040824338991,0.740040824338991,0.0,14.688998261839995,1.1620066142208658,20417.59903601837,81499.32160682842,44744.516245659324,1937.0209652305555,10763.974126828896,0.40148314563759624,0.40148314563759646,42.89148937102101,49680.2995776153,686.2959297283962,8054.600382169716,1,5.5001308298908705e-05,4.817446860355892e-05,21,1
719,9,0.059433584617201565,0.06016788687752037,0,26.259855248303758,1.3746826873874178,0.12994766621049508,43.76014475036264,0.43760144750362645,0.0,14.508579062028883,1.1620066142208658,20414.30672521107,81497.37156843767,44773.73774442966,1935.7657991018268,10571.535128468671,0.3807387638628938,0.3807387638628938,42.89148937102101,49680.2995776153,686.2959297283962,8056.574231046578,1,3.311545142201233e-05,4.529389844514271e-05,21,1
720,9,0.057833654686538914,0.05811562406289711,0,27.18718116646231,1.3416023035167677,0.15088461802736228,77.18925952917004,0.7718925952917005,0.0,14.562579825522231,1.1620066142208658,20411.744499191598,81493.49052138679,44839.59215352802,1932.940545864208,10665.279583843725,0.4051439770252531,0.4051439770252526,42.89148937102101,49680.2995776153,686.2959297283962,8060.48071475143,1,5.789947383740415e-05,4.8672077852775066e-05,21,1
721,9,0.056559706752323226,0.055870909500555094,0,28.27947520675858,1.3182474371809796,0.16566617899938005,98.30817791343482,0.9830817791343482,0.0,14.689591791100504,1.1620066142208658,20405.799371051493,81487.90329585192,44945.666701882714,1928.404074035111,10596.783462064235,0.45266269595717035,0.45266269595717085,42.89148937102101,49680.2995776153,686.2959297283962,8066.096032130528,1,7.421737229254248e-05,5.5077432517319657e-05,21,1
722,9,0.05549971246589864,0.055058137223181466,0,28.69693890287961,1.297555596498641,0.17876228069706274,75.0374302519939,0.750374302519939,0.0,14.595041980834036,1.1620066142208658,20402.81062782159,81483.42560049199,45015.60414620337,1925.4304735262403,10414.249529258417,0.5128997193602844,0.512899719360285,42.89148937102101,49680.2995776153,686.2959297283962,8070.604959240682,1,5.7642122010754013e-05,6.325298938023355e-05,21,1
723,9,0.05662728372012763,0.056333338223756704,0,28.047334843254287,1.3294149870850807,0.15859810943982242,75.39698549344327,0.7539698549344327,0.0,14.500172914553422,1.1620066142208658,20395.77389342359,81479.25297600341,45109.16026560128,1921.4536029398869,10500.293097504937,0.5110417745469639,0.5110417745469639,42.89148937102101,49680.2995776153,686.2959297283962,8074.808829684176,1,5.744371879398984e-05,6.310107103242878e-05,21,1
724,9,0.057665798919110035,0.05729469166451171,0,27.576725768098527,1.358225320136689,0.14036372143247539,87.22333398713505,0.8722333398713505,0.0,14.534040617654956,1.1620066142208658,20387.972890362555,81474.94095549227,45183.13107077305,1918.3277709774823,10484.769093309054,0.49258290198058247,0.49258290198058224,42.89148937102101,49680.2995776153,686.2959297283962,8079.150799979646,1,6.655241194986153e-05,6.054608425153513e-05,21,1
725,9,0.05613678347467851,0.056148559807188796,0,28.139635378460945,1.3265299916035478,0.1604240559471217,58.04620761938457,0.5804620761938457,0.0,14.364170317543342,1.1620066142208658,20383.13031377342,81471.74287186086,45257.00392591375,1915.2093402958537,10540.438399259609,0.45866790177285915,0.4586679017728588,42.89148937102101,49680.2995776153,686.2959297283962,8082.376868126287,1,4.405601013594418e-05,5.601738029326518e-05,21,1
726,9,0.05793744958342695,0.05812829337999139,0,27.181255600802814,1.3722174316320257,0.13150795466327492,68.4948726680539,0.6849487266805391,0.0,14.300018201449399,1.1620066142208658,20375.552314425182,81468.52031486848,45309.0005013334,1913.0262243494183,10624.32978885634,0.4437762952181916,0.44377629521819095,42.89148937102101,49680.2995776153,686.2959297283962,8085.626634037331,1,5.1575863347086164e-05,5.406142847763063e-05,21,1
727,9,0.055404066770833475,0.0555949805498148,0,28.41983186925071,1.3174994464584964,0.16613959084905297,72.67938590313693,0.7267938590313693,0.0,14.312179862026829,1.1620066142208658,20373.205426780223,81464.51257320339,45400.31912494456,1909.194207995301,10669.652972318456,0.41426776356835027,0.41426776356835,42.89148937102101,49680.2995776153,686.2959297283962,8089.659767148151,1,5.4494282872515285e-05,5.004205211851521e-05,21,1
728,9,0.05803057597716,0.05802839408178952,0,27.22804973325698,1.3846124537279454,0.12366300396965485,79.94654584515357,0.7994654584515357,0.0,14.325538774768969,1.1620066142208658,20363.078473958907,81460.88575512226,45477.0019218869,1905.98936773686,10782.539270490586,0.4509319707125315,0.4509319707125316,42.89148937102101,49680.2995776153,686.2959297283962,8093.314422467349,1,5.931556108602322e-05,5.512856910187488e-05,21,1
729,9,0.057533128398895045,0.05795880814864587,0,27.260740006036766,1.3761385171043472,0.12902625499724865,51.56281583672527,0.5156281583672527,0.0,14.148755848457055,1.1620066142208658,20351.71074317573,81458.28269730632,45533.32740403092,1903.641776902897,10697.038243736113,0.41905005707269094,0.4190500570726907,42.89148937102101,49680.2995776153,686.2959297283962,8095.943117991038,1,3.856231204327536e-05,5.079071866727128e-05,21,1
730,10,0.05860512132669072,0.05881349247698543,0,26.86458384729111,1.439490636440183,0.08892997693659312,137.42485120420798,1.3742485120420798,0.0,25.694212441499825,1.736877349862137,19326.79668531255,81453.00040809528,46653.391802738355,1899.3716372219935,10540.063031305184,0.5809608496908372,0.5809608496908377,52.70031515652595,49627.59926245877,686.2959297283962,8101.259423789746,1,0.00010430666366684189,6.739484559871349e-05,24,1
731,10,0.06084848737636978,0.0608971640523273,0,25.945378977621164,1.4964147304236013,0.052902069352151124,81.58032646666294,0.8158032646666294,0.0,25.526622109200222,1.736877349862137,19314.923535782233,81451.13626440412,46681.91209820254,1898.2195786112002,10809.91631190827,0.5807503604852966,0.5807503604852959,52.70031515652595,49627.59926245877,686.2959297283962,8103.158474743034,1,6.037443703559005e-05,6.77478042485691e-05,24,1
732,10,0.0611812751505254,0.06203371989006223,0,25.470018609235705,1.5072850188372429,0.04602213997642861,81.88162985137119,0.8188162985137118,0.0,25.311911999220587,1.736877349862137,19304.897378625876,81449.53044240786,46723.6275512626,1896.52990477519,10283.787278882397,0.645560579612784,0.6455605796127839,52.70031515652595,49627.59926245877,686.2959297283962,8104.801152382229,1,6.369764572591959e-05,7.612624880945051e-05,24,1
733,10,0.06230931479895886,0.06223003166976311,0,25.389670511250998,1.5361038520126722,0.027782372143878405,52.342688482872674,0.5234268848287268,0.0,25.07299703932174,1.736877349862137,19290.195527118885,81448.48297449414,46739.332253053435,1895.8977044636774,10096.313772718384,0.493473904405139,0.4934739044051389,52.70031515652595,49627.59926245877,686.2959297283962,8105.876275742162,1,4.14746923767839e-05,5.518225837943118e-05,24,1
734,10,0.0633881410797047,0.0634352604156824,0,24.90728326243923,1.5605519352027015,0.012308901770442119,106.50189249304901,1.0650189249304902,0.0,25.17245884181192,1.739007387711998,19276.286100002646,81447.77838409488,46707.30653824815,1897.20653924595,10421.773430734624,0.5430136407360244,0.5430136407360244,52.70031515652595,49627.59926245877,686.8284391908614,8106.632562554193,1,8.175337389620591e-05,6.230857066630314e-05,24,1
735,10,0.06294773222702858,0.06221829953732923,0,25.394458089489323,1.5469570956412693,0.02091323060679165,99.69353803048419,0.996935380304842,0.0,25.19764539664194,1.739007387711998,19263.16717162525,81446.57478277372,46665.96816200491,1898.9000252519736,10474.421176273388,0.5729406891054399,0.5729406891054395,52.70031515652595,49627.59926245877,686.8284391908614,8107.869520845916,1,7.614247038781258e-05,6.64568455536008e-05,24,1
736,10,0.06210310050892911,0.062192076572826015,0,25.405165530207743,1.5269894291285084,0.03355099422246306,145.38256644757956,1.4538256644757956,0.0,25.330961874543362,1.739007387711998,19256.025501291773,81444.69007318853,46678.160133055855,1898.4142358925876,10411.547226145152,0.7448410881166503,0.7448410881166494,52.70031515652595,49627.59926245877,686.8284391908614,8109.797294433456,1,0.00011170871209804392,8.986818546068746e-05,24,1
737,10,0.06200855134948357,0.0619808697798514,0,25.491736492436623,1.5257521461314596,0.03433408472692435,52.532537393346374,0.5253253739334638,0.0,24.842907962515795,1.739007387711998,19242.77386617508,81443.59904256088,46694.86786532995,1897.7401533572454,10663.348996850104,0.6380420277411644,0.6380420277411644,52.70031515652595,49627.59926245877,686.8284391908614,8110.9261944374175,1,3.941166131493152e-05,7.575428126692934e-05,24,1
738,10,0.06467495965153378,0.06482300937257958,0,24.374061236785884,1.5917741090379798,0.007451967745556776,94.23798774342134,0.9423798774342135,0.0,24.712779297064042,1.7408921474668664,19243.546757183543,81443.51377124114,46700.94502008775,1897.4939457258165,11025.650214389003,0.615921666810116,0.6159216668101155,52.70031515652595,49627.59926245877,687.2996291295785,8111.0675514190325,1,6.837727365625022e-05,7.316588235640855e-05,24,1
739,10,0.06334229453426904,0.06328713798288946,0,24.96557832062456,1.5597853898292038,0.012794057070124232,65.22678071320681,0.6522678071320681,0.0,24.5584685775377,1.7421966830811306,19235.56983010758,81443.11279418564,46713.1046589714,1897.001506240998,11441.06239734674,0.4516160375966758,0.4516160375966762,52.70031515652595,49627.59926245877,687.6257630331446,8111.509634337082,1,4.5608897808884137e-05,5.113261092668862e-05,24,1
740,10,0.06448085947502896,0.06440473468048706,0,24.53235787459425,1.5858321420381751,0.00369122913808548,67.16270187666953,0.6716270187666953,0.0,24.389776571526525,1.743539937118664,19236.09802434788,81443.05503610788,46683.877116136886,1898.1936614087615,11514.927952024207,0.46821954425277107,0.46821954425277046,52.70031515652595,49627.59926245877,687.961576542528,8111.610378389897,1,4.666130932403308e-05,5.3549160263055815e-05,24,1
741,10,0.06346926954899916,0.06269090410033955,0,25.203018247609585,1.5608765011282488,0.012103480298576736,49.986650820411235,0.4998665082041124,0.0,24.203908194727866,1.7445396701350722,19227.56363760765,81442.65559919512,46682.76478260608,1898.2417757830688,11554.650243315366,0.38519680718860305,0.3851968071886036,52.70031515652595,49627.59926245877,688.21150979663,8112.043996952474,1,3.4608854283117524e-05,4.229302047201158e-05,24,1
742,10,0.039945964902859336,0.0400111034382285,0,39.489038397536255,0.9930648438721037,0.3714779469163901,77.4543755282831,0.7745437552828309,0.0,24.2242465995688,1.7445396701350722,19231.674955551956,81435.31844034346,46936.47227357415,1888.0163623491376,11453.118649842141,0.40660562402177225,0.4066056240217727,52.70031515652595,49627.59926245877,688.21150979663,8119.406743621434,1,5.410185846933536e-05,4.512400735882865e-05,24,1
743,10,0.040553569650216614,0.040779713064216384,0,38.744755204921425,1.0171278324796744,0.3562482072913453,58.26856317064569,0.5826856317064569,0.0,24.11252128498288,1.7445396701350722,19228.92962123373,81429.58180022406,47144.84418519081,1879.696593939141,11171.988762984478,0.3961709826114407,0.39617098261144035,52.70031515652595,49627.59926245877,688.21150979663,8125.167513266642,1,4.1724756017445095e-05,4.3478489589965994e-05,24,1
744,10,0.04181093411311847,0.04188459316150463,0,37.72270137393025,1.0575772333688542,0.3306473206526239,69.42403678234267,0.6942403678234267,0.0,24.04575655611865,1.7445396701350722,19230.354072243386,81422.94695426276,47345.183768282935,1871.7747476498027,10988.662558650032,0.43603487469061514,0.4360348746906148,52.70031515652595,49627.59926245877,688.21150979663,8131.828250760329,1,5.0542301330524414e-05,4.878963860576829e-05,24,1
745,10,0.04352747496219532,0.04308540244964448,0,36.671352944807815,1.1094112682268815,0.2978409694766573,53.6316886123913,0.536316886123913,0.0,23.899051130765354,1.7445396701350722,19229.322930169532,81417.7539000044,47526.05039260454,1864.6727573106527,11028.662558650032,0.39827697454486677,0.39827697454486627,52.70031515652595,49627.59926245877,688.21150979663,8137.044876263375,1,3.890349411068108e-05,4.372351715288353e-05,24,1
746,10,0.08057473729715979,0.0800040225230026,0,19.749006989563828,2.0484959914241445,0.29651645026844586,64.75557441380616,0.6475557441380616,0.0,23.827119727913118,1.7832482507338838,19272.902700045273,81419.77427302768,47466.38123120803,1867.0240089132474,11068.662558650032,0.41011055524620593,0.4101105552462062,52.70031515652595,49627.59926245877,697.888654946333,8137.044876263375,1,4.68028176453535e-05,4.541620436218633e-05,24,1
747,10,0.07846857913557939,0.0787152394018057,0,20.07235208845411,1.9877191283385789,0.2580500812269486,45.18145002813911,0.45181450028139114,0.0,23.65406880199788,1.806931333131771,19349.464776316374,81422.98228130727,47380.41538882095,1870.4221443609486,11108.662558650032,0.36544811688489276,0.3654481168848927,52.70031515652595,49627.59926245877,703.8094255458047,8137.044876263375,1,3.253781436935086e-05,3.941470870846181e-05,24,1
748,10,0.08314884098064519,0.08360181152593614,0,18.8991120067994,2.099089400066038,0.3285375949785049,72.47960788891511,0.7247960788891511,0.0,23.675036564791846,1.85041909786512,19413.571372350187,81425.9009726996,47299.6370873686,1873.6267271399254,10715.004393050784,0.4053883145793549,0.40538831457935504,52.70031515652595,49627.59926245877,714.681366729142,8137.044876263375,1,5.4114477403982595e-05,4.448503647289565e-05,24,1
749,10,0.0824545300747546,0.08321221721531064,0,18.98759644766788,2.072934435441447,0.3119838198996499,59.32751521516872,0.5932751521516871,0.0,23.59309700626194,1.8860156069942213,19502.88606671013,81429.63448786846,47201.6667133066,1877.5274225024166,10715.004393050784,0.399006609656951,0.39900660965695134,52.70031515652595,49627.59926245877,723.5804940114174,8137.044876263375,1,4.429490687182215e-05,4.3649066215051876e-05,24,1
750,10,0.07945638664732149,0.07944807093407599,0,19.88720407460924,1.991288443599445,0.26030914151863593,49.5646166753627,0.495646166753627,0.0,23.411336753560654,1.9121525445702519,19572.501970789213,81432.49312678709,47127.625886507325,1880.4864138316077,10755.004393050784,0.40862796009524155,0.4086279600952414,52.70031515652595,49627.59926245877,730.114728405425,8137.044876263375,1,3.6868133095241344e-05,4.509250579034869e-05,24,1
751,10,0.07492767083165608,0.07456801087121422,0,21.18871056824628,1.8716500774473612,0.18458865661225388,65.91583113062535,0.6591583113062535,0.0,23.386572504144404,1.9368944392603502,19633.711646712778,81435.13446825402,47050.60326931491,1883.5743693084735,10795.004393050784,0.39543749385781535,0.3954374938578152,52.70031515652595,49627.59926245877,736.3002020779496,8137.044876263375,1,4.884913704939908e-05,4.333739233882086e-05,24,1
752,10,0.07743811730589584,0.07773225240874197,0,20.326183161293667,1.9227340395010584,0.21692027816522677,145.59770549065973,1.4559770549065973,0.0,23.67438576767321,2.0011270965992987,19716.97615179824,81438.70514727653,46909.22170965561,1889.2689986511198,10529.974438718842,0.5598062366078269,0.5598062366078274,52.70031515652595,49627.59926245877,752.3583664126868,8137.044876263375,1,0.00011061580925043481,6.544435979835842e-05,24,1
753,10,0.07652825943108806,0.07553973174924217,0,20.916145231292155,1.89583810679526,0.1998975359463671,51.738530593601986,0.5173853059360198,0.0,23.306183823000534,2.022028546713043,19762.621797363227,81440.6325319207,46856.13861000315,1891.4161070149812,10375.48585004132,0.5670930986095708,0.5670930986095704,52.70031515652595,49627.59926245877,757.5837289411229,8137.044876263375,1,3.98929024366765e-05,6.645261624550346e-05,24,1
754,10,0.0767482494722537,0.07674090271930384,0,20.588759631603317,1.8968824227515633,0.20055849541238177,65.79061520110481,0.6579061520110482,0.0,23.05555396020285,2.0487896075092538,19822.13472679666,81443.17143228825,46801.90747633199,1893.6147162777029,10319.264247521769,0.5718970714747805,0.5718970714747812,52.70031515652595,49627.59926245877,764.2739941401755,8137.044876263375,1,5.100411317940992e-05,6.717094162217374e-05,24,1
755,10,0.07918222805742431,0.08054015205039715,0,19.61754429034765,1.9491246073748654,0.23362316922459828,82.88179568764849,0.828817956876485,0.0,23.11412732488703,2.088181401726198,19903.439406981764,81446.6805529803,46707.31644563927,1897.4617470608953,9835.212607042933,0.4710093594374126,0.47100935943741207,52.70031515652595,49627.59926245877,774.1219426944117,8137.044876263375,1,6.741637339149934e-05,5.277112966919524e-05,24,1
756,10,0.07561453650143433,0.0752012911649399,0,21.010277556731932,1.8510773560016114,0.17156794683646284,77.65355788087012,0.7765355788087013,0.0,23.072141488251596,2.115384549218576,19978.923798521348,81449.88973195567,46579.02846311126,1902.7036533648836,9606.449814601463,0.5331782617229701,0.5331782617229708,52.70031515652595,49627.59926245877,780.9227295675063,8137.044876263375,1,6.466785077070989e-05,6.1029445780539714e-05,24,1
757,10,0.07681663714550534,0.07563658450873109,0,20.889362076068007,1.8703289074140754,0.18375247304688314,97.5607184250877,0.975607184250877,0.0,23.122017781134318,2.152030158456666,20062.075317500698,81453.50573127279,46453.020211257484,1907.8808993091102,9150.812721239123,0.6211745635179514,0.6211745635179519,52.70031515652595,49627.59926245877,790.0841318770287,8137.044876263375,1,8.529141303364092e-05,7.245854573195004e-05,24,1
758,10,0.07759635832099916,0.07523666513819824,0,21.000399168381293,1.8831293888795106,0.19185404359462693,49.36750638979439,0.49367506389794397,0.0,22.850818043296684,2.1713008409774406,20128.156942397934,81456.35987780856,46377.050104922004,1911.0158967641264,8871.276229089928,0.5672478209817866,0.5672478209817859,52.70031515652595,49627.59926245877,794.9018025072223,8137.044876263375,1,4.451896671003228e-05,6.482607683812769e-05,24,1
759,10,0.07727784787250139,0.07809820837291313,0,20.230937852704862,1.8701573255650956,0.1836438769399339,56.81022232458098,0.5681022232458098,0.0,22.687164240370862,2.1923868363855203,20166.145149725766,81458.10708215364,46312.28610971025,1913.6966455656486,8797.077355413896,0.5357162061709307,0.53571620617093,52.70031515652595,49627.59926245877,800.1733013592423,8137.044876263375,1,5.166281484576816e-05,6.049106486314713e-05,24,1
760,10,0.07737260226541945,0.07802406488093451,0,20.250162592926884,1.8656144215772679,0.1807686212514353,69.0692064280999,0.690692064280999,0.0,22.693137502386808,2.217837664648233,20240.810669166938,81461.26679619947,46227.798347834636,1917.2048703124185,8837.077355413896,0.47992076866852423,0.4799207686685241,52.70031515652595,49627.59926245877,806.5360084249205,8137.044876263375,1,6.252674150082957e-05,5.290284101887666e-05,24,1
761,10,0.0737376907870306,0.07420946109485622,0,21.29108575496065,1.773807926651846,0.12266324471635821,79.61290443333817,0.7961290443333817,0.0,22.71694511964682,2.237645831506412,20277.316543288518,81462.92717546718,46173.755741854904,1919.455918654851,8589.304029759947,0.5548297207902912,0.5548297207902912,52.70031515652595,49627.59926245877,811.4880501394651,8137.044876263375,1,7.415073832058842e-05,6.278009822239539e-05,24,1
762,10,0.07291535133991277,0.07289274783274857,0,21.675681696419083,1.7496102698682328,0.1073482720685017,49.139049037426645,0.49139049037426646,0.0,22.491658090035802,2.2484751183998677,20338.537744289188,81465.53843439762,46115.69023162214,1921.8804401362781,8740.808865414341,0.5359405081196646,0.5359405081196641,52.70031515652595,49627.59926245877,814.195371862829,8137.044876263375,1,4.4974372320950925e-05,6.055061738078965e-05,24,1
763,10,0.06956872213277239,0.06942505576895312,0,22.75835406251954,1.6641491947307265,0.0532589840067889,63.81357380239302,0.6381357380239302,0.0,22.391428689636648,2.255517887528575,20381.70149520743,81467.39628645354,46044.49564716499,1924.8615049443229,9062.508011714197,0.517128801481678,0.5171288014816773,52.70031515652595,49627.59926245877,815.9560641450057,8137.044876263375,1,5.633193259076415e-05,5.8485681077434495e-05,24,1
764,10,0.07411431354292972,0.07474763012635059,0,21.13779389833801,1.7680071714810703,0.11899188068422169,87.19050561570819,0.8719050561570819,0.0,22.459717403921267,2.276629179074173,20429.45047041743,81469.45650504851,45981.219641982454,1927.518499134489,9229.982518321141,0.519219805146391,0.5192198051463904,52.70031515652595,49627.59926245877,821.2338870314053,8137.044876263375,1,7.557154561681006e-05,5.895928350950838e-05,24,1
765,10,0.07374618040119117,0.07524948846942286,0,20.996820471969357,1.7555323822486908,0.11109644446119665,106.45663748482067,1.0645663748482068,0.0,22.546304493869876,2.3008026493947114,20483.353454839515,81471.84318439968,45933.01422590054,1929.5482029985594,9088.601560601912,0.6395285496707578,0.6395285496707582,52.70031515652595,49627.59926245877,827.2772546115399,8137.044876263375,1,9.37056261295894e-05,7.520303477905455e-05,24,1
766,10,0.07849330898677889,0.07815468499099101,0,20.216318448243104,1.8610731217373948,0.17789438084645237,117.64979876964853,1.1764979876964854,0.0,22.604169485084356,2.343096413696554,20525.194556552062,81473.81612785257,45841.31011309271,1933.42006664769,9134.129238897121,0.7529694797676432,0.7529694797676438,52.70031515652595,49627.59926245877,837.8506956870006,8137.044876263375,1,0.00010304193925231028,9.07730369995699e-05,24,1
767,10,0.08216108961091502,0.08087473501576051,0,19.536385494086588,1.9402156208040933,0.2279845701291729,89.14981150647819,0.8914981150647819,0.0,22.409303799500655,2.3844347364942835,20603.5080723256,81477.34008782246,45749.34589727165,1937.3187534428253,9174.129238897121,0.7570773799115519,0.7570773799115521,52.70031515652595,49627.59926245877,848.185276386433,8137.044876263375,1,7.774018367083344e-05,9.149591635091104e-05,24,1
768,10,0.0832844477363068,0.08316388711437134,0,18.99863095416766,1.962069398561566,0.2418160750389658,79.7587658533216,0.7975876585332161,0.0,22.20706740283422,2.423338111976897,20651.13278136474,81479.49265434004,45695.04213603059,1939.6288181124507,9214.129238897121,0.696378325563456,0.6963783255634556,52.70031515652595,49627.59926245877,857.9111202570863,8137.044876263375,1,6.924909671691845e-05,8.334373988002073e-05,24,1
769,10,0.08689764098681327,0.08708511230578582,0,18.14317003407053,2.035602528921039,0.28835603096268275,114.18477926898923,1.1418477926898924,0.0,22.290707047263925,2.4901703759086264,20740.745786298747,81483.59676104675,45565.719134900115,1945.150610904998,9254.129238897121,0.685787751636904,0.6857877516369045,52.70031515652595,49627.59926245877,874.6191862400186,8137.044876263375,1,9.87103389816911e-05,8.189987312314766e-05,24,1
770,10,0.08551166084189686,0.08381523781738544,0,18.850987495167224,1.9959429059415166,0.26325500376045347,111.54583704790926,1.1154583704790926,0.0,22.31576154033094,2.5492692613575816,20771.735885639715,81485.38328588294,45483.96506435311,1948.6576408321437,9178.951234493326,0.7340054429732779,0.7340054429732784,52.70031515652595,49627.59926245877,889.3939076022574,8137.044876263375,1,9.721880785572474e-05,8.839274785144476e-05,24,1
771,10,0.08480609683310875,0.08535826062082388,0,18.510217857163614,1.9692603017852675,0.24636727961092872,111.0096675371259,1.1100966753712591,0.0,22.253277405573296,2.6051001873321145,20868.150882811482,81489.93468706433,45366.649297520686,1953.7124928742658,9159.19157270806,0.8013783092963601,0.8013783092963593,52.70031515652595,49627.59926245877,903.3516390958906,8137.044876263375,1,9.696023205183744e-05,9.762979296308442e-05,24,1
772,10,0.08531535119745322,0.08657259432974308,0,18.25057932285127,1.9753554611110913,0.2502249753867666,58.44464173327047,0.5844464173327047,0.0,21.911131632622386,2.634601531557687,20915.434242727963,81492.08068750419,45301.09521780688,1956.5485423886992,8831.957630982084,0.6918737025221966,0.6918737025221969,52.70031515652595,49627.59926245877,910.7269751522838,8137.044876263375,1,5.2939241038249076e-05,8.237276031527042e-05,24,1
773,10,0.08256491154150442,0.08307060117506303,0,19.01996588023129,1.9064656811361167,0.20662384882032697,60.551863215758374,0.6055186321575837,0.0,21.718922193357137,2.6599330593272943,20966.34063985524,81494.44238707246,45239.449393235875,1959.222856355316,8720.276220200476,0.5908357915546392,0.5908357915546397,52.70031515652595,49627.59926245877,917.0598570946856,8137.044876263375,1,5.555040843820088e-05,6.848329384276246e-05,24,1
774,10,0.08827475983168055,0.08890091032831811,0,17.772596412848134,2.02834774081364,0.2837643929200252,113.7745237799786,1.1377452377997859,0.0,21.884480643688033,2.724934015202164,21016.684411246715,81496.82249620628,45128.94283672233,1964.0353131812035,8760.276220200476,0.6079982442580962,0.6079982442580962,52.70031515652595,49627.59926245877,933.3100960634031,8137.044876263375,1,0.00010390039849896414,7.079668265847135e-05,24,1
775,10,0.0934625289489366,0.09376126719916206,0,16.851308084860445,2.140594377792634,0.3548065682231861,97.93735309005623,0.9793735309005623,0.0,21.889817404020356,2.783696427056198,21070.69449276672,81499.66884066544,45055.906754909156,1967.2288375080561,8585.040644008523,0.7031372470068723,0.7031372470068729,52.70031515652595,49627.59926245877,948.0006990269115,8137.044876263375,1,9.126326329826426e-05,8.357135674514309e-05,24,1
776,10,0.09503304842320012,0.09493762479009857,0,16.642506103278716,2.1654392997906937,0.3705312023991732,77.13024908651626,0.7713024908651626,0.0,21.688707062689126,2.8299745765081075,21157.30821227675,81503.82164187836,44940.792421803,1972.283639080071,8322.167303700055,0.7504402477291242,0.750440247729125,52.70031515652595,49627.59926245877,959.570236389889,8137.044876263375,1,7.414438693365271e-05,8.976934957696037e-05,24,1
777,10,0.09318916194727757,0.09243998558454264,0,17.092170558107487,2.1116765848652177,0.33650416763621366,81.5756451126078,0.8157564511260781,0.0,21.620206136423903,2.8789199635756724,21229.415090948045,81507.4103303985,44816.496540439104,1977.7705468487509,7902.501142812351,0.7033009424739591,0.7033009424739597,52.70031515652595,49627.59926245877,971.8065831567802,8137.044876263375,1,8.2582102692188e-05,8.266325097470165e-05,24,1
778,10,0.09210315705814597,0.09186197213967032,0,17.199717828806353,2.076551615587529,0.31427317442248676,65.41837987931487,0.6541837987931487,0.0,21.510620010389303,2.918170991503261,21303.371235810937,81510.94238730663,44703.61846491526,1982.7797015180781,7329.8795809113835,0.662220348772429,0.6622203487724285,52.70031515652595,49627.59926245877,981.6193401386774,8137.044876263375,1,7.13991319035349e-05,7.60418738431252e-05,24,1
779,10,0.09870117644136917,0.09966898627171517,0,15.85247386476514,2.211609209274937,0.39975266409806137,82.26432034283987,0.8226432034283987,0.0,21.523572437874716,2.967529583708965,21394.33727954594,81515.31843447356,44565.99791160461,1988.9211912809265,6997.554239735803,0.7158100708878239,0.7158100708878234,52.70031515652595,49627.59926245877,993.9589881901035,8137.044876263375,1,9.404922637192256e-05,8.267682032254849e-05,24,1
780,10,0.09976123701544837,0.10060817115860514,0,15.704489822294725,2.2235290399650336,0.407296860737363,79.685054769627,0.7968505476962701,0.0,21.496879540345667,3.0153406165707413,21484.289212210166,81519.70566044866,44448.066152822794,1994.214594300875,6957.554239735803,0.7383179606520966,0.7383179606520961,52.70031515652595,49627.59926245877,1005.9117464055475,8137.044876263375,1,9.162421393946947e-05,8.569085740497565e-05,24,1
781,10,0.10449063980008234,0.10400475226811455,0,15.19161351326435,2.3195138504435553,0.46804674078706027,108.26364217737361,1.082636421773736,0.0,21.574435375948678,3.0802988018771655,21590.135718888057,81524.84510553452,44358.16274307611,1998.2690788821353,6957.554239735803,0.8678997381882845,0.8678997381882838,52.70031515652595,49627.59926245877,1022.1512927321536,8137.044876263375,1,0.00012448471223874748,0.0001033860508500465,24,1
782,10,0.10957566551434876,0.10927875853290626,0,14.458436581929387,2.4237775145315217,0.5340364016022289,64.20474010896261,0.6420474010896261,0.0,21.34364994475939,3.118821645942543,21653.714648100315,81528.23468026996,44279.66172587076,2001.8229285786308,6903.190930921566,0.819771961014276,0.8197719610142767,52.70031515652595,49627.59926245877,1031.782003748498,8137.044876263375,1,7.440586911350733e-05,9.683826509724142e-05,24,1
783,10,0.10835265760297177,0.10800596425888374,0,14.628821758517297,2.3867639532100586,0.5106100969683914,56.79989557601545,0.5679989557601546,0.0,21.119192663877122,3.1529015832881524,21741.090891414246,81532.43186171257,44187.69087718809,2006.002199523139,6771.50852334016,0.7610922092650203,0.7610922092650197,52.70031515652595,49627.59926245877,1040.3019880849004,8137.044876263375,1,6.710456954191112e-05,8.866505029805532e-05,24,1
784,10,0.10934411371414174,0.10889959603317367,0,14.508777420245806,2.399659197814647,0.5187716441864855,54.02479470111656,0.5402479470111656,0.0,21.007306421313167,3.1853164601088224,21832.335964460268,81536.80309211044,44105.69939200349,2009.7431394228727,6811.50852334016,0.611309266852742,0.6113092668527411,52.70031515652595,49627.59926245877,1048.4057072900678,8137.044876263375,1,6.345119530100734e-05,6.832054465214193e-05,24,1
785,10,0.10176689071122119,0.10261346409920266,0,15.397589525605706,2.2258882766753336,0.4087900485286921,105.54075948137222,1.0554075948137223,0.0,21.155726213872594,3.2486409157976457,21900.595790462055,81540.23416120095,44031.88107728397,2013.1233343366227,6851.50852334016,0.7302533475084793,0.7302533475084783,52.70031515652595,49627.59926245877,1064.2368212122735,8137.044876263375,1,0.00012323214266970843,8.459596917087563e-05,24,1
786,10,0.10252507517166931,0.10401591091224692,0,15.189983783663328,2.2344955970257963,0.41423771963657985,70.14781576123957,0.7014781576123957,0.0,21.030124533607466,3.2907296052543895,21961.779218527005,81543.56673005498,43953.627035237834,2016.7186374649418,6891.50852334016,0.763794974224574,0.7637949742245744,52.70031515652595,49627.59926245877,1074.7589935764595,8137.044876263375,1,8.143101386137792e-05,8.93714506106979e-05,24,1
787,10,0.10436864613004915,0.10424884287433439,0,15.156043524670999,2.265260353769397,0.43370908466417524,58.76619844789389,0.5876619844789389,0.0,20.797483857173464,3.325989324323126,22027.54003251352,81547.01772812878,43862.710133799796,2020.9119294574034,6891.50852334016,0.7741636922858655,0.7741636922858651,52.70031515652595,49627.59926245877,1083.5739233436436,8137.044876263375,1,6.821867606938544e-05,9.096061086682393e-05,24,1
788,10,0.10414559309691873,0.10495261247275116,0,15.054413251601673,2.248561867415146,0.4231404224146493,45.17699422308227,0.4517699422308227,0.0,20.622690678321607,3.3530955208569755,22122.523939312083,81551.75069555611,43747.691606301916,2026.241463481254,6700.153208530759,0.6077500229104585,0.6077500229104585,52.70031515652595,49627.59926245877,1090.350472477106,8137.044876263375,1,5.394144619327461e-05,6.7863712041346e-05,24,1
789,10,0.10431897540866107,0.10515471977968699,0,15.02547867856344,2.24399644118775,0.4202509121441455,67.63500424343097,0.6763500424343097,0.0,20.639486348831678,3.393676523403034,22196.61324040923,81555.45581577235,43667.0463936953,2029.9949925507174,6740.153208530759,0.6043664284324927,0.6043664284324934,52.70031515652595,49627.59926245877,1100.4957231136207,8137.044876263375,1,8.027711198947572e-05,6.747907808404526e-05,24,1
790,10,0.10455154642867404,0.10447069692146996,0,15.123858139739196,2.2372692004783397,0.4159931648597086,103.46028311065838,1.0346028311065838,0.0,20.78793677869771,3.455752693269429,22298.70432100034,81560.64264436852,43553.19392268446,2035.3177773828088,6417.8519909918605,0.7586412592935351,0.7586412592935352,52.70031515652595,49627.59926245877,1116.0147655802193,8137.044876263375,1,0.00012896562059190635,8.772805959155222e-05,24,1
791,10,0.1040612013093917,0.10419789111825664,0,15.163454682655917,2.219633483798949,0.40483131886009416,84.45999963789987,0.8445999963789987,0.0,20.726049743625794,3.5064286930521686,22349.36490332889,81563.59697123517,43483.39102809661,2038.595083565436,6457.8519909918605,0.8808994182149803,0.8808994182149803,52.70031515652595,49627.59926245877,1128.6837655259044,8137.044876263375,1,0.00010462921696652597,0.00010462398318263602,24,1
792,10,0.1033559808941581,0.10385233787845839,0,15.213908827446167,2.194956884469965,0.38921321801896525,71.9053726461921,0.7190537264619211,0.0,20.54298320389108,3.549571916639884,22426.557336913284,81567.44233855954,43388.42389650027,2043.0711614443458,6404.737449255644,0.9040370439668023,0.9040370439668018,52.70031515652595,49627.59926245877,1139.4695714228333,8137.044876263375,1,8.981523219759639e-05,0.0001078033565853429,24,1
793,10,0.10663988927426062,0.10589956526042824,0,14.919796848216173,2.2530223929135302,0.42596353981868995,78.8230814290333,0.7882308142903329,0.0,20.51823888102646,3.596865765497304,22506.2002903138,81571.7079710683,43276.61679802878,2048.3656256689137,5888.06200102176,0.8609393158025468,0.8609393158025465,52.70031515652595,49627.59926245877,1151.2930336371883,8137.044876263375,1,0.00010709545030654238,0.00010051329982355492,24,1
794,10,0.10545507459874609,0.10518054199890882,0,15.021789866954588,2.2165369771413657,0.4028715045198516,50.171262929211466,0.5017126292921147,0.0,20.343076017597625,3.6269685232548308,22604.95471542696,81576.56582835322,43165.40982242405,2053.6591808993126,5562.602343005519,0.788211421087396,0.788211421087395,52.70031515652595,49627.59926245877,1158.81872307657,8137.044876263375,1,7.215509552617566e-05,8.968859267677147e-05,24,1
795,10,0.11182276833361818,0.10997393492980338,0,14.367040708405293,2.335460483319572,0.4781395464047922,112.1737600756221,1.121737600756221,0.0,20.49606753557104,3.694272779300204,22709.274917281353,81582.03469422556,43028.42287759248,2060.217844646611,5602.602343005519,0.9594609523189511,0.9594609523189526,52.70031515652595,49627.59926245877,1175.6447870879133,8137.044876263375,1,0.00016017379525878886,0.00011314144703050229,24,1
796,10,0.11773962023022802,0.11768221280035986,0,13.425988196537112,2.448911268502666,0.5499438408244722,42.43659633004192,0.42436596330041926,0.0,20.210711539420533,3.7197347370982294,22799.462696431434,81586.70822941256,42939.88722148116,2064.4790520635024,5556.558774759,0.8467650218708208,0.8467650218708199,52.70031515652595,49627.59926245877,1182.0102765374195,8137.044876263375,1,6.109766573198175e-05,9.780885217231543e-05,24,1
797,10,0.1172146151863141,0.11498447762386915,0,13.740985154260635,2.426461866432525,0.535735358501598,95.00534717542023,0.9500534717542023,0.0,20.250832081341567,3.7767379454034815,22898.365831959894,81591.83903714997,42838.39568345941,2069.385937895754,5596.558774759,1.000960163890481,1.0009601638904801,52.70031515652595,49627.59926245877,1196.2610786137325,8137.044876263375,1,0.0001358053775529394,0.00011902561284790333,24,1
798,10,0.11610421610177098,0.11619964276913732,0,13.59728792918156,2.3956872160579517,0.5162577316822479,58.71510776968209,0.587151077696821,0.0,20.132567853349958,3.811967010065291,22964.420887792458,81595.27605544166,42769.03836452387,2072.752085270339,5475.305040642956,0.822093577069536,0.8220935770695357,52.70031515652595,49627.59926245877,1205.0683447791848,8137.044876263375,1,8.578898502836625e-05,9.423067610442913e-05,24,1
799,10,0.11948979693141464,0.12074565030784318,0,13.085357492976037,2.450805005072838,0.5511424082739481,81.95395845047176,0.8195395845047176,0.0,20.105332643341672,3.861139385135574,23039.124098849206,81599.64941266578,42641.19761062491,2078.9854896083275,5475.305040642956,0.9646166507254604,0.9646166507254599,52.70031515652595,49627.59926245877,1217.3614385467556,8137.044876263375,1,0.00011974340474860273,0.00011377925577663613,24,1
800,10,0.12236424963994812,0.12287413450250506,0,12.858686707313396,2.4982742224437264,0.5811862167365357,128.2284119233255,1.282284119233255,0.0,20.292554661839606,3.9380764322895696,23083.387171167804,81602.91154634177,42543.65551191897,2083.7674410954974,5515.305040642956,1.0870153016213935,1.0870153016213948,52.70031515652595,49627.59926245877,1236.5957003352544,8137.044876263375,1,0.0001859964748689615,0.00013050962154864348,24,1
801,10,0.12061784761284522,0.1176384133411586,0,13.430986997571136,2.4444891611634434,0.54714503871104,63.41815272757906,0.6341815272757907,0.0,20.037049159540853,3.976127323926117,23207.960209151715,81609.40681309135,42387.006848781864,2091.4920033507797,5139.892857685219,1.1264443387665308,1.1264443387665293,52.70031515652595,49627.59926245877,1246.1084232443911,8137.044876263375,1,9.870735360991913e-05,0.00013481574440916112,24,1
802,10,0.12310430579412873,0.12402569777602532,0,12.739295390647829,2.4780409504625234,0.5683803483940021,80.43922757601152,0.8043922757601152,0.0,19.918109251682868,4.024390860471724,23305.150608979573,81614.82587047364,42243.931573687456,2098.597228356061,5139.892857685219,1.1388770618364616,1.1388770618364619,52.70031515652595,49627.59926245877,1258.174307380793,8137.044876263375,1,0.00012519985113034095,0.00013663455986974053,24,1
803,11,0.11838755513323125,0.11888453267948974,0,13.29020659280924,2.434962577751277,0.5411155555387829,56.303890806778824,0.5630389080677882,0.0,0.0,0.0,22244.08836043616,81620.52898967938,43290.75534663808,2104.7907397790204,4846.546995840948,0.7709913747696625,0.7709913747696617,24.23273497920477,49603.366527479564,1266.6198910018097,8137.044876263375,1,9.293856571302557e-05,0.00010561525681776188,27,1
804,11,0.11900462595134734,0.11890483676365786,0,13.287937168952173,2.433616705076716,0.5402637373903264,79.5163787972635,0.795163787972635,0.0,0.08090260188098938,0.04770982727835811,22329.53281312683,81625.08225968976,43166.62832900005,2110.861766833388,4886.546995840948,0.8481792857972594,0.84817928579726,24.23273497920477,49603.366527479564,1278.5473478213992,8137.044876263375,1,0.0001301800700821119,0.00011610616230849281,27,1
805,11,0.1209397843294215,0.12134336914060118,0,13.0209010281332,2.465434304456271,0.5604014585166271,51.664140037084245,0.5166414003708425,0.0,0.033734635117574796,0.07870831130060867,22373.501343101863,81627.47075593719,43098.99448395162,2114.1845427731155,4679.238590448047,0.7581193984365319,0.7581193984365311,24.23273497920477,49603.366527479564,1286.2969688269618,8137.044876263375,1,8.832913994605656e-05,0.00010381592524706468,27,1
806,11,0.12027384261825244,0.11968502480628482,0,13.201317395867157,2.444965774083389,0.5474466924578412,79.39715663804272,0.7939715663804272,0.0,0.13410900765063138,0.1263466052834343,22422.68340110548,81630.3772470047,43038.462556314014,2117.167171376982,4420.28982125033,0.8824730071906701,0.8824730071906708,24.23273497920477,49603.366527479564,1298.2065423226682,8137.044876263375,1,0.00014369583868703765,0.00012073501623840204,27,1
807,11,0.11934168423132469,0.11875392251087018,0,13.304823677343157,2.4165449043888594,0.5294588002461135,79.4674831255849,0.794674831255849,0.0,0.22063743687305348,0.17402709515878526,22513.340553652193,81635.30842402272,42954.49526721031,2121.31866500191,4460.28982125033,0.9132307131033955,0.9132307131033959,24.23273497920477,49603.366527479564,1310.1266647915058,8137.044876263375,1,0.0001425333084804937,0.00012485276237119596,27,1
808,11,0.12505910189842312,0.12703581443009812,0,12.43743748239911,2.522243657622352,0.5963567453306026,66.87165115133637,0.6687165115133636,0.0,0.18389671839143973,0.21415008584958709,22605.071563540816,81640.29682391985,42869.11245133565,2125.557015930955,4460.28982125033,0.9898531108815898,0.9898531108815889,24.23273497920477,49603.366527479564,1320.1574124642063,8137.044876263375,1,0.00011994135597689137,0.00013539016771480755,27,1
809,11,0.1293333226182652,0.13026028186733202,0,12.129560732942405,2.5938812960050055,0.6416970227879781,66.83003607832983,0.6683003607832982,0.0,0.1789146832349907,0.254248107496585,22681.70791641721,81644.76739768636,42749.42727844125,2131.526017965488,4500.28982125033,0.9292226209775483,0.9292226209775493,24.23273497920477,49603.366527479564,1330.1819178759558,8137.044876263375,1,0.00011880130166329995,0.000127091988706895,27,1
810,11,0.12816594479400312,0.1302645230999006,0,12.129165811233877,2.5547685135649627,0.6169420971930143,38.1497650011303,0.381497650011303,0.0,0.05187345138247357,0.2771379664972632,22801.53715369821,81651.00445564289,42618.87063906929,2138.075443041826,4380.343043543507,0.7509139444039428,0.7509139444039434,24.23273497920477,49603.366527479564,1335.9043826261254,8137.044876263375,1,6.96744791390015e-05,0.00010280571225973093,27,1
811,11,0.13255568393702752,0.13438254123897989,0,11.757479695150272,2.629028536070765,0.663942111437193,84.81115848547432,0.8481115848547433,0.0,0.20178199187051388,0.3280246615885478,22918.1931879501,81657.42404309995,42512.10986894213,2143.461633058516,4340.343043543507,0.8407037835209775,0.8407037835209766,24.23273497920477,49603.366527479564,1348.6260563989465,8137.044876263375,1,0.0001563215766765449,0.0001149324524929488,27,1
812,11,0.13939078090186402,0.13927476930511992,0,11.344481185523078,2.7469549914550027,0.7385791085158244,94.28401588755221,0.9428401588755222,0.0,0.3537059969095603,0.38459507112107916,23058.968231690807,81665.32581453286,42376.49830346366,2150.342182081972,4340.343043543507,0.9757669836031243,0.9757669836031253,24.23273497920477,49603.366527479564,1362.7686587820792,8137.044876263375,1,0.00017378168488834956,0.00013325924690129866,27,1
813,11,0.14072921818593703,0.14214884955044743,0,11.115109302655815,2.7593170353396763,0.7464031869238457,73.32263654999583,0.7332263654999583,0.0,0.2974810317263475,0.42858865305107663,23178.077232908425,81671.82273461347,42269.45805789039,2155.804392697447,4380.343043543507,1.1315829479895554,1.131582947989554,24.23273497920477,49603.366527479564,1373.7670542645785,8137.044876263375,1,0.00013391213577771484,0.0001546717991142031,27,1
814,11,0.14371670518628354,0.1456243286470747,0,10.849835427081567,2.8094307818879662,0.7781207480303584,103.40208762482715,1.0340208762482714,0.0,0.4247957588943152,0.4906299056259729,23237.01360914169,81675.99468439295,42206.03869415857,2159.0540187692545,4131.143262268911,1.2397234883337522,1.239723488333753,24.23273497920477,49603.366527479564,1389.2773674083026,8137.044876263375,1,0.00020023917072880507,0.00016931099713162314,27,1
815,11,0.13952248733566724,0.13858909731318528,0,11.400608205344591,2.7187944021484935,0.7207559507268946,63.553236997589835,0.6355323699758983,0.0,0.3556215799441092,0.5287618478245268,23289.21843666032,81679.02903211123,42139.19192175321,2162.4896927079035,3928.9255288964023,1.1312927988173347,1.1312927988173345,24.23273497920477,49603.366527479564,1398.810352957941,8137.044876263375,1,0.00012940583684810405,0.00015451904778487465,27,1
816,11,0.13897551229976654,0.1399281630131782,0,11.291508199469455,2.702360258560679,0.7103545940257462,29.934002841263283,0.29934002841263285,0.0,0.09666675836393468,0.5467222495292848,23327.229653340677,81681.17394149963,42094.303406374784,2164.8029208061953,3928.9255288964023,0.9513483775158368,0.9513483775158378,24.23273497920477,49603.366527479564,1403.3004533841304,8137.044876263375,1,6.0951021079132465e-05,0.00013019867621868054,27,1
817,11,0.13043118716478977,0.1307020752667218,0,12.088560925874491,2.5268615464152044,0.5992794597564585,49.580930671319464,0.4958093067131947,0.0,0.14784941879882296,0.5764708079320765,23380.33889248331,81684.2259496675,42016.711818754,2168.8127753005256,3464.608861854502,0.7433406565189362,0.743340656518936,24.23273497920477,49603.366527479564,1410.7375929848283,8137.044876263375,1,0.0001144854906242554,0.00010161411618383064,27,1
818,11,0.13709715932150643,0.13735569054961702,0,11.502981737980898,2.646194645302009,0.6748067375329171,82.27685796036661,0.8227685796036661,0.0,0.32873955898713714,0.6258369227082965,23453.571264582915,81688.88690921242,41939.18365846001,2172.834471585742,3504.608861854502,0.8873335309474085,0.8873335309474085,24.23273497920477,49603.366527479564,1423.0791216788832,8137.044876263375,1,0.00018781407273353506,0.00012108352814564097,27,1
819,11,0.13508630853612594,0.13289591123747388,0,11.889003847354433,2.5897363364851906,0.6390736306868294,56.576760496771,0.5657676049677101,0.0,0.29980761845120174,0.6597829790063591,23574.051188544898,81695.68868299606,41797.24736411318,2180.2357922862843,3544.608861854502,1.0493971995212592,1.0493971995212594,24.23273497920477,49603.366527479564,1431.565635753399,8137.044876263375,1,0.000127690840263082,0.00014333013454029083,27,1
820,11,0.1296676580995824,0.12720247917252978,0,12.421141555401475,2.4685675905494824,0.562384550980685,72.11894287705408,0.7211894287705408,0.0,0.34197180371334585,0.7030543447325915,23691.45617861487,81702.45358592975,41651.8738835089,2187.8683665013855,3544.608861854502,1.1673206351242933,1.1673206351242942,24.23273497920477,49603.366527479564,1442.383477184957,8137.044876263375,1,0.0001627687469907689,0.00015942455332912863,27,1
821,11,0.126343656968469,0.12692160410932005,0,12.448629302219624,2.3978443357676964,0.5176229973213268,61.56421221425625,0.6156421221425625,0.0,0.3521712685871553,0.7399928720611453,23761.09924480124,81706.5053466622,41587.48758862411,2191.266208444411,3584.608861854502,1.0447031049221336,1.0447031049221325,24.23273497920477,49603.366527479564,1451.6181090170953,8137.044876263375,1,0.0001373967751279975,0.00014261878746061612,27,1
822,11,0.1301572688768275,0.1302424145104613,0,12.131224731503204,2.4591524129740554,0.5564255778316806,71.15705136404443,0.7115705136404443,0.0,0.4262214586645442,0.782687102879572,23851.486168643874,81711.60131624829,41494.343992897906,2196.199983155808,3132.732388104812,1.1775356594796813,1.1775356594796818,24.23273497920477,49603.366527479564,1462.291666721702,8137.044876263375,1,0.00018171242876469722,0.00016062598362782122,27,1
823,11,0.13139608925317273,0.1314756220336158,0,12.017436963302782,2.4681106428724737,0.5620953435901732,80.32186625073217,0.8032186625073218,0.0,0.5299834454821626,0.8308802226300113,23954.575742382563,81717.42964227975,41373.60905613436,2202.628331904405,3008.8409985080807,1.3025964514321362,1.3025964514321349,24.23273497920477,49603.366527479564,1474.3399466593119,8137.044876263375,1,0.00021356227541584121,0.000177557159769512,27,1
824,11,0.12984598200677516,0.12786806278086113,0,12.356486566217763,2.427094827117509,0.5361359665300689,74.20829123148953,0.7420829123148953,0.0,0.5681513107765156,0.875405197368905,24056.509503128374,81723.48097648249,41272.7175619209,2208.0293205027015,2968.8409985080807,1.45540334194463,1.4554033419446288,24.23273497920477,49603.366527479564,1485.4711903440352,8137.044876263375,1,0.00019996568699713084,0.00019841346372588976,27,1
825,11,0.12253742996899596,0.12025080188185339,0,13.139205521077129,2.283047884212017,0.44496701532406147,56.67090413837116,0.5667090413837116,0.0,0.4920299343212486,0.9094077398519277,24121.179070089165,81727.16350703494,41205.78149114457,2211.6270967008654,2928.8409985080807,1.3890487663005986,1.3890487663005984,24.23273497920477,49603.366527479564,1493.971825964791,8137.044876263375,1,0.0001547940749729704,0.00018944067912864747,27,1
826,11,0.12052218569492743,0.12194696794041386,0,12.956451699332328,2.2345573305084385,0.41427679146103696,155.12450361167495,1.5512450361167496,0.0,0.8669422028527836,1.0024824420189327,24220.38437522316,81733.72429423302,41105.40636229227,2217.044669663682,2781.313432749399,1.960356458032574,1.9603564580325719,24.23273497920477,49603.366527479564,1517.2405015065422,8137.044876263375,1,0.0004461906429821696,0.00026698346831742357,27,1
827,11,0.12109290146361015,0.11964198615871673,0,13.20606628766574,2.2322176994720033,0.41279601232405266,172.5068785328835,1.725068785328835,0.0,1.1680526927129504,1.1059865691386628,24321.17459535071,81740.08878816299,40987.138118396026,2223.4621106267055,2781.313432749399,2.685116242266758,2.685116242266757,24.23273497920477,49603.366527479564,1543.1165332864746,8137.044876263375,1,0.0004961882440192468,0.00036572432065812895,27,1
828,11,0.116156161164734,0.11599603991303042,0,13.621154663423217,2.1344286243113797,0.350904192602139,61.42594260817603,0.6142594260817603,0.0,0.6341281253950578,1.1428421347035684,24392.139637179454,81744.2828630246,40922.24446651209,2226.9991928206923,2821.313432749399,2.725156205918514,2.725156205918513,24.23273497920477,49603.366527479564,1552.3304246777009,8137.044876263375,1,0.0001741768692415456,0.0003721852520809873,27,1
829,11,0.11184246179803076,0.11273338570323428,0,14.01536900665151,2.046657819845266,0.29535305053497846,91.80678776993561,0.9180678776993562,0.0,0.5268926619833935,1.197864769913381,24469.3032318415,81748.8746934604,40837.617199217006,2231.628363685797,2861.313432749399,2.2625415383164538,2.262541538316453,24.23273497920477,49603.366527479564,1566.086083480154,8137.044876263375,1,0.00025668432327379014,0.00030901647884486085,27,1
830,11,0.11222259585359214,0.11110677269720871,0,14.220555251891442,2.0463713558133776,0.295171744185682,96.51446589869731,0.9651446589869731,0.0,0.6391518421049895,1.2555215900265915,24532.45325495712,81752.74674063042,40765.653289557114,2235.580272771779,2821.313432749399,1.7226340277822958,1.722634027782298,24.23273497920477,49603.366527479564,1580.5002885084566,8137.044876263375,1,0.00027367243859791355,0.00023484454370441645,27,1
831,11,0.11156079748203448,0.11233563087782793,0,14.064994228931242,2.0229891840276335,0.28037290128331227,149.91298767977491,1.4991298767977492,0.0,0.896669894323676,1.3412152728481872,24623.60246290318,81758.5632811903,40652.30362241318,2241.8327529408402,2781.313432749399,2.3515567405764433,2.351556740576445,24.23273497920477,49603.366527479564,1601.9237092138555,8137.044876263375,1,0.00043120055701620694,0.00032051910629597025,27,1
832,11,0.11032690661829202,0.11038260103733975,0,14.313850055639877,1.9927720440857115,0.2612481291681718,62.69685158635867,0.6269685158635867,0.0,0.6136688332237573,1.3746112082759736,24705.953128850768,81763.49207696269,40572.675070670244,2246.246753140226,2741.313432749399,2.1685858901326336,2.1685858901326354,24.23273497920477,49603.366527479564,1610.2726930708022,8137.044876263375,1,0.00018296879397253568,0.00029594726319555207,27,1
833,11,0.10521594939578319,0.1039622848029927,0,15.197819122521993,1.8916381400886648,0.19723932917004097,66.09763633322555,0.6609763633322555,0.0,0.4438042453214247,1.4012415237408355,24777.176919910726,81767.74052310835,40478.588111602396,2251.484038148798,2697.304305564366,1.9775163951055068,1.9775163951055046,24.23273497920477,49603.366527479564,1616.9302719370178,8137.044876263375,1,0.00019604057635431158,0.00027006997578101806,27,1
834,11,0.10575434122145223,0.10551671469482145,0,14.973930950842458,1.8899803458953002,0.19619009233879753,83.09273309801567,0.8309273309801567,0.0,0.5422985096994897,1.4347516697970932,24869.138118864757,81773.22570842829,40357.90853095725,2258.2372557663875,2737.304305564366,1.5204111988868916,1.5204111988868927,24.23273497920477,49603.366527479564,1625.307808451082,8137.044876263375,1,0.00024284543864299066,0.00020728493632327932,27,1
835,11,0.10617828890215332,0.10684934998266576,0,14.787174655309784,1.8896939023110333,0.19600879893103368,45.35851271557387,0.45358512715573873,0.0,0.4094618990753171,1.452945664861819,24948.479434621288,81777.81211770263,40274.3351559151,2262.937922537178,2697.304305564366,1.4008529310608884,1.4008529310608893,24.23273497920477,49603.366527479564,1629.8563072172635,8137.044876263375,1,0.0001345299086113559,0.00019113864120288605,27,1
836,11,0.10505408883238758,0.10665551157373444,0,14.814049238399596,1.8608432498271945,0.17774889229569268,97.58457434256077,0.9758457434256077,0.0,0.5623010098623111,1.4883541156439524,25018.391238490523,81781.92142278227,40179.132398408816,2268.316874396959,2740.6275108682357,1.6189116588865082,1.6189116588865091,24.23273497920477,49603.366527479564,1638.708419912797,8137.044876263375,1,0.00028485322855610043,0.00022074285860348235,27,1
837,11,0.10385184040760431,0.1019058278207916,0,15.504510721197796,1.831884565367202,0.15942061099189994,168.2287494631906,1.6822874946319062,0.0,0.9471690672974931,1.5430446695876088,25077.499962945352,81785.64622460016,40095.4859160052,2273.0635342078144,2809.3531730480095,2.198501324467162,2.198501324467163,24.23273497920477,49603.366527479564,1652.381058398711,8137.044876263375,1,0.0004790533310717093,0.00029947882274638854,27,1
838,11,0.09763418412357326,0.09711350301980061,0,16.26962215211052,1.7164420780352856,0.08635574559195286,80.53332652780865,0.8053332652780866,0.0,0.6359068468520335,1.55754860893187,25148.17481773409,81789.7821670195,40028.40691012452,2276.8847841983916,3047.896775161902,2.3808143291406467,2.3808143291406476,24.23273497920477,49603.366527479564,1656.0070432347763,8137.044876263375,1,0.00021138071914795944,0.000325095759591923,27,1
839,11,0.09873552328848954,0.09866972813027476,0,16.013016656070118,1.728139410209752,0.09375912038591896,48.61958527634389,0.4861958527634389,0.0,0.18588089923098988,1.567000842474815,25213.23406092945,81793.58409840461,39940.070119519405,2281.936110091415,3173.3911948718555,1.9804433313066878,1.9804433313066878,24.23273497920477,49603.366527479564,1658.3701016205125,8137.044876263375,1,0.0001225681481814465,0.00027100073280037173,27,1
840,11,0.09576665374627616,0.09369441723139928,0,16.86333131351719,1.6679836908319081,0.05568588027335952,78.39894407048742,0.7839894407048742,0.0,0.24389148179327252,1.5763237802626735,25285.217173285935,81797.80654054033,39842.496079226796,2287.541867093229,3464.456568383592,1.2556995136088966,1.2556995136088958,24.23273497920477,49603.366527479564,1660.7008360674772,8137.044876263375,1,0.00018103605578075624,0.00017166164103672073,27,1
841,11,0.09628534111573364,0.09579319749414061,0,16.493864296539886,1.6691908209060573,0.05644988664940331,88.86039555210131,0.8886039555210131,0.0,0.3503174077146918,1.5869609400079392,25350.782626386153,81801.67024722844,39749.55819495275,2292.9072710352107,3647.719130566193,1.2164940409020186,1.2164940409020168,24.23273497920477,49603.366527479564,1663.3601260037935,8137.044876263375,1,0.00019488429316279852,0.00016616283237500041,27,1
842,11,0.09615445120216083,0.09600214743657713,0,16.45796518295397,1.6630700684794302,0.052575992708500066,94.40472862959761,0.9440472862959761,0.0,0.4126613354770029,1.597203247750055,25385.392479050428,81803.71695696417,39703.68493854045,2295.5653573029686,3800.818573059226,1.4022154336786972,1.4022154336786983,24.23273497920477,49603.366527479564,1665.9207029393226,8137.044876263375,1,0.00019870399350024764,0.00019154144748126747,27,1
843,11,0.1001683613529218,0.10082077457414626,0,15.671373352106379,1.7250808501199866,0.09182332286075094,79.02535104087718,0.7902535104087719,0.0,0.3442864308685918,1.6123453354125439,25459.199880887376,81808.13778922189,39618.78294364332,2300.5000409029,4017.613837754741,1.3437632776748527,1.3437632776748527,24.23273497920477,49603.366527479564,1669.7062248549448,8137.044876263375,1,0.00015735778346490526,0.00018364869004265045,27,1
844,11,0.09626617515415498,0.09465203548431486,0,16.692720784243754,1.6488793870614569,0.04359454877307392,68.63398748539912,0.6863398748539912,0.0,0.2508966079299727,1.6188541693683116,25532.700658214428,81812.49686133329,39511.277455016985,2306.7785223682417,4144.183099399613,1.1910244344240384,1.1910244344240393,24.23273497920477,49603.366527479564,1671.3334333438868,8137.044876263375,1,0.0001324921912747387,0.00016285132274663052,27,1
845,11,0.09582264432724498,0.09584472650226672,0,16.484996698932967,1.637489807937669,0.036385954390929676,63.602157250852514,0.6360215725085252,0.0,0.18906896820617236,1.6237964567583365,25580.329571969814,81815.35205864423,39465.67440524093,2309.452714353754,4465.345242571006,0.9841205865303323,0.984120586530333,24.23273497920477,49603.366527479564,1672.569005191393,8137.044876263375,1,0.00011394802201539499,0.00013459933225167965,27,1
846,11,0.09360164069391756,0.09288826419278715,0,17.009683771469252,1.5986948149172222,0.011832161340014009,85.93450329444426,0.8593450329444425,0.0,0.28952970287720203,1.6255151468242255,25580.896142711314,81815.28169152426,39455.329140218535,2310.0616247599532,4398.6493917617245,0.982385517964394,0.9823855179643933,24.23273497920477,49603.366527479564,1672.9986777078652,8137.173778018317,1,0.000156292526438487,0.0001342442465762069,27,1
847,11,0.09029533893698588,0.09001686735628352,0,17.552265996398397,1.5438856290913303,0.022857196777639085,65.91647062585729,0.6591647062585729,0.0,0.25155818205268166,1.6255151468242255,25569.2576408474,81814.1356122337,39476.611301683195,2308.8199866638347,4672.191077826693,0.934191281039117,0.9341912810391158,24.23273497920477,49603.366527479564,1672.9986777078652,8138.354742653564,1,0.00011286605282679299,0.00012770220042689165,27,1
848,11,0.08735547608504814,0.08649325742298879,0,18.267319870647587,1.4958335288385716,0.05326991845660031,96.70517521857782,0.9670517521857782,0.0,0.34154112966474254,1.6255151468242255,25554.620266723738,81811.62232248536,39505.954782974215,2307.116013732255,4958.535394196232,1.0371205645838923,1.0371205645838912,24.23273497920477,49603.366527479564,1672.9986777078652,8140.909037818936,1,0.00015602215982044599,0.0001417269130285753,27,1
849,11,0.08984279811716392,0.09181510116071612,0,17.20849816670481,1.540013221719336,0.02530808751940759,132.0104120333884,1.3201041203338841,0.0,0.547724721768722,1.6255151468242255,25555.71048773906,81810.63322477751,39526.36934641579,2305.9280085464625,5225.8202515780795,1.1498713287415878,1.1498713287415874,24.23273497920477,49603.366527479564,1672.9986777078652,8141.945973626613,1,0.00020208947981863596,0.00015699256415529163,27,1
850,11,0.09242196472771709,0.09299091796274203,0,16.990906581146415,1.5834153117611696,0.0021615897222591724,92.56968592838852,0.9256968592838852,0.0,0.45005126926724603,1.6273665405427933,25556.295148630725,81810.57172349494,39516.32214809128,2306.5181349533805,5317.000362510536,1.2134117542708789,1.213411754270878,24.23273497920477,49603.366527479564,1673.4615261375072,8142.084828155505,1,0.0001392810676953646,0.0001657975691114822,27,1
851,11,0.09015027405004732,0.09017617289277857,0,17.521258103054056,1.5449574967729907,0.02217879951076545,90.74365348057627,0.9074365348057627,0.0,0.32739172695420626,1.6273665405427933,25546.952735797786,81809.40726284811,39522.2851970881,2306.1766094172003,5708.053112956921,1.1422327514060273,1.1422327514060273,24.23273497920477,49603.366527479564,1673.4615261375072,8143.301298411501,1,0.00012717983057949325,0.00015618345936449794,27,1
852,11,0.08915888413288808,0.0885284967860424,0,17.847360537687415,1.5286584813219217,0.03249463207473313,62.156952357639796,0.6215695235763979,0.0,0.16092896032220294,1.6273665405427933,25529.415395932105,81807.75616591569,39531.29829677343,2305.659823649267,5936.172711825481,0.8532108280395815,0.8532108280395825,24.23273497920477,49603.366527479564,1673.4615261375072,8144.992798453721,1,8.376704031379222e-05,0.0001167426461962167,27,1
853,11,0.08826894644423558,0.08845601637857019,0,17.861984573643756,1.5139276492669693,0.04181794350191819,121.76063739892659,1.217606373989266,0.0,0.3478938450812945,1.6273665405427933,25511.75038872138,81805.06759302896,39538.3218622951,2305.2660519462115,6231.048715409999,0.8957391730699128,0.8957391730699127,24.23273497920477,49603.366527479564,1673.4615261375072,8147.725780032764,1,0.00015632763338575804,0.00012242483475968116,27,1
854,11,0.09455070017960172,0.09494615079314134,0,16.64101163450362,1.6161985794199911,0.022910493303791805,67.38112324310737,0.6738112324310737,0.0,0.21154345233391691,1.6308398037411524,25568.000078980807,81808.41359526271,39471.69302161721,2309.1693434154267,6591.137756251435,0.7844093479236627,0.7844093479236617,24.23273497920477,49603.366527479564,1674.329841937097,8147.725780032764,1,8.178390528002426e-05,0.00010729285965985817,27,1
855,11,0.09553168640183238,0.09695272098278851,0,16.2966029625975,1.6273440073309289,0.029964561601853672,86.70058125823151,0.8670058125823151,0.0,0.171291679504053,1.6365263599175108,25624.181188683528,81811.7587841481,39403.78224968506,2313.161662171845,6863.136887532296,0.8262340714369649,0.8262340714369656,24.23273497920477,49603.366527479564,1675.7514809811867,8147.725780032764,1,0.00010106233657176028,0.00011305795841251419,27,1
856,11,0.09405864724961409,0.09262612279215561,0,17.05782291616991,1.6011199392720348,0.013367050172173864,115.93267208894595,1.1593267208894595,0.0,0.33420434537649213,1.6388450133592898,25624.99927289864,81811.66124550221,39389.90578169825,2313.9810842657976,7256.108851969455,0.7576308032691845,0.7576308032691841,24.23273497920477,49603.366527479564,1676.3311443416314,8147.899679040897,1,0.000127818007644667,0.00010355474983215052,27,1
857,11,0.09618035861272237,0.09619240511563143,0,16.42541319245221,1.633500911128717,0.033861336157415836,40.267246951689756,0.40267246951689756,0.0,0.0,1.637445842165163,25671.4457143724,81814.4462515705,39345.00897308989,2316.6299123994645,7492.691091435389,0.6615599997450333,0.6615599997450337,24.23273497920477,49603.366527479564,1677.0609288650849,8147.899679040897,1,4.299362828153182e-05,9.062465749931968e-05,28,1
858,11,0.0954482264242364,0.09558643111453471,0,16.52954275598797,1.6131937882431486,0.021008726736169974,98.70774689852708,0.9870774689852708,0.0,0.09582989584608233,1.642242840290319,25736.55254643071,81818.33638698957,39249.50078841478,2322.2846911472225,7881.216774202948,0.659894362786744,0.6598943627867434,24.23273497920477,49603.366527479564,1678.260178396374,8147.899679040897,1,0.00010019543908155955,9.033569166925278e-05,28,1
859,11,0.07081956818807157,0.0704128457732057,0,22.43908739449414,1.2042820631340192,0.2377961625734056,77.49438926231818,0.7749438926231819,0.0,0.15760010146723907,1.642242840290319,25731.260847705467,81812.03425572139,39369.93491834338,2315.2066080380346,7841.216774202948,0.5415485242561564,0.5415485242561557,24.23273497920477,49603.366527479564,1678.260178396374,8154.235909074412,1,7.90636366715628e-05,7.408423467821805e-05,28,1
860,11,0.06787287153346104,0.06898050103070993,0,22.905023541313337,1.1617364665729555,0.2647237553335725,71.50551877126006,0.7150551877126006,0.0,0.10760256043086816,1.642242840290319,25723.545751831516,81805.43917446255,39498.94116841054,2307.671866012572,7801.216774202948,0.6151309138371035,0.6151309138371037,24.23273497920477,49603.366527479564,1678.260178396374,8160.869306424409,1,7.332755475552419e-05,8.419554350288219e-05,28,1
861,11,0.06925789873030501,0.0678100307188756,0,23.300387615960645,1.1939068279518181,0.2443627671191025,83.84656254867521,0.8384656254867521,0.0,0.17839979104408232,1.642242840290319,25718.117817376035,81798.43699292064,39639.950828961075,2299.4924192671174,7841.216774202948,0.5798071352898306,0.5798071352898311,24.23273497920477,49603.366527479564,1678.260178396374,8167.907499724516,1,8.554444032158326e-05,7.931187724955676e-05,28,1
862,11,0.05836322810407264,0.058869073858249917,0,26.839219584199025,1.018783238559239,0.3552004819245323,101.59738904841646,1.0159738904841646,0.0,0.3032016085559619,1.642242840290319,25717.936871439408,81788.6124771683,39889.43305027346,2285.1534967807324,7881.216774202948,0.6389390685478914,0.6389390685478913,24.23273497920477,49603.366527479564,1678.260178396374,8177.771393781719,1,0.00010312863301105313,8.733354269605351e-05,28,1
863,11,0.058321313528915834,0.058172453622811565,0,27.1606215932488,1.031213381107047,0.34733330309680577,111.35608928585721,1.113560892858572,0.0,0.4152384372894573,1.642242840290319,25715.378541378253,81777.71384856687,40146.90345431079,2270.5486434440654,7921.216774202948,0.7346793221336111,0.7346793221336116,24.23273497920477,49603.366527479564,1678.260178396374,8188.714958532023,1,0.0001124636201332209,0.00010037889782195244,28,1
864,11,0.05927865530056121,0.058925975363958084,0,26.813302456872066,1.0585644773258922,0.33002248270513157,87.06188568613223,0.8706188568613223,0.0,0.34868003618443333,1.642242840290319,25711.588906672972,81769.11762298777,40346.385890594116,2259.361194391985,7961.216774202948,0.7390890413766157,0.7390890413766154,24.23273497920477,49603.366527479564,1678.260178396374,8197.356217507468,1,8.748600939317958e-05,0.00010102608751248454,28,1
865,11,0.058447546294072235,0.05863679963483702,0,26.94553607699452,1.0495442544215843,0.3357314845433011,49.37908262896696,0.49379082628966964,0.0,0.1015777270451475,1.642242840290319,25701.924719903884,81763.83704725522,40458.96499824177,2253.0991140037368,8001.216774202948,0.6071449716204642,0.6071449716204648,24.23273497920477,49603.366527479564,1678.260178396374,8202.673816904331,1,4.9371573371862236e-05,8.310706763275423e-05,28,1
866,11,0.05837546087656996,0.05800284289833391,0,27.24004412627479,1.0609405836984047,0.3285186179124021,115.2498881925094,1.152498881925094,0.0,0.3074244073025843,1.642242840290319,25700.582069020278,81752.64310045533,40703.63041084242,2239.610041402612,8041.216774202948,0.6134194918123755,0.613419491812376,24.23273497920477,49603.366527479564,1678.260178396374,8213.904790958451,1,0.00011465915313935367,8.383891196813184e-05,28,1
867,11,0.058509796047185876,0.05811296086129156,0,27.18842710099154,1.0714218540005387,0.32188490253130464,57.843578638164125,0.5784357863816413,0.0,0.2013075988530566,1.642242840290319,25691.30820518536,81746.57438003337,40857.44340331346,2231.2039572566982,8081.216774202948,0.5393888035865756,0.5393888035865753,24.23273497920477,49603.366527479564,1678.260178396374,8220.006058774852,1,5.726224676740639e-05,7.376432442620744e-05,28,1
868,11,0.05895025192569444,0.05860228535058708,0,26.961405865789697,1.0856233058974465,0.31289664183705923,49.00096607665386,0.4900096607665386,0.0,0.020613874968336915,1.642242840290319,25686.76134489345,81741.62446817366,40973.598602230246,2224.900614036676,8121.216774202948,0.5358906998624318,0.5358906998624321,24.23273497920477,49603.366527479564,1678.260178396374,8224.988302383837,1,4.8269580718303666e-05,7.339699354168791e-05,28,1
869,11,0.05550354901627744,0.0545290105710757,0,28.97540196407109,1.03330233510302,0.34601118031454436,82.98427305207777,0.8298427305207777,0.0,0.15521574308880864,1.642242840290319,25682.187873460032,81733.35173719787,41196.87016698692,2212.8784818845934,8161.216774202948,0.45542779790643173,0.4554277979064319,24.23273497920477,49603.366527479564,1678.260178396374,8233.288275935702,1,8.134500072526973e-05,6.229227607032659e-05,28,1
870,11,0.05527147750089968,0.055297657967742685,0,28.572638662593572,1.0350390112448662,0.34491201819945183,65.43272505373791,0.6543272505373792,0.0,0.1816345522020932,1.642242840290319,25681.15248852405,81726.98260003851,41318.27352620898,2206.4115465881728,8201.216774202949,0.47151703568202574,0.4715170356820251,24.23273497920477,49603.366527479564,1678.260178396374,8239.68561793995,1,6.382733377764875e-05,6.448063840707405e-05,28,1
871,11,0.057882852797629836,0.055297657967742685,1,28.572638662593572,1.1021608168003472,0.30242986278459044,132.65729822564225,1.3265729822564225,0.0,0.4336047090579188,1.642242840290319,25679.556982366023,81714.09528180638,41664.6062344859,2188.125573673722,8201.216774202949,0.6700620089069245,0.6700620089069238,24.23273497920477,49603.366527479564,1678.260178396374,8252.612304099555,1,0.000129402552697222,9.152496240004682e-05,28,1
872,11,0.055704342763001305,0.05645554186122416,0,27.98662359638434,1.0661216838802126,0.325239440582144,40.64125739672301,0.40641257396723013,0.0,0.1478982172306701,1.642242840290319,25668.370433462005,81709.61754525235,41771.54440484284,2182.543008410226,8081.216774202949,0.5687605654359802,0.5687605654359805,24.23273497920477,49603.366527479564,1678.260178396374,8257.12291987504,1,4.023281001589661e-05,7.782089883025579e-05,28,1
873,11,0.05642177851116251,0.05575799515790092,0,28.336743376902312,1.0873643323645297,0.3117947263515635,52.21246706864584,0.5221246706864584,0.0,0.0,1.6368903802825152,25657.9956396654,81704.06372299846,41916.796638564665,2175.002568546348,8081.216774202949,0.5385528546753631,0.5385528546753632,24.23273497920477,49603.366527479564,1678.260178396374,8262.707630042316,1,5.16877282493594e-05,7.377436365415933e-05,29,1
874,11,0.07487383490211207,0.07468134024241298,0,21.15655657586455,1.4470598582610559,0.08413933021452163,72.22864048296758,0.7222864048296758,0.0,0.1153992845184133,1.6368903802825152,25639.617728072535,81701.15147889208,41976.19430184747,2171.9340938338078,8253.777946228405,0.3945360287834588,0.39453602878345856,24.23273497920477,49603.366527479564,1678.260178396374,8265.642865993601,1,7.00078349124696e-05,5.39761243925752e-05,29,1
875,11,0.07322874008844114,0.07246010524596624,0,21.805102195707292,1.417729315941098,0.10270296459424183,74.61653348897,0.7461653348897,0.0,0.18490298645991016,1.6368903802825152,25627.097459325658,81698.0354109419,42012.854757635054,2170.0534698882575,8468.646841290732,0.46844196425430346,0.4684419642543037,24.23273497920477,49603.366527479564,1678.260178396374,8268.786911340769,1,7.048732567300914e-05,6.406096294494605e-05,29,1
